library,phase,model,ordinal,kind,severity,held_inputs,route,evidence,source
thermopower,historical-static,ThermoPower.Electrical.Breaker,0,divisor-zero-unresolved,medium,False,hold-needs-source-and-witness-review,"{""denominator"": ""Pnom"", ""witness"": ""Pnom = 0"", ""witness_rationale"": ""set to zero"", ""denominator_at_witness"": 0.0, ""denominator_at_declared_values"": null, ""denominator_range"": ""[-inf, inf]"", ""path_condition"": ""(closed)"", ""verdict"": ""UNKNOWN"", ""proof"": ""the path depends on quantities the artifact does not determine: closed"", ""constraints"": ""Pnom: unbounded"", ""note"": ""an assignment drives the denominator to zero, but whether the division is evaluated there could not be decided from the artifact; this is unresolved, not confirmed""}",/data/mrumoca/eval/results/thermopower/findings.jsonl
thermopower,historical-static,ThermoPower.Electrical.Breaker,1,network-port-unconnected,low,False,standalone-topology-not-defect-proof,"{""connector"": ""port_a"", ""component"": ""<top level>"", ""component_class"": ""unknown"", ""flows_forced_to_zero"": ""port_a.P"", ""note"": ""nothing is connected to this port, so MLS \u00a79.2 forces its flow to zero. That is correct for a component compiled on its own and is not a defect; it is recorded because it is the commonest reason a model looks structurally singular""}",/data/mrumoca/eval/results/thermopower/findings.jsonl
thermopower,historical-static,ThermoPower.Electrical.Breaker,2,network-port-unconnected,low,False,standalone-topology-not-defect-proof,"{""connector"": ""port_b"", ""component"": ""<top level>"", ""component_class"": ""unknown"", ""flows_forced_to_zero"": ""port_b.P"", ""note"": ""nothing is connected to this port, so MLS \u00a79.2 forces its flow to zero. That is correct for a component compiled on its own and is not a defect; it is recorded because it is the commonest reason a model looks structurally singular""}",/data/mrumoca/eval/results/thermopower/findings.jsonl
thermopower,historical-static,ThermoPower.Electrical.Breaker,3,network-component-isolated,low,False,standalone-topology-not-defect-proof,"{""component"": ""<top level>"", ""component_class"": ""unknown"", ""ports"": ""port_a, port_b"", ""note"": ""every port of this instance is unconnected, so it exchanges nothing with the rest of the model while still contributing its equations""}",/data/mrumoca/eval/results/thermopower/findings.jsonl
thermopower,historical-static,ThermoPower.Electrical.Breaker,4,non-square-block,medium,False,hold-needs-source-and-witness-review,"{""block"": 0, ""equations"": 5, ""variables"": 6}",/data/mrumoca/eval/results/thermopower/findings.jsonl
thermopower,historical-static,ThermoPower.Electrical.Breaker,5,UNMATCHED_VARIABLE,high,False,hold-needs-source-and-witness-review,"{""variable"": ""port_b.theta"", ""scalars"": 1, ""scalars_determined"": 0, ""region_variables"": 5, ""region_equations"": 5, ""touching_equations"": ""0"", ""confidence"": ""high"", ""result"": ""STRUCTURAL_MATCH_FAILURE"", ""note"": ""no equation in the connected structural region can be matched to this unknown. This is a structural result and says nothing about algebraic rank.""}",/data/mrumoca/eval/results/thermopower/findings.jsonl
thermopower,historical-static,ThermoPower.Electrical.Breaker,6,UNMATCHED_EQUATION,high,False,hold-needs-source-and-witness-review,"{""equation"": ""port_a.P"", ""scalar_rows"": 1, ""rows_matched"": 0, ""confidence"": ""high"", ""result"": ""STRUCTURAL_MATCH_FAILURE"", ""note"": ""this constraint has no unknown left to determine; the region is over-constrained""}",/data/mrumoca/eval/results/thermopower/findings.jsonl
thermopower,historical-static,ThermoPower.Electrical.Load,0,divisor-reachable-zero,high,False,hold-needs-source-and-witness-review,"{""denominator"": ""fnom"", ""witness"": ""fnom = 0"", ""witness_rationale"": ""set to zero"", ""denominator_at_witness"": 0.0, ""denominator_at_declared_values"": 50.0, ""denominator_range"": ""[-inf, inf]"", ""path_condition"": ""always evaluated"", ""verdict"": ""SAT"", ""proof"": ""the division is not inside any branch"", ""constraints"": ""fnom: unbounded"", ""note"": ""a permitted assignment drives the complete denominator to zero and the division is still evaluated there""}",/data/mrumoca/eval/results/thermopower/findings.jsonl
thermopower,historical-static,ThermoPower.Electrical.Load,1,network-port-unconnected,low,False,standalone-topology-not-defect-proof,"{""connector"": ""port"", ""component"": ""<top level>"", ""component_class"": ""unknown"", ""flows_forced_to_zero"": ""port.P"", ""note"": ""nothing is connected to this port, so MLS \u00a79.2 forces its flow to zero. That is correct for a component compiled on its own and is not a defect; it is recorded because it is the commonest reason a model looks structurally singular""}",/data/mrumoca/eval/results/thermopower/findings.jsonl
thermopower,historical-static,ThermoPower.Electrical.Load,2,network-component-isolated,low,False,standalone-topology-not-defect-proof,"{""component"": ""<top level>"", ""component_class"": ""unknown"", ""ports"": ""port"", ""note"": ""every port of this instance is unconnected, so it exchanges nothing with the rest of the model while still contributing its equations""}",/data/mrumoca/eval/results/thermopower/findings.jsonl
thermopower,historical-static,ThermoPower.Electrical.Load,3,non-square-block,medium,False,hold-needs-source-and-witness-review,"{""block"": 0, ""equations"": 5, ""variables"": 4}",/data/mrumoca/eval/results/thermopower/findings.jsonl
thermopower,historical-static,ThermoPower.Electrical.Load,4,UNMATCHED_VARIABLE,high,False,hold-needs-source-and-witness-review,"{""variable"": ""f"", ""scalars"": 1, ""scalars_determined"": 0, ""region_variables"": 2, ""region_equations"": 1, ""touching_equations"": ""2"", ""confidence"": ""high"", ""result"": ""STRUCTURAL_MATCH_FAILURE"", ""note"": ""no equation in the connected structural region can be matched to this unknown. This is a structural result and says nothing about algebraic rank.""}",/data/mrumoca/eval/results/thermopower/findings.jsonl
thermopower,historical-static,ThermoPower.Electrical.Load,5,UNMATCHED_EQUATION,high,False,hold-needs-source-and-witness-review,"{""equation"": ""port.P"", ""scalar_rows"": 1, ""rows_matched"": 0, ""confidence"": ""high"", ""result"": ""STRUCTURAL_MATCH_FAILURE"", ""note"": ""this constraint has no unknown left to determine; the region is over-constrained""}",/data/mrumoca/eval/results/thermopower/findings.jsonl
thermopower,historical-static,ThermoPower.Electrical.Grid,0,divisor-reachable-zero,high,False,hold-needs-source-and-witness-review,"{""denominator"": ""Pgrid"", ""witness"": ""Pgrid = 0"", ""witness_rationale"": ""set to zero"", ""denominator_at_witness"": 0.0, ""denominator_at_declared_values"": null, ""denominator_range"": ""[-inf, inf]"", ""path_condition"": ""always evaluated"", ""verdict"": ""SAT"", ""proof"": ""the division is not inside any branch"", ""constraints"": ""Pgrid: unbounded"", ""note"": ""a permitted assignment drives the complete denominator to zero and the division is still evaluated there""}",/data/mrumoca/eval/results/thermopower/findings.jsonl
thermopower,historical-static,ThermoPower.Electrical.Grid,1,initialization-count-mismatch,info,False,hold-needs-source-and-witness-review,"{""states"": 1, ""initial_equations"": 2, ""fixed_starts"": 0, ""note"": ""approximate; the compiler's balance check is authoritative""}",/data/mrumoca/eval/results/thermopower/findings.jsonl
thermopower,historical-static,ThermoPower.Electrical.Grid,2,network-port-unconnected,low,False,standalone-topology-not-defect-proof,"{""connector"": ""port"", ""component"": ""<top level>"", ""component_class"": ""unknown"", ""flows_forced_to_zero"": ""port.P"", ""note"": ""nothing is connected to this port, so MLS \u00a79.2 forces its flow to zero. That is correct for a component compiled on its own and is not a defect; it is recorded because it is the commonest reason a model looks structurally singular""}",/data/mrumoca/eval/results/thermopower/findings.jsonl
thermopower,historical-static,ThermoPower.Electrical.Grid,3,network-component-isolated,low,False,standalone-topology-not-defect-proof,"{""component"": ""<top level>"", ""component_class"": ""unknown"", ""ports"": ""port"", ""note"": ""every port of this instance is unconnected, so it exchanges nothing with the rest of the model while still contributing its equations""}",/data/mrumoca/eval/results/thermopower/findings.jsonl
thermopower,historical-static,ThermoPower.Electrical.Grid,4,vanishing-coefficient,medium,False,hold-needs-source-and-witness-review,"{""parameter"": ""pi"", ""declared_min"": null, ""shape"": ""parameter multiplies a derivative; zero removes the equation's only determination of that state""}",/data/mrumoca/eval/results/thermopower/findings.jsonl
thermopower,historical-static,ThermoPower.Electrical.Grid,5,non-square-block,medium,False,hold-needs-source-and-witness-review,"{""block"": 0, ""equations"": 3, ""variables"": 2}",/data/mrumoca/eval/results/thermopower/findings.jsonl
thermopower,historical-static,ThermoPower.Electrical.Grid,6,STRUCTURE_DEGENERATES_AT_ZERO,low,False,hold-needs-source-and-witness-review,"{""parameter"": ""pi"", ""contract"": ""ThermoPower.Electrical.Grid.pi: feature_disabled (proven, from equation) \u2014 the parameter appears only as a multiplier, so at zero the term it scales drops out and the rest of the model is unaffected"", ""contract_behavior"": ""feature_disabled"", ""contract_confidence"": ""proven"", ""confidence"": ""low"", ""result"": ""TOPOLOGY_SPECIFIC"", ""incidences_lost"": 0, ""unknowns_left_undetermined"": 0, ""evidence_kind"": ""scales-a-rate"", ""note"": ""at zero this parameter removes a state and the equation that determines it. The matching survives, so the system is not structurally short; whether it is *algebraically* singular depends on this model's topology and initialization and needs execution to decide. This is not a claim that the declaration should forbid zero.""}",/data/mrumoca/eval/results/thermopower/findings.jsonl
thermopower,historical-static,ThermoPower.Electrical.Generator,0,divisor-reachable-zero,high,False,hold-needs-source-and-witness-review,"{""denominator"": ""eta"", ""witness"": ""eta = 0"", ""witness_rationale"": ""set to zero"", ""denominator_at_witness"": 0.0, ""denominator_at_declared_values"": 1.0, ""denominator_range"": ""[-inf, inf]"", ""path_condition"": ""always evaluated"", ""verdict"": ""SAT"", ""proof"": ""the division is not inside any branch"", ""constraints"": ""eta: unbounded"", ""note"": ""a permitted assignment drives the complete denominator to zero and the division is still evaluated there""}",/data/mrumoca/eval/results/thermopower/findings.jsonl
thermopower,historical-static,ThermoPower.Electrical.Generator,1,divisor-reachable-zero,high,False,hold-needs-source-and-witness-review,"{""denominator"": ""Np"", ""witness"": ""Np = 0"", ""witness_rationale"": ""set to zero"", ""denominator_at_witness"": 0.0, ""denominator_at_declared_values"": 2.0, ""denominator_range"": ""[-inf, inf]"", ""path_condition"": ""always evaluated"", ""verdict"": ""SAT"", ""proof"": ""the division is not inside any branch"", ""constraints"": ""Np: unbounded"", ""note"": ""a permitted assignment drives the complete denominator to zero and the division is still evaluated there""}",/data/mrumoca/eval/results/thermopower/findings.jsonl
thermopower,historical-static,ThermoPower.Electrical.Generator,2,divisor-reachable-zero,high,False,hold-needs-source-and-witness-review,"{""denominator"": ""Np"", ""witness"": ""Np = 0"", ""witness_rationale"": ""set to zero"", ""denominator_at_witness"": 0.0, ""denominator_at_declared_values"": 2.0, ""denominator_range"": ""[-inf, inf]"", ""path_condition"": ""always evaluated"", ""verdict"": ""SAT"", ""proof"": ""the division is not inside any branch"", ""constraints"": ""Np: unbounded"", ""note"": ""a permitted assignment drives the complete denominator to zero and the division is still evaluated there""}",/data/mrumoca/eval/results/thermopower/findings.jsonl
thermopower,historical-static,ThermoPower.Electrical.Generator,3,divisor-reachable-zero,high,False,hold-needs-source-and-witness-review,"{""denominator"": ""(omega_m_nom ^ 2)"", ""witness"": ""omega_m_nom = 0"", ""witness_rationale"": ""set to zero"", ""denominator_at_witness"": 0.0, ""denominator_at_declared_values"": 24674.011002723397, ""denominator_range"": ""[0, inf]"", ""path_condition"": ""always evaluated"", ""verdict"": ""SAT"", ""proof"": ""the division is not inside any branch"", ""constraints"": ""omega_m_nom: unbounded"", ""note"": ""a permitted assignment drives the complete denominator to zero and the division is still evaluated there""}",/data/mrumoca/eval/results/thermopower/findings.jsonl
thermopower,historical-static,ThermoPower.Electrical.Generator,4,divisor-reachable-zero,high,False,hold-needs-source-and-witness-review,"{""denominator"": ""(omega_m_nom ^ 2)"", ""witness"": ""omega_m_nom = 0"", ""witness_rationale"": ""set to zero"", ""denominator_at_witness"": 0.0, ""denominator_at_declared_values"": 24674.011002723397, ""denominator_range"": ""[0, inf]"", ""path_condition"": ""always evaluated"", ""verdict"": ""SAT"", ""proof"": ""the division is not inside any branch"", ""constraints"": ""omega_m_nom: unbounded"", ""note"": ""a permitted assignment drives the complete denominator to zero and the division is still evaluated there""}",/data/mrumoca/eval/results/thermopower/findings.jsonl
thermopower,historical-static,ThermoPower.Electrical.Generator,5,divisor-reachable-zero,high,False,hold-needs-source-and-witness-review,"{""denominator"": ""omega_m_nom"", ""witness"": ""omega_m_nom = 0"", ""witness_rationale"": ""set to zero"", ""denominator_at_witness"": 0.0, ""denominator_at_declared_values"": 157.07963267948966, ""denominator_range"": ""[-inf, inf]"", ""path_condition"": ""always evaluated"", ""verdict"": ""SAT"", ""proof"": ""the division is not inside any branch"", ""constraints"": ""omega_m_nom: unbounded"", ""note"": ""a permitted assignment drives the complete denominator to zero and the division is still evaluated there""}",/data/mrumoca/eval/results/thermopower/findings.jsonl
thermopower,historical-static,ThermoPower.Electrical.Generator,6,divisor-reachable-zero,high,False,hold-needs-source-and-witness-review,"{""denominator"": ""omega_m_nom"", ""witness"": ""omega_m_nom = 0"", ""witness_rationale"": ""set to zero"", ""denominator_at_witness"": 0.0, ""denominator_at_declared_values"": 157.07963267948966, ""denominator_range"": ""[-inf, inf]"", ""path_condition"": ""always evaluated"", ""verdict"": ""SAT"", ""proof"": ""the division is not inside any branch"", ""constraints"": ""omega_m_nom: unbounded"", ""note"": ""a permitted assignment drives the complete denominator to zero and the division is still evaluated there""}",/data/mrumoca/eval/results/thermopower/findings.jsonl
thermopower,historical-static,ThermoPower.Electrical.Generator,7,divisor-reachable-zero,high,False,hold-needs-source-and-witness-review,"{""denominator"": ""Np"", ""witness"": ""Np = 0"", ""witness_rationale"": ""set to zero"", ""denominator_at_witness"": 0.0, ""denominator_at_declared_values"": 2.0, ""denominator_range"": ""[-inf, inf]"", ""path_condition"": ""always evaluated"", ""verdict"": ""SAT"", ""proof"": ""the division is not inside any branch"", ""constraints"": ""Np: unbounded"", ""note"": ""a permitted assignment drives the complete denominator to zero and the division is still evaluated there""}",/data/mrumoca/eval/results/thermopower/findings.jsonl
thermopower,historical-static,ThermoPower.Electrical.Generator,8,init-precondition-at-risk,low,False,hold-needs-source-and-witness-review,"{""expression"": ""((Pnom * Ta) / (omega_m_nom ^ 2))"", ""requirement"": ""divisor must not be zero"", ""initial_range"": ""[0, +inf]"", ""result"": ""UNKNOWN"", ""note"": ""the initial range of this operand contains a value the operation does not accept; whether it takes one is not decidable statically""}",/data/mrumoca/eval/results/thermopower/findings.jsonl
thermopower,historical-static,ThermoPower.Electrical.Generator,9,init-precondition-at-risk,low,False,hold-needs-source-and-witness-review,"{""expression"": ""((Pnom * Ta) / (omega_m_nom ^ 2))"", ""requirement"": ""divisor must not be zero"", ""initial_range"": ""[0, +inf]"", ""result"": ""UNKNOWN"", ""note"": ""the initial range of this operand contains a value the operation does not accept; whether it takes one is not decidable statically""}",/data/mrumoca/eval/results/thermopower/findings.jsonl
thermopower,historical-static,ThermoPower.Electrical.Generator,10,initialization-count-mismatch,info,False,hold-needs-source-and-witness-review,"{""states"": 4, ""initial_equations"": 3, ""fixed_starts"": 0, ""note"": ""approximate; the compiler's balance check is authoritative""}",/data/mrumoca/eval/results/thermopower/findings.jsonl
thermopower,historical-static,ThermoPower.Electrical.Generator,11,network-port-unconnected,low,False,standalone-topology-not-defect-proof,"{""connector"": ""port"", ""component"": ""<top level>"", ""component_class"": ""unknown"", ""flows_forced_to_zero"": ""port.P"", ""note"": ""nothing is connected to this port, so MLS \u00a79.2 forces its flow to zero. That is correct for a component compiled on its own and is not a defect; it is recorded because it is the commonest reason a model looks structurally singular""}",/data/mrumoca/eval/results/thermopower/findings.jsonl
thermopower,historical-static,ThermoPower.Electrical.Generator,12,network-port-unconnected,low,False,standalone-topology-not-defect-proof,"{""connector"": ""shaft"", ""component"": ""<top level>"", ""component_class"": ""unknown"", ""flows_forced_to_zero"": ""shaft.tau"", ""note"": ""nothing is connected to this port, so MLS \u00a79.2 forces its flow to zero. That is correct for a component compiled on its own and is not a defect; it is recorded because it is the commonest reason a model looks structurally singular""}",/data/mrumoca/eval/results/thermopower/findings.jsonl
thermopower,historical-static,ThermoPower.Electrical.Generator,13,network-component-isolated,low,False,standalone-topology-not-defect-proof,"{""component"": ""<top level>"", ""component_class"": ""unknown"", ""ports"": ""port, shaft"", ""note"": ""every port of this instance is unconnected, so it exchanges nothing with the rest of the model while still contributing its equations""}",/data/mrumoca/eval/results/thermopower/findings.jsonl
thermopower,historical-static,ThermoPower.Electrical.Generator,14,physical-zero-is-a-supported-limit,low,False,advisory-or-explicit-non-defect,"{""domain"": ""mechanical"", ""rule"": ""mech.inertia.positive"", ""rule_origin"": ""the rotational analogue of mass; J = 0 leaves angular acceleration undetermined"", ""rule_reference"": ""MSL Mechanics.Rotational.Components.Inertia"", ""matched_by"": {""quantity"": ""MomentOfInertia"", ""unit"": ""kg.m2"", ""confidence"": ""QUANTITY_AND_UNIT"", ""premise_state"": ""unknown"", ""authority"": ""quantity_or_unit"", ""canonical_declaration"": ""ThermoPower.Electrical.Generator.J""}, ""required"": ""J > 0"", ""declared_min"": null, ""variable_role"": ""parameter"", ""premise_state"": ""refuted"", ""authority"": ""component_contract"", ""contract"": ""ThermoPower.Electrical.Generator.J: algebraic_limit (proven, from equation) \u2014 the parameter multiplies a derivative, so at zero the differential relation becomes an algebraic constraint rather than an undefined quotient"", ""contract_behavior"": ""algebraic_limit"", ""contract_confidence"": ""proven"", ""contract_source"": ""equation"", ""note"": ""the positivity rule does not apply: this component documents zero as a meaningful limit, so reporting a missing bound would contradict its contract""}",/data/mrumoca/eval/results/thermopower/findings.jsonl
thermopower,historical-static,ThermoPower.Electrical.Generator,15,vanishing-coefficient,medium,False,hold-needs-source-and-witness-review,"{""parameter"": ""tau_d"", ""declared_min"": null, ""shape"": ""parameter multiplies a derivative; zero removes the equation's only determination of that state""}",/data/mrumoca/eval/results/thermopower/findings.jsonl
thermopower,historical-static,ThermoPower.Electrical.Generator,16,vanishing-coefficient,medium,False,hold-needs-source-and-witness-review,"{""parameter"": ""J"", ""declared_min"": null, ""shape"": ""parameter multiplies a derivative; zero removes the equation's only determination of that state""}",/data/mrumoca/eval/results/thermopower/findings.jsonl
thermopower,historical-static,ThermoPower.Electrical.Generator,17,vanishing-coefficient,medium,False,hold-needs-source-and-witness-review,"{""parameter"": ""Tf"", ""declared_min"": null, ""shape"": ""parameter multiplies a derivative; zero removes the equation's only determination of that state""}",/data/mrumoca/eval/results/thermopower/findings.jsonl
thermopower,historical-static,ThermoPower.Electrical.Generator,18,non-square-block,medium,False,hold-needs-source-and-witness-review,"{""block"": 0, ""equations"": 12, ""variables"": 11}",/data/mrumoca/eval/results/thermopower/findings.jsonl
thermopower,historical-static,ThermoPower.Electrical.Generator,19,non-square-block,medium,False,hold-needs-source-and-witness-review,"{""block"": 1, ""equations"": 3, ""variables"": 4}",/data/mrumoca/eval/results/thermopower/findings.jsonl
thermopower,historical-static,ThermoPower.Electrical.Generator,20,STRUCTURE_DEGENERATES_AT_ZERO,low,False,hold-needs-source-and-witness-review,"{""parameter"": ""J"", ""contract"": ""ThermoPower.Electrical.Generator.J: algebraic_limit (proven, from equation) \u2014 the parameter multiplies a derivative, so at zero the differential relation becomes an algebraic constraint rather than an undefined quotient"", ""contract_behavior"": ""algebraic_limit"", ""contract_confidence"": ""proven"", ""confidence"": ""low"", ""result"": ""TOPOLOGY_SPECIFIC"", ""incidences_lost"": 0, ""unknowns_left_undetermined"": 0, ""evidence_kind"": ""scales-a-rate"", ""note"": ""at zero this parameter removes a state and the equation that determines it. The matching survives, so the system is not structurally short; whether it is *algebraically* singular depends on this model's topology and initialization and needs execution to decide. This is not a claim that the declaration should forbid zero.""}",/data/mrumoca/eval/results/thermopower/findings.jsonl
thermopower,historical-static,ThermoPower.Electrical.Generator,21,STRUCTURE_DEGENERATES_AT_ZERO,low,False,hold-needs-source-and-witness-review,"{""parameter"": ""Tf"", ""contract"": ""ThermoPower.Electrical.Generator.Tf: algebraic_limit (proven, from equation) \u2014 the parameter multiplies a derivative, so at zero the differential relation becomes an algebraic constraint rather than an undefined quotient"", ""contract_behavior"": ""algebraic_limit"", ""contract_confidence"": ""proven"", ""confidence"": ""low"", ""result"": ""TOPOLOGY_SPECIFIC"", ""incidences_lost"": 0, ""unknowns_left_undetermined"": 0, ""evidence_kind"": ""scales-a-rate"", ""note"": ""at zero this parameter removes a state and the equation that determines it. The matching survives, so the system is not structurally short; whether it is *algebraically* singular depends on this model's topology and initialization and needs execution to decide. This is not a claim that the declaration should forbid zero.""}",/data/mrumoca/eval/results/thermopower/findings.jsonl
thermopower,historical-static,ThermoPower.Electrical.Generator,22,STRUCTURE_DEGENERATES_AT_ZERO,low,False,hold-needs-source-and-witness-review,"{""parameter"": ""tau_d"", ""contract"": ""ThermoPower.Electrical.Generator.tau_d: algebraic_limit (proven, from equation) \u2014 the parameter multiplies a derivative, so at zero the differential relation becomes an algebraic constraint rather than an undefined quotient"", ""contract_behavior"": ""algebraic_limit"", ""contract_confidence"": ""proven"", ""confidence"": ""low"", ""result"": ""TOPOLOGY_SPECIFIC"", ""incidences_lost"": 0, ""unknowns_left_undetermined"": 0, ""evidence_kind"": ""scales-a-rate"", ""note"": ""at zero this parameter removes a state and the equation that determines it. The matching survives, so the system is not structurally short; whether it is *algebraically* singular depends on this model's topology and initialization and needs execution to decide. This is not a claim that the declaration should forbid zero.""}",/data/mrumoca/eval/results/thermopower/findings.jsonl
thermopower,historical-static,ThermoPower.Gas.FlowJoin,0,init-precondition-at-risk,low,False,hold-needs-source-and-witness-review,"{""expression"": ""(((inlet1.h_outflow * (inlet1.m_flow + wzero)) + (inlet2.h_outflow * (inlet2.m_flow + wzero))) / ((inlet1.m_flow + (2 * wzero)) + inlet2.m_f"", ""requirement"": ""divisor must not be zero"", ""initial_range"": ""[-2e+60, 200000]"", ""result"": ""UNKNOWN"", ""note"": ""the initial range of this operand contains a value the operation does not accept; whether it takes one is not decidable statically""}",/data/mrumoca/eval/results/thermopower/findings.jsonl
thermopower,historical-static,ThermoPower.Gas.FlowJoin,1,network-port-unconnected,low,False,standalone-topology-not-defect-proof,"{""connector"": ""inlet1"", ""component"": ""<top level>"", ""component_class"": ""unknown"", ""flows_forced_to_zero"": ""inlet1.m_flow"", ""note"": ""nothing is connected to this port, so MLS \u00a79.2 forces its flow to zero. That is correct for a component compiled on its own and is not a defect; it is recorded because it is the commonest reason a model looks structurally singular""}",/data/mrumoca/eval/results/thermopower/findings.jsonl
thermopower,historical-static,ThermoPower.Gas.FlowJoin,2,network-port-unconnected,low,False,standalone-topology-not-defect-proof,"{""connector"": ""inlet2"", ""component"": ""<top level>"", ""component_class"": ""unknown"", ""flows_forced_to_zero"": ""inlet2.m_flow"", ""note"": ""nothing is connected to this port, so MLS \u00a79.2 forces its flow to zero. That is correct for a component compiled on its own and is not a defect; it is recorded because it is the commonest reason a model looks structurally singular""}",/data/mrumoca/eval/results/thermopower/findings.jsonl
thermopower,historical-static,ThermoPower.Gas.FlowJoin,3,network-port-unconnected,low,False,standalone-topology-not-defect-proof,"{""connector"": ""outlet"", ""component"": ""<top level>"", ""component_class"": ""unknown"", ""flows_forced_to_zero"": ""outlet.m_flow"", ""note"": ""nothing is connected to this port, so MLS \u00a79.2 forces its flow to zero. That is correct for a component compiled on its own and is not a defect; it is recorded because it is the commonest reason a model looks structurally singular""}",/data/mrumoca/eval/results/thermopower/findings.jsonl
thermopower,historical-static,ThermoPower.Gas.FlowJoin,4,network-component-isolated,low,False,standalone-topology-not-defect-proof,"{""component"": ""<top level>"", ""component_class"": ""unknown"", ""ports"": ""inlet1, inlet2, outlet"", ""note"": ""every port of this instance is unconnected, so it exchanges nothing with the rest of the model while still contributing its equations""}",/data/mrumoca/eval/results/thermopower/findings.jsonl
thermopower,historical-static,ThermoPower.Gas.FlowJoin,5,non-square-block,medium,False,hold-needs-source-and-witness-review,"{""block"": 0, ""equations"": 7, ""variables"": 6}",/data/mrumoca/eval/results/thermopower/findings.jsonl
thermopower,historical-static,ThermoPower.Gas.FlowJoin,6,non-square-block,medium,False,hold-needs-source-and-witness-review,"{""block"": 1, ""equations"": 2, ""variables"": 3}",/data/mrumoca/eval/results/thermopower/findings.jsonl
thermopower,historical-static,ThermoPower.Gas.FlowJoin,7,UNMATCHED_VARIABLE,high,False,hold-needs-source-and-witness-review,"{""variable"": ""outlet.p"", ""scalars"": 1, ""scalars_determined"": 0, ""region_variables"": 3, ""region_equations"": 2, ""touching_equations"": ""1, 2"", ""confidence"": ""high"", ""result"": ""STRUCTURAL_MATCH_FAILURE"", ""note"": ""no equation in the connected structural region can be matched to this unknown. This is a structural result and says nothing about algebraic rank.""}",/data/mrumoca/eval/results/thermopower/findings.jsonl
thermopower,historical-static,ThermoPower.Gas.FlowJoin,8,UNMATCHED_EQUATION,high,False,hold-needs-source-and-witness-review,"{""equation"": ""inlet1.m_flow"", ""scalar_rows"": 1, ""rows_matched"": 0, ""confidence"": ""high"", ""result"": ""STRUCTURAL_MATCH_FAILURE"", ""note"": ""this constraint has no unknown left to determine; the region is over-constrained""}",/data/mrumoca/eval/results/thermopower/findings.jsonl
thermopower,historical-static,ThermoPower.Functions.OffsetController,0,divisor-unreachable-under-witness,low,False,advisory-or-explicit-non-defect,"{""denominator"": ""(Tend - Tstart)"", ""witness"": ""none needed"", ""witness_rationale"": ""the denominator is zero as declared"", ""denominator_at_witness"": 0.0, ""denominator_at_declared_values"": 0.0, ""denominator_range"": """", ""path_condition"": ""not ((time <= Tstart)) and not ((time >= Tend))"", ""verdict"": ""UNSAT"", ""proof"": ""the denominator is zero as declared, and time must be both > 0 and < 0"", ""constraints"": """", ""guard_that_excludes_it"": ""time must be both > 0 and < 0"", ""note"": ""the branch containing the division is not taken where the denominator vanishes, so it is never evaluated there""}",/data/mrumoca/eval/results/thermopower/findings.jsonl
thermopower,historical-static,ThermoPower.Functions.OffsetController,1,divisor-reachable-zero,high,False,hold-needs-source-and-witness-review,"{""denominator"": ""Ti"", ""witness"": ""Ti = 0"", ""witness_rationale"": ""set to zero"", ""denominator_at_witness"": 0.0, ""denominator_at_declared_values"": null, ""denominator_range"": ""[-inf, inf]"", ""path_condition"": ""always evaluated"", ""verdict"": ""SAT"", ""proof"": ""the division is not inside any branch"", ""constraints"": ""Ti: unbounded"", ""note"": ""a permitted assignment drives the complete denominator to zero and the division is still evaluated there""}",/data/mrumoca/eval/results/thermopower/findings.jsonl
thermopower,historical-static,ThermoPower.Functions.OffsetController,2,vanishing-coefficient,medium,False,hold-needs-source-and-witness-review,"{""parameter"": ""Kp"", ""declared_min"": null, ""shape"": ""parameter multiplies a derivative; zero removes the equation's only determination of that state""}",/data/mrumoca/eval/results/thermopower/findings.jsonl
thermopower,historical-static,ThermoPower.Functions.OffsetController,3,non-square-block,medium,False,hold-needs-source-and-witness-review,"{""block"": 0, ""equations"": 4, ""variables"": 6}",/data/mrumoca/eval/results/thermopower/findings.jsonl
thermopower,historical-static,ThermoPower.Functions.OffsetController,4,STRUCTURE_DEGENERATES_AT_ZERO,low,False,hold-needs-source-and-witness-review,"{""parameter"": ""steadyStateGain"", ""contract"": ""ThermoPower.Functions.OffsetController.steadyStateGain: feature_disabled (proven, from equation) \u2014 the parameter appears only as a multiplier, so at zero the term it scales drops out and the rest of the model is unaffected"", ""contract_behavior"": ""feature_disabled"", ""contract_confidence"": ""proven"", ""confidence"": ""low"", ""result"": ""TOPOLOGY_SPECIFIC"", ""incidences_lost"": 0, ""unknowns_left_undetermined"": 0, ""evidence_kind"": ""scales-a-rate"", ""note"": ""at zero this parameter removes a state and the equation that determines it. The matching survives, so the system is not structurally short; whether it is *algebraically* singular depends on this model's topology and initialization and needs execution to decide. This is not a claim that the declaration should forbid zero.""}",/data/mrumoca/eval/results/thermopower/findings.jsonl
thermopower,historical-static,ThermoPower.Functions.OffsetController,5,STRUCTURE_DEGENERATES_AT_ZERO,low,False,hold-needs-source-and-witness-review,"{""parameter"": ""Kp"", ""contract"": ""ThermoPower.Functions.OffsetController.Kp: algebraic_limit (proven, from equation) \u2014 the parameter multiplies a derivative, so at zero the differential relation becomes an algebraic constraint rather than an undefined quotient"", ""contract_behavior"": ""algebraic_limit"", ""contract_confidence"": ""proven"", ""confidence"": ""low"", ""result"": ""TOPOLOGY_SPECIFIC"", ""incidences_lost"": 0, ""unknowns_left_undetermined"": 0, ""evidence_kind"": ""scales-a-rate"", ""note"": ""at zero this parameter removes a state and the equation that determines it. The matching survives, so the system is not structurally short; whether it is *algebraically* singular depends on this model's topology and initialization and needs execution to decide. This is not a claim that the declaration should forbid zero.""}",/data/mrumoca/eval/results/thermopower/findings.jsonl
thermopower,historical-static,ThermoPower.Gas.SensW,0,network-port-unconnected,low,False,standalone-topology-not-defect-proof,"{""connector"": ""inlet"", ""component"": ""<top level>"", ""component_class"": ""unknown"", ""flows_forced_to_zero"": ""inlet.m_flow"", ""note"": ""nothing is connected to this port, so MLS \u00a79.2 forces its flow to zero. That is correct for a component compiled on its own and is not a defect; it is recorded because it is the commonest reason a model looks structurally singular""}",/data/mrumoca/eval/results/thermopower/findings.jsonl
thermopower,historical-static,ThermoPower.Gas.SensW,1,network-port-unconnected,low,False,standalone-topology-not-defect-proof,"{""connector"": ""outlet"", ""component"": ""<top level>"", ""component_class"": ""unknown"", ""flows_forced_to_zero"": ""outlet.m_flow"", ""note"": ""nothing is connected to this port, so MLS \u00a79.2 forces its flow to zero. That is correct for a component compiled on its own and is not a defect; it is recorded because it is the commonest reason a model looks structurally singular""}",/data/mrumoca/eval/results/thermopower/findings.jsonl
thermopower,historical-static,ThermoPower.Gas.SensW,2,network-component-isolated,low,False,standalone-topology-not-defect-proof,"{""component"": ""<top level>"", ""component_class"": ""unknown"", ""ports"": ""inlet, outlet"", ""note"": ""every port of this instance is unconnected, so it exchanges nothing with the rest of the model while still contributing its equations""}",/data/mrumoca/eval/results/thermopower/findings.jsonl
thermopower,historical-static,ThermoPower.Gas.SensW,3,non-square-block,medium,False,hold-needs-source-and-witness-review,"{""block"": 0, ""equations"": 4, ""variables"": 3}",/data/mrumoca/eval/results/thermopower/findings.jsonl
thermopower,historical-static,ThermoPower.Gas.SensW,4,UNMATCHED_VARIABLE,high,False,hold-needs-source-and-witness-review,"{""variable"": ""outlet.p"", ""scalars"": 1, ""scalars_determined"": 0, ""region_variables"": 2, ""region_equations"": 1, ""touching_equations"": ""1"", ""confidence"": ""high"", ""result"": ""STRUCTURAL_MATCH_FAILURE"", ""note"": ""no equation in the connected structural region can be matched to this unknown. This is a structural result and says nothing about algebraic rank.""}",/data/mrumoca/eval/results/thermopower/findings.jsonl
thermopower,historical-static,ThermoPower.Gas.SensW,5,UNMATCHED_EQUATION,high,False,hold-needs-source-and-witness-review,"{""equation"": ""inlet.m_flow"", ""scalar_rows"": 1, ""rows_matched"": 0, ""confidence"": ""high"", ""result"": ""STRUCTURAL_MATCH_FAILURE"", ""note"": ""this constraint has no unknown left to determine; the region is over-constrained""}",/data/mrumoca/eval/results/thermopower/findings.jsonl
thermopower,historical-static,ThermoPower.Gas.SensW,6,DUPLICATE_EQUATION,medium,False,hold-needs-source-and-witness-review,"{""equations"": ""(inlet.h_outflow - outlet.h_outflow), (inlet.h_outflow - outlet.h_outflow)"", ""count"": 2, ""confidence"": ""medium"", ""note"": ""the same constraint up to scale, stated more than once; one of them constrains nothing new""}",/data/mrumoca/eval/results/thermopower/findings.jsonl
thermopower,historical-static,ThermoPower.Gas.FlowSplit,0,network-port-unconnected,low,False,standalone-topology-not-defect-proof,"{""connector"": ""inlet"", ""component"": ""<top level>"", ""component_class"": ""unknown"", ""flows_forced_to_zero"": ""inlet.m_flow"", ""note"": ""nothing is connected to this port, so MLS \u00a79.2 forces its flow to zero. That is correct for a component compiled on its own and is not a defect; it is recorded because it is the commonest reason a model looks structurally singular""}",/data/mrumoca/eval/results/thermopower/findings.jsonl
thermopower,historical-static,ThermoPower.Gas.FlowSplit,1,network-port-unconnected,low,False,standalone-topology-not-defect-proof,"{""connector"": ""outlet1"", ""component"": ""<top level>"", ""component_class"": ""unknown"", ""flows_forced_to_zero"": ""outlet1.m_flow"", ""note"": ""nothing is connected to this port, so MLS \u00a79.2 forces its flow to zero. That is correct for a component compiled on its own and is not a defect; it is recorded because it is the commonest reason a model looks structurally singular""}",/data/mrumoca/eval/results/thermopower/findings.jsonl
thermopower,historical-static,ThermoPower.Gas.FlowSplit,2,network-port-unconnected,low,False,standalone-topology-not-defect-proof,"{""connector"": ""outlet2"", ""component"": ""<top level>"", ""component_class"": ""unknown"", ""flows_forced_to_zero"": ""outlet2.m_flow"", ""note"": ""nothing is connected to this port, so MLS \u00a79.2 forces its flow to zero. That is correct for a component compiled on its own and is not a defect; it is recorded because it is the commonest reason a model looks structurally singular""}",/data/mrumoca/eval/results/thermopower/findings.jsonl
thermopower,historical-static,ThermoPower.Gas.FlowSplit,3,network-component-isolated,low,False,standalone-topology-not-defect-proof,"{""component"": ""<top level>"", ""component_class"": ""unknown"", ""ports"": ""inlet, outlet1, outlet2"", ""note"": ""every port of this instance is unconnected, so it exchanges nothing with the rest of the model while still contributing its equations""}",/data/mrumoca/eval/results/thermopower/findings.jsonl
thermopower,historical-static,ThermoPower.Gas.FlowSplit,4,non-square-block,medium,False,hold-needs-source-and-witness-review,"{""block"": 0, ""equations"": 7, ""variables"": 6}",/data/mrumoca/eval/results/thermopower/findings.jsonl
thermopower,historical-static,ThermoPower.Gas.FlowSplit,5,non-square-block,medium,False,hold-needs-source-and-witness-review,"{""block"": 1, ""equations"": 2, ""variables"": 3}",/data/mrumoca/eval/results/thermopower/findings.jsonl
thermopower,historical-static,ThermoPower.Gas.FlowSplit,6,UNMATCHED_VARIABLE,high,False,hold-needs-source-and-witness-review,"{""variable"": ""outlet1.p"", ""scalars"": 1, ""scalars_determined"": 0, ""region_variables"": 3, ""region_equations"": 2, ""touching_equations"": ""1"", ""confidence"": ""high"", ""result"": ""STRUCTURAL_MATCH_FAILURE"", ""note"": ""no equation in the connected structural region can be matched to this unknown. This is a structural result and says nothing about algebraic rank.""}",/data/mrumoca/eval/results/thermopower/findings.jsonl
thermopower,historical-static,ThermoPower.Gas.FlowSplit,7,UNMATCHED_EQUATION,high,False,hold-needs-source-and-witness-review,"{""equation"": ""inlet.m_flow"", ""scalar_rows"": 1, ""rows_matched"": 0, ""confidence"": ""high"", ""result"": ""STRUCTURAL_MATCH_FAILURE"", ""note"": ""this constraint has no unknown left to determine; the region is over-constrained""}",/data/mrumoca/eval/results/thermopower/findings.jsonl
thermopower,historical-static,ThermoPower.Gas.PressDropLin,0,network-port-unconnected,low,False,standalone-topology-not-defect-proof,"{""connector"": ""inlet"", ""component"": ""<top level>"", ""component_class"": ""unknown"", ""flows_forced_to_zero"": ""inlet.m_flow"", ""note"": ""nothing is connected to this port, so MLS \u00a79.2 forces its flow to zero. That is correct for a component compiled on its own and is not a defect; it is recorded because it is the commonest reason a model looks structurally singular""}",/data/mrumoca/eval/results/thermopower/findings.jsonl
thermopower,historical-static,ThermoPower.Gas.PressDropLin,1,network-port-unconnected,low,False,standalone-topology-not-defect-proof,"{""connector"": ""outlet"", ""component"": ""<top level>"", ""component_class"": ""unknown"", ""flows_forced_to_zero"": ""outlet.m_flow"", ""note"": ""nothing is connected to this port, so MLS \u00a79.2 forces its flow to zero. That is correct for a component compiled on its own and is not a defect; it is recorded because it is the commonest reason a model looks structurally singular""}",/data/mrumoca/eval/results/thermopower/findings.jsonl
thermopower,historical-static,ThermoPower.Gas.PressDropLin,2,network-component-isolated,low,False,standalone-topology-not-defect-proof,"{""component"": ""<top level>"", ""component_class"": ""unknown"", ""ports"": ""inlet, outlet"", ""note"": ""every port of this instance is unconnected, so it exchanges nothing with the rest of the model while still contributing its equations""}",/data/mrumoca/eval/results/thermopower/findings.jsonl
thermopower,historical-static,ThermoPower.Gas.PressDropLin,3,UNMATCHED_VARIABLE,high,False,hold-needs-source-and-witness-review,"{""variable"": ""outlet.p"", ""scalars"": 1, ""scalars_determined"": 0, ""region_variables"": 4, ""region_equations"": 4, ""touching_equations"": ""1"", ""confidence"": ""high"", ""result"": ""STRUCTURAL_MATCH_FAILURE"", ""note"": ""no equation in the connected structural region can be matched to this unknown. This is a structural result and says nothing about algebraic rank.""}",/data/mrumoca/eval/results/thermopower/findings.jsonl
thermopower,historical-static,ThermoPower.Gas.PressDropLin,4,UNMATCHED_EQUATION,high,False,hold-needs-source-and-witness-review,"{""equation"": ""inlet.m_flow"", ""scalar_rows"": 1, ""rows_matched"": 0, ""confidence"": ""high"", ""result"": ""STRUCTURAL_MATCH_FAILURE"", ""note"": ""this constraint has no unknown left to determine; the region is over-constrained""}",/data/mrumoca/eval/results/thermopower/findings.jsonl
thermopower,historical-static,ThermoPower.Gas.PressDropLin,5,DUPLICATE_EQUATION,medium,False,hold-needs-source-and-witness-review,"{""equations"": ""(inlet.h_outflow - outlet.h_outflow), (inlet.h_outflow - outlet.h_outflow)"", ""count"": 2, ""confidence"": ""medium"", ""note"": ""the same constraint up to scale, stated more than once; one of them constrains nothing new""}",/data/mrumoca/eval/results/thermopower/findings.jsonl
thermopower,historical-static,ThermoPower.Gas.ThroughMassFlow,0,network-port-unconnected,low,False,standalone-topology-not-defect-proof,"{""connector"": ""inlet"", ""component"": ""<top level>"", ""component_class"": ""unknown"", ""flows_forced_to_zero"": ""inlet.m_flow"", ""note"": ""nothing is connected to this port, so MLS \u00a79.2 forces its flow to zero. That is correct for a component compiled on its own and is not a defect; it is recorded because it is the commonest reason a model looks structurally singular""}",/data/mrumoca/eval/results/thermopower/findings.jsonl
thermopower,historical-static,ThermoPower.Gas.ThroughMassFlow,1,network-port-unconnected,low,False,standalone-topology-not-defect-proof,"{""connector"": ""outlet"", ""component"": ""<top level>"", ""component_class"": ""unknown"", ""flows_forced_to_zero"": ""outlet.m_flow"", ""note"": ""nothing is connected to this port, so MLS \u00a79.2 forces its flow to zero. That is correct for a component compiled on its own and is not a defect; it is recorded because it is the commonest reason a model looks structurally singular""}",/data/mrumoca/eval/results/thermopower/findings.jsonl
thermopower,historical-static,ThermoPower.Gas.ThroughMassFlow,2,network-component-isolated,low,False,standalone-topology-not-defect-proof,"{""component"": ""<top level>"", ""component_class"": ""unknown"", ""ports"": ""inlet, outlet"", ""note"": ""every port of this instance is unconnected, so it exchanges nothing with the rest of the model while still contributing its equations""}",/data/mrumoca/eval/results/thermopower/findings.jsonl
thermopower,historical-static,ThermoPower.Gas.ThroughMassFlow,3,non-square-block,medium,False,hold-needs-source-and-witness-review,"{""block"": 0, ""equations"": 6, ""variables"": 4}",/data/mrumoca/eval/results/thermopower/findings.jsonl
thermopower,historical-static,ThermoPower.Gas.ThroughMassFlow,4,UNMATCHED_EQUATION,high,False,hold-needs-source-and-witness-review,"{""equation"": ""(in_w0_internal - w0)"", ""scalar_rows"": 1, ""rows_matched"": 0, ""confidence"": ""high"", ""result"": ""STRUCTURAL_MATCH_FAILURE"", ""note"": ""this constraint has no unknown left to determine; the region is over-constrained""}",/data/mrumoca/eval/results/thermopower/findings.jsonl
thermopower,historical-static,ThermoPower.Gas.ThroughMassFlow,5,UNMATCHED_EQUATION,high,False,hold-needs-source-and-witness-review,"{""equation"": ""inlet.m_flow"", ""scalar_rows"": 1, ""rows_matched"": 0, ""confidence"": ""high"", ""result"": ""STRUCTURAL_MATCH_FAILURE"", ""note"": ""this constraint has no unknown left to determine; the region is over-constrained""}",/data/mrumoca/eval/results/thermopower/findings.jsonl
thermopower,historical-static,ThermoPower.Gas.ThroughMassFlow,6,DUPLICATE_EQUATION,medium,False,hold-needs-source-and-witness-review,"{""equations"": ""(inlet.h_outflow - outlet.h_outflow), (inlet.h_outflow - outlet.h_outflow)"", ""count"": 2, ""confidence"": ""medium"", ""note"": ""the same constraint up to scale, stated more than once; one of them constrains nothing new""}",/data/mrumoca/eval/results/thermopower/findings.jsonl
thermopower,historical-static,ThermoPower.Electrical.FrequencySensor,0,network-port-unconnected,low,False,standalone-topology-not-defect-proof,"{""connector"": ""port"", ""component"": ""<top level>"", ""component_class"": ""unknown"", ""flows_forced_to_zero"": ""port.P"", ""note"": ""nothing is connected to this port, so MLS \u00a79.2 forces its flow to zero. That is correct for a component compiled on its own and is not a defect; it is recorded because it is the commonest reason a model looks structurally singular""}",/data/mrumoca/eval/results/thermopower/findings.jsonl
thermopower,historical-static,ThermoPower.Electrical.FrequencySensor,1,network-component-isolated,low,False,standalone-topology-not-defect-proof,"{""component"": ""<top level>"", ""component_class"": ""unknown"", ""ports"": ""port"", ""note"": ""every port of this instance is unconnected, so it exchanges nothing with the rest of the model while still contributing its equations""}",/data/mrumoca/eval/results/thermopower/findings.jsonl
thermopower,historical-static,ThermoPower.Electrical.FrequencySensor,2,vanishing-coefficient,medium,False,hold-needs-source-and-witness-review,"{""parameter"": ""pi"", ""declared_min"": null, ""shape"": ""parameter multiplies a derivative; zero removes the equation's only determination of that state""}",/data/mrumoca/eval/results/thermopower/findings.jsonl
thermopower,historical-static,ThermoPower.Electrical.FrequencySensor,3,non-square-block,medium,False,hold-needs-source-and-witness-review,"{""block"": 0, ""equations"": 2, ""variables"": 1}",/data/mrumoca/eval/results/thermopower/findings.jsonl
thermopower,historical-static,ThermoPower.Electrical.FrequencySensor,4,UNMATCHED_VARIABLE,high,False,hold-needs-source-and-witness-review,"{""variable"": ""f"", ""scalars"": 1, ""scalars_determined"": 0, ""region_variables"": 2, ""region_equations"": 1, ""touching_equations"": ""1"", ""confidence"": ""high"", ""result"": ""STRUCTURAL_MATCH_FAILURE"", ""note"": ""no equation in the connected structural region can be matched to this unknown. This is a structural result and says nothing about algebraic rank.""}",/data/mrumoca/eval/results/thermopower/findings.jsonl
thermopower,historical-static,ThermoPower.Electrical.FrequencySensor,5,UNMATCHED_EQUATION,high,False,hold-needs-source-and-witness-review,"{""equation"": ""port.P"", ""scalar_rows"": 1, ""rows_matched"": 0, ""confidence"": ""high"", ""result"": ""STRUCTURAL_MATCH_FAILURE"", ""note"": ""this constraint has no unknown left to determine; the region is over-constrained""}",/data/mrumoca/eval/results/thermopower/findings.jsonl
thermopower,historical-static,ThermoPower.Electrical.FrequencySensor,6,DUPLICATE_EQUATION,medium,False,hold-needs-source-and-witness-review,"{""equations"": ""(port.P - 0), port.P"", ""count"": 2, ""confidence"": ""medium"", ""note"": ""the same constraint up to scale, stated more than once; one of them constrains nothing new""}",/data/mrumoca/eval/results/thermopower/findings.jsonl
thermopower,historical-static,ThermoPower.Electrical.FrequencySensor,7,STRUCTURE_DEGENERATES_AT_ZERO,low,False,hold-needs-source-and-witness-review,"{""parameter"": ""pi"", ""contract"": ""ThermoPower.Electrical.FrequencySensor.pi: feature_disabled (proven, from equation) \u2014 the parameter appears only as a multiplier, so at zero the term it scales drops out and the rest of the model is unaffected"", ""contract_behavior"": ""feature_disabled"", ""contract_confidence"": ""proven"", ""confidence"": ""low"", ""result"": ""TOPOLOGY_SPECIFIC"", ""incidences_lost"": 0, ""unknowns_left_undetermined"": 0, ""evidence_kind"": ""scales-a-rate"", ""note"": ""at zero this parameter removes a state and the equation that determines it. The matching survives, so the system is not structurally short; whether it is *algebraically* singular depends on this model's topology and initialization and needs execution to decide. This is not a claim that the declaration should forbid zero.""}",/data/mrumoca/eval/results/thermopower/findings.jsonl
thermopower,historical-static,ThermoPower.Examples.RankineCycle.Models.PID,0,divisor-zero-at-declared-values,high,False,hold-check-unset-parameters-and-inputs,"{""denominator"": ""(PVmax - PVmin)"", ""witness"": ""none needed"", ""witness_rationale"": ""the denominator is zero as declared"", ""denominator_at_witness"": 0.0, ""denominator_at_declared_values"": 0.0, ""denominator_range"": """", ""path_condition"": ""always evaluated"", ""verdict"": ""SAT"", ""proof"": ""no assignment is needed: the denominator is zero at the model's own declared values"", ""constraints"": """", ""note"": ""the division fails without anything being changed, so no parameter can be blamed and none needs to be""}",/data/mrumoca/eval/results/thermopower/findings.jsonl
thermopower,historical-static,ThermoPower.Examples.RankineCycle.Models.PID,1,divisor-zero-at-declared-values,high,False,hold-check-unset-parameters-and-inputs,"{""denominator"": ""(PVmax - PVmin)"", ""witness"": ""none needed"", ""witness_rationale"": ""the denominator is zero as declared"", ""denominator_at_witness"": 0.0, ""denominator_at_declared_values"": 0.0, ""denominator_range"": """", ""path_condition"": ""always evaluated"", ""verdict"": ""SAT"", ""proof"": ""no assignment is needed: the denominator is zero at the model's own declared values"", ""constraints"": """", ""note"": ""the division fails without anything being changed, so no parameter can be blamed and none needs to be""}",/data/mrumoca/eval/results/thermopower/findings.jsonl
thermopower,historical-static,ThermoPower.Examples.RankineCycle.Models.PID,2,divisor-zero-at-declared-values,high,False,hold-check-unset-parameters-and-inputs,"{""denominator"": ""(Kp * Ni)"", ""witness"": ""none needed"", ""witness_rationale"": ""the denominator is zero as declared"", ""denominator_at_witness"": 0.0, ""denominator_at_declared_values"": 0.0, ""denominator_range"": """", ""path_condition"": ""always evaluated"", ""verdict"": ""SAT"", ""proof"": ""no assignment is needed: the denominator is zero at the model's own declared values"", ""constraints"": """", ""note"": ""the division fails without anything being changed, so no parameter can be blamed and none needs to be""}",/data/mrumoca/eval/results/thermopower/findings.jsonl
thermopower,historical-static,ThermoPower.Examples.RankineCycle.Models.PID,3,divisor-zero-at-declared-values,high,False,hold-check-unset-parameters-and-inputs,"{""denominator"": ""Kp"", ""witness"": ""none needed"", ""witness_rationale"": ""the denominator is zero as declared"", ""denominator_at_witness"": 0.0, ""denominator_at_declared_values"": 0.0, ""denominator_range"": """", ""path_condition"": ""always evaluated"", ""verdict"": ""SAT"", ""proof"": ""no assignment is needed: the denominator is zero at the model's own declared values"", ""constraints"": """", ""note"": ""the division fails without anything being changed, so no parameter can be blamed and none needs to be""}",/data/mrumoca/eval/results/thermopower/findings.jsonl
thermopower,historical-static,ThermoPower.Examples.RankineCycle.Models.PID,4,vanishing-coefficient,medium,False,hold-needs-source-and-witness-review,"{""parameter"": ""Ti"", ""declared_min"": null, ""shape"": ""parameter multiplies a derivative; zero removes the equation's only determination of that state""}",/data/mrumoca/eval/results/thermopower/findings.jsonl
thermopower,historical-static,ThermoPower.Examples.RankineCycle.Models.PID,5,non-square-block,medium,False,hold-needs-source-and-witness-review,"{""block"": 0, ""equations"": 10, ""variables"": 12}",/data/mrumoca/eval/results/thermopower/findings.jsonl
thermopower,historical-static,ThermoPower.Examples.RankineCycle.Models.PID,6,STRUCTURE_DEGENERATES_AT_ZERO,low,False,hold-needs-source-and-witness-review,"{""parameter"": ""Ti"", ""contract"": ""ThermoPower.Examples.RankineCycle.Models.PID.Ti: algebraic_limit (proven, from equation) \u2014 the parameter multiplies a derivative, so at zero the differential relation becomes an algebraic constraint rather than an undefined quotient"", ""contract_behavior"": ""algebraic_limit"", ""contract_confidence"": ""proven"", ""confidence"": ""low"", ""result"": ""TOPOLOGY_SPECIFIC"", ""incidences_lost"": 0, ""unknowns_left_undetermined"": 0, ""evidence_kind"": ""scales-a-rate"", ""note"": ""at zero this parameter removes a state and the equation that determines it. The matching survives, so the system is not structurally short; whether it is *algebraically* singular depends on this model's topology and initialization and needs execution to decide. This is not a claim that the declaration should forbid zero.""}",/data/mrumoca/eval/results/thermopower/findings.jsonl
thermopower,historical-static,ThermoPower.Gas.SensP,0,network-port-unconnected,low,False,standalone-topology-not-defect-proof,"{""connector"": ""flange"", ""component"": ""<top level>"", ""component_class"": ""unknown"", ""flows_forced_to_zero"": ""flange.m_flow"", ""note"": ""nothing is connected to this port, so MLS \u00a79.2 forces its flow to zero. That is correct for a component compiled on its own and is not a defect; it is recorded because it is the commonest reason a model looks structurally singular""}",/data/mrumoca/eval/results/thermopower/findings.jsonl
thermopower,historical-static,ThermoPower.Gas.SensP,1,network-component-isolated,low,False,standalone-topology-not-defect-proof,"{""component"": ""<top level>"", ""component_class"": ""unknown"", ""ports"": ""flange"", ""note"": ""every port of this instance is unconnected, so it exchanges nothing with the rest of the model while still contributing its equations""}",/data/mrumoca/eval/results/thermopower/findings.jsonl
thermopower,historical-static,ThermoPower.Gas.SensP,2,non-square-block,medium,False,hold-needs-source-and-witness-review,"{""block"": 0, ""equations"": 2, ""variables"": 1}",/data/mrumoca/eval/results/thermopower/findings.jsonl
thermopower,historical-static,ThermoPower.Gas.SensP,3,UNMATCHED_VARIABLE,high,False,hold-needs-source-and-witness-review,"{""variable"": ""flange.p"", ""scalars"": 1, ""scalars_determined"": 0, ""region_variables"": 2, ""region_equations"": 1, ""touching_equations"": ""1"", ""confidence"": ""high"", ""result"": ""STRUCTURAL_MATCH_FAILURE"", ""note"": ""no equation in the connected structural region can be matched to this unknown. This is a structural result and says nothing about algebraic rank.""}",/data/mrumoca/eval/results/thermopower/findings.jsonl
thermopower,historical-static,ThermoPower.Gas.SensP,4,UNMATCHED_EQUATION,high,False,hold-needs-source-and-witness-review,"{""equation"": ""flange.m_flow"", ""scalar_rows"": 1, ""rows_matched"": 0, ""confidence"": ""high"", ""result"": ""STRUCTURAL_MATCH_FAILURE"", ""note"": ""this constraint has no unknown left to determine; the region is over-constrained""}",/data/mrumoca/eval/results/thermopower/findings.jsonl
thermopower,historical-static,ThermoPower.Gas.SensP,5,DUPLICATE_EQUATION,medium,False,hold-needs-source-and-witness-review,"{""equations"": ""(flange.m_flow - 0), flange.m_flow"", ""count"": 2, ""confidence"": ""medium"", ""note"": ""the same constraint up to scale, stated more than once; one of them constrains nothing new""}",/data/mrumoca/eval/results/thermopower/findings.jsonl
thermopower,historical-static,ThermoPower.Electrical.PowerSensor,0,network-port-unconnected,low,False,standalone-topology-not-defect-proof,"{""connector"": ""port_a"", ""component"": ""<top level>"", ""component_class"": ""unknown"", ""flows_forced_to_zero"": ""port_a.P"", ""note"": ""nothing is connected to this port, so MLS \u00a79.2 forces its flow to zero. That is correct for a component compiled on its own and is not a defect; it is recorded because it is the commonest reason a model looks structurally singular""}",/data/mrumoca/eval/results/thermopower/findings.jsonl
thermopower,historical-static,ThermoPower.Electrical.PowerSensor,1,network-port-unconnected,low,False,standalone-topology-not-defect-proof,"{""connector"": ""port_b"", ""component"": ""<top level>"", ""component_class"": ""unknown"", ""flows_forced_to_zero"": ""port_b.P"", ""note"": ""nothing is connected to this port, so MLS \u00a79.2 forces its flow to zero. That is correct for a component compiled on its own and is not a defect; it is recorded because it is the commonest reason a model looks structurally singular""}",/data/mrumoca/eval/results/thermopower/findings.jsonl
thermopower,historical-static,ThermoPower.Electrical.PowerSensor,2,network-component-isolated,low,False,standalone-topology-not-defect-proof,"{""component"": ""<top level>"", ""component_class"": ""unknown"", ""ports"": ""port_a, port_b"", ""note"": ""every port of this instance is unconnected, so it exchanges nothing with the rest of the model while still contributing its equations""}",/data/mrumoca/eval/results/thermopower/findings.jsonl
thermopower,historical-static,ThermoPower.Electrical.PowerSensor,3,non-square-block,medium,False,hold-needs-source-and-witness-review,"{""block"": 0, ""equations"": 4, ""variables"": 3}",/data/mrumoca/eval/results/thermopower/findings.jsonl
thermopower,historical-static,ThermoPower.Electrical.PowerSensor,4,UNMATCHED_VARIABLE,high,False,hold-needs-source-and-witness-review,"{""variable"": ""port_b.theta"", ""scalars"": 1, ""scalars_determined"": 0, ""region_variables"": 2, ""region_equations"": 1, ""touching_equations"": ""1"", ""confidence"": ""high"", ""result"": ""STRUCTURAL_MATCH_FAILURE"", ""note"": ""no equation in the connected structural region can be matched to this unknown. This is a structural result and says nothing about algebraic rank.""}",/data/mrumoca/eval/results/thermopower/findings.jsonl
thermopower,historical-static,ThermoPower.Electrical.PowerSensor,5,UNMATCHED_EQUATION,high,False,hold-needs-source-and-witness-review,"{""equation"": ""port_a.P"", ""scalar_rows"": 1, ""rows_matched"": 0, ""confidence"": ""high"", ""result"": ""STRUCTURAL_MATCH_FAILURE"", ""note"": ""this constraint has no unknown left to determine; the region is over-constrained""}",/data/mrumoca/eval/results/thermopower/findings.jsonl
thermopower,historical-static,ThermoPower.Gas.ValveLin,0,network-port-unconnected,low,False,standalone-topology-not-defect-proof,"{""connector"": ""inlet"", ""component"": ""<top level>"", ""component_class"": ""unknown"", ""flows_forced_to_zero"": ""inlet.m_flow"", ""note"": ""nothing is connected to this port, so MLS \u00a79.2 forces its flow to zero. That is correct for a component compiled on its own and is not a defect; it is recorded because it is the commonest reason a model looks structurally singular""}",/data/mrumoca/eval/results/thermopower/findings.jsonl
thermopower,historical-static,ThermoPower.Gas.ValveLin,1,network-port-unconnected,low,False,standalone-topology-not-defect-proof,"{""connector"": ""outlet"", ""component"": ""<top level>"", ""component_class"": ""unknown"", ""flows_forced_to_zero"": ""outlet.m_flow"", ""note"": ""nothing is connected to this port, so MLS \u00a79.2 forces its flow to zero. That is correct for a component compiled on its own and is not a defect; it is recorded because it is the commonest reason a model looks structurally singular""}",/data/mrumoca/eval/results/thermopower/findings.jsonl
thermopower,historical-static,ThermoPower.Gas.ValveLin,2,network-component-isolated,low,False,standalone-topology-not-defect-proof,"{""component"": ""<top level>"", ""component_class"": ""unknown"", ""ports"": ""inlet, outlet"", ""note"": ""every port of this instance is unconnected, so it exchanges nothing with the rest of the model while still contributing its equations""}",/data/mrumoca/eval/results/thermopower/findings.jsonl
thermopower,historical-static,ThermoPower.Gas.ValveLin,3,non-square-block,medium,False,hold-needs-source-and-witness-review,"{""block"": 0, ""equations"": 5, ""variables"": 6}",/data/mrumoca/eval/results/thermopower/findings.jsonl
thermopower,historical-static,ThermoPower.Gas.ValveLin,4,UNMATCHED_VARIABLE,high,False,hold-needs-source-and-witness-review,"{""variable"": ""outlet.p"", ""scalars"": 1, ""scalars_determined"": 0, ""region_variables"": 5, ""region_equations"": 5, ""touching_equations"": ""2"", ""confidence"": ""high"", ""result"": ""STRUCTURAL_MATCH_FAILURE"", ""note"": ""no equation in the connected structural region can be matched to this unknown. This is a structural result and says nothing about algebraic rank.""}",/data/mrumoca/eval/results/thermopower/findings.jsonl
thermopower,historical-static,ThermoPower.Gas.ValveLin,5,UNMATCHED_EQUATION,high,False,hold-needs-source-and-witness-review,"{""equation"": ""inlet.m_flow"", ""scalar_rows"": 1, ""rows_matched"": 0, ""confidence"": ""high"", ""result"": ""STRUCTURAL_MATCH_FAILURE"", ""note"": ""this constraint has no unknown left to determine; the region is over-constrained""}",/data/mrumoca/eval/results/thermopower/findings.jsonl
thermopower,historical-static,ThermoPower.Gas.ValveLin,6,DUPLICATE_EQUATION,medium,False,hold-needs-source-and-witness-review,"{""equations"": ""(inlet.h_outflow - outlet.h_outflow), (inlet.h_outflow - outlet.h_outflow)"", ""count"": 2, ""confidence"": ""medium"", ""note"": ""the same constraint up to scale, stated more than once; one of them constrains nothing new""}",/data/mrumoca/eval/results/thermopower/findings.jsonl
thermopower,historical-static,ThermoPower.Gas.ValveLin,7,STRUCTURE_DEGENERATES_AT_ZERO,low,False,hold-needs-source-and-witness-review,"{""parameter"": ""Kv"", ""contract"": ""ThermoPower.Gas.ValveLin.Kv: feature_disabled (proven, from equation) \u2014 the parameter appears only as a multiplier, so at zero the term it scales drops out and the rest of the model is unaffected"", ""contract_behavior"": ""feature_disabled"", ""contract_confidence"": ""proven"", ""confidence"": ""low"", ""result"": ""TOPOLOGY_SPECIFIC"", ""incidences_lost"": 3, ""unknowns_left_undetermined"": 1, ""evidence_kind"": ""matching-shortfall"", ""note"": ""at zero the terms this parameter scales drop out, and the maximum matching over this model then falls short by 1: that many unknowns have no equation left to determine them. This is proof that the system is under-determined at that value, and it is a fact about this topology, not about the component's declaration.""}",/data/mrumoca/eval/results/thermopower/findings.jsonl
thermopower,historical-static,ThermoPower.Electrical.TransmissionLine,0,divisor-reachable-zero,high,False,hold-needs-source-and-witness-review,"{""denominator"": ""Xpu"", ""witness"": ""Xpu = 0"", ""witness_rationale"": ""set to zero"", ""denominator_at_witness"": 0.0, ""denominator_at_declared_values"": 0.1, ""denominator_range"": ""[-inf, inf]"", ""path_condition"": ""always evaluated"", ""verdict"": ""SAT"", ""proof"": ""the division is not inside any branch"", ""constraints"": ""Xpu: unbounded"", ""note"": ""a permitted assignment drives the complete denominator to zero and the division is still evaluated there""}",/data/mrumoca/eval/results/thermopower/findings.jsonl
thermopower,historical-static,ThermoPower.Electrical.TransmissionLine,1,network-port-unconnected,low,False,standalone-topology-not-defect-proof,"{""connector"": ""port_a"", ""component"": ""<top level>"", ""component_class"": ""unknown"", ""flows_forced_to_zero"": ""port_a.P"", ""note"": ""nothing is connected to this port, so MLS \u00a79.2 forces its flow to zero. That is correct for a component compiled on its own and is not a defect; it is recorded because it is the commonest reason a model looks structurally singular""}",/data/mrumoca/eval/results/thermopower/findings.jsonl
thermopower,historical-static,ThermoPower.Electrical.TransmissionLine,2,network-port-unconnected,low,False,standalone-topology-not-defect-proof,"{""connector"": ""port_b"", ""component"": ""<top level>"", ""component_class"": ""unknown"", ""flows_forced_to_zero"": ""port_b.P"", ""note"": ""nothing is connected to this port, so MLS \u00a79.2 forces its flow to zero. That is correct for a component compiled on its own and is not a defect; it is recorded because it is the commonest reason a model looks structurally singular""}",/data/mrumoca/eval/results/thermopower/findings.jsonl
thermopower,historical-static,ThermoPower.Electrical.TransmissionLine,3,network-component-isolated,low,False,standalone-topology-not-defect-proof,"{""component"": ""<top level>"", ""component_class"": ""unknown"", ""ports"": ""port_a, port_b"", ""note"": ""every port of this instance is unconnected, so it exchanges nothing with the rest of the model while still contributing its equations""}",/data/mrumoca/eval/results/thermopower/findings.jsonl
thermopower,historical-static,ThermoPower.Electrical.TransmissionLine,4,UNMATCHED_VARIABLE,high,False,hold-needs-source-and-witness-review,"{""variable"": ""port_b.theta"", ""scalars"": 1, ""scalars_determined"": 0, ""region_variables"": 6, ""region_equations"": 6, ""touching_equations"": ""1"", ""confidence"": ""high"", ""result"": ""STRUCTURAL_MATCH_FAILURE"", ""note"": ""no equation in the connected structural region can be matched to this unknown. This is a structural result and says nothing about algebraic rank.""}",/data/mrumoca/eval/results/thermopower/findings.jsonl
thermopower,historical-static,ThermoPower.Electrical.TransmissionLine,5,UNMATCHED_EQUATION,high,False,hold-needs-source-and-witness-review,"{""equation"": ""port_a.P"", ""scalar_rows"": 1, ""rows_matched"": 0, ""confidence"": ""high"", ""result"": ""STRUCTURAL_MATCH_FAILURE"", ""note"": ""this constraint has no unknown left to determine; the region is over-constrained""}",/data/mrumoca/eval/results/thermopower/findings.jsonl
thermopower,historical-static,ThermoPower.PowerPlants.Control.PID,0,switching-threshold,info,False,hold-needs-source-and-witness-review,"{""parameter"": ""Ti"", ""threshold"": 0.0}",/data/mrumoca/eval/results/thermopower/findings.jsonl
thermopower,historical-static,ThermoPower.PowerPlants.Control.PID,1,divisor-zero-at-declared-values,high,False,hold-check-unset-parameters-and-inputs,"{""denominator"": ""(PVmax - PVmin)"", ""witness"": ""none needed"", ""witness_rationale"": ""the denominator is zero as declared"", ""denominator_at_witness"": 0.0, ""denominator_at_declared_values"": 0.0, ""denominator_range"": """", ""path_condition"": ""always evaluated"", ""verdict"": ""SAT"", ""proof"": ""no assignment is needed: the denominator is zero at the model's own declared values"", ""constraints"": """", ""note"": ""the division fails without anything being changed, so no parameter can be blamed and none needs to be""}",/data/mrumoca/eval/results/thermopower/findings.jsonl
thermopower,historical-static,ThermoPower.PowerPlants.Control.PID,2,divisor-zero-at-declared-values,high,False,hold-check-unset-parameters-and-inputs,"{""denominator"": ""(PVmax - PVmin)"", ""witness"": ""none needed"", ""witness_rationale"": ""the denominator is zero as declared"", ""denominator_at_witness"": 0.0, ""denominator_at_declared_values"": 0.0, ""denominator_range"": """", ""path_condition"": ""always evaluated"", ""verdict"": ""SAT"", ""proof"": ""no assignment is needed: the denominator is zero at the model's own declared values"", ""constraints"": """", ""note"": ""the division fails without anything being changed, so no parameter can be blamed and none needs to be""}",/data/mrumoca/eval/results/thermopower/findings.jsonl
thermopower,historical-static,ThermoPower.PowerPlants.Control.PID,3,divisor-zero-at-declared-values,high,False,hold-check-unset-parameters-and-inputs,"{""denominator"": ""(Kp * Ni)"", ""witness"": ""none needed"", ""witness_rationale"": ""the denominator is zero as declared"", ""denominator_at_witness"": 0.0, ""denominator_at_declared_values"": 0.0, ""denominator_range"": """", ""path_condition"": ""always evaluated"", ""verdict"": ""SAT"", ""proof"": ""no assignment is needed: the denominator is zero at the model's own declared values"", ""constraints"": """", ""note"": ""the division fails without anything being changed, so no parameter can be blamed and none needs to be""}",/data/mrumoca/eval/results/thermopower/findings.jsonl
thermopower,historical-static,ThermoPower.PowerPlants.Control.PID,4,divisor-zero-at-declared-values,high,False,hold-check-unset-parameters-and-inputs,"{""denominator"": ""Kp"", ""witness"": ""none needed"", ""witness_rationale"": ""the denominator is zero as declared"", ""denominator_at_witness"": 0.0, ""denominator_at_declared_values"": 0.0, ""denominator_range"": """", ""path_condition"": ""always evaluated"", ""verdict"": ""SAT"", ""proof"": ""no assignment is needed: the denominator is zero at the model's own declared values"", ""constraints"": """", ""note"": ""the division fails without anything being changed, so no parameter can be blamed and none needs to be""}",/data/mrumoca/eval/results/thermopower/findings.jsonl
thermopower,historical-static,ThermoPower.PowerPlants.Control.PID,5,vanishing-coefficient,medium,False,hold-needs-source-and-witness-review,"{""parameter"": ""Ti"", ""declared_min"": null, ""shape"": ""parameter multiplies a derivative; zero removes the equation's only determination of that state""}",/data/mrumoca/eval/results/thermopower/findings.jsonl
thermopower,historical-static,ThermoPower.PowerPlants.Control.PID,6,non-square-block,medium,False,hold-needs-source-and-witness-review,"{""block"": 0, ""equations"": 10, ""variables"": 12}",/data/mrumoca/eval/results/thermopower/findings.jsonl
thermopower,historical-static,ThermoPower.PowerPlants.Control.PID,7,STRUCTURE_DEGENERATES_AT_ZERO,low,False,hold-needs-source-and-witness-review,"{""parameter"": ""Ti"", ""contract"": ""ThermoPower.PowerPlants.Control.PID.Ti: algebraic_limit (proven, from equation) \u2014 the parameter multiplies a derivative, so at zero the differential relation becomes an algebraic constraint rather than an undefined quotient"", ""contract_behavior"": ""algebraic_limit"", ""contract_confidence"": ""proven"", ""confidence"": ""low"", ""result"": ""TOPOLOGY_SPECIFIC"", ""incidences_lost"": 0, ""unknowns_left_undetermined"": 0, ""evidence_kind"": ""scales-a-rate"", ""note"": ""at zero this parameter removes a state and the equation that determines it. The matching survives, so the system is not structurally short; whether it is *algebraically* singular depends on this model's topology and initialization and needs execution to decide. This is not a claim that the declaration should forbid zero.""}",/data/mrumoca/eval/results/thermopower/findings.jsonl
thermopower,historical-static,ThermoPower.PowerPlants.HRSG.Components.BaseReader_water,0,network-port-unconnected,low,False,standalone-topology-not-defect-proof,"{""connector"": ""inlet"", ""component"": ""<top level>"", ""component_class"": ""unknown"", ""flows_forced_to_zero"": ""inlet.m_flow"", ""note"": ""nothing is connected to this port, so MLS \u00a79.2 forces its flow to zero. That is correct for a component compiled on its own and is not a defect; it is recorded because it is the commonest reason a model looks structurally singular""}",/data/mrumoca/eval/results/thermopower/findings.jsonl
thermopower,historical-static,ThermoPower.PowerPlants.HRSG.Components.BaseReader_water,1,network-port-unconnected,low,False,standalone-topology-not-defect-proof,"{""connector"": ""outlet"", ""component"": ""<top level>"", ""component_class"": ""unknown"", ""flows_forced_to_zero"": ""outlet.m_flow"", ""note"": ""nothing is connected to this port, so MLS \u00a79.2 forces its flow to zero. That is correct for a component compiled on its own and is not a defect; it is recorded because it is the commonest reason a model looks structurally singular""}",/data/mrumoca/eval/results/thermopower/findings.jsonl
thermopower,historical-static,ThermoPower.PowerPlants.HRSG.Components.BaseReader_water,2,network-component-isolated,low,False,standalone-topology-not-defect-proof,"{""component"": ""<top level>"", ""component_class"": ""unknown"", ""ports"": ""inlet, outlet"", ""note"": ""every port of this instance is unconnected, so it exchanges nothing with the rest of the model while still contributing its equations""}",/data/mrumoca/eval/results/thermopower/findings.jsonl
thermopower,historical-static,ThermoPower.PowerPlants.HRSG.Components.BaseReader_water,3,non-square-block,medium,False,hold-needs-source-and-witness-review,"{""block"": 0, ""equations"": 3, ""variables"": 2}",/data/mrumoca/eval/results/thermopower/findings.jsonl
thermopower,historical-static,ThermoPower.PowerPlants.HRSG.Components.BaseReader_water,4,UNMATCHED_VARIABLE,high,False,hold-needs-source-and-witness-review,"{""variable"": ""outlet.p"", ""scalars"": 1, ""scalars_determined"": 0, ""region_variables"": 2, ""region_equations"": 1, ""touching_equations"": ""1"", ""confidence"": ""high"", ""result"": ""STRUCTURAL_MATCH_FAILURE"", ""note"": ""no equation in the connected structural region can be matched to this unknown. This is a structural result and says nothing about algebraic rank.""}",/data/mrumoca/eval/results/thermopower/findings.jsonl
thermopower,historical-static,ThermoPower.PowerPlants.HRSG.Components.BaseReader_water,5,UNMATCHED_EQUATION,high,False,hold-needs-source-and-witness-review,"{""equation"": ""inlet.m_flow"", ""scalar_rows"": 1, ""rows_matched"": 0, ""confidence"": ""high"", ""result"": ""STRUCTURAL_MATCH_FAILURE"", ""note"": ""this constraint has no unknown left to determine; the region is over-constrained""}",/data/mrumoca/eval/results/thermopower/findings.jsonl
thermopower,historical-static,ThermoPower.PowerPlants.HRSG.Components.BaseReader_water,6,DUPLICATE_EQUATION,medium,False,hold-needs-source-and-witness-review,"{""equations"": ""(inlet.h_outflow - outlet.h_outflow), (inlet.h_outflow - outlet.h_outflow)"", ""count"": 2, ""confidence"": ""medium"", ""note"": ""the same constraint up to scale, stated more than once; one of them constrains nothing new""}",/data/mrumoca/eval/results/thermopower/findings.jsonl
thermopower,historical-static,ThermoPower.PowerPlants.HRSG.Components.BaseReader_gas,0,network-port-unconnected,low,False,standalone-topology-not-defect-proof,"{""connector"": ""inlet"", ""component"": ""<top level>"", ""component_class"": ""unknown"", ""flows_forced_to_zero"": ""inlet.m_flow"", ""note"": ""nothing is connected to this port, so MLS \u00a79.2 forces its flow to zero. That is correct for a component compiled on its own and is not a defect; it is recorded because it is the commonest reason a model looks structurally singular""}",/data/mrumoca/eval/results/thermopower/findings.jsonl
thermopower,historical-static,ThermoPower.PowerPlants.HRSG.Components.BaseReader_gas,1,network-port-unconnected,low,False,standalone-topology-not-defect-proof,"{""connector"": ""outlet"", ""component"": ""<top level>"", ""component_class"": ""unknown"", ""flows_forced_to_zero"": ""outlet.m_flow"", ""note"": ""nothing is connected to this port, so MLS \u00a79.2 forces its flow to zero. That is correct for a component compiled on its own and is not a defect; it is recorded because it is the commonest reason a model looks structurally singular""}",/data/mrumoca/eval/results/thermopower/findings.jsonl
thermopower,historical-static,ThermoPower.PowerPlants.HRSG.Components.BaseReader_gas,2,network-component-isolated,low,False,standalone-topology-not-defect-proof,"{""component"": ""<top level>"", ""component_class"": ""unknown"", ""ports"": ""inlet, outlet"", ""note"": ""every port of this instance is unconnected, so it exchanges nothing with the rest of the model while still contributing its equations""}",/data/mrumoca/eval/results/thermopower/findings.jsonl
thermopower,historical-static,ThermoPower.PowerPlants.HRSG.Components.BaseReader_gas,3,non-square-block,medium,False,hold-needs-source-and-witness-review,"{""block"": 0, ""equations"": 3, ""variables"": 2}",/data/mrumoca/eval/results/thermopower/findings.jsonl
thermopower,historical-static,ThermoPower.PowerPlants.HRSG.Components.BaseReader_gas,4,UNMATCHED_VARIABLE,high,False,hold-needs-source-and-witness-review,"{""variable"": ""outlet.p"", ""scalars"": 1, ""scalars_determined"": 0, ""region_variables"": 2, ""region_equations"": 1, ""touching_equations"": ""1"", ""confidence"": ""high"", ""result"": ""STRUCTURAL_MATCH_FAILURE"", ""note"": ""no equation in the connected structural region can be matched to this unknown. This is a structural result and says nothing about algebraic rank.""}",/data/mrumoca/eval/results/thermopower/findings.jsonl
thermopower,historical-static,ThermoPower.PowerPlants.HRSG.Components.BaseReader_gas,5,UNMATCHED_EQUATION,high,False,hold-needs-source-and-witness-review,"{""equation"": ""inlet.m_flow"", ""scalar_rows"": 1, ""rows_matched"": 0, ""confidence"": ""high"", ""result"": ""STRUCTURAL_MATCH_FAILURE"", ""note"": ""this constraint has no unknown left to determine; the region is over-constrained""}",/data/mrumoca/eval/results/thermopower/findings.jsonl
thermopower,historical-static,ThermoPower.PowerPlants.HRSG.Components.BaseReader_gas,6,DUPLICATE_EQUATION,medium,False,hold-needs-source-and-witness-review,"{""equations"": ""(inlet.h_outflow - outlet.h_outflow), (inlet.h_outflow - outlet.h_outflow)"", ""count"": 2, ""confidence"": ""medium"", ""note"": ""the same constraint up to scale, stated more than once; one of them constrains nothing new""}",/data/mrumoca/eval/results/thermopower/findings.jsonl
thermopower,historical-static,ThermoPower.Test.ElectricalComponents.SecondaryController,0,divisor-reachable-zero,high,False,hold-needs-source-and-witness-review,"{""denominator"": ""f0"", ""witness"": ""f0 = 0"", ""witness_rationale"": ""set to zero"", ""denominator_at_witness"": 0.0, ""denominator_at_declared_values"": 50.0, ""denominator_range"": ""[-inf, inf]"", ""path_condition"": ""always evaluated"", ""verdict"": ""SAT"", ""proof"": ""the division is not inside any branch"", ""constraints"": ""f0: unbounded"", ""note"": ""a permitted assignment drives the complete denominator to zero and the division is still evaluated there""}",/data/mrumoca/eval/results/thermopower/findings.jsonl
thermopower,historical-static,ThermoPower.Test.ElectricalComponents.SecondaryController,1,divisor-reachable-zero,high,False,hold-needs-source-and-witness-review,"{""denominator"": ""(Ts * droop)"", ""witness"": ""Ts = 0"", ""witness_rationale"": ""set to zero"", ""denominator_at_witness"": 0.0, ""denominator_at_declared_values"": null, ""denominator_range"": ""[-inf, inf]"", ""path_condition"": ""always evaluated"", ""verdict"": ""SAT"", ""proof"": ""the division is not inside any branch"", ""constraints"": ""Ts: unbounded"", ""note"": ""a permitted assignment drives the complete denominator to zero and the division is still evaluated there""}",/data/mrumoca/eval/results/thermopower/findings.jsonl
thermopower,historical-static,ThermoPower.Test.ElectricalComponents.SecondaryController,2,divisor-reachable-zero,high,False,hold-needs-source-and-witness-review,"{""denominator"": ""(f0 * droop)"", ""witness"": ""f0 = 0"", ""witness_rationale"": ""set to zero"", ""denominator_at_witness"": 0.0, ""denominator_at_declared_values"": 2.5, ""denominator_range"": ""[-inf, inf]"", ""path_condition"": ""always evaluated"", ""verdict"": ""SAT"", ""proof"": ""the division is not inside any branch"", ""constraints"": ""f0: unbounded"", ""note"": ""a permitted assignment drives the complete denominator to zero and the division is still evaluated there""}",/data/mrumoca/eval/results/thermopower/findings.jsonl
thermopower,historical-static,ThermoPower.Test.ElectricalComponents.SecondaryController,3,divisor-reachable-zero,high,False,hold-needs-source-and-witness-review,"{""denominator"": ""(f0 * droop)"", ""witness"": ""f0 = 0"", ""witness_rationale"": ""set to zero"", ""denominator_at_witness"": 0.0, ""denominator_at_declared_values"": 2.5, ""denominator_range"": ""[-inf, inf]"", ""path_condition"": ""always evaluated"", ""verdict"": ""SAT"", ""proof"": ""the division is not inside any branch"", ""constraints"": ""f0: unbounded"", ""note"": ""a permitted assignment drives the complete denominator to zero and the division is still evaluated there""}",/data/mrumoca/eval/results/thermopower/findings.jsonl
thermopower,historical-static,ThermoPower.Test.ElectricalComponents.SecondaryController,4,binding-unit-conflict,high,False,source-unit-review,"{""variable"": ""mu"", ""declared_unit"": ""rad/s"", ""declared_dimension"": ""s-1"", ""binding"": ""(((5 * Ts) * Pnom) / (f0 * droop))"", ""binding_dimension"": ""kg.m2.s-1"", ""reads"": ""f0[Hz], Pnom[W], Ts[s]"", ""note"": ""the declaration promises one dimension and its own binding expression computes another; no choice of values reconciles them""}",/data/mrumoca/eval/results/thermopower/findings.jsonl
thermopower,historical-static,ThermoPower.Test.ElectricalComponents.SecondaryController,5,STRUCTURE_DEGENERATES_AT_ZERO,low,False,hold-needs-source-and-witness-review,"{""parameter"": ""Pnom"", ""contract"": ""ThermoPower.Test.ElectricalComponents.SecondaryController.Pnom: feature_disabled (proven, from equation) \u2014 the parameter appears only as a multiplier, so at zero the term it scales drops out and the rest of the model is unaffected"", ""contract_behavior"": ""feature_disabled"", ""contract_confidence"": ""proven"", ""confidence"": ""low"", ""result"": ""TOPOLOGY_SPECIFIC"", ""incidences_lost"": 0, ""unknowns_left_undetermined"": 0, ""evidence_kind"": ""scales-a-rate"", ""note"": ""at zero this parameter removes a state and the equation that determines it. The matching survives, so the system is not structurally short; whether it is *algebraically* singular depends on this model's topology and initialization and needs execution to decide. This is not a claim that the declaration should forbid zero.""}",/data/mrumoca/eval/results/thermopower/findings.jsonl
thermopower,historical-static,ThermoPower.PowerPlants.SteamTurbineGroup.Components.PrescribedSpeed,0,network-port-unconnected,low,False,standalone-topology-not-defect-proof,"{""connector"": ""flange"", ""component"": ""<top level>"", ""component_class"": ""unknown"", ""flows_forced_to_zero"": ""flange.tau"", ""note"": ""nothing is connected to this port, so MLS \u00a79.2 forces its flow to zero. That is correct for a component compiled on its own and is not a defect; it is recorded because it is the commonest reason a model looks structurally singular""}",/data/mrumoca/eval/results/thermopower/findings.jsonl
thermopower,historical-static,ThermoPower.PowerPlants.SteamTurbineGroup.Components.PrescribedSpeed,1,network-component-isolated,low,False,standalone-topology-not-defect-proof,"{""component"": ""<top level>"", ""component_class"": ""unknown"", ""ports"": ""flange"", ""note"": ""every port of this instance is unconnected, so it exchanges nothing with the rest of the model while still contributing its equations""}",/data/mrumoca/eval/results/thermopower/findings.jsonl
thermopower,historical-static,ThermoPower.PowerPlants.SteamTurbineGroup.Components.PrescribedSpeed,2,non-square-block,medium,False,hold-needs-source-and-witness-review,"{""block"": 1, ""equations"": 2, ""variables"": 3}",/data/mrumoca/eval/results/thermopower/findings.jsonl
thermopower,historical-static,ThermoPower.PowerPlants.HRSG.Components.ConvParallel,0,start-violates-min,high,False,hold-needs-source-and-witness-review,"{""variable"": ""source.N"", ""start"": 0, ""bound"": ""min"", ""limit"": 1}",/data/mrumoca/eval/results/thermopower/findings.jsonl
thermopower,historical-static,ThermoPower.PowerPlants.HRSG.Components.ConvParallel,1,start-violates-min,high,False,hold-needs-source-and-witness-review,"{""variable"": ""objectA.N"", ""start"": 0, ""bound"": ""min"", ""limit"": 1}",/data/mrumoca/eval/results/thermopower/findings.jsonl
thermopower,historical-static,ThermoPower.PowerPlants.HRSG.Components.ConvParallel,2,start-violates-min,high,False,hold-needs-source-and-witness-review,"{""variable"": ""objectB.N"", ""start"": 0, ""bound"": ""min"", ""limit"": 1}",/data/mrumoca/eval/results/thermopower/findings.jsonl
thermopower,historical-static,ThermoPower.PowerPlants.HRSG.Components.ConvParallel,3,network-port-unconnected,low,False,standalone-topology-not-defect-proof,"{""connector"": ""source"", ""component"": ""<top level>"", ""component_class"": ""unknown"", ""flows_forced_to_zero"": ""source.phi"", ""note"": ""nothing is connected to this port, so MLS \u00a79.2 forces its flow to zero. That is correct for a component compiled on its own and is not a defect; it is recorded because it is the commonest reason a model looks structurally singular""}",/data/mrumoca/eval/results/thermopower/findings.jsonl
thermopower,historical-static,ThermoPower.PowerPlants.HRSG.Components.ConvParallel,4,network-port-unconnected,low,False,standalone-topology-not-defect-proof,"{""connector"": ""objectA"", ""component"": ""<top level>"", ""component_class"": ""unknown"", ""flows_forced_to_zero"": ""objectA.phi"", ""note"": ""nothing is connected to this port, so MLS \u00a79.2 forces its flow to zero. That is correct for a component compiled on its own and is not a defect; it is recorded because it is the commonest reason a model looks structurally singular""}",/data/mrumoca/eval/results/thermopower/findings.jsonl
thermopower,historical-static,ThermoPower.PowerPlants.HRSG.Components.ConvParallel,5,network-port-unconnected,low,False,standalone-topology-not-defect-proof,"{""connector"": ""objectB"", ""component"": ""<top level>"", ""component_class"": ""unknown"", ""flows_forced_to_zero"": ""objectB.phi"", ""note"": ""nothing is connected to this port, so MLS \u00a79.2 forces its flow to zero. That is correct for a component compiled on its own and is not a defect; it is recorded because it is the commonest reason a model looks structurally singular""}",/data/mrumoca/eval/results/thermopower/findings.jsonl
thermopower,historical-static,ThermoPower.PowerPlants.HRSG.Components.ConvParallel,6,network-component-isolated,low,False,standalone-topology-not-defect-proof,"{""component"": ""<top level>"", ""component_class"": ""unknown"", ""ports"": ""source, objectA, objectB"", ""note"": ""every port of this instance is unconnected, so it exchanges nothing with the rest of the model while still contributing its equations""}",/data/mrumoca/eval/results/thermopower/findings.jsonl
thermopower,historical-static,ThermoPower.PowerPlants.HRSG.Components.ConvParallel,7,physical-zero-is-a-supported-limit,low,False,advisory-or-explicit-non-defect,"{""domain"": ""fluid"", ""rule"": ""fluid.area.positive"", ""rule_origin"": ""a flow cross-section is a divisor in every velocity relation; zero area admits no flow and divides by zero"", ""rule_reference"": """", ""matched_by"": {""quantity"": ""Area"", ""unit"": ""m2"", ""confidence"": ""QUANTITY_AND_UNIT"", ""premise_state"": ""unknown"", ""authority"": ""quantity_or_unit"", ""canonical_declaration"": ""ThermoPower.PowerPlants.HRSG.Components.ConvParallel.As""}, ""required"": ""As > 0"", ""declared_min"": null, ""variable_role"": ""parameter"", ""premise_state"": ""refuted"", ""authority"": ""component_contract"", ""contract"": ""ThermoPower.PowerPlants.HRSG.Components.ConvParallel.As: feature_disabled (proven, from equation) \u2014 the parameter appears only as a multiplier, so at zero the term it scales drops out and the rest of the model is unaffected"", ""contract_behavior"": ""feature_disabled"", ""contract_confidence"": ""proven"", ""contract_source"": ""equation"", ""note"": ""the positivity rule does not apply: this component documents zero as a meaningful limit, so reporting a missing bound would contradict its contract""}",/data/mrumoca/eval/results/thermopower/findings.jsonl
thermopower,historical-static,ThermoPower.PowerPlants.HRSG.Components.ConvParallel,8,physical-zero-is-a-supported-limit,low,False,advisory-or-explicit-non-defect,"{""domain"": ""fluid"", ""rule"": ""fluid.area.positive"", ""rule_origin"": ""a flow cross-section is a divisor in every velocity relation; zero area admits no flow and divides by zero"", ""rule_reference"": """", ""matched_by"": {""quantity"": ""Area"", ""unit"": ""m2"", ""confidence"": ""QUANTITY_AND_UNIT"", ""premise_state"": ""unknown"", ""authority"": ""quantity_or_unit"", ""canonical_declaration"": ""ThermoPower.PowerPlants.HRSG.Components.ConvParallel.Aa""}, ""required"": ""Aa > 0"", ""declared_min"": null, ""variable_role"": ""parameter"", ""premise_state"": ""refuted"", ""authority"": ""component_contract"", ""contract"": ""ThermoPower.PowerPlants.HRSG.Components.ConvParallel.Aa: feature_disabled (proven, from equation) \u2014 the parameter appears only as a multiplier, so at zero the term it scales drops out and the rest of the model is unaffected"", ""contract_behavior"": ""feature_disabled"", ""contract_confidence"": ""proven"", ""contract_source"": ""equation"", ""note"": ""the positivity rule does not apply: this component documents zero as a meaningful limit, so reporting a missing bound would contradict its contract""}",/data/mrumoca/eval/results/thermopower/findings.jsonl
thermopower,historical-static,ThermoPower.PowerPlants.HRSG.Components.ConvParallel,9,physical-zero-is-a-supported-limit,low,False,advisory-or-explicit-non-defect,"{""domain"": ""fluid"", ""rule"": ""fluid.area.positive"", ""rule_origin"": ""a flow cross-section is a divisor in every velocity relation; zero area admits no flow and divides by zero"", ""rule_reference"": """", ""matched_by"": {""quantity"": ""Area"", ""unit"": ""m2"", ""confidence"": ""QUANTITY_AND_UNIT"", ""premise_state"": ""unknown"", ""authority"": ""quantity_or_unit"", ""canonical_declaration"": ""ThermoPower.PowerPlants.HRSG.Components.ConvParallel.Ab""}, ""required"": ""Ab > 0"", ""declared_min"": null, ""variable_role"": ""parameter"", ""premise_state"": ""refuted"", ""authority"": ""component_contract"", ""contract"": ""ThermoPower.PowerPlants.HRSG.Components.ConvParallel.Ab: feature_disabled (proven, from equation) \u2014 the parameter appears only as a multiplier, so at zero the term it scales drops out and the rest of the model is unaffected"", ""contract_behavior"": ""feature_disabled"", ""contract_confidence"": ""proven"", ""contract_source"": ""equation"", ""note"": ""the positivity rule does not apply: this component documents zero as a meaningful limit, so reporting a missing bound would contradict its contract""}",/data/mrumoca/eval/results/thermopower/findings.jsonl
thermopower,historical-static,ThermoPower.PowerPlants.HRSG.Components.ConvParallel,10,non-square-block,medium,False,hold-needs-source-and-witness-review,"{""block"": 0, ""equations"": 4, ""variables"": 3}",/data/mrumoca/eval/results/thermopower/findings.jsonl
thermopower,historical-static,ThermoPower.PowerPlants.HRSG.Components.ConvParallel,11,non-square-block,medium,False,hold-needs-source-and-witness-review,"{""block"": 1, ""equations"": 2, ""variables"": 3}",/data/mrumoca/eval/results/thermopower/findings.jsonl
thermopower,historical-static,ThermoPower.PowerPlants.HRSG.Components.ConvParallel,12,UNMATCHED_VARIABLE,high,False,hold-needs-source-and-witness-review,"{""variable"": ""objectB.T"", ""scalars"": 2, ""scalars_determined"": 0, ""region_variables"": 3, ""region_equations"": 2, ""touching_equations"": ""family 2"", ""confidence"": ""high"", ""result"": ""STRUCTURAL_MATCH_FAILURE"", ""note"": ""2 of 2 scalars have no equation row left to determine them. This is a structural result and says nothing about algebraic rank.""}",/data/mrumoca/eval/results/thermopower/findings.jsonl
thermopower,historical-static,ThermoPower.PowerPlants.HRSG.Components.ConvParallel,13,UNMATCHED_EQUATION,high,False,hold-needs-source-and-witness-review,"{""equation"": ""for __array_i1 in 1:2 loop 0 = ((((source.phi * As) + (objectA.phi * Aa)) + (objectB.phi * "", ""scalar_rows"": 2, ""rows_matched"": 0, ""confidence"": ""high"", ""result"": ""STRUCTURAL_MATCH_FAILURE"", ""note"": ""this constraint has no unknown left to determine; the region is over-constrained (2 of 2 rows spare)""}",/data/mrumoca/eval/results/thermopower/findings.jsonl
thermopower,historical-static,ThermoPower.PowerPlants.SteamTurbineGroup.Components.BaseReader_water,0,network-port-unconnected,low,False,standalone-topology-not-defect-proof,"{""connector"": ""inlet"", ""component"": ""<top level>"", ""component_class"": ""unknown"", ""flows_forced_to_zero"": ""inlet.m_flow"", ""note"": ""nothing is connected to this port, so MLS \u00a79.2 forces its flow to zero. That is correct for a component compiled on its own and is not a defect; it is recorded because it is the commonest reason a model looks structurally singular""}",/data/mrumoca/eval/results/thermopower/findings.jsonl
thermopower,historical-static,ThermoPower.PowerPlants.SteamTurbineGroup.Components.BaseReader_water,1,network-port-unconnected,low,False,standalone-topology-not-defect-proof,"{""connector"": ""outlet"", ""component"": ""<top level>"", ""component_class"": ""unknown"", ""flows_forced_to_zero"": ""outlet.m_flow"", ""note"": ""nothing is connected to this port, so MLS \u00a79.2 forces its flow to zero. That is correct for a component compiled on its own and is not a defect; it is recorded because it is the commonest reason a model looks structurally singular""}",/data/mrumoca/eval/results/thermopower/findings.jsonl
thermopower,historical-static,ThermoPower.PowerPlants.SteamTurbineGroup.Components.BaseReader_water,2,network-component-isolated,low,False,standalone-topology-not-defect-proof,"{""component"": ""<top level>"", ""component_class"": ""unknown"", ""ports"": ""inlet, outlet"", ""note"": ""every port of this instance is unconnected, so it exchanges nothing with the rest of the model while still contributing its equations""}",/data/mrumoca/eval/results/thermopower/findings.jsonl
thermopower,historical-static,ThermoPower.PowerPlants.SteamTurbineGroup.Components.BaseReader_water,3,non-square-block,medium,False,hold-needs-source-and-witness-review,"{""block"": 0, ""equations"": 3, ""variables"": 2}",/data/mrumoca/eval/results/thermopower/findings.jsonl
thermopower,historical-static,ThermoPower.PowerPlants.SteamTurbineGroup.Components.BaseReader_water,4,UNMATCHED_VARIABLE,high,False,hold-needs-source-and-witness-review,"{""variable"": ""outlet.p"", ""scalars"": 1, ""scalars_determined"": 0, ""region_variables"": 2, ""region_equations"": 1, ""touching_equations"": ""1"", ""confidence"": ""high"", ""result"": ""STRUCTURAL_MATCH_FAILURE"", ""note"": ""no equation in the connected structural region can be matched to this unknown. This is a structural result and says nothing about algebraic rank.""}",/data/mrumoca/eval/results/thermopower/findings.jsonl
thermopower,historical-static,ThermoPower.PowerPlants.SteamTurbineGroup.Components.BaseReader_water,5,UNMATCHED_EQUATION,high,False,hold-needs-source-and-witness-review,"{""equation"": ""inlet.m_flow"", ""scalar_rows"": 1, ""rows_matched"": 0, ""confidence"": ""high"", ""result"": ""STRUCTURAL_MATCH_FAILURE"", ""note"": ""this constraint has no unknown left to determine; the region is over-constrained""}",/data/mrumoca/eval/results/thermopower/findings.jsonl
thermopower,historical-static,ThermoPower.PowerPlants.SteamTurbineGroup.Components.BaseReader_water,6,DUPLICATE_EQUATION,medium,False,hold-needs-source-and-witness-review,"{""equations"": ""(inlet.h_outflow - outlet.h_outflow), (inlet.h_outflow - outlet.h_outflow)"", ""count"": 2, ""confidence"": ""medium"", ""note"": ""the same constraint up to scale, stated more than once; one of them constrains nothing new""}",/data/mrumoca/eval/results/thermopower/findings.jsonl
thermopower,historical-static,ThermoPower.Test.ElectricalComponents.TestElectrical2,0,divisor-reachable-zero,high,False,hold-needs-source-and-witness-review,"{""denominator"": ""generator.eta"", ""witness"": ""generator.eta = 0"", ""witness_rationale"": ""set to zero"", ""denominator_at_witness"": 0.0, ""denominator_at_declared_values"": 1.0, ""denominator_range"": ""[-inf, inf]"", ""path_condition"": ""always evaluated"", ""verdict"": ""SAT"", ""proof"": ""the division is not inside any branch"", ""constraints"": ""generator.eta: unbounded"", ""note"": ""a permitted assignment drives the complete denominator to zero and the division is still evaluated there""}",/data/mrumoca/eval/results/thermopower/findings.jsonl
thermopower,historical-static,ThermoPower.Test.ElectricalComponents.TestElectrical2,1,divisor-reachable-zero,high,False,hold-needs-source-and-witness-review,"{""denominator"": ""load.fnom"", ""witness"": ""load.fnom = 0"", ""witness_rationale"": ""set to zero"", ""denominator_at_witness"": 0.0, ""denominator_at_declared_values"": 50.0, ""denominator_range"": ""[-inf, inf]"", ""path_condition"": ""always evaluated"", ""verdict"": ""SAT"", ""proof"": ""the division is not inside any branch"", ""constraints"": ""load.fnom: unbounded"", ""note"": ""a permitted assignment drives the complete denominator to zero and the division is still evaluated there""}",/data/mrumoca/eval/results/thermopower/findings.jsonl
thermopower,historical-static,ThermoPower.Test.ElectricalComponents.TestElectrical2,2,divisor-reachable-zero,high,False,hold-needs-source-and-witness-review,"{""denominator"": ""grid.Pgrid"", ""witness"": ""grid.Pgrid = 0"", ""witness_rationale"": ""set to zero"", ""denominator_at_witness"": 0.0, ""denominator_at_declared_values"": 1000000000.0, ""denominator_range"": ""[-inf, inf]"", ""path_condition"": ""always evaluated"", ""verdict"": ""SAT"", ""proof"": ""the division is not inside any branch"", ""constraints"": ""grid.Pgrid: unbounded"", ""note"": ""a permitted assignment drives the complete denominator to zero and the division is still evaluated there""}",/data/mrumoca/eval/results/thermopower/findings.jsonl
thermopower,historical-static,ThermoPower.Test.ElectricalComponents.TestElectrical2,3,divisor-reachable-zero,high,False,hold-needs-source-and-witness-review,"{""denominator"": ""Np"", ""witness"": ""Np = 0"", ""witness_rationale"": ""set to zero"", ""denominator_at_witness"": 0.0, ""denominator_at_declared_values"": 2.0, ""denominator_range"": ""[-inf, inf]"", ""path_condition"": ""always evaluated"", ""verdict"": ""SAT"", ""proof"": ""the division is not inside any branch"", ""constraints"": ""Np: unbounded"", ""note"": ""a permitted assignment drives the complete denominator to zero and the division is still evaluated there""}",/data/mrumoca/eval/results/thermopower/findings.jsonl
thermopower,historical-static,ThermoPower.Test.ElectricalComponents.TestElectrical2,4,divisor-reachable-zero,high,False,hold-needs-source-and-witness-review,"{""denominator"": ""Np"", ""witness"": ""Np = 0"", ""witness_rationale"": ""set to zero"", ""denominator_at_witness"": 0.0, ""denominator_at_declared_values"": 2.0, ""denominator_range"": ""[-inf, inf]"", ""path_condition"": ""always evaluated"", ""verdict"": ""SAT"", ""proof"": ""the division is not inside any branch"", ""constraints"": ""Np: unbounded"", ""note"": ""a permitted assignment drives the complete denominator to zero and the division is still evaluated there""}",/data/mrumoca/eval/results/thermopower/findings.jsonl
thermopower,historical-static,ThermoPower.Test.ElectricalComponents.TestElectrical2,5,divisor-reachable-zero,high,False,hold-needs-source-and-witness-review,"{""denominator"": ""generator.Np"", ""witness"": ""generator.Np = 0"", ""witness_rationale"": ""set to zero"", ""denominator_at_witness"": 0.0, ""denominator_at_declared_values"": 2.0, ""denominator_range"": ""[-inf, inf]"", ""path_condition"": ""always evaluated"", ""verdict"": ""SAT"", ""proof"": ""the division is not inside any branch"", ""constraints"": ""generator.Np: unbounded"", ""note"": ""a permitted assignment drives the complete denominator to zero and the division is still evaluated there""}",/data/mrumoca/eval/results/thermopower/findings.jsonl
thermopower,historical-static,ThermoPower.Test.ElectricalComponents.TestElectrical2,6,divisor-reachable-zero,high,False,hold-needs-source-and-witness-review,"{""denominator"": ""generator.Np"", ""witness"": ""generator.Np = 0"", ""witness_rationale"": ""set to zero"", ""denominator_at_witness"": 0.0, ""denominator_at_declared_values"": 2.0, ""denominator_range"": ""[-inf, inf]"", ""path_condition"": ""always evaluated"", ""verdict"": ""SAT"", ""proof"": ""the division is not inside any branch"", ""constraints"": ""generator.Np: unbounded"", ""note"": ""a permitted assignment drives the complete denominator to zero and the division is still evaluated there""}",/data/mrumoca/eval/results/thermopower/findings.jsonl
thermopower,historical-static,ThermoPower.Test.ElectricalComponents.TestElectrical2,7,divisor-reachable-zero,high,False,hold-needs-source-and-witness-review,"{""denominator"": ""(generator.omega_m_nom ^ 2)"", ""witness"": ""generator.omega_m_nom = 0"", ""witness_rationale"": ""set to zero"", ""denominator_at_witness"": 0.0, ""denominator_at_declared_values"": 24674.011002723397, ""denominator_range"": ""[0, inf]"", ""path_condition"": ""always evaluated"", ""verdict"": ""SAT"", ""proof"": ""the division is not inside any branch"", ""constraints"": ""generator.omega_m_nom: unbounded"", ""note"": ""a permitted assignment drives the complete denominator to zero and the division is still evaluated there""}",/data/mrumoca/eval/results/thermopower/findings.jsonl
thermopower,historical-static,ThermoPower.Test.ElectricalComponents.TestElectrical2,8,divisor-reachable-zero,high,False,hold-needs-source-and-witness-review,"{""denominator"": ""(generator.omega_m_nom ^ 2)"", ""witness"": ""generator.omega_m_nom = 0"", ""witness_rationale"": ""set to zero"", ""denominator_at_witness"": 0.0, ""denominator_at_declared_values"": 24674.011002723397, ""denominator_range"": ""[0, inf]"", ""path_condition"": ""always evaluated"", ""verdict"": ""SAT"", ""proof"": ""the division is not inside any branch"", ""constraints"": ""generator.omega_m_nom: unbounded"", ""note"": ""a permitted assignment drives the complete denominator to zero and the division is still evaluated there""}",/data/mrumoca/eval/results/thermopower/findings.jsonl
thermopower,historical-static,ThermoPower.Test.ElectricalComponents.TestElectrical2,9,divisor-reachable-zero,high,False,hold-needs-source-and-witness-review,"{""denominator"": ""generator.omega_m_nom"", ""witness"": ""generator.omega_m_nom = 0"", ""witness_rationale"": ""set to zero"", ""denominator_at_witness"": 0.0, ""denominator_at_declared_values"": 157.07963267948966, ""denominator_range"": ""[-inf, inf]"", ""path_condition"": ""always evaluated"", ""verdict"": ""SAT"", ""proof"": ""the division is not inside any branch"", ""constraints"": ""generator.omega_m_nom: unbounded"", ""note"": ""a permitted assignment drives the complete denominator to zero and the division is still evaluated there""}",/data/mrumoca/eval/results/thermopower/findings.jsonl
thermopower,historical-static,ThermoPower.Test.ElectricalComponents.TestElectrical2,10,divisor-reachable-zero,high,False,hold-needs-source-and-witness-review,"{""denominator"": ""generator.omega_m_nom"", ""witness"": ""generator.omega_m_nom = 0"", ""witness_rationale"": ""set to zero"", ""denominator_at_witness"": 0.0, ""denominator_at_declared_values"": 157.07963267948966, ""denominator_range"": ""[-inf, inf]"", ""path_condition"": ""always evaluated"", ""verdict"": ""SAT"", ""proof"": ""the division is not inside any branch"", ""constraints"": ""generator.omega_m_nom: unbounded"", ""note"": ""a permitted assignment drives the complete denominator to zero and the division is still evaluated there""}",/data/mrumoca/eval/results/thermopower/findings.jsonl
thermopower,historical-static,ThermoPower.Test.ElectricalComponents.TestElectrical2,11,divisor-reachable-zero,high,False,hold-needs-source-and-witness-review,"{""denominator"": ""generator.Np"", ""witness"": ""generator.Np = 0"", ""witness_rationale"": ""set to zero"", ""denominator_at_witness"": 0.0, ""denominator_at_declared_values"": 2.0, ""denominator_range"": ""[-inf, inf]"", ""path_condition"": ""always evaluated"", ""verdict"": ""SAT"", ""proof"": ""the division is not inside any branch"", ""constraints"": ""generator.Np: unbounded"", ""note"": ""a permitted assignment drives the complete denominator to zero and the division is still evaluated there""}",/data/mrumoca/eval/results/thermopower/findings.jsonl
thermopower,historical-static,ThermoPower.Test.ElectricalComponents.TestElectrical2,12,divisor-reachable-zero,high,False,hold-needs-source-and-witness-review,"{""denominator"": ""omegan_m"", ""witness"": ""omegan_m = 0"", ""witness_rationale"": ""set to zero"", ""denominator_at_witness"": 0.0, ""denominator_at_declared_values"": 157.07963267948966, ""denominator_range"": ""[-inf, inf]"", ""path_condition"": ""always evaluated"", ""verdict"": ""SAT"", ""proof"": ""the division is not inside any branch"", ""constraints"": ""omegan_m: unbounded"", ""note"": ""a permitted assignment drives the complete denominator to zero and the division is still evaluated there""}",/data/mrumoca/eval/results/thermopower/findings.jsonl
thermopower,historical-static,ThermoPower.Test.ElectricalComponents.TestElectrical2,13,divisor-reachable-zero,high,False,hold-needs-source-and-witness-review,"{""denominator"": ""omegan_m"", ""witness"": ""omegan_m = 0"", ""witness_rationale"": ""set to zero"", ""denominator_at_witness"": 0.0, ""denominator_at_declared_values"": 157.07963267948966, ""denominator_range"": ""[-inf, inf]"", ""path_condition"": ""always evaluated"", ""verdict"": ""SAT"", ""proof"": ""the division is not inside any branch"", ""constraints"": ""omegan_m: unbounded"", ""note"": ""a permitted assignment drives the complete denominator to zero and the division is still evaluated there""}",/data/mrumoca/eval/results/thermopower/findings.jsonl
thermopower,historical-static,ThermoPower.Test.ElectricalComponents.TestElectrical2,14,init-precondition-at-risk,low,False,hold-needs-source-and-witness-review,"{""expression"": ""((generator.Pnom * generator.Ta) / (generator.omega_m_nom ^ 2))"", ""requirement"": ""divisor must not be zero"", ""initial_range"": ""[0, +inf]"", ""result"": ""UNKNOWN"", ""note"": ""the initial range of this operand contains a value the operation does not accept; whether it takes one is not decidable statically""}",/data/mrumoca/eval/results/thermopower/findings.jsonl
thermopower,historical-static,ThermoPower.Test.ElectricalComponents.TestElectrical2,15,init-precondition-at-risk,low,False,hold-needs-source-and-witness-review,"{""expression"": ""((generator.Pnom * generator.Ta) / (generator.omega_m_nom ^ 2))"", ""requirement"": ""divisor must not be zero"", ""initial_range"": ""[0, +inf]"", ""result"": ""UNKNOWN"", ""note"": ""the initial range of this operand contains a value the operation does not accept; whether it takes one is not decidable statically""}",/data/mrumoca/eval/results/thermopower/findings.jsonl
thermopower,historical-static,ThermoPower.Test.ElectricalComponents.TestElectrical2,16,initialization-count-mismatch,info,False,hold-needs-source-and-witness-review,"{""states"": 6, ""initial_equations"": 5, ""fixed_starts"": 0, ""note"": ""approximate; the compiler's balance check is authoritative""}",/data/mrumoca/eval/results/thermopower/findings.jsonl
thermopower,historical-static,ThermoPower.Test.ElectricalComponents.TestElectrical2,17,network-boundary-port,low,False,standalone-topology-not-defect-proof,"{""node"": ""LocalLoad -- load"", ""boundary_connectors"": ""LocalLoad, load"", ""wired_to"": ""nothing"", ""note"": ""this connector belongs to the model itself, not to a component inside it: the model is an interface compiled on its own, so the node is open on one side. Nothing forces its flow, which is why a structural matching reports an unmatched unknown here. Not a defect in the model""}",/data/mrumoca/eval/results/thermopower/findings.jsonl
thermopower,historical-static,ThermoPower.Test.ElectricalComponents.TestElectrical2,18,network-boundary-port,low,False,standalone-topology-not-defect-proof,"{""node"": ""GenTorque -- primeMover"", ""boundary_connectors"": ""GenTorque, primeMover"", ""wired_to"": ""nothing"", ""note"": ""this connector belongs to the model itself, not to a component inside it: the model is an interface compiled on its own, so the node is open on one side. Nothing forces its flow, which is why a structural matching reports an unmatched unknown here. Not a defect in the model""}",/data/mrumoca/eval/results/thermopower/findings.jsonl
thermopower,historical-static,ThermoPower.Test.ElectricalComponents.TestElectrical2,19,physical-zero-is-a-supported-limit,low,False,advisory-or-explicit-non-defect,"{""domain"": ""mechanical"", ""rule"": ""mech.inertia.positive"", ""rule_origin"": ""the rotational analogue of mass; J = 0 leaves angular acceleration undetermined"", ""rule_reference"": ""MSL Mechanics.Rotational.Components.Inertia"", ""matched_by"": {""quantity"": ""MomentOfInertia"", ""unit"": ""kg.m2"", ""confidence"": ""QUANTITY_AND_UNIT"", ""premise_state"": ""unknown"", ""authority"": ""quantity_or_unit"", ""canonical_declaration"": ""ThermoPower.Electrical.Generator.J""}, ""required"": ""generator.J > 0"", ""declared_min"": null, ""variable_role"": ""parameter"", ""premise_state"": ""refuted"", ""authority"": ""component_contract"", ""contract"": ""ThermoPower.Electrical.Generator.J: algebraic_limit (proven, from equation) \u2014 the parameter multiplies a derivative, so at zero the differential relation becomes an algebraic constraint rather than an undefined quotient"", ""contract_behavior"": ""algebraic_limit"", ""contract_confidence"": ""proven"", ""contract_source"": ""equation"", ""note"": ""the positivity rule does not apply: this component documents zero as a meaningful limit, so reporting a missing bound would contradict its contract""}",/data/mrumoca/eval/results/thermopower/findings.jsonl
thermopower,historical-static,ThermoPower.Test.ElectricalComponents.TestElectrical2,20,quantity-missing,low,False,advisory-or-explicit-non-defect,"{""unit"": ""N.m"", ""count"": 1, ""declarations"": ""primeMover.tau"", ""note"": ""a unit is declared without a quantity, so nothing states what is being measured and no rule keyed on quantity can apply to it""}",/data/mrumoca/eval/results/thermopower/findings.jsonl
thermopower,historical-static,ThermoPower.Test.ElectricalComponents.TestElectrical2,21,vanishing-coefficient,medium,False,hold-needs-source-and-witness-review,"{""parameter"": ""generator.tau_d"", ""declared_min"": null, ""shape"": ""parameter multiplies a derivative; zero removes the equation's only determination of that state""}",/data/mrumoca/eval/results/thermopower/findings.jsonl
thermopower,historical-static,ThermoPower.Test.ElectricalComponents.TestElectrical2,22,vanishing-coefficient,medium,False,hold-needs-source-and-witness-review,"{""parameter"": ""generator.J"", ""declared_min"": null, ""shape"": ""parameter multiplies a derivative; zero removes the equation's only determination of that state""}",/data/mrumoca/eval/results/thermopower/findings.jsonl
thermopower,historical-static,ThermoPower.Test.ElectricalComponents.TestElectrical2,23,vanishing-coefficient,medium,False,hold-needs-source-and-witness-review,"{""parameter"": ""generator.Tf"", ""declared_min"": null, ""shape"": ""parameter multiplies a derivative; zero removes the equation's only determination of that state""}",/data/mrumoca/eval/results/thermopower/findings.jsonl
thermopower,historical-static,ThermoPower.Test.ElectricalComponents.TestElectrical2,24,vanishing-coefficient,medium,False,hold-needs-source-and-witness-review,"{""parameter"": ""grid.pi"", ""declared_min"": null, ""shape"": ""parameter multiplies a derivative; zero removes the equation's only determination of that state""}",/data/mrumoca/eval/results/thermopower/findings.jsonl
thermopower,historical-static,ThermoPower.Test.ElectricalComponents.TestElectrical2,25,non-square-block,medium,False,hold-needs-source-and-witness-review,"{""block"": 0, ""equations"": 23, ""variables"": 22}",/data/mrumoca/eval/results/thermopower/findings.jsonl
thermopower,historical-static,ThermoPower.Test.ElectricalComponents.TestElectrical2,26,non-square-block,medium,False,hold-needs-source-and-witness-review,"{""block"": 2, ""equations"": 6, ""variables"": 7}",/data/mrumoca/eval/results/thermopower/findings.jsonl
thermopower,historical-static,ThermoPower.Test.ElectricalComponents.TestElectrical2,27,STRUCTURE_DEGENERATES_AT_ZERO,low,False,hold-needs-source-and-witness-review,"{""parameter"": ""generator.J"", ""contract"": ""ThermoPower.Electrical.Generator.J: algebraic_limit (proven, from equation) \u2014 the parameter multiplies a derivative, so at zero the differential relation becomes an algebraic constraint rather than an undefined quotient"", ""contract_behavior"": ""algebraic_limit"", ""contract_confidence"": ""proven"", ""confidence"": ""low"", ""result"": ""TOPOLOGY_SPECIFIC"", ""incidences_lost"": 0, ""unknowns_left_undetermined"": 0, ""evidence_kind"": ""scales-a-rate"", ""note"": ""at zero this parameter removes a state and the equation that determines it. The matching survives, so the system is not structurally short; whether it is *algebraically* singular depends on this model's topology and initialization and needs execution to decide. This is not a claim that the declaration should forbid zero.""}",/data/mrumoca/eval/results/thermopower/findings.jsonl
thermopower,historical-static,ThermoPower.Test.ElectricalComponents.TestElectrical2,28,STRUCTURE_DEGENERATES_AT_ZERO,low,False,hold-needs-source-and-witness-review,"{""parameter"": ""generator.Tf"", ""contract"": ""ThermoPower.Electrical.Generator.Tf: algebraic_limit (proven, from equation) \u2014 the parameter multiplies a derivative, so at zero the differential relation becomes an algebraic constraint rather than an undefined quotient"", ""contract_behavior"": ""algebraic_limit"", ""contract_confidence"": ""proven"", ""confidence"": ""low"", ""result"": ""TOPOLOGY_SPECIFIC"", ""incidences_lost"": 0, ""unknowns_left_undetermined"": 0, ""evidence_kind"": ""scales-a-rate"", ""note"": ""at zero this parameter removes a state and the equation that determines it. The matching survives, so the system is not structurally short; whether it is *algebraically* singular depends on this model's topology and initialization and needs execution to decide. This is not a claim that the declaration should forbid zero.""}",/data/mrumoca/eval/results/thermopower/findings.jsonl
thermopower,historical-static,ThermoPower.Test.ElectricalComponents.TestElectrical2,29,STRUCTURE_DEGENERATES_AT_ZERO,low,False,hold-needs-source-and-witness-review,"{""parameter"": ""generator.tau_d"", ""contract"": ""ThermoPower.Electrical.Generator.tau_d: algebraic_limit (proven, from equation) \u2014 the parameter multiplies a derivative, so at zero the differential relation becomes an algebraic constraint rather than an undefined quotient"", ""contract_behavior"": ""algebraic_limit"", ""contract_confidence"": ""proven"", ""confidence"": ""low"", ""result"": ""TOPOLOGY_SPECIFIC"", ""incidences_lost"": 0, ""unknowns_left_undetermined"": 0, ""evidence_kind"": ""scales-a-rate"", ""note"": ""at zero this parameter removes a state and the equation that determines it. The matching survives, so the system is not structurally short; whether it is *algebraically* singular depends on this model's topology and initialization and needs execution to decide. This is not a claim that the declaration should forbid zero.""}",/data/mrumoca/eval/results/thermopower/findings.jsonl
thermopower,historical-static,ThermoPower.Test.ElectricalComponents.TestElectrical2,30,STRUCTURE_DEGENERATES_AT_ZERO,low,False,hold-needs-source-and-witness-review,"{""parameter"": ""grid.pi"", ""contract"": ""ThermoPower.Electrical.Grid.pi: feature_disabled (proven, from equation) \u2014 the parameter appears only as a multiplier, so at zero the term it scales drops out and the rest of the model is unaffected"", ""contract_behavior"": ""feature_disabled"", ""contract_confidence"": ""proven"", ""confidence"": ""low"", ""result"": ""TOPOLOGY_SPECIFIC"", ""incidences_lost"": 0, ""unknowns_left_undetermined"": 0, ""evidence_kind"": ""scales-a-rate"", ""note"": ""at zero this parameter removes a state and the equation that determines it. The matching survives, so the system is not structurally short; whether it is *algebraically* singular depends on this model's topology and initialization and needs execution to decide. This is not a claim that the declaration should forbid zero.""}",/data/mrumoca/eval/results/thermopower/findings.jsonl
thermopower,historical-static,ThermoPower.Test.ElectricalComponents.TestElectrical3,0,divisor-reachable-zero,high,False,hold-needs-source-and-witness-review,"{""denominator"": ""generator.eta"", ""witness"": ""generator.eta = 0"", ""witness_rationale"": ""set to zero"", ""denominator_at_witness"": 0.0, ""denominator_at_declared_values"": 1.0, ""denominator_range"": ""[-inf, inf]"", ""path_condition"": ""always evaluated"", ""verdict"": ""SAT"", ""proof"": ""the division is not inside any branch"", ""constraints"": ""generator.eta: unbounded"", ""note"": ""a permitted assignment drives the complete denominator to zero and the division is still evaluated there""}",/data/mrumoca/eval/results/thermopower/findings.jsonl
thermopower,historical-static,ThermoPower.Test.ElectricalComponents.TestElectrical3,1,divisor-reachable-zero,high,False,hold-needs-source-and-witness-review,"{""denominator"": ""load.fnom"", ""witness"": ""load.fnom = 0"", ""witness_rationale"": ""set to zero"", ""denominator_at_witness"": 0.0, ""denominator_at_declared_values"": 50.0, ""denominator_range"": ""[-inf, inf]"", ""path_condition"": ""always evaluated"", ""verdict"": ""SAT"", ""proof"": ""the division is not inside any branch"", ""constraints"": ""load.fnom: unbounded"", ""note"": ""a permitted assignment drives the complete denominator to zero and the division is still evaluated there""}",/data/mrumoca/eval/results/thermopower/findings.jsonl
thermopower,historical-static,ThermoPower.Test.ElectricalComponents.TestElectrical3,2,divisor-reachable-zero,high,False,hold-needs-source-and-witness-review,"{""denominator"": ""grid.Pgrid"", ""witness"": ""grid.Pgrid = 0"", ""witness_rationale"": ""set to zero"", ""denominator_at_witness"": 0.0, ""denominator_at_declared_values"": 1000000000.0, ""denominator_range"": ""[-inf, inf]"", ""path_condition"": ""always evaluated"", ""verdict"": ""SAT"", ""proof"": ""the division is not inside any branch"", ""constraints"": ""grid.Pgrid: unbounded"", ""note"": ""a permitted assignment drives the complete denominator to zero and the division is still evaluated there""}",/data/mrumoca/eval/results/thermopower/findings.jsonl
thermopower,historical-static,ThermoPower.Test.ElectricalComponents.TestElectrical3,3,divisor-zero-unresolved,medium,False,hold-needs-source-and-witness-review,"{""denominator"": ""Breaker1.Pnom"", ""witness"": ""Breaker1.Pnom = 0"", ""witness_rationale"": ""set to zero"", ""denominator_at_witness"": 0.0, ""denominator_at_declared_values"": 10000000.0, ""denominator_range"": ""[-inf, inf]"", ""path_condition"": ""(Breaker1.closed)"", ""verdict"": ""UNKNOWN"", ""proof"": ""the path depends on quantities the artifact does not determine: Breaker1.closed"", ""constraints"": ""Breaker1.Pnom: unbounded"", ""note"": ""an assignment drives the denominator to zero, but whether the division is evaluated there could not be decided from the artifact; this is unresolved, not confirmed""}",/data/mrumoca/eval/results/thermopower/findings.jsonl
thermopower,historical-static,ThermoPower.Test.ElectricalComponents.TestElectrical3,4,divisor-reachable-zero,high,False,hold-needs-source-and-witness-review,"{""denominator"": ""Np"", ""witness"": ""Np = 0"", ""witness_rationale"": ""set to zero"", ""denominator_at_witness"": 0.0, ""denominator_at_declared_values"": 2.0, ""denominator_range"": ""[-inf, inf]"", ""path_condition"": ""always evaluated"", ""verdict"": ""SAT"", ""proof"": ""the division is not inside any branch"", ""constraints"": ""Np: unbounded"", ""note"": ""a permitted assignment drives the complete denominator to zero and the division is still evaluated there""}",/data/mrumoca/eval/results/thermopower/findings.jsonl
thermopower,historical-static,ThermoPower.Test.ElectricalComponents.TestElectrical3,5,divisor-reachable-zero,high,False,hold-needs-source-and-witness-review,"{""denominator"": ""Np"", ""witness"": ""Np = 0"", ""witness_rationale"": ""set to zero"", ""denominator_at_witness"": 0.0, ""denominator_at_declared_values"": 2.0, ""denominator_range"": ""[-inf, inf]"", ""path_condition"": ""always evaluated"", ""verdict"": ""SAT"", ""proof"": ""the division is not inside any branch"", ""constraints"": ""Np: unbounded"", ""note"": ""a permitted assignment drives the complete denominator to zero and the division is still evaluated there""}",/data/mrumoca/eval/results/thermopower/findings.jsonl
thermopower,historical-static,ThermoPower.Test.ElectricalComponents.TestElectrical3,6,divisor-reachable-zero,high,False,hold-needs-source-and-witness-review,"{""denominator"": ""generator.Np"", ""witness"": ""generator.Np = 0"", ""witness_rationale"": ""set to zero"", ""denominator_at_witness"": 0.0, ""denominator_at_declared_values"": 2.0, ""denominator_range"": ""[-inf, inf]"", ""path_condition"": ""always evaluated"", ""verdict"": ""SAT"", ""proof"": ""the division is not inside any branch"", ""constraints"": ""generator.Np: unbounded"", ""note"": ""a permitted assignment drives the complete denominator to zero and the division is still evaluated there""}",/data/mrumoca/eval/results/thermopower/findings.jsonl
thermopower,historical-static,ThermoPower.Test.ElectricalComponents.TestElectrical3,7,divisor-reachable-zero,high,False,hold-needs-source-and-witness-review,"{""denominator"": ""generator.Np"", ""witness"": ""generator.Np = 0"", ""witness_rationale"": ""set to zero"", ""denominator_at_witness"": 0.0, ""denominator_at_declared_values"": 2.0, ""denominator_range"": ""[-inf, inf]"", ""path_condition"": ""always evaluated"", ""verdict"": ""SAT"", ""proof"": ""the division is not inside any branch"", ""constraints"": ""generator.Np: unbounded"", ""note"": ""a permitted assignment drives the complete denominator to zero and the division is still evaluated there""}",/data/mrumoca/eval/results/thermopower/findings.jsonl
thermopower,historical-static,ThermoPower.Test.ElectricalComponents.TestElectrical3,8,divisor-reachable-zero,high,False,hold-needs-source-and-witness-review,"{""denominator"": ""(generator.omega_m_nom ^ 2)"", ""witness"": ""generator.omega_m_nom = 0"", ""witness_rationale"": ""set to zero"", ""denominator_at_witness"": 0.0, ""denominator_at_declared_values"": 24674.011002723397, ""denominator_range"": ""[0, inf]"", ""path_condition"": ""always evaluated"", ""verdict"": ""SAT"", ""proof"": ""the division is not inside any branch"", ""constraints"": ""generator.omega_m_nom: unbounded"", ""note"": ""a permitted assignment drives the complete denominator to zero and the division is still evaluated there""}",/data/mrumoca/eval/results/thermopower/findings.jsonl
thermopower,historical-static,ThermoPower.Test.ElectricalComponents.TestElectrical3,9,divisor-reachable-zero,high,False,hold-needs-source-and-witness-review,"{""denominator"": ""(generator.omega_m_nom ^ 2)"", ""witness"": ""generator.omega_m_nom = 0"", ""witness_rationale"": ""set to zero"", ""denominator_at_witness"": 0.0, ""denominator_at_declared_values"": 24674.011002723397, ""denominator_range"": ""[0, inf]"", ""path_condition"": ""always evaluated"", ""verdict"": ""SAT"", ""proof"": ""the division is not inside any branch"", ""constraints"": ""generator.omega_m_nom: unbounded"", ""note"": ""a permitted assignment drives the complete denominator to zero and the division is still evaluated there""}",/data/mrumoca/eval/results/thermopower/findings.jsonl
thermopower,historical-static,ThermoPower.Test.ElectricalComponents.TestElectrical3,10,divisor-reachable-zero,high,False,hold-needs-source-and-witness-review,"{""denominator"": ""generator.omega_m_nom"", ""witness"": ""generator.omega_m_nom = 0"", ""witness_rationale"": ""set to zero"", ""denominator_at_witness"": 0.0, ""denominator_at_declared_values"": 157.07963267948966, ""denominator_range"": ""[-inf, inf]"", ""path_condition"": ""always evaluated"", ""verdict"": ""SAT"", ""proof"": ""the division is not inside any branch"", ""constraints"": ""generator.omega_m_nom: unbounded"", ""note"": ""a permitted assignment drives the complete denominator to zero and the division is still evaluated there""}",/data/mrumoca/eval/results/thermopower/findings.jsonl
thermopower,historical-static,ThermoPower.Test.ElectricalComponents.TestElectrical3,11,divisor-reachable-zero,high,False,hold-needs-source-and-witness-review,"{""denominator"": ""generator.omega_m_nom"", ""witness"": ""generator.omega_m_nom = 0"", ""witness_rationale"": ""set to zero"", ""denominator_at_witness"": 0.0, ""denominator_at_declared_values"": 157.07963267948966, ""denominator_range"": ""[-inf, inf]"", ""path_condition"": ""always evaluated"", ""verdict"": ""SAT"", ""proof"": ""the division is not inside any branch"", ""constraints"": ""generator.omega_m_nom: unbounded"", ""note"": ""a permitted assignment drives the complete denominator to zero and the division is still evaluated there""}",/data/mrumoca/eval/results/thermopower/findings.jsonl
thermopower,historical-static,ThermoPower.Test.ElectricalComponents.TestElectrical3,12,divisor-reachable-zero,high,False,hold-needs-source-and-witness-review,"{""denominator"": ""generator.Np"", ""witness"": ""generator.Np = 0"", ""witness_rationale"": ""set to zero"", ""denominator_at_witness"": 0.0, ""denominator_at_declared_values"": 2.0, ""denominator_range"": ""[-inf, inf]"", ""path_condition"": ""always evaluated"", ""verdict"": ""SAT"", ""proof"": ""the division is not inside any branch"", ""constraints"": ""generator.Np: unbounded"", ""note"": ""a permitted assignment drives the complete denominator to zero and the division is still evaluated there""}",/data/mrumoca/eval/results/thermopower/findings.jsonl
thermopower,historical-static,ThermoPower.Test.ElectricalComponents.TestElectrical3,13,divisor-reachable-zero,high,False,hold-needs-source-and-witness-review,"{""denominator"": ""omegan_m"", ""witness"": ""omegan_m = 0"", ""witness_rationale"": ""set to zero"", ""denominator_at_witness"": 0.0, ""denominator_at_declared_values"": 157.07963267948966, ""denominator_range"": ""[-inf, inf]"", ""path_condition"": ""always evaluated"", ""verdict"": ""SAT"", ""proof"": ""the division is not inside any branch"", ""constraints"": ""omegan_m: unbounded"", ""note"": ""a permitted assignment drives the complete denominator to zero and the division is still evaluated there""}",/data/mrumoca/eval/results/thermopower/findings.jsonl
thermopower,historical-static,ThermoPower.Test.ElectricalComponents.TestElectrical3,14,divisor-reachable-zero,high,False,hold-needs-source-and-witness-review,"{""denominator"": ""omegan_m"", ""witness"": ""omegan_m = 0"", ""witness_rationale"": ""set to zero"", ""denominator_at_witness"": 0.0, ""denominator_at_declared_values"": 157.07963267948966, ""denominator_range"": ""[-inf, inf]"", ""path_condition"": ""always evaluated"", ""verdict"": ""SAT"", ""proof"": ""the division is not inside any branch"", ""constraints"": ""omegan_m: unbounded"", ""note"": ""a permitted assignment drives the complete denominator to zero and the division is still evaluated there""}",/data/mrumoca/eval/results/thermopower/findings.jsonl
thermopower,historical-static,ThermoPower.Test.ElectricalComponents.TestElectrical3,15,init-precondition-at-risk,low,False,hold-needs-source-and-witness-review,"{""expression"": ""((generator.Pnom * generator.Ta) / (generator.omega_m_nom ^ 2))"", ""requirement"": ""divisor must not be zero"", ""initial_range"": ""[0, +inf]"", ""result"": ""UNKNOWN"", ""note"": ""the initial range of this operand contains a value the operation does not accept; whether it takes one is not decidable statically""}",/data/mrumoca/eval/results/thermopower/findings.jsonl
thermopower,historical-static,ThermoPower.Test.ElectricalComponents.TestElectrical3,16,init-precondition-at-risk,low,False,hold-needs-source-and-witness-review,"{""expression"": ""((generator.Pnom * generator.Ta) / (generator.omega_m_nom ^ 2))"", ""requirement"": ""divisor must not be zero"", ""initial_range"": ""[0, +inf]"", ""result"": ""UNKNOWN"", ""note"": ""the initial range of this operand contains a value the operation does not accept; whether it takes one is not decidable statically""}",/data/mrumoca/eval/results/thermopower/findings.jsonl
thermopower,historical-static,ThermoPower.Test.ElectricalComponents.TestElectrical3,17,initialization-count-mismatch,info,False,hold-needs-source-and-witness-review,"{""states"": 6, ""initial_equations"": 5, ""fixed_starts"": 0, ""note"": ""approximate; the compiler's balance check is authoritative""}",/data/mrumoca/eval/results/thermopower/findings.jsonl
thermopower,historical-static,ThermoPower.Test.ElectricalComponents.TestElectrical3,18,network-boundary-port,low,False,standalone-topology-not-defect-proof,"{""node"": ""Breaker1 -- BreakerCommand"", ""boundary_connectors"": ""Breaker1, BreakerCommand"", ""wired_to"": ""nothing"", ""note"": ""this connector belongs to the model itself, not to a component inside it: the model is an interface compiled on its own, so the node is open on one side. Nothing forces its flow, which is why a structural matching reports an unmatched unknown here. Not a defect in the model""}",/data/mrumoca/eval/results/thermopower/findings.jsonl
thermopower,historical-static,ThermoPower.Test.ElectricalComponents.TestElectrical3,19,network-boundary-port,low,False,standalone-topology-not-defect-proof,"{""node"": ""LocalLoad -- load"", ""boundary_connectors"": ""LocalLoad, load"", ""wired_to"": ""nothing"", ""note"": ""this connector belongs to the model itself, not to a component inside it: the model is an interface compiled on its own, so the node is open on one side. Nothing forces its flow, which is why a structural matching reports an unmatched unknown here. Not a defect in the model""}",/data/mrumoca/eval/results/thermopower/findings.jsonl
thermopower,historical-static,ThermoPower.Test.ElectricalComponents.TestElectrical3,20,network-boundary-port,low,False,standalone-topology-not-defect-proof,"{""node"": ""GenTorque -- primeMover"", ""boundary_connectors"": ""GenTorque, primeMover"", ""wired_to"": ""nothing"", ""note"": ""this connector belongs to the model itself, not to a component inside it: the model is an interface compiled on its own, so the node is open on one side. Nothing forces its flow, which is why a structural matching reports an unmatched unknown here. Not a defect in the model""}",/data/mrumoca/eval/results/thermopower/findings.jsonl
thermopower,historical-static,ThermoPower.Test.ElectricalComponents.TestElectrical3,21,physical-zero-is-a-supported-limit,low,False,advisory-or-explicit-non-defect,"{""domain"": ""mechanical"", ""rule"": ""mech.inertia.positive"", ""rule_origin"": ""the rotational analogue of mass; J = 0 leaves angular acceleration undetermined"", ""rule_reference"": ""MSL Mechanics.Rotational.Components.Inertia"", ""matched_by"": {""quantity"": ""MomentOfInertia"", ""unit"": ""kg.m2"", ""confidence"": ""QUANTITY_AND_UNIT"", ""premise_state"": ""unknown"", ""authority"": ""quantity_or_unit"", ""canonical_declaration"": ""ThermoPower.Electrical.Generator.J""}, ""required"": ""generator.J > 0"", ""declared_min"": null, ""variable_role"": ""parameter"", ""premise_state"": ""refuted"", ""authority"": ""component_contract"", ""contract"": ""ThermoPower.Electrical.Generator.J: algebraic_limit (proven, from equation) \u2014 the parameter multiplies a derivative, so at zero the differential relation becomes an algebraic constraint rather than an undefined quotient"", ""contract_behavior"": ""algebraic_limit"", ""contract_confidence"": ""proven"", ""contract_source"": ""equation"", ""note"": ""the positivity rule does not apply: this component documents zero as a meaningful limit, so reporting a missing bound would contradict its contract""}",/data/mrumoca/eval/results/thermopower/findings.jsonl
thermopower,historical-static,ThermoPower.Test.ElectricalComponents.TestElectrical3,22,quantity-missing,low,False,advisory-or-explicit-non-defect,"{""unit"": ""N.m"", ""count"": 1, ""declarations"": ""primeMover.tau"", ""note"": ""a unit is declared without a quantity, so nothing states what is being measured and no rule keyed on quantity can apply to it""}",/data/mrumoca/eval/results/thermopower/findings.jsonl
thermopower,historical-static,ThermoPower.Test.ElectricalComponents.TestElectrical3,23,vanishing-coefficient,medium,False,hold-needs-source-and-witness-review,"{""parameter"": ""generator.tau_d"", ""declared_min"": null, ""shape"": ""parameter multiplies a derivative; zero removes the equation's only determination of that state""}",/data/mrumoca/eval/results/thermopower/findings.jsonl
thermopower,historical-static,ThermoPower.Test.ElectricalComponents.TestElectrical3,24,vanishing-coefficient,medium,False,hold-needs-source-and-witness-review,"{""parameter"": ""generator.J"", ""declared_min"": null, ""shape"": ""parameter multiplies a derivative; zero removes the equation's only determination of that state""}",/data/mrumoca/eval/results/thermopower/findings.jsonl
thermopower,historical-static,ThermoPower.Test.ElectricalComponents.TestElectrical3,25,vanishing-coefficient,medium,False,hold-needs-source-and-witness-review,"{""parameter"": ""generator.Tf"", ""declared_min"": null, ""shape"": ""parameter multiplies a derivative; zero removes the equation's only determination of that state""}",/data/mrumoca/eval/results/thermopower/findings.jsonl
thermopower,historical-static,ThermoPower.Test.ElectricalComponents.TestElectrical3,26,vanishing-coefficient,medium,False,hold-needs-source-and-witness-review,"{""parameter"": ""grid.pi"", ""declared_min"": null, ""shape"": ""parameter multiplies a derivative; zero removes the equation's only determination of that state""}",/data/mrumoca/eval/results/thermopower/findings.jsonl
thermopower,historical-static,ThermoPower.Test.ElectricalComponents.TestElectrical3,27,non-square-block,medium,False,hold-needs-source-and-witness-review,"{""block"": 1, ""equations"": 34, ""variables"": 35}",/data/mrumoca/eval/results/thermopower/findings.jsonl
thermopower,historical-static,ThermoPower.Test.ElectricalComponents.TestElectrical3,28,STRUCTURE_DEGENERATES_AT_ZERO,low,False,hold-needs-source-and-witness-review,"{""parameter"": ""generator.J"", ""contract"": ""ThermoPower.Electrical.Generator.J: algebraic_limit (proven, from equation) \u2014 the parameter multiplies a derivative, so at zero the differential relation becomes an algebraic constraint rather than an undefined quotient"", ""contract_behavior"": ""algebraic_limit"", ""contract_confidence"": ""proven"", ""confidence"": ""low"", ""result"": ""TOPOLOGY_SPECIFIC"", ""incidences_lost"": 0, ""unknowns_left_undetermined"": 0, ""evidence_kind"": ""scales-a-rate"", ""note"": ""at zero this parameter removes a state and the equation that determines it. The matching survives, so the system is not structurally short; whether it is *algebraically* singular depends on this model's topology and initialization and needs execution to decide. This is not a claim that the declaration should forbid zero.""}",/data/mrumoca/eval/results/thermopower/findings.jsonl
thermopower,historical-static,ThermoPower.Test.ElectricalComponents.TestElectrical3,29,STRUCTURE_DEGENERATES_AT_ZERO,low,False,hold-needs-source-and-witness-review,"{""parameter"": ""generator.Tf"", ""contract"": ""ThermoPower.Electrical.Generator.Tf: algebraic_limit (proven, from equation) \u2014 the parameter multiplies a derivative, so at zero the differential relation becomes an algebraic constraint rather than an undefined quotient"", ""contract_behavior"": ""algebraic_limit"", ""contract_confidence"": ""proven"", ""confidence"": ""low"", ""result"": ""TOPOLOGY_SPECIFIC"", ""incidences_lost"": 0, ""unknowns_left_undetermined"": 0, ""evidence_kind"": ""scales-a-rate"", ""note"": ""at zero this parameter removes a state and the equation that determines it. The matching survives, so the system is not structurally short; whether it is *algebraically* singular depends on this model's topology and initialization and needs execution to decide. This is not a claim that the declaration should forbid zero.""}",/data/mrumoca/eval/results/thermopower/findings.jsonl
thermopower,historical-static,ThermoPower.Test.ElectricalComponents.TestElectrical3,30,STRUCTURE_DEGENERATES_AT_ZERO,low,False,hold-needs-source-and-witness-review,"{""parameter"": ""generator.tau_d"", ""contract"": ""ThermoPower.Electrical.Generator.tau_d: algebraic_limit (proven, from equation) \u2014 the parameter multiplies a derivative, so at zero the differential relation becomes an algebraic constraint rather than an undefined quotient"", ""contract_behavior"": ""algebraic_limit"", ""contract_confidence"": ""proven"", ""confidence"": ""low"", ""result"": ""TOPOLOGY_SPECIFIC"", ""incidences_lost"": 0, ""unknowns_left_undetermined"": 0, ""evidence_kind"": ""scales-a-rate"", ""note"": ""at zero this parameter removes a state and the equation that determines it. The matching survives, so the system is not structurally short; whether it is *algebraically* singular depends on this model's topology and initialization and needs execution to decide. This is not a claim that the declaration should forbid zero.""}",/data/mrumoca/eval/results/thermopower/findings.jsonl
thermopower,historical-static,ThermoPower.Test.ElectricalComponents.TestElectrical3,31,STRUCTURE_DEGENERATES_AT_ZERO,low,False,hold-needs-source-and-witness-review,"{""parameter"": ""grid.pi"", ""contract"": ""ThermoPower.Electrical.Grid.pi: feature_disabled (proven, from equation) \u2014 the parameter appears only as a multiplier, so at zero the term it scales drops out and the rest of the model is unaffected"", ""contract_behavior"": ""feature_disabled"", ""contract_confidence"": ""proven"", ""confidence"": ""low"", ""result"": ""TOPOLOGY_SPECIFIC"", ""incidences_lost"": 0, ""unknowns_left_undetermined"": 0, ""evidence_kind"": ""scales-a-rate"", ""note"": ""at zero this parameter removes a state and the equation that determines it. The matching survives, so the system is not structurally short; whether it is *algebraically* singular depends on this model's topology and initialization and needs execution to decide. This is not a claim that the declaration should forbid zero.""}",/data/mrumoca/eval/results/thermopower/findings.jsonl
thermopower,historical-static,ThermoPower.Test.ElectricalComponents.PrimaryController,0,divisor-reachable-zero,high,False,hold-needs-source-and-witness-review,"{""denominator"": ""f0"", ""witness"": ""f0 = 0"", ""witness_rationale"": ""set to zero"", ""denominator_at_witness"": 0.0, ""denominator_at_declared_values"": 50.0, ""denominator_range"": ""[-inf, inf]"", ""path_condition"": ""always evaluated"", ""verdict"": ""SAT"", ""proof"": ""the division is not inside any branch"", ""constraints"": ""f0: unbounded"", ""note"": ""a permitted assignment drives the complete denominator to zero and the division is still evaluated there""}",/data/mrumoca/eval/results/thermopower/findings.jsonl
thermopower,historical-static,ThermoPower.Test.ElectricalComponents.PrimaryController,1,divisor-reachable-zero,high,False,hold-needs-source-and-witness-review,"{""denominator"": ""droop"", ""witness"": ""droop = 0"", ""witness_rationale"": ""set to zero"", ""denominator_at_witness"": 0.0, ""denominator_at_declared_values"": 0.05, ""denominator_range"": ""[-inf, inf]"", ""path_condition"": ""always evaluated"", ""verdict"": ""SAT"", ""proof"": ""the division is not inside any branch"", ""constraints"": ""droop: unbounded"", ""note"": ""a permitted assignment drives the complete denominator to zero and the division is still evaluated there""}",/data/mrumoca/eval/results/thermopower/findings.jsonl
thermopower,historical-static,ThermoPower.Test.ElectricalComponents.PrimaryController,2,divisor-reachable-zero,high,False,hold-needs-source-and-witness-review,"{""denominator"": ""Np"", ""witness"": ""Np = 0"", ""witness_rationale"": ""set to zero"", ""denominator_at_witness"": 0.0, ""denominator_at_declared_values"": 2.0, ""denominator_range"": ""[-inf, inf]"", ""path_condition"": ""always evaluated"", ""verdict"": ""SAT"", ""proof"": ""the division is not inside any branch"", ""constraints"": ""Np: unbounded"", ""note"": ""a permitted assignment drives the complete denominator to zero and the division is still evaluated there""}",/data/mrumoca/eval/results/thermopower/findings.jsonl
thermopower,historical-static,ThermoPower.Test.ElectricalComponents.PrimaryController,3,non-square-block,medium,False,hold-needs-source-and-witness-review,"{""block"": 0, ""equations"": 2, ""variables"": 4}",/data/mrumoca/eval/results/thermopower/findings.jsonl
thermopower,historical-static,ThermoPower.Test.ElectricalComponents.TestElectrical1,0,divisor-reachable-zero,high,False,hold-needs-source-and-witness-review,"{""denominator"": ""generator.eta"", ""witness"": ""generator.eta = 0"", ""witness_rationale"": ""set to zero"", ""denominator_at_witness"": 0.0, ""denominator_at_declared_values"": 1.0, ""denominator_range"": ""[-inf, inf]"", ""path_condition"": ""always evaluated"", ""verdict"": ""SAT"", ""proof"": ""the division is not inside any branch"", ""constraints"": ""generator.eta: unbounded"", ""note"": ""a permitted assignment drives the complete denominator to zero and the division is still evaluated there""}",/data/mrumoca/eval/results/thermopower/findings.jsonl
thermopower,historical-static,ThermoPower.Test.ElectricalComponents.TestElectrical1,1,divisor-reachable-zero,high,False,hold-needs-source-and-witness-review,"{""denominator"": ""load.fnom"", ""witness"": ""load.fnom = 0"", ""witness_rationale"": ""set to zero"", ""denominator_at_witness"": 0.0, ""denominator_at_declared_values"": 50.0, ""denominator_range"": ""[-inf, inf]"", ""path_condition"": ""always evaluated"", ""verdict"": ""SAT"", ""proof"": ""the division is not inside any branch"", ""constraints"": ""load.fnom: unbounded"", ""note"": ""a permitted assignment drives the complete denominator to zero and the division is still evaluated there""}",/data/mrumoca/eval/results/thermopower/findings.jsonl
thermopower,historical-static,ThermoPower.Test.ElectricalComponents.TestElectrical1,2,divisor-reachable-zero,high,False,hold-needs-source-and-witness-review,"{""denominator"": ""Np"", ""witness"": ""Np = 0"", ""witness_rationale"": ""set to zero"", ""denominator_at_witness"": 0.0, ""denominator_at_declared_values"": 2.0, ""denominator_range"": ""[-inf, inf]"", ""path_condition"": ""always evaluated"", ""verdict"": ""SAT"", ""proof"": ""the division is not inside any branch"", ""constraints"": ""Np: unbounded"", ""note"": ""a permitted assignment drives the complete denominator to zero and the division is still evaluated there""}",/data/mrumoca/eval/results/thermopower/findings.jsonl
thermopower,historical-static,ThermoPower.Test.ElectricalComponents.TestElectrical1,3,divisor-reachable-zero,high,False,hold-needs-source-and-witness-review,"{""denominator"": ""Np"", ""witness"": ""Np = 0"", ""witness_rationale"": ""set to zero"", ""denominator_at_witness"": 0.0, ""denominator_at_declared_values"": 2.0, ""denominator_range"": ""[-inf, inf]"", ""path_condition"": ""always evaluated"", ""verdict"": ""SAT"", ""proof"": ""the division is not inside any branch"", ""constraints"": ""Np: unbounded"", ""note"": ""a permitted assignment drives the complete denominator to zero and the division is still evaluated there""}",/data/mrumoca/eval/results/thermopower/findings.jsonl
thermopower,historical-static,ThermoPower.Test.ElectricalComponents.TestElectrical1,4,divisor-reachable-zero,high,False,hold-needs-source-and-witness-review,"{""denominator"": ""generator.Np"", ""witness"": ""generator.Np = 0"", ""witness_rationale"": ""set to zero"", ""denominator_at_witness"": 0.0, ""denominator_at_declared_values"": 2.0, ""denominator_range"": ""[-inf, inf]"", ""path_condition"": ""always evaluated"", ""verdict"": ""SAT"", ""proof"": ""the division is not inside any branch"", ""constraints"": ""generator.Np: unbounded"", ""note"": ""a permitted assignment drives the complete denominator to zero and the division is still evaluated there""}",/data/mrumoca/eval/results/thermopower/findings.jsonl
thermopower,historical-static,ThermoPower.Test.ElectricalComponents.TestElectrical1,5,divisor-reachable-zero,high,False,hold-needs-source-and-witness-review,"{""denominator"": ""generator.Np"", ""witness"": ""generator.Np = 0"", ""witness_rationale"": ""set to zero"", ""denominator_at_witness"": 0.0, ""denominator_at_declared_values"": 2.0, ""denominator_range"": ""[-inf, inf]"", ""path_condition"": ""always evaluated"", ""verdict"": ""SAT"", ""proof"": ""the division is not inside any branch"", ""constraints"": ""generator.Np: unbounded"", ""note"": ""a permitted assignment drives the complete denominator to zero and the division is still evaluated there""}",/data/mrumoca/eval/results/thermopower/findings.jsonl
thermopower,historical-static,ThermoPower.Test.ElectricalComponents.TestElectrical1,6,divisor-reachable-zero,high,False,hold-needs-source-and-witness-review,"{""denominator"": ""(generator.omega_m_nom ^ 2)"", ""witness"": ""generator.omega_m_nom = 0"", ""witness_rationale"": ""set to zero"", ""denominator_at_witness"": 0.0, ""denominator_at_declared_values"": 24674.011002723397, ""denominator_range"": ""[0, inf]"", ""path_condition"": ""always evaluated"", ""verdict"": ""SAT"", ""proof"": ""the division is not inside any branch"", ""constraints"": ""generator.omega_m_nom: unbounded"", ""note"": ""a permitted assignment drives the complete denominator to zero and the division is still evaluated there""}",/data/mrumoca/eval/results/thermopower/findings.jsonl
thermopower,historical-static,ThermoPower.Test.ElectricalComponents.TestElectrical1,7,divisor-reachable-zero,high,False,hold-needs-source-and-witness-review,"{""denominator"": ""(generator.omega_m_nom ^ 2)"", ""witness"": ""generator.omega_m_nom = 0"", ""witness_rationale"": ""set to zero"", ""denominator_at_witness"": 0.0, ""denominator_at_declared_values"": 24674.011002723397, ""denominator_range"": ""[0, inf]"", ""path_condition"": ""always evaluated"", ""verdict"": ""SAT"", ""proof"": ""the division is not inside any branch"", ""constraints"": ""generator.omega_m_nom: unbounded"", ""note"": ""a permitted assignment drives the complete denominator to zero and the division is still evaluated there""}",/data/mrumoca/eval/results/thermopower/findings.jsonl
thermopower,historical-static,ThermoPower.Test.ElectricalComponents.TestElectrical1,8,divisor-reachable-zero,high,False,hold-needs-source-and-witness-review,"{""denominator"": ""generator.omega_m_nom"", ""witness"": ""generator.omega_m_nom = 0"", ""witness_rationale"": ""set to zero"", ""denominator_at_witness"": 0.0, ""denominator_at_declared_values"": 157.07963267948966, ""denominator_range"": ""[-inf, inf]"", ""path_condition"": ""always evaluated"", ""verdict"": ""SAT"", ""proof"": ""the division is not inside any branch"", ""constraints"": ""generator.omega_m_nom: unbounded"", ""note"": ""a permitted assignment drives the complete denominator to zero and the division is still evaluated there""}",/data/mrumoca/eval/results/thermopower/findings.jsonl
thermopower,historical-static,ThermoPower.Test.ElectricalComponents.TestElectrical1,9,divisor-reachable-zero,high,False,hold-needs-source-and-witness-review,"{""denominator"": ""generator.omega_m_nom"", ""witness"": ""generator.omega_m_nom = 0"", ""witness_rationale"": ""set to zero"", ""denominator_at_witness"": 0.0, ""denominator_at_declared_values"": 157.07963267948966, ""denominator_range"": ""[-inf, inf]"", ""path_condition"": ""always evaluated"", ""verdict"": ""SAT"", ""proof"": ""the division is not inside any branch"", ""constraints"": ""generator.omega_m_nom: unbounded"", ""note"": ""a permitted assignment drives the complete denominator to zero and the division is still evaluated there""}",/data/mrumoca/eval/results/thermopower/findings.jsonl
thermopower,historical-static,ThermoPower.Test.ElectricalComponents.TestElectrical1,10,divisor-reachable-zero,high,False,hold-needs-source-and-witness-review,"{""denominator"": ""generator.Np"", ""witness"": ""generator.Np = 0"", ""witness_rationale"": ""set to zero"", ""denominator_at_witness"": 0.0, ""denominator_at_declared_values"": 2.0, ""denominator_range"": ""[-inf, inf]"", ""path_condition"": ""always evaluated"", ""verdict"": ""SAT"", ""proof"": ""the division is not inside any branch"", ""constraints"": ""generator.Np: unbounded"", ""note"": ""a permitted assignment drives the complete denominator to zero and the division is still evaluated there""}",/data/mrumoca/eval/results/thermopower/findings.jsonl
thermopower,historical-static,ThermoPower.Test.ElectricalComponents.TestElectrical1,11,divisor-reachable-zero,high,False,hold-needs-source-and-witness-review,"{""denominator"": ""omegan_m"", ""witness"": ""omegan_m = 0"", ""witness_rationale"": ""set to zero"", ""denominator_at_witness"": 0.0, ""denominator_at_declared_values"": 157.07963267948966, ""denominator_range"": ""[-inf, inf]"", ""path_condition"": ""always evaluated"", ""verdict"": ""SAT"", ""proof"": ""the division is not inside any branch"", ""constraints"": ""omegan_m: unbounded"", ""note"": ""a permitted assignment drives the complete denominator to zero and the division is still evaluated there""}",/data/mrumoca/eval/results/thermopower/findings.jsonl
thermopower,historical-static,ThermoPower.Test.ElectricalComponents.TestElectrical1,12,divisor-reachable-zero,high,False,hold-needs-source-and-witness-review,"{""denominator"": ""omegan_m"", ""witness"": ""omegan_m = 0"", ""witness_rationale"": ""set to zero"", ""denominator_at_witness"": 0.0, ""denominator_at_declared_values"": 157.07963267948966, ""denominator_range"": ""[-inf, inf]"", ""path_condition"": ""always evaluated"", ""verdict"": ""SAT"", ""proof"": ""the division is not inside any branch"", ""constraints"": ""omegan_m: unbounded"", ""note"": ""a permitted assignment drives the complete denominator to zero and the division is still evaluated there""}",/data/mrumoca/eval/results/thermopower/findings.jsonl
thermopower,historical-static,ThermoPower.Test.ElectricalComponents.TestElectrical1,13,init-precondition-at-risk,low,False,hold-needs-source-and-witness-review,"{""expression"": ""((generator.Pnom * generator.Ta) / (generator.omega_m_nom ^ 2))"", ""requirement"": ""divisor must not be zero"", ""initial_range"": ""[0, +inf]"", ""result"": ""UNKNOWN"", ""note"": ""the initial range of this operand contains a value the operation does not accept; whether it takes one is not decidable statically""}",/data/mrumoca/eval/results/thermopower/findings.jsonl
thermopower,historical-static,ThermoPower.Test.ElectricalComponents.TestElectrical1,14,init-precondition-at-risk,low,False,hold-needs-source-and-witness-review,"{""expression"": ""((generator.Pnom * generator.Ta) / (generator.omega_m_nom ^ 2))"", ""requirement"": ""divisor must not be zero"", ""initial_range"": ""[0, +inf]"", ""result"": ""UNKNOWN"", ""note"": ""the initial range of this operand contains a value the operation does not accept; whether it takes one is not decidable statically""}",/data/mrumoca/eval/results/thermopower/findings.jsonl
thermopower,historical-static,ThermoPower.Test.ElectricalComponents.TestElectrical1,15,initialization-count-mismatch,info,False,hold-needs-source-and-witness-review,"{""states"": 5, ""initial_equations"": 3, ""fixed_starts"": 0, ""note"": ""approximate; the compiler's balance check is authoritative""}",/data/mrumoca/eval/results/thermopower/findings.jsonl
thermopower,historical-static,ThermoPower.Test.ElectricalComponents.TestElectrical1,16,network-boundary-port,low,False,standalone-topology-not-defect-proof,"{""node"": ""Step1 -- primeMover"", ""boundary_connectors"": ""Step1, primeMover"", ""wired_to"": ""nothing"", ""note"": ""this connector belongs to the model itself, not to a component inside it: the model is an interface compiled on its own, so the node is open on one side. Nothing forces its flow, which is why a structural matching reports an unmatched unknown here. Not a defect in the model""}",/data/mrumoca/eval/results/thermopower/findings.jsonl
thermopower,historical-static,ThermoPower.Test.ElectricalComponents.TestElectrical1,17,physical-zero-is-a-supported-limit,low,False,advisory-or-explicit-non-defect,"{""domain"": ""mechanical"", ""rule"": ""mech.inertia.positive"", ""rule_origin"": ""the rotational analogue of mass; J = 0 leaves angular acceleration undetermined"", ""rule_reference"": ""MSL Mechanics.Rotational.Components.Inertia"", ""matched_by"": {""quantity"": ""MomentOfInertia"", ""unit"": ""kg.m2"", ""confidence"": ""QUANTITY_AND_UNIT"", ""premise_state"": ""unknown"", ""authority"": ""quantity_or_unit"", ""canonical_declaration"": ""ThermoPower.Electrical.Generator.J""}, ""required"": ""generator.J > 0"", ""declared_min"": null, ""variable_role"": ""parameter"", ""premise_state"": ""refuted"", ""authority"": ""component_contract"", ""contract"": ""ThermoPower.Electrical.Generator.J: algebraic_limit (proven, from equation) \u2014 the parameter multiplies a derivative, so at zero the differential relation becomes an algebraic constraint rather than an undefined quotient"", ""contract_behavior"": ""algebraic_limit"", ""contract_confidence"": ""proven"", ""contract_source"": ""equation"", ""note"": ""the positivity rule does not apply: this component documents zero as a meaningful limit, so reporting a missing bound would contradict its contract""}",/data/mrumoca/eval/results/thermopower/findings.jsonl
thermopower,historical-static,ThermoPower.Test.ElectricalComponents.TestElectrical1,18,quantity-missing,low,False,advisory-or-explicit-non-defect,"{""unit"": ""N.m"", ""count"": 1, ""declarations"": ""primeMover.tau"", ""note"": ""a unit is declared without a quantity, so nothing states what is being measured and no rule keyed on quantity can apply to it""}",/data/mrumoca/eval/results/thermopower/findings.jsonl
thermopower,historical-static,ThermoPower.Test.ElectricalComponents.TestElectrical1,19,vanishing-coefficient,medium,False,hold-needs-source-and-witness-review,"{""parameter"": ""generator.tau_d"", ""declared_min"": null, ""shape"": ""parameter multiplies a derivative; zero removes the equation's only determination of that state""}",/data/mrumoca/eval/results/thermopower/findings.jsonl
thermopower,historical-static,ThermoPower.Test.ElectricalComponents.TestElectrical1,20,vanishing-coefficient,medium,False,hold-needs-source-and-witness-review,"{""parameter"": ""generator.J"", ""declared_min"": null, ""shape"": ""parameter multiplies a derivative; zero removes the equation's only determination of that state""}",/data/mrumoca/eval/results/thermopower/findings.jsonl
thermopower,historical-static,ThermoPower.Test.ElectricalComponents.TestElectrical1,21,vanishing-coefficient,medium,False,hold-needs-source-and-witness-review,"{""parameter"": ""generator.Tf"", ""declared_min"": null, ""shape"": ""parameter multiplies a derivative; zero removes the equation's only determination of that state""}",/data/mrumoca/eval/results/thermopower/findings.jsonl
thermopower,historical-static,ThermoPower.Test.ElectricalComponents.TestElectrical1,22,non-square-block,medium,False,hold-needs-source-and-witness-review,"{""block"": 0, ""equations"": 19, ""variables"": 18}",/data/mrumoca/eval/results/thermopower/findings.jsonl
thermopower,historical-static,ThermoPower.Test.ElectricalComponents.TestElectrical1,23,non-square-block,medium,False,hold-needs-source-and-witness-review,"{""block"": 2, ""equations"": 5, ""variables"": 6}",/data/mrumoca/eval/results/thermopower/findings.jsonl
thermopower,historical-static,ThermoPower.Test.ElectricalComponents.TestElectrical1,24,STRUCTURE_DEGENERATES_AT_ZERO,low,False,hold-needs-source-and-witness-review,"{""parameter"": ""generator.J"", ""contract"": ""ThermoPower.Electrical.Generator.J: algebraic_limit (proven, from equation) \u2014 the parameter multiplies a derivative, so at zero the differential relation becomes an algebraic constraint rather than an undefined quotient"", ""contract_behavior"": ""algebraic_limit"", ""contract_confidence"": ""proven"", ""confidence"": ""low"", ""result"": ""TOPOLOGY_SPECIFIC"", ""incidences_lost"": 0, ""unknowns_left_undetermined"": 0, ""evidence_kind"": ""scales-a-rate"", ""note"": ""at zero this parameter removes a state and the equation that determines it. The matching survives, so the system is not structurally short; whether it is *algebraically* singular depends on this model's topology and initialization and needs execution to decide. This is not a claim that the declaration should forbid zero.""}",/data/mrumoca/eval/results/thermopower/findings.jsonl
thermopower,historical-static,ThermoPower.Test.ElectricalComponents.TestElectrical1,25,STRUCTURE_DEGENERATES_AT_ZERO,low,False,hold-needs-source-and-witness-review,"{""parameter"": ""generator.Tf"", ""contract"": ""ThermoPower.Electrical.Generator.Tf: algebraic_limit (proven, from equation) \u2014 the parameter multiplies a derivative, so at zero the differential relation becomes an algebraic constraint rather than an undefined quotient"", ""contract_behavior"": ""algebraic_limit"", ""contract_confidence"": ""proven"", ""confidence"": ""low"", ""result"": ""TOPOLOGY_SPECIFIC"", ""incidences_lost"": 0, ""unknowns_left_undetermined"": 0, ""evidence_kind"": ""scales-a-rate"", ""note"": ""at zero this parameter removes a state and the equation that determines it. The matching survives, so the system is not structurally short; whether it is *algebraically* singular depends on this model's topology and initialization and needs execution to decide. This is not a claim that the declaration should forbid zero.""}",/data/mrumoca/eval/results/thermopower/findings.jsonl
thermopower,historical-static,ThermoPower.Test.ElectricalComponents.TestElectrical1,26,STRUCTURE_DEGENERATES_AT_ZERO,low,False,hold-needs-source-and-witness-review,"{""parameter"": ""generator.tau_d"", ""contract"": ""ThermoPower.Electrical.Generator.tau_d: algebraic_limit (proven, from equation) \u2014 the parameter multiplies a derivative, so at zero the differential relation becomes an algebraic constraint rather than an undefined quotient"", ""contract_behavior"": ""algebraic_limit"", ""contract_confidence"": ""proven"", ""confidence"": ""low"", ""result"": ""TOPOLOGY_SPECIFIC"", ""incidences_lost"": 0, ""unknowns_left_undetermined"": 0, ""evidence_kind"": ""scales-a-rate"", ""note"": ""at zero this parameter removes a state and the equation that determines it. The matching survives, so the system is not structurally short; whether it is *algebraically* singular depends on this model's topology and initialization and needs execution to decide. This is not a claim that the declaration should forbid zero.""}",/data/mrumoca/eval/results/thermopower/findings.jsonl
thermopower,historical-static,ThermoPower.Test.ElectricalComponents.TestElectrical4,0,divisor-reachable-zero,high,False,hold-needs-source-and-witness-review,"{""denominator"": ""generator.eta"", ""witness"": ""generator.eta = 0"", ""witness_rationale"": ""set to zero"", ""denominator_at_witness"": 0.0, ""denominator_at_declared_values"": 1.0, ""denominator_range"": ""[-inf, inf]"", ""path_condition"": ""always evaluated"", ""verdict"": ""SAT"", ""proof"": ""the division is not inside any branch"", ""constraints"": ""generator.eta: unbounded"", ""note"": ""a permitted assignment drives the complete denominator to zero and the division is still evaluated there""}",/data/mrumoca/eval/results/thermopower/findings.jsonl
thermopower,historical-static,ThermoPower.Test.ElectricalComponents.TestElectrical4,1,divisor-reachable-zero,high,False,hold-needs-source-and-witness-review,"{""denominator"": ""load.fnom"", ""witness"": ""load.fnom = 0"", ""witness_rationale"": ""set to zero"", ""denominator_at_witness"": 0.0, ""denominator_at_declared_values"": 50.0, ""denominator_range"": ""[-inf, inf]"", ""path_condition"": ""always evaluated"", ""verdict"": ""SAT"", ""proof"": ""the division is not inside any branch"", ""constraints"": ""load.fnom: unbounded"", ""note"": ""a permitted assignment drives the complete denominator to zero and the division is still evaluated there""}",/data/mrumoca/eval/results/thermopower/findings.jsonl
thermopower,historical-static,ThermoPower.Test.ElectricalComponents.TestElectrical4,2,divisor-reachable-zero,high,False,hold-needs-source-and-witness-review,"{""denominator"": ""grid.Pgrid"", ""witness"": ""grid.Pgrid = 0"", ""witness_rationale"": ""set to zero"", ""denominator_at_witness"": 0.0, ""denominator_at_declared_values"": 1000000000.0, ""denominator_range"": ""[-inf, inf]"", ""path_condition"": ""always evaluated"", ""verdict"": ""SAT"", ""proof"": ""the division is not inside any branch"", ""constraints"": ""grid.Pgrid: unbounded"", ""note"": ""a permitted assignment drives the complete denominator to zero and the division is still evaluated there""}",/data/mrumoca/eval/results/thermopower/findings.jsonl
thermopower,historical-static,ThermoPower.Test.ElectricalComponents.TestElectrical4,3,divisor-reachable-zero,high,False,hold-needs-source-and-witness-review,"{""denominator"": ""transmissionLine.Xpu"", ""witness"": ""transmissionLine.Xpu = 0"", ""witness_rationale"": ""set to zero"", ""denominator_at_witness"": 0.0, ""denominator_at_declared_values"": 0.1, ""denominator_range"": ""[-inf, inf]"", ""path_condition"": ""always evaluated"", ""verdict"": ""SAT"", ""proof"": ""the division is not inside any branch"", ""constraints"": ""transmissionLine.Xpu: unbounded"", ""note"": ""a permitted assignment drives the complete denominator to zero and the division is still evaluated there""}",/data/mrumoca/eval/results/thermopower/findings.jsonl
thermopower,historical-static,ThermoPower.Test.ElectricalComponents.TestElectrical4,4,divisor-reachable-zero,high,False,hold-needs-source-and-witness-review,"{""denominator"": ""Np"", ""witness"": ""Np = 0"", ""witness_rationale"": ""set to zero"", ""denominator_at_witness"": 0.0, ""denominator_at_declared_values"": 4.0, ""denominator_range"": ""[-inf, inf]"", ""path_condition"": ""always evaluated"", ""verdict"": ""SAT"", ""proof"": ""the division is not inside any branch"", ""constraints"": ""Np: unbounded"", ""note"": ""a permitted assignment drives the complete denominator to zero and the division is still evaluated there""}",/data/mrumoca/eval/results/thermopower/findings.jsonl
thermopower,historical-static,ThermoPower.Test.ElectricalComponents.TestElectrical4,5,divisor-reachable-zero,high,False,hold-needs-source-and-witness-review,"{""denominator"": ""Np"", ""witness"": ""Np = 0"", ""witness_rationale"": ""set to zero"", ""denominator_at_witness"": 0.0, ""denominator_at_declared_values"": 4.0, ""denominator_range"": ""[-inf, inf]"", ""path_condition"": ""always evaluated"", ""verdict"": ""SAT"", ""proof"": ""the division is not inside any branch"", ""constraints"": ""Np: unbounded"", ""note"": ""a permitted assignment drives the complete denominator to zero and the division is still evaluated there""}",/data/mrumoca/eval/results/thermopower/findings.jsonl
thermopower,historical-static,ThermoPower.Test.ElectricalComponents.TestElectrical4,6,divisor-reachable-zero,high,False,hold-needs-source-and-witness-review,"{""denominator"": ""generator.Np"", ""witness"": ""generator.Np = 0"", ""witness_rationale"": ""set to zero"", ""denominator_at_witness"": 0.0, ""denominator_at_declared_values"": 4.0, ""denominator_range"": ""[-inf, inf]"", ""path_condition"": ""always evaluated"", ""verdict"": ""SAT"", ""proof"": ""the division is not inside any branch"", ""constraints"": ""generator.Np: unbounded"", ""note"": ""a permitted assignment drives the complete denominator to zero and the division is still evaluated there""}",/data/mrumoca/eval/results/thermopower/findings.jsonl
thermopower,historical-static,ThermoPower.Test.ElectricalComponents.TestElectrical4,7,divisor-reachable-zero,high,False,hold-needs-source-and-witness-review,"{""denominator"": ""generator.Np"", ""witness"": ""generator.Np = 0"", ""witness_rationale"": ""set to zero"", ""denominator_at_witness"": 0.0, ""denominator_at_declared_values"": 4.0, ""denominator_range"": ""[-inf, inf]"", ""path_condition"": ""always evaluated"", ""verdict"": ""SAT"", ""proof"": ""the division is not inside any branch"", ""constraints"": ""generator.Np: unbounded"", ""note"": ""a permitted assignment drives the complete denominator to zero and the division is still evaluated there""}",/data/mrumoca/eval/results/thermopower/findings.jsonl
thermopower,historical-static,ThermoPower.Test.ElectricalComponents.TestElectrical4,8,divisor-reachable-zero,high,False,hold-needs-source-and-witness-review,"{""denominator"": ""(generator.omega_m_nom ^ 2)"", ""witness"": ""generator.omega_m_nom = 0"", ""witness_rationale"": ""set to zero"", ""denominator_at_witness"": 0.0, ""denominator_at_declared_values"": 6168.502750680849, ""denominator_range"": ""[0, inf]"", ""path_condition"": ""always evaluated"", ""verdict"": ""SAT"", ""proof"": ""the division is not inside any branch"", ""constraints"": ""generator.omega_m_nom: unbounded"", ""note"": ""a permitted assignment drives the complete denominator to zero and the division is still evaluated there""}",/data/mrumoca/eval/results/thermopower/findings.jsonl
thermopower,historical-static,ThermoPower.Test.ElectricalComponents.TestElectrical4,9,divisor-reachable-zero,high,False,hold-needs-source-and-witness-review,"{""denominator"": ""(generator.omega_m_nom ^ 2)"", ""witness"": ""generator.omega_m_nom = 0"", ""witness_rationale"": ""set to zero"", ""denominator_at_witness"": 0.0, ""denominator_at_declared_values"": 6168.502750680849, ""denominator_range"": ""[0, inf]"", ""path_condition"": ""always evaluated"", ""verdict"": ""SAT"", ""proof"": ""the division is not inside any branch"", ""constraints"": ""generator.omega_m_nom: unbounded"", ""note"": ""a permitted assignment drives the complete denominator to zero and the division is still evaluated there""}",/data/mrumoca/eval/results/thermopower/findings.jsonl
thermopower,historical-static,ThermoPower.Test.ElectricalComponents.TestElectrical4,10,divisor-reachable-zero,high,False,hold-needs-source-and-witness-review,"{""denominator"": ""generator.omega_m_nom"", ""witness"": ""generator.omega_m_nom = 0"", ""witness_rationale"": ""set to zero"", ""denominator_at_witness"": 0.0, ""denominator_at_declared_values"": 78.53981633974483, ""denominator_range"": ""[-inf, inf]"", ""path_condition"": ""always evaluated"", ""verdict"": ""SAT"", ""proof"": ""the division is not inside any branch"", ""constraints"": ""generator.omega_m_nom: unbounded"", ""note"": ""a permitted assignment drives the complete denominator to zero and the division is still evaluated there""}",/data/mrumoca/eval/results/thermopower/findings.jsonl
thermopower,historical-static,ThermoPower.Test.ElectricalComponents.TestElectrical4,11,divisor-reachable-zero,high,False,hold-needs-source-and-witness-review,"{""denominator"": ""generator.omega_m_nom"", ""witness"": ""generator.omega_m_nom = 0"", ""witness_rationale"": ""set to zero"", ""denominator_at_witness"": 0.0, ""denominator_at_declared_values"": 78.53981633974483, ""denominator_range"": ""[-inf, inf]"", ""path_condition"": ""always evaluated"", ""verdict"": ""SAT"", ""proof"": ""the division is not inside any branch"", ""constraints"": ""generator.omega_m_nom: unbounded"", ""note"": ""a permitted assignment drives the complete denominator to zero and the division is still evaluated there""}",/data/mrumoca/eval/results/thermopower/findings.jsonl
thermopower,historical-static,ThermoPower.Test.ElectricalComponents.TestElectrical4,12,divisor-reachable-zero,high,False,hold-needs-source-and-witness-review,"{""denominator"": ""generator.Np"", ""witness"": ""generator.Np = 0"", ""witness_rationale"": ""set to zero"", ""denominator_at_witness"": 0.0, ""denominator_at_declared_values"": 4.0, ""denominator_range"": ""[-inf, inf]"", ""path_condition"": ""always evaluated"", ""verdict"": ""SAT"", ""proof"": ""the division is not inside any branch"", ""constraints"": ""generator.Np: unbounded"", ""note"": ""a permitted assignment drives the complete denominator to zero and the division is still evaluated there""}",/data/mrumoca/eval/results/thermopower/findings.jsonl
thermopower,historical-static,ThermoPower.Test.ElectricalComponents.TestElectrical4,13,divisor-reachable-zero,high,False,hold-needs-source-and-witness-review,"{""denominator"": ""omega_m_nom"", ""witness"": ""omega_m_nom = 0"", ""witness_rationale"": ""set to zero"", ""denominator_at_witness"": 0.0, ""denominator_at_declared_values"": 78.53981633974483, ""denominator_range"": ""[-inf, inf]"", ""path_condition"": ""always evaluated"", ""verdict"": ""SAT"", ""proof"": ""the division is not inside any branch"", ""constraints"": ""omega_m_nom: unbounded"", ""note"": ""a permitted assignment drives the complete denominator to zero and the division is still evaluated there""}",/data/mrumoca/eval/results/thermopower/findings.jsonl
thermopower,historical-static,ThermoPower.Test.ElectricalComponents.TestElectrical4,14,init-precondition-at-risk,low,False,hold-needs-source-and-witness-review,"{""expression"": ""((generator.Pnom * generator.Ta) / (generator.omega_m_nom ^ 2))"", ""requirement"": ""divisor must not be zero"", ""initial_range"": ""[0, +inf]"", ""result"": ""UNKNOWN"", ""note"": ""the initial range of this operand contains a value the operation does not accept; whether it takes one is not decidable statically""}",/data/mrumoca/eval/results/thermopower/findings.jsonl
thermopower,historical-static,ThermoPower.Test.ElectricalComponents.TestElectrical4,15,init-precondition-at-risk,low,False,hold-needs-source-and-witness-review,"{""expression"": ""((generator.Pnom * generator.Ta) / (generator.omega_m_nom ^ 2))"", ""requirement"": ""divisor must not be zero"", ""initial_range"": ""[0, +inf]"", ""result"": ""UNKNOWN"", ""note"": ""the initial range of this operand contains a value the operation does not accept; whether it takes one is not decidable statically""}",/data/mrumoca/eval/results/thermopower/findings.jsonl
thermopower,historical-static,ThermoPower.Test.ElectricalComponents.TestElectrical4,16,initialization-count-mismatch,info,False,hold-needs-source-and-witness-review,"{""states"": 6, ""initial_equations"": 5, ""fixed_starts"": 0, ""note"": ""approximate; the compiler's balance check is authoritative""}",/data/mrumoca/eval/results/thermopower/findings.jsonl
thermopower,historical-static,ThermoPower.Test.ElectricalComponents.TestElectrical4,17,network-boundary-port,low,False,standalone-topology-not-defect-proof,"{""node"": ""LocalLoad -- load"", ""boundary_connectors"": ""LocalLoad, load"", ""wired_to"": ""nothing"", ""note"": ""this connector belongs to the model itself, not to a component inside it: the model is an interface compiled on its own, so the node is open on one side. Nothing forces its flow, which is why a structural matching reports an unmatched unknown here. Not a defect in the model""}",/data/mrumoca/eval/results/thermopower/findings.jsonl
thermopower,historical-static,ThermoPower.Test.ElectricalComponents.TestElectrical4,18,network-boundary-port,low,False,standalone-topology-not-defect-proof,"{""node"": ""GenTorque -- primeMover"", ""boundary_connectors"": ""GenTorque, primeMover"", ""wired_to"": ""nothing"", ""note"": ""this connector belongs to the model itself, not to a component inside it: the model is an interface compiled on its own, so the node is open on one side. Nothing forces its flow, which is why a structural matching reports an unmatched unknown here. Not a defect in the model""}",/data/mrumoca/eval/results/thermopower/findings.jsonl
thermopower,historical-static,ThermoPower.Test.ElectricalComponents.TestElectrical4,19,physical-zero-is-a-supported-limit,low,False,advisory-or-explicit-non-defect,"{""domain"": ""mechanical"", ""rule"": ""mech.inertia.positive"", ""rule_origin"": ""the rotational analogue of mass; J = 0 leaves angular acceleration undetermined"", ""rule_reference"": ""MSL Mechanics.Rotational.Components.Inertia"", ""matched_by"": {""quantity"": ""MomentOfInertia"", ""unit"": ""kg.m2"", ""confidence"": ""QUANTITY_AND_UNIT"", ""premise_state"": ""unknown"", ""authority"": ""quantity_or_unit"", ""canonical_declaration"": ""ThermoPower.Electrical.Generator.J""}, ""required"": ""generator.J > 0"", ""declared_min"": null, ""variable_role"": ""parameter"", ""premise_state"": ""refuted"", ""authority"": ""component_contract"", ""contract"": ""ThermoPower.Electrical.Generator.J: algebraic_limit (proven, from equation) \u2014 the parameter multiplies a derivative, so at zero the differential relation becomes an algebraic constraint rather than an undefined quotient"", ""contract_behavior"": ""algebraic_limit"", ""contract_confidence"": ""proven"", ""contract_source"": ""equation"", ""note"": ""the positivity rule does not apply: this component documents zero as a meaningful limit, so reporting a missing bound would contradict its contract""}",/data/mrumoca/eval/results/thermopower/findings.jsonl
thermopower,historical-static,ThermoPower.Test.ElectricalComponents.TestElectrical4,20,quantity-missing,low,False,advisory-or-explicit-non-defect,"{""unit"": ""N.m"", ""count"": 1, ""declarations"": ""primeMover.tau"", ""note"": ""a unit is declared without a quantity, so nothing states what is being measured and no rule keyed on quantity can apply to it""}",/data/mrumoca/eval/results/thermopower/findings.jsonl
thermopower,historical-static,ThermoPower.Test.ElectricalComponents.TestElectrical4,21,vanishing-coefficient,medium,False,hold-needs-source-and-witness-review,"{""parameter"": ""generator.tau_d"", ""declared_min"": null, ""shape"": ""parameter multiplies a derivative; zero removes the equation's only determination of that state""}",/data/mrumoca/eval/results/thermopower/findings.jsonl
thermopower,historical-static,ThermoPower.Test.ElectricalComponents.TestElectrical4,22,vanishing-coefficient,medium,False,hold-needs-source-and-witness-review,"{""parameter"": ""generator.J"", ""declared_min"": null, ""shape"": ""parameter multiplies a derivative; zero removes the equation's only determination of that state""}",/data/mrumoca/eval/results/thermopower/findings.jsonl
thermopower,historical-static,ThermoPower.Test.ElectricalComponents.TestElectrical4,23,vanishing-coefficient,medium,False,hold-needs-source-and-witness-review,"{""parameter"": ""generator.Tf"", ""declared_min"": null, ""shape"": ""parameter multiplies a derivative; zero removes the equation's only determination of that state""}",/data/mrumoca/eval/results/thermopower/findings.jsonl
thermopower,historical-static,ThermoPower.Test.ElectricalComponents.TestElectrical4,24,vanishing-coefficient,medium,False,hold-needs-source-and-witness-review,"{""parameter"": ""grid.pi"", ""declared_min"": null, ""shape"": ""parameter multiplies a derivative; zero removes the equation's only determination of that state""}",/data/mrumoca/eval/results/thermopower/findings.jsonl
thermopower,historical-static,ThermoPower.Test.ElectricalComponents.TestElectrical4,25,STRUCTURE_DEGENERATES_AT_ZERO,low,False,hold-needs-source-and-witness-review,"{""parameter"": ""generator.J"", ""contract"": ""ThermoPower.Electrical.Generator.J: algebraic_limit (proven, from equation) \u2014 the parameter multiplies a derivative, so at zero the differential relation becomes an algebraic constraint rather than an undefined quotient"", ""contract_behavior"": ""algebraic_limit"", ""contract_confidence"": ""proven"", ""confidence"": ""low"", ""result"": ""TOPOLOGY_SPECIFIC"", ""incidences_lost"": 0, ""unknowns_left_undetermined"": 0, ""evidence_kind"": ""scales-a-rate"", ""note"": ""at zero this parameter removes a state and the equation that determines it. The matching survives, so the system is not structurally short; whether it is *algebraically* singular depends on this model's topology and initialization and needs execution to decide. This is not a claim that the declaration should forbid zero.""}",/data/mrumoca/eval/results/thermopower/findings.jsonl
thermopower,historical-static,ThermoPower.Test.ElectricalComponents.TestElectrical4,26,STRUCTURE_DEGENERATES_AT_ZERO,low,False,hold-needs-source-and-witness-review,"{""parameter"": ""generator.Tf"", ""contract"": ""ThermoPower.Electrical.Generator.Tf: algebraic_limit (proven, from equation) \u2014 the parameter multiplies a derivative, so at zero the differential relation becomes an algebraic constraint rather than an undefined quotient"", ""contract_behavior"": ""algebraic_limit"", ""contract_confidence"": ""proven"", ""confidence"": ""low"", ""result"": ""TOPOLOGY_SPECIFIC"", ""incidences_lost"": 0, ""unknowns_left_undetermined"": 0, ""evidence_kind"": ""scales-a-rate"", ""note"": ""at zero this parameter removes a state and the equation that determines it. The matching survives, so the system is not structurally short; whether it is *algebraically* singular depends on this model's topology and initialization and needs execution to decide. This is not a claim that the declaration should forbid zero.""}",/data/mrumoca/eval/results/thermopower/findings.jsonl
thermopower,historical-static,ThermoPower.Test.ElectricalComponents.TestElectrical4,27,STRUCTURE_DEGENERATES_AT_ZERO,low,False,hold-needs-source-and-witness-review,"{""parameter"": ""generator.tau_d"", ""contract"": ""ThermoPower.Electrical.Generator.tau_d: algebraic_limit (proven, from equation) \u2014 the parameter multiplies a derivative, so at zero the differential relation becomes an algebraic constraint rather than an undefined quotient"", ""contract_behavior"": ""algebraic_limit"", ""contract_confidence"": ""proven"", ""confidence"": ""low"", ""result"": ""TOPOLOGY_SPECIFIC"", ""incidences_lost"": 0, ""unknowns_left_undetermined"": 0, ""evidence_kind"": ""scales-a-rate"", ""note"": ""at zero this parameter removes a state and the equation that determines it. The matching survives, so the system is not structurally short; whether it is *algebraically* singular depends on this model's topology and initialization and needs execution to decide. This is not a claim that the declaration should forbid zero.""}",/data/mrumoca/eval/results/thermopower/findings.jsonl
thermopower,historical-static,ThermoPower.Test.ElectricalComponents.TestElectrical4,28,STRUCTURE_DEGENERATES_AT_ZERO,low,False,hold-needs-source-and-witness-review,"{""parameter"": ""grid.pi"", ""contract"": ""ThermoPower.Electrical.Grid.pi: feature_disabled (proven, from equation) \u2014 the parameter appears only as a multiplier, so at zero the term it scales drops out and the rest of the model is unaffected"", ""contract_behavior"": ""feature_disabled"", ""contract_confidence"": ""proven"", ""confidence"": ""low"", ""result"": ""TOPOLOGY_SPECIFIC"", ""incidences_lost"": 0, ""unknowns_left_undetermined"": 0, ""evidence_kind"": ""scales-a-rate"", ""note"": ""at zero this parameter removes a state and the equation that determines it. The matching survives, so the system is not structurally short; whether it is *algebraically* singular depends on this model's topology and initialization and needs execution to decide. This is not a claim that the declaration should forbid zero.""}",/data/mrumoca/eval/results/thermopower/findings.jsonl
thermopower,historical-static,ThermoPower.Test.ElectricalComponents.TestElectrical7,0,divisor-reachable-zero,high,False,hold-needs-source-and-witness-review,"{""denominator"": ""gen_a.eta"", ""witness"": ""gen_a.eta = 0"", ""witness_rationale"": ""set to zero"", ""denominator_at_witness"": 0.0, ""denominator_at_declared_values"": 1.0, ""denominator_range"": ""[-inf, inf]"", ""path_condition"": ""always evaluated"", ""verdict"": ""SAT"", ""proof"": ""the division is not inside any branch"", ""constraints"": ""gen_a.eta: unbounded"", ""note"": ""a permitted assignment drives the complete denominator to zero and the division is still evaluated there""}",/data/mrumoca/eval/results/thermopower/findings.jsonl
thermopower,historical-static,ThermoPower.Test.ElectricalComponents.TestElectrical7,1,divisor-reachable-zero,high,False,hold-needs-source-and-witness-review,"{""denominator"": ""gen_b.eta"", ""witness"": ""gen_b.eta = 0"", ""witness_rationale"": ""set to zero"", ""denominator_at_witness"": 0.0, ""denominator_at_declared_values"": 1.0, ""denominator_range"": ""[-inf, inf]"", ""path_condition"": ""always evaluated"", ""verdict"": ""SAT"", ""proof"": ""the division is not inside any branch"", ""constraints"": ""gen_b.eta: unbounded"", ""note"": ""a permitted assignment drives the complete denominator to zero and the division is still evaluated there""}",/data/mrumoca/eval/results/thermopower/findings.jsonl
thermopower,historical-static,ThermoPower.Test.ElectricalComponents.TestElectrical7,2,divisor-reachable-zero,high,False,hold-needs-source-and-witness-review,"{""denominator"": ""torqueGen_a.T"", ""witness"": ""torqueGen_a.T = 0"", ""witness_rationale"": ""set to zero"", ""denominator_at_witness"": 0.0, ""denominator_at_declared_values"": 0.2, ""denominator_range"": ""[-inf, inf]"", ""path_condition"": ""always evaluated"", ""verdict"": ""SAT"", ""proof"": ""the division is not inside any branch"", ""constraints"": ""torqueGen_a.T: unbounded"", ""note"": ""a permitted assignment drives the complete denominator to zero and the division is still evaluated there""}",/data/mrumoca/eval/results/thermopower/findings.jsonl
thermopower,historical-static,ThermoPower.Test.ElectricalComponents.TestElectrical7,3,divisor-reachable-zero,high,False,hold-needs-source-and-witness-review,"{""denominator"": ""transmissionLine.Xpu"", ""witness"": ""transmissionLine.Xpu = 0"", ""witness_rationale"": ""set to zero"", ""denominator_at_witness"": 0.0, ""denominator_at_declared_values"": 0.3, ""denominator_range"": ""[-inf, inf]"", ""path_condition"": ""always evaluated"", ""verdict"": ""SAT"", ""proof"": ""the division is not inside any branch"", ""constraints"": ""transmissionLine.Xpu: unbounded"", ""note"": ""a permitted assignment drives the complete denominator to zero and the division is still evaluated there""}",/data/mrumoca/eval/results/thermopower/findings.jsonl
thermopower,historical-static,ThermoPower.Test.ElectricalComponents.TestElectrical7,4,divisor-reachable-zero,high,False,hold-needs-source-and-witness-review,"{""denominator"": ""load.fnom"", ""witness"": ""load.fnom = 0"", ""witness_rationale"": ""set to zero"", ""denominator_at_witness"": 0.0, ""denominator_at_declared_values"": 50.0, ""denominator_range"": ""[-inf, inf]"", ""path_condition"": ""always evaluated"", ""verdict"": ""SAT"", ""proof"": ""the division is not inside any branch"", ""constraints"": ""load.fnom: unbounded"", ""note"": ""a permitted assignment drives the complete denominator to zero and the division is still evaluated there""}",/data/mrumoca/eval/results/thermopower/findings.jsonl
thermopower,historical-static,ThermoPower.Test.ElectricalComponents.TestElectrical7,5,divisor-reachable-zero,high,False,hold-needs-source-and-witness-review,"{""denominator"": ""controllerA.f0"", ""witness"": ""controllerA.f0 = 0"", ""witness_rationale"": ""set to zero"", ""denominator_at_witness"": 0.0, ""denominator_at_declared_values"": 50.0, ""denominator_range"": ""[-inf, inf]"", ""path_condition"": ""always evaluated"", ""verdict"": ""SAT"", ""proof"": ""the division is not inside any branch"", ""constraints"": ""controllerA.f0: unbounded"", ""note"": ""a permitted assignment drives the complete denominator to zero and the division is still evaluated there""}",/data/mrumoca/eval/results/thermopower/findings.jsonl
thermopower,historical-static,ThermoPower.Test.ElectricalComponents.TestElectrical7,6,divisor-reachable-zero,high,False,hold-needs-source-and-witness-review,"{""denominator"": ""controllerA.droop"", ""witness"": ""controllerA.droop = 0"", ""witness_rationale"": ""set to zero"", ""denominator_at_witness"": 0.0, ""denominator_at_declared_values"": 0.05, ""denominator_range"": ""[-inf, inf]"", ""path_condition"": ""always evaluated"", ""verdict"": ""SAT"", ""proof"": ""the division is not inside any branch"", ""constraints"": ""controllerA.droop: unbounded"", ""note"": ""a permitted assignment drives the complete denominator to zero and the division is still evaluated there""}",/data/mrumoca/eval/results/thermopower/findings.jsonl
thermopower,historical-static,ThermoPower.Test.ElectricalComponents.TestElectrical7,7,divisor-reachable-zero,high,False,hold-needs-source-and-witness-review,"{""denominator"": ""controllerA.Np"", ""witness"": ""controllerA.Np = 0"", ""witness_rationale"": ""set to zero"", ""denominator_at_witness"": 0.0, ""denominator_at_declared_values"": 2.0, ""denominator_range"": ""[-inf, inf]"", ""path_condition"": ""always evaluated"", ""verdict"": ""SAT"", ""proof"": ""the division is not inside any branch"", ""constraints"": ""controllerA.Np: unbounded"", ""note"": ""a permitted assignment drives the complete denominator to zero and the division is still evaluated there""}",/data/mrumoca/eval/results/thermopower/findings.jsonl
thermopower,historical-static,ThermoPower.Test.ElectricalComponents.TestElectrical7,8,divisor-reachable-zero,high,False,hold-needs-source-and-witness-review,"{""denominator"": ""controllerB.f0"", ""witness"": ""controllerB.f0 = 0"", ""witness_rationale"": ""set to zero"", ""denominator_at_witness"": 0.0, ""denominator_at_declared_values"": 50.0, ""denominator_range"": ""[-inf, inf]"", ""path_condition"": ""always evaluated"", ""verdict"": ""SAT"", ""proof"": ""the division is not inside any branch"", ""constraints"": ""controllerB.f0: unbounded"", ""note"": ""a permitted assignment drives the complete denominator to zero and the division is still evaluated there""}",/data/mrumoca/eval/results/thermopower/findings.jsonl
thermopower,historical-static,ThermoPower.Test.ElectricalComponents.TestElectrical7,9,divisor-reachable-zero,high,False,hold-needs-source-and-witness-review,"{""denominator"": ""controllerB.droop"", ""witness"": ""controllerB.droop = 0"", ""witness_rationale"": ""set to zero"", ""denominator_at_witness"": 0.0, ""denominator_at_declared_values"": 0.05, ""denominator_range"": ""[-inf, inf]"", ""path_condition"": ""always evaluated"", ""verdict"": ""SAT"", ""proof"": ""the division is not inside any branch"", ""constraints"": ""controllerB.droop: unbounded"", ""note"": ""a permitted assignment drives the complete denominator to zero and the division is still evaluated there""}",/data/mrumoca/eval/results/thermopower/findings.jsonl
thermopower,historical-static,ThermoPower.Test.ElectricalComponents.TestElectrical7,10,divisor-reachable-zero,high,False,hold-needs-source-and-witness-review,"{""denominator"": ""controllerB.Np"", ""witness"": ""controllerB.Np = 0"", ""witness_rationale"": ""set to zero"", ""denominator_at_witness"": 0.0, ""denominator_at_declared_values"": 2.0, ""denominator_range"": ""[-inf, inf]"", ""path_condition"": ""always evaluated"", ""verdict"": ""SAT"", ""proof"": ""the division is not inside any branch"", ""constraints"": ""controllerB.Np: unbounded"", ""note"": ""a permitted assignment drives the complete denominator to zero and the division is still evaluated there""}",/data/mrumoca/eval/results/thermopower/findings.jsonl
thermopower,historical-static,ThermoPower.Test.ElectricalComponents.TestElectrical7,11,divisor-reachable-zero,high,False,hold-needs-source-and-witness-review,"{""denominator"": ""torqueGen_b.T"", ""witness"": ""torqueGen_b.T = 0"", ""witness_rationale"": ""set to zero"", ""denominator_at_witness"": 0.0, ""denominator_at_declared_values"": 0.2, ""denominator_range"": ""[-inf, inf]"", ""path_condition"": ""always evaluated"", ""verdict"": ""SAT"", ""proof"": ""the division is not inside any branch"", ""constraints"": ""torqueGen_b.T: unbounded"", ""note"": ""a permitted assignment drives the complete denominator to zero and the division is still evaluated there""}",/data/mrumoca/eval/results/thermopower/findings.jsonl
thermopower,historical-static,ThermoPower.Test.ElectricalComponents.TestElectrical7,12,divisor-reachable-zero,high,False,hold-needs-source-and-witness-review,"{""denominator"": ""secondaryController.f0"", ""witness"": ""secondaryController.f0 = 0"", ""witness_rationale"": ""set to zero"", ""denominator_at_witness"": 0.0, ""denominator_at_declared_values"": 50.0, ""denominator_range"": ""[-inf, inf]"", ""path_condition"": ""always evaluated"", ""verdict"": ""SAT"", ""proof"": ""the division is not inside any branch"", ""constraints"": ""secondaryController.f0: unbounded"", ""note"": ""a permitted assignment drives the complete denominator to zero and the division is still evaluated there""}",/data/mrumoca/eval/results/thermopower/findings.jsonl
thermopower,historical-static,ThermoPower.Test.ElectricalComponents.TestElectrical7,13,divisor-reachable-zero,high,False,hold-needs-source-and-witness-review,"{""denominator"": ""(secondaryController.Ts * secondaryController.droop)"", ""witness"": ""secondaryController.Ts = 0"", ""witness_rationale"": ""set to zero"", ""denominator_at_witness"": 0.0, ""denominator_at_declared_values"": 15.0, ""denominator_range"": ""[-inf, inf]"", ""path_condition"": ""always evaluated"", ""verdict"": ""SAT"", ""proof"": ""the division is not inside any branch"", ""constraints"": ""secondaryController.Ts: unbounded"", ""note"": ""a permitted assignment drives the complete denominator to zero and the division is still evaluated there""}",/data/mrumoca/eval/results/thermopower/findings.jsonl
thermopower,historical-static,ThermoPower.Test.ElectricalComponents.TestElectrical7,14,divisor-reachable-zero,high,False,hold-needs-source-and-witness-review,"{""denominator"": ""Np"", ""witness"": ""Np = 0"", ""witness_rationale"": ""set to zero"", ""denominator_at_witness"": 0.0, ""denominator_at_declared_values"": 2.0, ""denominator_range"": ""[-inf, inf]"", ""path_condition"": ""always evaluated"", ""verdict"": ""SAT"", ""proof"": ""the division is not inside any branch"", ""constraints"": ""Np: unbounded"", ""note"": ""a permitted assignment drives the complete denominator to zero and the division is still evaluated there""}",/data/mrumoca/eval/results/thermopower/findings.jsonl
thermopower,historical-static,ThermoPower.Test.ElectricalComponents.TestElectrical7,15,divisor-reachable-zero,high,False,hold-needs-source-and-witness-review,"{""denominator"": ""Np"", ""witness"": ""Np = 0"", ""witness_rationale"": ""set to zero"", ""denominator_at_witness"": 0.0, ""denominator_at_declared_values"": 2.0, ""denominator_range"": ""[-inf, inf]"", ""path_condition"": ""always evaluated"", ""verdict"": ""SAT"", ""proof"": ""the division is not inside any branch"", ""constraints"": ""Np: unbounded"", ""note"": ""a permitted assignment drives the complete denominator to zero and the division is still evaluated there""}",/data/mrumoca/eval/results/thermopower/findings.jsonl
thermopower,historical-static,ThermoPower.Test.ElectricalComponents.TestElectrical7,16,divisor-reachable-zero,high,False,hold-needs-source-and-witness-review,"{""denominator"": ""gen_a.Np"", ""witness"": ""gen_a.Np = 0"", ""witness_rationale"": ""set to zero"", ""denominator_at_witness"": 0.0, ""denominator_at_declared_values"": 2.0, ""denominator_range"": ""[-inf, inf]"", ""path_condition"": ""always evaluated"", ""verdict"": ""SAT"", ""proof"": ""the division is not inside any branch"", ""constraints"": ""gen_a.Np: unbounded"", ""note"": ""a permitted assignment drives the complete denominator to zero and the division is still evaluated there""}",/data/mrumoca/eval/results/thermopower/findings.jsonl
thermopower,historical-static,ThermoPower.Test.ElectricalComponents.TestElectrical7,17,divisor-reachable-zero,high,False,hold-needs-source-and-witness-review,"{""denominator"": ""gen_a.Np"", ""witness"": ""gen_a.Np = 0"", ""witness_rationale"": ""set to zero"", ""denominator_at_witness"": 0.0, ""denominator_at_declared_values"": 2.0, ""denominator_range"": ""[-inf, inf]"", ""path_condition"": ""always evaluated"", ""verdict"": ""SAT"", ""proof"": ""the division is not inside any branch"", ""constraints"": ""gen_a.Np: unbounded"", ""note"": ""a permitted assignment drives the complete denominator to zero and the division is still evaluated there""}",/data/mrumoca/eval/results/thermopower/findings.jsonl
thermopower,historical-static,ThermoPower.Test.ElectricalComponents.TestElectrical7,18,divisor-reachable-zero,high,False,hold-needs-source-and-witness-review,"{""denominator"": ""(gen_a.omega_m_nom ^ 2)"", ""witness"": ""gen_a.omega_m_nom = 0"", ""witness_rationale"": ""set to zero"", ""denominator_at_witness"": 0.0, ""denominator_at_declared_values"": 24674.011002723397, ""denominator_range"": ""[0, inf]"", ""path_condition"": ""always evaluated"", ""verdict"": ""SAT"", ""proof"": ""the division is not inside any branch"", ""constraints"": ""gen_a.omega_m_nom: unbounded"", ""note"": ""a permitted assignment drives the complete denominator to zero and the division is still evaluated there""}",/data/mrumoca/eval/results/thermopower/findings.jsonl
thermopower,historical-static,ThermoPower.Test.ElectricalComponents.TestElectrical7,19,divisor-reachable-zero,high,False,hold-needs-source-and-witness-review,"{""denominator"": ""(gen_a.omega_m_nom ^ 2)"", ""witness"": ""gen_a.omega_m_nom = 0"", ""witness_rationale"": ""set to zero"", ""denominator_at_witness"": 0.0, ""denominator_at_declared_values"": 24674.011002723397, ""denominator_range"": ""[0, inf]"", ""path_condition"": ""always evaluated"", ""verdict"": ""SAT"", ""proof"": ""the division is not inside any branch"", ""constraints"": ""gen_a.omega_m_nom: unbounded"", ""note"": ""a permitted assignment drives the complete denominator to zero and the division is still evaluated there""}",/data/mrumoca/eval/results/thermopower/findings.jsonl
thermopower,historical-static,ThermoPower.Test.ElectricalComponents.TestElectrical7,20,divisor-reachable-zero,high,False,hold-needs-source-and-witness-review,"{""denominator"": ""gen_a.omega_m_nom"", ""witness"": ""gen_a.omega_m_nom = 0"", ""witness_rationale"": ""set to zero"", ""denominator_at_witness"": 0.0, ""denominator_at_declared_values"": 157.07963267948966, ""denominator_range"": ""[-inf, inf]"", ""path_condition"": ""always evaluated"", ""verdict"": ""SAT"", ""proof"": ""the division is not inside any branch"", ""constraints"": ""gen_a.omega_m_nom: unbounded"", ""note"": ""a permitted assignment drives the complete denominator to zero and the division is still evaluated there""}",/data/mrumoca/eval/results/thermopower/findings.jsonl
thermopower,historical-static,ThermoPower.Test.ElectricalComponents.TestElectrical7,21,divisor-reachable-zero,high,False,hold-needs-source-and-witness-review,"{""denominator"": ""gen_a.omega_m_nom"", ""witness"": ""gen_a.omega_m_nom = 0"", ""witness_rationale"": ""set to zero"", ""denominator_at_witness"": 0.0, ""denominator_at_declared_values"": 157.07963267948966, ""denominator_range"": ""[-inf, inf]"", ""path_condition"": ""always evaluated"", ""verdict"": ""SAT"", ""proof"": ""the division is not inside any branch"", ""constraints"": ""gen_a.omega_m_nom: unbounded"", ""note"": ""a permitted assignment drives the complete denominator to zero and the division is still evaluated there""}",/data/mrumoca/eval/results/thermopower/findings.jsonl
thermopower,historical-static,ThermoPower.Test.ElectricalComponents.TestElectrical7,22,divisor-reachable-zero,high,False,hold-needs-source-and-witness-review,"{""denominator"": ""gen_a.Np"", ""witness"": ""gen_a.Np = 0"", ""witness_rationale"": ""set to zero"", ""denominator_at_witness"": 0.0, ""denominator_at_declared_values"": 2.0, ""denominator_range"": ""[-inf, inf]"", ""path_condition"": ""always evaluated"", ""verdict"": ""SAT"", ""proof"": ""the division is not inside any branch"", ""constraints"": ""gen_a.Np: unbounded"", ""note"": ""a permitted assignment drives the complete denominator to zero and the division is still evaluated there""}",/data/mrumoca/eval/results/thermopower/findings.jsonl
thermopower,historical-static,ThermoPower.Test.ElectricalComponents.TestElectrical7,23,divisor-reachable-zero,high,False,hold-needs-source-and-witness-review,"{""denominator"": ""gen_b.Np"", ""witness"": ""gen_b.Np = 0"", ""witness_rationale"": ""set to zero"", ""denominator_at_witness"": 0.0, ""denominator_at_declared_values"": 2.0, ""denominator_range"": ""[-inf, inf]"", ""path_condition"": ""always evaluated"", ""verdict"": ""SAT"", ""proof"": ""the division is not inside any branch"", ""constraints"": ""gen_b.Np: unbounded"", ""note"": ""a permitted assignment drives the complete denominator to zero and the division is still evaluated there""}",/data/mrumoca/eval/results/thermopower/findings.jsonl
thermopower,historical-static,ThermoPower.Test.ElectricalComponents.TestElectrical7,24,divisor-reachable-zero,high,False,hold-needs-source-and-witness-review,"{""denominator"": ""gen_b.Np"", ""witness"": ""gen_b.Np = 0"", ""witness_rationale"": ""set to zero"", ""denominator_at_witness"": 0.0, ""denominator_at_declared_values"": 2.0, ""denominator_range"": ""[-inf, inf]"", ""path_condition"": ""always evaluated"", ""verdict"": ""SAT"", ""proof"": ""the division is not inside any branch"", ""constraints"": ""gen_b.Np: unbounded"", ""note"": ""a permitted assignment drives the complete denominator to zero and the division is still evaluated there""}",/data/mrumoca/eval/results/thermopower/findings.jsonl
thermopower,historical-static,ThermoPower.Test.ElectricalComponents.TestElectrical7,25,divisor-reachable-zero,high,False,hold-needs-source-and-witness-review,"{""denominator"": ""(gen_b.omega_m_nom ^ 2)"", ""witness"": ""gen_b.omega_m_nom = 0"", ""witness_rationale"": ""set to zero"", ""denominator_at_witness"": 0.0, ""denominator_at_declared_values"": 24674.011002723397, ""denominator_range"": ""[0, inf]"", ""path_condition"": ""always evaluated"", ""verdict"": ""SAT"", ""proof"": ""the division is not inside any branch"", ""constraints"": ""gen_b.omega_m_nom: unbounded"", ""note"": ""a permitted assignment drives the complete denominator to zero and the division is still evaluated there""}",/data/mrumoca/eval/results/thermopower/findings.jsonl
thermopower,historical-static,ThermoPower.Test.ElectricalComponents.TestElectrical7,26,divisor-reachable-zero,high,False,hold-needs-source-and-witness-review,"{""denominator"": ""(gen_b.omega_m_nom ^ 2)"", ""witness"": ""gen_b.omega_m_nom = 0"", ""witness_rationale"": ""set to zero"", ""denominator_at_witness"": 0.0, ""denominator_at_declared_values"": 24674.011002723397, ""denominator_range"": ""[0, inf]"", ""path_condition"": ""always evaluated"", ""verdict"": ""SAT"", ""proof"": ""the division is not inside any branch"", ""constraints"": ""gen_b.omega_m_nom: unbounded"", ""note"": ""a permitted assignment drives the complete denominator to zero and the division is still evaluated there""}",/data/mrumoca/eval/results/thermopower/findings.jsonl
thermopower,historical-static,ThermoPower.Test.ElectricalComponents.TestElectrical7,27,divisor-reachable-zero,high,False,hold-needs-source-and-witness-review,"{""denominator"": ""gen_b.omega_m_nom"", ""witness"": ""gen_b.omega_m_nom = 0"", ""witness_rationale"": ""set to zero"", ""denominator_at_witness"": 0.0, ""denominator_at_declared_values"": 157.07963267948966, ""denominator_range"": ""[-inf, inf]"", ""path_condition"": ""always evaluated"", ""verdict"": ""SAT"", ""proof"": ""the division is not inside any branch"", ""constraints"": ""gen_b.omega_m_nom: unbounded"", ""note"": ""a permitted assignment drives the complete denominator to zero and the division is still evaluated there""}",/data/mrumoca/eval/results/thermopower/findings.jsonl
thermopower,historical-static,ThermoPower.Test.ElectricalComponents.TestElectrical7,28,divisor-reachable-zero,high,False,hold-needs-source-and-witness-review,"{""denominator"": ""gen_b.omega_m_nom"", ""witness"": ""gen_b.omega_m_nom = 0"", ""witness_rationale"": ""set to zero"", ""denominator_at_witness"": 0.0, ""denominator_at_declared_values"": 157.07963267948966, ""denominator_range"": ""[-inf, inf]"", ""path_condition"": ""always evaluated"", ""verdict"": ""SAT"", ""proof"": ""the division is not inside any branch"", ""constraints"": ""gen_b.omega_m_nom: unbounded"", ""note"": ""a permitted assignment drives the complete denominator to zero and the division is still evaluated there""}",/data/mrumoca/eval/results/thermopower/findings.jsonl
thermopower,historical-static,ThermoPower.Test.ElectricalComponents.TestElectrical7,29,divisor-reachable-zero,high,False,hold-needs-source-and-witness-review,"{""denominator"": ""gen_b.Np"", ""witness"": ""gen_b.Np = 0"", ""witness_rationale"": ""set to zero"", ""denominator_at_witness"": 0.0, ""denominator_at_declared_values"": 2.0, ""denominator_range"": ""[-inf, inf]"", ""path_condition"": ""always evaluated"", ""verdict"": ""SAT"", ""proof"": ""the division is not inside any branch"", ""constraints"": ""gen_b.Np: unbounded"", ""note"": ""a permitted assignment drives the complete denominator to zero and the division is still evaluated there""}",/data/mrumoca/eval/results/thermopower/findings.jsonl
thermopower,historical-static,ThermoPower.Test.ElectricalComponents.TestElectrical7,30,divisor-reachable-zero,high,False,hold-needs-source-and-witness-review,"{""denominator"": ""omega"", ""witness"": ""omega = 0"", ""witness_rationale"": ""set to zero"", ""denominator_at_witness"": 0.0, ""denominator_at_declared_values"": 157.07963267948966, ""denominator_range"": ""[-inf, inf]"", ""path_condition"": ""always evaluated"", ""verdict"": ""SAT"", ""proof"": ""the division is not inside any branch"", ""constraints"": ""omega: unbounded"", ""note"": ""a permitted assignment drives the complete denominator to zero and the division is still evaluated there""}",/data/mrumoca/eval/results/thermopower/findings.jsonl
thermopower,historical-static,ThermoPower.Test.ElectricalComponents.TestElectrical7,31,divisor-reachable-zero,high,False,hold-needs-source-and-witness-review,"{""denominator"": ""omega"", ""witness"": ""omega = 0"", ""witness_rationale"": ""set to zero"", ""denominator_at_witness"": 0.0, ""denominator_at_declared_values"": 157.07963267948966, ""denominator_range"": ""[-inf, inf]"", ""path_condition"": ""always evaluated"", ""verdict"": ""SAT"", ""proof"": ""the division is not inside any branch"", ""constraints"": ""omega: unbounded"", ""note"": ""a permitted assignment drives the complete denominator to zero and the division is still evaluated there""}",/data/mrumoca/eval/results/thermopower/findings.jsonl
thermopower,historical-static,ThermoPower.Test.ElectricalComponents.TestElectrical7,32,divisor-reachable-zero,high,False,hold-needs-source-and-witness-review,"{""denominator"": ""(secondaryController.f0 * secondaryController.droop)"", ""witness"": ""secondaryController.f0 = 0"", ""witness_rationale"": ""set to zero"", ""denominator_at_witness"": 0.0, ""denominator_at_declared_values"": 2.5, ""denominator_range"": ""[-inf, inf]"", ""path_condition"": ""always evaluated"", ""verdict"": ""SAT"", ""proof"": ""the division is not inside any branch"", ""constraints"": ""secondaryController.f0: unbounded"", ""note"": ""a permitted assignment drives the complete denominator to zero and the division is still evaluated there""}",/data/mrumoca/eval/results/thermopower/findings.jsonl
thermopower,historical-static,ThermoPower.Test.ElectricalComponents.TestElectrical7,33,divisor-reachable-zero,high,False,hold-needs-source-and-witness-review,"{""denominator"": ""(secondaryController.f0 * secondaryController.droop)"", ""witness"": ""secondaryController.f0 = 0"", ""witness_rationale"": ""set to zero"", ""denominator_at_witness"": 0.0, ""denominator_at_declared_values"": 2.5, ""denominator_range"": ""[-inf, inf]"", ""path_condition"": ""always evaluated"", ""verdict"": ""SAT"", ""proof"": ""the division is not inside any branch"", ""constraints"": ""secondaryController.f0: unbounded"", ""note"": ""a permitted assignment drives the complete denominator to zero and the division is still evaluated there""}",/data/mrumoca/eval/results/thermopower/findings.jsonl
thermopower,historical-static,ThermoPower.Test.ElectricalComponents.TestElectrical7,34,init-precondition-at-risk,low,False,hold-needs-source-and-witness-review,"{""expression"": ""((gen_a.Pnom * gen_a.Ta) / (gen_a.omega_m_nom ^ 2))"", ""requirement"": ""divisor must not be zero"", ""initial_range"": ""[0, +inf]"", ""result"": ""UNKNOWN"", ""note"": ""the initial range of this operand contains a value the operation does not accept; whether it takes one is not decidable statically""}",/data/mrumoca/eval/results/thermopower/findings.jsonl
thermopower,historical-static,ThermoPower.Test.ElectricalComponents.TestElectrical7,35,init-precondition-at-risk,low,False,hold-needs-source-and-witness-review,"{""expression"": ""((gen_a.Pnom * gen_a.Ta) / (gen_a.omega_m_nom ^ 2))"", ""requirement"": ""divisor must not be zero"", ""initial_range"": ""[0, +inf]"", ""result"": ""UNKNOWN"", ""note"": ""the initial range of this operand contains a value the operation does not accept; whether it takes one is not decidable statically""}",/data/mrumoca/eval/results/thermopower/findings.jsonl
thermopower,historical-static,ThermoPower.Test.ElectricalComponents.TestElectrical7,36,init-precondition-at-risk,low,False,hold-needs-source-and-witness-review,"{""expression"": ""((gen_b.Pnom * gen_b.Ta) / (gen_b.omega_m_nom ^ 2))"", ""requirement"": ""divisor must not be zero"", ""initial_range"": ""[0, +inf]"", ""result"": ""UNKNOWN"", ""note"": ""the initial range of this operand contains a value the operation does not accept; whether it takes one is not decidable statically""}",/data/mrumoca/eval/results/thermopower/findings.jsonl
thermopower,historical-static,ThermoPower.Test.ElectricalComponents.TestElectrical7,37,init-precondition-at-risk,low,False,hold-needs-source-and-witness-review,"{""expression"": ""((gen_b.Pnom * gen_b.Ta) / (gen_b.omega_m_nom ^ 2))"", ""requirement"": ""divisor must not be zero"", ""initial_range"": ""[0, +inf]"", ""result"": ""UNKNOWN"", ""note"": ""the initial range of this operand contains a value the operation does not accept; whether it takes one is not decidable statically""}",/data/mrumoca/eval/results/thermopower/findings.jsonl
thermopower,historical-static,ThermoPower.Test.ElectricalComponents.TestElectrical7,38,initialization-count-mismatch,info,False,hold-needs-source-and-witness-review,"{""states"": 14, ""initial_equations"": 9, ""fixed_starts"": 0, ""note"": ""approximate; the compiler's balance check is authoritative""}",/data/mrumoca/eval/results/thermopower/findings.jsonl
thermopower,historical-static,ThermoPower.Test.ElectricalComponents.TestElectrical7,39,network-boundary-port,low,False,standalone-topology-not-defect-proof,"{""node"": ""Load -- load"", ""boundary_connectors"": ""Load, load"", ""wired_to"": ""nothing"", ""note"": ""this connector belongs to the model itself, not to a component inside it: the model is an interface compiled on its own, so the node is open on one side. Nothing forces its flow, which is why a structural matching reports an unmatched unknown here. Not a defect in the model""}",/data/mrumoca/eval/results/thermopower/findings.jsonl
thermopower,historical-static,ThermoPower.Test.ElectricalComponents.TestElectrical7,40,network-boundary-port,low,False,standalone-topology-not-defect-proof,"{""node"": ""controllerA -- feedback -- frequency_a -- refPa -- secondaryController -- torqueGen_a -- torque_a"", ""boundary_connectors"": ""controllerA, feedback, frequency_a, refPa, secondaryController, torqueGen_a, torque_a"", ""wired_to"": ""nothing"", ""note"": ""this connector belongs to the model itself, not to a component inside it: the model is an interface compiled on its own, so the node is open on one side. Nothing forces its flow, which is why a structural matching reports an unmatched unknown here. Not a defect in the model""}",/data/mrumoca/eval/results/thermopower/findings.jsonl
thermopower,historical-static,ThermoPower.Test.ElectricalComponents.TestElectrical7,41,network-boundary-port,low,False,standalone-topology-not-defect-proof,"{""node"": ""controllerB -- frequency_b -- refPb -- torqueGen_b -- torque_b"", ""boundary_connectors"": ""controllerB, frequency_b, refPb, torqueGen_b, torque_b"", ""wired_to"": ""nothing"", ""note"": ""this connector belongs to the model itself, not to a component inside it: the model is an interface compiled on its own, so the node is open on one side. Nothing forces its flow, which is why a structural matching reports an unmatched unknown here. Not a defect in the model""}",/data/mrumoca/eval/results/thermopower/findings.jsonl
thermopower,historical-static,ThermoPower.Test.ElectricalComponents.TestElectrical7,42,physical-zero-is-a-supported-limit,low,False,advisory-or-explicit-non-defect,"{""domain"": ""mechanical"", ""rule"": ""mech.inertia.positive"", ""rule_origin"": ""the rotational analogue of mass; J = 0 leaves angular acceleration undetermined"", ""rule_reference"": ""MSL Mechanics.Rotational.Components.Inertia"", ""matched_by"": {""quantity"": ""MomentOfInertia"", ""unit"": ""kg.m2"", ""confidence"": ""QUANTITY_AND_UNIT"", ""premise_state"": ""unknown"", ""authority"": ""quantity_or_unit"", ""canonical_declaration"": ""ThermoPower.Electrical.Generator.J""}, ""required"": ""gen_a.J > 0"", ""declared_min"": null, ""variable_role"": ""parameter"", ""premise_state"": ""refuted"", ""authority"": ""component_contract"", ""contract"": ""ThermoPower.Electrical.Generator.J: algebraic_limit (proven, from equation) \u2014 the parameter multiplies a derivative, so at zero the differential relation becomes an algebraic constraint rather than an undefined quotient"", ""contract_behavior"": ""algebraic_limit"", ""contract_confidence"": ""proven"", ""contract_source"": ""equation"", ""note"": ""the positivity rule does not apply: this component documents zero as a meaningful limit, so reporting a missing bound would contradict its contract""}",/data/mrumoca/eval/results/thermopower/findings.jsonl
thermopower,historical-static,ThermoPower.Test.ElectricalComponents.TestElectrical7,43,physical-zero-is-a-supported-limit,low,False,advisory-or-explicit-non-defect,"{""domain"": ""mechanical"", ""rule"": ""mech.inertia.positive"", ""rule_origin"": ""the rotational analogue of mass; J = 0 leaves angular acceleration undetermined"", ""rule_reference"": ""MSL Mechanics.Rotational.Components.Inertia"", ""matched_by"": {""quantity"": ""MomentOfInertia"", ""unit"": ""kg.m2"", ""confidence"": ""QUANTITY_AND_UNIT"", ""premise_state"": ""unknown"", ""authority"": ""quantity_or_unit"", ""canonical_declaration"": ""ThermoPower.Electrical.Generator.J""}, ""required"": ""gen_b.J > 0"", ""declared_min"": null, ""variable_role"": ""parameter"", ""premise_state"": ""refuted"", ""authority"": ""component_contract"", ""contract"": ""ThermoPower.Electrical.Generator.J: algebraic_limit (proven, from equation) \u2014 the parameter multiplies a derivative, so at zero the differential relation becomes an algebraic constraint rather than an undefined quotient"", ""contract_behavior"": ""algebraic_limit"", ""contract_confidence"": ""proven"", ""contract_source"": ""equation"", ""note"": ""the positivity rule does not apply: this component documents zero as a meaningful limit, so reporting a missing bound would contradict its contract""}",/data/mrumoca/eval/results/thermopower/findings.jsonl
thermopower,historical-static,ThermoPower.Test.ElectricalComponents.TestElectrical7,44,binding-unit-conflict,high,False,source-unit-review,"{""variable"": ""secondaryController.mu"", ""declared_unit"": ""rad/s"", ""declared_dimension"": ""s-1"", ""binding"": ""(((5 * secondaryController.Ts) * secondaryController.Pnom) / (secondaryController.f0 * secondaryController.droop))"", ""binding_dimension"": ""kg.m2.s-1"", ""reads"": ""secondaryController.f0[Hz], secondaryController.Pnom[W], secondaryController.Ts[s]"", ""note"": ""the declaration promises one dimension and its own binding expression computes another; no choice of values reconciles them""}",/data/mrumoca/eval/results/thermopower/findings.jsonl
thermopower,historical-static,ThermoPower.Test.ElectricalComponents.TestElectrical7,45,quantity-missing,low,False,advisory-or-explicit-non-defect,"{""unit"": ""N.m"", ""count"": 2, ""declarations"": ""torque_a.tau, torque_b.tau"", ""note"": ""a unit is declared without a quantity, so nothing states what is being measured and no rule keyed on quantity can apply to it""}",/data/mrumoca/eval/results/thermopower/findings.jsonl
thermopower,historical-static,ThermoPower.Test.ElectricalComponents.TestElectrical7,46,vanishing-coefficient,medium,False,hold-needs-source-and-witness-review,"{""parameter"": ""gen_a.tau_d"", ""declared_min"": null, ""shape"": ""parameter multiplies a derivative; zero removes the equation's only determination of that state""}",/data/mrumoca/eval/results/thermopower/findings.jsonl
thermopower,historical-static,ThermoPower.Test.ElectricalComponents.TestElectrical7,47,vanishing-coefficient,medium,False,hold-needs-source-and-witness-review,"{""parameter"": ""gen_a.J"", ""declared_min"": null, ""shape"": ""parameter multiplies a derivative; zero removes the equation's only determination of that state""}",/data/mrumoca/eval/results/thermopower/findings.jsonl
thermopower,historical-static,ThermoPower.Test.ElectricalComponents.TestElectrical7,48,vanishing-coefficient,medium,False,hold-needs-source-and-witness-review,"{""parameter"": ""gen_a.Tf"", ""declared_min"": null, ""shape"": ""parameter multiplies a derivative; zero removes the equation's only determination of that state""}",/data/mrumoca/eval/results/thermopower/findings.jsonl
thermopower,historical-static,ThermoPower.Test.ElectricalComponents.TestElectrical7,49,vanishing-coefficient,medium,False,hold-needs-source-and-witness-review,"{""parameter"": ""gen_b.tau_d"", ""declared_min"": null, ""shape"": ""parameter multiplies a derivative; zero removes the equation's only determination of that state""}",/data/mrumoca/eval/results/thermopower/findings.jsonl
thermopower,historical-static,ThermoPower.Test.ElectricalComponents.TestElectrical7,50,vanishing-coefficient,medium,False,hold-needs-source-and-witness-review,"{""parameter"": ""gen_b.J"", ""declared_min"": null, ""shape"": ""parameter multiplies a derivative; zero removes the equation's only determination of that state""}",/data/mrumoca/eval/results/thermopower/findings.jsonl
thermopower,historical-static,ThermoPower.Test.ElectricalComponents.TestElectrical7,51,vanishing-coefficient,medium,False,hold-needs-source-and-witness-review,"{""parameter"": ""gen_b.Tf"", ""declared_min"": null, ""shape"": ""parameter multiplies a derivative; zero removes the equation's only determination of that state""}",/data/mrumoca/eval/results/thermopower/findings.jsonl
thermopower,historical-static,ThermoPower.Test.ElectricalComponents.TestElectrical7,52,vanishing-coefficient,medium,False,hold-needs-source-and-witness-review,"{""parameter"": ""torqueGen_a.k"", ""declared_min"": null, ""shape"": ""parameter multiplies a derivative; zero removes the equation's only determination of that state""}",/data/mrumoca/eval/results/thermopower/findings.jsonl
thermopower,historical-static,ThermoPower.Test.ElectricalComponents.TestElectrical7,53,vanishing-coefficient,medium,False,hold-needs-source-and-witness-review,"{""parameter"": ""frequency_a.pi"", ""declared_min"": null, ""shape"": ""parameter multiplies a derivative; zero removes the equation's only determination of that state""}",/data/mrumoca/eval/results/thermopower/findings.jsonl
thermopower,historical-static,ThermoPower.Test.ElectricalComponents.TestElectrical7,54,vanishing-coefficient,medium,False,hold-needs-source-and-witness-review,"{""parameter"": ""frequency_b.pi"", ""declared_min"": null, ""shape"": ""parameter multiplies a derivative; zero removes the equation's only determination of that state""}",/data/mrumoca/eval/results/thermopower/findings.jsonl
thermopower,historical-static,ThermoPower.Test.ElectricalComponents.TestElectrical7,55,vanishing-coefficient,medium,False,hold-needs-source-and-witness-review,"{""parameter"": ""torqueGen_b.k"", ""declared_min"": null, ""shape"": ""parameter multiplies a derivative; zero removes the equation's only determination of that state""}",/data/mrumoca/eval/results/thermopower/findings.jsonl
thermopower,historical-static,ThermoPower.Test.ElectricalComponents.TestElectrical7,56,STRUCTURE_DEGENERATES_AT_ZERO,low,False,hold-needs-source-and-witness-review,"{""parameter"": ""gen_a.J"", ""contract"": ""ThermoPower.Electrical.Generator.J: algebraic_limit (proven, from equation) \u2014 the parameter multiplies a derivative, so at zero the differential relation becomes an algebraic constraint rather than an undefined quotient"", ""contract_behavior"": ""algebraic_limit"", ""contract_confidence"": ""proven"", ""confidence"": ""low"", ""result"": ""TOPOLOGY_SPECIFIC"", ""incidences_lost"": 0, ""unknowns_left_undetermined"": 0, ""evidence_kind"": ""scales-a-rate"", ""note"": ""at zero this parameter removes a state and the equation that determines it. The matching survives, so the system is not structurally short; whether it is *algebraically* singular depends on this model's topology and initialization and needs execution to decide. This is not a claim that the declaration should forbid zero.""}",/data/mrumoca/eval/results/thermopower/findings.jsonl
thermopower,historical-static,ThermoPower.Test.ElectricalComponents.TestElectrical7,57,STRUCTURE_DEGENERATES_AT_ZERO,low,False,hold-needs-source-and-witness-review,"{""parameter"": ""gen_a.Tf"", ""contract"": ""ThermoPower.Electrical.Generator.Tf: algebraic_limit (proven, from equation) \u2014 the parameter multiplies a derivative, so at zero the differential relation becomes an algebraic constraint rather than an undefined quotient"", ""contract_behavior"": ""algebraic_limit"", ""contract_confidence"": ""proven"", ""confidence"": ""low"", ""result"": ""TOPOLOGY_SPECIFIC"", ""incidences_lost"": 0, ""unknowns_left_undetermined"": 0, ""evidence_kind"": ""scales-a-rate"", ""note"": ""at zero this parameter removes a state and the equation that determines it. The matching survives, so the system is not structurally short; whether it is *algebraically* singular depends on this model's topology and initialization and needs execution to decide. This is not a claim that the declaration should forbid zero.""}",/data/mrumoca/eval/results/thermopower/findings.jsonl
thermopower,historical-static,ThermoPower.Test.ElectricalComponents.TestElectrical7,58,STRUCTURE_DEGENERATES_AT_ZERO,low,False,hold-needs-source-and-witness-review,"{""parameter"": ""gen_a.tau_d"", ""contract"": ""ThermoPower.Electrical.Generator.tau_d: algebraic_limit (proven, from equation) \u2014 the parameter multiplies a derivative, so at zero the differential relation becomes an algebraic constraint rather than an undefined quotient"", ""contract_behavior"": ""algebraic_limit"", ""contract_confidence"": ""proven"", ""confidence"": ""low"", ""result"": ""TOPOLOGY_SPECIFIC"", ""incidences_lost"": 0, ""unknowns_left_undetermined"": 0, ""evidence_kind"": ""scales-a-rate"", ""note"": ""at zero this parameter removes a state and the equation that determines it. The matching survives, so the system is not structurally short; whether it is *algebraically* singular depends on this model's topology and initialization and needs execution to decide. This is not a claim that the declaration should forbid zero.""}",/data/mrumoca/eval/results/thermopower/findings.jsonl
thermopower,historical-static,ThermoPower.Test.ElectricalComponents.TestElectrical7,59,STRUCTURE_DEGENERATES_AT_ZERO,low,False,hold-needs-source-and-witness-review,"{""parameter"": ""gen_b.J"", ""contract"": ""ThermoPower.Electrical.Generator.J: algebraic_limit (proven, from equation) \u2014 the parameter multiplies a derivative, so at zero the differential relation becomes an algebraic constraint rather than an undefined quotient"", ""contract_behavior"": ""algebraic_limit"", ""contract_confidence"": ""proven"", ""confidence"": ""low"", ""result"": ""TOPOLOGY_SPECIFIC"", ""incidences_lost"": 0, ""unknowns_left_undetermined"": 0, ""evidence_kind"": ""scales-a-rate"", ""note"": ""at zero this parameter removes a state and the equation that determines it. The matching survives, so the system is not structurally short; whether it is *algebraically* singular depends on this model's topology and initialization and needs execution to decide. This is not a claim that the declaration should forbid zero.""}",/data/mrumoca/eval/results/thermopower/findings.jsonl
thermopower,historical-static,ThermoPower.Test.ElectricalComponents.TestElectrical7,60,STRUCTURE_DEGENERATES_AT_ZERO,low,False,hold-needs-source-and-witness-review,"{""parameter"": ""gen_b.Tf"", ""contract"": ""ThermoPower.Electrical.Generator.Tf: algebraic_limit (proven, from equation) \u2014 the parameter multiplies a derivative, so at zero the differential relation becomes an algebraic constraint rather than an undefined quotient"", ""contract_behavior"": ""algebraic_limit"", ""contract_confidence"": ""proven"", ""confidence"": ""low"", ""result"": ""TOPOLOGY_SPECIFIC"", ""incidences_lost"": 0, ""unknowns_left_undetermined"": 0, ""evidence_kind"": ""scales-a-rate"", ""note"": ""at zero this parameter removes a state and the equation that determines it. The matching survives, so the system is not structurally short; whether it is *algebraically* singular depends on this model's topology and initialization and needs execution to decide. This is not a claim that the declaration should forbid zero.""}",/data/mrumoca/eval/results/thermopower/findings.jsonl
thermopower,historical-static,ThermoPower.Test.ElectricalComponents.TestElectrical7,61,STRUCTURE_DEGENERATES_AT_ZERO,low,False,hold-needs-source-and-witness-review,"{""parameter"": ""gen_b.tau_d"", ""contract"": ""ThermoPower.Electrical.Generator.tau_d: algebraic_limit (proven, from equation) \u2014 the parameter multiplies a derivative, so at zero the differential relation becomes an algebraic constraint rather than an undefined quotient"", ""contract_behavior"": ""algebraic_limit"", ""contract_confidence"": ""proven"", ""confidence"": ""low"", ""result"": ""TOPOLOGY_SPECIFIC"", ""incidences_lost"": 0, ""unknowns_left_undetermined"": 0, ""evidence_kind"": ""scales-a-rate"", ""note"": ""at zero this parameter removes a state and the equation that determines it. The matching survives, so the system is not structurally short; whether it is *algebraically* singular depends on this model's topology and initialization and needs execution to decide. This is not a claim that the declaration should forbid zero.""}",/data/mrumoca/eval/results/thermopower/findings.jsonl
thermopower,historical-static,ThermoPower.Test.ElectricalComponents.TestElectrical7,62,STRUCTURE_DEGENERATES_AT_ZERO,low,False,hold-needs-source-and-witness-review,"{""parameter"": ""torqueGen_a.k"", ""contract"": ""Modelica.Blocks.Continuous.FirstOrder.k: feature_disabled (proven, from equation) \u2014 the parameter appears only as a multiplier, so at zero the term it scales drops out and the rest of the model is unaffected"", ""contract_behavior"": ""feature_disabled"", ""contract_confidence"": ""proven"", ""confidence"": ""low"", ""result"": ""TOPOLOGY_SPECIFIC"", ""incidences_lost"": 0, ""unknowns_left_undetermined"": 0, ""evidence_kind"": ""scales-a-rate"", ""note"": ""at zero this parameter removes a state and the equation that determines it. The matching survives, so the system is not structurally short; whether it is *algebraically* singular depends on this model's topology and initialization and needs execution to decide. This is not a claim that the declaration should forbid zero.""}",/data/mrumoca/eval/results/thermopower/findings.jsonl
thermopower,historical-static,ThermoPower.Test.ElectricalComponents.TestElectrical7,63,STRUCTURE_DEGENERATES_AT_ZERO,low,False,hold-needs-source-and-witness-review,"{""parameter"": ""frequency_a.pi"", ""contract"": ""ThermoPower.Electrical.FrequencySensor.pi: feature_disabled (proven, from equation) \u2014 the parameter appears only as a multiplier, so at zero the term it scales drops out and the rest of the model is unaffected"", ""contract_behavior"": ""feature_disabled"", ""contract_confidence"": ""proven"", ""confidence"": ""low"", ""result"": ""TOPOLOGY_SPECIFIC"", ""incidences_lost"": 0, ""unknowns_left_undetermined"": 0, ""evidence_kind"": ""scales-a-rate"", ""note"": ""at zero this parameter removes a state and the equation that determines it. The matching survives, so the system is not structurally short; whether it is *algebraically* singular depends on this model's topology and initialization and needs execution to decide. This is not a claim that the declaration should forbid zero.""}",/data/mrumoca/eval/results/thermopower/findings.jsonl
thermopower,historical-static,ThermoPower.Test.ElectricalComponents.TestElectrical7,64,STRUCTURE_DEGENERATES_AT_ZERO,low,False,hold-needs-source-and-witness-review,"{""parameter"": ""frequency_b.pi"", ""contract"": ""ThermoPower.Electrical.FrequencySensor.pi: feature_disabled (proven, from equation) \u2014 the parameter appears only as a multiplier, so at zero the term it scales drops out and the rest of the model is unaffected"", ""contract_behavior"": ""feature_disabled"", ""contract_confidence"": ""proven"", ""confidence"": ""low"", ""result"": ""TOPOLOGY_SPECIFIC"", ""incidences_lost"": 0, ""unknowns_left_undetermined"": 0, ""evidence_kind"": ""scales-a-rate"", ""note"": ""at zero this parameter removes a state and the equation that determines it. The matching survives, so the system is not structurally short; whether it is *algebraically* singular depends on this model's topology and initialization and needs execution to decide. This is not a claim that the declaration should forbid zero.""}",/data/mrumoca/eval/results/thermopower/findings.jsonl
thermopower,historical-static,ThermoPower.Test.ElectricalComponents.TestElectrical7,65,STRUCTURE_DEGENERATES_AT_ZERO,low,False,hold-needs-source-and-witness-review,"{""parameter"": ""torqueGen_b.k"", ""contract"": ""Modelica.Blocks.Continuous.FirstOrder.k: feature_disabled (proven, from equation) \u2014 the parameter appears only as a multiplier, so at zero the term it scales drops out and the rest of the model is unaffected"", ""contract_behavior"": ""feature_disabled"", ""contract_confidence"": ""proven"", ""confidence"": ""low"", ""result"": ""TOPOLOGY_SPECIFIC"", ""incidences_lost"": 0, ""unknowns_left_undetermined"": 0, ""evidence_kind"": ""scales-a-rate"", ""note"": ""at zero this parameter removes a state and the equation that determines it. The matching survives, so the system is not structurally short; whether it is *algebraically* singular depends on this model's topology and initialization and needs execution to decide. This is not a claim that the declaration should forbid zero.""}",/data/mrumoca/eval/results/thermopower/findings.jsonl
thermopower,historical-static,ThermoPower.Test.ElectricalComponents.TestElectrical7,66,STRUCTURE_DEGENERATES_AT_ZERO,low,False,hold-needs-source-and-witness-review,"{""parameter"": ""secondaryController.Pnom"", ""contract"": ""ThermoPower.Test.ElectricalComponents.SecondaryController.Pnom: feature_disabled (proven, from equation) \u2014 the parameter appears only as a multiplier, so at zero the term it scales drops out and the rest of the model is unaffected"", ""contract_behavior"": ""feature_disabled"", ""contract_confidence"": ""proven"", ""confidence"": ""low"", ""result"": ""TOPOLOGY_SPECIFIC"", ""incidences_lost"": 0, ""unknowns_left_undetermined"": 0, ""evidence_kind"": ""scales-a-rate"", ""note"": ""at zero this parameter removes a state and the equation that determines it. The matching survives, so the system is not structurally short; whether it is *algebraically* singular depends on this model's topology and initialization and needs execution to decide. This is not a claim that the declaration should forbid zero.""}",/data/mrumoca/eval/results/thermopower/findings.jsonl
thermopower,historical-static,ThermoPower.Thermal.ConvHTLumped,0,network-port-unconnected,low,False,standalone-topology-not-defect-proof,"{""connector"": ""side1"", ""component"": ""<top level>"", ""component_class"": ""unknown"", ""flows_forced_to_zero"": ""side1.Q_flow"", ""note"": ""nothing is connected to this port, so MLS \u00a79.2 forces its flow to zero. That is correct for a component compiled on its own and is not a defect; it is recorded because it is the commonest reason a model looks structurally singular""}",/data/mrumoca/eval/results/thermopower/findings.jsonl
thermopower,historical-static,ThermoPower.Thermal.ConvHTLumped,1,network-port-unconnected,low,False,standalone-topology-not-defect-proof,"{""connector"": ""side2"", ""component"": ""<top level>"", ""component_class"": ""unknown"", ""flows_forced_to_zero"": ""side2.Q_flow"", ""note"": ""nothing is connected to this port, so MLS \u00a79.2 forces its flow to zero. That is correct for a component compiled on its own and is not a defect; it is recorded because it is the commonest reason a model looks structurally singular""}",/data/mrumoca/eval/results/thermopower/findings.jsonl
thermopower,historical-static,ThermoPower.Thermal.ConvHTLumped,2,network-component-isolated,low,False,standalone-topology-not-defect-proof,"{""component"": ""<top level>"", ""component_class"": ""unknown"", ""ports"": ""side1, side2"", ""note"": ""every port of this instance is unconnected, so it exchanges nothing with the rest of the model while still contributing its equations""}",/data/mrumoca/eval/results/thermopower/findings.jsonl
thermopower,historical-static,ThermoPower.Thermal.ConvHTLumped,3,physical-zero-is-a-supported-limit,low,False,advisory-or-explicit-non-defect,"{""domain"": ""thermal"", ""rule"": ""thermal.conductance.positive"", ""rule_origin"": ""heat flows from hot to cold; G <= 0 reverses the second law"", ""rule_reference"": """", ""matched_by"": {""quantity"": ""ThermalConductance"", ""unit"": ""W/K"", ""confidence"": ""QUANTITY_AND_UNIT"", ""premise_state"": ""unknown"", ""authority"": ""quantity_or_unit"", ""canonical_declaration"": ""ThermoPower.Thermal.ConvHTLumped.G""}, ""required"": ""G > 0"", ""declared_min"": null, ""variable_role"": ""parameter"", ""premise_state"": ""refuted"", ""authority"": ""component_contract"", ""contract"": ""ThermoPower.Thermal.ConvHTLumped.G: feature_disabled (proven, from equation) \u2014 the parameter appears only as a multiplier, so at zero the term it scales drops out and the rest of the model is unaffected"", ""contract_behavior"": ""feature_disabled"", ""contract_confidence"": ""proven"", ""contract_source"": ""equation"", ""note"": ""the positivity rule does not apply: this component documents zero as a meaningful limit, so reporting a missing bound would contradict its contract""}",/data/mrumoca/eval/results/thermopower/findings.jsonl
thermopower,historical-static,ThermoPower.Thermal.ConvHTLumped,4,UNMATCHED_VARIABLE,high,False,hold-needs-source-and-witness-review,"{""variable"": ""side2.T"", ""scalars"": 1, ""scalars_determined"": 0, ""region_variables"": 4, ""region_equations"": 4, ""touching_equations"": ""0"", ""confidence"": ""high"", ""result"": ""STRUCTURAL_MATCH_FAILURE"", ""note"": ""no equation in the connected structural region can be matched to this unknown. This is a structural result and says nothing about algebraic rank.""}",/data/mrumoca/eval/results/thermopower/findings.jsonl
thermopower,historical-static,ThermoPower.Thermal.ConvHTLumped,5,UNMATCHED_EQUATION,high,False,hold-needs-source-and-witness-review,"{""equation"": ""side1.Q_flow"", ""scalar_rows"": 1, ""rows_matched"": 0, ""confidence"": ""high"", ""result"": ""STRUCTURAL_MATCH_FAILURE"", ""note"": ""this constraint has no unknown left to determine; the region is over-constrained""}",/data/mrumoca/eval/results/thermopower/findings.jsonl
thermopower,historical-static,ThermoPower.Thermal.ConvHTLumped,6,STRUCTURE_DEGENERATES_AT_ZERO,low,False,hold-needs-source-and-witness-review,"{""parameter"": ""G"", ""contract"": ""ThermoPower.Thermal.ConvHTLumped.G: feature_disabled (proven, from equation) \u2014 the parameter appears only as a multiplier, so at zero the term it scales drops out and the rest of the model is unaffected"", ""contract_behavior"": ""feature_disabled"", ""contract_confidence"": ""proven"", ""confidence"": ""low"", ""result"": ""TOPOLOGY_SPECIFIC"", ""incidences_lost"": 2, ""unknowns_left_undetermined"": 1, ""evidence_kind"": ""matching-shortfall"", ""note"": ""at zero the terms this parameter scales drop out, and the maximum matching over this model then falls short by 1: that many unknowns have no equation left to determine them. This is proof that the system is under-determined at that value, and it is a fact about this topology, not about the component's declaration.""}",/data/mrumoca/eval/results/thermopower/findings.jsonl
thermopower,historical-static,ThermoPower.Thermal.ConvHTLumped_htc,0,network-port-unconnected,low,False,standalone-topology-not-defect-proof,"{""connector"": ""otherside"", ""component"": ""<top level>"", ""component_class"": ""unknown"", ""flows_forced_to_zero"": ""otherside.Q_flow"", ""note"": ""nothing is connected to this port, so MLS \u00a79.2 forces its flow to zero. That is correct for a component compiled on its own and is not a defect; it is recorded because it is the commonest reason a model looks structurally singular""}",/data/mrumoca/eval/results/thermopower/findings.jsonl
thermopower,historical-static,ThermoPower.Thermal.ConvHTLumped_htc,1,network-port-unconnected,low,False,standalone-topology-not-defect-proof,"{""connector"": ""fluidside"", ""component"": ""<top level>"", ""component_class"": ""unknown"", ""flows_forced_to_zero"": ""fluidside.Q_flow"", ""note"": ""nothing is connected to this port, so MLS \u00a79.2 forces its flow to zero. That is correct for a component compiled on its own and is not a defect; it is recorded because it is the commonest reason a model looks structurally singular""}",/data/mrumoca/eval/results/thermopower/findings.jsonl
thermopower,historical-static,ThermoPower.Thermal.ConvHTLumped_htc,2,network-component-isolated,low,False,standalone-topology-not-defect-proof,"{""component"": ""<top level>"", ""component_class"": ""unknown"", ""ports"": ""otherside, fluidside"", ""note"": ""every port of this instance is unconnected, so it exchanges nothing with the rest of the model while still contributing its equations""}",/data/mrumoca/eval/results/thermopower/findings.jsonl
thermopower,historical-static,ThermoPower.Thermal.ConvHTLumped_htc,3,non-square-block,medium,False,hold-needs-source-and-witness-review,"{""block"": 0, ""equations"": 4, ""variables"": 5}",/data/mrumoca/eval/results/thermopower/findings.jsonl
thermopower,historical-static,ThermoPower.Thermal.ConvHTLumped_htc,4,UNMATCHED_VARIABLE,high,False,hold-needs-source-and-witness-review,"{""variable"": ""fluidside.T"", ""scalars"": 1, ""scalars_determined"": 0, ""region_variables"": 4, ""region_equations"": 4, ""touching_equations"": ""0"", ""confidence"": ""high"", ""result"": ""STRUCTURAL_MATCH_FAILURE"", ""note"": ""no equation in the connected structural region can be matched to this unknown. This is a structural result and says nothing about algebraic rank.""}",/data/mrumoca/eval/results/thermopower/findings.jsonl
thermopower,historical-static,ThermoPower.Thermal.ConvHTLumped_htc,5,UNMATCHED_EQUATION,high,False,hold-needs-source-and-witness-review,"{""equation"": ""otherside.Q_flow"", ""scalar_rows"": 1, ""rows_matched"": 0, ""confidence"": ""high"", ""result"": ""STRUCTURAL_MATCH_FAILURE"", ""note"": ""this constraint has no unknown left to determine; the region is over-constrained""}",/data/mrumoca/eval/results/thermopower/findings.jsonl
thermopower,historical-static,ThermoPower.Thermal.ConvHT,0,start-violates-min,high,False,hold-needs-source-and-witness-review,"{""variable"": ""side1.N"", ""start"": 0, ""bound"": ""min"", ""limit"": 1}",/data/mrumoca/eval/results/thermopower/findings.jsonl
thermopower,historical-static,ThermoPower.Thermal.ConvHT,1,start-violates-min,high,False,hold-needs-source-and-witness-review,"{""variable"": ""side2.N"", ""start"": 0, ""bound"": ""min"", ""limit"": 1}",/data/mrumoca/eval/results/thermopower/findings.jsonl
thermopower,historical-static,ThermoPower.Thermal.ConvHT,2,network-port-unconnected,low,False,standalone-topology-not-defect-proof,"{""connector"": ""side1"", ""component"": ""<top level>"", ""component_class"": ""unknown"", ""flows_forced_to_zero"": ""side1.phi"", ""note"": ""nothing is connected to this port, so MLS \u00a79.2 forces its flow to zero. That is correct for a component compiled on its own and is not a defect; it is recorded because it is the commonest reason a model looks structurally singular""}",/data/mrumoca/eval/results/thermopower/findings.jsonl
thermopower,historical-static,ThermoPower.Thermal.ConvHT,3,network-port-unconnected,low,False,standalone-topology-not-defect-proof,"{""connector"": ""side2"", ""component"": ""<top level>"", ""component_class"": ""unknown"", ""flows_forced_to_zero"": ""side2.phi"", ""note"": ""nothing is connected to this port, so MLS \u00a79.2 forces its flow to zero. That is correct for a component compiled on its own and is not a defect; it is recorded because it is the commonest reason a model looks structurally singular""}",/data/mrumoca/eval/results/thermopower/findings.jsonl
thermopower,historical-static,ThermoPower.Thermal.ConvHT,4,network-component-isolated,low,False,standalone-topology-not-defect-proof,"{""component"": ""<top level>"", ""component_class"": ""unknown"", ""ports"": ""side1, side2"", ""note"": ""every port of this instance is unconnected, so it exchanges nothing with the rest of the model while still contributing its equations""}",/data/mrumoca/eval/results/thermopower/findings.jsonl
thermopower,historical-static,ThermoPower.Thermal.ConvHT,5,UNMATCHED_VARIABLE,high,False,hold-needs-source-and-witness-review,"{""variable"": ""side2.T"", ""scalars"": 2, ""scalars_determined"": 0, ""region_variables"": 4, ""region_equations"": 4, ""touching_equations"": ""family 0"", ""confidence"": ""high"", ""result"": ""STRUCTURAL_MATCH_FAILURE"", ""note"": ""2 of 2 scalars have no equation row left to determine them. This is a structural result and says nothing about algebraic rank.""}",/data/mrumoca/eval/results/thermopower/findings.jsonl
thermopower,historical-static,ThermoPower.Thermal.ConvHT,6,UNMATCHED_EQUATION,high,False,hold-needs-source-and-witness-review,"{""equation"": ""for __array_i1 in 1:2 loop 0 = (side1.phi - -side2.phi)"", ""scalar_rows"": 2, ""rows_matched"": 0, ""confidence"": ""high"", ""result"": ""STRUCTURAL_MATCH_FAILURE"", ""note"": ""this constraint has no unknown left to determine; the region is over-constrained (2 of 2 rows spare)""}",/data/mrumoca/eval/results/thermopower/findings.jsonl
thermopower,historical-static,ThermoPower.Test.WaterComponents.SimpleMotor,0,network-boundary-port,low,False,standalone-topology-not-defect-proof,"{""node"": ""J.flange_b -- flange_b"", ""boundary_connectors"": ""flange_b"", ""wired_to"": ""J.flange_b"", ""note"": ""this connector belongs to the model itself, not to a component inside it: the model is an interface compiled on its own, so the node is open on one side. Nothing forces its flow, which is why a structural matching reports an unmatched unknown here. Not a defect in the model""}",/data/mrumoca/eval/results/thermopower/findings.jsonl
thermopower,historical-static,ThermoPower.Test.WaterComponents.SimpleMotor,1,network-boundary-port,low,False,standalone-topology-not-defect-proof,"{""node"": ""Vs -- inPort"", ""boundary_connectors"": ""Vs, inPort"", ""wired_to"": ""nothing"", ""note"": ""this connector belongs to the model itself, not to a component inside it: the model is an interface compiled on its own, so the node is open on one side. Nothing forces its flow, which is why a structural matching reports an unmatched unknown here. Not a defect in the model""}",/data/mrumoca/eval/results/thermopower/findings.jsonl
thermopower,historical-static,ThermoPower.Test.WaterComponents.SimpleMotor,2,physical-zero-is-a-supported-limit,low,False,advisory-or-explicit-non-defect,"{""domain"": ""electrical"", ""rule"": ""elec.resistance.positive"", ""rule_origin"": ""a passive resistor dissipates energy; R <= 0 would make it a source, and R = 0 removes the equation that determines its current"", ""rule_reference"": ""MSL Electrical.Analog.Basic.Resistor"", ""matched_by"": {""quantity"": ""Resistance"", ""unit"": ""Ohm"", ""confidence"": ""QUANTITY_AND_UNIT"", ""premise_state"": ""unknown"", ""authority"": ""quantity_or_unit"", ""canonical_declaration"": ""ThermoPower.Test.WaterComponents.SimpleMotor.Rm""}, ""required"": ""Rm > 0"", ""declared_min"": null, ""variable_role"": ""parameter"", ""premise_state"": ""refuted"", ""authority"": ""component_contract"", ""contract"": ""Modelica.Electrical.Analog.Basic.Resistor.R: feature_disabled (proven, from equation) \u2014 inherited from R.R, which it binds: the parameter appears only as a multiplier, so at zero the term it scales drops out and the rest of the model is unaffected"", ""contract_behavior"": ""feature_disabled"", ""contract_confidence"": ""proven"", ""contract_source"": ""equation"", ""note"": ""the positivity rule does not apply: this component documents zero as a meaningful limit, so reporting a missing bound would contradict its contract""}",/data/mrumoca/eval/results/thermopower/findings.jsonl
thermopower,historical-static,ThermoPower.Test.WaterComponents.SimpleMotor,3,physical-zero-is-a-supported-limit,low,False,advisory-or-explicit-non-defect,"{""domain"": ""electrical"", ""rule"": ""elec.inductance.positive"", ""rule_origin"": ""stored energy is L*i^2/2; L = 0 turns the differential equation into a constraint on voltage"", ""rule_reference"": ""MSL Electrical.Analog.Basic.Inductor"", ""matched_by"": {""quantity"": ""Inductance"", ""unit"": ""H"", ""confidence"": ""QUANTITY_AND_UNIT"", ""premise_state"": ""unknown"", ""authority"": ""quantity_or_unit"", ""canonical_declaration"": ""ThermoPower.Test.WaterComponents.SimpleMotor.Lm""}, ""required"": ""Lm > 0"", ""declared_min"": null, ""variable_role"": ""parameter"", ""premise_state"": ""refuted"", ""authority"": ""component_contract"", ""contract"": ""Modelica.Electrical.Analog.Basic.Inductor.L: algebraic_limit (proven, from equation) \u2014 inherited from L.L, which it binds: the parameter multiplies a derivative, so at zero the differential relation becomes an algebraic constraint rather than an undefined quotient"", ""contract_behavior"": ""algebraic_limit"", ""contract_confidence"": ""proven"", ""contract_source"": ""equation"", ""note"": ""the positivity rule does not apply: this component documents zero as a meaningful limit, so reporting a missing bound would contradict its contract""}",/data/mrumoca/eval/results/thermopower/findings.jsonl
thermopower,historical-static,ThermoPower.Test.WaterComponents.SimpleMotor,4,physical-zero-is-a-supported-limit,low,False,advisory-or-explicit-non-defect,"{""domain"": ""mechanical"", ""rule"": ""mech.inertia.positive"", ""rule_origin"": ""the rotational analogue of mass; J = 0 leaves angular acceleration undetermined"", ""rule_reference"": ""MSL Mechanics.Rotational.Components.Inertia"", ""matched_by"": {""quantity"": ""MomentOfInertia"", ""unit"": ""kg.m2"", ""confidence"": ""QUANTITY_AND_UNIT"", ""premise_state"": ""unknown"", ""authority"": ""quantity_or_unit"", ""canonical_declaration"": ""ThermoPower.Test.WaterComponents.SimpleMotor.Jm""}, ""required"": ""Jm > 0"", ""declared_min"": null, ""variable_role"": ""parameter"", ""premise_state"": ""refuted"", ""authority"": ""component_contract"", ""contract"": ""Modelica.Mechanics.Rotational.Components.Inertia.J: algebraic_limit (proven, from equation) \u2014 inherited from J.J, which it binds: the parameter multiplies a derivative, so at zero the differential relation becomes an algebraic constraint rather than an undefined quotient"", ""contract_behavior"": ""algebraic_limit"", ""contract_confidence"": ""proven"", ""contract_source"": ""equation"", ""note"": ""the positivity rule does not apply: this component documents zero as a meaningful limit, so reporting a missing bound would contradict its contract""}",/data/mrumoca/eval/results/thermopower/findings.jsonl
thermopower,historical-static,ThermoPower.Test.WaterComponents.SimpleMotor,5,physical-zero-is-a-supported-limit,low,False,advisory-or-explicit-non-defect,"{""domain"": ""electrical"", ""rule"": ""elec.inductance.positive"", ""rule_origin"": ""stored energy is L*i^2/2; L = 0 turns the differential equation into a constraint on voltage"", ""rule_reference"": ""MSL Electrical.Analog.Basic.Inductor"", ""matched_by"": {""quantity"": ""Inductance"", ""unit"": ""H"", ""semantic_role"": ""component.passive.inductance"", ""binding_source"": ""component_type"", ""confidence"": ""QUANTITY_AND_UNIT"", ""declaring_class"": ""Modelica.Electrical.Analog.Basic.Inductor"", ""member"": ""L"", ""premise_state"": ""established"", ""authority"": ""component_contract"", ""canonical_declaration"": ""Modelica.Electrical.Analog.Basic.Inductor.L""}, ""required"": ""L.L > 0"", ""declared_min"": null, ""variable_role"": ""parameter"", ""premise_state"": ""refuted"", ""authority"": ""component_contract"", ""contract"": ""Modelica.Electrical.Analog.Basic.Inductor.L: algebraic_limit (proven, from equation) \u2014 the parameter multiplies a derivative, so at zero the differential relation becomes an algebraic constraint rather than an undefined quotient"", ""contract_behavior"": ""algebraic_limit"", ""contract_confidence"": ""proven"", ""contract_source"": ""equation"", ""note"": ""the positivity rule does not apply: this component documents zero as a meaningful limit, so reporting a missing bound would contradict its contract""}",/data/mrumoca/eval/results/thermopower/findings.jsonl
thermopower,historical-static,ThermoPower.Test.WaterComponents.SimpleMotor,6,physical-zero-is-a-supported-limit,low,False,advisory-or-explicit-non-defect,"{""domain"": ""mechanical"", ""rule"": ""mech.inertia.positive"", ""rule_origin"": ""the rotational analogue of mass; J = 0 leaves angular acceleration undetermined"", ""rule_reference"": ""MSL Mechanics.Rotational.Components.Inertia"", ""matched_by"": {""quantity"": ""MomentOfInertia"", ""unit"": ""kg.m2"", ""semantic_role"": ""component.rotational.inertia"", ""binding_source"": ""component_type"", ""confidence"": ""QUANTITY_AND_UNIT"", ""declaring_class"": ""Modelica.Mechanics.Rotational.Components.Inertia"", ""member"": ""J"", ""premise_state"": ""established"", ""authority"": ""component_contract"", ""canonical_declaration"": ""Modelica.Mechanics.Rotational.Components.Inertia.J""}, ""required"": ""J.J > 0"", ""declared_min"": 0.0, ""variable_role"": ""parameter"", ""premise_state"": ""refuted"", ""authority"": ""component_contract"", ""contract"": ""Modelica.Mechanics.Rotational.Components.Inertia.J: algebraic_limit (proven, from equation) \u2014 the parameter multiplies a derivative, so at zero the differential relation becomes an algebraic constraint rather than an undefined quotient"", ""contract_behavior"": ""algebraic_limit"", ""contract_confidence"": ""proven"", ""contract_source"": ""equation"", ""note"": ""the positivity rule does not apply: this component documents zero as a meaningful limit, so reporting a missing bound would contradict its contract""}",/data/mrumoca/eval/results/thermopower/findings.jsonl
thermopower,historical-static,ThermoPower.Test.WaterComponents.SimpleMotor,7,quantity-missing,low,False,advisory-or-explicit-non-defect,"{""unit"": ""N.m.s/rad"", ""count"": 1, ""declarations"": ""dm"", ""note"": ""a unit is declared without a quantity, so nothing states what is being measured and no rule keyed on quantity can apply to it""}",/data/mrumoca/eval/results/thermopower/findings.jsonl
thermopower,historical-static,ThermoPower.Test.WaterComponents.SimpleMotor,8,quantity-missing,low,False,advisory-or-explicit-non-defect,"{""unit"": ""V"", ""count"": 1, ""declarations"": ""Vs.v"", ""note"": ""a unit is declared without a quantity, so nothing states what is being measured and no rule keyed on quantity can apply to it""}",/data/mrumoca/eval/results/thermopower/findings.jsonl
thermopower,historical-static,ThermoPower.Test.WaterComponents.SimpleMotor,9,vanishing-coefficient,medium,False,hold-needs-source-and-witness-review,"{""parameter"": ""L.L"", ""declared_min"": null, ""shape"": ""parameter multiplies a derivative; zero removes the equation's only determination of that state""}",/data/mrumoca/eval/results/thermopower/findings.jsonl
thermopower,historical-static,ThermoPower.Test.WaterComponents.SimpleMotor,10,vanishing-coefficient,medium,False,hold-needs-source-and-witness-review,"{""parameter"": ""emf.k"", ""declared_min"": null, ""shape"": ""parameter multiplies a derivative; zero removes the equation's only determination of that state""}",/data/mrumoca/eval/results/thermopower/findings.jsonl
thermopower,historical-static,ThermoPower.Test.WaterComponents.SimpleMotor,11,vanishing-coefficient,medium,False,hold-needs-source-and-witness-review,"{""parameter"": ""J.J"", ""declared_min"": 0, ""shape"": ""parameter multiplies a derivative; zero removes the equation's only determination of that state""}",/data/mrumoca/eval/results/thermopower/findings.jsonl
thermopower,historical-static,ThermoPower.Test.WaterComponents.SimpleMotor,12,vanishing-coefficient,medium,False,hold-needs-source-and-witness-review,"{""parameter"": ""Damper.d"", ""declared_min"": 0, ""shape"": ""parameter multiplies a derivative; zero removes the equation's only determination of that state""}",/data/mrumoca/eval/results/thermopower/findings.jsonl
thermopower,historical-static,ThermoPower.Test.WaterComponents.SimpleMotor,13,non-square-block,medium,False,hold-needs-source-and-witness-review,"{""block"": 3, ""equations"": 12, ""variables"": 13}",/data/mrumoca/eval/results/thermopower/findings.jsonl
thermopower,historical-static,ThermoPower.Test.WaterComponents.SimpleMotor,14,STRUCTURE_DEGENERATES_AT_ZERO,low,False,hold-needs-source-and-witness-review,"{""parameter"": ""L.L"", ""contract"": ""Modelica.Electrical.Analog.Basic.Inductor.L: algebraic_limit (proven, from equation) \u2014 the parameter multiplies a derivative, so at zero the differential relation becomes an algebraic constraint rather than an undefined quotient"", ""contract_behavior"": ""algebraic_limit"", ""contract_confidence"": ""proven"", ""confidence"": ""low"", ""result"": ""TOPOLOGY_SPECIFIC"", ""incidences_lost"": 0, ""unknowns_left_undetermined"": 0, ""evidence_kind"": ""scales-a-rate"", ""note"": ""at zero this parameter removes a state and the equation that determines it. The matching survives, so the system is not structurally short; whether it is *algebraically* singular depends on this model's topology and initialization and needs execution to decide. This is not a claim that the declaration should forbid zero.""}",/data/mrumoca/eval/results/thermopower/findings.jsonl
thermopower,historical-static,ThermoPower.Test.WaterComponents.SimpleMotor,15,STRUCTURE_DEGENERATES_AT_ZERO,low,False,hold-needs-source-and-witness-review,"{""parameter"": ""emf.k"", ""contract"": ""Modelica.Electrical.Analog.Basic.EMF.k: algebraic_limit (proven, from equation) \u2014 the parameter multiplies a derivative, so at zero the differential relation becomes an algebraic constraint rather than an undefined quotient"", ""contract_behavior"": ""algebraic_limit"", ""contract_confidence"": ""proven"", ""confidence"": ""low"", ""result"": ""TOPOLOGY_SPECIFIC"", ""incidences_lost"": 0, ""unknowns_left_undetermined"": 0, ""evidence_kind"": ""scales-a-rate"", ""note"": ""at zero this parameter removes a state and the equation that determines it. The matching survives, so the system is not structurally short; whether it is *algebraically* singular depends on this model's topology and initialization and needs execution to decide. This is not a claim that the declaration should forbid zero.""}",/data/mrumoca/eval/results/thermopower/findings.jsonl
thermopower,historical-static,ThermoPower.Test.WaterComponents.SimpleMotor,16,STRUCTURE_DEGENERATES_AT_ZERO,low,False,hold-needs-source-and-witness-review,"{""parameter"": ""J.J"", ""contract"": ""Modelica.Mechanics.Rotational.Components.Inertia.J: algebraic_limit (proven, from equation) \u2014 the parameter multiplies a derivative, so at zero the differential relation becomes an algebraic constraint rather than an undefined quotient"", ""contract_behavior"": ""algebraic_limit"", ""contract_confidence"": ""proven"", ""confidence"": ""low"", ""result"": ""TOPOLOGY_SPECIFIC"", ""incidences_lost"": 0, ""unknowns_left_undetermined"": 0, ""evidence_kind"": ""scales-a-rate"", ""note"": ""at zero this parameter removes a state and the equation that determines it. The matching survives, so the system is not structurally short; whether it is *algebraically* singular depends on this model's topology and initialization and needs execution to decide. This is not a claim that the declaration should forbid zero.""}",/data/mrumoca/eval/results/thermopower/findings.jsonl
thermopower,historical-static,ThermoPower.Test.WaterComponents.SimpleMotor,17,STRUCTURE_DEGENERATES_AT_ZERO,low,False,hold-needs-source-and-witness-review,"{""parameter"": ""Damper.d"", ""contract"": ""Modelica.Mechanics.Rotational.Components.Damper.d: algebraic_limit (proven, from equation) \u2014 the parameter multiplies a derivative, so at zero the differential relation becomes an algebraic constraint rather than an undefined quotient"", ""contract_behavior"": ""algebraic_limit"", ""contract_confidence"": ""proven"", ""confidence"": ""low"", ""result"": ""TOPOLOGY_SPECIFIC"", ""incidences_lost"": 0, ""unknowns_left_undetermined"": 0, ""evidence_kind"": ""scales-a-rate"", ""note"": ""at zero this parameter removes a state and the equation that determines it. The matching survives, so the system is not structurally short; whether it is *algebraically* singular depends on this model's topology and initialization and needs execution to decide. This is not a claim that the declaration should forbid zero.""}",/data/mrumoca/eval/results/thermopower/findings.jsonl
thermopower,historical-static,ThermoPower.Test.ElectricalComponents.TestElectrical6,0,divisor-reachable-zero,high,False,hold-needs-source-and-witness-review,"{""denominator"": ""gen_a.eta"", ""witness"": ""gen_a.eta = 0"", ""witness_rationale"": ""set to zero"", ""denominator_at_witness"": 0.0, ""denominator_at_declared_values"": 1.0, ""denominator_range"": ""[-inf, inf]"", ""path_condition"": ""always evaluated"", ""verdict"": ""SAT"", ""proof"": ""the division is not inside any branch"", ""constraints"": ""gen_a.eta: unbounded"", ""note"": ""a permitted assignment drives the complete denominator to zero and the division is still evaluated there""}",/data/mrumoca/eval/results/thermopower/findings.jsonl
thermopower,historical-static,ThermoPower.Test.ElectricalComponents.TestElectrical6,1,divisor-reachable-zero,high,False,hold-needs-source-and-witness-review,"{""denominator"": ""gen_b.eta"", ""witness"": ""gen_b.eta = 0"", ""witness_rationale"": ""set to zero"", ""denominator_at_witness"": 0.0, ""denominator_at_declared_values"": 1.0, ""denominator_range"": ""[-inf, inf]"", ""path_condition"": ""always evaluated"", ""verdict"": ""SAT"", ""proof"": ""the division is not inside any branch"", ""constraints"": ""gen_b.eta: unbounded"", ""note"": ""a permitted assignment drives the complete denominator to zero and the division is still evaluated there""}",/data/mrumoca/eval/results/thermopower/findings.jsonl
thermopower,historical-static,ThermoPower.Test.ElectricalComponents.TestElectrical6,2,divisor-reachable-zero,high,False,hold-needs-source-and-witness-review,"{""denominator"": ""torqueGen_a.T"", ""witness"": ""torqueGen_a.T = 0"", ""witness_rationale"": ""set to zero"", ""denominator_at_witness"": 0.0, ""denominator_at_declared_values"": 0.2, ""denominator_range"": ""[-inf, inf]"", ""path_condition"": ""always evaluated"", ""verdict"": ""SAT"", ""proof"": ""the division is not inside any branch"", ""constraints"": ""torqueGen_a.T: unbounded"", ""note"": ""a permitted assignment drives the complete denominator to zero and the division is still evaluated there""}",/data/mrumoca/eval/results/thermopower/findings.jsonl
thermopower,historical-static,ThermoPower.Test.ElectricalComponents.TestElectrical6,3,divisor-reachable-zero,high,False,hold-needs-source-and-witness-review,"{""denominator"": ""transmissionLine.Xpu"", ""witness"": ""transmissionLine.Xpu = 0"", ""witness_rationale"": ""set to zero"", ""denominator_at_witness"": 0.0, ""denominator_at_declared_values"": 0.3, ""denominator_range"": ""[-inf, inf]"", ""path_condition"": ""always evaluated"", ""verdict"": ""SAT"", ""proof"": ""the division is not inside any branch"", ""constraints"": ""transmissionLine.Xpu: unbounded"", ""note"": ""a permitted assignment drives the complete denominator to zero and the division is still evaluated there""}",/data/mrumoca/eval/results/thermopower/findings.jsonl
thermopower,historical-static,ThermoPower.Test.ElectricalComponents.TestElectrical6,4,divisor-reachable-zero,high,False,hold-needs-source-and-witness-review,"{""denominator"": ""load.fnom"", ""witness"": ""load.fnom = 0"", ""witness_rationale"": ""set to zero"", ""denominator_at_witness"": 0.0, ""denominator_at_declared_values"": 50.0, ""denominator_range"": ""[-inf, inf]"", ""path_condition"": ""always evaluated"", ""verdict"": ""SAT"", ""proof"": ""the division is not inside any branch"", ""constraints"": ""load.fnom: unbounded"", ""note"": ""a permitted assignment drives the complete denominator to zero and the division is still evaluated there""}",/data/mrumoca/eval/results/thermopower/findings.jsonl
thermopower,historical-static,ThermoPower.Test.ElectricalComponents.TestElectrical6,5,divisor-reachable-zero,high,False,hold-needs-source-and-witness-review,"{""denominator"": ""controllerA.f0"", ""witness"": ""controllerA.f0 = 0"", ""witness_rationale"": ""set to zero"", ""denominator_at_witness"": 0.0, ""denominator_at_declared_values"": 50.0, ""denominator_range"": ""[-inf, inf]"", ""path_condition"": ""always evaluated"", ""verdict"": ""SAT"", ""proof"": ""the division is not inside any branch"", ""constraints"": ""controllerA.f0: unbounded"", ""note"": ""a permitted assignment drives the complete denominator to zero and the division is still evaluated there""}",/data/mrumoca/eval/results/thermopower/findings.jsonl
thermopower,historical-static,ThermoPower.Test.ElectricalComponents.TestElectrical6,6,divisor-reachable-zero,high,False,hold-needs-source-and-witness-review,"{""denominator"": ""controllerA.droop"", ""witness"": ""controllerA.droop = 0"", ""witness_rationale"": ""set to zero"", ""denominator_at_witness"": 0.0, ""denominator_at_declared_values"": 0.05, ""denominator_range"": ""[-inf, inf]"", ""path_condition"": ""always evaluated"", ""verdict"": ""SAT"", ""proof"": ""the division is not inside any branch"", ""constraints"": ""controllerA.droop: unbounded"", ""note"": ""a permitted assignment drives the complete denominator to zero and the division is still evaluated there""}",/data/mrumoca/eval/results/thermopower/findings.jsonl
thermopower,historical-static,ThermoPower.Test.ElectricalComponents.TestElectrical6,7,divisor-reachable-zero,high,False,hold-needs-source-and-witness-review,"{""denominator"": ""controllerA.Np"", ""witness"": ""controllerA.Np = 0"", ""witness_rationale"": ""set to zero"", ""denominator_at_witness"": 0.0, ""denominator_at_declared_values"": 2.0, ""denominator_range"": ""[-inf, inf]"", ""path_condition"": ""always evaluated"", ""verdict"": ""SAT"", ""proof"": ""the division is not inside any branch"", ""constraints"": ""controllerA.Np: unbounded"", ""note"": ""a permitted assignment drives the complete denominator to zero and the division is still evaluated there""}",/data/mrumoca/eval/results/thermopower/findings.jsonl
thermopower,historical-static,ThermoPower.Test.ElectricalComponents.TestElectrical6,8,divisor-reachable-zero,high,False,hold-needs-source-and-witness-review,"{""denominator"": ""controllerB.f0"", ""witness"": ""controllerB.f0 = 0"", ""witness_rationale"": ""set to zero"", ""denominator_at_witness"": 0.0, ""denominator_at_declared_values"": 50.0, ""denominator_range"": ""[-inf, inf]"", ""path_condition"": ""always evaluated"", ""verdict"": ""SAT"", ""proof"": ""the division is not inside any branch"", ""constraints"": ""controllerB.f0: unbounded"", ""note"": ""a permitted assignment drives the complete denominator to zero and the division is still evaluated there""}",/data/mrumoca/eval/results/thermopower/findings.jsonl
thermopower,historical-static,ThermoPower.Test.ElectricalComponents.TestElectrical6,9,divisor-reachable-zero,high,False,hold-needs-source-and-witness-review,"{""denominator"": ""controllerB.droop"", ""witness"": ""controllerB.droop = 0"", ""witness_rationale"": ""set to zero"", ""denominator_at_witness"": 0.0, ""denominator_at_declared_values"": 0.05, ""denominator_range"": ""[-inf, inf]"", ""path_condition"": ""always evaluated"", ""verdict"": ""SAT"", ""proof"": ""the division is not inside any branch"", ""constraints"": ""controllerB.droop: unbounded"", ""note"": ""a permitted assignment drives the complete denominator to zero and the division is still evaluated there""}",/data/mrumoca/eval/results/thermopower/findings.jsonl
thermopower,historical-static,ThermoPower.Test.ElectricalComponents.TestElectrical6,10,divisor-reachable-zero,high,False,hold-needs-source-and-witness-review,"{""denominator"": ""controllerB.Np"", ""witness"": ""controllerB.Np = 0"", ""witness_rationale"": ""set to zero"", ""denominator_at_witness"": 0.0, ""denominator_at_declared_values"": 2.0, ""denominator_range"": ""[-inf, inf]"", ""path_condition"": ""always evaluated"", ""verdict"": ""SAT"", ""proof"": ""the division is not inside any branch"", ""constraints"": ""controllerB.Np: unbounded"", ""note"": ""a permitted assignment drives the complete denominator to zero and the division is still evaluated there""}",/data/mrumoca/eval/results/thermopower/findings.jsonl
thermopower,historical-static,ThermoPower.Test.ElectricalComponents.TestElectrical6,11,divisor-reachable-zero,high,False,hold-needs-source-and-witness-review,"{""denominator"": ""torqueGen_b.T"", ""witness"": ""torqueGen_b.T = 0"", ""witness_rationale"": ""set to zero"", ""denominator_at_witness"": 0.0, ""denominator_at_declared_values"": 0.2, ""denominator_range"": ""[-inf, inf]"", ""path_condition"": ""always evaluated"", ""verdict"": ""SAT"", ""proof"": ""the division is not inside any branch"", ""constraints"": ""torqueGen_b.T: unbounded"", ""note"": ""a permitted assignment drives the complete denominator to zero and the division is still evaluated there""}",/data/mrumoca/eval/results/thermopower/findings.jsonl
thermopower,historical-static,ThermoPower.Test.ElectricalComponents.TestElectrical6,12,divisor-reachable-zero,high,False,hold-needs-source-and-witness-review,"{""denominator"": ""Np"", ""witness"": ""Np = 0"", ""witness_rationale"": ""set to zero"", ""denominator_at_witness"": 0.0, ""denominator_at_declared_values"": 2.0, ""denominator_range"": ""[-inf, inf]"", ""path_condition"": ""always evaluated"", ""verdict"": ""SAT"", ""proof"": ""the division is not inside any branch"", ""constraints"": ""Np: unbounded"", ""note"": ""a permitted assignment drives the complete denominator to zero and the division is still evaluated there""}",/data/mrumoca/eval/results/thermopower/findings.jsonl
thermopower,historical-static,ThermoPower.Test.ElectricalComponents.TestElectrical6,13,divisor-reachable-zero,high,False,hold-needs-source-and-witness-review,"{""denominator"": ""Np"", ""witness"": ""Np = 0"", ""witness_rationale"": ""set to zero"", ""denominator_at_witness"": 0.0, ""denominator_at_declared_values"": 2.0, ""denominator_range"": ""[-inf, inf]"", ""path_condition"": ""always evaluated"", ""verdict"": ""SAT"", ""proof"": ""the division is not inside any branch"", ""constraints"": ""Np: unbounded"", ""note"": ""a permitted assignment drives the complete denominator to zero and the division is still evaluated there""}",/data/mrumoca/eval/results/thermopower/findings.jsonl
thermopower,historical-static,ThermoPower.Test.ElectricalComponents.TestElectrical6,14,divisor-reachable-zero,high,False,hold-needs-source-and-witness-review,"{""denominator"": ""gen_a.Np"", ""witness"": ""gen_a.Np = 0"", ""witness_rationale"": ""set to zero"", ""denominator_at_witness"": 0.0, ""denominator_at_declared_values"": 2.0, ""denominator_range"": ""[-inf, inf]"", ""path_condition"": ""always evaluated"", ""verdict"": ""SAT"", ""proof"": ""the division is not inside any branch"", ""constraints"": ""gen_a.Np: unbounded"", ""note"": ""a permitted assignment drives the complete denominator to zero and the division is still evaluated there""}",/data/mrumoca/eval/results/thermopower/findings.jsonl
thermopower,historical-static,ThermoPower.Test.ElectricalComponents.TestElectrical6,15,divisor-reachable-zero,high,False,hold-needs-source-and-witness-review,"{""denominator"": ""gen_a.Np"", ""witness"": ""gen_a.Np = 0"", ""witness_rationale"": ""set to zero"", ""denominator_at_witness"": 0.0, ""denominator_at_declared_values"": 2.0, ""denominator_range"": ""[-inf, inf]"", ""path_condition"": ""always evaluated"", ""verdict"": ""SAT"", ""proof"": ""the division is not inside any branch"", ""constraints"": ""gen_a.Np: unbounded"", ""note"": ""a permitted assignment drives the complete denominator to zero and the division is still evaluated there""}",/data/mrumoca/eval/results/thermopower/findings.jsonl
thermopower,historical-static,ThermoPower.Test.ElectricalComponents.TestElectrical6,16,divisor-reachable-zero,high,False,hold-needs-source-and-witness-review,"{""denominator"": ""(gen_a.omega_m_nom ^ 2)"", ""witness"": ""gen_a.omega_m_nom = 0"", ""witness_rationale"": ""set to zero"", ""denominator_at_witness"": 0.0, ""denominator_at_declared_values"": 24674.011002723397, ""denominator_range"": ""[0, inf]"", ""path_condition"": ""always evaluated"", ""verdict"": ""SAT"", ""proof"": ""the division is not inside any branch"", ""constraints"": ""gen_a.omega_m_nom: unbounded"", ""note"": ""a permitted assignment drives the complete denominator to zero and the division is still evaluated there""}",/data/mrumoca/eval/results/thermopower/findings.jsonl
thermopower,historical-static,ThermoPower.Test.ElectricalComponents.TestElectrical6,17,divisor-reachable-zero,high,False,hold-needs-source-and-witness-review,"{""denominator"": ""(gen_a.omega_m_nom ^ 2)"", ""witness"": ""gen_a.omega_m_nom = 0"", ""witness_rationale"": ""set to zero"", ""denominator_at_witness"": 0.0, ""denominator_at_declared_values"": 24674.011002723397, ""denominator_range"": ""[0, inf]"", ""path_condition"": ""always evaluated"", ""verdict"": ""SAT"", ""proof"": ""the division is not inside any branch"", ""constraints"": ""gen_a.omega_m_nom: unbounded"", ""note"": ""a permitted assignment drives the complete denominator to zero and the division is still evaluated there""}",/data/mrumoca/eval/results/thermopower/findings.jsonl
thermopower,historical-static,ThermoPower.Test.ElectricalComponents.TestElectrical6,18,divisor-reachable-zero,high,False,hold-needs-source-and-witness-review,"{""denominator"": ""gen_a.omega_m_nom"", ""witness"": ""gen_a.omega_m_nom = 0"", ""witness_rationale"": ""set to zero"", ""denominator_at_witness"": 0.0, ""denominator_at_declared_values"": 157.07963267948966, ""denominator_range"": ""[-inf, inf]"", ""path_condition"": ""always evaluated"", ""verdict"": ""SAT"", ""proof"": ""the division is not inside any branch"", ""constraints"": ""gen_a.omega_m_nom: unbounded"", ""note"": ""a permitted assignment drives the complete denominator to zero and the division is still evaluated there""}",/data/mrumoca/eval/results/thermopower/findings.jsonl
thermopower,historical-static,ThermoPower.Test.ElectricalComponents.TestElectrical6,19,divisor-reachable-zero,high,False,hold-needs-source-and-witness-review,"{""denominator"": ""gen_a.omega_m_nom"", ""witness"": ""gen_a.omega_m_nom = 0"", ""witness_rationale"": ""set to zero"", ""denominator_at_witness"": 0.0, ""denominator_at_declared_values"": 157.07963267948966, ""denominator_range"": ""[-inf, inf]"", ""path_condition"": ""always evaluated"", ""verdict"": ""SAT"", ""proof"": ""the division is not inside any branch"", ""constraints"": ""gen_a.omega_m_nom: unbounded"", ""note"": ""a permitted assignment drives the complete denominator to zero and the division is still evaluated there""}",/data/mrumoca/eval/results/thermopower/findings.jsonl
thermopower,historical-static,ThermoPower.Test.ElectricalComponents.TestElectrical6,20,divisor-reachable-zero,high,False,hold-needs-source-and-witness-review,"{""denominator"": ""gen_a.Np"", ""witness"": ""gen_a.Np = 0"", ""witness_rationale"": ""set to zero"", ""denominator_at_witness"": 0.0, ""denominator_at_declared_values"": 2.0, ""denominator_range"": ""[-inf, inf]"", ""path_condition"": ""always evaluated"", ""verdict"": ""SAT"", ""proof"": ""the division is not inside any branch"", ""constraints"": ""gen_a.Np: unbounded"", ""note"": ""a permitted assignment drives the complete denominator to zero and the division is still evaluated there""}",/data/mrumoca/eval/results/thermopower/findings.jsonl
thermopower,historical-static,ThermoPower.Test.ElectricalComponents.TestElectrical6,21,divisor-reachable-zero,high,False,hold-needs-source-and-witness-review,"{""denominator"": ""gen_b.Np"", ""witness"": ""gen_b.Np = 0"", ""witness_rationale"": ""set to zero"", ""denominator_at_witness"": 0.0, ""denominator_at_declared_values"": 2.0, ""denominator_range"": ""[-inf, inf]"", ""path_condition"": ""always evaluated"", ""verdict"": ""SAT"", ""proof"": ""the division is not inside any branch"", ""constraints"": ""gen_b.Np: unbounded"", ""note"": ""a permitted assignment drives the complete denominator to zero and the division is still evaluated there""}",/data/mrumoca/eval/results/thermopower/findings.jsonl
thermopower,historical-static,ThermoPower.Test.ElectricalComponents.TestElectrical6,22,divisor-reachable-zero,high,False,hold-needs-source-and-witness-review,"{""denominator"": ""gen_b.Np"", ""witness"": ""gen_b.Np = 0"", ""witness_rationale"": ""set to zero"", ""denominator_at_witness"": 0.0, ""denominator_at_declared_values"": 2.0, ""denominator_range"": ""[-inf, inf]"", ""path_condition"": ""always evaluated"", ""verdict"": ""SAT"", ""proof"": ""the division is not inside any branch"", ""constraints"": ""gen_b.Np: unbounded"", ""note"": ""a permitted assignment drives the complete denominator to zero and the division is still evaluated there""}",/data/mrumoca/eval/results/thermopower/findings.jsonl
thermopower,historical-static,ThermoPower.Test.ElectricalComponents.TestElectrical6,23,divisor-reachable-zero,high,False,hold-needs-source-and-witness-review,"{""denominator"": ""(gen_b.omega_m_nom ^ 2)"", ""witness"": ""gen_b.omega_m_nom = 0"", ""witness_rationale"": ""set to zero"", ""denominator_at_witness"": 0.0, ""denominator_at_declared_values"": 24674.011002723397, ""denominator_range"": ""[0, inf]"", ""path_condition"": ""always evaluated"", ""verdict"": ""SAT"", ""proof"": ""the division is not inside any branch"", ""constraints"": ""gen_b.omega_m_nom: unbounded"", ""note"": ""a permitted assignment drives the complete denominator to zero and the division is still evaluated there""}",/data/mrumoca/eval/results/thermopower/findings.jsonl
thermopower,historical-static,ThermoPower.Test.ElectricalComponents.TestElectrical6,24,divisor-reachable-zero,high,False,hold-needs-source-and-witness-review,"{""denominator"": ""(gen_b.omega_m_nom ^ 2)"", ""witness"": ""gen_b.omega_m_nom = 0"", ""witness_rationale"": ""set to zero"", ""denominator_at_witness"": 0.0, ""denominator_at_declared_values"": 24674.011002723397, ""denominator_range"": ""[0, inf]"", ""path_condition"": ""always evaluated"", ""verdict"": ""SAT"", ""proof"": ""the division is not inside any branch"", ""constraints"": ""gen_b.omega_m_nom: unbounded"", ""note"": ""a permitted assignment drives the complete denominator to zero and the division is still evaluated there""}",/data/mrumoca/eval/results/thermopower/findings.jsonl
thermopower,historical-static,ThermoPower.Test.ElectricalComponents.TestElectrical6,25,divisor-reachable-zero,high,False,hold-needs-source-and-witness-review,"{""denominator"": ""gen_b.omega_m_nom"", ""witness"": ""gen_b.omega_m_nom = 0"", ""witness_rationale"": ""set to zero"", ""denominator_at_witness"": 0.0, ""denominator_at_declared_values"": 157.07963267948966, ""denominator_range"": ""[-inf, inf]"", ""path_condition"": ""always evaluated"", ""verdict"": ""SAT"", ""proof"": ""the division is not inside any branch"", ""constraints"": ""gen_b.omega_m_nom: unbounded"", ""note"": ""a permitted assignment drives the complete denominator to zero and the division is still evaluated there""}",/data/mrumoca/eval/results/thermopower/findings.jsonl
thermopower,historical-static,ThermoPower.Test.ElectricalComponents.TestElectrical6,26,divisor-reachable-zero,high,False,hold-needs-source-and-witness-review,"{""denominator"": ""gen_b.omega_m_nom"", ""witness"": ""gen_b.omega_m_nom = 0"", ""witness_rationale"": ""set to zero"", ""denominator_at_witness"": 0.0, ""denominator_at_declared_values"": 157.07963267948966, ""denominator_range"": ""[-inf, inf]"", ""path_condition"": ""always evaluated"", ""verdict"": ""SAT"", ""proof"": ""the division is not inside any branch"", ""constraints"": ""gen_b.omega_m_nom: unbounded"", ""note"": ""a permitted assignment drives the complete denominator to zero and the division is still evaluated there""}",/data/mrumoca/eval/results/thermopower/findings.jsonl
thermopower,historical-static,ThermoPower.Test.ElectricalComponents.TestElectrical6,27,divisor-reachable-zero,high,False,hold-needs-source-and-witness-review,"{""denominator"": ""gen_b.Np"", ""witness"": ""gen_b.Np = 0"", ""witness_rationale"": ""set to zero"", ""denominator_at_witness"": 0.0, ""denominator_at_declared_values"": 2.0, ""denominator_range"": ""[-inf, inf]"", ""path_condition"": ""always evaluated"", ""verdict"": ""SAT"", ""proof"": ""the division is not inside any branch"", ""constraints"": ""gen_b.Np: unbounded"", ""note"": ""a permitted assignment drives the complete denominator to zero and the division is still evaluated there""}",/data/mrumoca/eval/results/thermopower/findings.jsonl
thermopower,historical-static,ThermoPower.Test.ElectricalComponents.TestElectrical6,28,divisor-reachable-zero,high,False,hold-needs-source-and-witness-review,"{""denominator"": ""omega"", ""witness"": ""omega = 0"", ""witness_rationale"": ""set to zero"", ""denominator_at_witness"": 0.0, ""denominator_at_declared_values"": 157.07963267948966, ""denominator_range"": ""[-inf, inf]"", ""path_condition"": ""always evaluated"", ""verdict"": ""SAT"", ""proof"": ""the division is not inside any branch"", ""constraints"": ""omega: unbounded"", ""note"": ""a permitted assignment drives the complete denominator to zero and the division is still evaluated there""}",/data/mrumoca/eval/results/thermopower/findings.jsonl
thermopower,historical-static,ThermoPower.Test.ElectricalComponents.TestElectrical6,29,divisor-reachable-zero,high,False,hold-needs-source-and-witness-review,"{""denominator"": ""omega"", ""witness"": ""omega = 0"", ""witness_rationale"": ""set to zero"", ""denominator_at_witness"": 0.0, ""denominator_at_declared_values"": 157.07963267948966, ""denominator_range"": ""[-inf, inf]"", ""path_condition"": ""always evaluated"", ""verdict"": ""SAT"", ""proof"": ""the division is not inside any branch"", ""constraints"": ""omega: unbounded"", ""note"": ""a permitted assignment drives the complete denominator to zero and the division is still evaluated there""}",/data/mrumoca/eval/results/thermopower/findings.jsonl
thermopower,historical-static,ThermoPower.Test.ElectricalComponents.TestElectrical6,30,init-precondition-at-risk,low,False,hold-needs-source-and-witness-review,"{""expression"": ""((gen_a.Pnom * gen_a.Ta) / (gen_a.omega_m_nom ^ 2))"", ""requirement"": ""divisor must not be zero"", ""initial_range"": ""[0, +inf]"", ""result"": ""UNKNOWN"", ""note"": ""the initial range of this operand contains a value the operation does not accept; whether it takes one is not decidable statically""}",/data/mrumoca/eval/results/thermopower/findings.jsonl
thermopower,historical-static,ThermoPower.Test.ElectricalComponents.TestElectrical6,31,init-precondition-at-risk,low,False,hold-needs-source-and-witness-review,"{""expression"": ""((gen_a.Pnom * gen_a.Ta) / (gen_a.omega_m_nom ^ 2))"", ""requirement"": ""divisor must not be zero"", ""initial_range"": ""[0, +inf]"", ""result"": ""UNKNOWN"", ""note"": ""the initial range of this operand contains a value the operation does not accept; whether it takes one is not decidable statically""}",/data/mrumoca/eval/results/thermopower/findings.jsonl
thermopower,historical-static,ThermoPower.Test.ElectricalComponents.TestElectrical6,32,init-precondition-at-risk,low,False,hold-needs-source-and-witness-review,"{""expression"": ""((gen_b.Pnom * gen_b.Ta) / (gen_b.omega_m_nom ^ 2))"", ""requirement"": ""divisor must not be zero"", ""initial_range"": ""[0, +inf]"", ""result"": ""UNKNOWN"", ""note"": ""the initial range of this operand contains a value the operation does not accept; whether it takes one is not decidable statically""}",/data/mrumoca/eval/results/thermopower/findings.jsonl
thermopower,historical-static,ThermoPower.Test.ElectricalComponents.TestElectrical6,33,init-precondition-at-risk,low,False,hold-needs-source-and-witness-review,"{""expression"": ""((gen_b.Pnom * gen_b.Ta) / (gen_b.omega_m_nom ^ 2))"", ""requirement"": ""divisor must not be zero"", ""initial_range"": ""[0, +inf]"", ""result"": ""UNKNOWN"", ""note"": ""the initial range of this operand contains a value the operation does not accept; whether it takes one is not decidable statically""}",/data/mrumoca/eval/results/thermopower/findings.jsonl
thermopower,historical-static,ThermoPower.Test.ElectricalComponents.TestElectrical6,34,initialization-count-mismatch,info,False,hold-needs-source-and-witness-review,"{""states"": 13, ""initial_equations"": 8, ""fixed_starts"": 0, ""note"": ""approximate; the compiler's balance check is authoritative""}",/data/mrumoca/eval/results/thermopower/findings.jsonl
thermopower,historical-static,ThermoPower.Test.ElectricalComponents.TestElectrical6,35,network-boundary-port,low,False,standalone-topology-not-defect-proof,"{""node"": ""Load -- load"", ""boundary_connectors"": ""Load, load"", ""wired_to"": ""nothing"", ""note"": ""this connector belongs to the model itself, not to a component inside it: the model is an interface compiled on its own, so the node is open on one side. Nothing forces its flow, which is why a structural matching reports an unmatched unknown here. Not a defect in the model""}",/data/mrumoca/eval/results/thermopower/findings.jsonl
thermopower,historical-static,ThermoPower.Test.ElectricalComponents.TestElectrical6,36,network-boundary-port,low,False,standalone-topology-not-defect-proof,"{""node"": ""controllerA -- frequency_a -- refPa -- torqueGen_a -- torque_a"", ""boundary_connectors"": ""controllerA, frequency_a, refPa, torqueGen_a, torque_a"", ""wired_to"": ""nothing"", ""note"": ""this connector belongs to the model itself, not to a component inside it: the model is an interface compiled on its own, so the node is open on one side. Nothing forces its flow, which is why a structural matching reports an unmatched unknown here. Not a defect in the model""}",/data/mrumoca/eval/results/thermopower/findings.jsonl
thermopower,historical-static,ThermoPower.Test.ElectricalComponents.TestElectrical6,37,network-boundary-port,low,False,standalone-topology-not-defect-proof,"{""node"": ""controllerB -- frequency_b -- refPb -- torqueGen_b -- torque_b"", ""boundary_connectors"": ""controllerB, frequency_b, refPb, torqueGen_b, torque_b"", ""wired_to"": ""nothing"", ""note"": ""this connector belongs to the model itself, not to a component inside it: the model is an interface compiled on its own, so the node is open on one side. Nothing forces its flow, which is why a structural matching reports an unmatched unknown here. Not a defect in the model""}",/data/mrumoca/eval/results/thermopower/findings.jsonl
thermopower,historical-static,ThermoPower.Test.ElectricalComponents.TestElectrical6,38,physical-zero-is-a-supported-limit,low,False,advisory-or-explicit-non-defect,"{""domain"": ""mechanical"", ""rule"": ""mech.inertia.positive"", ""rule_origin"": ""the rotational analogue of mass; J = 0 leaves angular acceleration undetermined"", ""rule_reference"": ""MSL Mechanics.Rotational.Components.Inertia"", ""matched_by"": {""quantity"": ""MomentOfInertia"", ""unit"": ""kg.m2"", ""confidence"": ""QUANTITY_AND_UNIT"", ""premise_state"": ""unknown"", ""authority"": ""quantity_or_unit"", ""canonical_declaration"": ""ThermoPower.Electrical.Generator.J""}, ""required"": ""gen_a.J > 0"", ""declared_min"": null, ""variable_role"": ""parameter"", ""premise_state"": ""refuted"", ""authority"": ""component_contract"", ""contract"": ""ThermoPower.Electrical.Generator.J: algebraic_limit (proven, from equation) \u2014 the parameter multiplies a derivative, so at zero the differential relation becomes an algebraic constraint rather than an undefined quotient"", ""contract_behavior"": ""algebraic_limit"", ""contract_confidence"": ""proven"", ""contract_source"": ""equation"", ""note"": ""the positivity rule does not apply: this component documents zero as a meaningful limit, so reporting a missing bound would contradict its contract""}",/data/mrumoca/eval/results/thermopower/findings.jsonl
thermopower,historical-static,ThermoPower.Test.ElectricalComponents.TestElectrical6,39,physical-zero-is-a-supported-limit,low,False,advisory-or-explicit-non-defect,"{""domain"": ""mechanical"", ""rule"": ""mech.inertia.positive"", ""rule_origin"": ""the rotational analogue of mass; J = 0 leaves angular acceleration undetermined"", ""rule_reference"": ""MSL Mechanics.Rotational.Components.Inertia"", ""matched_by"": {""quantity"": ""MomentOfInertia"", ""unit"": ""kg.m2"", ""confidence"": ""QUANTITY_AND_UNIT"", ""premise_state"": ""unknown"", ""authority"": ""quantity_or_unit"", ""canonical_declaration"": ""ThermoPower.Electrical.Generator.J""}, ""required"": ""gen_b.J > 0"", ""declared_min"": null, ""variable_role"": ""parameter"", ""premise_state"": ""refuted"", ""authority"": ""component_contract"", ""contract"": ""ThermoPower.Electrical.Generator.J: algebraic_limit (proven, from equation) \u2014 the parameter multiplies a derivative, so at zero the differential relation becomes an algebraic constraint rather than an undefined quotient"", ""contract_behavior"": ""algebraic_limit"", ""contract_confidence"": ""proven"", ""contract_source"": ""equation"", ""note"": ""the positivity rule does not apply: this component documents zero as a meaningful limit, so reporting a missing bound would contradict its contract""}",/data/mrumoca/eval/results/thermopower/findings.jsonl
thermopower,historical-static,ThermoPower.Test.ElectricalComponents.TestElectrical6,40,quantity-missing,low,False,advisory-or-explicit-non-defect,"{""unit"": ""N.m"", ""count"": 2, ""declarations"": ""torque_a.tau, torque_b.tau"", ""note"": ""a unit is declared without a quantity, so nothing states what is being measured and no rule keyed on quantity can apply to it""}",/data/mrumoca/eval/results/thermopower/findings.jsonl
thermopower,historical-static,ThermoPower.Test.ElectricalComponents.TestElectrical6,41,vanishing-coefficient,medium,False,hold-needs-source-and-witness-review,"{""parameter"": ""gen_a.tau_d"", ""declared_min"": null, ""shape"": ""parameter multiplies a derivative; zero removes the equation's only determination of that state""}",/data/mrumoca/eval/results/thermopower/findings.jsonl
thermopower,historical-static,ThermoPower.Test.ElectricalComponents.TestElectrical6,42,vanishing-coefficient,medium,False,hold-needs-source-and-witness-review,"{""parameter"": ""gen_a.J"", ""declared_min"": null, ""shape"": ""parameter multiplies a derivative; zero removes the equation's only determination of that state""}",/data/mrumoca/eval/results/thermopower/findings.jsonl
thermopower,historical-static,ThermoPower.Test.ElectricalComponents.TestElectrical6,43,vanishing-coefficient,medium,False,hold-needs-source-and-witness-review,"{""parameter"": ""gen_a.Tf"", ""declared_min"": null, ""shape"": ""parameter multiplies a derivative; zero removes the equation's only determination of that state""}",/data/mrumoca/eval/results/thermopower/findings.jsonl
thermopower,historical-static,ThermoPower.Test.ElectricalComponents.TestElectrical6,44,vanishing-coefficient,medium,False,hold-needs-source-and-witness-review,"{""parameter"": ""gen_b.tau_d"", ""declared_min"": null, ""shape"": ""parameter multiplies a derivative; zero removes the equation's only determination of that state""}",/data/mrumoca/eval/results/thermopower/findings.jsonl
thermopower,historical-static,ThermoPower.Test.ElectricalComponents.TestElectrical6,45,vanishing-coefficient,medium,False,hold-needs-source-and-witness-review,"{""parameter"": ""gen_b.J"", ""declared_min"": null, ""shape"": ""parameter multiplies a derivative; zero removes the equation's only determination of that state""}",/data/mrumoca/eval/results/thermopower/findings.jsonl
thermopower,historical-static,ThermoPower.Test.ElectricalComponents.TestElectrical6,46,vanishing-coefficient,medium,False,hold-needs-source-and-witness-review,"{""parameter"": ""gen_b.Tf"", ""declared_min"": null, ""shape"": ""parameter multiplies a derivative; zero removes the equation's only determination of that state""}",/data/mrumoca/eval/results/thermopower/findings.jsonl
thermopower,historical-static,ThermoPower.Test.ElectricalComponents.TestElectrical6,47,vanishing-coefficient,medium,False,hold-needs-source-and-witness-review,"{""parameter"": ""torqueGen_a.k"", ""declared_min"": null, ""shape"": ""parameter multiplies a derivative; zero removes the equation's only determination of that state""}",/data/mrumoca/eval/results/thermopower/findings.jsonl
thermopower,historical-static,ThermoPower.Test.ElectricalComponents.TestElectrical6,48,vanishing-coefficient,medium,False,hold-needs-source-and-witness-review,"{""parameter"": ""frequency_a.pi"", ""declared_min"": null, ""shape"": ""parameter multiplies a derivative; zero removes the equation's only determination of that state""}",/data/mrumoca/eval/results/thermopower/findings.jsonl
thermopower,historical-static,ThermoPower.Test.ElectricalComponents.TestElectrical6,49,vanishing-coefficient,medium,False,hold-needs-source-and-witness-review,"{""parameter"": ""frequency_b.pi"", ""declared_min"": null, ""shape"": ""parameter multiplies a derivative; zero removes the equation's only determination of that state""}",/data/mrumoca/eval/results/thermopower/findings.jsonl
thermopower,historical-static,ThermoPower.Test.ElectricalComponents.TestElectrical6,50,vanishing-coefficient,medium,False,hold-needs-source-and-witness-review,"{""parameter"": ""torqueGen_b.k"", ""declared_min"": null, ""shape"": ""parameter multiplies a derivative; zero removes the equation's only determination of that state""}",/data/mrumoca/eval/results/thermopower/findings.jsonl
thermopower,historical-static,ThermoPower.Test.ElectricalComponents.TestElectrical6,51,STRUCTURE_DEGENERATES_AT_ZERO,low,False,hold-needs-source-and-witness-review,"{""parameter"": ""gen_a.J"", ""contract"": ""ThermoPower.Electrical.Generator.J: algebraic_limit (proven, from equation) \u2014 the parameter multiplies a derivative, so at zero the differential relation becomes an algebraic constraint rather than an undefined quotient"", ""contract_behavior"": ""algebraic_limit"", ""contract_confidence"": ""proven"", ""confidence"": ""low"", ""result"": ""TOPOLOGY_SPECIFIC"", ""incidences_lost"": 0, ""unknowns_left_undetermined"": 0, ""evidence_kind"": ""scales-a-rate"", ""note"": ""at zero this parameter removes a state and the equation that determines it. The matching survives, so the system is not structurally short; whether it is *algebraically* singular depends on this model's topology and initialization and needs execution to decide. This is not a claim that the declaration should forbid zero.""}",/data/mrumoca/eval/results/thermopower/findings.jsonl
thermopower,historical-static,ThermoPower.Test.ElectricalComponents.TestElectrical6,52,STRUCTURE_DEGENERATES_AT_ZERO,low,False,hold-needs-source-and-witness-review,"{""parameter"": ""gen_a.Tf"", ""contract"": ""ThermoPower.Electrical.Generator.Tf: algebraic_limit (proven, from equation) \u2014 the parameter multiplies a derivative, so at zero the differential relation becomes an algebraic constraint rather than an undefined quotient"", ""contract_behavior"": ""algebraic_limit"", ""contract_confidence"": ""proven"", ""confidence"": ""low"", ""result"": ""TOPOLOGY_SPECIFIC"", ""incidences_lost"": 0, ""unknowns_left_undetermined"": 0, ""evidence_kind"": ""scales-a-rate"", ""note"": ""at zero this parameter removes a state and the equation that determines it. The matching survives, so the system is not structurally short; whether it is *algebraically* singular depends on this model's topology and initialization and needs execution to decide. This is not a claim that the declaration should forbid zero.""}",/data/mrumoca/eval/results/thermopower/findings.jsonl
thermopower,historical-static,ThermoPower.Test.ElectricalComponents.TestElectrical6,53,STRUCTURE_DEGENERATES_AT_ZERO,low,False,hold-needs-source-and-witness-review,"{""parameter"": ""gen_a.tau_d"", ""contract"": ""ThermoPower.Electrical.Generator.tau_d: algebraic_limit (proven, from equation) \u2014 the parameter multiplies a derivative, so at zero the differential relation becomes an algebraic constraint rather than an undefined quotient"", ""contract_behavior"": ""algebraic_limit"", ""contract_confidence"": ""proven"", ""confidence"": ""low"", ""result"": ""TOPOLOGY_SPECIFIC"", ""incidences_lost"": 0, ""unknowns_left_undetermined"": 0, ""evidence_kind"": ""scales-a-rate"", ""note"": ""at zero this parameter removes a state and the equation that determines it. The matching survives, so the system is not structurally short; whether it is *algebraically* singular depends on this model's topology and initialization and needs execution to decide. This is not a claim that the declaration should forbid zero.""}",/data/mrumoca/eval/results/thermopower/findings.jsonl
thermopower,historical-static,ThermoPower.Test.ElectricalComponents.TestElectrical6,54,STRUCTURE_DEGENERATES_AT_ZERO,low,False,hold-needs-source-and-witness-review,"{""parameter"": ""gen_b.J"", ""contract"": ""ThermoPower.Electrical.Generator.J: algebraic_limit (proven, from equation) \u2014 the parameter multiplies a derivative, so at zero the differential relation becomes an algebraic constraint rather than an undefined quotient"", ""contract_behavior"": ""algebraic_limit"", ""contract_confidence"": ""proven"", ""confidence"": ""low"", ""result"": ""TOPOLOGY_SPECIFIC"", ""incidences_lost"": 0, ""unknowns_left_undetermined"": 0, ""evidence_kind"": ""scales-a-rate"", ""note"": ""at zero this parameter removes a state and the equation that determines it. The matching survives, so the system is not structurally short; whether it is *algebraically* singular depends on this model's topology and initialization and needs execution to decide. This is not a claim that the declaration should forbid zero.""}",/data/mrumoca/eval/results/thermopower/findings.jsonl
thermopower,historical-static,ThermoPower.Test.ElectricalComponents.TestElectrical6,55,STRUCTURE_DEGENERATES_AT_ZERO,low,False,hold-needs-source-and-witness-review,"{""parameter"": ""gen_b.Tf"", ""contract"": ""ThermoPower.Electrical.Generator.Tf: algebraic_limit (proven, from equation) \u2014 the parameter multiplies a derivative, so at zero the differential relation becomes an algebraic constraint rather than an undefined quotient"", ""contract_behavior"": ""algebraic_limit"", ""contract_confidence"": ""proven"", ""confidence"": ""low"", ""result"": ""TOPOLOGY_SPECIFIC"", ""incidences_lost"": 0, ""unknowns_left_undetermined"": 0, ""evidence_kind"": ""scales-a-rate"", ""note"": ""at zero this parameter removes a state and the equation that determines it. The matching survives, so the system is not structurally short; whether it is *algebraically* singular depends on this model's topology and initialization and needs execution to decide. This is not a claim that the declaration should forbid zero.""}",/data/mrumoca/eval/results/thermopower/findings.jsonl
thermopower,historical-static,ThermoPower.Test.ElectricalComponents.TestElectrical6,56,STRUCTURE_DEGENERATES_AT_ZERO,low,False,hold-needs-source-and-witness-review,"{""parameter"": ""gen_b.tau_d"", ""contract"": ""ThermoPower.Electrical.Generator.tau_d: algebraic_limit (proven, from equation) \u2014 the parameter multiplies a derivative, so at zero the differential relation becomes an algebraic constraint rather than an undefined quotient"", ""contract_behavior"": ""algebraic_limit"", ""contract_confidence"": ""proven"", ""confidence"": ""low"", ""result"": ""TOPOLOGY_SPECIFIC"", ""incidences_lost"": 0, ""unknowns_left_undetermined"": 0, ""evidence_kind"": ""scales-a-rate"", ""note"": ""at zero this parameter removes a state and the equation that determines it. The matching survives, so the system is not structurally short; whether it is *algebraically* singular depends on this model's topology and initialization and needs execution to decide. This is not a claim that the declaration should forbid zero.""}",/data/mrumoca/eval/results/thermopower/findings.jsonl
thermopower,historical-static,ThermoPower.Test.ElectricalComponents.TestElectrical6,57,STRUCTURE_DEGENERATES_AT_ZERO,low,False,hold-needs-source-and-witness-review,"{""parameter"": ""torqueGen_a.k"", ""contract"": ""Modelica.Blocks.Continuous.FirstOrder.k: feature_disabled (proven, from equation) \u2014 the parameter appears only as a multiplier, so at zero the term it scales drops out and the rest of the model is unaffected"", ""contract_behavior"": ""feature_disabled"", ""contract_confidence"": ""proven"", ""confidence"": ""low"", ""result"": ""TOPOLOGY_SPECIFIC"", ""incidences_lost"": 0, ""unknowns_left_undetermined"": 0, ""evidence_kind"": ""scales-a-rate"", ""note"": ""at zero this parameter removes a state and the equation that determines it. The matching survives, so the system is not structurally short; whether it is *algebraically* singular depends on this model's topology and initialization and needs execution to decide. This is not a claim that the declaration should forbid zero.""}",/data/mrumoca/eval/results/thermopower/findings.jsonl
thermopower,historical-static,ThermoPower.Test.ElectricalComponents.TestElectrical6,58,STRUCTURE_DEGENERATES_AT_ZERO,low,False,hold-needs-source-and-witness-review,"{""parameter"": ""frequency_a.pi"", ""contract"": ""ThermoPower.Electrical.FrequencySensor.pi: feature_disabled (proven, from equation) \u2014 the parameter appears only as a multiplier, so at zero the term it scales drops out and the rest of the model is unaffected"", ""contract_behavior"": ""feature_disabled"", ""contract_confidence"": ""proven"", ""confidence"": ""low"", ""result"": ""TOPOLOGY_SPECIFIC"", ""incidences_lost"": 0, ""unknowns_left_undetermined"": 0, ""evidence_kind"": ""scales-a-rate"", ""note"": ""at zero this parameter removes a state and the equation that determines it. The matching survives, so the system is not structurally short; whether it is *algebraically* singular depends on this model's topology and initialization and needs execution to decide. This is not a claim that the declaration should forbid zero.""}",/data/mrumoca/eval/results/thermopower/findings.jsonl
thermopower,historical-static,ThermoPower.Test.ElectricalComponents.TestElectrical6,59,STRUCTURE_DEGENERATES_AT_ZERO,low,False,hold-needs-source-and-witness-review,"{""parameter"": ""frequency_b.pi"", ""contract"": ""ThermoPower.Electrical.FrequencySensor.pi: feature_disabled (proven, from equation) \u2014 the parameter appears only as a multiplier, so at zero the term it scales drops out and the rest of the model is unaffected"", ""contract_behavior"": ""feature_disabled"", ""contract_confidence"": ""proven"", ""confidence"": ""low"", ""result"": ""TOPOLOGY_SPECIFIC"", ""incidences_lost"": 0, ""unknowns_left_undetermined"": 0, ""evidence_kind"": ""scales-a-rate"", ""note"": ""at zero this parameter removes a state and the equation that determines it. The matching survives, so the system is not structurally short; whether it is *algebraically* singular depends on this model's topology and initialization and needs execution to decide. This is not a claim that the declaration should forbid zero.""}",/data/mrumoca/eval/results/thermopower/findings.jsonl
thermopower,historical-static,ThermoPower.Test.ElectricalComponents.TestElectrical6,60,STRUCTURE_DEGENERATES_AT_ZERO,low,False,hold-needs-source-and-witness-review,"{""parameter"": ""torqueGen_b.k"", ""contract"": ""Modelica.Blocks.Continuous.FirstOrder.k: feature_disabled (proven, from equation) \u2014 the parameter appears only as a multiplier, so at zero the term it scales drops out and the rest of the model is unaffected"", ""contract_behavior"": ""feature_disabled"", ""contract_confidence"": ""proven"", ""confidence"": ""low"", ""result"": ""TOPOLOGY_SPECIFIC"", ""incidences_lost"": 0, ""unknowns_left_undetermined"": 0, ""evidence_kind"": ""scales-a-rate"", ""note"": ""at zero this parameter removes a state and the equation that determines it. The matching survives, so the system is not structurally short; whether it is *algebraically* singular depends on this model's topology and initialization and needs execution to decide. This is not a claim that the declaration should forbid zero.""}",/data/mrumoca/eval/results/thermopower/findings.jsonl
thermopower,historical-static,ThermoPower.Thermal.ConvHTFV,0,divisor-reachable-zero,high,False,hold-needs-source-and-witness-review,"{""denominator"": ""Nv"", ""witness"": ""Nv = 0"", ""witness_rationale"": ""set to zero"", ""denominator_at_witness"": 0.0, ""denominator_at_declared_values"": 2.0, ""denominator_range"": ""[-inf, inf]"", ""path_condition"": ""always evaluated"", ""verdict"": ""SAT"", ""proof"": ""the division is not inside any branch"", ""constraints"": ""Nv: unbounded"", ""note"": ""a permitted assignment drives the complete denominator to zero and the division is still evaluated there""}",/data/mrumoca/eval/results/thermopower/findings.jsonl
thermopower,historical-static,ThermoPower.Thermal.ConvHTFV,1,network-port-unconnected,low,False,standalone-topology-not-defect-proof,"{""connector"": ""side1"", ""component"": ""<top level>"", ""component_class"": ""unknown"", ""flows_forced_to_zero"": ""side1.Q"", ""note"": ""nothing is connected to this port, so MLS \u00a79.2 forces its flow to zero. That is correct for a component compiled on its own and is not a defect; it is recorded because it is the commonest reason a model looks structurally singular""}",/data/mrumoca/eval/results/thermopower/findings.jsonl
thermopower,historical-static,ThermoPower.Thermal.ConvHTFV,2,network-port-unconnected,low,False,standalone-topology-not-defect-proof,"{""connector"": ""side2"", ""component"": ""<top level>"", ""component_class"": ""unknown"", ""flows_forced_to_zero"": ""side2.Q"", ""note"": ""nothing is connected to this port, so MLS \u00a79.2 forces its flow to zero. That is correct for a component compiled on its own and is not a defect; it is recorded because it is the commonest reason a model looks structurally singular""}",/data/mrumoca/eval/results/thermopower/findings.jsonl
thermopower,historical-static,ThermoPower.Thermal.ConvHTFV,3,network-component-isolated,low,False,standalone-topology-not-defect-proof,"{""component"": ""<top level>"", ""component_class"": ""unknown"", ""ports"": ""side1, side2"", ""note"": ""every port of this instance is unconnected, so it exchanges nothing with the rest of the model while still contributing its equations""}",/data/mrumoca/eval/results/thermopower/findings.jsonl
thermopower,historical-static,ThermoPower.Thermal.ConvHTFV,4,physical-zero-is-a-supported-limit,low,False,advisory-or-explicit-non-defect,"{""domain"": ""thermal"", ""rule"": ""thermal.conductance.positive"", ""rule_origin"": ""heat flows from hot to cold; G <= 0 reverses the second law"", ""rule_reference"": """", ""matched_by"": {""quantity"": ""ThermalConductance"", ""unit"": ""W/K"", ""confidence"": ""QUANTITY_AND_UNIT"", ""premise_state"": ""unknown"", ""authority"": ""quantity_or_unit"", ""canonical_declaration"": ""ThermoPower.Thermal.ConvHTFV.G""}, ""required"": ""G > 0"", ""declared_min"": null, ""variable_role"": ""parameter"", ""premise_state"": ""refuted"", ""authority"": ""component_contract"", ""contract"": ""ThermoPower.Thermal.ConvHTFV.G: feature_disabled (proven, from equation) \u2014 the parameter appears only as a multiplier, so at zero the term it scales drops out and the rest of the model is unaffected"", ""contract_behavior"": ""feature_disabled"", ""contract_confidence"": ""proven"", ""contract_source"": ""equation"", ""note"": ""the positivity rule does not apply: this component documents zero as a meaningful limit, so reporting a missing bound would contradict its contract""}",/data/mrumoca/eval/results/thermopower/findings.jsonl
thermopower,historical-static,ThermoPower.Thermal.ConvHTFV,5,UNMATCHED_VARIABLE,high,False,hold-needs-source-and-witness-review,"{""variable"": ""side2.T"", ""scalars"": 2, ""scalars_determined"": 0, ""region_variables"": 4, ""region_equations"": 4, ""touching_equations"": ""family 0"", ""confidence"": ""high"", ""result"": ""STRUCTURAL_MATCH_FAILURE"", ""note"": ""2 of 2 scalars have no equation row left to determine them. This is a structural result and says nothing about algebraic rank.""}",/data/mrumoca/eval/results/thermopower/findings.jsonl
thermopower,historical-static,ThermoPower.Thermal.ConvHTFV,6,UNMATCHED_EQUATION,high,False,hold-needs-source-and-witness-review,"{""equation"": ""for __array_i1 in 1:2 loop 0 = ((side1.Q + side2.Q) - zeros(2))"", ""scalar_rows"": 2, ""rows_matched"": 0, ""confidence"": ""high"", ""result"": ""STRUCTURAL_MATCH_FAILURE"", ""note"": ""this constraint has no unknown left to determine; the region is over-constrained (2 of 2 rows spare)""}",/data/mrumoca/eval/results/thermopower/findings.jsonl
thermopower,historical-static,ThermoPower.Thermal.HT_DHT,0,start-violates-min,high,False,hold-needs-source-and-witness-review,"{""variable"": ""DHT_port.N"", ""start"": 0, ""bound"": ""min"", ""limit"": 1}",/data/mrumoca/eval/results/thermopower/findings.jsonl
thermopower,historical-static,ThermoPower.Thermal.HT_DHT,1,network-port-unconnected,low,False,standalone-topology-not-defect-proof,"{""connector"": ""HT_port"", ""component"": ""<top level>"", ""component_class"": ""unknown"", ""flows_forced_to_zero"": ""HT_port.Q_flow"", ""note"": ""nothing is connected to this port, so MLS \u00a79.2 forces its flow to zero. That is correct for a component compiled on its own and is not a defect; it is recorded because it is the commonest reason a model looks structurally singular""}",/data/mrumoca/eval/results/thermopower/findings.jsonl
thermopower,historical-static,ThermoPower.Thermal.HT_DHT,2,network-port-unconnected,low,False,standalone-topology-not-defect-proof,"{""connector"": ""DHT_port"", ""component"": ""<top level>"", ""component_class"": ""unknown"", ""flows_forced_to_zero"": ""DHT_port.phi"", ""note"": ""nothing is connected to this port, so MLS \u00a79.2 forces its flow to zero. That is correct for a component compiled on its own and is not a defect; it is recorded because it is the commonest reason a model looks structurally singular""}",/data/mrumoca/eval/results/thermopower/findings.jsonl
thermopower,historical-static,ThermoPower.Thermal.HT_DHT,3,network-component-isolated,low,False,standalone-topology-not-defect-proof,"{""component"": ""<top level>"", ""component_class"": ""unknown"", ""ports"": ""HT_port, DHT_port"", ""note"": ""every port of this instance is unconnected, so it exchanges nothing with the rest of the model while still contributing its equations""}",/data/mrumoca/eval/results/thermopower/findings.jsonl
thermopower,historical-static,ThermoPower.Thermal.HT_DHT,4,physical-zero-is-a-supported-limit,low,False,advisory-or-explicit-non-defect,"{""domain"": ""fluid"", ""rule"": ""fluid.area.positive"", ""rule_origin"": ""a flow cross-section is a divisor in every velocity relation; zero area admits no flow and divides by zero"", ""rule_reference"": """", ""matched_by"": {""quantity"": ""Area"", ""unit"": ""m2"", ""confidence"": ""QUANTITY_AND_UNIT"", ""premise_state"": ""unknown"", ""authority"": ""quantity_or_unit"", ""canonical_declaration"": ""ThermoPower.Thermal.HT_DHT.exchangeSurface""}, ""required"": ""exchangeSurface > 0"", ""declared_min"": null, ""variable_role"": ""parameter"", ""premise_state"": ""refuted"", ""authority"": ""component_contract"", ""contract"": ""ThermoPower.Thermal.HT_DHT.exchangeSurface: feature_disabled (proven, from equation) \u2014 the parameter appears only as a multiplier, so at zero the term it scales drops out and the rest of the model is unaffected"", ""contract_behavior"": ""feature_disabled"", ""contract_confidence"": ""proven"", ""contract_source"": ""equation"", ""note"": ""the positivity rule does not apply: this component documents zero as a meaningful limit, so reporting a missing bound would contradict its contract""}",/data/mrumoca/eval/results/thermopower/findings.jsonl
thermopower,historical-static,ThermoPower.Thermal.HT_DHT,5,non-square-block,medium,False,hold-needs-source-and-witness-review,"{""block"": 1, ""equations"": 3, ""variables"": 2}",/data/mrumoca/eval/results/thermopower/findings.jsonl
thermopower,historical-static,ThermoPower.Thermal.HT_DHT,6,UNMATCHED_VARIABLE,high,False,hold-needs-source-and-witness-review,"{""variable"": ""DHT_port.T"", ""scalars"": 1, ""scalars_determined"": 0, ""region_variables"": 2, ""region_equations"": 1, ""touching_equations"": ""family 1"", ""confidence"": ""high"", ""result"": ""STRUCTURAL_MATCH_FAILURE"", ""note"": ""no equation in the connected structural region can be matched to this unknown. This is a structural result and says nothing about algebraic rank.""}",/data/mrumoca/eval/results/thermopower/findings.jsonl
thermopower,historical-static,ThermoPower.Thermal.HT_DHT,7,UNMATCHED_EQUATION,high,False,hold-needs-source-and-witness-review,"{""equation"": ""HT_port.Q_flow"", ""scalar_rows"": 1, ""rows_matched"": 0, ""confidence"": ""high"", ""result"": ""STRUCTURAL_MATCH_FAILURE"", ""note"": ""this constraint has no unknown left to determine; the region is over-constrained""}",/data/mrumoca/eval/results/thermopower/findings.jsonl
thermopower,historical-static,ThermoPower.Thermal.DHThtc_DHT,0,start-violates-min,high,False,hold-needs-source-and-witness-review,"{""variable"": ""DHT_port.N"", ""start"": 0, ""bound"": ""min"", ""limit"": 1}",/data/mrumoca/eval/results/thermopower/findings.jsonl
thermopower,historical-static,ThermoPower.Thermal.DHThtc_DHT,1,start-violates-min,high,False,hold-needs-source-and-witness-review,"{""variable"": ""DHThtc_port.N"", ""start"": 0, ""bound"": ""min"", ""limit"": 1}",/data/mrumoca/eval/results/thermopower/findings.jsonl
thermopower,historical-static,ThermoPower.Thermal.DHThtc_DHT,2,network-port-unconnected,low,False,standalone-topology-not-defect-proof,"{""connector"": ""DHT_port"", ""component"": ""<top level>"", ""component_class"": ""unknown"", ""flows_forced_to_zero"": ""DHT_port.phi"", ""note"": ""nothing is connected to this port, so MLS \u00a79.2 forces its flow to zero. That is correct for a component compiled on its own and is not a defect; it is recorded because it is the commonest reason a model looks structurally singular""}",/data/mrumoca/eval/results/thermopower/findings.jsonl
thermopower,historical-static,ThermoPower.Thermal.DHThtc_DHT,3,network-port-unconnected,low,False,standalone-topology-not-defect-proof,"{""connector"": ""DHThtc_port"", ""component"": ""<top level>"", ""component_class"": ""unknown"", ""flows_forced_to_zero"": ""DHThtc_port.phi"", ""note"": ""nothing is connected to this port, so MLS \u00a79.2 forces its flow to zero. That is correct for a component compiled on its own and is not a defect; it is recorded because it is the commonest reason a model looks structurally singular""}",/data/mrumoca/eval/results/thermopower/findings.jsonl
thermopower,historical-static,ThermoPower.Thermal.DHThtc_DHT,4,network-component-isolated,low,False,standalone-topology-not-defect-proof,"{""component"": ""<top level>"", ""component_class"": ""unknown"", ""ports"": ""DHT_port, DHThtc_port"", ""note"": ""every port of this instance is unconnected, so it exchanges nothing with the rest of the model while still contributing its equations""}",/data/mrumoca/eval/results/thermopower/findings.jsonl
thermopower,historical-static,ThermoPower.Thermal.DHThtc_DHT,5,non-square-block,medium,False,hold-needs-source-and-witness-review,"{""block"": 0, ""equations"": 3, ""variables"": 2}",/data/mrumoca/eval/results/thermopower/findings.jsonl
thermopower,historical-static,ThermoPower.Thermal.DHThtc_DHT,6,UNMATCHED_VARIABLE,high,False,hold-needs-source-and-witness-review,"{""variable"": ""DHThtc_port.T"", ""scalars"": 2, ""scalars_determined"": 0, ""region_variables"": 2, ""region_equations"": 1, ""touching_equations"": ""family 0"", ""confidence"": ""high"", ""result"": ""STRUCTURAL_MATCH_FAILURE"", ""note"": ""2 of 2 scalars have no equation row left to determine them. This is a structural result and says nothing about algebraic rank.""}",/data/mrumoca/eval/results/thermopower/findings.jsonl
thermopower,historical-static,ThermoPower.Thermal.DHThtc_DHT,7,UNMATCHED_EQUATION,high,False,hold-needs-source-and-witness-review,"{""equation"": ""for __array_i1 in 1:2 loop 0 = ((DHT_port.phi + DHThtc_port.phi) - zeros(2))"", ""scalar_rows"": 2, ""rows_matched"": 0, ""confidence"": ""high"", ""result"": ""STRUCTURAL_MATCH_FAILURE"", ""note"": ""this constraint has no unknown left to determine; the region is over-constrained (2 of 2 rows spare)""}",/data/mrumoca/eval/results/thermopower/findings.jsonl
thermopower,historical-static,ThermoPower.Thermal.CounterCurrentFEM,0,start-violates-min,high,False,hold-needs-source-and-witness-review,"{""variable"": ""side1.N"", ""start"": 0, ""bound"": ""min"", ""limit"": 1}",/data/mrumoca/eval/results/thermopower/findings.jsonl
thermopower,historical-static,ThermoPower.Thermal.CounterCurrentFEM,1,start-violates-min,high,False,hold-needs-source-and-witness-review,"{""variable"": ""side2.N"", ""start"": 0, ""bound"": ""min"", ""limit"": 1}",/data/mrumoca/eval/results/thermopower/findings.jsonl
thermopower,historical-static,ThermoPower.Thermal.CounterCurrentFEM,2,network-port-unconnected,low,False,standalone-topology-not-defect-proof,"{""connector"": ""side1"", ""component"": ""<top level>"", ""component_class"": ""unknown"", ""flows_forced_to_zero"": ""side1.phi"", ""note"": ""nothing is connected to this port, so MLS \u00a79.2 forces its flow to zero. That is correct for a component compiled on its own and is not a defect; it is recorded because it is the commonest reason a model looks structurally singular""}",/data/mrumoca/eval/results/thermopower/findings.jsonl
thermopower,historical-static,ThermoPower.Thermal.CounterCurrentFEM,3,network-port-unconnected,low,False,standalone-topology-not-defect-proof,"{""connector"": ""side2"", ""component"": ""<top level>"", ""component_class"": ""unknown"", ""flows_forced_to_zero"": ""side2.phi"", ""note"": ""nothing is connected to this port, so MLS \u00a79.2 forces its flow to zero. That is correct for a component compiled on its own and is not a defect; it is recorded because it is the commonest reason a model looks structurally singular""}",/data/mrumoca/eval/results/thermopower/findings.jsonl
thermopower,historical-static,ThermoPower.Thermal.CounterCurrentFEM,4,network-component-isolated,low,False,standalone-topology-not-defect-proof,"{""component"": ""<top level>"", ""component_class"": ""unknown"", ""ports"": ""side1, side2"", ""note"": ""every port of this instance is unconnected, so it exchanges nothing with the rest of the model while still contributing its equations""}",/data/mrumoca/eval/results/thermopower/findings.jsonl
thermopower,historical-static,ThermoPower.Thermal.CounterCurrentFEM,5,non-square-block,medium,False,hold-needs-source-and-witness-review,"{""block"": 0, ""equations"": 3, ""variables"": 2}",/data/mrumoca/eval/results/thermopower/findings.jsonl
thermopower,historical-static,ThermoPower.Thermal.CounterCurrentFEM,6,UNMATCHED_VARIABLE,high,False,hold-needs-source-and-witness-review,"{""variable"": ""side2.T"", ""scalars"": 2, ""scalars_determined"": 0, ""region_variables"": 2, ""region_equations"": 1, ""touching_equations"": ""family 1"", ""confidence"": ""high"", ""result"": ""STRUCTURAL_MATCH_FAILURE"", ""note"": ""2 of 2 scalars have no equation row left to determine them. This is a structural result and says nothing about algebraic rank.""}",/data/mrumoca/eval/results/thermopower/findings.jsonl
thermopower,historical-static,ThermoPower.Thermal.CounterCurrentFEM,7,UNMATCHED_EQUATION,high,False,hold-needs-source-and-witness-review,"{""equation"": ""for __array_i1 in 1:2 loop 0 = (side1.phi - -side2.phi[2:-1:1])"", ""scalar_rows"": 2, ""rows_matched"": 0, ""confidence"": ""high"", ""result"": ""STRUCTURAL_MATCH_FAILURE"", ""note"": ""this constraint has no unknown left to determine; the region is over-constrained (2 of 2 rows spare)""}",/data/mrumoca/eval/results/thermopower/findings.jsonl
thermopower,historical-static,ThermoPower.Thermal.HThtc_DHThtc,0,divisor-reachable-zero,high,False,hold-needs-source-and-witness-review,"{""denominator"": ""N"", ""witness"": ""N = 0"", ""witness_rationale"": ""set to zero"", ""denominator_at_witness"": 0.0, ""denominator_at_declared_values"": 1.0, ""denominator_range"": ""[-inf, inf]"", ""path_condition"": ""always evaluated"", ""verdict"": ""SAT"", ""proof"": ""the division is not inside any branch"", ""constraints"": ""N: unbounded"", ""note"": ""a permitted assignment drives the complete denominator to zero and the division is still evaluated there""}",/data/mrumoca/eval/results/thermopower/findings.jsonl
thermopower,historical-static,ThermoPower.Thermal.HThtc_DHThtc,1,divisor-reachable-zero,high,False,hold-needs-source-and-witness-review,"{""denominator"": ""exchangeSurface"", ""witness"": ""exchangeSurface = 0"", ""witness_rationale"": ""set to zero"", ""denominator_at_witness"": 0.0, ""denominator_at_declared_values"": null, ""denominator_range"": ""[-inf, inf]"", ""path_condition"": ""always evaluated"", ""verdict"": ""SAT"", ""proof"": ""the division is not inside any branch"", ""constraints"": ""exchangeSurface: unbounded"", ""note"": ""a permitted assignment drives the complete denominator to zero and the division is still evaluated there""}",/data/mrumoca/eval/results/thermopower/findings.jsonl
thermopower,historical-static,ThermoPower.Thermal.HThtc_DHThtc,2,start-violates-min,high,False,hold-needs-source-and-witness-review,"{""variable"": ""DHT_port.N"", ""start"": 0, ""bound"": ""min"", ""limit"": 1}",/data/mrumoca/eval/results/thermopower/findings.jsonl
thermopower,historical-static,ThermoPower.Thermal.HThtc_DHThtc,3,network-port-unconnected,low,False,standalone-topology-not-defect-proof,"{""connector"": ""HT_port"", ""component"": ""<top level>"", ""component_class"": ""unknown"", ""flows_forced_to_zero"": ""HT_port.Q_flow"", ""note"": ""nothing is connected to this port, so MLS \u00a79.2 forces its flow to zero. That is correct for a component compiled on its own and is not a defect; it is recorded because it is the commonest reason a model looks structurally singular""}",/data/mrumoca/eval/results/thermopower/findings.jsonl
thermopower,historical-static,ThermoPower.Thermal.HThtc_DHThtc,4,network-port-unconnected,low,False,standalone-topology-not-defect-proof,"{""connector"": ""DHT_port"", ""component"": ""<top level>"", ""component_class"": ""unknown"", ""flows_forced_to_zero"": ""DHT_port.phi"", ""note"": ""nothing is connected to this port, so MLS \u00a79.2 forces its flow to zero. That is correct for a component compiled on its own and is not a defect; it is recorded because it is the commonest reason a model looks structurally singular""}",/data/mrumoca/eval/results/thermopower/findings.jsonl
thermopower,historical-static,ThermoPower.Thermal.HThtc_DHThtc,5,network-component-isolated,low,False,standalone-topology-not-defect-proof,"{""component"": ""<top level>"", ""component_class"": ""unknown"", ""ports"": ""HT_port, DHT_port"", ""note"": ""every port of this instance is unconnected, so it exchanges nothing with the rest of the model while still contributing its equations""}",/data/mrumoca/eval/results/thermopower/findings.jsonl
thermopower,historical-static,ThermoPower.Thermal.HThtc_DHThtc,6,physical-domain-unenforced,medium,False,hold-needs-source-and-witness-review,"{""domain"": ""fluid"", ""rule"": ""fluid.area.positive"", ""rule_origin"": ""a flow cross-section is a divisor in every velocity relation; zero area admits no flow and divides by zero"", ""rule_reference"": """", ""matched_by"": {""quantity"": ""Area"", ""unit"": ""m2"", ""confidence"": ""QUANTITY_AND_UNIT"", ""premise_state"": ""unknown"", ""authority"": ""quantity_or_unit"", ""canonical_declaration"": ""ThermoPower.Thermal.HThtc_DHThtc.exchangeSurface""}, ""required"": ""exchangeSurface > 0"", ""declared_min"": null, ""variable_role"": ""parameter"", ""premise_state"": ""established"", ""authority"": ""source_arithmetic"", ""canonical_declaration"": ""ThermoPower.Thermal.HThtc_DHThtc.exchangeSurface"", ""contract_source"": ""equation"", ""premise_reason"": ""a source equation divides by this parameter, so the value is excluded by arithmetic rather than by intent"", ""note"": ""nothing bounds this declaration, so it permits values the component's own contract forbids""}",/data/mrumoca/eval/results/thermopower/findings.jsonl
thermopower,historical-static,ThermoPower.Thermal.HThtc_DHThtc,7,non-square-block,medium,False,hold-needs-source-and-witness-review,"{""block"": 2, ""equations"": 3, ""variables"": 2}",/data/mrumoca/eval/results/thermopower/findings.jsonl
thermopower,historical-static,ThermoPower.Thermal.HThtc_DHThtc,8,UNMATCHED_VARIABLE,high,False,hold-needs-source-and-witness-review,"{""variable"": ""DHT_port.T"", ""scalars"": 1, ""scalars_determined"": 0, ""region_variables"": 2, ""region_equations"": 1, ""touching_equations"": ""family 1"", ""confidence"": ""high"", ""result"": ""STRUCTURAL_MATCH_FAILURE"", ""note"": ""no equation in the connected structural region can be matched to this unknown. This is a structural result and says nothing about algebraic rank.""}",/data/mrumoca/eval/results/thermopower/findings.jsonl
thermopower,historical-static,ThermoPower.Thermal.HThtc_DHThtc,9,UNMATCHED_EQUATION,high,False,hold-needs-source-and-witness-review,"{""equation"": ""HT_port.Q_flow"", ""scalar_rows"": 1, ""rows_matched"": 0, ""confidence"": ""high"", ""result"": ""STRUCTURAL_MATCH_FAILURE"", ""note"": ""this constraint has no unknown left to determine; the region is over-constrained""}",/data/mrumoca/eval/results/thermopower/findings.jsonl
thermopower,historical-static,ThermoPower.Test.ElectricalComponents.TestElectrical5,0,divisor-reachable-zero,high,False,hold-needs-source-and-witness-review,"{""denominator"": ""gen_a.eta"", ""witness"": ""gen_a.eta = 0"", ""witness_rationale"": ""set to zero"", ""denominator_at_witness"": 0.0, ""denominator_at_declared_values"": 1.0, ""denominator_range"": ""[-inf, inf]"", ""path_condition"": ""always evaluated"", ""verdict"": ""SAT"", ""proof"": ""the division is not inside any branch"", ""constraints"": ""gen_a.eta: unbounded"", ""note"": ""a permitted assignment drives the complete denominator to zero and the division is still evaluated there""}",/data/mrumoca/eval/results/thermopower/findings.jsonl
thermopower,historical-static,ThermoPower.Test.ElectricalComponents.TestElectrical5,1,divisor-reachable-zero,high,False,hold-needs-source-and-witness-review,"{""denominator"": ""gen_b.eta"", ""witness"": ""gen_b.eta = 0"", ""witness_rationale"": ""set to zero"", ""denominator_at_witness"": 0.0, ""denominator_at_declared_values"": 1.0, ""denominator_range"": ""[-inf, inf]"", ""path_condition"": ""always evaluated"", ""verdict"": ""SAT"", ""proof"": ""the division is not inside any branch"", ""constraints"": ""gen_b.eta: unbounded"", ""note"": ""a permitted assignment drives the complete denominator to zero and the division is still evaluated there""}",/data/mrumoca/eval/results/thermopower/findings.jsonl
thermopower,historical-static,ThermoPower.Test.ElectricalComponents.TestElectrical5,2,divisor-reachable-zero,high,False,hold-needs-source-and-witness-review,"{""denominator"": ""transmissionLine.Xpu"", ""witness"": ""transmissionLine.Xpu = 0"", ""witness_rationale"": ""set to zero"", ""denominator_at_witness"": 0.0, ""denominator_at_declared_values"": 0.3, ""denominator_range"": ""[-inf, inf]"", ""path_condition"": ""always evaluated"", ""verdict"": ""SAT"", ""proof"": ""the division is not inside any branch"", ""constraints"": ""transmissionLine.Xpu: unbounded"", ""note"": ""a permitted assignment drives the complete denominator to zero and the division is still evaluated there""}",/data/mrumoca/eval/results/thermopower/findings.jsonl
thermopower,historical-static,ThermoPower.Test.ElectricalComponents.TestElectrical5,3,divisor-reachable-zero,high,False,hold-needs-source-and-witness-review,"{""denominator"": ""load.fnom"", ""witness"": ""load.fnom = 0"", ""witness_rationale"": ""set to zero"", ""denominator_at_witness"": 0.0, ""denominator_at_declared_values"": 50.0, ""denominator_range"": ""[-inf, inf]"", ""path_condition"": ""always evaluated"", ""verdict"": ""SAT"", ""proof"": ""the division is not inside any branch"", ""constraints"": ""load.fnom: unbounded"", ""note"": ""a permitted assignment drives the complete denominator to zero and the division is still evaluated there""}",/data/mrumoca/eval/results/thermopower/findings.jsonl
thermopower,historical-static,ThermoPower.Test.ElectricalComponents.TestElectrical5,4,divisor-reachable-zero,high,False,hold-needs-source-and-witness-review,"{""denominator"": ""Np"", ""witness"": ""Np = 0"", ""witness_rationale"": ""set to zero"", ""denominator_at_witness"": 0.0, ""denominator_at_declared_values"": 2.0, ""denominator_range"": ""[-inf, inf]"", ""path_condition"": ""always evaluated"", ""verdict"": ""SAT"", ""proof"": ""the division is not inside any branch"", ""constraints"": ""Np: unbounded"", ""note"": ""a permitted assignment drives the complete denominator to zero and the division is still evaluated there""}",/data/mrumoca/eval/results/thermopower/findings.jsonl
thermopower,historical-static,ThermoPower.Test.ElectricalComponents.TestElectrical5,5,divisor-reachable-zero,high,False,hold-needs-source-and-witness-review,"{""denominator"": ""Np"", ""witness"": ""Np = 0"", ""witness_rationale"": ""set to zero"", ""denominator_at_witness"": 0.0, ""denominator_at_declared_values"": 2.0, ""denominator_range"": ""[-inf, inf]"", ""path_condition"": ""always evaluated"", ""verdict"": ""SAT"", ""proof"": ""the division is not inside any branch"", ""constraints"": ""Np: unbounded"", ""note"": ""a permitted assignment drives the complete denominator to zero and the division is still evaluated there""}",/data/mrumoca/eval/results/thermopower/findings.jsonl
thermopower,historical-static,ThermoPower.Test.ElectricalComponents.TestElectrical5,6,divisor-reachable-zero,high,False,hold-needs-source-and-witness-review,"{""denominator"": ""gen_a.Np"", ""witness"": ""gen_a.Np = 0"", ""witness_rationale"": ""set to zero"", ""denominator_at_witness"": 0.0, ""denominator_at_declared_values"": 2.0, ""denominator_range"": ""[-inf, inf]"", ""path_condition"": ""always evaluated"", ""verdict"": ""SAT"", ""proof"": ""the division is not inside any branch"", ""constraints"": ""gen_a.Np: unbounded"", ""note"": ""a permitted assignment drives the complete denominator to zero and the division is still evaluated there""}",/data/mrumoca/eval/results/thermopower/findings.jsonl
thermopower,historical-static,ThermoPower.Test.ElectricalComponents.TestElectrical5,7,divisor-reachable-zero,high,False,hold-needs-source-and-witness-review,"{""denominator"": ""gen_a.Np"", ""witness"": ""gen_a.Np = 0"", ""witness_rationale"": ""set to zero"", ""denominator_at_witness"": 0.0, ""denominator_at_declared_values"": 2.0, ""denominator_range"": ""[-inf, inf]"", ""path_condition"": ""always evaluated"", ""verdict"": ""SAT"", ""proof"": ""the division is not inside any branch"", ""constraints"": ""gen_a.Np: unbounded"", ""note"": ""a permitted assignment drives the complete denominator to zero and the division is still evaluated there""}",/data/mrumoca/eval/results/thermopower/findings.jsonl
thermopower,historical-static,ThermoPower.Test.ElectricalComponents.TestElectrical5,8,divisor-reachable-zero,high,False,hold-needs-source-and-witness-review,"{""denominator"": ""(gen_a.omega_m_nom ^ 2)"", ""witness"": ""gen_a.omega_m_nom = 0"", ""witness_rationale"": ""set to zero"", ""denominator_at_witness"": 0.0, ""denominator_at_declared_values"": 24674.011002723397, ""denominator_range"": ""[0, inf]"", ""path_condition"": ""always evaluated"", ""verdict"": ""SAT"", ""proof"": ""the division is not inside any branch"", ""constraints"": ""gen_a.omega_m_nom: unbounded"", ""note"": ""a permitted assignment drives the complete denominator to zero and the division is still evaluated there""}",/data/mrumoca/eval/results/thermopower/findings.jsonl
thermopower,historical-static,ThermoPower.Test.ElectricalComponents.TestElectrical5,9,divisor-reachable-zero,high,False,hold-needs-source-and-witness-review,"{""denominator"": ""(gen_a.omega_m_nom ^ 2)"", ""witness"": ""gen_a.omega_m_nom = 0"", ""witness_rationale"": ""set to zero"", ""denominator_at_witness"": 0.0, ""denominator_at_declared_values"": 24674.011002723397, ""denominator_range"": ""[0, inf]"", ""path_condition"": ""always evaluated"", ""verdict"": ""SAT"", ""proof"": ""the division is not inside any branch"", ""constraints"": ""gen_a.omega_m_nom: unbounded"", ""note"": ""a permitted assignment drives the complete denominator to zero and the division is still evaluated there""}",/data/mrumoca/eval/results/thermopower/findings.jsonl
thermopower,historical-static,ThermoPower.Test.ElectricalComponents.TestElectrical5,10,divisor-reachable-zero,high,False,hold-needs-source-and-witness-review,"{""denominator"": ""gen_a.omega_m_nom"", ""witness"": ""gen_a.omega_m_nom = 0"", ""witness_rationale"": ""set to zero"", ""denominator_at_witness"": 0.0, ""denominator_at_declared_values"": 157.07963267948966, ""denominator_range"": ""[-inf, inf]"", ""path_condition"": ""always evaluated"", ""verdict"": ""SAT"", ""proof"": ""the division is not inside any branch"", ""constraints"": ""gen_a.omega_m_nom: unbounded"", ""note"": ""a permitted assignment drives the complete denominator to zero and the division is still evaluated there""}",/data/mrumoca/eval/results/thermopower/findings.jsonl
thermopower,historical-static,ThermoPower.Test.ElectricalComponents.TestElectrical5,11,divisor-reachable-zero,high,False,hold-needs-source-and-witness-review,"{""denominator"": ""gen_a.omega_m_nom"", ""witness"": ""gen_a.omega_m_nom = 0"", ""witness_rationale"": ""set to zero"", ""denominator_at_witness"": 0.0, ""denominator_at_declared_values"": 157.07963267948966, ""denominator_range"": ""[-inf, inf]"", ""path_condition"": ""always evaluated"", ""verdict"": ""SAT"", ""proof"": ""the division is not inside any branch"", ""constraints"": ""gen_a.omega_m_nom: unbounded"", ""note"": ""a permitted assignment drives the complete denominator to zero and the division is still evaluated there""}",/data/mrumoca/eval/results/thermopower/findings.jsonl
thermopower,historical-static,ThermoPower.Test.ElectricalComponents.TestElectrical5,12,divisor-reachable-zero,high,False,hold-needs-source-and-witness-review,"{""denominator"": ""gen_a.Np"", ""witness"": ""gen_a.Np = 0"", ""witness_rationale"": ""set to zero"", ""denominator_at_witness"": 0.0, ""denominator_at_declared_values"": 2.0, ""denominator_range"": ""[-inf, inf]"", ""path_condition"": ""always evaluated"", ""verdict"": ""SAT"", ""proof"": ""the division is not inside any branch"", ""constraints"": ""gen_a.Np: unbounded"", ""note"": ""a permitted assignment drives the complete denominator to zero and the division is still evaluated there""}",/data/mrumoca/eval/results/thermopower/findings.jsonl
thermopower,historical-static,ThermoPower.Test.ElectricalComponents.TestElectrical5,13,divisor-reachable-zero,high,False,hold-needs-source-and-witness-review,"{""denominator"": ""gen_b.Np"", ""witness"": ""gen_b.Np = 0"", ""witness_rationale"": ""set to zero"", ""denominator_at_witness"": 0.0, ""denominator_at_declared_values"": 2.0, ""denominator_range"": ""[-inf, inf]"", ""path_condition"": ""always evaluated"", ""verdict"": ""SAT"", ""proof"": ""the division is not inside any branch"", ""constraints"": ""gen_b.Np: unbounded"", ""note"": ""a permitted assignment drives the complete denominator to zero and the division is still evaluated there""}",/data/mrumoca/eval/results/thermopower/findings.jsonl
thermopower,historical-static,ThermoPower.Test.ElectricalComponents.TestElectrical5,14,divisor-reachable-zero,high,False,hold-needs-source-and-witness-review,"{""denominator"": ""gen_b.Np"", ""witness"": ""gen_b.Np = 0"", ""witness_rationale"": ""set to zero"", ""denominator_at_witness"": 0.0, ""denominator_at_declared_values"": 2.0, ""denominator_range"": ""[-inf, inf]"", ""path_condition"": ""always evaluated"", ""verdict"": ""SAT"", ""proof"": ""the division is not inside any branch"", ""constraints"": ""gen_b.Np: unbounded"", ""note"": ""a permitted assignment drives the complete denominator to zero and the division is still evaluated there""}",/data/mrumoca/eval/results/thermopower/findings.jsonl
thermopower,historical-static,ThermoPower.Test.ElectricalComponents.TestElectrical5,15,divisor-reachable-zero,high,False,hold-needs-source-and-witness-review,"{""denominator"": ""(gen_b.omega_m_nom ^ 2)"", ""witness"": ""gen_b.omega_m_nom = 0"", ""witness_rationale"": ""set to zero"", ""denominator_at_witness"": 0.0, ""denominator_at_declared_values"": 24674.011002723397, ""denominator_range"": ""[0, inf]"", ""path_condition"": ""always evaluated"", ""verdict"": ""SAT"", ""proof"": ""the division is not inside any branch"", ""constraints"": ""gen_b.omega_m_nom: unbounded"", ""note"": ""a permitted assignment drives the complete denominator to zero and the division is still evaluated there""}",/data/mrumoca/eval/results/thermopower/findings.jsonl
thermopower,historical-static,ThermoPower.Test.ElectricalComponents.TestElectrical5,16,divisor-reachable-zero,high,False,hold-needs-source-and-witness-review,"{""denominator"": ""(gen_b.omega_m_nom ^ 2)"", ""witness"": ""gen_b.omega_m_nom = 0"", ""witness_rationale"": ""set to zero"", ""denominator_at_witness"": 0.0, ""denominator_at_declared_values"": 24674.011002723397, ""denominator_range"": ""[0, inf]"", ""path_condition"": ""always evaluated"", ""verdict"": ""SAT"", ""proof"": ""the division is not inside any branch"", ""constraints"": ""gen_b.omega_m_nom: unbounded"", ""note"": ""a permitted assignment drives the complete denominator to zero and the division is still evaluated there""}",/data/mrumoca/eval/results/thermopower/findings.jsonl
thermopower,historical-static,ThermoPower.Test.ElectricalComponents.TestElectrical5,17,divisor-reachable-zero,high,False,hold-needs-source-and-witness-review,"{""denominator"": ""gen_b.omega_m_nom"", ""witness"": ""gen_b.omega_m_nom = 0"", ""witness_rationale"": ""set to zero"", ""denominator_at_witness"": 0.0, ""denominator_at_declared_values"": 157.07963267948966, ""denominator_range"": ""[-inf, inf]"", ""path_condition"": ""always evaluated"", ""verdict"": ""SAT"", ""proof"": ""the division is not inside any branch"", ""constraints"": ""gen_b.omega_m_nom: unbounded"", ""note"": ""a permitted assignment drives the complete denominator to zero and the division is still evaluated there""}",/data/mrumoca/eval/results/thermopower/findings.jsonl
thermopower,historical-static,ThermoPower.Test.ElectricalComponents.TestElectrical5,18,divisor-reachable-zero,high,False,hold-needs-source-and-witness-review,"{""denominator"": ""gen_b.omega_m_nom"", ""witness"": ""gen_b.omega_m_nom = 0"", ""witness_rationale"": ""set to zero"", ""denominator_at_witness"": 0.0, ""denominator_at_declared_values"": 157.07963267948966, ""denominator_range"": ""[-inf, inf]"", ""path_condition"": ""always evaluated"", ""verdict"": ""SAT"", ""proof"": ""the division is not inside any branch"", ""constraints"": ""gen_b.omega_m_nom: unbounded"", ""note"": ""a permitted assignment drives the complete denominator to zero and the division is still evaluated there""}",/data/mrumoca/eval/results/thermopower/findings.jsonl
thermopower,historical-static,ThermoPower.Test.ElectricalComponents.TestElectrical5,19,divisor-reachable-zero,high,False,hold-needs-source-and-witness-review,"{""denominator"": ""gen_b.Np"", ""witness"": ""gen_b.Np = 0"", ""witness_rationale"": ""set to zero"", ""denominator_at_witness"": 0.0, ""denominator_at_declared_values"": 2.0, ""denominator_range"": ""[-inf, inf]"", ""path_condition"": ""always evaluated"", ""verdict"": ""SAT"", ""proof"": ""the division is not inside any branch"", ""constraints"": ""gen_b.Np: unbounded"", ""note"": ""a permitted assignment drives the complete denominator to zero and the division is still evaluated there""}",/data/mrumoca/eval/results/thermopower/findings.jsonl
thermopower,historical-static,ThermoPower.Test.ElectricalComponents.TestElectrical5,20,divisor-reachable-zero,high,False,hold-needs-source-and-witness-review,"{""denominator"": ""omega"", ""witness"": ""omega = 0"", ""witness_rationale"": ""set to zero"", ""denominator_at_witness"": 0.0, ""denominator_at_declared_values"": 157.07963267948966, ""denominator_range"": ""[-inf, inf]"", ""path_condition"": ""always evaluated"", ""verdict"": ""SAT"", ""proof"": ""the division is not inside any branch"", ""constraints"": ""omega: unbounded"", ""note"": ""a permitted assignment drives the complete denominator to zero and the division is still evaluated there""}",/data/mrumoca/eval/results/thermopower/findings.jsonl
thermopower,historical-static,ThermoPower.Test.ElectricalComponents.TestElectrical5,21,divisor-reachable-zero,high,False,hold-needs-source-and-witness-review,"{""denominator"": ""omega"", ""witness"": ""omega = 0"", ""witness_rationale"": ""set to zero"", ""denominator_at_witness"": 0.0, ""denominator_at_declared_values"": 157.07963267948966, ""denominator_range"": ""[-inf, inf]"", ""path_condition"": ""always evaluated"", ""verdict"": ""SAT"", ""proof"": ""the division is not inside any branch"", ""constraints"": ""omega: unbounded"", ""note"": ""a permitted assignment drives the complete denominator to zero and the division is still evaluated there""}",/data/mrumoca/eval/results/thermopower/findings.jsonl
thermopower,historical-static,ThermoPower.Test.ElectricalComponents.TestElectrical5,22,init-precondition-at-risk,low,False,hold-needs-source-and-witness-review,"{""expression"": ""((gen_a.Pnom * gen_a.Ta) / (gen_a.omega_m_nom ^ 2))"", ""requirement"": ""divisor must not be zero"", ""initial_range"": ""[0, +inf]"", ""result"": ""UNKNOWN"", ""note"": ""the initial range of this operand contains a value the operation does not accept; whether it takes one is not decidable statically""}",/data/mrumoca/eval/results/thermopower/findings.jsonl
thermopower,historical-static,ThermoPower.Test.ElectricalComponents.TestElectrical5,23,init-precondition-at-risk,low,False,hold-needs-source-and-witness-review,"{""expression"": ""((gen_a.Pnom * gen_a.Ta) / (gen_a.omega_m_nom ^ 2))"", ""requirement"": ""divisor must not be zero"", ""initial_range"": ""[0, +inf]"", ""result"": ""UNKNOWN"", ""note"": ""the initial range of this operand contains a value the operation does not accept; whether it takes one is not decidable statically""}",/data/mrumoca/eval/results/thermopower/findings.jsonl
thermopower,historical-static,ThermoPower.Test.ElectricalComponents.TestElectrical5,24,init-precondition-at-risk,low,False,hold-needs-source-and-witness-review,"{""expression"": ""((gen_b.Pnom * gen_b.Ta) / (gen_b.omega_m_nom ^ 2))"", ""requirement"": ""divisor must not be zero"", ""initial_range"": ""[0, +inf]"", ""result"": ""UNKNOWN"", ""note"": ""the initial range of this operand contains a value the operation does not accept; whether it takes one is not decidable statically""}",/data/mrumoca/eval/results/thermopower/findings.jsonl
thermopower,historical-static,ThermoPower.Test.ElectricalComponents.TestElectrical5,25,init-precondition-at-risk,low,False,hold-needs-source-and-witness-review,"{""expression"": ""((gen_b.Pnom * gen_b.Ta) / (gen_b.omega_m_nom ^ 2))"", ""requirement"": ""divisor must not be zero"", ""initial_range"": ""[0, +inf]"", ""result"": ""UNKNOWN"", ""note"": ""the initial range of this operand contains a value the operation does not accept; whether it takes one is not decidable statically""}",/data/mrumoca/eval/results/thermopower/findings.jsonl
thermopower,historical-static,ThermoPower.Test.ElectricalComponents.TestElectrical5,26,initialization-count-mismatch,info,False,hold-needs-source-and-witness-review,"{""states"": 9, ""initial_equations"": 6, ""fixed_starts"": 0, ""note"": ""approximate; the compiler's balance check is authoritative""}",/data/mrumoca/eval/results/thermopower/findings.jsonl
thermopower,historical-static,ThermoPower.Test.ElectricalComponents.TestElectrical5,27,network-boundary-port,low,False,standalone-topology-not-defect-proof,"{""node"": ""Load -- load"", ""boundary_connectors"": ""Load, load"", ""wired_to"": ""nothing"", ""note"": ""this connector belongs to the model itself, not to a component inside it: the model is an interface compiled on its own, so the node is open on one side. Nothing forces its flow, which is why a structural matching reports an unmatched unknown here. Not a defect in the model""}",/data/mrumoca/eval/results/thermopower/findings.jsonl
thermopower,historical-static,ThermoPower.Test.ElectricalComponents.TestElectrical5,28,network-boundary-port,low,False,standalone-topology-not-defect-proof,"{""node"": ""NomTorque_a -- torque_a"", ""boundary_connectors"": ""NomTorque_a, torque_a"", ""wired_to"": ""nothing"", ""note"": ""this connector belongs to the model itself, not to a component inside it: the model is an interface compiled on its own, so the node is open on one side. Nothing forces its flow, which is why a structural matching reports an unmatched unknown here. Not a defect in the model""}",/data/mrumoca/eval/results/thermopower/findings.jsonl
thermopower,historical-static,ThermoPower.Test.ElectricalComponents.TestElectrical5,29,network-boundary-port,low,False,standalone-topology-not-defect-proof,"{""node"": ""NomTorque_b -- torque_b"", ""boundary_connectors"": ""NomTorque_b, torque_b"", ""wired_to"": ""nothing"", ""note"": ""this connector belongs to the model itself, not to a component inside it: the model is an interface compiled on its own, so the node is open on one side. Nothing forces its flow, which is why a structural matching reports an unmatched unknown here. Not a defect in the model""}",/data/mrumoca/eval/results/thermopower/findings.jsonl
thermopower,historical-static,ThermoPower.Test.ElectricalComponents.TestElectrical5,30,physical-zero-is-a-supported-limit,low,False,advisory-or-explicit-non-defect,"{""domain"": ""mechanical"", ""rule"": ""mech.inertia.positive"", ""rule_origin"": ""the rotational analogue of mass; J = 0 leaves angular acceleration undetermined"", ""rule_reference"": ""MSL Mechanics.Rotational.Components.Inertia"", ""matched_by"": {""quantity"": ""MomentOfInertia"", ""unit"": ""kg.m2"", ""confidence"": ""QUANTITY_AND_UNIT"", ""premise_state"": ""unknown"", ""authority"": ""quantity_or_unit"", ""canonical_declaration"": ""ThermoPower.Electrical.Generator.J""}, ""required"": ""gen_a.J > 0"", ""declared_min"": null, ""variable_role"": ""parameter"", ""premise_state"": ""refuted"", ""authority"": ""component_contract"", ""contract"": ""ThermoPower.Electrical.Generator.J: algebraic_limit (proven, from equation) \u2014 the parameter multiplies a derivative, so at zero the differential relation becomes an algebraic constraint rather than an undefined quotient"", ""contract_behavior"": ""algebraic_limit"", ""contract_confidence"": ""proven"", ""contract_source"": ""equation"", ""note"": ""the positivity rule does not apply: this component documents zero as a meaningful limit, so reporting a missing bound would contradict its contract""}",/data/mrumoca/eval/results/thermopower/findings.jsonl
thermopower,historical-static,ThermoPower.Test.ElectricalComponents.TestElectrical5,31,physical-zero-is-a-supported-limit,low,False,advisory-or-explicit-non-defect,"{""domain"": ""mechanical"", ""rule"": ""mech.inertia.positive"", ""rule_origin"": ""the rotational analogue of mass; J = 0 leaves angular acceleration undetermined"", ""rule_reference"": ""MSL Mechanics.Rotational.Components.Inertia"", ""matched_by"": {""quantity"": ""MomentOfInertia"", ""unit"": ""kg.m2"", ""confidence"": ""QUANTITY_AND_UNIT"", ""premise_state"": ""unknown"", ""authority"": ""quantity_or_unit"", ""canonical_declaration"": ""ThermoPower.Electrical.Generator.J""}, ""required"": ""gen_b.J > 0"", ""declared_min"": null, ""variable_role"": ""parameter"", ""premise_state"": ""refuted"", ""authority"": ""component_contract"", ""contract"": ""ThermoPower.Electrical.Generator.J: algebraic_limit (proven, from equation) \u2014 the parameter multiplies a derivative, so at zero the differential relation becomes an algebraic constraint rather than an undefined quotient"", ""contract_behavior"": ""algebraic_limit"", ""contract_confidence"": ""proven"", ""contract_source"": ""equation"", ""note"": ""the positivity rule does not apply: this component documents zero as a meaningful limit, so reporting a missing bound would contradict its contract""}",/data/mrumoca/eval/results/thermopower/findings.jsonl
thermopower,historical-static,ThermoPower.Test.ElectricalComponents.TestElectrical5,32,quantity-missing,low,False,advisory-or-explicit-non-defect,"{""unit"": ""N.m"", ""count"": 2, ""declarations"": ""torque_a.tau, torque_b.tau"", ""note"": ""a unit is declared without a quantity, so nothing states what is being measured and no rule keyed on quantity can apply to it""}",/data/mrumoca/eval/results/thermopower/findings.jsonl
thermopower,historical-static,ThermoPower.Test.ElectricalComponents.TestElectrical5,33,vanishing-coefficient,medium,False,hold-needs-source-and-witness-review,"{""parameter"": ""gen_a.tau_d"", ""declared_min"": null, ""shape"": ""parameter multiplies a derivative; zero removes the equation's only determination of that state""}",/data/mrumoca/eval/results/thermopower/findings.jsonl
thermopower,historical-static,ThermoPower.Test.ElectricalComponents.TestElectrical5,34,vanishing-coefficient,medium,False,hold-needs-source-and-witness-review,"{""parameter"": ""gen_a.J"", ""declared_min"": null, ""shape"": ""parameter multiplies a derivative; zero removes the equation's only determination of that state""}",/data/mrumoca/eval/results/thermopower/findings.jsonl
thermopower,historical-static,ThermoPower.Test.ElectricalComponents.TestElectrical5,35,vanishing-coefficient,medium,False,hold-needs-source-and-witness-review,"{""parameter"": ""gen_a.Tf"", ""declared_min"": null, ""shape"": ""parameter multiplies a derivative; zero removes the equation's only determination of that state""}",/data/mrumoca/eval/results/thermopower/findings.jsonl
thermopower,historical-static,ThermoPower.Test.ElectricalComponents.TestElectrical5,36,vanishing-coefficient,medium,False,hold-needs-source-and-witness-review,"{""parameter"": ""gen_b.tau_d"", ""declared_min"": null, ""shape"": ""parameter multiplies a derivative; zero removes the equation's only determination of that state""}",/data/mrumoca/eval/results/thermopower/findings.jsonl
thermopower,historical-static,ThermoPower.Test.ElectricalComponents.TestElectrical5,37,vanishing-coefficient,medium,False,hold-needs-source-and-witness-review,"{""parameter"": ""gen_b.J"", ""declared_min"": null, ""shape"": ""parameter multiplies a derivative; zero removes the equation's only determination of that state""}",/data/mrumoca/eval/results/thermopower/findings.jsonl
thermopower,historical-static,ThermoPower.Test.ElectricalComponents.TestElectrical5,38,vanishing-coefficient,medium,False,hold-needs-source-and-witness-review,"{""parameter"": ""gen_b.Tf"", ""declared_min"": null, ""shape"": ""parameter multiplies a derivative; zero removes the equation's only determination of that state""}",/data/mrumoca/eval/results/thermopower/findings.jsonl
thermopower,historical-static,ThermoPower.Test.ElectricalComponents.TestElectrical5,39,STRUCTURE_DEGENERATES_AT_ZERO,low,False,hold-needs-source-and-witness-review,"{""parameter"": ""gen_a.J"", ""contract"": ""ThermoPower.Electrical.Generator.J: algebraic_limit (proven, from equation) \u2014 the parameter multiplies a derivative, so at zero the differential relation becomes an algebraic constraint rather than an undefined quotient"", ""contract_behavior"": ""algebraic_limit"", ""contract_confidence"": ""proven"", ""confidence"": ""low"", ""result"": ""TOPOLOGY_SPECIFIC"", ""incidences_lost"": 0, ""unknowns_left_undetermined"": 0, ""evidence_kind"": ""scales-a-rate"", ""note"": ""at zero this parameter removes a state and the equation that determines it. The matching survives, so the system is not structurally short; whether it is *algebraically* singular depends on this model's topology and initialization and needs execution to decide. This is not a claim that the declaration should forbid zero.""}",/data/mrumoca/eval/results/thermopower/findings.jsonl
thermopower,historical-static,ThermoPower.Test.ElectricalComponents.TestElectrical5,40,STRUCTURE_DEGENERATES_AT_ZERO,low,False,hold-needs-source-and-witness-review,"{""parameter"": ""gen_a.Tf"", ""contract"": ""ThermoPower.Electrical.Generator.Tf: algebraic_limit (proven, from equation) \u2014 the parameter multiplies a derivative, so at zero the differential relation becomes an algebraic constraint rather than an undefined quotient"", ""contract_behavior"": ""algebraic_limit"", ""contract_confidence"": ""proven"", ""confidence"": ""low"", ""result"": ""TOPOLOGY_SPECIFIC"", ""incidences_lost"": 0, ""unknowns_left_undetermined"": 0, ""evidence_kind"": ""scales-a-rate"", ""note"": ""at zero this parameter removes a state and the equation that determines it. The matching survives, so the system is not structurally short; whether it is *algebraically* singular depends on this model's topology and initialization and needs execution to decide. This is not a claim that the declaration should forbid zero.""}",/data/mrumoca/eval/results/thermopower/findings.jsonl
thermopower,historical-static,ThermoPower.Test.ElectricalComponents.TestElectrical5,41,STRUCTURE_DEGENERATES_AT_ZERO,low,False,hold-needs-source-and-witness-review,"{""parameter"": ""gen_a.tau_d"", ""contract"": ""ThermoPower.Electrical.Generator.tau_d: algebraic_limit (proven, from equation) \u2014 the parameter multiplies a derivative, so at zero the differential relation becomes an algebraic constraint rather than an undefined quotient"", ""contract_behavior"": ""algebraic_limit"", ""contract_confidence"": ""proven"", ""confidence"": ""low"", ""result"": ""TOPOLOGY_SPECIFIC"", ""incidences_lost"": 0, ""unknowns_left_undetermined"": 0, ""evidence_kind"": ""scales-a-rate"", ""note"": ""at zero this parameter removes a state and the equation that determines it. The matching survives, so the system is not structurally short; whether it is *algebraically* singular depends on this model's topology and initialization and needs execution to decide. This is not a claim that the declaration should forbid zero.""}",/data/mrumoca/eval/results/thermopower/findings.jsonl
thermopower,historical-static,ThermoPower.Test.ElectricalComponents.TestElectrical5,42,STRUCTURE_DEGENERATES_AT_ZERO,low,False,hold-needs-source-and-witness-review,"{""parameter"": ""gen_b.J"", ""contract"": ""ThermoPower.Electrical.Generator.J: algebraic_limit (proven, from equation) \u2014 the parameter multiplies a derivative, so at zero the differential relation becomes an algebraic constraint rather than an undefined quotient"", ""contract_behavior"": ""algebraic_limit"", ""contract_confidence"": ""proven"", ""confidence"": ""low"", ""result"": ""TOPOLOGY_SPECIFIC"", ""incidences_lost"": 0, ""unknowns_left_undetermined"": 0, ""evidence_kind"": ""scales-a-rate"", ""note"": ""at zero this parameter removes a state and the equation that determines it. The matching survives, so the system is not structurally short; whether it is *algebraically* singular depends on this model's topology and initialization and needs execution to decide. This is not a claim that the declaration should forbid zero.""}",/data/mrumoca/eval/results/thermopower/findings.jsonl
thermopower,historical-static,ThermoPower.Test.ElectricalComponents.TestElectrical5,43,STRUCTURE_DEGENERATES_AT_ZERO,low,False,hold-needs-source-and-witness-review,"{""parameter"": ""gen_b.Tf"", ""contract"": ""ThermoPower.Electrical.Generator.Tf: algebraic_limit (proven, from equation) \u2014 the parameter multiplies a derivative, so at zero the differential relation becomes an algebraic constraint rather than an undefined quotient"", ""contract_behavior"": ""algebraic_limit"", ""contract_confidence"": ""proven"", ""confidence"": ""low"", ""result"": ""TOPOLOGY_SPECIFIC"", ""incidences_lost"": 0, ""unknowns_left_undetermined"": 0, ""evidence_kind"": ""scales-a-rate"", ""note"": ""at zero this parameter removes a state and the equation that determines it. The matching survives, so the system is not structurally short; whether it is *algebraically* singular depends on this model's topology and initialization and needs execution to decide. This is not a claim that the declaration should forbid zero.""}",/data/mrumoca/eval/results/thermopower/findings.jsonl
thermopower,historical-static,ThermoPower.Test.ElectricalComponents.TestElectrical5,44,STRUCTURE_DEGENERATES_AT_ZERO,low,False,hold-needs-source-and-witness-review,"{""parameter"": ""gen_b.tau_d"", ""contract"": ""ThermoPower.Electrical.Generator.tau_d: algebraic_limit (proven, from equation) \u2014 the parameter multiplies a derivative, so at zero the differential relation becomes an algebraic constraint rather than an undefined quotient"", ""contract_behavior"": ""algebraic_limit"", ""contract_confidence"": ""proven"", ""confidence"": ""low"", ""result"": ""TOPOLOGY_SPECIFIC"", ""incidences_lost"": 0, ""unknowns_left_undetermined"": 0, ""evidence_kind"": ""scales-a-rate"", ""note"": ""at zero this parameter removes a state and the equation that determines it. The matching survives, so the system is not structurally short; whether it is *algebraically* singular depends on this model's topology and initialization and needs execution to decide. This is not a claim that the declaration should forbid zero.""}",/data/mrumoca/eval/results/thermopower/findings.jsonl
thermopower,historical-static,ThermoPower.Test.WaterComponents.TestThroughMassFlow,0,network-boundary-port,low,False,standalone-topology-not-defect-proof,"{""node"": ""Step1 -- ThroughW2"", ""boundary_connectors"": ""Step1, ThroughW2"", ""wired_to"": ""nothing"", ""note"": ""this connector belongs to the model itself, not to a component inside it: the model is an interface compiled on its own, so the node is open on one side. Nothing forces its flow, which is why a structural matching reports an unmatched unknown here. Not a defect in the model""}",/data/mrumoca/eval/results/thermopower/findings.jsonl
thermopower,historical-static,ThermoPower.Thermal.FoulingFV,0,divisor-reachable-zero,high,False,hold-needs-source-and-witness-review,"{""denominator"": ""Nv"", ""witness"": ""Nv = 0"", ""witness_rationale"": ""set to zero"", ""denominator_at_witness"": 0.0, ""denominator_at_declared_values"": 2.0, ""denominator_range"": ""[-inf, inf]"", ""path_condition"": ""always evaluated"", ""verdict"": ""SAT"", ""proof"": ""the division is not inside any branch"", ""constraints"": ""Nv: unbounded"", ""note"": ""a permitted assignment drives the complete denominator to zero and the division is still evaluated there""}",/data/mrumoca/eval/results/thermopower/findings.jsonl
thermopower,historical-static,ThermoPower.Thermal.FoulingFV,1,divisor-reachable-zero,high,False,hold-needs-source-and-witness-review,"{""denominator"": ""R"", ""witness"": ""R = 0"", ""witness_rationale"": ""set to zero"", ""denominator_at_witness"": 0.0, ""denominator_at_declared_values"": null, ""denominator_range"": ""[-inf, inf]"", ""path_condition"": ""always evaluated"", ""verdict"": ""SAT"", ""proof"": ""the division is not inside any branch"", ""constraints"": ""R: unbounded"", ""note"": ""a permitted assignment drives the complete denominator to zero and the division is still evaluated there""}",/data/mrumoca/eval/results/thermopower/findings.jsonl
thermopower,historical-static,ThermoPower.Thermal.FoulingFV,2,divisor-reachable-zero,high,False,hold-needs-source-and-witness-review,"{""denominator"": ""R"", ""witness"": ""R = 0"", ""witness_rationale"": ""set to zero"", ""denominator_at_witness"": 0.0, ""denominator_at_declared_values"": null, ""denominator_range"": ""[-inf, inf]"", ""path_condition"": ""always evaluated"", ""verdict"": ""SAT"", ""proof"": ""the division is not inside any branch"", ""constraints"": ""R: unbounded"", ""note"": ""a permitted assignment drives the complete denominator to zero and the division is still evaluated there""}",/data/mrumoca/eval/results/thermopower/findings.jsonl
thermopower,historical-static,ThermoPower.Thermal.FoulingFV,3,network-port-unconnected,low,False,standalone-topology-not-defect-proof,"{""connector"": ""side1"", ""component"": ""<top level>"", ""component_class"": ""unknown"", ""flows_forced_to_zero"": ""side1.Q"", ""note"": ""nothing is connected to this port, so MLS \u00a79.2 forces its flow to zero. That is correct for a component compiled on its own and is not a defect; it is recorded because it is the commonest reason a model looks structurally singular""}",/data/mrumoca/eval/results/thermopower/findings.jsonl
thermopower,historical-static,ThermoPower.Thermal.FoulingFV,4,network-port-unconnected,low,False,standalone-topology-not-defect-proof,"{""connector"": ""side2"", ""component"": ""<top level>"", ""component_class"": ""unknown"", ""flows_forced_to_zero"": ""side2.Q"", ""note"": ""nothing is connected to this port, so MLS \u00a79.2 forces its flow to zero. That is correct for a component compiled on its own and is not a defect; it is recorded because it is the commonest reason a model looks structurally singular""}",/data/mrumoca/eval/results/thermopower/findings.jsonl
thermopower,historical-static,ThermoPower.Thermal.FoulingFV,5,network-component-isolated,low,False,standalone-topology-not-defect-proof,"{""component"": ""<top level>"", ""component_class"": ""unknown"", ""ports"": ""side1, side2"", ""note"": ""every port of this instance is unconnected, so it exchanges nothing with the rest of the model while still contributing its equations""}",/data/mrumoca/eval/results/thermopower/findings.jsonl
thermopower,historical-static,ThermoPower.Thermal.FoulingFV,6,physical-zero-is-a-supported-limit,low,False,advisory-or-explicit-non-defect,"{""domain"": ""thermal"", ""rule"": ""thermal.conductance.positive"", ""rule_origin"": ""heat flows from hot to cold; G <= 0 reverses the second law"", ""rule_reference"": """", ""matched_by"": {""quantity"": ""ThermalConductance"", ""unit"": ""W/K"", ""confidence"": ""QUANTITY_AND_UNIT"", ""premise_state"": ""unknown"", ""authority"": ""quantity_or_unit"", ""canonical_declaration"": ""ThermoPower.Thermal.FoulingFV.G""}, ""required"": ""G > 0"", ""declared_min"": null, ""variable_role"": ""parameter"", ""premise_state"": ""refuted"", ""authority"": ""component_contract"", ""contract"": ""ThermoPower.Thermal.FoulingFV.G: feature_disabled (proven, from equation) \u2014 the parameter appears only as a multiplier, so at zero the term it scales drops out and the rest of the model is unaffected"", ""contract_behavior"": ""feature_disabled"", ""contract_confidence"": ""proven"", ""contract_source"": ""equation"", ""note"": ""the positivity rule does not apply: this component documents zero as a meaningful limit, so reporting a missing bound would contradict its contract""}",/data/mrumoca/eval/results/thermopower/findings.jsonl
thermopower,historical-static,ThermoPower.Thermal.FoulingFV,7,physical-zero-is-a-supported-limit,low,False,advisory-or-explicit-non-defect,"{""domain"": ""fluid"", ""rule"": ""fluid.area.positive"", ""rule_origin"": ""a flow cross-section is a divisor in every velocity relation; zero area admits no flow and divides by zero"", ""rule_reference"": """", ""matched_by"": {""quantity"": ""Area"", ""unit"": ""m2"", ""confidence"": ""QUANTITY_AND_UNIT"", ""premise_state"": ""unknown"", ""authority"": ""quantity_or_unit"", ""canonical_declaration"": ""ThermoPower.Thermal.FoulingFV.A""}, ""required"": ""A > 0"", ""declared_min"": null, ""variable_role"": ""parameter"", ""premise_state"": ""refuted"", ""authority"": ""component_contract"", ""contract"": ""ThermoPower.Thermal.FoulingFV.G: feature_disabled (proven, from equation) \u2014 inherited from G, which it binds: the parameter appears only as a multiplier, so at zero the term it scales drops out and the rest of the model is unaffected"", ""contract_behavior"": ""feature_disabled"", ""contract_confidence"": ""proven"", ""contract_source"": ""equation"", ""note"": ""the positivity rule does not apply: this component documents zero as a meaningful limit, so reporting a missing bound would contradict its contract""}",/data/mrumoca/eval/results/thermopower/findings.jsonl
thermopower,historical-static,ThermoPower.Thermal.FoulingFV,8,quantity-missing,low,False,advisory-or-explicit-non-defect,"{""unit"": ""m2.K/W"", ""count"": 1, ""declarations"": ""R"", ""note"": ""a unit is declared without a quantity, so nothing states what is being measured and no rule keyed on quantity can apply to it""}",/data/mrumoca/eval/results/thermopower/findings.jsonl
thermopower,historical-static,ThermoPower.Thermal.FoulingFV,9,UNMATCHED_VARIABLE,high,False,hold-needs-source-and-witness-review,"{""variable"": ""side2.T"", ""scalars"": 2, ""scalars_determined"": 0, ""region_variables"": 4, ""region_equations"": 4, ""touching_equations"": ""family 0"", ""confidence"": ""high"", ""result"": ""STRUCTURAL_MATCH_FAILURE"", ""note"": ""2 of 2 scalars have no equation row left to determine them. This is a structural result and says nothing about algebraic rank.""}",/data/mrumoca/eval/results/thermopower/findings.jsonl
thermopower,historical-static,ThermoPower.Thermal.FoulingFV,10,UNMATCHED_EQUATION,high,False,hold-needs-source-and-witness-review,"{""equation"": ""for __array_i1 in 1:2 loop 0 = ((side1.Q + side2.Q) - zeros(2))"", ""scalar_rows"": 2, ""rows_matched"": 0, ""confidence"": ""high"", ""result"": ""STRUCTURAL_MATCH_FAILURE"", ""note"": ""this constraint has no unknown left to determine; the region is over-constrained (2 of 2 rows spare)""}",/data/mrumoca/eval/results/thermopower/findings.jsonl
thermopower,historical-static,ThermoPower.Thermal.HThtc_HT,0,network-port-unconnected,low,False,standalone-topology-not-defect-proof,"{""connector"": ""HT_port"", ""component"": ""<top level>"", ""component_class"": ""unknown"", ""flows_forced_to_zero"": ""HT_port.Q_flow"", ""note"": ""nothing is connected to this port, so MLS \u00a79.2 forces its flow to zero. That is correct for a component compiled on its own and is not a defect; it is recorded because it is the commonest reason a model looks structurally singular""}",/data/mrumoca/eval/results/thermopower/findings.jsonl
thermopower,historical-static,ThermoPower.Thermal.HThtc_HT,1,network-port-unconnected,low,False,standalone-topology-not-defect-proof,"{""connector"": ""HThtc_port"", ""component"": ""<top level>"", ""component_class"": ""unknown"", ""flows_forced_to_zero"": ""HThtc_port.Q_flow"", ""note"": ""nothing is connected to this port, so MLS \u00a79.2 forces its flow to zero. That is correct for a component compiled on its own and is not a defect; it is recorded because it is the commonest reason a model looks structurally singular""}",/data/mrumoca/eval/results/thermopower/findings.jsonl
thermopower,historical-static,ThermoPower.Thermal.HThtc_HT,2,network-component-isolated,low,False,standalone-topology-not-defect-proof,"{""component"": ""<top level>"", ""component_class"": ""unknown"", ""ports"": ""HT_port, HThtc_port"", ""note"": ""every port of this instance is unconnected, so it exchanges nothing with the rest of the model while still contributing its equations""}",/data/mrumoca/eval/results/thermopower/findings.jsonl
thermopower,historical-static,ThermoPower.Thermal.HThtc_HT,3,non-square-block,medium,False,hold-needs-source-and-witness-review,"{""block"": 1, ""equations"": 3, ""variables"": 2}",/data/mrumoca/eval/results/thermopower/findings.jsonl
thermopower,historical-static,ThermoPower.Thermal.HThtc_HT,4,UNMATCHED_VARIABLE,high,False,hold-needs-source-and-witness-review,"{""variable"": ""HThtc_port.T"", ""scalars"": 1, ""scalars_determined"": 0, ""region_variables"": 2, ""region_equations"": 1, ""touching_equations"": ""0"", ""confidence"": ""high"", ""result"": ""STRUCTURAL_MATCH_FAILURE"", ""note"": ""no equation in the connected structural region can be matched to this unknown. This is a structural result and says nothing about algebraic rank.""}",/data/mrumoca/eval/results/thermopower/findings.jsonl
thermopower,historical-static,ThermoPower.Thermal.HThtc_HT,5,UNMATCHED_EQUATION,high,False,hold-needs-source-and-witness-review,"{""equation"": ""HT_port.Q_flow"", ""scalar_rows"": 1, ""rows_matched"": 0, ""confidence"": ""high"", ""result"": ""STRUCTURAL_MATCH_FAILURE"", ""note"": ""this constraint has no unknown left to determine; the region is over-constrained""}",/data/mrumoca/eval/results/thermopower/findings.jsonl
thermopower,historical-static,ThermoPower.Thermal.CounterCurrent,0,start-violates-min,high,False,hold-needs-source-and-witness-review,"{""variable"": ""side1.N"", ""start"": 0, ""bound"": ""min"", ""limit"": 1}",/data/mrumoca/eval/results/thermopower/findings.jsonl
thermopower,historical-static,ThermoPower.Thermal.CounterCurrent,1,start-violates-min,high,False,hold-needs-source-and-witness-review,"{""variable"": ""side2.N"", ""start"": 0, ""bound"": ""min"", ""limit"": 1}",/data/mrumoca/eval/results/thermopower/findings.jsonl
thermopower,historical-static,ThermoPower.Thermal.CounterCurrent,2,network-port-unconnected,low,False,standalone-topology-not-defect-proof,"{""connector"": ""side1"", ""component"": ""<top level>"", ""component_class"": ""unknown"", ""flows_forced_to_zero"": ""side1.phi"", ""note"": ""nothing is connected to this port, so MLS \u00a79.2 forces its flow to zero. That is correct for a component compiled on its own and is not a defect; it is recorded because it is the commonest reason a model looks structurally singular""}",/data/mrumoca/eval/results/thermopower/findings.jsonl
thermopower,historical-static,ThermoPower.Thermal.CounterCurrent,3,network-port-unconnected,low,False,standalone-topology-not-defect-proof,"{""connector"": ""side2"", ""component"": ""<top level>"", ""component_class"": ""unknown"", ""flows_forced_to_zero"": ""side2.phi"", ""note"": ""nothing is connected to this port, so MLS \u00a79.2 forces its flow to zero. That is correct for a component compiled on its own and is not a defect; it is recorded because it is the commonest reason a model looks structurally singular""}",/data/mrumoca/eval/results/thermopower/findings.jsonl
thermopower,historical-static,ThermoPower.Thermal.CounterCurrent,4,network-component-isolated,low,False,standalone-topology-not-defect-proof,"{""component"": ""<top level>"", ""component_class"": ""unknown"", ""ports"": ""side1, side2"", ""note"": ""every port of this instance is unconnected, so it exchanges nothing with the rest of the model while still contributing its equations""}",/data/mrumoca/eval/results/thermopower/findings.jsonl
thermopower,historical-static,ThermoPower.Thermal.CounterCurrent,5,non-square-block,medium,False,hold-needs-source-and-witness-review,"{""block"": 0, ""equations"": 3, ""variables"": 2}",/data/mrumoca/eval/results/thermopower/findings.jsonl
thermopower,historical-static,ThermoPower.Thermal.CounterCurrent,6,UNMATCHED_VARIABLE,high,False,hold-needs-source-and-witness-review,"{""variable"": ""side2.T"", ""scalars"": 2, ""scalars_determined"": 0, ""region_variables"": 2, ""region_equations"": 1, ""touching_equations"": ""family 1"", ""confidence"": ""high"", ""result"": ""STRUCTURAL_MATCH_FAILURE"", ""note"": ""2 of 2 scalars have no equation row left to determine them. This is a structural result and says nothing about algebraic rank.""}",/data/mrumoca/eval/results/thermopower/findings.jsonl
thermopower,historical-static,ThermoPower.Thermal.CounterCurrent,7,UNMATCHED_EQUATION,high,False,hold-needs-source-and-witness-review,"{""equation"": ""for __array_i1 in 1:2 loop 0 = (side1.phi - -side2.phi[2:-1:1])"", ""scalar_rows"": 2, ""rows_matched"": 0, ""confidence"": ""high"", ""result"": ""STRUCTURAL_MATCH_FAILURE"", ""note"": ""this constraint has no unknown left to determine; the region is over-constrained (2 of 2 rows spare)""}",/data/mrumoca/eval/results/thermopower/findings.jsonl
thermopower,historical-static,ThermoPower.Thermal.HT_DHTNodes,0,start-violates-min,high,False,hold-needs-source-and-witness-review,"{""variable"": ""DHT_port.N"", ""start"": 0, ""bound"": ""min"", ""limit"": 1}",/data/mrumoca/eval/results/thermopower/findings.jsonl
thermopower,historical-static,ThermoPower.Thermal.HT_DHTNodes,1,network-port-unconnected,low,False,standalone-topology-not-defect-proof,"{""connector"": ""HT_port"", ""component"": ""<top level>"", ""component_class"": ""unknown"", ""flows_forced_to_zero"": ""HT_port.Q_flow"", ""note"": ""nothing is connected to this port, so MLS \u00a79.2 forces its flow to zero. That is correct for a component compiled on its own and is not a defect; it is recorded because it is the commonest reason a model looks structurally singular""}",/data/mrumoca/eval/results/thermopower/findings.jsonl
thermopower,historical-static,ThermoPower.Thermal.HT_DHTNodes,2,network-port-unconnected,low,False,standalone-topology-not-defect-proof,"{""connector"": ""DHT_port"", ""component"": ""<top level>"", ""component_class"": ""unknown"", ""flows_forced_to_zero"": ""DHT_port.phi"", ""note"": ""nothing is connected to this port, so MLS \u00a79.2 forces its flow to zero. That is correct for a component compiled on its own and is not a defect; it is recorded because it is the commonest reason a model looks structurally singular""}",/data/mrumoca/eval/results/thermopower/findings.jsonl
thermopower,historical-static,ThermoPower.Thermal.HT_DHTNodes,3,network-component-isolated,low,False,standalone-topology-not-defect-proof,"{""component"": ""<top level>"", ""component_class"": ""unknown"", ""ports"": ""HT_port, DHT_port"", ""note"": ""every port of this instance is unconnected, so it exchanges nothing with the rest of the model while still contributing its equations""}",/data/mrumoca/eval/results/thermopower/findings.jsonl
thermopower,historical-static,ThermoPower.Thermal.HT_DHTNodes,4,physical-zero-is-a-supported-limit,low,False,advisory-or-explicit-non-defect,"{""domain"": ""fluid"", ""rule"": ""fluid.area.positive"", ""rule_origin"": ""a flow cross-section is a divisor in every velocity relation; zero area admits no flow and divides by zero"", ""rule_reference"": """", ""matched_by"": {""quantity"": ""Area"", ""unit"": ""m2"", ""confidence"": ""QUANTITY_AND_UNIT"", ""premise_state"": ""unknown"", ""authority"": ""quantity_or_unit"", ""canonical_declaration"": ""ThermoPower.Thermal.HT_DHTNodes.exchangeSurface""}, ""required"": ""exchangeSurface > 0"", ""declared_min"": null, ""variable_role"": ""parameter"", ""premise_state"": ""refuted"", ""authority"": ""component_contract"", ""contract"": ""ThermoPower.Thermal.HT_DHTNodes.exchangeSurface: feature_disabled (proven, from equation) \u2014 the parameter appears only as a multiplier, so at zero the term it scales drops out and the rest of the model is unaffected"", ""contract_behavior"": ""feature_disabled"", ""contract_confidence"": ""proven"", ""contract_source"": ""equation"", ""note"": ""the positivity rule does not apply: this component documents zero as a meaningful limit, so reporting a missing bound would contradict its contract""}",/data/mrumoca/eval/results/thermopower/findings.jsonl
thermopower,historical-static,ThermoPower.Thermal.HT_DHTNodes,5,non-square-block,medium,False,hold-needs-source-and-witness-review,"{""block"": 1, ""equations"": 3, ""variables"": 2}",/data/mrumoca/eval/results/thermopower/findings.jsonl
thermopower,historical-static,ThermoPower.Thermal.HT_DHTNodes,6,UNMATCHED_VARIABLE,high,False,hold-needs-source-and-witness-review,"{""variable"": ""DHT_port.T"", ""scalars"": 1, ""scalars_determined"": 0, ""region_variables"": 2, ""region_equations"": 1, ""touching_equations"": ""family 1"", ""confidence"": ""high"", ""result"": ""STRUCTURAL_MATCH_FAILURE"", ""note"": ""no equation in the connected structural region can be matched to this unknown. This is a structural result and says nothing about algebraic rank.""}",/data/mrumoca/eval/results/thermopower/findings.jsonl
thermopower,historical-static,ThermoPower.Thermal.HT_DHTNodes,7,UNMATCHED_EQUATION,high,False,hold-needs-source-and-witness-review,"{""equation"": ""HT_port.Q_flow"", ""scalar_rows"": 1, ""rows_matched"": 0, ""confidence"": ""high"", ""result"": ""STRUCTURAL_MATCH_FAILURE"", ""note"": ""this constraint has no unknown left to determine; the region is over-constrained""}",/data/mrumoca/eval/results/thermopower/findings.jsonl
thermopower,historical-static,ThermoPower.Thermal.ConvHT_htc,0,start-violates-min,high,False,hold-needs-source-and-witness-review,"{""variable"": ""otherside.N"", ""start"": 0, ""bound"": ""min"", ""limit"": 1}",/data/mrumoca/eval/results/thermopower/findings.jsonl
thermopower,historical-static,ThermoPower.Thermal.ConvHT_htc,1,start-violates-min,high,False,hold-needs-source-and-witness-review,"{""variable"": ""fluidside.N"", ""start"": 0, ""bound"": ""min"", ""limit"": 1}",/data/mrumoca/eval/results/thermopower/findings.jsonl
thermopower,historical-static,ThermoPower.Thermal.ConvHT_htc,2,network-port-unconnected,low,False,standalone-topology-not-defect-proof,"{""connector"": ""otherside"", ""component"": ""<top level>"", ""component_class"": ""unknown"", ""flows_forced_to_zero"": ""otherside.phi"", ""note"": ""nothing is connected to this port, so MLS \u00a79.2 forces its flow to zero. That is correct for a component compiled on its own and is not a defect; it is recorded because it is the commonest reason a model looks structurally singular""}",/data/mrumoca/eval/results/thermopower/findings.jsonl
thermopower,historical-static,ThermoPower.Thermal.ConvHT_htc,3,network-port-unconnected,low,False,standalone-topology-not-defect-proof,"{""connector"": ""fluidside"", ""component"": ""<top level>"", ""component_class"": ""unknown"", ""flows_forced_to_zero"": ""fluidside.phi"", ""note"": ""nothing is connected to this port, so MLS \u00a79.2 forces its flow to zero. That is correct for a component compiled on its own and is not a defect; it is recorded because it is the commonest reason a model looks structurally singular""}",/data/mrumoca/eval/results/thermopower/findings.jsonl
thermopower,historical-static,ThermoPower.Thermal.ConvHT_htc,4,network-component-isolated,low,False,standalone-topology-not-defect-proof,"{""component"": ""<top level>"", ""component_class"": ""unknown"", ""ports"": ""otherside, fluidside"", ""note"": ""every port of this instance is unconnected, so it exchanges nothing with the rest of the model while still contributing its equations""}",/data/mrumoca/eval/results/thermopower/findings.jsonl
thermopower,historical-static,ThermoPower.Thermal.ConvHT_htc,5,non-square-block,medium,False,hold-needs-source-and-witness-review,"{""block"": 0, ""equations"": 4, ""variables"": 5}",/data/mrumoca/eval/results/thermopower/findings.jsonl
thermopower,historical-static,ThermoPower.Thermal.ConvHT_htc,6,UNMATCHED_VARIABLE,high,False,hold-needs-source-and-witness-review,"{""variable"": ""fluidside.T"", ""scalars"": 2, ""scalars_determined"": 0, ""region_variables"": 4, ""region_equations"": 4, ""touching_equations"": ""family 0"", ""confidence"": ""high"", ""result"": ""STRUCTURAL_MATCH_FAILURE"", ""note"": ""2 of 2 scalars have no equation row left to determine them. This is a structural result and says nothing about algebraic rank.""}",/data/mrumoca/eval/results/thermopower/findings.jsonl
thermopower,historical-static,ThermoPower.Thermal.ConvHT_htc,7,UNMATCHED_EQUATION,high,False,hold-needs-source-and-witness-review,"{""equation"": ""for j in 1:2 loop 0 = (otherside.phi[j] - -fluidside.phi[j])"", ""scalar_rows"": 2, ""rows_matched"": 0, ""confidence"": ""high"", ""result"": ""STRUCTURAL_MATCH_FAILURE"", ""note"": ""this constraint has no unknown left to determine; the region is over-constrained (2 of 2 rows spare)""}",/data/mrumoca/eval/results/thermopower/findings.jsonl
thermopower,historical-static,ThermoPower.Thermal.HeatSource1Dhtc,0,start-violates-min,high,False,hold-needs-source-and-witness-review,"{""variable"": ""wall.N"", ""start"": 0, ""bound"": ""min"", ""limit"": 1}",/data/mrumoca/eval/results/thermopower/findings.jsonl
thermopower,historical-static,ThermoPower.Thermal.HeatSource1Dhtc,1,network-port-unconnected,low,False,standalone-topology-not-defect-proof,"{""connector"": ""wall"", ""component"": ""<top level>"", ""component_class"": ""unknown"", ""flows_forced_to_zero"": ""wall.phi"", ""note"": ""nothing is connected to this port, so MLS \u00a79.2 forces its flow to zero. That is correct for a component compiled on its own and is not a defect; it is recorded because it is the commonest reason a model looks structurally singular""}",/data/mrumoca/eval/results/thermopower/findings.jsonl
thermopower,historical-static,ThermoPower.Thermal.HeatSource1Dhtc,2,network-component-isolated,low,False,standalone-topology-not-defect-proof,"{""component"": ""<top level>"", ""component_class"": ""unknown"", ""ports"": ""wall"", ""note"": ""every port of this instance is unconnected, so it exchanges nothing with the rest of the model while still contributing its equations""}",/data/mrumoca/eval/results/thermopower/findings.jsonl
thermopower,historical-static,ThermoPower.Thermal.HeatSource1Dhtc,3,UNMATCHED_EQUATION,high,False,hold-needs-source-and-witness-review,"{""equation"": ""for i in 1:2 loop 0 = (wall.phi[i] - -(power / ((omega * L) * Nt)))"", ""scalar_rows"": 2, ""rows_matched"": 0, ""confidence"": ""high"", ""result"": ""STRUCTURAL_MATCH_FAILURE"", ""note"": ""this constraint has no unknown left to determine; the region is over-constrained (2 of 2 rows spare)""}",/data/mrumoca/eval/results/thermopower/findings.jsonl
thermopower,historical-static,ThermoPower.Thermal.HeatSource1DFEM,0,start-violates-min,high,False,hold-needs-source-and-witness-review,"{""variable"": ""wall.N"", ""start"": 0, ""bound"": ""min"", ""limit"": 1}",/data/mrumoca/eval/results/thermopower/findings.jsonl
thermopower,historical-static,ThermoPower.Thermal.HeatSource1DFEM,1,network-port-unconnected,low,False,standalone-topology-not-defect-proof,"{""connector"": ""wall"", ""component"": ""<top level>"", ""component_class"": ""unknown"", ""flows_forced_to_zero"": ""wall.phi"", ""note"": ""nothing is connected to this port, so MLS \u00a79.2 forces its flow to zero. That is correct for a component compiled on its own and is not a defect; it is recorded because it is the commonest reason a model looks structurally singular""}",/data/mrumoca/eval/results/thermopower/findings.jsonl
thermopower,historical-static,ThermoPower.Thermal.HeatSource1DFEM,2,network-component-isolated,low,False,standalone-topology-not-defect-proof,"{""component"": ""<top level>"", ""component_class"": ""unknown"", ""ports"": ""wall"", ""note"": ""every port of this instance is unconnected, so it exchanges nothing with the rest of the model while still contributing its equations""}",/data/mrumoca/eval/results/thermopower/findings.jsonl
thermopower,historical-static,ThermoPower.Thermal.HeatSource1DFEM,3,UNMATCHED_EQUATION,high,False,hold-needs-source-and-witness-review,"{""equation"": ""for i in 1:2 loop 0 = (wall.phi[i] - -(power / ((omega * L) * Nt)))"", ""scalar_rows"": 2, ""rows_matched"": 0, ""confidence"": ""high"", ""result"": ""STRUCTURAL_MATCH_FAILURE"", ""note"": ""this constraint has no unknown left to determine; the region is over-constrained (2 of 2 rows spare)""}",/data/mrumoca/eval/results/thermopower/findings.jsonl
thermopower,historical-static,ThermoPower.Thermal.HeatSource1DNonUniformFV,0,network-port-unconnected,low,False,standalone-topology-not-defect-proof,"{""connector"": ""wall"", ""component"": ""<top level>"", ""component_class"": ""unknown"", ""flows_forced_to_zero"": ""wall.Q"", ""note"": ""nothing is connected to this port, so MLS \u00a79.2 forces its flow to zero. That is correct for a component compiled on its own and is not a defect; it is recorded because it is the commonest reason a model looks structurally singular""}",/data/mrumoca/eval/results/thermopower/findings.jsonl
thermopower,historical-static,ThermoPower.Thermal.HeatSource1DNonUniformFV,1,network-component-isolated,low,False,standalone-topology-not-defect-proof,"{""component"": ""<top level>"", ""component_class"": ""unknown"", ""ports"": ""wall"", ""note"": ""every port of this instance is unconnected, so it exchanges nothing with the rest of the model while still contributing its equations""}",/data/mrumoca/eval/results/thermopower/findings.jsonl
thermopower,historical-static,ThermoPower.Thermal.HeatSource1DNonUniformFV,2,UNMATCHED_EQUATION,high,False,hold-needs-source-and-witness-review,"{""equation"": ""for $axis1 in 1:1 loop 0 = (wall.Q - -power)"", ""scalar_rows"": 1, ""rows_matched"": 0, ""confidence"": ""high"", ""result"": ""STRUCTURAL_MATCH_FAILURE"", ""note"": ""this constraint has no unknown left to determine; the region is over-constrained""}",/data/mrumoca/eval/results/thermopower/findings.jsonl
thermopower,historical-static,ThermoPower.Thermal.HeatSource1DFV,0,divisor-reachable-zero,high,False,hold-needs-source-and-witness-review,"{""denominator"": ""Nw"", ""witness"": ""Nw = 0"", ""witness_rationale"": ""set to zero"", ""denominator_at_witness"": 0.0, ""denominator_at_declared_values"": 1.0, ""denominator_range"": ""[-inf, inf]"", ""path_condition"": ""always evaluated"", ""verdict"": ""SAT"", ""proof"": ""the division is not inside any branch"", ""constraints"": ""Nw: unbounded"", ""note"": ""a permitted assignment drives the complete denominator to zero and the division is still evaluated there""}",/data/mrumoca/eval/results/thermopower/findings.jsonl
thermopower,historical-static,ThermoPower.Thermal.HeatSource1DFV,1,network-port-unconnected,low,False,standalone-topology-not-defect-proof,"{""connector"": ""wall"", ""component"": ""<top level>"", ""component_class"": ""unknown"", ""flows_forced_to_zero"": ""wall.Q"", ""note"": ""nothing is connected to this port, so MLS \u00a79.2 forces its flow to zero. That is correct for a component compiled on its own and is not a defect; it is recorded because it is the commonest reason a model looks structurally singular""}",/data/mrumoca/eval/results/thermopower/findings.jsonl
thermopower,historical-static,ThermoPower.Thermal.HeatSource1DFV,2,network-component-isolated,low,False,standalone-topology-not-defect-proof,"{""component"": ""<top level>"", ""component_class"": ""unknown"", ""ports"": ""wall"", ""note"": ""every port of this instance is unconnected, so it exchanges nothing with the rest of the model while still contributing its equations""}",/data/mrumoca/eval/results/thermopower/findings.jsonl
thermopower,historical-static,ThermoPower.Thermal.HeatSource1DFV,3,UNMATCHED_EQUATION,high,False,hold-needs-source-and-witness-review,"{""equation"": ""for $axis1 in 1:1 loop 0 = wall.Q"", ""scalar_rows"": 1, ""rows_matched"": 0, ""confidence"": ""high"", ""result"": ""STRUCTURAL_MATCH_FAILURE"", ""note"": ""this constraint has no unknown left to determine; the region is over-constrained""}",/data/mrumoca/eval/results/thermopower/findings.jsonl
thermopower,historical-static,ThermoPower.Thermal.HT_DHTVolumes,0,network-port-unconnected,low,False,standalone-topology-not-defect-proof,"{""connector"": ""HT_port"", ""component"": ""<top level>"", ""component_class"": ""unknown"", ""flows_forced_to_zero"": ""HT_port.Q_flow"", ""note"": ""nothing is connected to this port, so MLS \u00a79.2 forces its flow to zero. That is correct for a component compiled on its own and is not a defect; it is recorded because it is the commonest reason a model looks structurally singular""}",/data/mrumoca/eval/results/thermopower/findings.jsonl
thermopower,historical-static,ThermoPower.Thermal.HT_DHTVolumes,1,network-port-unconnected,low,False,standalone-topology-not-defect-proof,"{""connector"": ""DHT_port"", ""component"": ""<top level>"", ""component_class"": ""unknown"", ""flows_forced_to_zero"": ""DHT_port.Q"", ""note"": ""nothing is connected to this port, so MLS \u00a79.2 forces its flow to zero. That is correct for a component compiled on its own and is not a defect; it is recorded because it is the commonest reason a model looks structurally singular""}",/data/mrumoca/eval/results/thermopower/findings.jsonl
thermopower,historical-static,ThermoPower.Thermal.HT_DHTVolumes,2,network-component-isolated,low,False,standalone-topology-not-defect-proof,"{""component"": ""<top level>"", ""component_class"": ""unknown"", ""ports"": ""HT_port, DHT_port"", ""note"": ""every port of this instance is unconnected, so it exchanges nothing with the rest of the model while still contributing its equations""}",/data/mrumoca/eval/results/thermopower/findings.jsonl
thermopower,historical-static,ThermoPower.Thermal.HT_DHTVolumes,3,non-square-block,medium,False,hold-needs-source-and-witness-review,"{""block"": 1, ""equations"": 3, ""variables"": 2}",/data/mrumoca/eval/results/thermopower/findings.jsonl
thermopower,historical-static,ThermoPower.Thermal.HT_DHTVolumes,4,UNMATCHED_VARIABLE,high,False,hold-needs-source-and-witness-review,"{""variable"": ""DHT_port.T"", ""scalars"": 1, ""scalars_determined"": 0, ""region_variables"": 2, ""region_equations"": 1, ""touching_equations"": ""family 1"", ""confidence"": ""high"", ""result"": ""STRUCTURAL_MATCH_FAILURE"", ""note"": ""no equation in the connected structural region can be matched to this unknown. This is a structural result and says nothing about algebraic rank.""}",/data/mrumoca/eval/results/thermopower/findings.jsonl
thermopower,historical-static,ThermoPower.Thermal.HT_DHTVolumes,5,UNMATCHED_EQUATION,high,False,hold-needs-source-and-witness-review,"{""equation"": ""HT_port.Q_flow"", ""scalar_rows"": 1, ""rows_matched"": 0, ""confidence"": ""high"", ""result"": ""STRUCTURAL_MATCH_FAILURE"", ""note"": ""this constraint has no unknown left to determine; the region is over-constrained""}",/data/mrumoca/eval/results/thermopower/findings.jsonl
thermopower,historical-static,ThermoPower.Thermal.HeatFlowDistribution,0,start-violates-min,high,False,hold-needs-source-and-witness-review,"{""variable"": ""side1.N"", ""start"": 0, ""bound"": ""min"", ""limit"": 1}",/data/mrumoca/eval/results/thermopower/findings.jsonl
thermopower,historical-static,ThermoPower.Thermal.HeatFlowDistribution,1,start-violates-min,high,False,hold-needs-source-and-witness-review,"{""variable"": ""side2.N"", ""start"": 0, ""bound"": ""min"", ""limit"": 1}",/data/mrumoca/eval/results/thermopower/findings.jsonl
thermopower,historical-static,ThermoPower.Thermal.HeatFlowDistribution,2,network-port-unconnected,low,False,standalone-topology-not-defect-proof,"{""connector"": ""side1"", ""component"": ""<top level>"", ""component_class"": ""unknown"", ""flows_forced_to_zero"": ""side1.phi"", ""note"": ""nothing is connected to this port, so MLS \u00a79.2 forces its flow to zero. That is correct for a component compiled on its own and is not a defect; it is recorded because it is the commonest reason a model looks structurally singular""}",/data/mrumoca/eval/results/thermopower/findings.jsonl
thermopower,historical-static,ThermoPower.Thermal.HeatFlowDistribution,3,network-port-unconnected,low,False,standalone-topology-not-defect-proof,"{""connector"": ""side2"", ""component"": ""<top level>"", ""component_class"": ""unknown"", ""flows_forced_to_zero"": ""side2.phi"", ""note"": ""nothing is connected to this port, so MLS \u00a79.2 forces its flow to zero. That is correct for a component compiled on its own and is not a defect; it is recorded because it is the commonest reason a model looks structurally singular""}",/data/mrumoca/eval/results/thermopower/findings.jsonl
thermopower,historical-static,ThermoPower.Thermal.HeatFlowDistribution,4,network-component-isolated,low,False,standalone-topology-not-defect-proof,"{""component"": ""<top level>"", ""component_class"": ""unknown"", ""ports"": ""side1, side2"", ""note"": ""every port of this instance is unconnected, so it exchanges nothing with the rest of the model while still contributing its equations""}",/data/mrumoca/eval/results/thermopower/findings.jsonl
thermopower,historical-static,ThermoPower.Thermal.HeatFlowDistribution,5,physical-zero-is-a-supported-limit,low,False,advisory-or-explicit-non-defect,"{""domain"": ""fluid"", ""rule"": ""fluid.area.positive"", ""rule_origin"": ""a flow cross-section is a divisor in every velocity relation; zero area admits no flow and divides by zero"", ""rule_reference"": """", ""matched_by"": {""quantity"": ""Area"", ""unit"": ""m2"", ""confidence"": ""QUANTITY_AND_UNIT"", ""premise_state"": ""unknown"", ""authority"": ""quantity_or_unit"", ""canonical_declaration"": ""ThermoPower.Thermal.HeatFlowDistribution.A1""}, ""required"": ""A1 > 0"", ""declared_min"": null, ""variable_role"": ""parameter"", ""premise_state"": ""refuted"", ""authority"": ""component_contract"", ""contract"": ""ThermoPower.Thermal.HeatFlowDistribution.A1: feature_disabled (proven, from equation) \u2014 the parameter appears only as a multiplier, so at zero the term it scales drops out and the rest of the model is unaffected"", ""contract_behavior"": ""feature_disabled"", ""contract_confidence"": ""proven"", ""contract_source"": ""equation"", ""note"": ""the positivity rule does not apply: this component documents zero as a meaningful limit, so reporting a missing bound would contradict its contract""}",/data/mrumoca/eval/results/thermopower/findings.jsonl
thermopower,historical-static,ThermoPower.Thermal.HeatFlowDistribution,6,physical-zero-is-a-supported-limit,low,False,advisory-or-explicit-non-defect,"{""domain"": ""fluid"", ""rule"": ""fluid.area.positive"", ""rule_origin"": ""a flow cross-section is a divisor in every velocity relation; zero area admits no flow and divides by zero"", ""rule_reference"": """", ""matched_by"": {""quantity"": ""Area"", ""unit"": ""m2"", ""confidence"": ""QUANTITY_AND_UNIT"", ""premise_state"": ""unknown"", ""authority"": ""quantity_or_unit"", ""canonical_declaration"": ""ThermoPower.Thermal.HeatFlowDistribution.A2""}, ""required"": ""A2 > 0"", ""declared_min"": null, ""variable_role"": ""parameter"", ""premise_state"": ""refuted"", ""authority"": ""component_contract"", ""contract"": ""ThermoPower.Thermal.HeatFlowDistribution.A2: feature_disabled (proven, from equation) \u2014 the parameter appears only as a multiplier, so at zero the term it scales drops out and the rest of the model is unaffected"", ""contract_behavior"": ""feature_disabled"", ""contract_confidence"": ""proven"", ""contract_source"": ""equation"", ""note"": ""the positivity rule does not apply: this component documents zero as a meaningful limit, so reporting a missing bound would contradict its contract""}",/data/mrumoca/eval/results/thermopower/findings.jsonl
thermopower,historical-static,ThermoPower.Thermal.HeatFlowDistribution,7,non-square-block,medium,False,hold-needs-source-and-witness-review,"{""block"": 0, ""equations"": 3, ""variables"": 2}",/data/mrumoca/eval/results/thermopower/findings.jsonl
thermopower,historical-static,ThermoPower.Thermal.HeatFlowDistribution,8,UNMATCHED_VARIABLE,high,False,hold-needs-source-and-witness-review,"{""variable"": ""side2.T"", ""scalars"": 2, ""scalars_determined"": 0, ""region_variables"": 2, ""region_equations"": 1, ""touching_equations"": ""family 0"", ""confidence"": ""high"", ""result"": ""STRUCTURAL_MATCH_FAILURE"", ""note"": ""2 of 2 scalars have no equation row left to determine them. This is a structural result and says nothing about algebraic rank.""}",/data/mrumoca/eval/results/thermopower/findings.jsonl
thermopower,historical-static,ThermoPower.Thermal.HeatFlowDistribution,9,UNMATCHED_EQUATION,high,False,hold-needs-source-and-witness-review,"{""equation"": ""for __array_i1 in 1:2 loop 0 = (((side1.phi * A1) + (side2.phi * A2)) - zeros(2))"", ""scalar_rows"": 2, ""rows_matched"": 0, ""confidence"": ""high"", ""result"": ""STRUCTURAL_MATCH_FAILURE"", ""note"": ""this constraint has no unknown left to determine; the region is over-constrained (2 of 2 rows spare)""}",/data/mrumoca/eval/results/thermopower/findings.jsonl
thermopower,historical-static,ThermoPower.Thermal.TempSource1D,0,start-violates-min,high,False,hold-needs-source-and-witness-review,"{""variable"": ""wall.N"", ""start"": 0, ""bound"": ""min"", ""limit"": 1}",/data/mrumoca/eval/results/thermopower/findings.jsonl
thermopower,historical-static,ThermoPower.Thermal.TempSource1D,1,network-port-unconnected,low,False,standalone-topology-not-defect-proof,"{""connector"": ""wall"", ""component"": ""<top level>"", ""component_class"": ""unknown"", ""flows_forced_to_zero"": ""wall.phi"", ""note"": ""nothing is connected to this port, so MLS \u00a79.2 forces its flow to zero. That is correct for a component compiled on its own and is not a defect; it is recorded because it is the commonest reason a model looks structurally singular""}",/data/mrumoca/eval/results/thermopower/findings.jsonl
thermopower,historical-static,ThermoPower.Thermal.TempSource1D,2,network-component-isolated,low,False,standalone-topology-not-defect-proof,"{""component"": ""<top level>"", ""component_class"": ""unknown"", ""ports"": ""wall"", ""note"": ""every port of this instance is unconnected, so it exchanges nothing with the rest of the model while still contributing its equations""}",/data/mrumoca/eval/results/thermopower/findings.jsonl
thermopower,historical-static,ThermoPower.Thermal.TempSource1DFV,0,network-port-unconnected,low,False,standalone-topology-not-defect-proof,"{""connector"": ""wall"", ""component"": ""<top level>"", ""component_class"": ""unknown"", ""flows_forced_to_zero"": ""wall.Q"", ""note"": ""nothing is connected to this port, so MLS \u00a79.2 forces its flow to zero. That is correct for a component compiled on its own and is not a defect; it is recorded because it is the commonest reason a model looks structurally singular""}",/data/mrumoca/eval/results/thermopower/findings.jsonl
thermopower,historical-static,ThermoPower.Thermal.TempSource1DFV,1,network-component-isolated,low,False,standalone-topology-not-defect-proof,"{""component"": ""<top level>"", ""component_class"": ""unknown"", ""ports"": ""wall"", ""note"": ""every port of this instance is unconnected, so it exchanges nothing with the rest of the model while still contributing its equations""}",/data/mrumoca/eval/results/thermopower/findings.jsonl
thermopower,historical-static,ThermoPower.Thermal.TempSource1DFEM,0,start-violates-min,high,False,hold-needs-source-and-witness-review,"{""variable"": ""wall.N"", ""start"": 0, ""bound"": ""min"", ""limit"": 1}",/data/mrumoca/eval/results/thermopower/findings.jsonl
thermopower,historical-static,ThermoPower.Thermal.TempSource1DFEM,1,network-port-unconnected,low,False,standalone-topology-not-defect-proof,"{""connector"": ""wall"", ""component"": ""<top level>"", ""component_class"": ""unknown"", ""flows_forced_to_zero"": ""wall.phi"", ""note"": ""nothing is connected to this port, so MLS \u00a79.2 forces its flow to zero. That is correct for a component compiled on its own and is not a defect; it is recorded because it is the commonest reason a model looks structurally singular""}",/data/mrumoca/eval/results/thermopower/findings.jsonl
thermopower,historical-static,ThermoPower.Thermal.TempSource1DFEM,2,network-component-isolated,low,False,standalone-topology-not-defect-proof,"{""component"": ""<top level>"", ""component_class"": ""unknown"", ""ports"": ""wall"", ""note"": ""every port of this instance is unconnected, so it exchanges nothing with the rest of the model while still contributing its equations""}",/data/mrumoca/eval/results/thermopower/findings.jsonl
thermopower,historical-static,ThermoPower.Thermal.TempSource1DlinFEM,0,start-violates-min,high,False,hold-needs-source-and-witness-review,"{""variable"": ""wall.N"", ""start"": 0, ""bound"": ""min"", ""limit"": 1}",/data/mrumoca/eval/results/thermopower/findings.jsonl
thermopower,historical-static,ThermoPower.Thermal.TempSource1DlinFEM,1,network-port-unconnected,low,False,standalone-topology-not-defect-proof,"{""connector"": ""wall"", ""component"": ""<top level>"", ""component_class"": ""unknown"", ""flows_forced_to_zero"": ""wall.phi"", ""note"": ""nothing is connected to this port, so MLS \u00a79.2 forces its flow to zero. That is correct for a component compiled on its own and is not a defect; it is recorded because it is the commonest reason a model looks structurally singular""}",/data/mrumoca/eval/results/thermopower/findings.jsonl
thermopower,historical-static,ThermoPower.Thermal.TempSource1DlinFEM,2,network-component-isolated,low,False,standalone-topology-not-defect-proof,"{""component"": ""<top level>"", ""component_class"": ""unknown"", ""ports"": ""wall"", ""note"": ""every port of this instance is unconnected, so it exchanges nothing with the rest of the model while still contributing its equations""}",/data/mrumoca/eval/results/thermopower/findings.jsonl
thermopower,historical-static,ThermoPower.Thermal.HeatSource1D,0,start-violates-min,high,False,hold-needs-source-and-witness-review,"{""variable"": ""wall.N"", ""start"": 0, ""bound"": ""min"", ""limit"": 1}",/data/mrumoca/eval/results/thermopower/findings.jsonl
thermopower,historical-static,ThermoPower.Thermal.HeatSource1D,1,network-port-unconnected,low,False,standalone-topology-not-defect-proof,"{""connector"": ""wall"", ""component"": ""<top level>"", ""component_class"": ""unknown"", ""flows_forced_to_zero"": ""wall.phi"", ""note"": ""nothing is connected to this port, so MLS \u00a79.2 forces its flow to zero. That is correct for a component compiled on its own and is not a defect; it is recorded because it is the commonest reason a model looks structurally singular""}",/data/mrumoca/eval/results/thermopower/findings.jsonl
thermopower,historical-static,ThermoPower.Thermal.HeatSource1D,2,network-component-isolated,low,False,standalone-topology-not-defect-proof,"{""component"": ""<top level>"", ""component_class"": ""unknown"", ""ports"": ""wall"", ""note"": ""every port of this instance is unconnected, so it exchanges nothing with the rest of the model while still contributing its equations""}",/data/mrumoca/eval/results/thermopower/findings.jsonl
thermopower,historical-static,ThermoPower.Thermal.HeatSource1D,3,UNMATCHED_EQUATION,high,False,hold-needs-source-and-witness-review,"{""equation"": ""for i in 1:2 loop 0 = (wall.phi[i] - -(power / ((omega * L) * Nt)))"", ""scalar_rows"": 2, ""rows_matched"": 0, ""confidence"": ""high"", ""result"": ""STRUCTURAL_MATCH_FAILURE"", ""note"": ""this constraint has no unknown left to determine; the region is over-constrained (2 of 2 rows spare)""}",/data/mrumoca/eval/results/thermopower/findings.jsonl
thermopower,historical-static,ThermoPower.Water.SensW,0,network-port-unconnected,low,False,standalone-topology-not-defect-proof,"{""connector"": ""inlet"", ""component"": ""<top level>"", ""component_class"": ""unknown"", ""flows_forced_to_zero"": ""inlet.m_flow"", ""note"": ""nothing is connected to this port, so MLS \u00a79.2 forces its flow to zero. That is correct for a component compiled on its own and is not a defect; it is recorded because it is the commonest reason a model looks structurally singular""}",/data/mrumoca/eval/results/thermopower/findings.jsonl
thermopower,historical-static,ThermoPower.Water.SensW,1,network-port-unconnected,low,False,standalone-topology-not-defect-proof,"{""connector"": ""outlet"", ""component"": ""<top level>"", ""component_class"": ""unknown"", ""flows_forced_to_zero"": ""outlet.m_flow"", ""note"": ""nothing is connected to this port, so MLS \u00a79.2 forces its flow to zero. That is correct for a component compiled on its own and is not a defect; it is recorded because it is the commonest reason a model looks structurally singular""}",/data/mrumoca/eval/results/thermopower/findings.jsonl
thermopower,historical-static,ThermoPower.Water.SensW,2,network-component-isolated,low,False,standalone-topology-not-defect-proof,"{""component"": ""<top level>"", ""component_class"": ""unknown"", ""ports"": ""inlet, outlet"", ""note"": ""every port of this instance is unconnected, so it exchanges nothing with the rest of the model while still contributing its equations""}",/data/mrumoca/eval/results/thermopower/findings.jsonl
thermopower,historical-static,ThermoPower.Water.SensW,3,non-square-block,medium,False,hold-needs-source-and-witness-review,"{""block"": 0, ""equations"": 4, ""variables"": 3}",/data/mrumoca/eval/results/thermopower/findings.jsonl
thermopower,historical-static,ThermoPower.Water.SensW,4,UNMATCHED_VARIABLE,high,False,hold-needs-source-and-witness-review,"{""variable"": ""outlet.p"", ""scalars"": 1, ""scalars_determined"": 0, ""region_variables"": 2, ""region_equations"": 1, ""touching_equations"": ""1"", ""confidence"": ""high"", ""result"": ""STRUCTURAL_MATCH_FAILURE"", ""note"": ""no equation in the connected structural region can be matched to this unknown. This is a structural result and says nothing about algebraic rank.""}",/data/mrumoca/eval/results/thermopower/findings.jsonl
thermopower,historical-static,ThermoPower.Water.SensW,5,UNMATCHED_EQUATION,high,False,hold-needs-source-and-witness-review,"{""equation"": ""inlet.m_flow"", ""scalar_rows"": 1, ""rows_matched"": 0, ""confidence"": ""high"", ""result"": ""STRUCTURAL_MATCH_FAILURE"", ""note"": ""this constraint has no unknown left to determine; the region is over-constrained""}",/data/mrumoca/eval/results/thermopower/findings.jsonl
thermopower,historical-static,ThermoPower.Water.SensW,6,DUPLICATE_EQUATION,medium,False,hold-needs-source-and-witness-review,"{""equations"": ""(inlet.h_outflow - outlet.h_outflow), (inlet.h_outflow - outlet.h_outflow)"", ""count"": 2, ""confidence"": ""medium"", ""note"": ""the same constraint up to scale, stated more than once; one of them constrains nothing new""}",/data/mrumoca/eval/results/thermopower/findings.jsonl
thermopower,historical-static,ThermoPower.Water.FlowJoin,0,init-precondition-at-risk,low,False,hold-needs-source-and-witness-review,"{""expression"": ""(((in1.h_outflow * (in1.m_flow + wzero)) + (in2.h_outflow * (in2.m_flow + wzero))) / ((in1.m_flow + (2 * wzero)) + in2.m_flow))"", ""requirement"": ""divisor must not be zero"", ""initial_range"": ""[-2e+60, 200000]"", ""result"": ""UNKNOWN"", ""note"": ""the initial range of this operand contains a value the operation does not accept; whether it takes one is not decidable statically""}",/data/mrumoca/eval/results/thermopower/findings.jsonl
thermopower,historical-static,ThermoPower.Water.FlowJoin,1,network-port-unconnected,low,False,standalone-topology-not-defect-proof,"{""connector"": ""out"", ""component"": ""<top level>"", ""component_class"": ""unknown"", ""flows_forced_to_zero"": ""out.m_flow"", ""note"": ""nothing is connected to this port, so MLS \u00a79.2 forces its flow to zero. That is correct for a component compiled on its own and is not a defect; it is recorded because it is the commonest reason a model looks structurally singular""}",/data/mrumoca/eval/results/thermopower/findings.jsonl
thermopower,historical-static,ThermoPower.Water.FlowJoin,2,network-port-unconnected,low,False,standalone-topology-not-defect-proof,"{""connector"": ""in1"", ""component"": ""<top level>"", ""component_class"": ""unknown"", ""flows_forced_to_zero"": ""in1.m_flow"", ""note"": ""nothing is connected to this port, so MLS \u00a79.2 forces its flow to zero. That is correct for a component compiled on its own and is not a defect; it is recorded because it is the commonest reason a model looks structurally singular""}",/data/mrumoca/eval/results/thermopower/findings.jsonl
thermopower,historical-static,ThermoPower.Water.FlowJoin,3,network-port-unconnected,low,False,standalone-topology-not-defect-proof,"{""connector"": ""in2"", ""component"": ""<top level>"", ""component_class"": ""unknown"", ""flows_forced_to_zero"": ""in2.m_flow"", ""note"": ""nothing is connected to this port, so MLS \u00a79.2 forces its flow to zero. That is correct for a component compiled on its own and is not a defect; it is recorded because it is the commonest reason a model looks structurally singular""}",/data/mrumoca/eval/results/thermopower/findings.jsonl
thermopower,historical-static,ThermoPower.Water.FlowJoin,4,network-component-isolated,low,False,standalone-topology-not-defect-proof,"{""component"": ""<top level>"", ""component_class"": ""unknown"", ""ports"": ""out, in1, in2"", ""note"": ""every port of this instance is unconnected, so it exchanges nothing with the rest of the model while still contributing its equations""}",/data/mrumoca/eval/results/thermopower/findings.jsonl
thermopower,historical-static,ThermoPower.Water.FlowJoin,5,non-square-block,medium,False,hold-needs-source-and-witness-review,"{""block"": 0, ""equations"": 7, ""variables"": 6}",/data/mrumoca/eval/results/thermopower/findings.jsonl
thermopower,historical-static,ThermoPower.Water.FlowJoin,6,non-square-block,medium,False,hold-needs-source-and-witness-review,"{""block"": 1, ""equations"": 2, ""variables"": 3}",/data/mrumoca/eval/results/thermopower/findings.jsonl
thermopower,historical-static,ThermoPower.Water.FlowJoin,7,UNMATCHED_VARIABLE,high,False,hold-needs-source-and-witness-review,"{""variable"": ""in1.p"", ""scalars"": 1, ""scalars_determined"": 0, ""region_variables"": 3, ""region_equations"": 2, ""touching_equations"": ""1"", ""confidence"": ""high"", ""result"": ""STRUCTURAL_MATCH_FAILURE"", ""note"": ""no equation in the connected structural region can be matched to this unknown. This is a structural result and says nothing about algebraic rank.""}",/data/mrumoca/eval/results/thermopower/findings.jsonl
thermopower,historical-static,ThermoPower.Water.FlowJoin,8,UNMATCHED_EQUATION,high,False,hold-needs-source-and-witness-review,"{""equation"": ""out.m_flow"", ""scalar_rows"": 1, ""rows_matched"": 0, ""confidence"": ""high"", ""result"": ""STRUCTURAL_MATCH_FAILURE"", ""note"": ""this constraint has no unknown left to determine; the region is over-constrained""}",/data/mrumoca/eval/results/thermopower/findings.jsonl
thermopower,historical-static,ThermoPower.Water.ExpansionTankIdeal,0,network-port-unconnected,low,False,standalone-topology-not-defect-proof,"{""connector"": ""WaterInfl"", ""component"": ""<top level>"", ""component_class"": ""unknown"", ""flows_forced_to_zero"": ""WaterInfl.m_flow"", ""note"": ""nothing is connected to this port, so MLS \u00a79.2 forces its flow to zero. That is correct for a component compiled on its own and is not a defect; it is recorded because it is the commonest reason a model looks structurally singular""}",/data/mrumoca/eval/results/thermopower/findings.jsonl
thermopower,historical-static,ThermoPower.Water.ExpansionTankIdeal,1,network-port-unconnected,low,False,standalone-topology-not-defect-proof,"{""connector"": ""WaterOutfl"", ""component"": ""<top level>"", ""component_class"": ""unknown"", ""flows_forced_to_zero"": ""WaterOutfl.m_flow"", ""note"": ""nothing is connected to this port, so MLS \u00a79.2 forces its flow to zero. That is correct for a component compiled on its own and is not a defect; it is recorded because it is the commonest reason a model looks structurally singular""}",/data/mrumoca/eval/results/thermopower/findings.jsonl
thermopower,historical-static,ThermoPower.Water.ExpansionTankIdeal,2,network-component-isolated,low,False,standalone-topology-not-defect-proof,"{""component"": ""<top level>"", ""component_class"": ""unknown"", ""ports"": ""WaterInfl, WaterOutfl"", ""note"": ""every port of this instance is unconnected, so it exchanges nothing with the rest of the model while still contributing its equations""}",/data/mrumoca/eval/results/thermopower/findings.jsonl
thermopower,historical-static,ThermoPower.Water.ExpansionTankIdeal,3,DUPLICATE_EQUATION,medium,False,hold-needs-source-and-witness-review,"{""equations"": ""(WaterInfl.h_outflow - WaterOutfl.h_outflow), (WaterOutfl.h_outflow - WaterInfl.h_outflow)"", ""count"": 2, ""confidence"": ""medium"", ""note"": ""the same constraint up to scale, stated more than once; one of them constrains nothing new""}",/data/mrumoca/eval/results/thermopower/findings.jsonl
thermopower,historical-static,ThermoPower.Water.FlowSplit,0,network-port-unconnected,low,False,standalone-topology-not-defect-proof,"{""connector"": ""in1"", ""component"": ""<top level>"", ""component_class"": ""unknown"", ""flows_forced_to_zero"": ""in1.m_flow"", ""note"": ""nothing is connected to this port, so MLS \u00a79.2 forces its flow to zero. That is correct for a component compiled on its own and is not a defect; it is recorded because it is the commonest reason a model looks structurally singular""}",/data/mrumoca/eval/results/thermopower/findings.jsonl
thermopower,historical-static,ThermoPower.Water.FlowSplit,1,network-port-unconnected,low,False,standalone-topology-not-defect-proof,"{""connector"": ""out1"", ""component"": ""<top level>"", ""component_class"": ""unknown"", ""flows_forced_to_zero"": ""out1.m_flow"", ""note"": ""nothing is connected to this port, so MLS \u00a79.2 forces its flow to zero. That is correct for a component compiled on its own and is not a defect; it is recorded because it is the commonest reason a model looks structurally singular""}",/data/mrumoca/eval/results/thermopower/findings.jsonl
thermopower,historical-static,ThermoPower.Water.FlowSplit,2,network-port-unconnected,low,False,standalone-topology-not-defect-proof,"{""connector"": ""out2"", ""component"": ""<top level>"", ""component_class"": ""unknown"", ""flows_forced_to_zero"": ""out2.m_flow"", ""note"": ""nothing is connected to this port, so MLS \u00a79.2 forces its flow to zero. That is correct for a component compiled on its own and is not a defect; it is recorded because it is the commonest reason a model looks structurally singular""}",/data/mrumoca/eval/results/thermopower/findings.jsonl
thermopower,historical-static,ThermoPower.Water.FlowSplit,3,network-component-isolated,low,False,standalone-topology-not-defect-proof,"{""component"": ""<top level>"", ""component_class"": ""unknown"", ""ports"": ""in1, out1, out2"", ""note"": ""every port of this instance is unconnected, so it exchanges nothing with the rest of the model while still contributing its equations""}",/data/mrumoca/eval/results/thermopower/findings.jsonl
thermopower,historical-static,ThermoPower.Water.FlowSplit,4,non-square-block,medium,False,hold-needs-source-and-witness-review,"{""block"": 0, ""equations"": 7, ""variables"": 6}",/data/mrumoca/eval/results/thermopower/findings.jsonl
thermopower,historical-static,ThermoPower.Water.FlowSplit,5,non-square-block,medium,False,hold-needs-source-and-witness-review,"{""block"": 1, ""equations"": 2, ""variables"": 3}",/data/mrumoca/eval/results/thermopower/findings.jsonl
thermopower,historical-static,ThermoPower.Water.FlowSplit,6,UNMATCHED_VARIABLE,high,False,hold-needs-source-and-witness-review,"{""variable"": ""out1.p"", ""scalars"": 1, ""scalars_determined"": 0, ""region_variables"": 3, ""region_equations"": 2, ""touching_equations"": ""1"", ""confidence"": ""high"", ""result"": ""STRUCTURAL_MATCH_FAILURE"", ""note"": ""no equation in the connected structural region can be matched to this unknown. This is a structural result and says nothing about algebraic rank.""}",/data/mrumoca/eval/results/thermopower/findings.jsonl
thermopower,historical-static,ThermoPower.Water.FlowSplit,7,UNMATCHED_EQUATION,high,False,hold-needs-source-and-witness-review,"{""equation"": ""in1.m_flow"", ""scalar_rows"": 1, ""rows_matched"": 0, ""confidence"": ""high"", ""result"": ""STRUCTURAL_MATCH_FAILURE"", ""note"": ""this constraint has no unknown left to determine; the region is over-constrained""}",/data/mrumoca/eval/results/thermopower/findings.jsonl
thermopower,historical-static,ThermoPower.Water.ValveLin,0,network-port-unconnected,low,False,standalone-topology-not-defect-proof,"{""connector"": ""inlet"", ""component"": ""<top level>"", ""component_class"": ""unknown"", ""flows_forced_to_zero"": ""inlet.m_flow"", ""note"": ""nothing is connected to this port, so MLS \u00a79.2 forces its flow to zero. That is correct for a component compiled on its own and is not a defect; it is recorded because it is the commonest reason a model looks structurally singular""}",/data/mrumoca/eval/results/thermopower/findings.jsonl
thermopower,historical-static,ThermoPower.Water.ValveLin,1,network-port-unconnected,low,False,standalone-topology-not-defect-proof,"{""connector"": ""outlet"", ""component"": ""<top level>"", ""component_class"": ""unknown"", ""flows_forced_to_zero"": ""outlet.m_flow"", ""note"": ""nothing is connected to this port, so MLS \u00a79.2 forces its flow to zero. That is correct for a component compiled on its own and is not a defect; it is recorded because it is the commonest reason a model looks structurally singular""}",/data/mrumoca/eval/results/thermopower/findings.jsonl
thermopower,historical-static,ThermoPower.Water.ValveLin,2,network-component-isolated,low,False,standalone-topology-not-defect-proof,"{""component"": ""<top level>"", ""component_class"": ""unknown"", ""ports"": ""inlet, outlet"", ""note"": ""every port of this instance is unconnected, so it exchanges nothing with the rest of the model while still contributing its equations""}",/data/mrumoca/eval/results/thermopower/findings.jsonl
thermopower,historical-static,ThermoPower.Water.ValveLin,3,non-square-block,medium,False,hold-needs-source-and-witness-review,"{""block"": 0, ""equations"": 5, ""variables"": 6}",/data/mrumoca/eval/results/thermopower/findings.jsonl
thermopower,historical-static,ThermoPower.Water.ValveLin,4,UNMATCHED_VARIABLE,high,False,hold-needs-source-and-witness-review,"{""variable"": ""outlet.p"", ""scalars"": 1, ""scalars_determined"": 0, ""region_variables"": 5, ""region_equations"": 5, ""touching_equations"": ""1"", ""confidence"": ""high"", ""result"": ""STRUCTURAL_MATCH_FAILURE"", ""note"": ""no equation in the connected structural region can be matched to this unknown. This is a structural result and says nothing about algebraic rank.""}",/data/mrumoca/eval/results/thermopower/findings.jsonl
thermopower,historical-static,ThermoPower.Water.ValveLin,5,UNMATCHED_EQUATION,high,False,hold-needs-source-and-witness-review,"{""equation"": ""inlet.m_flow"", ""scalar_rows"": 1, ""rows_matched"": 0, ""confidence"": ""high"", ""result"": ""STRUCTURAL_MATCH_FAILURE"", ""note"": ""this constraint has no unknown left to determine; the region is over-constrained""}",/data/mrumoca/eval/results/thermopower/findings.jsonl
thermopower,historical-static,ThermoPower.Water.ValveLin,6,DUPLICATE_EQUATION,medium,False,hold-needs-source-and-witness-review,"{""equations"": ""(inlet.h_outflow - outlet.h_outflow), (inlet.h_outflow - outlet.h_outflow)"", ""count"": 2, ""confidence"": ""medium"", ""note"": ""the same constraint up to scale, stated more than once; one of them constrains nothing new""}",/data/mrumoca/eval/results/thermopower/findings.jsonl
thermopower,historical-static,ThermoPower.Water.ValveLin,7,STRUCTURE_DEGENERATES_AT_ZERO,low,False,hold-needs-source-and-witness-review,"{""parameter"": ""Kv"", ""contract"": ""ThermoPower.Water.ValveLin.Kv: feature_disabled (proven, from equation) \u2014 the parameter appears only as a multiplier, so at zero the term it scales drops out and the rest of the model is unaffected"", ""contract_behavior"": ""feature_disabled"", ""contract_confidence"": ""proven"", ""confidence"": ""low"", ""result"": ""TOPOLOGY_SPECIFIC"", ""incidences_lost"": 3, ""unknowns_left_undetermined"": 1, ""evidence_kind"": ""matching-shortfall"", ""note"": ""at zero the terms this parameter scales drop out, and the maximum matching over this model then falls short by 1: that many unknowns have no equation left to determine them. This is proof that the system is under-determined at that value, and it is a fact about this topology, not about the component's declaration.""}",/data/mrumoca/eval/results/thermopower/findings.jsonl
thermopower,historical-static,ThermoPower.Thermal.TempSource1Dlin,0,start-violates-min,high,False,hold-needs-source-and-witness-review,"{""variable"": ""wall.N"", ""start"": 0, ""bound"": ""min"", ""limit"": 1}",/data/mrumoca/eval/results/thermopower/findings.jsonl
thermopower,historical-static,ThermoPower.Thermal.TempSource1Dlin,1,network-port-unconnected,low,False,standalone-topology-not-defect-proof,"{""connector"": ""wall"", ""component"": ""<top level>"", ""component_class"": ""unknown"", ""flows_forced_to_zero"": ""wall.phi"", ""note"": ""nothing is connected to this port, so MLS \u00a79.2 forces its flow to zero. That is correct for a component compiled on its own and is not a defect; it is recorded because it is the commonest reason a model looks structurally singular""}",/data/mrumoca/eval/results/thermopower/findings.jsonl
thermopower,historical-static,ThermoPower.Thermal.TempSource1Dlin,2,network-component-isolated,low,False,standalone-topology-not-defect-proof,"{""component"": ""<top level>"", ""component_class"": ""unknown"", ""ports"": ""wall"", ""note"": ""every port of this instance is unconnected, so it exchanges nothing with the rest of the model while still contributing its equations""}",/data/mrumoca/eval/results/thermopower/findings.jsonl
thermopower,historical-static,ThermoPower.Water.ThroughMassFlow,0,network-port-unconnected,low,False,standalone-topology-not-defect-proof,"{""connector"": ""inlet"", ""component"": ""<top level>"", ""component_class"": ""unknown"", ""flows_forced_to_zero"": ""inlet.m_flow"", ""note"": ""nothing is connected to this port, so MLS \u00a79.2 forces its flow to zero. That is correct for a component compiled on its own and is not a defect; it is recorded because it is the commonest reason a model looks structurally singular""}",/data/mrumoca/eval/results/thermopower/findings.jsonl
thermopower,historical-static,ThermoPower.Water.ThroughMassFlow,1,network-port-unconnected,low,False,standalone-topology-not-defect-proof,"{""connector"": ""outlet"", ""component"": ""<top level>"", ""component_class"": ""unknown"", ""flows_forced_to_zero"": ""outlet.m_flow"", ""note"": ""nothing is connected to this port, so MLS \u00a79.2 forces its flow to zero. That is correct for a component compiled on its own and is not a defect; it is recorded because it is the commonest reason a model looks structurally singular""}",/data/mrumoca/eval/results/thermopower/findings.jsonl
thermopower,historical-static,ThermoPower.Water.ThroughMassFlow,2,network-component-isolated,low,False,standalone-topology-not-defect-proof,"{""component"": ""<top level>"", ""component_class"": ""unknown"", ""ports"": ""inlet, outlet"", ""note"": ""every port of this instance is unconnected, so it exchanges nothing with the rest of the model while still contributing its equations""}",/data/mrumoca/eval/results/thermopower/findings.jsonl
thermopower,historical-static,ThermoPower.Water.ThroughMassFlow,3,non-square-block,medium,False,hold-needs-source-and-witness-review,"{""block"": 0, ""equations"": 6, ""variables"": 4}",/data/mrumoca/eval/results/thermopower/findings.jsonl
thermopower,historical-static,ThermoPower.Water.ThroughMassFlow,4,UNMATCHED_EQUATION,high,False,hold-needs-source-and-witness-review,"{""equation"": ""(in_w0_internal - w0)"", ""scalar_rows"": 1, ""rows_matched"": 0, ""confidence"": ""high"", ""result"": ""STRUCTURAL_MATCH_FAILURE"", ""note"": ""this constraint has no unknown left to determine; the region is over-constrained""}",/data/mrumoca/eval/results/thermopower/findings.jsonl
thermopower,historical-static,ThermoPower.Water.ThroughMassFlow,5,UNMATCHED_EQUATION,high,False,hold-needs-source-and-witness-review,"{""equation"": ""inlet.m_flow"", ""scalar_rows"": 1, ""rows_matched"": 0, ""confidence"": ""high"", ""result"": ""STRUCTURAL_MATCH_FAILURE"", ""note"": ""this constraint has no unknown left to determine; the region is over-constrained""}",/data/mrumoca/eval/results/thermopower/findings.jsonl
thermopower,historical-static,ThermoPower.Water.ThroughMassFlow,6,DUPLICATE_EQUATION,medium,False,hold-needs-source-and-witness-review,"{""equations"": ""(inlet.h_outflow - outlet.h_outflow), (inlet.h_outflow - outlet.h_outflow)"", ""count"": 2, ""confidence"": ""medium"", ""note"": ""the same constraint up to scale, stated more than once; one of them constrains nothing new""}",/data/mrumoca/eval/results/thermopower/findings.jsonl
thermopower,historical-static,ThermoPower.Water.PressDropLin,0,network-port-unconnected,low,False,standalone-topology-not-defect-proof,"{""connector"": ""inlet"", ""component"": ""<top level>"", ""component_class"": ""unknown"", ""flows_forced_to_zero"": ""inlet.m_flow"", ""note"": ""nothing is connected to this port, so MLS \u00a79.2 forces its flow to zero. That is correct for a component compiled on its own and is not a defect; it is recorded because it is the commonest reason a model looks structurally singular""}",/data/mrumoca/eval/results/thermopower/findings.jsonl
thermopower,historical-static,ThermoPower.Water.PressDropLin,1,network-port-unconnected,low,False,standalone-topology-not-defect-proof,"{""connector"": ""outlet"", ""component"": ""<top level>"", ""component_class"": ""unknown"", ""flows_forced_to_zero"": ""outlet.m_flow"", ""note"": ""nothing is connected to this port, so MLS \u00a79.2 forces its flow to zero. That is correct for a component compiled on its own and is not a defect; it is recorded because it is the commonest reason a model looks structurally singular""}",/data/mrumoca/eval/results/thermopower/findings.jsonl
thermopower,historical-static,ThermoPower.Water.PressDropLin,2,network-component-isolated,low,False,standalone-topology-not-defect-proof,"{""component"": ""<top level>"", ""component_class"": ""unknown"", ""ports"": ""inlet, outlet"", ""note"": ""every port of this instance is unconnected, so it exchanges nothing with the rest of the model while still contributing its equations""}",/data/mrumoca/eval/results/thermopower/findings.jsonl
thermopower,historical-static,ThermoPower.Water.PressDropLin,3,UNMATCHED_VARIABLE,high,False,hold-needs-source-and-witness-review,"{""variable"": ""outlet.p"", ""scalars"": 1, ""scalars_determined"": 0, ""region_variables"": 4, ""region_equations"": 4, ""touching_equations"": ""1"", ""confidence"": ""high"", ""result"": ""STRUCTURAL_MATCH_FAILURE"", ""note"": ""no equation in the connected structural region can be matched to this unknown. This is a structural result and says nothing about algebraic rank.""}",/data/mrumoca/eval/results/thermopower/findings.jsonl
thermopower,historical-static,ThermoPower.Water.PressDropLin,4,UNMATCHED_EQUATION,high,False,hold-needs-source-and-witness-review,"{""equation"": ""inlet.m_flow"", ""scalar_rows"": 1, ""rows_matched"": 0, ""confidence"": ""high"", ""result"": ""STRUCTURAL_MATCH_FAILURE"", ""note"": ""this constraint has no unknown left to determine; the region is over-constrained""}",/data/mrumoca/eval/results/thermopower/findings.jsonl
thermopower,historical-static,ThermoPower.Water.PressDropLin,5,DUPLICATE_EQUATION,medium,False,hold-needs-source-and-witness-review,"{""equations"": ""(inlet.h_outflow - outlet.h_outflow), (inlet.h_outflow - outlet.h_outflow)"", ""count"": 2, ""confidence"": ""medium"", ""note"": ""the same constraint up to scale, stated more than once; one of them constrains nothing new""}",/data/mrumoca/eval/results/thermopower/findings.jsonl
thermopower,historical-static,ThermoPower.Water.SensP,0,network-port-unconnected,low,False,standalone-topology-not-defect-proof,"{""connector"": ""flange"", ""component"": ""<top level>"", ""component_class"": ""unknown"", ""flows_forced_to_zero"": ""flange.m_flow"", ""note"": ""nothing is connected to this port, so MLS \u00a79.2 forces its flow to zero. That is correct for a component compiled on its own and is not a defect; it is recorded because it is the commonest reason a model looks structurally singular""}",/data/mrumoca/eval/results/thermopower/findings.jsonl
thermopower,historical-static,ThermoPower.Water.SensP,1,network-component-isolated,low,False,standalone-topology-not-defect-proof,"{""component"": ""<top level>"", ""component_class"": ""unknown"", ""ports"": ""flange"", ""note"": ""every port of this instance is unconnected, so it exchanges nothing with the rest of the model while still contributing its equations""}",/data/mrumoca/eval/results/thermopower/findings.jsonl
thermopower,historical-static,ThermoPower.Water.SensP,2,non-square-block,medium,False,hold-needs-source-and-witness-review,"{""block"": 0, ""equations"": 2, ""variables"": 1}",/data/mrumoca/eval/results/thermopower/findings.jsonl
thermopower,historical-static,ThermoPower.Water.SensP,3,UNMATCHED_VARIABLE,high,False,hold-needs-source-and-witness-review,"{""variable"": ""flange.p"", ""scalars"": 1, ""scalars_determined"": 0, ""region_variables"": 2, ""region_equations"": 1, ""touching_equations"": ""1"", ""confidence"": ""high"", ""result"": ""STRUCTURAL_MATCH_FAILURE"", ""note"": ""no equation in the connected structural region can be matched to this unknown. This is a structural result and says nothing about algebraic rank.""}",/data/mrumoca/eval/results/thermopower/findings.jsonl
thermopower,historical-static,ThermoPower.Water.SensP,4,UNMATCHED_EQUATION,high,False,hold-needs-source-and-witness-review,"{""equation"": ""flange.m_flow"", ""scalar_rows"": 1, ""rows_matched"": 0, ""confidence"": ""high"", ""result"": ""STRUCTURAL_MATCH_FAILURE"", ""note"": ""this constraint has no unknown left to determine; the region is over-constrained""}",/data/mrumoca/eval/results/thermopower/findings.jsonl
thermopower,historical-static,ThermoPower.Water.SensP,5,DUPLICATE_EQUATION,medium,False,hold-needs-source-and-witness-review,"{""equations"": ""(flange.m_flow - 0), flange.m_flow"", ""count"": 2, ""confidence"": ""medium"", ""note"": ""the same constraint up to scale, stated more than once; one of them constrains nothing new""}",/data/mrumoca/eval/results/thermopower/findings.jsonl
thermopower,runtime-v3,ThermoPower.Electrical.PowerSensor,0,network-port-unconnected,low,False,execution-not-completed,"{""connector"": ""port_a"", ""component"": ""<top level>"", ""component_class"": ""unknown"", ""flows_forced_to_zero"": ""port_a.P"", ""note"": ""nothing is connected to this port, so MLS \u00a79.2 forces its flow to zero. That is correct for a component compiled on its own and is not a defect; it is recorded because it is the commonest reason a model looks structurally singular""}",/data/mrumoca/eval/results_v3/thermopower/runtime_free.jsonl
thermopower,runtime-v3,ThermoPower.Electrical.PowerSensor,1,network-port-unconnected,low,False,execution-not-completed,"{""connector"": ""port_b"", ""component"": ""<top level>"", ""component_class"": ""unknown"", ""flows_forced_to_zero"": ""port_b.P"", ""note"": ""nothing is connected to this port, so MLS \u00a79.2 forces its flow to zero. That is correct for a component compiled on its own and is not a defect; it is recorded because it is the commonest reason a model looks structurally singular""}",/data/mrumoca/eval/results_v3/thermopower/runtime_free.jsonl
thermopower,runtime-v3,ThermoPower.Electrical.PowerSensor,2,network-component-isolated,low,False,execution-not-completed,"{""component"": ""<top level>"", ""component_class"": ""unknown"", ""ports"": ""port_a, port_b"", ""note"": ""every port of this instance is unconnected, so it exchanges nothing with the rest of the model while still contributing its equations""}",/data/mrumoca/eval/results_v3/thermopower/runtime_free.jsonl
thermopower,runtime-v3,ThermoPower.Electrical.PowerSensor,3,network-observation-incomplete,info,False,execution-not-completed,"{""reason"": ""missing or unsynchronized connector member observations"", ""note"": ""coverage gap, not a model defect""}",/data/mrumoca/eval/results_v3/thermopower/runtime_free.jsonl
thermopower,runtime-v3,ThermoPower.Electrical.PowerSensor,4,initialization-failure,high,False,execution-not-completed,"{""failure_kind"": ""singular-system"", ""reason"": ""er.Electrical.PowerSensor to t=1 with 5 trace point(s)... \u001b[31m\u001b[0m simulation failed: DAE structural proof failed: structurally singular \u001b[31m\u2502\u001b[0m system: 4 matched out of 5 equations and 5 unknowns"", ""raw"": ""reading /tmp/tmpe5dawzg7/traced.rbc (bitcode v2, cbor) Simulating ThermoPower.Electrical.PowerSensor to t=1 with 5 trace point(s)... \u001b[31m\u001b[0m simulation failed: DAE structural proof failed: structurally singular \u001b[31m\u2502\u001b[0m system: 4 matched out of 5 equations and 5 unknowns"", ""tool_side"": false}",/data/mrumoca/eval/results_v3/thermopower/runtime_free.jsonl
thermopower,runtime-v3,ThermoPower.Electrical.FrequencySensor,0,network-port-unconnected,low,False,execution-not-completed,"{""connector"": ""port"", ""component"": ""<top level>"", ""component_class"": ""unknown"", ""flows_forced_to_zero"": ""port.P"", ""note"": ""nothing is connected to this port, so MLS \u00a79.2 forces its flow to zero. That is correct for a component compiled on its own and is not a defect; it is recorded because it is the commonest reason a model looks structurally singular""}",/data/mrumoca/eval/results_v3/thermopower/runtime_free.jsonl
thermopower,runtime-v3,ThermoPower.Electrical.FrequencySensor,1,network-component-isolated,low,False,execution-not-completed,"{""component"": ""<top level>"", ""component_class"": ""unknown"", ""ports"": ""port"", ""note"": ""every port of this instance is unconnected, so it exchanges nothing with the rest of the model while still contributing its equations""}",/data/mrumoca/eval/results_v3/thermopower/runtime_free.jsonl
thermopower,runtime-v3,ThermoPower.Electrical.FrequencySensor,2,network-observation-incomplete,info,False,execution-not-completed,"{""reason"": ""missing or unsynchronized connector member observations"", ""note"": ""coverage gap, not a model defect""}",/data/mrumoca/eval/results_v3/thermopower/runtime_free.jsonl
thermopower,runtime-v3,ThermoPower.Electrical.FrequencySensor,3,initialization-failure,high,False,execution-not-completed,"{""failure_kind"": ""singular-system"", ""reason"": ""lectrical.FrequencySensor to t=1 with 3 trace point(s)... \u001b[31m\u001b[0m simulation failed: DAE structural proof failed: structurally singular \u001b[31m\u2502\u001b[0m system: 2 matched out of 3 equations and 3 unknowns"", ""raw"": ""reading /tmp/tmp8kv0j5kw/traced.rbc (bitcode v2, cbor) Simulating ThermoPower.Electrical.FrequencySensor to t=1 with 3 trace point(s)... \u001b[31m\u001b[0m simulation failed: DAE structural proof failed: structurally singular \u001b[31m\u2502\u001b[0m system: 2 matched out of 3 equations and 3 unknowns"", ""tool_side"": false}",/data/mrumoca/eval/results_v3/thermopower/runtime_free.jsonl
thermopower,runtime-v3,ThermoPower.Electrical.Breaker,0,network-port-unconnected,low,True,execution-not-completed,"{""connector"": ""port_a"", ""component"": ""<top level>"", ""component_class"": ""unknown"", ""flows_forced_to_zero"": ""port_a.P"", ""note"": ""nothing is connected to this port, so MLS \u00a79.2 forces its flow to zero. That is correct for a component compiled on its own and is not a defect; it is recorded because it is the commonest reason a model looks structurally singular""}",/data/mrumoca/eval/results_v3/thermopower/runtime_free.jsonl
thermopower,runtime-v3,ThermoPower.Electrical.Breaker,1,network-port-unconnected,low,True,execution-not-completed,"{""connector"": ""port_b"", ""component"": ""<top level>"", ""component_class"": ""unknown"", ""flows_forced_to_zero"": ""port_b.P"", ""note"": ""nothing is connected to this port, so MLS \u00a79.2 forces its flow to zero. That is correct for a component compiled on its own and is not a defect; it is recorded because it is the commonest reason a model looks structurally singular""}",/data/mrumoca/eval/results_v3/thermopower/runtime_free.jsonl
thermopower,runtime-v3,ThermoPower.Electrical.Breaker,2,network-component-isolated,low,True,execution-not-completed,"{""component"": ""<top level>"", ""component_class"": ""unknown"", ""ports"": ""port_a, port_b"", ""note"": ""every port of this instance is unconnected, so it exchanges nothing with the rest of the model while still contributing its equations""}",/data/mrumoca/eval/results_v3/thermopower/runtime_free.jsonl
thermopower,runtime-v3,ThermoPower.Electrical.Breaker,3,network-observation-incomplete,info,True,execution-not-completed,"{""reason"": ""missing or unsynchronized connector member observations"", ""note"": ""coverage gap, not a model defect""}",/data/mrumoca/eval/results_v3/thermopower/runtime_free.jsonl
thermopower,runtime-v3,ThermoPower.Electrical.Breaker,4,initialization-failure,high,True,execution-not-completed,"{""failure_kind"": ""singular-system"", ""reason"": ""oPower.Electrical.Breaker to t=1 with 6 trace point(s)... \u001b[31m\u001b[0m simulation failed: DAE structural proof failed: structurally singular \u001b[31m\u2502\u001b[0m system: 4 matched out of 5 equations and 5 unknowns"", ""raw"": ""reading /tmp/tmp6bpgznav/traced.rbc (bitcode v2, cbor) holding 1 free input(s) constant at their start values: closed=0 Simulating ThermoPower.Electrical.Breaker to t=1 with 6 trace point(s)... \u001b[31m\u001b[0m simulation failed: DAE structural proof failed: structurally singular \u001b[31m\u2502\u001b[0m system: 4 matched out of 5 equations and 5 unknowns"", ""tool_side"": false}",/data/mrumoca/eval/results_v3/thermopower/runtime_free.jsonl
thermopower,runtime-v3,ThermoPower.Electrical.Grid,0,network-port-unconnected,low,False,execution-not-completed,"{""connector"": ""port"", ""component"": ""<top level>"", ""component_class"": ""unknown"", ""flows_forced_to_zero"": ""port.P"", ""note"": ""nothing is connected to this port, so MLS \u00a79.2 forces its flow to zero. That is correct for a component compiled on its own and is not a defect; it is recorded because it is the commonest reason a model looks structurally singular""}",/data/mrumoca/eval/results_v3/thermopower/runtime_free.jsonl
thermopower,runtime-v3,ThermoPower.Electrical.Grid,1,network-component-isolated,low,False,execution-not-completed,"{""component"": ""<top level>"", ""component_class"": ""unknown"", ""ports"": ""port"", ""note"": ""every port of this instance is unconnected, so it exchanges nothing with the rest of the model while still contributing its equations""}",/data/mrumoca/eval/results_v3/thermopower/runtime_free.jsonl
thermopower,runtime-v3,ThermoPower.Electrical.Grid,2,network-observation-incomplete,info,False,execution-not-completed,"{""reason"": ""missing or unsynchronized connector member observations"", ""note"": ""coverage gap, not a model defect""}",/data/mrumoca/eval/results_v3/thermopower/runtime_free.jsonl
thermopower,runtime-v3,ThermoPower.Electrical.Grid,3,initialization-failure,high,False,execution-not-completed,"{""failure_kind"": ""unknown"", ""reason"": ""raced.rbc (bitcode v2, cbor) Simulating ThermoPower.Electrical.Grid to t=1 with 3 trace point(s)... \u001b[31m\u001b[0m simulation failed: parameter `Pgrid` has neither a binding nor an initial \u001b[31m\u2502\u001b[0m value"", ""raw"": ""reading /tmp/tmprx48p3yg/traced.rbc (bitcode v2, cbor) Simulating ThermoPower.Electrical.Grid to t=1 with 3 trace point(s)... \u001b[31m\u001b[0m simulation failed: parameter `Pgrid` has neither a binding nor an initial \u001b[31m\u2502\u001b[0m value"", ""tool_side"": false}",/data/mrumoca/eval/results_v3/thermopower/runtime_free.jsonl
thermopower,runtime-v3,ThermoPower.Electrical.TransmissionLine,0,network-port-unconnected,low,False,execution-not-completed,"{""connector"": ""port_a"", ""component"": ""<top level>"", ""component_class"": ""unknown"", ""flows_forced_to_zero"": ""port_a.P"", ""note"": ""nothing is connected to this port, so MLS \u00a79.2 forces its flow to zero. That is correct for a component compiled on its own and is not a defect; it is recorded because it is the commonest reason a model looks structurally singular""}",/data/mrumoca/eval/results_v3/thermopower/runtime_free.jsonl
thermopower,runtime-v3,ThermoPower.Electrical.TransmissionLine,1,network-port-unconnected,low,False,execution-not-completed,"{""connector"": ""port_b"", ""component"": ""<top level>"", ""component_class"": ""unknown"", ""flows_forced_to_zero"": ""port_b.P"", ""note"": ""nothing is connected to this port, so MLS \u00a79.2 forces its flow to zero. That is correct for a component compiled on its own and is not a defect; it is recorded because it is the commonest reason a model looks structurally singular""}",/data/mrumoca/eval/results_v3/thermopower/runtime_free.jsonl
thermopower,runtime-v3,ThermoPower.Electrical.TransmissionLine,2,network-component-isolated,low,False,execution-not-completed,"{""component"": ""<top level>"", ""component_class"": ""unknown"", ""ports"": ""port_a, port_b"", ""note"": ""every port of this instance is unconnected, so it exchanges nothing with the rest of the model while still contributing its equations""}",/data/mrumoca/eval/results_v3/thermopower/runtime_free.jsonl
thermopower,runtime-v3,ThermoPower.Electrical.TransmissionLine,3,network-observation-incomplete,info,False,execution-not-completed,"{""reason"": ""missing or unsynchronized connector member observations"", ""note"": ""coverage gap, not a model defect""}",/data/mrumoca/eval/results_v3/thermopower/runtime_free.jsonl
thermopower,runtime-v3,ThermoPower.Electrical.TransmissionLine,4,initialization-failure,high,False,execution-not-completed,"{""failure_kind"": ""singular-system"", ""reason"": ""ectrical.TransmissionLine to t=1 with 6 trace point(s)... \u001b[31m\u001b[0m simulation failed: DAE structural proof failed: structurally singular \u001b[31m\u2502\u001b[0m system: 5 matched out of 6 equations and 6 unknowns"", ""raw"": ""reading /tmp/tmp6ve7otlh/traced.rbc (bitcode v2, cbor) Simulating ThermoPower.Electrical.TransmissionLine to t=1 with 6 trace point(s)... \u001b[31m\u001b[0m simulation failed: DAE structural proof failed: structurally singular \u001b[31m\u2502\u001b[0m system: 5 matched out of 6 equations and 6 unknowns"", ""tool_side"": false}",/data/mrumoca/eval/results_v3/thermopower/runtime_free.jsonl
thermopower,runtime-v3,ThermoPower.Electrical.Load,0,network-port-unconnected,low,False,execution-not-completed,"{""connector"": ""port"", ""component"": ""<top level>"", ""component_class"": ""unknown"", ""flows_forced_to_zero"": ""port.P"", ""note"": ""nothing is connected to this port, so MLS \u00a79.2 forces its flow to zero. That is correct for a component compiled on its own and is not a defect; it is recorded because it is the commonest reason a model looks structurally singular""}",/data/mrumoca/eval/results_v3/thermopower/runtime_free.jsonl
thermopower,runtime-v3,ThermoPower.Electrical.Load,1,network-component-isolated,low,False,execution-not-completed,"{""component"": ""<top level>"", ""component_class"": ""unknown"", ""ports"": ""port"", ""note"": ""every port of this instance is unconnected, so it exchanges nothing with the rest of the model while still contributing its equations""}",/data/mrumoca/eval/results_v3/thermopower/runtime_free.jsonl
thermopower,runtime-v3,ThermoPower.Electrical.Load,2,network-observation-incomplete,info,False,execution-not-completed,"{""reason"": ""missing or unsynchronized connector member observations"", ""note"": ""coverage gap, not a model defect""}",/data/mrumoca/eval/results_v3/thermopower/runtime_free.jsonl
thermopower,runtime-v3,ThermoPower.Electrical.Load,3,initialization-failure,high,False,execution-not-completed,"{""failure_kind"": ""singular-system"", ""reason"": ""ermoPower.Electrical.Load to t=1 with 6 trace point(s)... \u001b[31m\u001b[0m simulation failed: DAE structural proof failed: structurally singular \u001b[31m\u2502\u001b[0m system: 5 matched out of 6 equations and 6 unknowns"", ""raw"": ""reading /tmp/tmpdsicixbk/traced.rbc (bitcode v2, cbor) Simulating ThermoPower.Electrical.Load to t=1 with 6 trace point(s)... \u001b[31m\u001b[0m simulation failed: DAE structural proof failed: structurally singular \u001b[31m\u2502\u001b[0m system: 5 matched out of 6 equations and 6 unknowns"", ""tool_side"": false}",/data/mrumoca/eval/results_v3/thermopower/runtime_free.jsonl
thermopower,runtime-v3,ThermoPower.Electrical.Generator,0,network-port-unconnected,low,False,execution-not-completed,"{""connector"": ""port"", ""component"": ""<top level>"", ""component_class"": ""unknown"", ""flows_forced_to_zero"": ""port.P"", ""note"": ""nothing is connected to this port, so MLS \u00a79.2 forces its flow to zero. That is correct for a component compiled on its own and is not a defect; it is recorded because it is the commonest reason a model looks structurally singular""}",/data/mrumoca/eval/results_v3/thermopower/runtime_free.jsonl
thermopower,runtime-v3,ThermoPower.Electrical.Generator,1,network-port-unconnected,low,False,execution-not-completed,"{""connector"": ""shaft"", ""component"": ""<top level>"", ""component_class"": ""unknown"", ""flows_forced_to_zero"": ""shaft.tau"", ""note"": ""nothing is connected to this port, so MLS \u00a79.2 forces its flow to zero. That is correct for a component compiled on its own and is not a defect; it is recorded because it is the commonest reason a model looks structurally singular""}",/data/mrumoca/eval/results_v3/thermopower/runtime_free.jsonl
thermopower,runtime-v3,ThermoPower.Electrical.Generator,2,network-component-isolated,low,False,execution-not-completed,"{""component"": ""<top level>"", ""component_class"": ""unknown"", ""ports"": ""port, shaft"", ""note"": ""every port of this instance is unconnected, so it exchanges nothing with the rest of the model while still contributing its equations""}",/data/mrumoca/eval/results_v3/thermopower/runtime_free.jsonl
thermopower,runtime-v3,ThermoPower.Electrical.Generator,3,physical-zero-is-a-supported-limit,low,False,execution-not-completed,"{""domain"": ""mechanical"", ""rule"": ""mech.inertia.positive"", ""rule_origin"": ""the rotational analogue of mass; J = 0 leaves angular acceleration undetermined"", ""rule_reference"": ""MSL Mechanics.Rotational.Components.Inertia"", ""matched_by"": {""quantity"": ""MomentOfInertia"", ""unit"": ""kg.m2"", ""confidence"": ""QUANTITY_AND_UNIT"", ""premise_state"": ""unknown"", ""authority"": ""quantity_or_unit"", ""canonical_declaration"": ""ThermoPower.Electrical.Generator.J""}, ""required"": ""J > 0"", ""declared_min"": null, ""variable_role"": ""parameter"", ""premise_state"": ""refuted"", ""authority"": ""component_contract"", ""contract"": ""ThermoPower.Electrical.Generator.J: algebraic_limit (proven, from equation) \u2014 the parameter multiplies a derivative, so at zero the differential relation becomes an algebraic constraint rather than an undefined quotient"", ""contract_behavior"": ""algebraic_limit"", ""contract_confidence"": ""proven"", ""contract_source"": ""equation"", ""note"": ""the positivity rule does not apply: this component documents zero as a meaningful limit, so reporting a missing bound would contradict its contract""}",/data/mrumoca/eval/results_v3/thermopower/runtime_free.jsonl
thermopower,runtime-v3,ThermoPower.Electrical.Generator,4,network-observation-incomplete,info,False,execution-not-completed,"{""reason"": ""missing or unsynchronized connector member observations"", ""note"": ""coverage gap, not a model defect""}",/data/mrumoca/eval/results_v3/thermopower/runtime_free.jsonl
thermopower,runtime-v3,ThermoPower.Electrical.Generator,5,initialization-failure,high,False,execution-not-completed,"{""failure_kind"": ""unknown"", ""reason"": "".rbc (bitcode v2, cbor) Simulating ThermoPower.Electrical.Generator to t=1 with 15 trace point(s)... \u001b[31m\u001b[0m simulation failed: parameter `Pnom` has neither a binding nor an initial \u001b[31m\u2502\u001b[0m value"", ""raw"": ""reading /tmp/tmp5hzyfit5/traced.rbc (bitcode v2, cbor) Simulating ThermoPower.Electrical.Generator to t=1 with 15 trace point(s)... \u001b[31m\u001b[0m simulation failed: parameter `Pnom` has neither a binding nor an initial \u001b[31m\u2502\u001b[0m value"", ""tool_side"": false}",/data/mrumoca/eval/results_v3/thermopower/runtime_free.jsonl
thermopower,runtime-v3,ThermoPower.Examples.RankineCycle.Models.PID,0,initialization-failure,high,True,execution-not-completed,"{""failure_kind"": ""unknown"", ""reason"": ""s: PV=0, SP=0 Simulating ThermoPower.Examples.RankineCycle.Models.PID to t=1 with 13 trace point(s)... \u001b[31m\u001b[0m simulation failed: parameter `Ti` has neither a binding nor an initial \u001b[31m\u2502\u001b[0m value"", ""raw"": ""reading /tmp/tmpt32gp_dz/traced.rbc (bitcode v2, cbor) holding 2 free input(s) constant at their start values: PV=0, SP=0 Simulating ThermoPower.Examples.RankineCycle.Models.PID to t=1 with 13 trace point(s)... \u001b[31m\u001b[0m simulation failed: parameter `Ti` has neither a binding nor an initial \u001b[31m\u2502\u001b[0m value"", ""tool_side"": false}",/data/mrumoca/eval/results_v3/thermopower/runtime_free.jsonl
thermopower,runtime-v3,ThermoPower.Functions.OffsetController,0,initialization-failure,high,True,execution-not-completed,"{""failure_kind"": ""unknown"", ""reason"": ""ues: deltaCO=0, PV=0 Simulating ThermoPower.Functions.OffsetController to t=1 with 6 trace point(s)... \u001b[31m\u001b[0m simulation failed: parameter `Ti` has neither a binding nor an initial \u001b[31m\u2502\u001b[0m value"", ""raw"": ""reading /tmp/tmpggdwo1ib/traced.rbc (bitcode v2, cbor) holding 2 free input(s) constant at their start values: deltaCO=0, PV=0 Simulating ThermoPower.Functions.OffsetController to t=1 with 6 trace point(s)... \u001b[31m\u001b[0m simulation failed: parameter `Ti` has neither a binding nor an initial \u001b[31m\u2502\u001b[0m value"", ""tool_side"": false}",/data/mrumoca/eval/results_v3/thermopower/runtime_free.jsonl
thermopower,runtime-v3,ThermoPower.Gas.PressDropLin,0,network-port-unconnected,low,False,execution-not-completed,"{""connector"": ""inlet"", ""component"": ""<top level>"", ""component_class"": ""unknown"", ""flows_forced_to_zero"": ""inlet.m_flow"", ""note"": ""nothing is connected to this port, so MLS \u00a79.2 forces its flow to zero. That is correct for a component compiled on its own and is not a defect; it is recorded because it is the commonest reason a model looks structurally singular""}",/data/mrumoca/eval/results_v3/thermopower/runtime_free.jsonl
thermopower,runtime-v3,ThermoPower.Gas.PressDropLin,1,network-port-unconnected,low,False,execution-not-completed,"{""connector"": ""outlet"", ""component"": ""<top level>"", ""component_class"": ""unknown"", ""flows_forced_to_zero"": ""outlet.m_flow"", ""note"": ""nothing is connected to this port, so MLS \u00a79.2 forces its flow to zero. That is correct for a component compiled on its own and is not a defect; it is recorded because it is the commonest reason a model looks structurally singular""}",/data/mrumoca/eval/results_v3/thermopower/runtime_free.jsonl
thermopower,runtime-v3,ThermoPower.Gas.PressDropLin,2,network-component-isolated,low,False,execution-not-completed,"{""component"": ""<top level>"", ""component_class"": ""unknown"", ""ports"": ""inlet, outlet"", ""note"": ""every port of this instance is unconnected, so it exchanges nothing with the rest of the model while still contributing its equations""}",/data/mrumoca/eval/results_v3/thermopower/runtime_free.jsonl
thermopower,runtime-v3,ThermoPower.Gas.PressDropLin,3,network-observation-incomplete,info,False,execution-not-completed,"{""reason"": ""missing or unsynchronized connector member observations"", ""note"": ""coverage gap, not a model defect""}",/data/mrumoca/eval/results_v3/thermopower/runtime_free.jsonl
thermopower,runtime-v3,ThermoPower.Gas.PressDropLin,4,initialization-failure,high,False,execution-not-completed,"{""failure_kind"": ""singular-system"", ""reason"": ""rmoPower.Gas.PressDropLin to t=1 with 6 trace point(s)... \u001b[31m\u001b[0m simulation failed: DAE structural proof failed: structurally singular \u001b[31m\u2502\u001b[0m system: 5 matched out of 6 equations and 6 unknowns"", ""raw"": ""reading /tmp/tmp8dl1az2i/traced.rbc (bitcode v2, cbor) Simulating ThermoPower.Gas.PressDropLin to t=1 with 6 trace point(s)... \u001b[31m\u001b[0m simulation failed: DAE structural proof failed: structurally singular \u001b[31m\u2502\u001b[0m system: 5 matched out of 6 equations and 6 unknowns"", ""tool_side"": false}",/data/mrumoca/eval/results_v3/thermopower/runtime_free.jsonl
thermopower,runtime-v3,ThermoPower.Gas.FlowSplit,0,network-port-unconnected,low,False,execution-not-completed,"{""connector"": ""inlet"", ""component"": ""<top level>"", ""component_class"": ""unknown"", ""flows_forced_to_zero"": ""inlet.m_flow"", ""note"": ""nothing is connected to this port, so MLS \u00a79.2 forces its flow to zero. That is correct for a component compiled on its own and is not a defect; it is recorded because it is the commonest reason a model looks structurally singular""}",/data/mrumoca/eval/results_v3/thermopower/runtime_free.jsonl
thermopower,runtime-v3,ThermoPower.Gas.FlowSplit,1,network-port-unconnected,low,False,execution-not-completed,"{""connector"": ""outlet1"", ""component"": ""<top level>"", ""component_class"": ""unknown"", ""flows_forced_to_zero"": ""outlet1.m_flow"", ""note"": ""nothing is connected to this port, so MLS \u00a79.2 forces its flow to zero. That is correct for a component compiled on its own and is not a defect; it is recorded because it is the commonest reason a model looks structurally singular""}",/data/mrumoca/eval/results_v3/thermopower/runtime_free.jsonl
thermopower,runtime-v3,ThermoPower.Gas.FlowSplit,2,network-port-unconnected,low,False,execution-not-completed,"{""connector"": ""outlet2"", ""component"": ""<top level>"", ""component_class"": ""unknown"", ""flows_forced_to_zero"": ""outlet2.m_flow"", ""note"": ""nothing is connected to this port, so MLS \u00a79.2 forces its flow to zero. That is correct for a component compiled on its own and is not a defect; it is recorded because it is the commonest reason a model looks structurally singular""}",/data/mrumoca/eval/results_v3/thermopower/runtime_free.jsonl
thermopower,runtime-v3,ThermoPower.Gas.FlowSplit,3,network-component-isolated,low,False,execution-not-completed,"{""component"": ""<top level>"", ""component_class"": ""unknown"", ""ports"": ""inlet, outlet1, outlet2"", ""note"": ""every port of this instance is unconnected, so it exchanges nothing with the rest of the model while still contributing its equations""}",/data/mrumoca/eval/results_v3/thermopower/runtime_free.jsonl
thermopower,runtime-v3,ThermoPower.Gas.FlowSplit,4,network-observation-incomplete,info,False,execution-not-completed,"{""reason"": ""missing or unsynchronized connector member observations"", ""note"": ""coverage gap, not a model defect""}",/data/mrumoca/eval/results_v3/thermopower/runtime_free.jsonl
thermopower,runtime-v3,ThermoPower.Gas.FlowSplit,5,initialization-failure,high,False,execution-not-completed,"{""failure_kind"": ""singular-system"", ""reason"": ""ThermoPower.Gas.FlowSplit to t=1 with 9 trace point(s)... \u001b[31m\u001b[0m simulation failed: DAE structural proof failed: structurally singular \u001b[31m\u2502\u001b[0m system: 8 matched out of 9 equations and 9 unknowns"", ""raw"": ""reading /tmp/tmpg62owhx6/traced.rbc (bitcode v2, cbor) Simulating ThermoPower.Gas.FlowSplit to t=1 with 9 trace point(s)... \u001b[31m\u001b[0m simulation failed: DAE structural proof failed: structurally singular \u001b[31m\u2502\u001b[0m system: 8 matched out of 9 equations and 9 unknowns"", ""tool_side"": false}",/data/mrumoca/eval/results_v3/thermopower/runtime_free.jsonl
thermopower,runtime-v3,ThermoPower.Gas.SensP,0,network-port-unconnected,low,False,execution-not-completed,"{""connector"": ""flange"", ""component"": ""<top level>"", ""component_class"": ""unknown"", ""flows_forced_to_zero"": ""flange.m_flow"", ""note"": ""nothing is connected to this port, so MLS \u00a79.2 forces its flow to zero. That is correct for a component compiled on its own and is not a defect; it is recorded because it is the commonest reason a model looks structurally singular""}",/data/mrumoca/eval/results_v3/thermopower/runtime_free.jsonl
thermopower,runtime-v3,ThermoPower.Gas.SensP,1,network-component-isolated,low,False,execution-not-completed,"{""component"": ""<top level>"", ""component_class"": ""unknown"", ""ports"": ""flange"", ""note"": ""every port of this instance is unconnected, so it exchanges nothing with the rest of the model while still contributing its equations""}",/data/mrumoca/eval/results_v3/thermopower/runtime_free.jsonl
thermopower,runtime-v3,ThermoPower.Gas.SensP,2,network-observation-incomplete,info,False,execution-not-completed,"{""reason"": ""missing or unsynchronized connector member observations"", ""note"": ""coverage gap, not a model defect""}",/data/mrumoca/eval/results_v3/thermopower/runtime_free.jsonl
thermopower,runtime-v3,ThermoPower.Gas.SensP,3,initialization-failure,high,False,execution-not-completed,"{""failure_kind"": ""singular-system"", ""reason"": ""ing ThermoPower.Gas.SensP to t=1 with 4 trace point(s)... \u001b[31m\u001b[0m simulation failed: DAE structural proof failed: structurally singular \u001b[31m\u2502\u001b[0m system: 3 matched out of 4 equations and 4 unknowns"", ""raw"": ""reading /tmp/tmp6c__1juc/traced.rbc (bitcode v2, cbor) Simulating ThermoPower.Gas.SensP to t=1 with 4 trace point(s)... \u001b[31m\u001b[0m simulation failed: DAE structural proof failed: structurally singular \u001b[31m\u2502\u001b[0m system: 3 matched out of 4 equations and 4 unknowns"", ""tool_side"": false}",/data/mrumoca/eval/results_v3/thermopower/runtime_free.jsonl
thermopower,runtime-v3,ThermoPower.Gas.SensW,0,network-port-unconnected,low,False,execution-not-completed,"{""connector"": ""inlet"", ""component"": ""<top level>"", ""component_class"": ""unknown"", ""flows_forced_to_zero"": ""inlet.m_flow"", ""note"": ""nothing is connected to this port, so MLS \u00a79.2 forces its flow to zero. That is correct for a component compiled on its own and is not a defect; it is recorded because it is the commonest reason a model looks structurally singular""}",/data/mrumoca/eval/results_v3/thermopower/runtime_free.jsonl
thermopower,runtime-v3,ThermoPower.Gas.SensW,1,network-port-unconnected,low,False,execution-not-completed,"{""connector"": ""outlet"", ""component"": ""<top level>"", ""component_class"": ""unknown"", ""flows_forced_to_zero"": ""outlet.m_flow"", ""note"": ""nothing is connected to this port, so MLS \u00a79.2 forces its flow to zero. That is correct for a component compiled on its own and is not a defect; it is recorded because it is the commonest reason a model looks structurally singular""}",/data/mrumoca/eval/results_v3/thermopower/runtime_free.jsonl
thermopower,runtime-v3,ThermoPower.Gas.SensW,2,network-component-isolated,low,False,execution-not-completed,"{""component"": ""<top level>"", ""component_class"": ""unknown"", ""ports"": ""inlet, outlet"", ""note"": ""every port of this instance is unconnected, so it exchanges nothing with the rest of the model while still contributing its equations""}",/data/mrumoca/eval/results_v3/thermopower/runtime_free.jsonl
thermopower,runtime-v3,ThermoPower.Gas.SensW,3,network-observation-incomplete,info,False,execution-not-completed,"{""reason"": ""missing or unsynchronized connector member observations"", ""note"": ""coverage gap, not a model defect""}",/data/mrumoca/eval/results_v3/thermopower/runtime_free.jsonl
thermopower,runtime-v3,ThermoPower.Gas.SensW,4,initialization-failure,high,False,execution-not-completed,"{""failure_kind"": ""singular-system"", ""reason"": ""ing ThermoPower.Gas.SensW to t=1 with 7 trace point(s)... \u001b[31m\u001b[0m simulation failed: DAE structural proof failed: structurally singular \u001b[31m\u2502\u001b[0m system: 6 matched out of 7 equations and 7 unknowns"", ""raw"": ""reading /tmp/tmpj2ryowp3/traced.rbc (bitcode v2, cbor) Simulating ThermoPower.Gas.SensW to t=1 with 7 trace point(s)... \u001b[31m\u001b[0m simulation failed: DAE structural proof failed: structurally singular \u001b[31m\u2502\u001b[0m system: 6 matched out of 7 equations and 7 unknowns"", ""tool_side"": false}",/data/mrumoca/eval/results_v3/thermopower/runtime_free.jsonl
thermopower,runtime-v3,ThermoPower.Gas.FlowJoin,0,network-port-unconnected,low,False,execution-not-completed,"{""connector"": ""inlet1"", ""component"": ""<top level>"", ""component_class"": ""unknown"", ""flows_forced_to_zero"": ""inlet1.m_flow"", ""note"": ""nothing is connected to this port, so MLS \u00a79.2 forces its flow to zero. That is correct for a component compiled on its own and is not a defect; it is recorded because it is the commonest reason a model looks structurally singular""}",/data/mrumoca/eval/results_v3/thermopower/runtime_free.jsonl
thermopower,runtime-v3,ThermoPower.Gas.FlowJoin,1,network-port-unconnected,low,False,execution-not-completed,"{""connector"": ""inlet2"", ""component"": ""<top level>"", ""component_class"": ""unknown"", ""flows_forced_to_zero"": ""inlet2.m_flow"", ""note"": ""nothing is connected to this port, so MLS \u00a79.2 forces its flow to zero. That is correct for a component compiled on its own and is not a defect; it is recorded because it is the commonest reason a model looks structurally singular""}",/data/mrumoca/eval/results_v3/thermopower/runtime_free.jsonl
thermopower,runtime-v3,ThermoPower.Gas.FlowJoin,2,network-port-unconnected,low,False,execution-not-completed,"{""connector"": ""outlet"", ""component"": ""<top level>"", ""component_class"": ""unknown"", ""flows_forced_to_zero"": ""outlet.m_flow"", ""note"": ""nothing is connected to this port, so MLS \u00a79.2 forces its flow to zero. That is correct for a component compiled on its own and is not a defect; it is recorded because it is the commonest reason a model looks structurally singular""}",/data/mrumoca/eval/results_v3/thermopower/runtime_free.jsonl
thermopower,runtime-v3,ThermoPower.Gas.FlowJoin,3,network-component-isolated,low,False,execution-not-completed,"{""component"": ""<top level>"", ""component_class"": ""unknown"", ""ports"": ""inlet1, inlet2, outlet"", ""note"": ""every port of this instance is unconnected, so it exchanges nothing with the rest of the model while still contributing its equations""}",/data/mrumoca/eval/results_v3/thermopower/runtime_free.jsonl
thermopower,runtime-v3,ThermoPower.Gas.FlowJoin,4,network-observation-incomplete,info,False,execution-not-completed,"{""reason"": ""missing or unsynchronized connector member observations"", ""note"": ""coverage gap, not a model defect""}",/data/mrumoca/eval/results_v3/thermopower/runtime_free.jsonl
thermopower,runtime-v3,ThermoPower.Gas.FlowJoin,5,initialization-failure,high,False,execution-not-completed,"{""failure_kind"": ""singular-system"", ""reason"": "" ThermoPower.Gas.FlowJoin to t=1 with 9 trace point(s)... \u001b[31m\u001b[0m simulation failed: DAE structural proof failed: structurally singular \u001b[31m\u2502\u001b[0m system: 8 matched out of 9 equations and 9 unknowns"", ""raw"": ""reading /tmp/tmpbhx590dj/traced.rbc (bitcode v2, cbor) Simulating ThermoPower.Gas.FlowJoin to t=1 with 9 trace point(s)... \u001b[31m\u001b[0m simulation failed: DAE structural proof failed: structurally singular \u001b[31m\u2502\u001b[0m system: 8 matched out of 9 equations and 9 unknowns"", ""tool_side"": false}",/data/mrumoca/eval/results_v3/thermopower/runtime_free.jsonl
thermopower,runtime-v3,ThermoPower.Gas.ThroughMassFlow,0,network-port-unconnected,low,False,execution-not-completed,"{""connector"": ""inlet"", ""component"": ""<top level>"", ""component_class"": ""unknown"", ""flows_forced_to_zero"": ""inlet.m_flow"", ""note"": ""nothing is connected to this port, so MLS \u00a79.2 forces its flow to zero. That is correct for a component compiled on its own and is not a defect; it is recorded because it is the commonest reason a model looks structurally singular""}",/data/mrumoca/eval/results_v3/thermopower/runtime_free.jsonl
thermopower,runtime-v3,ThermoPower.Gas.ThroughMassFlow,1,network-port-unconnected,low,False,execution-not-completed,"{""connector"": ""outlet"", ""component"": ""<top level>"", ""component_class"": ""unknown"", ""flows_forced_to_zero"": ""outlet.m_flow"", ""note"": ""nothing is connected to this port, so MLS \u00a79.2 forces its flow to zero. That is correct for a component compiled on its own and is not a defect; it is recorded because it is the commonest reason a model looks structurally singular""}",/data/mrumoca/eval/results_v3/thermopower/runtime_free.jsonl
thermopower,runtime-v3,ThermoPower.Gas.ThroughMassFlow,2,network-component-isolated,low,False,execution-not-completed,"{""component"": ""<top level>"", ""component_class"": ""unknown"", ""ports"": ""inlet, outlet"", ""note"": ""every port of this instance is unconnected, so it exchanges nothing with the rest of the model while still contributing its equations""}",/data/mrumoca/eval/results_v3/thermopower/runtime_free.jsonl
thermopower,runtime-v3,ThermoPower.Gas.ThroughMassFlow,3,network-observation-incomplete,info,False,execution-not-completed,"{""reason"": ""missing or unsynchronized connector member observations"", ""note"": ""coverage gap, not a model defect""}",/data/mrumoca/eval/results_v3/thermopower/runtime_free.jsonl
thermopower,runtime-v3,ThermoPower.Gas.ThroughMassFlow,4,initialization-failure,high,False,execution-not-completed,"{""failure_kind"": ""singular-system"", ""reason"": ""Power.Gas.ThroughMassFlow to t=1 with 8 trace point(s)... \u001b[31m\u001b[0m simulation failed: DAE structural proof failed: structurally singular \u001b[31m\u2502\u001b[0m system: 6 matched out of 8 equations and 8 unknowns"", ""raw"": ""reading /tmp/tmpkgp9h7hp/traced.rbc (bitcode v2, cbor) Simulating ThermoPower.Gas.ThroughMassFlow to t=1 with 8 trace point(s)... \u001b[31m\u001b[0m simulation failed: DAE structural proof failed: structurally singular \u001b[31m\u2502\u001b[0m system: 6 matched out of 8 equations and 8 unknowns"", ""tool_side"": false}",/data/mrumoca/eval/results_v3/thermopower/runtime_free.jsonl
thermopower,runtime-v3,ThermoPower.Gas.ValveLin,0,network-port-unconnected,low,True,execution-not-completed,"{""connector"": ""inlet"", ""component"": ""<top level>"", ""component_class"": ""unknown"", ""flows_forced_to_zero"": ""inlet.m_flow"", ""note"": ""nothing is connected to this port, so MLS \u00a79.2 forces its flow to zero. That is correct for a component compiled on its own and is not a defect; it is recorded because it is the commonest reason a model looks structurally singular""}",/data/mrumoca/eval/results_v3/thermopower/runtime_free.jsonl
thermopower,runtime-v3,ThermoPower.Gas.ValveLin,1,network-port-unconnected,low,True,execution-not-completed,"{""connector"": ""outlet"", ""component"": ""<top level>"", ""component_class"": ""unknown"", ""flows_forced_to_zero"": ""outlet.m_flow"", ""note"": ""nothing is connected to this port, so MLS \u00a79.2 forces its flow to zero. That is correct for a component compiled on its own and is not a defect; it is recorded because it is the commonest reason a model looks structurally singular""}",/data/mrumoca/eval/results_v3/thermopower/runtime_free.jsonl
thermopower,runtime-v3,ThermoPower.Gas.ValveLin,2,network-component-isolated,low,True,execution-not-completed,"{""component"": ""<top level>"", ""component_class"": ""unknown"", ""ports"": ""inlet, outlet"", ""note"": ""every port of this instance is unconnected, so it exchanges nothing with the rest of the model while still contributing its equations""}",/data/mrumoca/eval/results_v3/thermopower/runtime_free.jsonl
thermopower,runtime-v3,ThermoPower.Gas.ValveLin,3,network-observation-incomplete,info,True,execution-not-completed,"{""reason"": ""missing or unsynchronized connector member observations"", ""note"": ""coverage gap, not a model defect""}",/data/mrumoca/eval/results_v3/thermopower/runtime_free.jsonl
thermopower,runtime-v3,ThermoPower.Gas.ValveLin,4,initialization-failure,high,True,execution-not-completed,"{""failure_kind"": ""singular-system"", ""reason"": "" ThermoPower.Gas.ValveLin to t=1 with 8 trace point(s)... \u001b[31m\u001b[0m simulation failed: DAE structural proof failed: structurally singular \u001b[31m\u2502\u001b[0m system: 6 matched out of 7 equations and 7 unknowns"", ""raw"": ""reading /tmp/tmp44cot3_0/traced.rbc (bitcode v2, cbor) holding 1 free input(s) constant at their start values: cmd=0 Simulating ThermoPower.Gas.ValveLin to t=1 with 8 trace point(s)... \u001b[31m\u001b[0m simulation failed: DAE structural proof failed: structurally singular \u001b[31m\u2502\u001b[0m system: 6 matched out of 7 equations and 7 unknowns"", ""tool_side"": false}",/data/mrumoca/eval/results_v3/thermopower/runtime_free.jsonl
thermopower,runtime-v3,ThermoPower.PowerPlants.Control.PID,0,simulation-failure,high,True,execution-not-completed,"{""failure_kind"": ""unknown"", ""reason"": ""ating ThermoPower.PowerPlants.Control.PID to t=1 with 13 trace point(s)... \u001b[31m\u001b[0m simulation failed: DAE system is not computable: state equation is not a \u001b[31m\u2502\u001b[0m subtractive derivative residual"", ""raw"": ""reading /tmp/tmpgf9_ue0s/traced.rbc (bitcode v2, cbor) holding 2 free input(s) constant at their start values: PV=0, SP=0 Simulating ThermoPower.PowerPlants.Control.PID to t=1 with 13 trace point(s)... \u001b[31m\u001b[0m simulation failed: DAE system is not computable: state equation is not a \u001b[31m\u2502\u001b[0m subtractive derivative residual"", ""tool_side"": false}",/data/mrumoca/eval/results_v3/thermopower/runtime_free.jsonl
thermopower,runtime-v3,ThermoPower.PowerPlants.HRSG.Components.BaseReader_gas,0,network-port-unconnected,low,False,execution-not-completed,"{""connector"": ""inlet"", ""component"": ""<top level>"", ""component_class"": ""unknown"", ""flows_forced_to_zero"": ""inlet.m_flow"", ""note"": ""nothing is connected to this port, so MLS \u00a79.2 forces its flow to zero. That is correct for a component compiled on its own and is not a defect; it is recorded because it is the commonest reason a model looks structurally singular""}",/data/mrumoca/eval/results_v3/thermopower/runtime_free.jsonl
thermopower,runtime-v3,ThermoPower.PowerPlants.HRSG.Components.BaseReader_gas,1,network-port-unconnected,low,False,execution-not-completed,"{""connector"": ""outlet"", ""component"": ""<top level>"", ""component_class"": ""unknown"", ""flows_forced_to_zero"": ""outlet.m_flow"", ""note"": ""nothing is connected to this port, so MLS \u00a79.2 forces its flow to zero. That is correct for a component compiled on its own and is not a defect; it is recorded because it is the commonest reason a model looks structurally singular""}",/data/mrumoca/eval/results_v3/thermopower/runtime_free.jsonl
thermopower,runtime-v3,ThermoPower.PowerPlants.HRSG.Components.BaseReader_gas,2,network-component-isolated,low,False,execution-not-completed,"{""component"": ""<top level>"", ""component_class"": ""unknown"", ""ports"": ""inlet, outlet"", ""note"": ""every port of this instance is unconnected, so it exchanges nothing with the rest of the model while still contributing its equations""}",/data/mrumoca/eval/results_v3/thermopower/runtime_free.jsonl
thermopower,runtime-v3,ThermoPower.PowerPlants.HRSG.Components.BaseReader_gas,3,network-observation-incomplete,info,False,execution-not-completed,"{""reason"": ""missing or unsynchronized connector member observations"", ""note"": ""coverage gap, not a model defect""}",/data/mrumoca/eval/results_v3/thermopower/runtime_free.jsonl
thermopower,runtime-v3,ThermoPower.PowerPlants.HRSG.Components.BaseReader_gas,4,initialization-failure,high,False,execution-not-completed,"{""failure_kind"": ""singular-system"", ""reason"": ""Components.BaseReader_gas to t=1 with 6 trace point(s)... \u001b[31m\u001b[0m simulation failed: DAE structural proof failed: structurally singular \u001b[31m\u2502\u001b[0m system: 5 matched out of 6 equations and 6 unknowns"", ""raw"": ""reading /tmp/tmphih44vn3/traced.rbc (bitcode v2, cbor) Simulating ThermoPower.PowerPlants.HRSG.Components.BaseReader_gas to t=1 with 6 trace point(s)... \u001b[31m\u001b[0m simulation failed: DAE structural proof failed: structurally singular \u001b[31m\u2502\u001b[0m system: 5 matched out of 6 equations and 6 unknowns"", ""tool_side"": false}",/data/mrumoca/eval/results_v3/thermopower/runtime_free.jsonl
thermopower,runtime-v3,ThermoPower.PowerPlants.SteamTurbineGroup.Components.PrescribedSpeed,0,network-port-unconnected,low,True,hold-input-contract-validation,"{""connector"": ""flange"", ""component"": ""<top level>"", ""component_class"": ""unknown"", ""flows_forced_to_zero"": ""flange.tau"", ""note"": ""nothing is connected to this port, so MLS \u00a79.2 forces its flow to zero. That is correct for a component compiled on its own and is not a defect; it is recorded because it is the commonest reason a model looks structurally singular""}",/data/mrumoca/eval/results_v3/thermopower/runtime_free.jsonl
thermopower,runtime-v3,ThermoPower.PowerPlants.SteamTurbineGroup.Components.PrescribedSpeed,1,network-component-isolated,low,True,hold-input-contract-validation,"{""component"": ""<top level>"", ""component_class"": ""unknown"", ""ports"": ""flange"", ""note"": ""every port of this instance is unconnected, so it exchanges nothing with the rest of the model while still contributing its equations""}",/data/mrumoca/eval/results_v3/thermopower/runtime_free.jsonl
thermopower,runtime-v3,ThermoPower.PowerPlants.HRSG.Components.ConvParallel,0,network-port-unconnected,low,False,execution-not-completed,"{""connector"": ""source"", ""component"": ""<top level>"", ""component_class"": ""unknown"", ""flows_forced_to_zero"": ""source.phi"", ""note"": ""nothing is connected to this port, so MLS \u00a79.2 forces its flow to zero. That is correct for a component compiled on its own and is not a defect; it is recorded because it is the commonest reason a model looks structurally singular""}",/data/mrumoca/eval/results_v3/thermopower/runtime_free.jsonl
thermopower,runtime-v3,ThermoPower.PowerPlants.HRSG.Components.ConvParallel,1,network-port-unconnected,low,False,execution-not-completed,"{""connector"": ""objectA"", ""component"": ""<top level>"", ""component_class"": ""unknown"", ""flows_forced_to_zero"": ""objectA.phi"", ""note"": ""nothing is connected to this port, so MLS \u00a79.2 forces its flow to zero. That is correct for a component compiled on its own and is not a defect; it is recorded because it is the commonest reason a model looks structurally singular""}",/data/mrumoca/eval/results_v3/thermopower/runtime_free.jsonl
thermopower,runtime-v3,ThermoPower.PowerPlants.HRSG.Components.ConvParallel,2,network-port-unconnected,low,False,execution-not-completed,"{""connector"": ""objectB"", ""component"": ""<top level>"", ""component_class"": ""unknown"", ""flows_forced_to_zero"": ""objectB.phi"", ""note"": ""nothing is connected to this port, so MLS \u00a79.2 forces its flow to zero. That is correct for a component compiled on its own and is not a defect; it is recorded because it is the commonest reason a model looks structurally singular""}",/data/mrumoca/eval/results_v3/thermopower/runtime_free.jsonl
thermopower,runtime-v3,ThermoPower.PowerPlants.HRSG.Components.ConvParallel,3,network-component-isolated,low,False,execution-not-completed,"{""component"": ""<top level>"", ""component_class"": ""unknown"", ""ports"": ""source, objectA, objectB"", ""note"": ""every port of this instance is unconnected, so it exchanges nothing with the rest of the model while still contributing its equations""}",/data/mrumoca/eval/results_v3/thermopower/runtime_free.jsonl
thermopower,runtime-v3,ThermoPower.PowerPlants.HRSG.Components.ConvParallel,4,physical-zero-is-a-supported-limit,low,False,execution-not-completed,"{""domain"": ""fluid"", ""rule"": ""fluid.area.positive"", ""rule_origin"": ""a flow cross-section is a divisor in every velocity relation; zero area admits no flow and divides by zero"", ""rule_reference"": """", ""matched_by"": {""quantity"": ""Area"", ""unit"": ""m2"", ""confidence"": ""QUANTITY_AND_UNIT"", ""premise_state"": ""unknown"", ""authority"": ""quantity_or_unit"", ""canonical_declaration"": ""ThermoPower.PowerPlants.HRSG.Components.ConvParallel.As""}, ""required"": ""As > 0"", ""declared_min"": null, ""variable_role"": ""parameter"", ""premise_state"": ""refuted"", ""authority"": ""component_contract"", ""contract"": ""ThermoPower.PowerPlants.HRSG.Components.ConvParallel.As: feature_disabled (proven, from equation) \u2014 the parameter appears only as a multiplier, so at zero the term it scales drops out and the rest of the model is unaffected"", ""contract_behavior"": ""feature_disabled"", ""contract_confidence"": ""proven"", ""contract_source"": ""equation"", ""note"": ""the positivity rule does not apply: this component documents zero as a meaningful limit, so reporting a missing bound would contradict its contract""}",/data/mrumoca/eval/results_v3/thermopower/runtime_free.jsonl
thermopower,runtime-v3,ThermoPower.PowerPlants.HRSG.Components.ConvParallel,5,physical-zero-is-a-supported-limit,low,False,execution-not-completed,"{""domain"": ""fluid"", ""rule"": ""fluid.area.positive"", ""rule_origin"": ""a flow cross-section is a divisor in every velocity relation; zero area admits no flow and divides by zero"", ""rule_reference"": """", ""matched_by"": {""quantity"": ""Area"", ""unit"": ""m2"", ""confidence"": ""QUANTITY_AND_UNIT"", ""premise_state"": ""unknown"", ""authority"": ""quantity_or_unit"", ""canonical_declaration"": ""ThermoPower.PowerPlants.HRSG.Components.ConvParallel.Aa""}, ""required"": ""Aa > 0"", ""declared_min"": null, ""variable_role"": ""parameter"", ""premise_state"": ""refuted"", ""authority"": ""component_contract"", ""contract"": ""ThermoPower.PowerPlants.HRSG.Components.ConvParallel.Aa: feature_disabled (proven, from equation) \u2014 the parameter appears only as a multiplier, so at zero the term it scales drops out and the rest of the model is unaffected"", ""contract_behavior"": ""feature_disabled"", ""contract_confidence"": ""proven"", ""contract_source"": ""equation"", ""note"": ""the positivity rule does not apply: this component documents zero as a meaningful limit, so reporting a missing bound would contradict its contract""}",/data/mrumoca/eval/results_v3/thermopower/runtime_free.jsonl
thermopower,runtime-v3,ThermoPower.PowerPlants.HRSG.Components.ConvParallel,6,physical-zero-is-a-supported-limit,low,False,execution-not-completed,"{""domain"": ""fluid"", ""rule"": ""fluid.area.positive"", ""rule_origin"": ""a flow cross-section is a divisor in every velocity relation; zero area admits no flow and divides by zero"", ""rule_reference"": """", ""matched_by"": {""quantity"": ""Area"", ""unit"": ""m2"", ""confidence"": ""QUANTITY_AND_UNIT"", ""premise_state"": ""unknown"", ""authority"": ""quantity_or_unit"", ""canonical_declaration"": ""ThermoPower.PowerPlants.HRSG.Components.ConvParallel.Ab""}, ""required"": ""Ab > 0"", ""declared_min"": null, ""variable_role"": ""parameter"", ""premise_state"": ""refuted"", ""authority"": ""component_contract"", ""contract"": ""ThermoPower.PowerPlants.HRSG.Components.ConvParallel.Ab: feature_disabled (proven, from equation) \u2014 the parameter appears only as a multiplier, so at zero the term it scales drops out and the rest of the model is unaffected"", ""contract_behavior"": ""feature_disabled"", ""contract_confidence"": ""proven"", ""contract_source"": ""equation"", ""note"": ""the positivity rule does not apply: this component documents zero as a meaningful limit, so reporting a missing bound would contradict its contract""}",/data/mrumoca/eval/results_v3/thermopower/runtime_free.jsonl
thermopower,runtime-v3,ThermoPower.PowerPlants.HRSG.Components.ConvParallel,7,network-observation-incomplete,info,False,execution-not-completed,"{""reason"": ""missing or unsynchronized connector member observations"", ""note"": ""coverage gap, not a model defect""}",/data/mrumoca/eval/results_v3/thermopower/runtime_free.jsonl
thermopower,runtime-v3,ThermoPower.PowerPlants.HRSG.Components.ConvParallel,8,initialization-failure,high,False,execution-not-completed,"{""failure_kind"": ""singular-system"", ""reason"": ""omponents.ConvParallel to t=1 with 6 trace point(s)... \u001b[31m\u001b[0m simulation failed: DAE structural proof failed: structurally singular \u001b[31m\u2502\u001b[0m system: 10 matched out of 12 equations and 12 unknowns"", ""raw"": ""reading /tmp/tmp9y8pkc8i/traced.rbc (bitcode v2, cbor) Simulating ThermoPower.PowerPlants.HRSG.Components.ConvParallel to t=1 with 6 trace point(s)... \u001b[31m\u001b[0m simulation failed: DAE structural proof failed: structurally singular \u001b[31m\u2502\u001b[0m system: 10 matched out of 12 equations and 12 unknowns"", ""tool_side"": false}",/data/mrumoca/eval/results_v3/thermopower/runtime_free.jsonl
thermopower,runtime-v3,ThermoPower.PowerPlants.HRSG.Components.BaseReader_water,0,network-port-unconnected,low,False,execution-not-completed,"{""connector"": ""inlet"", ""component"": ""<top level>"", ""component_class"": ""unknown"", ""flows_forced_to_zero"": ""inlet.m_flow"", ""note"": ""nothing is connected to this port, so MLS \u00a79.2 forces its flow to zero. That is correct for a component compiled on its own and is not a defect; it is recorded because it is the commonest reason a model looks structurally singular""}",/data/mrumoca/eval/results_v3/thermopower/runtime_free.jsonl
thermopower,runtime-v3,ThermoPower.PowerPlants.HRSG.Components.BaseReader_water,1,network-port-unconnected,low,False,execution-not-completed,"{""connector"": ""outlet"", ""component"": ""<top level>"", ""component_class"": ""unknown"", ""flows_forced_to_zero"": ""outlet.m_flow"", ""note"": ""nothing is connected to this port, so MLS \u00a79.2 forces its flow to zero. That is correct for a component compiled on its own and is not a defect; it is recorded because it is the commonest reason a model looks structurally singular""}",/data/mrumoca/eval/results_v3/thermopower/runtime_free.jsonl
thermopower,runtime-v3,ThermoPower.PowerPlants.HRSG.Components.BaseReader_water,2,network-component-isolated,low,False,execution-not-completed,"{""component"": ""<top level>"", ""component_class"": ""unknown"", ""ports"": ""inlet, outlet"", ""note"": ""every port of this instance is unconnected, so it exchanges nothing with the rest of the model while still contributing its equations""}",/data/mrumoca/eval/results_v3/thermopower/runtime_free.jsonl
thermopower,runtime-v3,ThermoPower.PowerPlants.HRSG.Components.BaseReader_water,3,network-observation-incomplete,info,False,execution-not-completed,"{""reason"": ""missing or unsynchronized connector member observations"", ""note"": ""coverage gap, not a model defect""}",/data/mrumoca/eval/results_v3/thermopower/runtime_free.jsonl
thermopower,runtime-v3,ThermoPower.PowerPlants.HRSG.Components.BaseReader_water,4,initialization-failure,high,False,execution-not-completed,"{""failure_kind"": ""singular-system"", ""reason"": ""mponents.BaseReader_water to t=1 with 6 trace point(s)... \u001b[31m\u001b[0m simulation failed: DAE structural proof failed: structurally singular \u001b[31m\u2502\u001b[0m system: 5 matched out of 6 equations and 6 unknowns"", ""raw"": ""reading /tmp/tmpds2n8z4j/traced.rbc (bitcode v2, cbor) Simulating ThermoPower.PowerPlants.HRSG.Components.BaseReader_water to t=1 with 6 trace point(s)... \u001b[31m\u001b[0m simulation failed: DAE structural proof failed: structurally singular \u001b[31m\u2502\u001b[0m system: 5 matched out of 6 equations and 6 unknowns"", ""tool_side"": false}",/data/mrumoca/eval/results_v3/thermopower/runtime_free.jsonl
thermopower,runtime-v3,ThermoPower.PowerPlants.SteamTurbineGroup.Components.BaseReader_water,0,network-port-unconnected,low,False,execution-not-completed,"{""connector"": ""inlet"", ""component"": ""<top level>"", ""component_class"": ""unknown"", ""flows_forced_to_zero"": ""inlet.m_flow"", ""note"": ""nothing is connected to this port, so MLS \u00a79.2 forces its flow to zero. That is correct for a component compiled on its own and is not a defect; it is recorded because it is the commonest reason a model looks structurally singular""}",/data/mrumoca/eval/results_v3/thermopower/runtime_free.jsonl
thermopower,runtime-v3,ThermoPower.PowerPlants.SteamTurbineGroup.Components.BaseReader_water,1,network-port-unconnected,low,False,execution-not-completed,"{""connector"": ""outlet"", ""component"": ""<top level>"", ""component_class"": ""unknown"", ""flows_forced_to_zero"": ""outlet.m_flow"", ""note"": ""nothing is connected to this port, so MLS \u00a79.2 forces its flow to zero. That is correct for a component compiled on its own and is not a defect; it is recorded because it is the commonest reason a model looks structurally singular""}",/data/mrumoca/eval/results_v3/thermopower/runtime_free.jsonl
thermopower,runtime-v3,ThermoPower.PowerPlants.SteamTurbineGroup.Components.BaseReader_water,2,network-component-isolated,low,False,execution-not-completed,"{""component"": ""<top level>"", ""component_class"": ""unknown"", ""ports"": ""inlet, outlet"", ""note"": ""every port of this instance is unconnected, so it exchanges nothing with the rest of the model while still contributing its equations""}",/data/mrumoca/eval/results_v3/thermopower/runtime_free.jsonl
thermopower,runtime-v3,ThermoPower.PowerPlants.SteamTurbineGroup.Components.BaseReader_water,3,network-observation-incomplete,info,False,execution-not-completed,"{""reason"": ""missing or unsynchronized connector member observations"", ""note"": ""coverage gap, not a model defect""}",/data/mrumoca/eval/results_v3/thermopower/runtime_free.jsonl
thermopower,runtime-v3,ThermoPower.PowerPlants.SteamTurbineGroup.Components.BaseReader_water,4,initialization-failure,high,False,execution-not-completed,"{""failure_kind"": ""singular-system"", ""reason"": ""mponents.BaseReader_water to t=1 with 6 trace point(s)... \u001b[31m\u001b[0m simulation failed: DAE structural proof failed: structurally singular \u001b[31m\u2502\u001b[0m system: 5 matched out of 6 equations and 6 unknowns"", ""raw"": ""reading /tmp/tmp7z3ca9yn/traced.rbc (bitcode v2, cbor) Simulating ThermoPower.PowerPlants.SteamTurbineGroup.Components.BaseReader_water to t=1 with 6 trace point(s)... \u001b[31m\u001b[0m simulation failed: DAE structural proof failed: structurally singular \u001b[31m\u2502\u001b[0m system: 5 matched out of 6 equations and 6 unknowns"", ""tool_side"": false}",/data/mrumoca/eval/results_v3/thermopower/runtime_free.jsonl
thermopower,runtime-v3,ThermoPower.Test.ElectricalComponents.PrimaryController,0,initialization-failure,high,True,execution-not-completed,"{""failure_kind"": ""unknown"", ""reason"": ""0 Simulating ThermoPower.Test.ElectricalComponents.PrimaryController to t=1 with 4 trace point(s)... \u001b[31m\u001b[0m simulation failed: parameter `Pnom` has neither a binding nor an initial \u001b[31m\u2502\u001b[0m value"", ""raw"": ""reading /tmp/tmpaoeiaaiq/traced.rbc (bitcode v2, cbor) holding 2 free input(s) constant at their start values: frequency=0, powerSetPoint=0 Simulating ThermoPower.Test.ElectricalComponents.PrimaryController to t=1 with 4 trace point(s)... \u001b[31m\u001b[0m simulation failed: parameter `Pnom` has neither a binding nor an initial \u001b[31m\u2502\u001b[0m value"", ""tool_side"": false}",/data/mrumoca/eval/results_v3/thermopower/runtime_free.jsonl
thermopower,runtime-v3,ThermoPower.Test.ElectricalComponents.SecondaryController,0,initialization-failure,high,True,execution-not-completed,"{""failure_kind"": ""unknown"", ""reason"": ""Simulating ThermoPower.Test.ElectricalComponents.SecondaryController to t=1 with 2 trace point(s)... \u001b[31m\u001b[0m simulation failed: parameter `Pnom` has neither a binding nor an initial \u001b[31m\u2502\u001b[0m value"", ""raw"": ""reading /tmp/tmphaos0ajm/traced.rbc (bitcode v2, cbor) holding 1 free input(s) constant at their start values: frequency=0 Simulating ThermoPower.Test.ElectricalComponents.SecondaryController to t=1 with 2 trace point(s)... \u001b[31m\u001b[0m simulation failed: parameter `Pnom` has neither a binding nor an initial \u001b[31m\u2502\u001b[0m value"", ""tool_side"": false}",/data/mrumoca/eval/results_v3/thermopower/runtime_free.jsonl
thermopower,runtime-v3,ThermoPower.Test.ElectricalComponents.TestElectrical3,0,network-boundary-port,low,False,standalone-topology-not-defect-proof,"{""node"": ""Breaker1 -- BreakerCommand"", ""boundary_connectors"": ""Breaker1, BreakerCommand"", ""wired_to"": ""nothing"", ""note"": ""this connector belongs to the model itself, not to a component inside it: the model is an interface compiled on its own, so the node is open on one side. Nothing forces its flow, which is why a structural matching reports an unmatched unknown here. Not a defect in the model""}",/data/mrumoca/eval/results_v3/thermopower/runtime_free.jsonl
thermopower,runtime-v3,ThermoPower.Test.ElectricalComponents.TestElectrical3,1,network-boundary-port,low,False,standalone-topology-not-defect-proof,"{""node"": ""LocalLoad -- load"", ""boundary_connectors"": ""LocalLoad, load"", ""wired_to"": ""nothing"", ""note"": ""this connector belongs to the model itself, not to a component inside it: the model is an interface compiled on its own, so the node is open on one side. Nothing forces its flow, which is why a structural matching reports an unmatched unknown here. Not a defect in the model""}",/data/mrumoca/eval/results_v3/thermopower/runtime_free.jsonl
thermopower,runtime-v3,ThermoPower.Test.ElectricalComponents.TestElectrical3,2,network-boundary-port,low,False,standalone-topology-not-defect-proof,"{""node"": ""GenTorque -- primeMover"", ""boundary_connectors"": ""GenTorque, primeMover"", ""wired_to"": ""nothing"", ""note"": ""this connector belongs to the model itself, not to a component inside it: the model is an interface compiled on its own, so the node is open on one side. Nothing forces its flow, which is why a structural matching reports an unmatched unknown here. Not a defect in the model""}",/data/mrumoca/eval/results_v3/thermopower/runtime_free.jsonl
thermopower,runtime-v3,ThermoPower.Test.ElectricalComponents.TestElectrical3,3,physical-zero-is-a-supported-limit,low,False,advisory-or-explicit-non-defect,"{""domain"": ""mechanical"", ""rule"": ""mech.inertia.positive"", ""rule_origin"": ""the rotational analogue of mass; J = 0 leaves angular acceleration undetermined"", ""rule_reference"": ""MSL Mechanics.Rotational.Components.Inertia"", ""matched_by"": {""quantity"": ""MomentOfInertia"", ""unit"": ""kg.m2"", ""confidence"": ""QUANTITY_AND_UNIT"", ""premise_state"": ""unknown"", ""authority"": ""quantity_or_unit"", ""canonical_declaration"": ""ThermoPower.Electrical.Generator.J""}, ""required"": ""generator.J > 0"", ""declared_min"": null, ""variable_role"": ""parameter"", ""premise_state"": ""refuted"", ""authority"": ""component_contract"", ""contract"": ""ThermoPower.Electrical.Generator.J: algebraic_limit (proven, from equation) \u2014 the parameter multiplies a derivative, so at zero the differential relation becomes an algebraic constraint rather than an undefined quotient"", ""contract_behavior"": ""algebraic_limit"", ""contract_confidence"": ""proven"", ""contract_source"": ""equation"", ""note"": ""the positivity rule does not apply: this component documents zero as a meaningful limit, so reporting a missing bound would contradict its contract""}",/data/mrumoca/eval/results_v3/thermopower/runtime_free.jsonl
thermopower,runtime-v3,ThermoPower.Test.ElectricalComponents.TestElectrical1,0,network-boundary-port,low,False,standalone-topology-not-defect-proof,"{""node"": ""Step1 -- primeMover"", ""boundary_connectors"": ""Step1, primeMover"", ""wired_to"": ""nothing"", ""note"": ""this connector belongs to the model itself, not to a component inside it: the model is an interface compiled on its own, so the node is open on one side. Nothing forces its flow, which is why a structural matching reports an unmatched unknown here. Not a defect in the model""}",/data/mrumoca/eval/results_v3/thermopower/runtime_free.jsonl
thermopower,runtime-v3,ThermoPower.Test.ElectricalComponents.TestElectrical1,1,physical-zero-is-a-supported-limit,low,False,advisory-or-explicit-non-defect,"{""domain"": ""mechanical"", ""rule"": ""mech.inertia.positive"", ""rule_origin"": ""the rotational analogue of mass; J = 0 leaves angular acceleration undetermined"", ""rule_reference"": ""MSL Mechanics.Rotational.Components.Inertia"", ""matched_by"": {""quantity"": ""MomentOfInertia"", ""unit"": ""kg.m2"", ""confidence"": ""QUANTITY_AND_UNIT"", ""premise_state"": ""unknown"", ""authority"": ""quantity_or_unit"", ""canonical_declaration"": ""ThermoPower.Electrical.Generator.J""}, ""required"": ""generator.J > 0"", ""declared_min"": null, ""variable_role"": ""parameter"", ""premise_state"": ""refuted"", ""authority"": ""component_contract"", ""contract"": ""ThermoPower.Electrical.Generator.J: algebraic_limit (proven, from equation) \u2014 the parameter multiplies a derivative, so at zero the differential relation becomes an algebraic constraint rather than an undefined quotient"", ""contract_behavior"": ""algebraic_limit"", ""contract_confidence"": ""proven"", ""contract_source"": ""equation"", ""note"": ""the positivity rule does not apply: this component documents zero as a meaningful limit, so reporting a missing bound would contradict its contract""}",/data/mrumoca/eval/results_v3/thermopower/runtime_free.jsonl
thermopower,runtime-v3,ThermoPower.Test.ElectricalComponents.TestElectrical2,0,network-boundary-port,low,False,standalone-topology-not-defect-proof,"{""node"": ""LocalLoad -- load"", ""boundary_connectors"": ""LocalLoad, load"", ""wired_to"": ""nothing"", ""note"": ""this connector belongs to the model itself, not to a component inside it: the model is an interface compiled on its own, so the node is open on one side. Nothing forces its flow, which is why a structural matching reports an unmatched unknown here. Not a defect in the model""}",/data/mrumoca/eval/results_v3/thermopower/runtime_free.jsonl
thermopower,runtime-v3,ThermoPower.Test.ElectricalComponents.TestElectrical2,1,network-boundary-port,low,False,standalone-topology-not-defect-proof,"{""node"": ""GenTorque -- primeMover"", ""boundary_connectors"": ""GenTorque, primeMover"", ""wired_to"": ""nothing"", ""note"": ""this connector belongs to the model itself, not to a component inside it: the model is an interface compiled on its own, so the node is open on one side. Nothing forces its flow, which is why a structural matching reports an unmatched unknown here. Not a defect in the model""}",/data/mrumoca/eval/results_v3/thermopower/runtime_free.jsonl
thermopower,runtime-v3,ThermoPower.Test.ElectricalComponents.TestElectrical2,2,physical-zero-is-a-supported-limit,low,False,advisory-or-explicit-non-defect,"{""domain"": ""mechanical"", ""rule"": ""mech.inertia.positive"", ""rule_origin"": ""the rotational analogue of mass; J = 0 leaves angular acceleration undetermined"", ""rule_reference"": ""MSL Mechanics.Rotational.Components.Inertia"", ""matched_by"": {""quantity"": ""MomentOfInertia"", ""unit"": ""kg.m2"", ""confidence"": ""QUANTITY_AND_UNIT"", ""premise_state"": ""unknown"", ""authority"": ""quantity_or_unit"", ""canonical_declaration"": ""ThermoPower.Electrical.Generator.J""}, ""required"": ""generator.J > 0"", ""declared_min"": null, ""variable_role"": ""parameter"", ""premise_state"": ""refuted"", ""authority"": ""component_contract"", ""contract"": ""ThermoPower.Electrical.Generator.J: algebraic_limit (proven, from equation) \u2014 the parameter multiplies a derivative, so at zero the differential relation becomes an algebraic constraint rather than an undefined quotient"", ""contract_behavior"": ""algebraic_limit"", ""contract_confidence"": ""proven"", ""contract_source"": ""equation"", ""note"": ""the positivity rule does not apply: this component documents zero as a meaningful limit, so reporting a missing bound would contradict its contract""}",/data/mrumoca/eval/results_v3/thermopower/runtime_free.jsonl
thermopower,runtime-v3,ThermoPower.Test.ElectricalComponents.TestElectrical4,0,network-boundary-port,low,False,execution-not-completed,"{""node"": ""LocalLoad -- load"", ""boundary_connectors"": ""LocalLoad, load"", ""wired_to"": ""nothing"", ""note"": ""this connector belongs to the model itself, not to a component inside it: the model is an interface compiled on its own, so the node is open on one side. Nothing forces its flow, which is why a structural matching reports an unmatched unknown here. Not a defect in the model""}",/data/mrumoca/eval/results_v3/thermopower/runtime_free.jsonl
thermopower,runtime-v3,ThermoPower.Test.ElectricalComponents.TestElectrical4,1,network-boundary-port,low,False,execution-not-completed,"{""node"": ""GenTorque -- primeMover"", ""boundary_connectors"": ""GenTorque, primeMover"", ""wired_to"": ""nothing"", ""note"": ""this connector belongs to the model itself, not to a component inside it: the model is an interface compiled on its own, so the node is open on one side. Nothing forces its flow, which is why a structural matching reports an unmatched unknown here. Not a defect in the model""}",/data/mrumoca/eval/results_v3/thermopower/runtime_free.jsonl
thermopower,runtime-v3,ThermoPower.Test.ElectricalComponents.TestElectrical4,2,physical-zero-is-a-supported-limit,low,False,execution-not-completed,"{""domain"": ""mechanical"", ""rule"": ""mech.inertia.positive"", ""rule_origin"": ""the rotational analogue of mass; J = 0 leaves angular acceleration undetermined"", ""rule_reference"": ""MSL Mechanics.Rotational.Components.Inertia"", ""matched_by"": {""quantity"": ""MomentOfInertia"", ""unit"": ""kg.m2"", ""confidence"": ""QUANTITY_AND_UNIT"", ""premise_state"": ""unknown"", ""authority"": ""quantity_or_unit"", ""canonical_declaration"": ""ThermoPower.Electrical.Generator.J""}, ""required"": ""generator.J > 0"", ""declared_min"": null, ""variable_role"": ""parameter"", ""premise_state"": ""refuted"", ""authority"": ""component_contract"", ""contract"": ""ThermoPower.Electrical.Generator.J: algebraic_limit (proven, from equation) \u2014 the parameter multiplies a derivative, so at zero the differential relation becomes an algebraic constraint rather than an undefined quotient"", ""contract_behavior"": ""algebraic_limit"", ""contract_confidence"": ""proven"", ""contract_source"": ""equation"", ""note"": ""the positivity rule does not apply: this component documents zero as a meaningful limit, so reporting a missing bound would contradict its contract""}",/data/mrumoca/eval/results_v3/thermopower/runtime_free.jsonl
thermopower,runtime-v3,ThermoPower.Test.ElectricalComponents.TestElectrical4,3,network-observation-incomplete,info,False,execution-not-completed,"{""reason"": ""missing or unsynchronized connector member observations"", ""note"": ""coverage gap, not a model defect""}",/data/mrumoca/eval/results_v3/thermopower/runtime_free.jsonl
thermopower,runtime-v3,ThermoPower.Test.ElectricalComponents.TestElectrical4,4,simulation-failure,high,False,execution-not-completed,"{""failure_kind"": ""nonlinear-solver-failure"", ""reason"": ""tion \u001b[31m\u2502\u001b[0m did not satisfy the complete residual system: max selected residual row=0 \u001b[31m\u2502\u001b[0m original_row=0 target=P { index: 32, byte_offset: 256 } value=5.058182e0 \u001b[31m\u2502\u001b[0m norm=5.058182e0"", ""raw"": ""reading /tmp/tmp72t3vrd8/traced.rbc (bitcode v2, cbor) Simulating ThermoPower.Test.ElectricalComponents.TestElectrical4 to t=1 with 37 trace point(s)... \u001b[31m\u001b[0m simulation failed: solve-IR evaluation failed: initial variable projection \u001b[31m\u2502\u001b[0m did not satisfy the complete residual system: max selected residual row=0 \u001b[31m\u2502\u001b[0m original_row=0 target=P { index: 32, byte_offset: 256 } value=5.05"", ""tool_side"": false}",/data/mrumoca/eval/results_v3/thermopower/runtime_free.jsonl
thermopower,runtime-v3,ThermoPower.Test.ElectricalComponents.TestElectrical6,0,network-boundary-port,low,False,execution-not-completed,"{""node"": ""Load -- load"", ""boundary_connectors"": ""Load, load"", ""wired_to"": ""nothing"", ""note"": ""this connector belongs to the model itself, not to a component inside it: the model is an interface compiled on its own, so the node is open on one side. Nothing forces its flow, which is why a structural matching reports an unmatched unknown here. Not a defect in the model""}",/data/mrumoca/eval/results_v3/thermopower/runtime_free.jsonl
thermopower,runtime-v3,ThermoPower.Test.ElectricalComponents.TestElectrical6,1,network-boundary-port,low,False,execution-not-completed,"{""node"": ""controllerA -- frequency_a -- refPa -- torqueGen_a -- torque_a"", ""boundary_connectors"": ""controllerA, frequency_a, refPa, torqueGen_a, torque_a"", ""wired_to"": ""nothing"", ""note"": ""this connector belongs to the model itself, not to a component inside it: the model is an interface compiled on its own, so the node is open on one side. Nothing forces its flow, which is why a structural matching reports an unmatched unknown here. Not a defect in the model""}",/data/mrumoca/eval/results_v3/thermopower/runtime_free.jsonl
thermopower,runtime-v3,ThermoPower.Test.ElectricalComponents.TestElectrical6,2,network-boundary-port,low,False,execution-not-completed,"{""node"": ""controllerB -- frequency_b -- refPb -- torqueGen_b -- torque_b"", ""boundary_connectors"": ""controllerB, frequency_b, refPb, torqueGen_b, torque_b"", ""wired_to"": ""nothing"", ""note"": ""this connector belongs to the model itself, not to a component inside it: the model is an interface compiled on its own, so the node is open on one side. Nothing forces its flow, which is why a structural matching reports an unmatched unknown here. Not a defect in the model""}",/data/mrumoca/eval/results_v3/thermopower/runtime_free.jsonl
thermopower,runtime-v3,ThermoPower.Test.ElectricalComponents.TestElectrical6,3,physical-zero-is-a-supported-limit,low,False,execution-not-completed,"{""domain"": ""mechanical"", ""rule"": ""mech.inertia.positive"", ""rule_origin"": ""the rotational analogue of mass; J = 0 leaves angular acceleration undetermined"", ""rule_reference"": ""MSL Mechanics.Rotational.Components.Inertia"", ""matched_by"": {""quantity"": ""MomentOfInertia"", ""unit"": ""kg.m2"", ""confidence"": ""QUANTITY_AND_UNIT"", ""premise_state"": ""unknown"", ""authority"": ""quantity_or_unit"", ""canonical_declaration"": ""ThermoPower.Electrical.Generator.J""}, ""required"": ""gen_a.J > 0"", ""declared_min"": null, ""variable_role"": ""parameter"", ""premise_state"": ""refuted"", ""authority"": ""component_contract"", ""contract"": ""ThermoPower.Electrical.Generator.J: algebraic_limit (proven, from equation) \u2014 the parameter multiplies a derivative, so at zero the differential relation becomes an algebraic constraint rather than an undefined quotient"", ""contract_behavior"": ""algebraic_limit"", ""contract_confidence"": ""proven"", ""contract_source"": ""equation"", ""note"": ""the positivity rule does not apply: this component documents zero as a meaningful limit, so reporting a missing bound would contradict its contract""}",/data/mrumoca/eval/results_v3/thermopower/runtime_free.jsonl
thermopower,runtime-v3,ThermoPower.Test.ElectricalComponents.TestElectrical6,4,physical-zero-is-a-supported-limit,low,False,execution-not-completed,"{""domain"": ""mechanical"", ""rule"": ""mech.inertia.positive"", ""rule_origin"": ""the rotational analogue of mass; J = 0 leaves angular acceleration undetermined"", ""rule_reference"": ""MSL Mechanics.Rotational.Components.Inertia"", ""matched_by"": {""quantity"": ""MomentOfInertia"", ""unit"": ""kg.m2"", ""confidence"": ""QUANTITY_AND_UNIT"", ""premise_state"": ""unknown"", ""authority"": ""quantity_or_unit"", ""canonical_declaration"": ""ThermoPower.Electrical.Generator.J""}, ""required"": ""gen_b.J > 0"", ""declared_min"": null, ""variable_role"": ""parameter"", ""premise_state"": ""refuted"", ""authority"": ""component_contract"", ""contract"": ""ThermoPower.Electrical.Generator.J: algebraic_limit (proven, from equation) \u2014 the parameter multiplies a derivative, so at zero the differential relation becomes an algebraic constraint rather than an undefined quotient"", ""contract_behavior"": ""algebraic_limit"", ""contract_confidence"": ""proven"", ""contract_source"": ""equation"", ""note"": ""the positivity rule does not apply: this component documents zero as a meaningful limit, so reporting a missing bound would contradict its contract""}",/data/mrumoca/eval/results_v3/thermopower/runtime_free.jsonl
thermopower,runtime-v3,ThermoPower.Test.ElectricalComponents.TestElectrical6,5,network-observation-incomplete,info,False,execution-not-completed,"{""reason"": ""missing or unsynchronized connector member observations"", ""note"": ""coverage gap, not a model defect""}",/data/mrumoca/eval/results_v3/thermopower/runtime_free.jsonl
thermopower,runtime-v3,ThermoPower.Test.ElectricalComponents.TestElectrical6,6,initialization-failure,high,False,execution-not-completed,"{""failure_kind"": ""nonlinear-solver-failure"", ""reason"": ""led: initial variable projection \u001b[31m\u2502\u001b[0m did not satisfy the complete residual system: max selected residual row=1 \u001b[31m\u2502\u001b[0m original_row=1 target=gen_a.omega_m value=-7.500001e-2 norm=7.500001e-2"", ""raw"": ""reading /tmp/tmpsen6lf26/traced.rbc (bitcode v2, cbor) Simulating ThermoPower.Test.ElectricalComponents.TestElectrical6 to t=1 with 72 trace point(s)... \u001b[31m\u001b[0m simulation failed: solve-IR evaluation failed: initial variable projection \u001b[31m\u2502\u001b[0m did not satisfy the complete residual system: max selected residual row=1 \u001b[31m\u2502\u001b[0m original_row=1 target=gen_a.omega_m value=-7.500001e-2 norm=7.5000"", ""tool_side"": false}",/data/mrumoca/eval/results_v3/thermopower/runtime_free.jsonl
thermopower,runtime-v3,ThermoPower.Test.ElectricalComponents.TestElectrical5,0,network-boundary-port,low,False,standalone-topology-not-defect-proof,"{""node"": ""Load -- load"", ""boundary_connectors"": ""Load, load"", ""wired_to"": ""nothing"", ""note"": ""this connector belongs to the model itself, not to a component inside it: the model is an interface compiled on its own, so the node is open on one side. Nothing forces its flow, which is why a structural matching reports an unmatched unknown here. Not a defect in the model""}",/data/mrumoca/eval/results_v3/thermopower/runtime_free.jsonl
thermopower,runtime-v3,ThermoPower.Test.ElectricalComponents.TestElectrical5,1,network-boundary-port,low,False,standalone-topology-not-defect-proof,"{""node"": ""NomTorque_a -- torque_a"", ""boundary_connectors"": ""NomTorque_a, torque_a"", ""wired_to"": ""nothing"", ""note"": ""this connector belongs to the model itself, not to a component inside it: the model is an interface compiled on its own, so the node is open on one side. Nothing forces its flow, which is why a structural matching reports an unmatched unknown here. Not a defect in the model""}",/data/mrumoca/eval/results_v3/thermopower/runtime_free.jsonl
thermopower,runtime-v3,ThermoPower.Test.ElectricalComponents.TestElectrical5,2,network-boundary-port,low,False,standalone-topology-not-defect-proof,"{""node"": ""NomTorque_b -- torque_b"", ""boundary_connectors"": ""NomTorque_b, torque_b"", ""wired_to"": ""nothing"", ""note"": ""this connector belongs to the model itself, not to a component inside it: the model is an interface compiled on its own, so the node is open on one side. Nothing forces its flow, which is why a structural matching reports an unmatched unknown here. Not a defect in the model""}",/data/mrumoca/eval/results_v3/thermopower/runtime_free.jsonl
thermopower,runtime-v3,ThermoPower.Test.ElectricalComponents.TestElectrical5,3,physical-zero-is-a-supported-limit,low,False,advisory-or-explicit-non-defect,"{""domain"": ""mechanical"", ""rule"": ""mech.inertia.positive"", ""rule_origin"": ""the rotational analogue of mass; J = 0 leaves angular acceleration undetermined"", ""rule_reference"": ""MSL Mechanics.Rotational.Components.Inertia"", ""matched_by"": {""quantity"": ""MomentOfInertia"", ""unit"": ""kg.m2"", ""confidence"": ""QUANTITY_AND_UNIT"", ""premise_state"": ""unknown"", ""authority"": ""quantity_or_unit"", ""canonical_declaration"": ""ThermoPower.Electrical.Generator.J""}, ""required"": ""gen_a.J > 0"", ""declared_min"": null, ""variable_role"": ""parameter"", ""premise_state"": ""refuted"", ""authority"": ""component_contract"", ""contract"": ""ThermoPower.Electrical.Generator.J: algebraic_limit (proven, from equation) \u2014 the parameter multiplies a derivative, so at zero the differential relation becomes an algebraic constraint rather than an undefined quotient"", ""contract_behavior"": ""algebraic_limit"", ""contract_confidence"": ""proven"", ""contract_source"": ""equation"", ""note"": ""the positivity rule does not apply: this component documents zero as a meaningful limit, so reporting a missing bound would contradict its contract""}",/data/mrumoca/eval/results_v3/thermopower/runtime_free.jsonl
thermopower,runtime-v3,ThermoPower.Test.ElectricalComponents.TestElectrical5,4,physical-zero-is-a-supported-limit,low,False,advisory-or-explicit-non-defect,"{""domain"": ""mechanical"", ""rule"": ""mech.inertia.positive"", ""rule_origin"": ""the rotational analogue of mass; J = 0 leaves angular acceleration undetermined"", ""rule_reference"": ""MSL Mechanics.Rotational.Components.Inertia"", ""matched_by"": {""quantity"": ""MomentOfInertia"", ""unit"": ""kg.m2"", ""confidence"": ""QUANTITY_AND_UNIT"", ""premise_state"": ""unknown"", ""authority"": ""quantity_or_unit"", ""canonical_declaration"": ""ThermoPower.Electrical.Generator.J""}, ""required"": ""gen_b.J > 0"", ""declared_min"": null, ""variable_role"": ""parameter"", ""premise_state"": ""refuted"", ""authority"": ""component_contract"", ""contract"": ""ThermoPower.Electrical.Generator.J: algebraic_limit (proven, from equation) \u2014 the parameter multiplies a derivative, so at zero the differential relation becomes an algebraic constraint rather than an undefined quotient"", ""contract_behavior"": ""algebraic_limit"", ""contract_confidence"": ""proven"", ""contract_source"": ""equation"", ""note"": ""the positivity rule does not apply: this component documents zero as a meaningful limit, so reporting a missing bound would contradict its contract""}",/data/mrumoca/eval/results_v3/thermopower/runtime_free.jsonl
thermopower,runtime-v3,ThermoPower.Test.WaterComponents.SimpleMotor,0,network-boundary-port,low,True,hold-input-contract-validation,"{""node"": ""J.flange_b -- flange_b"", ""boundary_connectors"": ""flange_b"", ""wired_to"": ""J.flange_b"", ""note"": ""this connector belongs to the model itself, not to a component inside it: the model is an interface compiled on its own, so the node is open on one side. Nothing forces its flow, which is why a structural matching reports an unmatched unknown here. Not a defect in the model""}",/data/mrumoca/eval/results_v3/thermopower/runtime_free.jsonl
thermopower,runtime-v3,ThermoPower.Test.WaterComponents.SimpleMotor,1,network-boundary-port,low,True,hold-input-contract-validation,"{""node"": ""Vs -- inPort"", ""boundary_connectors"": ""Vs, inPort"", ""wired_to"": ""nothing"", ""note"": ""this connector belongs to the model itself, not to a component inside it: the model is an interface compiled on its own, so the node is open on one side. Nothing forces its flow, which is why a structural matching reports an unmatched unknown here. Not a defect in the model""}",/data/mrumoca/eval/results_v3/thermopower/runtime_free.jsonl
thermopower,runtime-v3,ThermoPower.Test.WaterComponents.SimpleMotor,2,physical-zero-is-a-supported-limit,low,True,hold-input-contract-validation,"{""domain"": ""electrical"", ""rule"": ""elec.resistance.positive"", ""rule_origin"": ""a passive resistor dissipates energy; R <= 0 would make it a source, and R = 0 removes the equation that determines its current"", ""rule_reference"": ""MSL Electrical.Analog.Basic.Resistor"", ""matched_by"": {""quantity"": ""Resistance"", ""unit"": ""Ohm"", ""confidence"": ""QUANTITY_AND_UNIT"", ""premise_state"": ""unknown"", ""authority"": ""quantity_or_unit"", ""canonical_declaration"": ""ThermoPower.Test.WaterComponents.SimpleMotor.Rm""}, ""required"": ""Rm > 0"", ""declared_min"": null, ""variable_role"": ""parameter"", ""premise_state"": ""refuted"", ""authority"": ""component_contract"", ""contract"": ""Modelica.Electrical.Analog.Basic.Resistor.R: feature_disabled (proven, from equation) \u2014 inherited from R.R, which it binds: the parameter appears only as a multiplier, so at zero the term it scales drops out and the rest of the model is unaffected"", ""contract_behavior"": ""feature_disabled"", ""contract_confidence"": ""proven"", ""contract_source"": ""equation"", ""note"": ""the positivity rule does not apply: this component documents zero as a meaningful limit, so reporting a missing bound would contradict its contract""}",/data/mrumoca/eval/results_v3/thermopower/runtime_free.jsonl
thermopower,runtime-v3,ThermoPower.Test.WaterComponents.SimpleMotor,3,physical-zero-is-a-supported-limit,low,True,hold-input-contract-validation,"{""domain"": ""electrical"", ""rule"": ""elec.inductance.positive"", ""rule_origin"": ""stored energy is L*i^2/2; L = 0 turns the differential equation into a constraint on voltage"", ""rule_reference"": ""MSL Electrical.Analog.Basic.Inductor"", ""matched_by"": {""quantity"": ""Inductance"", ""unit"": ""H"", ""confidence"": ""QUANTITY_AND_UNIT"", ""premise_state"": ""unknown"", ""authority"": ""quantity_or_unit"", ""canonical_declaration"": ""ThermoPower.Test.WaterComponents.SimpleMotor.Lm""}, ""required"": ""Lm > 0"", ""declared_min"": null, ""variable_role"": ""parameter"", ""premise_state"": ""refuted"", ""authority"": ""component_contract"", ""contract"": ""Modelica.Electrical.Analog.Basic.Inductor.L: algebraic_limit (proven, from equation) \u2014 inherited from L.L, which it binds: the parameter multiplies a derivative, so at zero the differential relation becomes an algebraic constraint rather than an undefined quotient"", ""contract_behavior"": ""algebraic_limit"", ""contract_confidence"": ""proven"", ""contract_source"": ""equation"", ""note"": ""the positivity rule does not apply: this component documents zero as a meaningful limit, so reporting a missing bound would contradict its contract""}",/data/mrumoca/eval/results_v3/thermopower/runtime_free.jsonl
thermopower,runtime-v3,ThermoPower.Test.WaterComponents.SimpleMotor,4,physical-zero-is-a-supported-limit,low,True,hold-input-contract-validation,"{""domain"": ""mechanical"", ""rule"": ""mech.inertia.positive"", ""rule_origin"": ""the rotational analogue of mass; J = 0 leaves angular acceleration undetermined"", ""rule_reference"": ""MSL Mechanics.Rotational.Components.Inertia"", ""matched_by"": {""quantity"": ""MomentOfInertia"", ""unit"": ""kg.m2"", ""confidence"": ""QUANTITY_AND_UNIT"", ""premise_state"": ""unknown"", ""authority"": ""quantity_or_unit"", ""canonical_declaration"": ""ThermoPower.Test.WaterComponents.SimpleMotor.Jm""}, ""required"": ""Jm > 0"", ""declared_min"": null, ""variable_role"": ""parameter"", ""premise_state"": ""refuted"", ""authority"": ""component_contract"", ""contract"": ""Modelica.Mechanics.Rotational.Components.Inertia.J: algebraic_limit (proven, from equation) \u2014 inherited from J.J, which it binds: the parameter multiplies a derivative, so at zero the differential relation becomes an algebraic constraint rather than an undefined quotient"", ""contract_behavior"": ""algebraic_limit"", ""contract_confidence"": ""proven"", ""contract_source"": ""equation"", ""note"": ""the positivity rule does not apply: this component documents zero as a meaningful limit, so reporting a missing bound would contradict its contract""}",/data/mrumoca/eval/results_v3/thermopower/runtime_free.jsonl
thermopower,runtime-v3,ThermoPower.Test.WaterComponents.SimpleMotor,5,physical-zero-is-a-supported-limit,low,True,hold-input-contract-validation,"{""domain"": ""electrical"", ""rule"": ""elec.inductance.positive"", ""rule_origin"": ""stored energy is L*i^2/2; L = 0 turns the differential equation into a constraint on voltage"", ""rule_reference"": ""MSL Electrical.Analog.Basic.Inductor"", ""matched_by"": {""quantity"": ""Inductance"", ""unit"": ""H"", ""semantic_role"": ""component.passive.inductance"", ""binding_source"": ""component_type"", ""confidence"": ""QUANTITY_AND_UNIT"", ""declaring_class"": ""Modelica.Electrical.Analog.Basic.Inductor"", ""member"": ""L"", ""premise_state"": ""established"", ""authority"": ""component_contract"", ""canonical_declaration"": ""Modelica.Electrical.Analog.Basic.Inductor.L""}, ""required"": ""L.L > 0"", ""declared_min"": null, ""variable_role"": ""parameter"", ""premise_state"": ""refuted"", ""authority"": ""component_contract"", ""contract"": ""Modelica.Electrical.Analog.Basic.Inductor.L: algebraic_limit (proven, from equation) \u2014 the parameter multiplies a derivative, so at zero the differential relation becomes an algebraic constraint rather than an undefined quotient"", ""contract_behavior"": ""algebraic_limit"", ""contract_confidence"": ""proven"", ""contract_source"": ""equation"", ""note"": ""the positivity rule does not apply: this component documents zero as a meaningful limit, so reporting a missing bound would contradict its contract""}",/data/mrumoca/eval/results_v3/thermopower/runtime_free.jsonl
thermopower,runtime-v3,ThermoPower.Test.WaterComponents.SimpleMotor,6,physical-zero-is-a-supported-limit,low,True,hold-input-contract-validation,"{""domain"": ""mechanical"", ""rule"": ""mech.inertia.positive"", ""rule_origin"": ""the rotational analogue of mass; J = 0 leaves angular acceleration undetermined"", ""rule_reference"": ""MSL Mechanics.Rotational.Components.Inertia"", ""matched_by"": {""quantity"": ""MomentOfInertia"", ""unit"": ""kg.m2"", ""semantic_role"": ""component.rotational.inertia"", ""binding_source"": ""component_type"", ""confidence"": ""QUANTITY_AND_UNIT"", ""declaring_class"": ""Modelica.Mechanics.Rotational.Components.Inertia"", ""member"": ""J"", ""premise_state"": ""established"", ""authority"": ""component_contract"", ""canonical_declaration"": ""Modelica.Mechanics.Rotational.Components.Inertia.J""}, ""required"": ""J.J > 0"", ""declared_min"": 0.0, ""variable_role"": ""parameter"", ""premise_state"": ""refuted"", ""authority"": ""component_contract"", ""contract"": ""Modelica.Mechanics.Rotational.Components.Inertia.J: algebraic_limit (proven, from equation) \u2014 the parameter multiplies a derivative, so at zero the differential relation becomes an algebraic constraint rather than an undefined quotient"", ""contract_behavior"": ""algebraic_limit"", ""contract_confidence"": ""proven"", ""contract_source"": ""equation"", ""note"": ""the positivity rule does not apply: this component documents zero as a meaningful limit, so reporting a missing bound would contradict its contract""}",/data/mrumoca/eval/results_v3/thermopower/runtime_free.jsonl
thermopower,runtime-v3,ThermoPower.Thermal.ConvHTFV,0,network-port-unconnected,low,False,execution-not-completed,"{""connector"": ""side1"", ""component"": ""<top level>"", ""component_class"": ""unknown"", ""flows_forced_to_zero"": ""side1.Q"", ""note"": ""nothing is connected to this port, so MLS \u00a79.2 forces its flow to zero. That is correct for a component compiled on its own and is not a defect; it is recorded because it is the commonest reason a model looks structurally singular""}",/data/mrumoca/eval/results_v3/thermopower/runtime_free.jsonl
thermopower,runtime-v3,ThermoPower.Thermal.ConvHTFV,1,network-port-unconnected,low,False,execution-not-completed,"{""connector"": ""side2"", ""component"": ""<top level>"", ""component_class"": ""unknown"", ""flows_forced_to_zero"": ""side2.Q"", ""note"": ""nothing is connected to this port, so MLS \u00a79.2 forces its flow to zero. That is correct for a component compiled on its own and is not a defect; it is recorded because it is the commonest reason a model looks structurally singular""}",/data/mrumoca/eval/results_v3/thermopower/runtime_free.jsonl
thermopower,runtime-v3,ThermoPower.Thermal.ConvHTFV,2,network-component-isolated,low,False,execution-not-completed,"{""component"": ""<top level>"", ""component_class"": ""unknown"", ""ports"": ""side1, side2"", ""note"": ""every port of this instance is unconnected, so it exchanges nothing with the rest of the model while still contributing its equations""}",/data/mrumoca/eval/results_v3/thermopower/runtime_free.jsonl
thermopower,runtime-v3,ThermoPower.Thermal.ConvHTFV,3,physical-zero-is-a-supported-limit,low,False,execution-not-completed,"{""domain"": ""thermal"", ""rule"": ""thermal.conductance.positive"", ""rule_origin"": ""heat flows from hot to cold; G <= 0 reverses the second law"", ""rule_reference"": """", ""matched_by"": {""quantity"": ""ThermalConductance"", ""unit"": ""W/K"", ""confidence"": ""QUANTITY_AND_UNIT"", ""premise_state"": ""unknown"", ""authority"": ""quantity_or_unit"", ""canonical_declaration"": ""ThermoPower.Thermal.ConvHTFV.G""}, ""required"": ""G > 0"", ""declared_min"": null, ""variable_role"": ""parameter"", ""premise_state"": ""refuted"", ""authority"": ""component_contract"", ""contract"": ""ThermoPower.Thermal.ConvHTFV.G: feature_disabled (proven, from equation) \u2014 the parameter appears only as a multiplier, so at zero the term it scales drops out and the rest of the model is unaffected"", ""contract_behavior"": ""feature_disabled"", ""contract_confidence"": ""proven"", ""contract_source"": ""equation"", ""note"": ""the positivity rule does not apply: this component documents zero as a meaningful limit, so reporting a missing bound would contradict its contract""}",/data/mrumoca/eval/results_v3/thermopower/runtime_free.jsonl
thermopower,runtime-v3,ThermoPower.Thermal.ConvHTFV,4,network-observation-incomplete,info,False,execution-not-completed,"{""reason"": ""missing or unsynchronized connector member observations"", ""note"": ""coverage gap, not a model defect""}",/data/mrumoca/eval/results_v3/thermopower/runtime_free.jsonl
thermopower,runtime-v3,ThermoPower.Thermal.ConvHTFV,5,initialization-failure,high,False,execution-not-completed,"{""failure_kind"": ""singular-system"", ""reason"": ""rmoPower.Thermal.ConvHTFV to t=1 with 4 trace point(s)... \u001b[31m\u001b[0m simulation failed: DAE structural proof failed: structurally singular \u001b[31m\u2502\u001b[0m system: 6 matched out of 8 equations and 8 unknowns"", ""raw"": ""reading /tmp/tmp9c8ocks0/traced.rbc (bitcode v2, cbor) Simulating ThermoPower.Thermal.ConvHTFV to t=1 with 4 trace point(s)... \u001b[31m\u001b[0m simulation failed: DAE structural proof failed: structurally singular \u001b[31m\u2502\u001b[0m system: 6 matched out of 8 equations and 8 unknowns"", ""tool_side"": false}",/data/mrumoca/eval/results_v3/thermopower/runtime_free.jsonl
thermopower,runtime-v3,ThermoPower.Test.ElectricalComponents.TestElectrical7,0,network-boundary-port,low,False,execution-not-completed,"{""node"": ""Load -- load"", ""boundary_connectors"": ""Load, load"", ""wired_to"": ""nothing"", ""note"": ""this connector belongs to the model itself, not to a component inside it: the model is an interface compiled on its own, so the node is open on one side. Nothing forces its flow, which is why a structural matching reports an unmatched unknown here. Not a defect in the model""}",/data/mrumoca/eval/results_v3/thermopower/runtime_free.jsonl
thermopower,runtime-v3,ThermoPower.Test.ElectricalComponents.TestElectrical7,1,network-boundary-port,low,False,execution-not-completed,"{""node"": ""controllerA -- feedback -- frequency_a -- refPa -- secondaryController -- torqueGen_a -- torque_a"", ""boundary_connectors"": ""controllerA, feedback, frequency_a, refPa, secondaryController, torqueGen_a, torque_a"", ""wired_to"": ""nothing"", ""note"": ""this connector belongs to the model itself, not to a component inside it: the model is an interface compiled on its own, so the node is open on one side. Nothing forces its flow, which is why a structural matching reports an unmatched unknown here. Not a defect in the model""}",/data/mrumoca/eval/results_v3/thermopower/runtime_free.jsonl
thermopower,runtime-v3,ThermoPower.Test.ElectricalComponents.TestElectrical7,2,network-boundary-port,low,False,execution-not-completed,"{""node"": ""controllerB -- frequency_b -- refPb -- torqueGen_b -- torque_b"", ""boundary_connectors"": ""controllerB, frequency_b, refPb, torqueGen_b, torque_b"", ""wired_to"": ""nothing"", ""note"": ""this connector belongs to the model itself, not to a component inside it: the model is an interface compiled on its own, so the node is open on one side. Nothing forces its flow, which is why a structural matching reports an unmatched unknown here. Not a defect in the model""}",/data/mrumoca/eval/results_v3/thermopower/runtime_free.jsonl
thermopower,runtime-v3,ThermoPower.Test.ElectricalComponents.TestElectrical7,3,physical-zero-is-a-supported-limit,low,False,execution-not-completed,"{""domain"": ""mechanical"", ""rule"": ""mech.inertia.positive"", ""rule_origin"": ""the rotational analogue of mass; J = 0 leaves angular acceleration undetermined"", ""rule_reference"": ""MSL Mechanics.Rotational.Components.Inertia"", ""matched_by"": {""quantity"": ""MomentOfInertia"", ""unit"": ""kg.m2"", ""confidence"": ""QUANTITY_AND_UNIT"", ""premise_state"": ""unknown"", ""authority"": ""quantity_or_unit"", ""canonical_declaration"": ""ThermoPower.Electrical.Generator.J""}, ""required"": ""gen_a.J > 0"", ""declared_min"": null, ""variable_role"": ""parameter"", ""premise_state"": ""refuted"", ""authority"": ""component_contract"", ""contract"": ""ThermoPower.Electrical.Generator.J: algebraic_limit (proven, from equation) \u2014 the parameter multiplies a derivative, so at zero the differential relation becomes an algebraic constraint rather than an undefined quotient"", ""contract_behavior"": ""algebraic_limit"", ""contract_confidence"": ""proven"", ""contract_source"": ""equation"", ""note"": ""the positivity rule does not apply: this component documents zero as a meaningful limit, so reporting a missing bound would contradict its contract""}",/data/mrumoca/eval/results_v3/thermopower/runtime_free.jsonl
thermopower,runtime-v3,ThermoPower.Test.ElectricalComponents.TestElectrical7,4,physical-zero-is-a-supported-limit,low,False,execution-not-completed,"{""domain"": ""mechanical"", ""rule"": ""mech.inertia.positive"", ""rule_origin"": ""the rotational analogue of mass; J = 0 leaves angular acceleration undetermined"", ""rule_reference"": ""MSL Mechanics.Rotational.Components.Inertia"", ""matched_by"": {""quantity"": ""MomentOfInertia"", ""unit"": ""kg.m2"", ""confidence"": ""QUANTITY_AND_UNIT"", ""premise_state"": ""unknown"", ""authority"": ""quantity_or_unit"", ""canonical_declaration"": ""ThermoPower.Electrical.Generator.J""}, ""required"": ""gen_b.J > 0"", ""declared_min"": null, ""variable_role"": ""parameter"", ""premise_state"": ""refuted"", ""authority"": ""component_contract"", ""contract"": ""ThermoPower.Electrical.Generator.J: algebraic_limit (proven, from equation) \u2014 the parameter multiplies a derivative, so at zero the differential relation becomes an algebraic constraint rather than an undefined quotient"", ""contract_behavior"": ""algebraic_limit"", ""contract_confidence"": ""proven"", ""contract_source"": ""equation"", ""note"": ""the positivity rule does not apply: this component documents zero as a meaningful limit, so reporting a missing bound would contradict its contract""}",/data/mrumoca/eval/results_v3/thermopower/runtime_free.jsonl
thermopower,runtime-v3,ThermoPower.Test.ElectricalComponents.TestElectrical7,5,network-observation-incomplete,info,False,execution-not-completed,"{""reason"": ""missing or unsynchronized connector member observations"", ""note"": ""coverage gap, not a model defect""}",/data/mrumoca/eval/results_v3/thermopower/runtime_free.jsonl
thermopower,runtime-v3,ThermoPower.Test.ElectricalComponents.TestElectrical7,6,initialization-failure,high,False,execution-not-completed,"{""failure_kind"": ""nonlinear-solver-failure"", ""reason"": ""led: initial variable projection \u001b[31m\u2502\u001b[0m did not satisfy the complete residual system: max selected residual row=1 \u001b[31m\u2502\u001b[0m original_row=1 target=gen_a.omega_m value=-7.500001e-2 norm=7.500001e-2"", ""raw"": ""reading /tmp/tmpj15i0h97/traced.rbc (bitcode v2, cbor) Simulating ThermoPower.Test.ElectricalComponents.TestElectrical7 to t=1 with 77 trace point(s)... \u001b[31m\u001b[0m simulation failed: solve-IR evaluation failed: initial variable projection \u001b[31m\u2502\u001b[0m did not satisfy the complete residual system: max selected residual row=1 \u001b[31m\u2502\u001b[0m original_row=1 target=gen_a.omega_m value=-7.500001e-2 norm=7.5000"", ""tool_side"": false}",/data/mrumoca/eval/results_v3/thermopower/runtime_free.jsonl
thermopower,runtime-v3,ThermoPower.Thermal.ConvHT,0,network-port-unconnected,low,False,execution-not-completed,"{""connector"": ""side1"", ""component"": ""<top level>"", ""component_class"": ""unknown"", ""flows_forced_to_zero"": ""side1.phi"", ""note"": ""nothing is connected to this port, so MLS \u00a79.2 forces its flow to zero. That is correct for a component compiled on its own and is not a defect; it is recorded because it is the commonest reason a model looks structurally singular""}",/data/mrumoca/eval/results_v3/thermopower/runtime_free.jsonl
thermopower,runtime-v3,ThermoPower.Thermal.ConvHT,1,network-port-unconnected,low,False,execution-not-completed,"{""connector"": ""side2"", ""component"": ""<top level>"", ""component_class"": ""unknown"", ""flows_forced_to_zero"": ""side2.phi"", ""note"": ""nothing is connected to this port, so MLS \u00a79.2 forces its flow to zero. That is correct for a component compiled on its own and is not a defect; it is recorded because it is the commonest reason a model looks structurally singular""}",/data/mrumoca/eval/results_v3/thermopower/runtime_free.jsonl
thermopower,runtime-v3,ThermoPower.Thermal.ConvHT,2,network-component-isolated,low,False,execution-not-completed,"{""component"": ""<top level>"", ""component_class"": ""unknown"", ""ports"": ""side1, side2"", ""note"": ""every port of this instance is unconnected, so it exchanges nothing with the rest of the model while still contributing its equations""}",/data/mrumoca/eval/results_v3/thermopower/runtime_free.jsonl
thermopower,runtime-v3,ThermoPower.Thermal.ConvHT,3,network-observation-incomplete,info,False,execution-not-completed,"{""reason"": ""missing or unsynchronized connector member observations"", ""note"": ""coverage gap, not a model defect""}",/data/mrumoca/eval/results_v3/thermopower/runtime_free.jsonl
thermopower,runtime-v3,ThermoPower.Thermal.ConvHT,4,initialization-failure,high,False,execution-not-completed,"{""failure_kind"": ""singular-system"", ""reason"": ""hermoPower.Thermal.ConvHT to t=1 with 4 trace point(s)... \u001b[31m\u001b[0m simulation failed: DAE structural proof failed: structurally singular \u001b[31m\u2502\u001b[0m system: 6 matched out of 8 equations and 8 unknowns"", ""raw"": ""reading /tmp/tmp7mar2hhg/traced.rbc (bitcode v2, cbor) Simulating ThermoPower.Thermal.ConvHT to t=1 with 4 trace point(s)... \u001b[31m\u001b[0m simulation failed: DAE structural proof failed: structurally singular \u001b[31m\u2502\u001b[0m system: 6 matched out of 8 equations and 8 unknowns"", ""tool_side"": false}",/data/mrumoca/eval/results_v3/thermopower/runtime_free.jsonl
thermopower,runtime-v3,ThermoPower.Thermal.ConvHTLumped,0,network-port-unconnected,low,False,execution-not-completed,"{""connector"": ""side1"", ""component"": ""<top level>"", ""component_class"": ""unknown"", ""flows_forced_to_zero"": ""side1.Q_flow"", ""note"": ""nothing is connected to this port, so MLS \u00a79.2 forces its flow to zero. That is correct for a component compiled on its own and is not a defect; it is recorded because it is the commonest reason a model looks structurally singular""}",/data/mrumoca/eval/results_v3/thermopower/runtime_free.jsonl
thermopower,runtime-v3,ThermoPower.Thermal.ConvHTLumped,1,network-port-unconnected,low,False,execution-not-completed,"{""connector"": ""side2"", ""component"": ""<top level>"", ""component_class"": ""unknown"", ""flows_forced_to_zero"": ""side2.Q_flow"", ""note"": ""nothing is connected to this port, so MLS \u00a79.2 forces its flow to zero. That is correct for a component compiled on its own and is not a defect; it is recorded because it is the commonest reason a model looks structurally singular""}",/data/mrumoca/eval/results_v3/thermopower/runtime_free.jsonl
thermopower,runtime-v3,ThermoPower.Thermal.ConvHTLumped,2,network-component-isolated,low,False,execution-not-completed,"{""component"": ""<top level>"", ""component_class"": ""unknown"", ""ports"": ""side1, side2"", ""note"": ""every port of this instance is unconnected, so it exchanges nothing with the rest of the model while still contributing its equations""}",/data/mrumoca/eval/results_v3/thermopower/runtime_free.jsonl
thermopower,runtime-v3,ThermoPower.Thermal.ConvHTLumped,3,physical-zero-is-a-supported-limit,low,False,execution-not-completed,"{""domain"": ""thermal"", ""rule"": ""thermal.conductance.positive"", ""rule_origin"": ""heat flows from hot to cold; G <= 0 reverses the second law"", ""rule_reference"": """", ""matched_by"": {""quantity"": ""ThermalConductance"", ""unit"": ""W/K"", ""confidence"": ""QUANTITY_AND_UNIT"", ""premise_state"": ""unknown"", ""authority"": ""quantity_or_unit"", ""canonical_declaration"": ""ThermoPower.Thermal.ConvHTLumped.G""}, ""required"": ""G > 0"", ""declared_min"": null, ""variable_role"": ""parameter"", ""premise_state"": ""refuted"", ""authority"": ""component_contract"", ""contract"": ""ThermoPower.Thermal.ConvHTLumped.G: feature_disabled (proven, from equation) \u2014 the parameter appears only as a multiplier, so at zero the term it scales drops out and the rest of the model is unaffected"", ""contract_behavior"": ""feature_disabled"", ""contract_confidence"": ""proven"", ""contract_source"": ""equation"", ""note"": ""the positivity rule does not apply: this component documents zero as a meaningful limit, so reporting a missing bound would contradict its contract""}",/data/mrumoca/eval/results_v3/thermopower/runtime_free.jsonl
thermopower,runtime-v3,ThermoPower.Thermal.ConvHTLumped,4,network-observation-incomplete,info,False,execution-not-completed,"{""reason"": ""missing or unsynchronized connector member observations"", ""note"": ""coverage gap, not a model defect""}",/data/mrumoca/eval/results_v3/thermopower/runtime_free.jsonl
thermopower,runtime-v3,ThermoPower.Thermal.ConvHTLumped,5,initialization-failure,high,False,execution-not-completed,"{""failure_kind"": ""singular-system"", ""reason"": ""ower.Thermal.ConvHTLumped to t=1 with 4 trace point(s)... \u001b[31m\u001b[0m simulation failed: DAE structural proof failed: structurally singular \u001b[31m\u2502\u001b[0m system: 3 matched out of 4 equations and 4 unknowns"", ""raw"": ""reading /tmp/tmp2ptciyco/traced.rbc (bitcode v2, cbor) Simulating ThermoPower.Thermal.ConvHTLumped to t=1 with 4 trace point(s)... \u001b[31m\u001b[0m simulation failed: DAE structural proof failed: structurally singular \u001b[31m\u2502\u001b[0m system: 3 matched out of 4 equations and 4 unknowns"", ""tool_side"": false}",/data/mrumoca/eval/results_v3/thermopower/runtime_free.jsonl
thermopower,runtime-v3,ThermoPower.Test.WaterComponents.TestThroughMassFlow,0,network-boundary-port,low,False,standalone-topology-not-defect-proof,"{""node"": ""Step1 -- ThroughW2"", ""boundary_connectors"": ""Step1, ThroughW2"", ""wired_to"": ""nothing"", ""note"": ""this connector belongs to the model itself, not to a component inside it: the model is an interface compiled on its own, so the node is open on one side. Nothing forces its flow, which is why a structural matching reports an unmatched unknown here. Not a defect in the model""}",/data/mrumoca/eval/results_v3/thermopower/runtime_free.jsonl
thermopower,runtime-v3,ThermoPower.Thermal.CounterCurrent,0,network-port-unconnected,low,False,execution-not-completed,"{""connector"": ""side1"", ""component"": ""<top level>"", ""component_class"": ""unknown"", ""flows_forced_to_zero"": ""side1.phi"", ""note"": ""nothing is connected to this port, so MLS \u00a79.2 forces its flow to zero. That is correct for a component compiled on its own and is not a defect; it is recorded because it is the commonest reason a model looks structurally singular""}",/data/mrumoca/eval/results_v3/thermopower/runtime_free.jsonl
thermopower,runtime-v3,ThermoPower.Thermal.CounterCurrent,1,network-port-unconnected,low,False,execution-not-completed,"{""connector"": ""side2"", ""component"": ""<top level>"", ""component_class"": ""unknown"", ""flows_forced_to_zero"": ""side2.phi"", ""note"": ""nothing is connected to this port, so MLS \u00a79.2 forces its flow to zero. That is correct for a component compiled on its own and is not a defect; it is recorded because it is the commonest reason a model looks structurally singular""}",/data/mrumoca/eval/results_v3/thermopower/runtime_free.jsonl
thermopower,runtime-v3,ThermoPower.Thermal.CounterCurrent,2,network-component-isolated,low,False,execution-not-completed,"{""component"": ""<top level>"", ""component_class"": ""unknown"", ""ports"": ""side1, side2"", ""note"": ""every port of this instance is unconnected, so it exchanges nothing with the rest of the model while still contributing its equations""}",/data/mrumoca/eval/results_v3/thermopower/runtime_free.jsonl
thermopower,runtime-v3,ThermoPower.Thermal.CounterCurrent,3,network-observation-incomplete,info,False,execution-not-completed,"{""reason"": ""missing or unsynchronized connector member observations"", ""note"": ""coverage gap, not a model defect""}",/data/mrumoca/eval/results_v3/thermopower/runtime_free.jsonl
thermopower,runtime-v3,ThermoPower.Thermal.CounterCurrent,4,initialization-failure,high,False,execution-not-completed,"{""failure_kind"": ""singular-system"", ""reason"": ""er.Thermal.CounterCurrent to t=1 with 4 trace point(s)... \u001b[31m\u001b[0m simulation failed: DAE structural proof failed: structurally singular \u001b[31m\u2502\u001b[0m system: 6 matched out of 8 equations and 8 unknowns"", ""raw"": ""reading /tmp/tmp484wkg9h/traced.rbc (bitcode v2, cbor) Simulating ThermoPower.Thermal.CounterCurrent to t=1 with 4 trace point(s)... \u001b[31m\u001b[0m simulation failed: DAE structural proof failed: structurally singular \u001b[31m\u2502\u001b[0m system: 6 matched out of 8 equations and 8 unknowns"", ""tool_side"": false}",/data/mrumoca/eval/results_v3/thermopower/runtime_free.jsonl
thermopower,runtime-v3,ThermoPower.Thermal.ConvHTLumped_htc,0,network-port-unconnected,low,True,execution-not-completed,"{""connector"": ""otherside"", ""component"": ""<top level>"", ""component_class"": ""unknown"", ""flows_forced_to_zero"": ""otherside.Q_flow"", ""note"": ""nothing is connected to this port, so MLS \u00a79.2 forces its flow to zero. That is correct for a component compiled on its own and is not a defect; it is recorded because it is the commonest reason a model looks structurally singular""}",/data/mrumoca/eval/results_v3/thermopower/runtime_free.jsonl
thermopower,runtime-v3,ThermoPower.Thermal.ConvHTLumped_htc,1,network-port-unconnected,low,True,execution-not-completed,"{""connector"": ""fluidside"", ""component"": ""<top level>"", ""component_class"": ""unknown"", ""flows_forced_to_zero"": ""fluidside.Q_flow"", ""note"": ""nothing is connected to this port, so MLS \u00a79.2 forces its flow to zero. That is correct for a component compiled on its own and is not a defect; it is recorded because it is the commonest reason a model looks structurally singular""}",/data/mrumoca/eval/results_v3/thermopower/runtime_free.jsonl
thermopower,runtime-v3,ThermoPower.Thermal.ConvHTLumped_htc,2,network-component-isolated,low,True,execution-not-completed,"{""component"": ""<top level>"", ""component_class"": ""unknown"", ""ports"": ""otherside, fluidside"", ""note"": ""every port of this instance is unconnected, so it exchanges nothing with the rest of the model while still contributing its equations""}",/data/mrumoca/eval/results_v3/thermopower/runtime_free.jsonl
thermopower,runtime-v3,ThermoPower.Thermal.ConvHTLumped_htc,3,network-observation-incomplete,info,True,execution-not-completed,"{""reason"": ""missing or unsynchronized connector member observations"", ""note"": ""coverage gap, not a model defect""}",/data/mrumoca/eval/results_v3/thermopower/runtime_free.jsonl
thermopower,runtime-v3,ThermoPower.Thermal.ConvHTLumped_htc,4,initialization-failure,high,True,execution-not-completed,"{""failure_kind"": ""singular-system"", ""reason"": "".Thermal.ConvHTLumped_htc to t=1 with 5 trace point(s)... \u001b[31m\u001b[0m simulation failed: DAE structural proof failed: structurally singular \u001b[31m\u2502\u001b[0m system: 3 matched out of 4 equations and 4 unknowns"", ""raw"": ""reading /tmp/tmppwn58nzo/traced.rbc (bitcode v2, cbor) holding 1 free input(s) constant at their start values: fluidside.G=0 Simulating ThermoPower.Thermal.ConvHTLumped_htc to t=1 with 5 trace point(s)... \u001b[31m\u001b[0m simulation failed: DAE structural proof failed: structurally singular \u001b[31m\u2502\u001b[0m system: 3 matched out of 4 equations and 4 unknowns"", ""tool_side"": false}",/data/mrumoca/eval/results_v3/thermopower/runtime_free.jsonl
thermopower,runtime-v3,ThermoPower.Thermal.CounterCurrentFEM,0,network-port-unconnected,low,False,execution-not-completed,"{""connector"": ""side1"", ""component"": ""<top level>"", ""component_class"": ""unknown"", ""flows_forced_to_zero"": ""side1.phi"", ""note"": ""nothing is connected to this port, so MLS \u00a79.2 forces its flow to zero. That is correct for a component compiled on its own and is not a defect; it is recorded because it is the commonest reason a model looks structurally singular""}",/data/mrumoca/eval/results_v3/thermopower/runtime_free.jsonl
thermopower,runtime-v3,ThermoPower.Thermal.CounterCurrentFEM,1,network-port-unconnected,low,False,execution-not-completed,"{""connector"": ""side2"", ""component"": ""<top level>"", ""component_class"": ""unknown"", ""flows_forced_to_zero"": ""side2.phi"", ""note"": ""nothing is connected to this port, so MLS \u00a79.2 forces its flow to zero. That is correct for a component compiled on its own and is not a defect; it is recorded because it is the commonest reason a model looks structurally singular""}",/data/mrumoca/eval/results_v3/thermopower/runtime_free.jsonl
thermopower,runtime-v3,ThermoPower.Thermal.CounterCurrentFEM,2,network-component-isolated,low,False,execution-not-completed,"{""component"": ""<top level>"", ""component_class"": ""unknown"", ""ports"": ""side1, side2"", ""note"": ""every port of this instance is unconnected, so it exchanges nothing with the rest of the model while still contributing its equations""}",/data/mrumoca/eval/results_v3/thermopower/runtime_free.jsonl
thermopower,runtime-v3,ThermoPower.Thermal.CounterCurrentFEM,3,network-observation-incomplete,info,False,execution-not-completed,"{""reason"": ""missing or unsynchronized connector member observations"", ""note"": ""coverage gap, not a model defect""}",/data/mrumoca/eval/results_v3/thermopower/runtime_free.jsonl
thermopower,runtime-v3,ThermoPower.Thermal.CounterCurrentFEM,4,initialization-failure,high,False,execution-not-completed,"{""failure_kind"": ""singular-system"", ""reason"": ""Thermal.CounterCurrentFEM to t=1 with 4 trace point(s)... \u001b[31m\u001b[0m simulation failed: DAE structural proof failed: structurally singular \u001b[31m\u2502\u001b[0m system: 6 matched out of 8 equations and 8 unknowns"", ""raw"": ""reading /tmp/tmpm8s7tjyk/traced.rbc (bitcode v2, cbor) Simulating ThermoPower.Thermal.CounterCurrentFEM to t=1 with 4 trace point(s)... \u001b[31m\u001b[0m simulation failed: DAE structural proof failed: structurally singular \u001b[31m\u2502\u001b[0m system: 6 matched out of 8 equations and 8 unknowns"", ""tool_side"": false}",/data/mrumoca/eval/results_v3/thermopower/runtime_free.jsonl
thermopower,runtime-v3,ThermoPower.Thermal.ConvHT_htc,0,network-port-unconnected,low,True,execution-not-completed,"{""connector"": ""otherside"", ""component"": ""<top level>"", ""component_class"": ""unknown"", ""flows_forced_to_zero"": ""otherside.phi"", ""note"": ""nothing is connected to this port, so MLS \u00a79.2 forces its flow to zero. That is correct for a component compiled on its own and is not a defect; it is recorded because it is the commonest reason a model looks structurally singular""}",/data/mrumoca/eval/results_v3/thermopower/runtime_free.jsonl
thermopower,runtime-v3,ThermoPower.Thermal.ConvHT_htc,1,network-port-unconnected,low,True,execution-not-completed,"{""connector"": ""fluidside"", ""component"": ""<top level>"", ""component_class"": ""unknown"", ""flows_forced_to_zero"": ""fluidside.phi"", ""note"": ""nothing is connected to this port, so MLS \u00a79.2 forces its flow to zero. That is correct for a component compiled on its own and is not a defect; it is recorded because it is the commonest reason a model looks structurally singular""}",/data/mrumoca/eval/results_v3/thermopower/runtime_free.jsonl
thermopower,runtime-v3,ThermoPower.Thermal.ConvHT_htc,2,network-component-isolated,low,True,execution-not-completed,"{""component"": ""<top level>"", ""component_class"": ""unknown"", ""ports"": ""otherside, fluidside"", ""note"": ""every port of this instance is unconnected, so it exchanges nothing with the rest of the model while still contributing its equations""}",/data/mrumoca/eval/results_v3/thermopower/runtime_free.jsonl
thermopower,runtime-v3,ThermoPower.Thermal.ConvHT_htc,3,network-observation-incomplete,info,True,execution-not-completed,"{""reason"": ""missing or unsynchronized connector member observations"", ""note"": ""coverage gap, not a model defect""}",/data/mrumoca/eval/results_v3/thermopower/runtime_free.jsonl
thermopower,runtime-v3,ThermoPower.Thermal.ConvHT_htc,4,initialization-failure,high,True,execution-not-completed,"{""failure_kind"": ""singular-system"", ""reason"": ""oPower.Thermal.ConvHT_htc to t=1 with 5 trace point(s)... \u001b[31m\u001b[0m simulation failed: DAE structural proof failed: structurally singular \u001b[31m\u2502\u001b[0m system: 6 matched out of 8 equations and 8 unknowns"", ""raw"": ""reading /tmp/tmpf95c1cry/traced.rbc (bitcode v2, cbor) holding 2 free input(s) constant at their start values: fluidside.gamma[1]=0, fluidside.gamma[2]=0 Simulating ThermoPower.Thermal.ConvHT_htc to t=1 with 5 trace point(s)... \u001b[31m\u001b[0m simulation failed: DAE structural proof failed: structurally singular \u001b[31m\u2502\u001b[0m system: 6 matched out of 8 equations and 8 unknowns"", ""tool_side"": false}",/data/mrumoca/eval/results_v3/thermopower/runtime_free.jsonl
thermopower,runtime-v3,ThermoPower.Thermal.DHThtc_DHT,0,network-port-unconnected,low,True,execution-not-completed,"{""connector"": ""DHT_port"", ""component"": ""<top level>"", ""component_class"": ""unknown"", ""flows_forced_to_zero"": ""DHT_port.phi"", ""note"": ""nothing is connected to this port, so MLS \u00a79.2 forces its flow to zero. That is correct for a component compiled on its own and is not a defect; it is recorded because it is the commonest reason a model looks structurally singular""}",/data/mrumoca/eval/results_v3/thermopower/runtime_free.jsonl
thermopower,runtime-v3,ThermoPower.Thermal.DHThtc_DHT,1,network-port-unconnected,low,True,execution-not-completed,"{""connector"": ""DHThtc_port"", ""component"": ""<top level>"", ""component_class"": ""unknown"", ""flows_forced_to_zero"": ""DHThtc_port.phi"", ""note"": ""nothing is connected to this port, so MLS \u00a79.2 forces its flow to zero. That is correct for a component compiled on its own and is not a defect; it is recorded because it is the commonest reason a model looks structurally singular""}",/data/mrumoca/eval/results_v3/thermopower/runtime_free.jsonl
thermopower,runtime-v3,ThermoPower.Thermal.DHThtc_DHT,2,network-component-isolated,low,True,execution-not-completed,"{""component"": ""<top level>"", ""component_class"": ""unknown"", ""ports"": ""DHT_port, DHThtc_port"", ""note"": ""every port of this instance is unconnected, so it exchanges nothing with the rest of the model while still contributing its equations""}",/data/mrumoca/eval/results_v3/thermopower/runtime_free.jsonl
thermopower,runtime-v3,ThermoPower.Thermal.DHThtc_DHT,3,network-observation-incomplete,info,True,execution-not-completed,"{""reason"": ""missing or unsynchronized connector member observations"", ""note"": ""coverage gap, not a model defect""}",/data/mrumoca/eval/results_v3/thermopower/runtime_free.jsonl
thermopower,runtime-v3,ThermoPower.Thermal.DHThtc_DHT,4,initialization-failure,high,True,execution-not-completed,"{""failure_kind"": ""singular-system"", ""reason"": ""oPower.Thermal.DHThtc_DHT to t=1 with 5 trace point(s)... \u001b[31m\u001b[0m simulation failed: DAE structural proof failed: structurally singular \u001b[31m\u2502\u001b[0m system: 6 matched out of 8 equations and 8 unknowns"", ""raw"": ""reading /tmp/tmpg0k0w6me/traced.rbc (bitcode v2, cbor) holding 2 free input(s) constant at their start values: DHThtc_port.gamma[1]=0, DHThtc_port.gamma[2]=0 Simulating ThermoPower.Thermal.DHThtc_DHT to t=1 with 5 trace point(s)... \u001b[31m\u001b[0m simulation failed: DAE structural proof failed: structurally singular \u001b[31m\u2502\u001b[0m system: 6 matched out of 8 equations and 8 unknowns"", ""tool_side"": false}",/data/mrumoca/eval/results_v3/thermopower/runtime_free.jsonl
thermopower,runtime-v3,ThermoPower.Thermal.FoulingFV,0,network-port-unconnected,low,False,execution-not-completed,"{""connector"": ""side1"", ""component"": ""<top level>"", ""component_class"": ""unknown"", ""flows_forced_to_zero"": ""side1.Q"", ""note"": ""nothing is connected to this port, so MLS \u00a79.2 forces its flow to zero. That is correct for a component compiled on its own and is not a defect; it is recorded because it is the commonest reason a model looks structurally singular""}",/data/mrumoca/eval/results_v3/thermopower/runtime_free.jsonl
thermopower,runtime-v3,ThermoPower.Thermal.FoulingFV,1,network-port-unconnected,low,False,execution-not-completed,"{""connector"": ""side2"", ""component"": ""<top level>"", ""component_class"": ""unknown"", ""flows_forced_to_zero"": ""side2.Q"", ""note"": ""nothing is connected to this port, so MLS \u00a79.2 forces its flow to zero. That is correct for a component compiled on its own and is not a defect; it is recorded because it is the commonest reason a model looks structurally singular""}",/data/mrumoca/eval/results_v3/thermopower/runtime_free.jsonl
thermopower,runtime-v3,ThermoPower.Thermal.FoulingFV,2,network-component-isolated,low,False,execution-not-completed,"{""component"": ""<top level>"", ""component_class"": ""unknown"", ""ports"": ""side1, side2"", ""note"": ""every port of this instance is unconnected, so it exchanges nothing with the rest of the model while still contributing its equations""}",/data/mrumoca/eval/results_v3/thermopower/runtime_free.jsonl
thermopower,runtime-v3,ThermoPower.Thermal.FoulingFV,3,physical-zero-is-a-supported-limit,low,False,execution-not-completed,"{""domain"": ""thermal"", ""rule"": ""thermal.conductance.positive"", ""rule_origin"": ""heat flows from hot to cold; G <= 0 reverses the second law"", ""rule_reference"": """", ""matched_by"": {""quantity"": ""ThermalConductance"", ""unit"": ""W/K"", ""confidence"": ""QUANTITY_AND_UNIT"", ""premise_state"": ""unknown"", ""authority"": ""quantity_or_unit"", ""canonical_declaration"": ""ThermoPower.Thermal.FoulingFV.G""}, ""required"": ""G > 0"", ""declared_min"": null, ""variable_role"": ""parameter"", ""premise_state"": ""refuted"", ""authority"": ""component_contract"", ""contract"": ""ThermoPower.Thermal.FoulingFV.G: feature_disabled (proven, from equation) \u2014 the parameter appears only as a multiplier, so at zero the term it scales drops out and the rest of the model is unaffected"", ""contract_behavior"": ""feature_disabled"", ""contract_confidence"": ""proven"", ""contract_source"": ""equation"", ""note"": ""the positivity rule does not apply: this component documents zero as a meaningful limit, so reporting a missing bound would contradict its contract""}",/data/mrumoca/eval/results_v3/thermopower/runtime_free.jsonl
thermopower,runtime-v3,ThermoPower.Thermal.FoulingFV,4,physical-zero-is-a-supported-limit,low,False,execution-not-completed,"{""domain"": ""fluid"", ""rule"": ""fluid.area.positive"", ""rule_origin"": ""a flow cross-section is a divisor in every velocity relation; zero area admits no flow and divides by zero"", ""rule_reference"": """", ""matched_by"": {""quantity"": ""Area"", ""unit"": ""m2"", ""confidence"": ""QUANTITY_AND_UNIT"", ""premise_state"": ""unknown"", ""authority"": ""quantity_or_unit"", ""canonical_declaration"": ""ThermoPower.Thermal.FoulingFV.A""}, ""required"": ""A > 0"", ""declared_min"": null, ""variable_role"": ""parameter"", ""premise_state"": ""refuted"", ""authority"": ""component_contract"", ""contract"": ""ThermoPower.Thermal.FoulingFV.G: feature_disabled (proven, from equation) \u2014 inherited from G, which it binds: the parameter appears only as a multiplier, so at zero the term it scales drops out and the rest of the model is unaffected"", ""contract_behavior"": ""feature_disabled"", ""contract_confidence"": ""proven"", ""contract_source"": ""equation"", ""note"": ""the positivity rule does not apply: this component documents zero as a meaningful limit, so reporting a missing bound would contradict its contract""}",/data/mrumoca/eval/results_v3/thermopower/runtime_free.jsonl
thermopower,runtime-v3,ThermoPower.Thermal.FoulingFV,5,network-observation-incomplete,info,False,execution-not-completed,"{""reason"": ""missing or unsynchronized connector member observations"", ""note"": ""coverage gap, not a model defect""}",/data/mrumoca/eval/results_v3/thermopower/runtime_free.jsonl
thermopower,runtime-v3,ThermoPower.Thermal.FoulingFV,6,initialization-failure,high,False,execution-not-completed,"{""failure_kind"": ""singular-system"", ""reason"": ""moPower.Thermal.FoulingFV to t=1 with 4 trace point(s)... \u001b[31m\u001b[0m simulation failed: DAE structural proof failed: structurally singular \u001b[31m\u2502\u001b[0m system: 6 matched out of 8 equations and 8 unknowns"", ""raw"": ""reading /tmp/tmp_tfj_7r_/traced.rbc (bitcode v2, cbor) Simulating ThermoPower.Thermal.FoulingFV to t=1 with 4 trace point(s)... \u001b[31m\u001b[0m simulation failed: DAE structural proof failed: structurally singular \u001b[31m\u2502\u001b[0m system: 6 matched out of 8 equations and 8 unknowns"", ""tool_side"": false}",/data/mrumoca/eval/results_v3/thermopower/runtime_free.jsonl
thermopower,runtime-v3,ThermoPower.Thermal.HeatFlowDistribution,0,network-port-unconnected,low,False,execution-not-completed,"{""connector"": ""side1"", ""component"": ""<top level>"", ""component_class"": ""unknown"", ""flows_forced_to_zero"": ""side1.phi"", ""note"": ""nothing is connected to this port, so MLS \u00a79.2 forces its flow to zero. That is correct for a component compiled on its own and is not a defect; it is recorded because it is the commonest reason a model looks structurally singular""}",/data/mrumoca/eval/results_v3/thermopower/runtime_free.jsonl
thermopower,runtime-v3,ThermoPower.Thermal.HeatFlowDistribution,1,network-port-unconnected,low,False,execution-not-completed,"{""connector"": ""side2"", ""component"": ""<top level>"", ""component_class"": ""unknown"", ""flows_forced_to_zero"": ""side2.phi"", ""note"": ""nothing is connected to this port, so MLS \u00a79.2 forces its flow to zero. That is correct for a component compiled on its own and is not a defect; it is recorded because it is the commonest reason a model looks structurally singular""}",/data/mrumoca/eval/results_v3/thermopower/runtime_free.jsonl
thermopower,runtime-v3,ThermoPower.Thermal.HeatFlowDistribution,2,network-component-isolated,low,False,execution-not-completed,"{""component"": ""<top level>"", ""component_class"": ""unknown"", ""ports"": ""side1, side2"", ""note"": ""every port of this instance is unconnected, so it exchanges nothing with the rest of the model while still contributing its equations""}",/data/mrumoca/eval/results_v3/thermopower/runtime_free.jsonl
thermopower,runtime-v3,ThermoPower.Thermal.HeatFlowDistribution,3,physical-zero-is-a-supported-limit,low,False,execution-not-completed,"{""domain"": ""fluid"", ""rule"": ""fluid.area.positive"", ""rule_origin"": ""a flow cross-section is a divisor in every velocity relation; zero area admits no flow and divides by zero"", ""rule_reference"": """", ""matched_by"": {""quantity"": ""Area"", ""unit"": ""m2"", ""confidence"": ""QUANTITY_AND_UNIT"", ""premise_state"": ""unknown"", ""authority"": ""quantity_or_unit"", ""canonical_declaration"": ""ThermoPower.Thermal.HeatFlowDistribution.A1""}, ""required"": ""A1 > 0"", ""declared_min"": null, ""variable_role"": ""parameter"", ""premise_state"": ""refuted"", ""authority"": ""component_contract"", ""contract"": ""ThermoPower.Thermal.HeatFlowDistribution.A1: feature_disabled (proven, from equation) \u2014 the parameter appears only as a multiplier, so at zero the term it scales drops out and the rest of the model is unaffected"", ""contract_behavior"": ""feature_disabled"", ""contract_confidence"": ""proven"", ""contract_source"": ""equation"", ""note"": ""the positivity rule does not apply: this component documents zero as a meaningful limit, so reporting a missing bound would contradict its contract""}",/data/mrumoca/eval/results_v3/thermopower/runtime_free.jsonl
thermopower,runtime-v3,ThermoPower.Thermal.HeatFlowDistribution,4,physical-zero-is-a-supported-limit,low,False,execution-not-completed,"{""domain"": ""fluid"", ""rule"": ""fluid.area.positive"", ""rule_origin"": ""a flow cross-section is a divisor in every velocity relation; zero area admits no flow and divides by zero"", ""rule_reference"": """", ""matched_by"": {""quantity"": ""Area"", ""unit"": ""m2"", ""confidence"": ""QUANTITY_AND_UNIT"", ""premise_state"": ""unknown"", ""authority"": ""quantity_or_unit"", ""canonical_declaration"": ""ThermoPower.Thermal.HeatFlowDistribution.A2""}, ""required"": ""A2 > 0"", ""declared_min"": null, ""variable_role"": ""parameter"", ""premise_state"": ""refuted"", ""authority"": ""component_contract"", ""contract"": ""ThermoPower.Thermal.HeatFlowDistribution.A2: feature_disabled (proven, from equation) \u2014 the parameter appears only as a multiplier, so at zero the term it scales drops out and the rest of the model is unaffected"", ""contract_behavior"": ""feature_disabled"", ""contract_confidence"": ""proven"", ""contract_source"": ""equation"", ""note"": ""the positivity rule does not apply: this component documents zero as a meaningful limit, so reporting a missing bound would contradict its contract""}",/data/mrumoca/eval/results_v3/thermopower/runtime_free.jsonl
thermopower,runtime-v3,ThermoPower.Thermal.HeatFlowDistribution,5,network-observation-incomplete,info,False,execution-not-completed,"{""reason"": ""missing or unsynchronized connector member observations"", ""note"": ""coverage gap, not a model defect""}",/data/mrumoca/eval/results_v3/thermopower/runtime_free.jsonl
thermopower,runtime-v3,ThermoPower.Thermal.HeatFlowDistribution,6,initialization-failure,high,False,execution-not-completed,"{""failure_kind"": ""singular-system"", ""reason"": ""rmal.HeatFlowDistribution to t=1 with 4 trace point(s)... \u001b[31m\u001b[0m simulation failed: DAE structural proof failed: structurally singular \u001b[31m\u2502\u001b[0m system: 6 matched out of 8 equations and 8 unknowns"", ""raw"": ""reading /tmp/tmpr2jevc9r/traced.rbc (bitcode v2, cbor) Simulating ThermoPower.Thermal.HeatFlowDistribution to t=1 with 4 trace point(s)... \u001b[31m\u001b[0m simulation failed: DAE structural proof failed: structurally singular \u001b[31m\u2502\u001b[0m system: 6 matched out of 8 equations and 8 unknowns"", ""tool_side"": false}",/data/mrumoca/eval/results_v3/thermopower/runtime_free.jsonl
thermopower,runtime-v3,ThermoPower.Thermal.HT_DHT,0,network-port-unconnected,low,False,execution-not-completed,"{""connector"": ""HT_port"", ""component"": ""<top level>"", ""component_class"": ""unknown"", ""flows_forced_to_zero"": ""HT_port.Q_flow"", ""note"": ""nothing is connected to this port, so MLS \u00a79.2 forces its flow to zero. That is correct for a component compiled on its own and is not a defect; it is recorded because it is the commonest reason a model looks structurally singular""}",/data/mrumoca/eval/results_v3/thermopower/runtime_free.jsonl
thermopower,runtime-v3,ThermoPower.Thermal.HT_DHT,1,network-port-unconnected,low,False,execution-not-completed,"{""connector"": ""DHT_port"", ""component"": ""<top level>"", ""component_class"": ""unknown"", ""flows_forced_to_zero"": ""DHT_port.phi"", ""note"": ""nothing is connected to this port, so MLS \u00a79.2 forces its flow to zero. That is correct for a component compiled on its own and is not a defect; it is recorded because it is the commonest reason a model looks structurally singular""}",/data/mrumoca/eval/results_v3/thermopower/runtime_free.jsonl
thermopower,runtime-v3,ThermoPower.Thermal.HT_DHT,2,network-component-isolated,low,False,execution-not-completed,"{""component"": ""<top level>"", ""component_class"": ""unknown"", ""ports"": ""HT_port, DHT_port"", ""note"": ""every port of this instance is unconnected, so it exchanges nothing with the rest of the model while still contributing its equations""}",/data/mrumoca/eval/results_v3/thermopower/runtime_free.jsonl
thermopower,runtime-v3,ThermoPower.Thermal.HT_DHT,3,physical-zero-is-a-supported-limit,low,False,execution-not-completed,"{""domain"": ""fluid"", ""rule"": ""fluid.area.positive"", ""rule_origin"": ""a flow cross-section is a divisor in every velocity relation; zero area admits no flow and divides by zero"", ""rule_reference"": """", ""matched_by"": {""quantity"": ""Area"", ""unit"": ""m2"", ""confidence"": ""QUANTITY_AND_UNIT"", ""premise_state"": ""unknown"", ""authority"": ""quantity_or_unit"", ""canonical_declaration"": ""ThermoPower.Thermal.HT_DHT.exchangeSurface""}, ""required"": ""exchangeSurface > 0"", ""declared_min"": null, ""variable_role"": ""parameter"", ""premise_state"": ""refuted"", ""authority"": ""component_contract"", ""contract"": ""ThermoPower.Thermal.HT_DHT.exchangeSurface: feature_disabled (proven, from equation) \u2014 the parameter appears only as a multiplier, so at zero the term it scales drops out and the rest of the model is unaffected"", ""contract_behavior"": ""feature_disabled"", ""contract_confidence"": ""proven"", ""contract_source"": ""equation"", ""note"": ""the positivity rule does not apply: this component documents zero as a meaningful limit, so reporting a missing bound would contradict its contract""}",/data/mrumoca/eval/results_v3/thermopower/runtime_free.jsonl
thermopower,runtime-v3,ThermoPower.Thermal.HT_DHT,4,network-observation-incomplete,info,False,execution-not-completed,"{""reason"": ""missing or unsynchronized connector member observations"", ""note"": ""coverage gap, not a model defect""}",/data/mrumoca/eval/results_v3/thermopower/runtime_free.jsonl
thermopower,runtime-v3,ThermoPower.Thermal.HT_DHT,5,initialization-failure,high,False,execution-not-completed,"{""failure_kind"": ""singular-system"", ""reason"": ""hermoPower.Thermal.HT_DHT to t=1 with 4 trace point(s)... \u001b[31m\u001b[0m simulation failed: DAE structural proof failed: structurally singular \u001b[31m\u2502\u001b[0m system: 3 matched out of 4 equations and 4 unknowns"", ""raw"": ""reading /tmp/tmpf4knlh1w/traced.rbc (bitcode v2, cbor) Simulating ThermoPower.Thermal.HT_DHT to t=1 with 4 trace point(s)... \u001b[31m\u001b[0m simulation failed: DAE structural proof failed: structurally singular \u001b[31m\u2502\u001b[0m system: 3 matched out of 4 equations and 4 unknowns"", ""tool_side"": false}",/data/mrumoca/eval/results_v3/thermopower/runtime_free.jsonl
thermopower,runtime-v3,ThermoPower.Thermal.HThtc_DHThtc,0,network-port-unconnected,low,True,execution-not-completed,"{""connector"": ""HT_port"", ""component"": ""<top level>"", ""component_class"": ""unknown"", ""flows_forced_to_zero"": ""HT_port.Q_flow"", ""note"": ""nothing is connected to this port, so MLS \u00a79.2 forces its flow to zero. That is correct for a component compiled on its own and is not a defect; it is recorded because it is the commonest reason a model looks structurally singular""}",/data/mrumoca/eval/results_v3/thermopower/runtime_free.jsonl
thermopower,runtime-v3,ThermoPower.Thermal.HThtc_DHThtc,1,network-port-unconnected,low,True,execution-not-completed,"{""connector"": ""DHT_port"", ""component"": ""<top level>"", ""component_class"": ""unknown"", ""flows_forced_to_zero"": ""DHT_port.phi"", ""note"": ""nothing is connected to this port, so MLS \u00a79.2 forces its flow to zero. That is correct for a component compiled on its own and is not a defect; it is recorded because it is the commonest reason a model looks structurally singular""}",/data/mrumoca/eval/results_v3/thermopower/runtime_free.jsonl
thermopower,runtime-v3,ThermoPower.Thermal.HThtc_DHThtc,2,network-component-isolated,low,True,execution-not-completed,"{""component"": ""<top level>"", ""component_class"": ""unknown"", ""ports"": ""HT_port, DHT_port"", ""note"": ""every port of this instance is unconnected, so it exchanges nothing with the rest of the model while still contributing its equations""}",/data/mrumoca/eval/results_v3/thermopower/runtime_free.jsonl
thermopower,runtime-v3,ThermoPower.Thermal.HThtc_DHThtc,3,physical-domain-unenforced,medium,True,execution-not-completed,"{""domain"": ""fluid"", ""rule"": ""fluid.area.positive"", ""rule_origin"": ""a flow cross-section is a divisor in every velocity relation; zero area admits no flow and divides by zero"", ""rule_reference"": """", ""matched_by"": {""quantity"": ""Area"", ""unit"": ""m2"", ""confidence"": ""QUANTITY_AND_UNIT"", ""premise_state"": ""unknown"", ""authority"": ""quantity_or_unit"", ""canonical_declaration"": ""ThermoPower.Thermal.HThtc_DHThtc.exchangeSurface""}, ""required"": ""exchangeSurface > 0"", ""declared_min"": null, ""variable_role"": ""parameter"", ""premise_state"": ""established"", ""authority"": ""source_arithmetic"", ""canonical_declaration"": ""ThermoPower.Thermal.HThtc_DHThtc.exchangeSurface"", ""contract_source"": ""equation"", ""premise_reason"": ""a source equation divides by this parameter, so the value is excluded by arithmetic rather than by intent"", ""note"": ""nothing bounds this declaration, so it permits values the component's own contract forbids""}",/data/mrumoca/eval/results_v3/thermopower/runtime_free.jsonl
thermopower,runtime-v3,ThermoPower.Thermal.HThtc_DHThtc,4,network-observation-incomplete,info,True,execution-not-completed,"{""reason"": ""missing or unsynchronized connector member observations"", ""note"": ""coverage gap, not a model defect""}",/data/mrumoca/eval/results_v3/thermopower/runtime_free.jsonl
thermopower,runtime-v3,ThermoPower.Thermal.HThtc_DHThtc,5,initialization-failure,high,True,execution-not-completed,"{""failure_kind"": ""singular-system"", ""reason"": ""ower.Thermal.HThtc_DHThtc to t=1 with 6 trace point(s)... \u001b[31m\u001b[0m simulation failed: DAE structural proof failed: structurally singular \u001b[31m\u2502\u001b[0m system: 4 matched out of 5 equations and 5 unknowns"", ""raw"": ""reading /tmp/tmphscbfyzh/traced.rbc (bitcode v2, cbor) holding 1 free input(s) constant at their start values: HT_port.G=0 Simulating ThermoPower.Thermal.HThtc_DHThtc to t=1 with 6 trace point(s)... \u001b[31m\u001b[0m simulation failed: DAE structural proof failed: structurally singular \u001b[31m\u2502\u001b[0m system: 4 matched out of 5 equations and 5 unknowns"", ""tool_side"": false}",/data/mrumoca/eval/results_v3/thermopower/runtime_free.jsonl
thermopower,runtime-v3,ThermoPower.Thermal.HThtc_HT,0,network-port-unconnected,low,True,execution-not-completed,"{""connector"": ""HT_port"", ""component"": ""<top level>"", ""component_class"": ""unknown"", ""flows_forced_to_zero"": ""HT_port.Q_flow"", ""note"": ""nothing is connected to this port, so MLS \u00a79.2 forces its flow to zero. That is correct for a component compiled on its own and is not a defect; it is recorded because it is the commonest reason a model looks structurally singular""}",/data/mrumoca/eval/results_v3/thermopower/runtime_free.jsonl
thermopower,runtime-v3,ThermoPower.Thermal.HThtc_HT,1,network-port-unconnected,low,True,execution-not-completed,"{""connector"": ""HThtc_port"", ""component"": ""<top level>"", ""component_class"": ""unknown"", ""flows_forced_to_zero"": ""HThtc_port.Q_flow"", ""note"": ""nothing is connected to this port, so MLS \u00a79.2 forces its flow to zero. That is correct for a component compiled on its own and is not a defect; it is recorded because it is the commonest reason a model looks structurally singular""}",/data/mrumoca/eval/results_v3/thermopower/runtime_free.jsonl
thermopower,runtime-v3,ThermoPower.Thermal.HThtc_HT,2,network-component-isolated,low,True,execution-not-completed,"{""component"": ""<top level>"", ""component_class"": ""unknown"", ""ports"": ""HT_port, HThtc_port"", ""note"": ""every port of this instance is unconnected, so it exchanges nothing with the rest of the model while still contributing its equations""}",/data/mrumoca/eval/results_v3/thermopower/runtime_free.jsonl
thermopower,runtime-v3,ThermoPower.Thermal.HThtc_HT,3,network-observation-incomplete,info,True,execution-not-completed,"{""reason"": ""missing or unsynchronized connector member observations"", ""note"": ""coverage gap, not a model defect""}",/data/mrumoca/eval/results_v3/thermopower/runtime_free.jsonl
thermopower,runtime-v3,ThermoPower.Thermal.HThtc_HT,4,initialization-failure,high,True,execution-not-completed,"{""failure_kind"": ""singular-system"", ""reason"": ""rmoPower.Thermal.HThtc_HT to t=1 with 5 trace point(s)... \u001b[31m\u001b[0m simulation failed: DAE structural proof failed: structurally singular \u001b[31m\u2502\u001b[0m system: 3 matched out of 4 equations and 4 unknowns"", ""raw"": ""reading /tmp/tmpgww_z95k/traced.rbc (bitcode v2, cbor) holding 1 free input(s) constant at their start values: HThtc_port.G=0 Simulating ThermoPower.Thermal.HThtc_HT to t=1 with 5 trace point(s)... \u001b[31m\u001b[0m simulation failed: DAE structural proof failed: structurally singular \u001b[31m\u2502\u001b[0m system: 3 matched out of 4 equations and 4 unknowns"", ""tool_side"": false}",/data/mrumoca/eval/results_v3/thermopower/runtime_free.jsonl
thermopower,runtime-v3,ThermoPower.Thermal.HT_DHTVolumes,0,network-port-unconnected,low,False,execution-not-completed,"{""connector"": ""HT_port"", ""component"": ""<top level>"", ""component_class"": ""unknown"", ""flows_forced_to_zero"": ""HT_port.Q_flow"", ""note"": ""nothing is connected to this port, so MLS \u00a79.2 forces its flow to zero. That is correct for a component compiled on its own and is not a defect; it is recorded because it is the commonest reason a model looks structurally singular""}",/data/mrumoca/eval/results_v3/thermopower/runtime_free.jsonl
thermopower,runtime-v3,ThermoPower.Thermal.HT_DHTVolumes,1,network-port-unconnected,low,False,execution-not-completed,"{""connector"": ""DHT_port"", ""component"": ""<top level>"", ""component_class"": ""unknown"", ""flows_forced_to_zero"": ""DHT_port.Q"", ""note"": ""nothing is connected to this port, so MLS \u00a79.2 forces its flow to zero. That is correct for a component compiled on its own and is not a defect; it is recorded because it is the commonest reason a model looks structurally singular""}",/data/mrumoca/eval/results_v3/thermopower/runtime_free.jsonl
thermopower,runtime-v3,ThermoPower.Thermal.HT_DHTVolumes,2,network-component-isolated,low,False,execution-not-completed,"{""component"": ""<top level>"", ""component_class"": ""unknown"", ""ports"": ""HT_port, DHT_port"", ""note"": ""every port of this instance is unconnected, so it exchanges nothing with the rest of the model while still contributing its equations""}",/data/mrumoca/eval/results_v3/thermopower/runtime_free.jsonl
thermopower,runtime-v3,ThermoPower.Thermal.HT_DHTVolumes,3,network-observation-incomplete,info,False,execution-not-completed,"{""reason"": ""missing or unsynchronized connector member observations"", ""note"": ""coverage gap, not a model defect""}",/data/mrumoca/eval/results_v3/thermopower/runtime_free.jsonl
thermopower,runtime-v3,ThermoPower.Thermal.HT_DHTVolumes,4,initialization-failure,high,False,execution-not-completed,"{""failure_kind"": ""singular-system"", ""reason"": ""wer.Thermal.HT_DHTVolumes to t=1 with 4 trace point(s)... \u001b[31m\u001b[0m simulation failed: DAE structural proof failed: structurally singular \u001b[31m\u2502\u001b[0m system: 3 matched out of 4 equations and 4 unknowns"", ""raw"": ""reading /tmp/tmp14i4f70q/traced.rbc (bitcode v2, cbor) Simulating ThermoPower.Thermal.HT_DHTVolumes to t=1 with 4 trace point(s)... \u001b[31m\u001b[0m simulation failed: DAE structural proof failed: structurally singular \u001b[31m\u2502\u001b[0m system: 3 matched out of 4 equations and 4 unknowns"", ""tool_side"": false}",/data/mrumoca/eval/results_v3/thermopower/runtime_free.jsonl
thermopower,runtime-v3,ThermoPower.Thermal.HT_DHTNodes,0,network-port-unconnected,low,False,execution-not-completed,"{""connector"": ""HT_port"", ""component"": ""<top level>"", ""component_class"": ""unknown"", ""flows_forced_to_zero"": ""HT_port.Q_flow"", ""note"": ""nothing is connected to this port, so MLS \u00a79.2 forces its flow to zero. That is correct for a component compiled on its own and is not a defect; it is recorded because it is the commonest reason a model looks structurally singular""}",/data/mrumoca/eval/results_v3/thermopower/runtime_free.jsonl
thermopower,runtime-v3,ThermoPower.Thermal.HT_DHTNodes,1,network-port-unconnected,low,False,execution-not-completed,"{""connector"": ""DHT_port"", ""component"": ""<top level>"", ""component_class"": ""unknown"", ""flows_forced_to_zero"": ""DHT_port.phi"", ""note"": ""nothing is connected to this port, so MLS \u00a79.2 forces its flow to zero. That is correct for a component compiled on its own and is not a defect; it is recorded because it is the commonest reason a model looks structurally singular""}",/data/mrumoca/eval/results_v3/thermopower/runtime_free.jsonl
thermopower,runtime-v3,ThermoPower.Thermal.HT_DHTNodes,2,network-component-isolated,low,False,execution-not-completed,"{""component"": ""<top level>"", ""component_class"": ""unknown"", ""ports"": ""HT_port, DHT_port"", ""note"": ""every port of this instance is unconnected, so it exchanges nothing with the rest of the model while still contributing its equations""}",/data/mrumoca/eval/results_v3/thermopower/runtime_free.jsonl
thermopower,runtime-v3,ThermoPower.Thermal.HT_DHTNodes,3,physical-zero-is-a-supported-limit,low,False,execution-not-completed,"{""domain"": ""fluid"", ""rule"": ""fluid.area.positive"", ""rule_origin"": ""a flow cross-section is a divisor in every velocity relation; zero area admits no flow and divides by zero"", ""rule_reference"": """", ""matched_by"": {""quantity"": ""Area"", ""unit"": ""m2"", ""confidence"": ""QUANTITY_AND_UNIT"", ""premise_state"": ""unknown"", ""authority"": ""quantity_or_unit"", ""canonical_declaration"": ""ThermoPower.Thermal.HT_DHTNodes.exchangeSurface""}, ""required"": ""exchangeSurface > 0"", ""declared_min"": null, ""variable_role"": ""parameter"", ""premise_state"": ""refuted"", ""authority"": ""component_contract"", ""contract"": ""ThermoPower.Thermal.HT_DHTNodes.exchangeSurface: feature_disabled (proven, from equation) \u2014 the parameter appears only as a multiplier, so at zero the term it scales drops out and the rest of the model is unaffected"", ""contract_behavior"": ""feature_disabled"", ""contract_confidence"": ""proven"", ""contract_source"": ""equation"", ""note"": ""the positivity rule does not apply: this component documents zero as a meaningful limit, so reporting a missing bound would contradict its contract""}",/data/mrumoca/eval/results_v3/thermopower/runtime_free.jsonl
thermopower,runtime-v3,ThermoPower.Thermal.HT_DHTNodes,4,network-observation-incomplete,info,False,execution-not-completed,"{""reason"": ""missing or unsynchronized connector member observations"", ""note"": ""coverage gap, not a model defect""}",/data/mrumoca/eval/results_v3/thermopower/runtime_free.jsonl
thermopower,runtime-v3,ThermoPower.Thermal.HT_DHTNodes,5,initialization-failure,high,False,execution-not-completed,"{""failure_kind"": ""singular-system"", ""reason"": ""Power.Thermal.HT_DHTNodes to t=1 with 4 trace point(s)... \u001b[31m\u001b[0m simulation failed: DAE structural proof failed: structurally singular \u001b[31m\u2502\u001b[0m system: 3 matched out of 4 equations and 4 unknowns"", ""raw"": ""reading /tmp/tmp2fiq4eqm/traced.rbc (bitcode v2, cbor) Simulating ThermoPower.Thermal.HT_DHTNodes to t=1 with 4 trace point(s)... \u001b[31m\u001b[0m simulation failed: DAE structural proof failed: structurally singular \u001b[31m\u2502\u001b[0m system: 3 matched out of 4 equations and 4 unknowns"", ""tool_side"": false}",/data/mrumoca/eval/results_v3/thermopower/runtime_free.jsonl
thermopower,runtime-v3,ThermoPower.Thermal.HeatSource1D,0,network-port-unconnected,low,True,execution-not-completed,"{""connector"": ""wall"", ""component"": ""<top level>"", ""component_class"": ""unknown"", ""flows_forced_to_zero"": ""wall.phi"", ""note"": ""nothing is connected to this port, so MLS \u00a79.2 forces its flow to zero. That is correct for a component compiled on its own and is not a defect; it is recorded because it is the commonest reason a model looks structurally singular""}",/data/mrumoca/eval/results_v3/thermopower/runtime_free.jsonl
thermopower,runtime-v3,ThermoPower.Thermal.HeatSource1D,1,network-component-isolated,low,True,execution-not-completed,"{""component"": ""<top level>"", ""component_class"": ""unknown"", ""ports"": ""wall"", ""note"": ""every port of this instance is unconnected, so it exchanges nothing with the rest of the model while still contributing its equations""}",/data/mrumoca/eval/results_v3/thermopower/runtime_free.jsonl
thermopower,runtime-v3,ThermoPower.Thermal.HeatSource1D,2,network-observation-incomplete,info,True,execution-not-completed,"{""reason"": ""missing or unsynchronized connector member observations"", ""note"": ""coverage gap, not a model defect""}",/data/mrumoca/eval/results_v3/thermopower/runtime_free.jsonl
thermopower,runtime-v3,ThermoPower.Thermal.HeatSource1D,3,initialization-failure,high,True,execution-not-completed,"{""failure_kind"": ""singular-system"", ""reason"": ""ower.Thermal.HeatSource1D to t=1 with 3 trace point(s)... \u001b[31m\u001b[0m simulation failed: DAE structural proof failed: structurally singular \u001b[31m\u2502\u001b[0m system: 2 matched out of 4 equations and 4 unknowns"", ""raw"": ""reading /tmp/tmp4lnghz25/traced.rbc (bitcode v2, cbor) holding 1 free input(s) constant at their start values: power=0 Simulating ThermoPower.Thermal.HeatSource1D to t=1 with 3 trace point(s)... \u001b[31m\u001b[0m simulation failed: DAE structural proof failed: structurally singular \u001b[31m\u2502\u001b[0m system: 2 matched out of 4 equations and 4 unknowns"", ""tool_side"": false}",/data/mrumoca/eval/results_v3/thermopower/runtime_free.jsonl
thermopower,runtime-v3,ThermoPower.Thermal.TempSource1D,0,network-port-unconnected,low,True,hold-input-contract-validation,"{""connector"": ""wall"", ""component"": ""<top level>"", ""component_class"": ""unknown"", ""flows_forced_to_zero"": ""wall.phi"", ""note"": ""nothing is connected to this port, so MLS \u00a79.2 forces its flow to zero. That is correct for a component compiled on its own and is not a defect; it is recorded because it is the commonest reason a model looks structurally singular""}",/data/mrumoca/eval/results_v3/thermopower/runtime_free.jsonl
thermopower,runtime-v3,ThermoPower.Thermal.TempSource1D,1,network-component-isolated,low,True,hold-input-contract-validation,"{""component"": ""<top level>"", ""component_class"": ""unknown"", ""ports"": ""wall"", ""note"": ""every port of this instance is unconnected, so it exchanges nothing with the rest of the model while still contributing its equations""}",/data/mrumoca/eval/results_v3/thermopower/runtime_free.jsonl
thermopower,runtime-v3,ThermoPower.Thermal.TempSource1D,2,network-observation-incomplete,info,True,hold-input-contract-validation,"{""reason"": ""duplicate member publication time"", ""note"": ""coverage gap, not a model defect""}",/data/mrumoca/eval/results_v3/thermopower/runtime_free.jsonl
thermopower,runtime-v3,ThermoPower.Thermal.HeatSource1DFEM,0,network-port-unconnected,low,True,execution-not-completed,"{""connector"": ""wall"", ""component"": ""<top level>"", ""component_class"": ""unknown"", ""flows_forced_to_zero"": ""wall.phi"", ""note"": ""nothing is connected to this port, so MLS \u00a79.2 forces its flow to zero. That is correct for a component compiled on its own and is not a defect; it is recorded because it is the commonest reason a model looks structurally singular""}",/data/mrumoca/eval/results_v3/thermopower/runtime_free.jsonl
thermopower,runtime-v3,ThermoPower.Thermal.HeatSource1DFEM,1,network-component-isolated,low,True,execution-not-completed,"{""component"": ""<top level>"", ""component_class"": ""unknown"", ""ports"": ""wall"", ""note"": ""every port of this instance is unconnected, so it exchanges nothing with the rest of the model while still contributing its equations""}",/data/mrumoca/eval/results_v3/thermopower/runtime_free.jsonl
thermopower,runtime-v3,ThermoPower.Thermal.HeatSource1DFEM,2,network-observation-incomplete,info,True,execution-not-completed,"{""reason"": ""missing or unsynchronized connector member observations"", ""note"": ""coverage gap, not a model defect""}",/data/mrumoca/eval/results_v3/thermopower/runtime_free.jsonl
thermopower,runtime-v3,ThermoPower.Thermal.HeatSource1DFEM,3,initialization-failure,high,True,execution-not-completed,"{""failure_kind"": ""singular-system"", ""reason"": ""r.Thermal.HeatSource1DFEM to t=1 with 3 trace point(s)... \u001b[31m\u001b[0m simulation failed: DAE structural proof failed: structurally singular \u001b[31m\u2502\u001b[0m system: 2 matched out of 4 equations and 4 unknowns"", ""raw"": ""reading /tmp/tmppjjg2pkm/traced.rbc (bitcode v2, cbor) holding 1 free input(s) constant at their start values: power=0 Simulating ThermoPower.Thermal.HeatSource1DFEM to t=1 with 3 trace point(s)... \u001b[31m\u001b[0m simulation failed: DAE structural proof failed: structurally singular \u001b[31m\u2502\u001b[0m system: 2 matched out of 4 equations and 4 unknowns"", ""tool_side"": false}",/data/mrumoca/eval/results_v3/thermopower/runtime_free.jsonl
thermopower,runtime-v3,ThermoPower.Thermal.HeatSource1DFV,0,network-port-unconnected,low,True,execution-not-completed,"{""connector"": ""wall"", ""component"": ""<top level>"", ""component_class"": ""unknown"", ""flows_forced_to_zero"": ""wall.Q"", ""note"": ""nothing is connected to this port, so MLS \u00a79.2 forces its flow to zero. That is correct for a component compiled on its own and is not a defect; it is recorded because it is the commonest reason a model looks structurally singular""}",/data/mrumoca/eval/results_v3/thermopower/runtime_free.jsonl
thermopower,runtime-v3,ThermoPower.Thermal.HeatSource1DFV,1,network-component-isolated,low,True,execution-not-completed,"{""component"": ""<top level>"", ""component_class"": ""unknown"", ""ports"": ""wall"", ""note"": ""every port of this instance is unconnected, so it exchanges nothing with the rest of the model while still contributing its equations""}",/data/mrumoca/eval/results_v3/thermopower/runtime_free.jsonl
thermopower,runtime-v3,ThermoPower.Thermal.HeatSource1DFV,2,network-observation-incomplete,info,True,execution-not-completed,"{""reason"": ""missing or unsynchronized connector member observations"", ""note"": ""coverage gap, not a model defect""}",/data/mrumoca/eval/results_v3/thermopower/runtime_free.jsonl
thermopower,runtime-v3,ThermoPower.Thermal.HeatSource1DFV,3,initialization-failure,high,True,execution-not-completed,"{""failure_kind"": ""singular-system"", ""reason"": ""er.Thermal.HeatSource1DFV to t=1 with 3 trace point(s)... \u001b[31m\u001b[0m simulation failed: DAE structural proof failed: structurally singular \u001b[31m\u2502\u001b[0m system: 1 matched out of 2 equations and 2 unknowns"", ""raw"": ""reading /tmp/tmpscld82gy/traced.rbc (bitcode v2, cbor) holding 1 free input(s) constant at their start values: power=0 Simulating ThermoPower.Thermal.HeatSource1DFV to t=1 with 3 trace point(s)... \u001b[31m\u001b[0m simulation failed: DAE structural proof failed: structurally singular \u001b[31m\u2502\u001b[0m system: 1 matched out of 2 equations and 2 unknowns"", ""tool_side"": false}",/data/mrumoca/eval/results_v3/thermopower/runtime_free.jsonl
thermopower,runtime-v3,ThermoPower.Thermal.HeatSource1Dhtc,0,network-port-unconnected,low,True,execution-not-completed,"{""connector"": ""wall"", ""component"": ""<top level>"", ""component_class"": ""unknown"", ""flows_forced_to_zero"": ""wall.phi"", ""note"": ""nothing is connected to this port, so MLS \u00a79.2 forces its flow to zero. That is correct for a component compiled on its own and is not a defect; it is recorded because it is the commonest reason a model looks structurally singular""}",/data/mrumoca/eval/results_v3/thermopower/runtime_free.jsonl
thermopower,runtime-v3,ThermoPower.Thermal.HeatSource1Dhtc,1,network-component-isolated,low,True,execution-not-completed,"{""component"": ""<top level>"", ""component_class"": ""unknown"", ""ports"": ""wall"", ""note"": ""every port of this instance is unconnected, so it exchanges nothing with the rest of the model while still contributing its equations""}",/data/mrumoca/eval/results_v3/thermopower/runtime_free.jsonl
thermopower,runtime-v3,ThermoPower.Thermal.HeatSource1Dhtc,2,network-observation-incomplete,info,True,execution-not-completed,"{""reason"": ""missing or unsynchronized connector member observations"", ""note"": ""coverage gap, not a model defect""}",/data/mrumoca/eval/results_v3/thermopower/runtime_free.jsonl
thermopower,runtime-v3,ThermoPower.Thermal.HeatSource1Dhtc,3,initialization-failure,high,True,execution-not-completed,"{""failure_kind"": ""singular-system"", ""reason"": ""r.Thermal.HeatSource1Dhtc to t=1 with 4 trace point(s)... \u001b[31m\u001b[0m simulation failed: DAE structural proof failed: structurally singular \u001b[31m\u2502\u001b[0m system: 2 matched out of 4 equations and 4 unknowns"", ""raw"": ""reading /tmp/tmpzsxh3w59/traced.rbc (bitcode v2, cbor) holding 3 free input(s) constant at their start values: wall.gamma[1]=0, wall.gamma[2]=0, power=0 Simulating ThermoPower.Thermal.HeatSource1Dhtc to t=1 with 4 trace point(s)... \u001b[31m\u001b[0m simulation failed: DAE structural proof failed: structurally singular \u001b[31m\u2502\u001b[0m system: 2 matched out of 4 equations and 4 unknowns"", ""tool_side"": false}",/data/mrumoca/eval/results_v3/thermopower/runtime_free.jsonl
thermopower,runtime-v3,ThermoPower.Thermal.HeatSource1DNonUniformFV,0,network-port-unconnected,low,True,execution-not-completed,"{""connector"": ""wall"", ""component"": ""<top level>"", ""component_class"": ""unknown"", ""flows_forced_to_zero"": ""wall.Q"", ""note"": ""nothing is connected to this port, so MLS \u00a79.2 forces its flow to zero. That is correct for a component compiled on its own and is not a defect; it is recorded because it is the commonest reason a model looks structurally singular""}",/data/mrumoca/eval/results_v3/thermopower/runtime_free.jsonl
thermopower,runtime-v3,ThermoPower.Thermal.HeatSource1DNonUniformFV,1,network-component-isolated,low,True,execution-not-completed,"{""component"": ""<top level>"", ""component_class"": ""unknown"", ""ports"": ""wall"", ""note"": ""every port of this instance is unconnected, so it exchanges nothing with the rest of the model while still contributing its equations""}",/data/mrumoca/eval/results_v3/thermopower/runtime_free.jsonl
thermopower,runtime-v3,ThermoPower.Thermal.HeatSource1DNonUniformFV,2,network-observation-incomplete,info,True,execution-not-completed,"{""reason"": ""missing or unsynchronized connector member observations"", ""note"": ""coverage gap, not a model defect""}",/data/mrumoca/eval/results_v3/thermopower/runtime_free.jsonl
thermopower,runtime-v3,ThermoPower.Thermal.HeatSource1DNonUniformFV,3,initialization-failure,high,True,execution-not-completed,"{""failure_kind"": ""singular-system"", ""reason"": "".HeatSource1DNonUniformFV to t=1 with 3 trace point(s)... \u001b[31m\u001b[0m simulation failed: DAE structural proof failed: structurally singular \u001b[31m\u2502\u001b[0m system: 1 matched out of 2 equations and 2 unknowns"", ""raw"": ""reading /tmp/tmppfd88x2m/traced.rbc (bitcode v2, cbor) holding 1 free input(s) constant at their start values: power[1]=0 Simulating ThermoPower.Thermal.HeatSource1DNonUniformFV to t=1 with 3 trace point(s)... \u001b[31m\u001b[0m simulation failed: DAE structural proof failed: structurally singular \u001b[31m\u2502\u001b[0m system: 1 matched out of 2 equations and 2 unknowns"", ""tool_side"": false}",/data/mrumoca/eval/results_v3/thermopower/runtime_free.jsonl
thermopower,runtime-v3,ThermoPower.Thermal.TempSource1DFV,0,network-port-unconnected,low,True,hold-input-contract-validation,"{""connector"": ""wall"", ""component"": ""<top level>"", ""component_class"": ""unknown"", ""flows_forced_to_zero"": ""wall.Q"", ""note"": ""nothing is connected to this port, so MLS \u00a79.2 forces its flow to zero. That is correct for a component compiled on its own and is not a defect; it is recorded because it is the commonest reason a model looks structurally singular""}",/data/mrumoca/eval/results_v3/thermopower/runtime_free.jsonl
thermopower,runtime-v3,ThermoPower.Thermal.TempSource1DFV,1,network-component-isolated,low,True,hold-input-contract-validation,"{""component"": ""<top level>"", ""component_class"": ""unknown"", ""ports"": ""wall"", ""note"": ""every port of this instance is unconnected, so it exchanges nothing with the rest of the model while still contributing its equations""}",/data/mrumoca/eval/results_v3/thermopower/runtime_free.jsonl
thermopower,runtime-v3,ThermoPower.Thermal.TempSource1Dlin,0,network-port-unconnected,low,True,hold-input-contract-validation,"{""connector"": ""wall"", ""component"": ""<top level>"", ""component_class"": ""unknown"", ""flows_forced_to_zero"": ""wall.phi"", ""note"": ""nothing is connected to this port, so MLS \u00a79.2 forces its flow to zero. That is correct for a component compiled on its own and is not a defect; it is recorded because it is the commonest reason a model looks structurally singular""}",/data/mrumoca/eval/results_v3/thermopower/runtime_free.jsonl
thermopower,runtime-v3,ThermoPower.Thermal.TempSource1Dlin,1,network-component-isolated,low,True,hold-input-contract-validation,"{""component"": ""<top level>"", ""component_class"": ""unknown"", ""ports"": ""wall"", ""note"": ""every port of this instance is unconnected, so it exchanges nothing with the rest of the model while still contributing its equations""}",/data/mrumoca/eval/results_v3/thermopower/runtime_free.jsonl
thermopower,runtime-v3,ThermoPower.Thermal.TempSource1Dlin,2,network-observation-incomplete,info,True,hold-input-contract-validation,"{""reason"": ""duplicate member publication time"", ""note"": ""coverage gap, not a model defect""}",/data/mrumoca/eval/results_v3/thermopower/runtime_free.jsonl
thermopower,runtime-v3,ThermoPower.Thermal.TempSource1DFEM,0,network-port-unconnected,low,True,hold-input-contract-validation,"{""connector"": ""wall"", ""component"": ""<top level>"", ""component_class"": ""unknown"", ""flows_forced_to_zero"": ""wall.phi"", ""note"": ""nothing is connected to this port, so MLS \u00a79.2 forces its flow to zero. That is correct for a component compiled on its own and is not a defect; it is recorded because it is the commonest reason a model looks structurally singular""}",/data/mrumoca/eval/results_v3/thermopower/runtime_free.jsonl
thermopower,runtime-v3,ThermoPower.Thermal.TempSource1DFEM,1,network-component-isolated,low,True,hold-input-contract-validation,"{""component"": ""<top level>"", ""component_class"": ""unknown"", ""ports"": ""wall"", ""note"": ""every port of this instance is unconnected, so it exchanges nothing with the rest of the model while still contributing its equations""}",/data/mrumoca/eval/results_v3/thermopower/runtime_free.jsonl
thermopower,runtime-v3,ThermoPower.Thermal.TempSource1DFEM,2,network-observation-incomplete,info,True,hold-input-contract-validation,"{""reason"": ""duplicate member publication time"", ""note"": ""coverage gap, not a model defect""}",/data/mrumoca/eval/results_v3/thermopower/runtime_free.jsonl
thermopower,runtime-v3,ThermoPower.Thermal.TempSource1DlinFEM,0,network-port-unconnected,low,True,hold-input-contract-validation,"{""connector"": ""wall"", ""component"": ""<top level>"", ""component_class"": ""unknown"", ""flows_forced_to_zero"": ""wall.phi"", ""note"": ""nothing is connected to this port, so MLS \u00a79.2 forces its flow to zero. That is correct for a component compiled on its own and is not a defect; it is recorded because it is the commonest reason a model looks structurally singular""}",/data/mrumoca/eval/results_v3/thermopower/runtime_free.jsonl
thermopower,runtime-v3,ThermoPower.Thermal.TempSource1DlinFEM,1,network-component-isolated,low,True,hold-input-contract-validation,"{""component"": ""<top level>"", ""component_class"": ""unknown"", ""ports"": ""wall"", ""note"": ""every port of this instance is unconnected, so it exchanges nothing with the rest of the model while still contributing its equations""}",/data/mrumoca/eval/results_v3/thermopower/runtime_free.jsonl
thermopower,runtime-v3,ThermoPower.Thermal.TempSource1DlinFEM,2,network-observation-incomplete,info,True,hold-input-contract-validation,"{""reason"": ""duplicate member publication time"", ""note"": ""coverage gap, not a model defect""}",/data/mrumoca/eval/results_v3/thermopower/runtime_free.jsonl
thermopower,runtime-v3,ThermoPower.Water.ExpansionTankIdeal,0,network-port-unconnected,low,False,execution-not-completed,"{""connector"": ""WaterInfl"", ""component"": ""<top level>"", ""component_class"": ""unknown"", ""flows_forced_to_zero"": ""WaterInfl.m_flow"", ""note"": ""nothing is connected to this port, so MLS \u00a79.2 forces its flow to zero. That is correct for a component compiled on its own and is not a defect; it is recorded because it is the commonest reason a model looks structurally singular""}",/data/mrumoca/eval/results_v3/thermopower/runtime_free.jsonl
thermopower,runtime-v3,ThermoPower.Water.ExpansionTankIdeal,1,network-port-unconnected,low,False,execution-not-completed,"{""connector"": ""WaterOutfl"", ""component"": ""<top level>"", ""component_class"": ""unknown"", ""flows_forced_to_zero"": ""WaterOutfl.m_flow"", ""note"": ""nothing is connected to this port, so MLS \u00a79.2 forces its flow to zero. That is correct for a component compiled on its own and is not a defect; it is recorded because it is the commonest reason a model looks structurally singular""}",/data/mrumoca/eval/results_v3/thermopower/runtime_free.jsonl
thermopower,runtime-v3,ThermoPower.Water.ExpansionTankIdeal,2,network-component-isolated,low,False,execution-not-completed,"{""component"": ""<top level>"", ""component_class"": ""unknown"", ""ports"": ""WaterInfl, WaterOutfl"", ""note"": ""every port of this instance is unconnected, so it exchanges nothing with the rest of the model while still contributing its equations""}",/data/mrumoca/eval/results_v3/thermopower/runtime_free.jsonl
thermopower,runtime-v3,ThermoPower.Water.ExpansionTankIdeal,3,network-observation-incomplete,info,False,execution-not-completed,"{""reason"": ""missing or unsynchronized connector member observations"", ""note"": ""coverage gap, not a model defect""}",/data/mrumoca/eval/results_v3/thermopower/runtime_free.jsonl
thermopower,runtime-v3,ThermoPower.Water.ExpansionTankIdeal,4,initialization-failure,high,False,execution-not-completed,"{""failure_kind"": ""unknown"", ""reason"": ""rbc (bitcode v2, cbor) Simulating ThermoPower.Water.ExpansionTankIdeal to t=1 with 7 trace point(s)... \u001b[31m\u001b[0m simulation failed: parameter `pf` has neither a binding nor an initial \u001b[31m\u2502\u001b[0m value"", ""raw"": ""reading /tmp/tmpbhv5jxv0/traced.rbc (bitcode v2, cbor) Simulating ThermoPower.Water.ExpansionTankIdeal to t=1 with 7 trace point(s)... \u001b[31m\u001b[0m simulation failed: parameter `pf` has neither a binding nor an initial \u001b[31m\u2502\u001b[0m value"", ""tool_side"": false}",/data/mrumoca/eval/results_v3/thermopower/runtime_free.jsonl
thermopower,runtime-v3,ThermoPower.Water.SensP,0,network-port-unconnected,low,False,execution-not-completed,"{""connector"": ""flange"", ""component"": ""<top level>"", ""component_class"": ""unknown"", ""flows_forced_to_zero"": ""flange.m_flow"", ""note"": ""nothing is connected to this port, so MLS \u00a79.2 forces its flow to zero. That is correct for a component compiled on its own and is not a defect; it is recorded because it is the commonest reason a model looks structurally singular""}",/data/mrumoca/eval/results_v3/thermopower/runtime_free.jsonl
thermopower,runtime-v3,ThermoPower.Water.SensP,1,network-component-isolated,low,False,execution-not-completed,"{""component"": ""<top level>"", ""component_class"": ""unknown"", ""ports"": ""flange"", ""note"": ""every port of this instance is unconnected, so it exchanges nothing with the rest of the model while still contributing its equations""}",/data/mrumoca/eval/results_v3/thermopower/runtime_free.jsonl
thermopower,runtime-v3,ThermoPower.Water.SensP,2,network-observation-incomplete,info,False,execution-not-completed,"{""reason"": ""missing or unsynchronized connector member observations"", ""note"": ""coverage gap, not a model defect""}",/data/mrumoca/eval/results_v3/thermopower/runtime_free.jsonl
thermopower,runtime-v3,ThermoPower.Water.SensP,3,initialization-failure,high,False,execution-not-completed,"{""failure_kind"": ""singular-system"", ""reason"": ""g ThermoPower.Water.SensP to t=1 with 4 trace point(s)... \u001b[31m\u001b[0m simulation failed: DAE structural proof failed: structurally singular \u001b[31m\u2502\u001b[0m system: 3 matched out of 4 equations and 4 unknowns"", ""raw"": ""reading /tmp/tmp18f1_5x8/traced.rbc (bitcode v2, cbor) Simulating ThermoPower.Water.SensP to t=1 with 4 trace point(s)... \u001b[31m\u001b[0m simulation failed: DAE structural proof failed: structurally singular \u001b[31m\u2502\u001b[0m system: 3 matched out of 4 equations and 4 unknowns"", ""tool_side"": false}",/data/mrumoca/eval/results_v3/thermopower/runtime_free.jsonl
thermopower,runtime-v3,ThermoPower.Water.FlowSplit,0,network-port-unconnected,low,False,execution-not-completed,"{""connector"": ""in1"", ""component"": ""<top level>"", ""component_class"": ""unknown"", ""flows_forced_to_zero"": ""in1.m_flow"", ""note"": ""nothing is connected to this port, so MLS \u00a79.2 forces its flow to zero. That is correct for a component compiled on its own and is not a defect; it is recorded because it is the commonest reason a model looks structurally singular""}",/data/mrumoca/eval/results_v3/thermopower/runtime_free.jsonl
thermopower,runtime-v3,ThermoPower.Water.FlowSplit,1,network-port-unconnected,low,False,execution-not-completed,"{""connector"": ""out1"", ""component"": ""<top level>"", ""component_class"": ""unknown"", ""flows_forced_to_zero"": ""out1.m_flow"", ""note"": ""nothing is connected to this port, so MLS \u00a79.2 forces its flow to zero. That is correct for a component compiled on its own and is not a defect; it is recorded because it is the commonest reason a model looks structurally singular""}",/data/mrumoca/eval/results_v3/thermopower/runtime_free.jsonl
thermopower,runtime-v3,ThermoPower.Water.FlowSplit,2,network-port-unconnected,low,False,execution-not-completed,"{""connector"": ""out2"", ""component"": ""<top level>"", ""component_class"": ""unknown"", ""flows_forced_to_zero"": ""out2.m_flow"", ""note"": ""nothing is connected to this port, so MLS \u00a79.2 forces its flow to zero. That is correct for a component compiled on its own and is not a defect; it is recorded because it is the commonest reason a model looks structurally singular""}",/data/mrumoca/eval/results_v3/thermopower/runtime_free.jsonl
thermopower,runtime-v3,ThermoPower.Water.FlowSplit,3,network-component-isolated,low,False,execution-not-completed,"{""component"": ""<top level>"", ""component_class"": ""unknown"", ""ports"": ""in1, out1, out2"", ""note"": ""every port of this instance is unconnected, so it exchanges nothing with the rest of the model while still contributing its equations""}",/data/mrumoca/eval/results_v3/thermopower/runtime_free.jsonl
thermopower,runtime-v3,ThermoPower.Water.FlowSplit,4,network-observation-incomplete,info,False,execution-not-completed,"{""reason"": ""missing or unsynchronized connector member observations"", ""note"": ""coverage gap, not a model defect""}",/data/mrumoca/eval/results_v3/thermopower/runtime_free.jsonl
thermopower,runtime-v3,ThermoPower.Water.FlowSplit,5,initialization-failure,high,False,execution-not-completed,"{""failure_kind"": ""singular-system"", ""reason"": ""ermoPower.Water.FlowSplit to t=1 with 9 trace point(s)... \u001b[31m\u001b[0m simulation failed: DAE structural proof failed: structurally singular \u001b[31m\u2502\u001b[0m system: 8 matched out of 9 equations and 9 unknowns"", ""raw"": ""reading /tmp/tmposrn94zc/traced.rbc (bitcode v2, cbor) Simulating ThermoPower.Water.FlowSplit to t=1 with 9 trace point(s)... \u001b[31m\u001b[0m simulation failed: DAE structural proof failed: structurally singular \u001b[31m\u2502\u001b[0m system: 8 matched out of 9 equations and 9 unknowns"", ""tool_side"": false}",/data/mrumoca/eval/results_v3/thermopower/runtime_free.jsonl
thermopower,runtime-v3,ThermoPower.Water.PressDropLin,0,network-port-unconnected,low,False,execution-not-completed,"{""connector"": ""inlet"", ""component"": ""<top level>"", ""component_class"": ""unknown"", ""flows_forced_to_zero"": ""inlet.m_flow"", ""note"": ""nothing is connected to this port, so MLS \u00a79.2 forces its flow to zero. That is correct for a component compiled on its own and is not a defect; it is recorded because it is the commonest reason a model looks structurally singular""}",/data/mrumoca/eval/results_v3/thermopower/runtime_free.jsonl
thermopower,runtime-v3,ThermoPower.Water.PressDropLin,1,network-port-unconnected,low,False,execution-not-completed,"{""connector"": ""outlet"", ""component"": ""<top level>"", ""component_class"": ""unknown"", ""flows_forced_to_zero"": ""outlet.m_flow"", ""note"": ""nothing is connected to this port, so MLS \u00a79.2 forces its flow to zero. That is correct for a component compiled on its own and is not a defect; it is recorded because it is the commonest reason a model looks structurally singular""}",/data/mrumoca/eval/results_v3/thermopower/runtime_free.jsonl
thermopower,runtime-v3,ThermoPower.Water.PressDropLin,2,network-component-isolated,low,False,execution-not-completed,"{""component"": ""<top level>"", ""component_class"": ""unknown"", ""ports"": ""inlet, outlet"", ""note"": ""every port of this instance is unconnected, so it exchanges nothing with the rest of the model while still contributing its equations""}",/data/mrumoca/eval/results_v3/thermopower/runtime_free.jsonl
thermopower,runtime-v3,ThermoPower.Water.PressDropLin,3,network-observation-incomplete,info,False,execution-not-completed,"{""reason"": ""missing or unsynchronized connector member observations"", ""note"": ""coverage gap, not a model defect""}",/data/mrumoca/eval/results_v3/thermopower/runtime_free.jsonl
thermopower,runtime-v3,ThermoPower.Water.PressDropLin,4,initialization-failure,high,False,execution-not-completed,"{""failure_kind"": ""singular-system"", ""reason"": ""oPower.Water.PressDropLin to t=1 with 6 trace point(s)... \u001b[31m\u001b[0m simulation failed: DAE structural proof failed: structurally singular \u001b[31m\u2502\u001b[0m system: 5 matched out of 6 equations and 6 unknowns"", ""raw"": ""reading /tmp/tmp4xbxc0pr/traced.rbc (bitcode v2, cbor) Simulating ThermoPower.Water.PressDropLin to t=1 with 6 trace point(s)... \u001b[31m\u001b[0m simulation failed: DAE structural proof failed: structurally singular \u001b[31m\u2502\u001b[0m system: 5 matched out of 6 equations and 6 unknowns"", ""tool_side"": false}",/data/mrumoca/eval/results_v3/thermopower/runtime_free.jsonl
thermopower,runtime-v3,ThermoPower.Water.SensW,0,network-port-unconnected,low,False,execution-not-completed,"{""connector"": ""inlet"", ""component"": ""<top level>"", ""component_class"": ""unknown"", ""flows_forced_to_zero"": ""inlet.m_flow"", ""note"": ""nothing is connected to this port, so MLS \u00a79.2 forces its flow to zero. That is correct for a component compiled on its own and is not a defect; it is recorded because it is the commonest reason a model looks structurally singular""}",/data/mrumoca/eval/results_v3/thermopower/runtime_free.jsonl
thermopower,runtime-v3,ThermoPower.Water.SensW,1,network-port-unconnected,low,False,execution-not-completed,"{""connector"": ""outlet"", ""component"": ""<top level>"", ""component_class"": ""unknown"", ""flows_forced_to_zero"": ""outlet.m_flow"", ""note"": ""nothing is connected to this port, so MLS \u00a79.2 forces its flow to zero. That is correct for a component compiled on its own and is not a defect; it is recorded because it is the commonest reason a model looks structurally singular""}",/data/mrumoca/eval/results_v3/thermopower/runtime_free.jsonl
thermopower,runtime-v3,ThermoPower.Water.SensW,2,network-component-isolated,low,False,execution-not-completed,"{""component"": ""<top level>"", ""component_class"": ""unknown"", ""ports"": ""inlet, outlet"", ""note"": ""every port of this instance is unconnected, so it exchanges nothing with the rest of the model while still contributing its equations""}",/data/mrumoca/eval/results_v3/thermopower/runtime_free.jsonl
thermopower,runtime-v3,ThermoPower.Water.SensW,3,network-observation-incomplete,info,False,execution-not-completed,"{""reason"": ""missing or unsynchronized connector member observations"", ""note"": ""coverage gap, not a model defect""}",/data/mrumoca/eval/results_v3/thermopower/runtime_free.jsonl
thermopower,runtime-v3,ThermoPower.Water.SensW,4,initialization-failure,high,False,execution-not-completed,"{""failure_kind"": ""singular-system"", ""reason"": ""g ThermoPower.Water.SensW to t=1 with 7 trace point(s)... \u001b[31m\u001b[0m simulation failed: DAE structural proof failed: structurally singular \u001b[31m\u2502\u001b[0m system: 6 matched out of 7 equations and 7 unknowns"", ""raw"": ""reading /tmp/tmpwb0felyu/traced.rbc (bitcode v2, cbor) Simulating ThermoPower.Water.SensW to t=1 with 7 trace point(s)... \u001b[31m\u001b[0m simulation failed: DAE structural proof failed: structurally singular \u001b[31m\u2502\u001b[0m system: 6 matched out of 7 equations and 7 unknowns"", ""tool_side"": false}",/data/mrumoca/eval/results_v3/thermopower/runtime_free.jsonl
thermopower,runtime-v3,ThermoPower.Water.FlowJoin,0,network-port-unconnected,low,False,execution-not-completed,"{""connector"": ""out"", ""component"": ""<top level>"", ""component_class"": ""unknown"", ""flows_forced_to_zero"": ""out.m_flow"", ""note"": ""nothing is connected to this port, so MLS \u00a79.2 forces its flow to zero. That is correct for a component compiled on its own and is not a defect; it is recorded because it is the commonest reason a model looks structurally singular""}",/data/mrumoca/eval/results_v3/thermopower/runtime_free.jsonl
thermopower,runtime-v3,ThermoPower.Water.FlowJoin,1,network-port-unconnected,low,False,execution-not-completed,"{""connector"": ""in1"", ""component"": ""<top level>"", ""component_class"": ""unknown"", ""flows_forced_to_zero"": ""in1.m_flow"", ""note"": ""nothing is connected to this port, so MLS \u00a79.2 forces its flow to zero. That is correct for a component compiled on its own and is not a defect; it is recorded because it is the commonest reason a model looks structurally singular""}",/data/mrumoca/eval/results_v3/thermopower/runtime_free.jsonl
thermopower,runtime-v3,ThermoPower.Water.FlowJoin,2,network-port-unconnected,low,False,execution-not-completed,"{""connector"": ""in2"", ""component"": ""<top level>"", ""component_class"": ""unknown"", ""flows_forced_to_zero"": ""in2.m_flow"", ""note"": ""nothing is connected to this port, so MLS \u00a79.2 forces its flow to zero. That is correct for a component compiled on its own and is not a defect; it is recorded because it is the commonest reason a model looks structurally singular""}",/data/mrumoca/eval/results_v3/thermopower/runtime_free.jsonl
thermopower,runtime-v3,ThermoPower.Water.FlowJoin,3,network-component-isolated,low,False,execution-not-completed,"{""component"": ""<top level>"", ""component_class"": ""unknown"", ""ports"": ""out, in1, in2"", ""note"": ""every port of this instance is unconnected, so it exchanges nothing with the rest of the model while still contributing its equations""}",/data/mrumoca/eval/results_v3/thermopower/runtime_free.jsonl
thermopower,runtime-v3,ThermoPower.Water.FlowJoin,4,network-observation-incomplete,info,False,execution-not-completed,"{""reason"": ""missing or unsynchronized connector member observations"", ""note"": ""coverage gap, not a model defect""}",/data/mrumoca/eval/results_v3/thermopower/runtime_free.jsonl
thermopower,runtime-v3,ThermoPower.Water.FlowJoin,5,initialization-failure,high,False,execution-not-completed,"{""failure_kind"": ""singular-system"", ""reason"": ""hermoPower.Water.FlowJoin to t=1 with 9 trace point(s)... \u001b[31m\u001b[0m simulation failed: DAE structural proof failed: structurally singular \u001b[31m\u2502\u001b[0m system: 8 matched out of 9 equations and 9 unknowns"", ""raw"": ""reading /tmp/tmpe33l0m08/traced.rbc (bitcode v2, cbor) Simulating ThermoPower.Water.FlowJoin to t=1 with 9 trace point(s)... \u001b[31m\u001b[0m simulation failed: DAE structural proof failed: structurally singular \u001b[31m\u2502\u001b[0m system: 8 matched out of 9 equations and 9 unknowns"", ""tool_side"": false}",/data/mrumoca/eval/results_v3/thermopower/runtime_free.jsonl
thermopower,runtime-v3,ThermoPower.Water.ThroughMassFlow,0,network-port-unconnected,low,False,execution-not-completed,"{""connector"": ""inlet"", ""component"": ""<top level>"", ""component_class"": ""unknown"", ""flows_forced_to_zero"": ""inlet.m_flow"", ""note"": ""nothing is connected to this port, so MLS \u00a79.2 forces its flow to zero. That is correct for a component compiled on its own and is not a defect; it is recorded because it is the commonest reason a model looks structurally singular""}",/data/mrumoca/eval/results_v3/thermopower/runtime_free.jsonl
thermopower,runtime-v3,ThermoPower.Water.ThroughMassFlow,1,network-port-unconnected,low,False,execution-not-completed,"{""connector"": ""outlet"", ""component"": ""<top level>"", ""component_class"": ""unknown"", ""flows_forced_to_zero"": ""outlet.m_flow"", ""note"": ""nothing is connected to this port, so MLS \u00a79.2 forces its flow to zero. That is correct for a component compiled on its own and is not a defect; it is recorded because it is the commonest reason a model looks structurally singular""}",/data/mrumoca/eval/results_v3/thermopower/runtime_free.jsonl
thermopower,runtime-v3,ThermoPower.Water.ThroughMassFlow,2,network-component-isolated,low,False,execution-not-completed,"{""component"": ""<top level>"", ""component_class"": ""unknown"", ""ports"": ""inlet, outlet"", ""note"": ""every port of this instance is unconnected, so it exchanges nothing with the rest of the model while still contributing its equations""}",/data/mrumoca/eval/results_v3/thermopower/runtime_free.jsonl
thermopower,runtime-v3,ThermoPower.Water.ThroughMassFlow,3,network-observation-incomplete,info,False,execution-not-completed,"{""reason"": ""missing or unsynchronized connector member observations"", ""note"": ""coverage gap, not a model defect""}",/data/mrumoca/eval/results_v3/thermopower/runtime_free.jsonl
thermopower,runtime-v3,ThermoPower.Water.ThroughMassFlow,4,initialization-failure,high,False,execution-not-completed,"{""failure_kind"": ""singular-system"", ""reason"": ""wer.Water.ThroughMassFlow to t=1 with 8 trace point(s)... \u001b[31m\u001b[0m simulation failed: DAE structural proof failed: structurally singular \u001b[31m\u2502\u001b[0m system: 6 matched out of 8 equations and 8 unknowns"", ""raw"": ""reading /tmp/tmp1bn4c0wx/traced.rbc (bitcode v2, cbor) Simulating ThermoPower.Water.ThroughMassFlow to t=1 with 8 trace point(s)... \u001b[31m\u001b[0m simulation failed: DAE structural proof failed: structurally singular \u001b[31m\u2502\u001b[0m system: 6 matched out of 8 equations and 8 unknowns"", ""tool_side"": false}",/data/mrumoca/eval/results_v3/thermopower/runtime_free.jsonl
thermopower,runtime-v3,ThermoPower.Water.ValveLin,0,network-port-unconnected,low,True,execution-not-completed,"{""connector"": ""inlet"", ""component"": ""<top level>"", ""component_class"": ""unknown"", ""flows_forced_to_zero"": ""inlet.m_flow"", ""note"": ""nothing is connected to this port, so MLS \u00a79.2 forces its flow to zero. That is correct for a component compiled on its own and is not a defect; it is recorded because it is the commonest reason a model looks structurally singular""}",/data/mrumoca/eval/results_v3/thermopower/runtime_free.jsonl
thermopower,runtime-v3,ThermoPower.Water.ValveLin,1,network-port-unconnected,low,True,execution-not-completed,"{""connector"": ""outlet"", ""component"": ""<top level>"", ""component_class"": ""unknown"", ""flows_forced_to_zero"": ""outlet.m_flow"", ""note"": ""nothing is connected to this port, so MLS \u00a79.2 forces its flow to zero. That is correct for a component compiled on its own and is not a defect; it is recorded because it is the commonest reason a model looks structurally singular""}",/data/mrumoca/eval/results_v3/thermopower/runtime_free.jsonl
thermopower,runtime-v3,ThermoPower.Water.ValveLin,2,network-component-isolated,low,True,execution-not-completed,"{""component"": ""<top level>"", ""component_class"": ""unknown"", ""ports"": ""inlet, outlet"", ""note"": ""every port of this instance is unconnected, so it exchanges nothing with the rest of the model while still contributing its equations""}",/data/mrumoca/eval/results_v3/thermopower/runtime_free.jsonl
thermopower,runtime-v3,ThermoPower.Water.ValveLin,3,network-observation-incomplete,info,True,execution-not-completed,"{""reason"": ""missing or unsynchronized connector member observations"", ""note"": ""coverage gap, not a model defect""}",/data/mrumoca/eval/results_v3/thermopower/runtime_free.jsonl
thermopower,runtime-v3,ThermoPower.Water.ValveLin,4,initialization-failure,high,True,execution-not-completed,"{""failure_kind"": ""singular-system"", ""reason"": ""hermoPower.Water.ValveLin to t=1 with 8 trace point(s)... \u001b[31m\u001b[0m simulation failed: DAE structural proof failed: structurally singular \u001b[31m\u2502\u001b[0m system: 6 matched out of 7 equations and 7 unknowns"", ""raw"": ""reading /tmp/tmp_zdap88q/traced.rbc (bitcode v2, cbor) holding 1 free input(s) constant at their start values: cmd=0 Simulating ThermoPower.Water.ValveLin to t=1 with 8 trace point(s)... \u001b[31m\u001b[0m simulation failed: DAE structural proof failed: structurally singular \u001b[31m\u2502\u001b[0m system: 6 matched out of 7 equations and 7 unknowns"", ""tool_side"": false}",/data/mrumoca/eval/results_v3/thermopower/runtime_free.jsonl
