library,phase,model,ordinal,kind,severity,held_inputs,route,evidence,source
ibpsa,historical-static,IBPSA.Airflow.Multizone.BaseClasses.PowerLawResistanceParameters,0,start-violates-min,high,False,hold-needs-source-and-witness-review,"{""variable"": ""m"", ""start"": 0.0, ""bound"": ""min"", ""limit"": 0.5}",/data/mrumoca/eval/results/ibpsa/findings.jsonl
ibpsa,historical-static,IBPSA.BoundaryConditions.SolarGeometry.BaseClasses.SolarAzimuth,0,non-square-block,medium,False,hold-needs-source-and-witness-review,"{""block"": 0, ""equations"": 4, ""variables"": 9}",/data/mrumoca/eval/results/ibpsa/findings.jsonl
ibpsa,historical-static,IBPSA.BoundaryConditions.SolarGeometry.BaseClasses.WallSolarAzimuth,0,non-square-block,medium,False,hold-needs-source-and-witness-review,"{""block"": 0, ""equations"": 3, ""variables"": 5}",/data/mrumoca/eval/results/ibpsa/findings.jsonl
ibpsa,historical-static,IBPSA.BoundaryConditions.SolarIrradiation.BaseClasses.BrighteningCoefficient,0,non-square-block,medium,False,hold-needs-source-and-witness-review,"{""block"": 0, ""equations"": 25, ""variables"": 28}",/data/mrumoca/eval/results/ibpsa/findings.jsonl
ibpsa,historical-static,IBPSA.BoundaryConditions.SolarIrradiation.BaseClasses.DiffuseIsotropic,0,non-square-block,medium,False,hold-needs-source-and-witness-review,"{""block"": 0, ""equations"": 3, ""variables"": 5}",/data/mrumoca/eval/results/ibpsa/findings.jsonl
ibpsa,historical-static,IBPSA.BoundaryConditions.SolarIrradiation.BaseClasses.DiffusePerez,0,non-square-block,medium,False,hold-needs-source-and-witness-review,"{""block"": 0, ""equations"": 3, ""variables"": 8}",/data/mrumoca/eval/results/ibpsa/findings.jsonl
ibpsa,historical-static,IBPSA.BoundaryConditions.SkyTemperature.BlackBody,0,quantity-missing,low,False,advisory-or-explicit-non-defect,"{""unit"": ""W/m2"", ""count"": 1, ""declarations"": ""HHorIR"", ""note"": ""a unit is declared without a quantity, so nothing states what is being measured and no rule keyed on quantity can apply to it""}",/data/mrumoca/eval/results/ibpsa/findings.jsonl
ibpsa,historical-static,IBPSA.BoundaryConditions.SkyTemperature.BlackBody,1,non-square-block,medium,False,hold-needs-source-and-witness-review,"{""block"": 0, ""equations"": 4, ""variables"": 7}",/data/mrumoca/eval/results/ibpsa/findings.jsonl
ibpsa,historical-static,IBPSA.BoundaryConditions.SolarIrradiation.BaseClasses.RelativeAirMass,0,non-square-block,medium,False,hold-needs-source-and-witness-review,"{""block"": 0, ""equations"": 3, ""variables"": 5}",/data/mrumoca/eval/results/ibpsa/findings.jsonl
ibpsa,historical-static,IBPSA.BoundaryConditions.SolarIrradiation.BaseClasses.SkyBrightness,0,non-square-block,medium,False,hold-needs-source-and-witness-review,"{""block"": 0, ""equations"": 2, ""variables"": 5}",/data/mrumoca/eval/results/ibpsa/findings.jsonl
ibpsa,historical-static,IBPSA.BoundaryConditions.WeatherData.BaseClasses.LimiterCeilingHeight,0,quantity-missing,low,False,advisory-or-explicit-non-defect,"{""unit"": ""m"", ""count"": 1, ""declarations"": ""ceiHei"", ""note"": ""a unit is declared without a quantity, so nothing states what is being measured and no rule keyed on quantity can apply to it""}",/data/mrumoca/eval/results/ibpsa/findings.jsonl
ibpsa,historical-static,IBPSA.BoundaryConditions.SolarIrradiation.BaseClasses.SkyClearness,0,non-square-block,medium,False,hold-needs-source-and-witness-review,"{""block"": 0, ""equations"": 3, ""variables"": 6}",/data/mrumoca/eval/results/ibpsa/findings.jsonl
ibpsa,historical-static,IBPSA.BoundaryConditions.WeatherData.BaseClasses.Examples.CheckBlackBodySkyTemperature,0,divisor-unreachable-under-witness,low,False,advisory-or-explicit-non-defect,"{""denominator"": ""TBlaBod.duration"", ""witness"": ""TBlaBod.duration = 0"", ""witness_rationale"": ""set to zero"", ""denominator_at_witness"": 0.0, ""denominator_at_declared_values"": 1.0, ""denominator_range"": ""[0, inf]"", ""path_condition"": ""not ((time < TBlaBod.startTime)) and ((time < (TBlaBod.startTime + TBlaBod.duration)))"", ""verdict"": ""UNSAT"", ""proof"": ""the path conditions cannot hold together: time must be both > 0 and < 0"", ""constraints"": ""TBlaBod.duration: min=0"", ""note"": ""reported so the guard can be seen and challenged, not as a defect; zero is outside the domain this division is evaluated in""}",/data/mrumoca/eval/results/ibpsa/findings.jsonl
ibpsa,historical-static,IBPSA.BoundaryConditions.WeatherData.BaseClasses.Examples.CheckBlackBodySkyTemperature,1,network-boundary-port,low,False,standalone-topology-not-defect-proof,"{""node"": ""TBlaBod -- cheSkyBlaBodTem"", ""boundary_connectors"": ""TBlaBod, cheSkyBlaBodTem"", ""wired_to"": ""nothing"", ""note"": ""this connector belongs to the model itself, not to a component inside it: the model is an interface compiled on its own, so the node is open on one side. Nothing forces its flow, which is why a structural matching reports an unmatched unknown here. Not a defect in the model""}",/data/mrumoca/eval/results/ibpsa/findings.jsonl
ibpsa,historical-static,IBPSA.BoundaryConditions.WeatherData.BaseClasses.LimiterWindSpeed,0,quantity-missing,low,False,advisory-or-explicit-non-defect,"{""unit"": ""m/s"", ""count"": 1, ""declarations"": ""winSpe"", ""note"": ""a unit is declared without a quantity, so nothing states what is being measured and no rule keyed on quantity can apply to it""}",/data/mrumoca/eval/results/ibpsa/findings.jsonl
ibpsa,historical-static,IBPSA.BoundaryConditions.SolarGeometry.BaseClasses.IncidenceAngle,0,non-square-block,medium,False,hold-needs-source-and-witness-review,"{""block"": 0, ""equations"": 7, ""variables"": 10}",/data/mrumoca/eval/results/ibpsa/findings.jsonl
ibpsa,historical-static,IBPSA.BoundaryConditions.WeatherData.ReaderTMY3.Altitude,0,quantity-missing,low,False,advisory-or-explicit-non-defect,"{""unit"": ""m"", ""count"": 1, ""declarations"": ""y"", ""note"": ""a unit is declared without a quantity, so nothing states what is being measured and no rule keyed on quantity can apply to it""}",/data/mrumoca/eval/results/ibpsa/findings.jsonl
ibpsa,historical-static,IBPSA.Controls.Continuous.Validation.OffTimerNonZeroStart,0,network-boundary-port,low,False,standalone-topology-not-defect-proof,"{""node"": ""booleanPulse -- not1 -- offTim1 -- offTim2"", ""boundary_connectors"": ""booleanPulse, not1, offTim1, offTim2"", ""wired_to"": ""nothing"", ""note"": ""this connector belongs to the model itself, not to a component inside it: the model is an interface compiled on its own, so the node is open on one side. Nothing forces its flow, which is why a structural matching reports an unmatched unknown here. Not a defect in the model""}",/data/mrumoca/eval/results/ibpsa/findings.jsonl
ibpsa,historical-static,IBPSA.BoundaryConditions.WeatherData.BaseClasses.LimiterHorizontalInfraredIrradiation,0,quantity-missing,low,False,advisory-or-explicit-non-defect,"{""unit"": ""W/m2"", ""count"": 1, ""declarations"": ""HHorIR"", ""note"": ""a unit is declared without a quantity, so nothing states what is being measured and no rule keyed on quantity can apply to it""}",/data/mrumoca/eval/results/ibpsa/findings.jsonl
ibpsa,historical-static,IBPSA.Controls.OBC.CDL.Conversions.Validation.RealToInteger,0,start-violates-min,high,False,hold-needs-source-and-witness-review,"{""variable"": ""ramp1.duration"", ""start"": 0.0, ""bound"": ""min"", ""limit"": 1e-37}",/data/mrumoca/eval/results/ibpsa/findings.jsonl
ibpsa,historical-static,IBPSA.Controls.OBC.CDL.Conversions.Validation.RealToInteger,1,network-boundary-port,low,False,standalone-topology-not-defect-proof,"{""node"": ""ramp1 -- reaToInt"", ""boundary_connectors"": ""ramp1, reaToInt"", ""wired_to"": ""nothing"", ""note"": ""this connector belongs to the model itself, not to a component inside it: the model is an interface compiled on its own, so the node is open on one side. Nothing forces its flow, which is why a structural matching reports an unmatched unknown here. Not a defect in the model""}",/data/mrumoca/eval/results/ibpsa/findings.jsonl
ibpsa,historical-static,IBPSA.Controls.Continuous.Examples.OffTimer,0,network-boundary-port,low,False,standalone-topology-not-defect-proof,"{""node"": ""booleanPulse -- not1 -- offTim1 -- offTim2"", ""boundary_connectors"": ""booleanPulse, not1, offTim1, offTim2"", ""wired_to"": ""nothing"", ""note"": ""this connector belongs to the model itself, not to a component inside it: the model is an interface compiled on its own, so the node is open on one side. Nothing forces its flow, which is why a structural matching reports an unmatched unknown here. Not a defect in the model""}",/data/mrumoca/eval/results/ibpsa/findings.jsonl
ibpsa,historical-static,IBPSA.Controls.OBC.CDL.Discrete.Validation.FirstOrderHold,0,start-violates-min,high,False,hold-needs-source-and-witness-review,"{""variable"": ""firOrdHol.samplePeriod"", ""start"": 0.0, ""bound"": ""min"", ""limit"": 0.001}",/data/mrumoca/eval/results/ibpsa/findings.jsonl
ibpsa,historical-static,IBPSA.Controls.OBC.CDL.Discrete.Validation.FirstOrderHold,1,start-violates-min,high,False,hold-needs-source-and-witness-review,"{""variable"": ""ramp1.duration"", ""start"": 0.0, ""bound"": ""min"", ""limit"": 1e-37}",/data/mrumoca/eval/results/ibpsa/findings.jsonl
ibpsa,historical-static,IBPSA.Controls.OBC.CDL.Discrete.Validation.FirstOrderHold,2,network-boundary-port,low,False,standalone-topology-not-defect-proof,"{""node"": ""cos1 -- firOrdHol -- ramp1"", ""boundary_connectors"": ""cos1, firOrdHol, ramp1"", ""wired_to"": ""nothing"", ""note"": ""this connector belongs to the model itself, not to a component inside it: the model is an interface compiled on its own, so the node is open on one side. Nothing forces its flow, which is why a structural matching reports an unmatched unknown here. Not a defect in the model""}",/data/mrumoca/eval/results/ibpsa/findings.jsonl
ibpsa,historical-static,IBPSA.Controls.OBC.CDL.Discrete.Validation.FirstOrderHold,3,non-square-block,medium,False,hold-needs-source-and-witness-review,"{""block"": 0, ""equations"": 9, ""variables"": 10}",/data/mrumoca/eval/results/ibpsa/findings.jsonl
ibpsa,historical-static,IBPSA.Controls.OBC.CDL.Discrete.Validation.UnitDelay,0,start-violates-min,high,False,hold-needs-source-and-witness-review,"{""variable"": ""unitDelay1.samplePeriod"", ""start"": 0.0, ""bound"": ""min"", ""limit"": 0.001}",/data/mrumoca/eval/results/ibpsa/findings.jsonl
ibpsa,historical-static,IBPSA.Controls.OBC.CDL.Discrete.Validation.UnitDelay,1,start-violates-min,high,False,hold-needs-source-and-witness-review,"{""variable"": ""ramp1.duration"", ""start"": 0.0, ""bound"": ""min"", ""limit"": 1e-37}",/data/mrumoca/eval/results/ibpsa/findings.jsonl
ibpsa,historical-static,IBPSA.Controls.OBC.CDL.Discrete.Validation.UnitDelay,2,network-boundary-port,low,False,standalone-topology-not-defect-proof,"{""node"": ""ramp1 -- sin1 -- unitDelay1"", ""boundary_connectors"": ""ramp1, sin1, unitDelay1"", ""wired_to"": ""nothing"", ""note"": ""this connector belongs to the model itself, not to a component inside it: the model is an interface compiled on its own, so the node is open on one side. Nothing forces its flow, which is why a structural matching reports an unmatched unknown here. Not a defect in the model""}",/data/mrumoca/eval/results/ibpsa/findings.jsonl
ibpsa,historical-static,IBPSA.Controls.OBC.CDL.Discrete.Validation.ZeroOrderHold,0,start-violates-min,high,False,hold-needs-source-and-witness-review,"{""variable"": ""zerOrdHol.samplePeriod"", ""start"": 0.0, ""bound"": ""min"", ""limit"": 0.001}",/data/mrumoca/eval/results/ibpsa/findings.jsonl
ibpsa,historical-static,IBPSA.Controls.OBC.CDL.Discrete.Validation.ZeroOrderHold,1,start-violates-min,high,False,hold-needs-source-and-witness-review,"{""variable"": ""ramp1.duration"", ""start"": 0.0, ""bound"": ""min"", ""limit"": 1e-37}",/data/mrumoca/eval/results/ibpsa/findings.jsonl
ibpsa,historical-static,IBPSA.Controls.OBC.CDL.Discrete.Validation.ZeroOrderHold,2,network-boundary-port,low,False,standalone-topology-not-defect-proof,"{""node"": ""cos1 -- ramp1 -- zerOrdHol"", ""boundary_connectors"": ""cos1, ramp1, zerOrdHol"", ""wired_to"": ""nothing"", ""note"": ""this connector belongs to the model itself, not to a component inside it: the model is an interface compiled on its own, so the node is open on one side. Nothing forces its flow, which is why a structural matching reports an unmatched unknown here. Not a defect in the model""}",/data/mrumoca/eval/results/ibpsa/findings.jsonl
ibpsa,historical-static,IBPSA.Controls.OBC.CDL.Conversions.Validation.IntegerToReal,0,divisor-zero-unresolved,medium,False,hold-needs-source-and-witness-review,"{""denominator"": ""round2.fac"", ""witness"": ""round2.fac = 0"", ""witness_rationale"": ""set to zero"", ""denominator_at_witness"": 0.0, ""denominator_at_declared_values"": 1.0, ""denominator_range"": ""[-inf, inf]"", ""path_condition"": ""((round2.u > 0))"", ""verdict"": ""UNKNOWN"", ""proof"": ""the path depends on quantities the artifact does not determine: (round2.u > 0)"", ""constraints"": ""round2.fac: unbounded"", ""note"": ""an assignment drives the denominator to zero, but whether the division is evaluated there could not be decided from the artifact; this is unresolved, not confirmed""}",/data/mrumoca/eval/results/ibpsa/findings.jsonl
ibpsa,historical-static,IBPSA.Controls.OBC.CDL.Conversions.Validation.IntegerToReal,1,divisor-zero-unresolved,medium,False,hold-needs-source-and-witness-review,"{""denominator"": ""round2.fac"", ""witness"": ""round2.fac = 0"", ""witness_rationale"": ""set to zero"", ""denominator_at_witness"": 0.0, ""denominator_at_declared_values"": 1.0, ""denominator_range"": ""[-inf, inf]"", ""path_condition"": ""not ((round2.u > 0))"", ""verdict"": ""UNKNOWN"", ""proof"": ""the path depends on quantities the artifact does not determine: (round2.u > 0)"", ""constraints"": ""round2.fac: unbounded"", ""note"": ""an assignment drives the denominator to zero, but whether the division is evaluated there could not be decided from the artifact; this is unresolved, not confirmed""}",/data/mrumoca/eval/results/ibpsa/findings.jsonl
ibpsa,historical-static,IBPSA.Controls.OBC.CDL.Conversions.Validation.IntegerToReal,2,start-violates-min,high,False,hold-needs-source-and-witness-review,"{""variable"": ""ramp1.duration"", ""start"": 0.0, ""bound"": ""min"", ""limit"": 1e-37}",/data/mrumoca/eval/results/ibpsa/findings.jsonl
ibpsa,historical-static,IBPSA.Controls.OBC.CDL.Conversions.Validation.IntegerToReal,3,network-boundary-port,low,False,standalone-topology-not-defect-proof,"{""node"": ""intToRea -- ramp1 -- reaToInt1 -- round2"", ""boundary_connectors"": ""intToRea, ramp1, reaToInt1, round2"", ""wired_to"": ""nothing"", ""note"": ""this connector belongs to the model itself, not to a component inside it: the model is an interface compiled on its own, so the node is open on one side. Nothing forces its flow, which is why a structural matching reports an unmatched unknown here. Not a defect in the model""}",/data/mrumoca/eval/results/ibpsa/findings.jsonl
ibpsa,historical-static,IBPSA.Controls.OBC.CDL.Discrete.Validation.Sampler,0,start-violates-min,high,False,hold-needs-source-and-witness-review,"{""variable"": ""sampler1.samplePeriod"", ""start"": 0.0, ""bound"": ""min"", ""limit"": 0.001}",/data/mrumoca/eval/results/ibpsa/findings.jsonl
ibpsa,historical-static,IBPSA.Controls.OBC.CDL.Discrete.Validation.Sampler,1,start-violates-min,high,False,hold-needs-source-and-witness-review,"{""variable"": ""ramp1.duration"", ""start"": 0.0, ""bound"": ""min"", ""limit"": 1e-37}",/data/mrumoca/eval/results/ibpsa/findings.jsonl
ibpsa,historical-static,IBPSA.Controls.OBC.CDL.Discrete.Validation.Sampler,2,network-boundary-port,low,False,standalone-topology-not-defect-proof,"{""node"": ""ramp1 -- sampler1 -- sin1"", ""boundary_connectors"": ""ramp1, sampler1, sin1"", ""wired_to"": ""nothing"", ""note"": ""this connector belongs to the model itself, not to a component inside it: the model is an interface compiled on its own, so the node is open on one side. Nothing forces its flow, which is why a structural matching reports an unmatched unknown here. Not a defect in the model""}",/data/mrumoca/eval/results/ibpsa/findings.jsonl
ibpsa,historical-static,IBPSA.Controls.OBC.CDL.Integers.Validation.Add,0,divisor-zero-unresolved,medium,False,hold-needs-source-and-witness-review,"{""denominator"": ""round1.fac"", ""witness"": ""round1.fac = 0"", ""witness_rationale"": ""set to zero"", ""denominator_at_witness"": 0.0, ""denominator_at_declared_values"": 1.0, ""denominator_range"": ""[-inf, inf]"", ""path_condition"": ""((round1.u > 0))"", ""verdict"": ""UNKNOWN"", ""proof"": ""the path depends on quantities the artifact does not determine: (round1.u > 0)"", ""constraints"": ""round1.fac: unbounded"", ""note"": ""an assignment drives the denominator to zero, but whether the division is evaluated there could not be decided from the artifact; this is unresolved, not confirmed""}",/data/mrumoca/eval/results/ibpsa/findings.jsonl
ibpsa,historical-static,IBPSA.Controls.OBC.CDL.Integers.Validation.Add,1,divisor-zero-unresolved,medium,False,hold-needs-source-and-witness-review,"{""denominator"": ""round1.fac"", ""witness"": ""round1.fac = 0"", ""witness_rationale"": ""set to zero"", ""denominator_at_witness"": 0.0, ""denominator_at_declared_values"": 1.0, ""denominator_range"": ""[-inf, inf]"", ""path_condition"": ""not ((round1.u > 0))"", ""verdict"": ""UNKNOWN"", ""proof"": ""the path depends on quantities the artifact does not determine: (round1.u > 0)"", ""constraints"": ""round1.fac: unbounded"", ""note"": ""an assignment drives the denominator to zero, but whether the division is evaluated there could not be decided from the artifact; this is unresolved, not confirmed""}",/data/mrumoca/eval/results/ibpsa/findings.jsonl
ibpsa,historical-static,IBPSA.Controls.OBC.CDL.Integers.Validation.Add,2,divisor-zero-unresolved,medium,False,hold-needs-source-and-witness-review,"{""denominator"": ""round2.fac"", ""witness"": ""round2.fac = 0"", ""witness_rationale"": ""set to zero"", ""denominator_at_witness"": 0.0, ""denominator_at_declared_values"": 1.0, ""denominator_range"": ""[-inf, inf]"", ""path_condition"": ""((round2.u > 0))"", ""verdict"": ""UNKNOWN"", ""proof"": ""the path depends on quantities the artifact does not determine: (round2.u > 0)"", ""constraints"": ""round2.fac: unbounded"", ""note"": ""an assignment drives the denominator to zero, but whether the division is evaluated there could not be decided from the artifact; this is unresolved, not confirmed""}",/data/mrumoca/eval/results/ibpsa/findings.jsonl
ibpsa,historical-static,IBPSA.Controls.OBC.CDL.Integers.Validation.Add,3,divisor-zero-unresolved,medium,False,hold-needs-source-and-witness-review,"{""denominator"": ""round2.fac"", ""witness"": ""round2.fac = 0"", ""witness_rationale"": ""set to zero"", ""denominator_at_witness"": 0.0, ""denominator_at_declared_values"": 1.0, ""denominator_range"": ""[-inf, inf]"", ""path_condition"": ""not ((round2.u > 0))"", ""verdict"": ""UNKNOWN"", ""proof"": ""the path depends on quantities the artifact does not determine: (round2.u > 0)"", ""constraints"": ""round2.fac: unbounded"", ""note"": ""an assignment drives the denominator to zero, but whether the division is evaluated there could not be decided from the artifact; this is unresolved, not confirmed""}",/data/mrumoca/eval/results/ibpsa/findings.jsonl
ibpsa,historical-static,IBPSA.Controls.OBC.CDL.Integers.Validation.Add,4,start-violates-min,high,False,hold-needs-source-and-witness-review,"{""variable"": ""ramp1.duration"", ""start"": 0.0, ""bound"": ""min"", ""limit"": 1e-37}",/data/mrumoca/eval/results/ibpsa/findings.jsonl
ibpsa,historical-static,IBPSA.Controls.OBC.CDL.Integers.Validation.Add,5,start-violates-min,high,False,hold-needs-source-and-witness-review,"{""variable"": ""ramp2.duration"", ""start"": 0.0, ""bound"": ""min"", ""limit"": 1e-37}",/data/mrumoca/eval/results/ibpsa/findings.jsonl
ibpsa,historical-static,IBPSA.Controls.OBC.CDL.Integers.Validation.Add,6,network-boundary-port,low,False,standalone-topology-not-defect-proof,"{""node"": ""add1 -- ramp1 -- ramp2 -- reaToInt -- reaToInt1 -- round1 -- round2"", ""boundary_connectors"": ""add1, ramp1, ramp2, reaToInt, reaToInt1, round1, round2"", ""wired_to"": ""nothing"", ""note"": ""this connector belongs to the model itself, not to a component inside it: the model is an interface compiled on its own, so the node is open on one side. Nothing forces its flow, which is why a structural matching reports an unmatched unknown here. Not a defect in the model""}",/data/mrumoca/eval/results/ibpsa/findings.jsonl
ibpsa,historical-static,IBPSA.Controls.OBC.CDL.Integers.Validation.Greater,0,divisor-zero-unresolved,medium,False,hold-needs-source-and-witness-review,"{""denominator"": ""round1.fac"", ""witness"": ""round1.fac = 0"", ""witness_rationale"": ""set to zero"", ""denominator_at_witness"": 0.0, ""denominator_at_declared_values"": 1.0, ""denominator_range"": ""[-inf, inf]"", ""path_condition"": ""((round1.u > 0))"", ""verdict"": ""UNKNOWN"", ""proof"": ""the path depends on quantities the artifact does not determine: (round1.u > 0)"", ""constraints"": ""round1.fac: unbounded"", ""note"": ""an assignment drives the denominator to zero, but whether the division is evaluated there could not be decided from the artifact; this is unresolved, not confirmed""}",/data/mrumoca/eval/results/ibpsa/findings.jsonl
ibpsa,historical-static,IBPSA.Controls.OBC.CDL.Integers.Validation.Greater,1,divisor-zero-unresolved,medium,False,hold-needs-source-and-witness-review,"{""denominator"": ""round1.fac"", ""witness"": ""round1.fac = 0"", ""witness_rationale"": ""set to zero"", ""denominator_at_witness"": 0.0, ""denominator_at_declared_values"": 1.0, ""denominator_range"": ""[-inf, inf]"", ""path_condition"": ""not ((round1.u > 0))"", ""verdict"": ""UNKNOWN"", ""proof"": ""the path depends on quantities the artifact does not determine: (round1.u > 0)"", ""constraints"": ""round1.fac: unbounded"", ""note"": ""an assignment drives the denominator to zero, but whether the division is evaluated there could not be decided from the artifact; this is unresolved, not confirmed""}",/data/mrumoca/eval/results/ibpsa/findings.jsonl
ibpsa,historical-static,IBPSA.Controls.OBC.CDL.Integers.Validation.Greater,2,divisor-zero-unresolved,medium,False,hold-needs-source-and-witness-review,"{""denominator"": ""round2.fac"", ""witness"": ""round2.fac = 0"", ""witness_rationale"": ""set to zero"", ""denominator_at_witness"": 0.0, ""denominator_at_declared_values"": 1.0, ""denominator_range"": ""[-inf, inf]"", ""path_condition"": ""((round2.u > 0))"", ""verdict"": ""UNKNOWN"", ""proof"": ""the path depends on quantities the artifact does not determine: (round2.u > 0)"", ""constraints"": ""round2.fac: unbounded"", ""note"": ""an assignment drives the denominator to zero, but whether the division is evaluated there could not be decided from the artifact; this is unresolved, not confirmed""}",/data/mrumoca/eval/results/ibpsa/findings.jsonl
ibpsa,historical-static,IBPSA.Controls.OBC.CDL.Integers.Validation.Greater,3,divisor-zero-unresolved,medium,False,hold-needs-source-and-witness-review,"{""denominator"": ""round2.fac"", ""witness"": ""round2.fac = 0"", ""witness_rationale"": ""set to zero"", ""denominator_at_witness"": 0.0, ""denominator_at_declared_values"": 1.0, ""denominator_range"": ""[-inf, inf]"", ""path_condition"": ""not ((round2.u > 0))"", ""verdict"": ""UNKNOWN"", ""proof"": ""the path depends on quantities the artifact does not determine: (round2.u > 0)"", ""constraints"": ""round2.fac: unbounded"", ""note"": ""an assignment drives the denominator to zero, but whether the division is evaluated there could not be decided from the artifact; this is unresolved, not confirmed""}",/data/mrumoca/eval/results/ibpsa/findings.jsonl
ibpsa,historical-static,IBPSA.Controls.OBC.CDL.Integers.Validation.Greater,4,start-violates-min,high,False,hold-needs-source-and-witness-review,"{""variable"": ""ramp1.duration"", ""start"": 0.0, ""bound"": ""min"", ""limit"": 1e-37}",/data/mrumoca/eval/results/ibpsa/findings.jsonl
ibpsa,historical-static,IBPSA.Controls.OBC.CDL.Integers.Validation.Greater,5,start-violates-min,high,False,hold-needs-source-and-witness-review,"{""variable"": ""ramp2.duration"", ""start"": 0.0, ""bound"": ""min"", ""limit"": 1e-37}",/data/mrumoca/eval/results/ibpsa/findings.jsonl
ibpsa,historical-static,IBPSA.Controls.OBC.CDL.Integers.Validation.Greater,6,network-boundary-port,low,False,standalone-topology-not-defect-proof,"{""node"": ""intGre -- ramp1 -- ramp2 -- reaToInt -- reaToInt1 -- round1 -- round2"", ""boundary_connectors"": ""intGre, ramp1, ramp2, reaToInt, reaToInt1, round1, round2"", ""wired_to"": ""nothing"", ""note"": ""this connector belongs to the model itself, not to a component inside it: the model is an interface compiled on its own, so the node is open on one side. Nothing forces its flow, which is why a structural matching reports an unmatched unknown here. Not a defect in the model""}",/data/mrumoca/eval/results/ibpsa/findings.jsonl
ibpsa,historical-static,IBPSA.Controls.OBC.CDL.Integers.Validation.LessEqualThreshold,0,divisor-zero-unresolved,medium,False,hold-needs-source-and-witness-review,"{""denominator"": ""round1.fac"", ""witness"": ""round1.fac = 0"", ""witness_rationale"": ""set to zero"", ""denominator_at_witness"": 0.0, ""denominator_at_declared_values"": 1.0, ""denominator_range"": ""[-inf, inf]"", ""path_condition"": ""((round1.u > 0))"", ""verdict"": ""UNKNOWN"", ""proof"": ""the path depends on quantities the artifact does not determine: (round1.u > 0)"", ""constraints"": ""round1.fac: unbounded"", ""note"": ""an assignment drives the denominator to zero, but whether the division is evaluated there could not be decided from the artifact; this is unresolved, not confirmed""}",/data/mrumoca/eval/results/ibpsa/findings.jsonl
ibpsa,historical-static,IBPSA.Controls.OBC.CDL.Integers.Validation.LessEqualThreshold,1,divisor-zero-unresolved,medium,False,hold-needs-source-and-witness-review,"{""denominator"": ""round1.fac"", ""witness"": ""round1.fac = 0"", ""witness_rationale"": ""set to zero"", ""denominator_at_witness"": 0.0, ""denominator_at_declared_values"": 1.0, ""denominator_range"": ""[-inf, inf]"", ""path_condition"": ""not ((round1.u > 0))"", ""verdict"": ""UNKNOWN"", ""proof"": ""the path depends on quantities the artifact does not determine: (round1.u > 0)"", ""constraints"": ""round1.fac: unbounded"", ""note"": ""an assignment drives the denominator to zero, but whether the division is evaluated there could not be decided from the artifact; this is unresolved, not confirmed""}",/data/mrumoca/eval/results/ibpsa/findings.jsonl
ibpsa,historical-static,IBPSA.Controls.OBC.CDL.Integers.Validation.LessEqualThreshold,2,start-violates-min,high,False,hold-needs-source-and-witness-review,"{""variable"": ""ramp1.duration"", ""start"": 0.0, ""bound"": ""min"", ""limit"": 1e-37}",/data/mrumoca/eval/results/ibpsa/findings.jsonl
ibpsa,historical-static,IBPSA.Controls.OBC.CDL.Integers.Validation.LessEqualThreshold,3,network-boundary-port,low,False,standalone-topology-not-defect-proof,"{""node"": ""intLesEquThr -- ramp1 -- reaToInt -- round1"", ""boundary_connectors"": ""intLesEquThr, ramp1, reaToInt, round1"", ""wired_to"": ""nothing"", ""note"": ""this connector belongs to the model itself, not to a component inside it: the model is an interface compiled on its own, so the node is open on one side. Nothing forces its flow, which is why a structural matching reports an unmatched unknown here. Not a defect in the model""}",/data/mrumoca/eval/results/ibpsa/findings.jsonl
ibpsa,historical-static,IBPSA.Controls.OBC.CDL.Integers.Validation.GreaterEqualThreshold,0,divisor-zero-unresolved,medium,False,hold-needs-source-and-witness-review,"{""denominator"": ""round1.fac"", ""witness"": ""round1.fac = 0"", ""witness_rationale"": ""set to zero"", ""denominator_at_witness"": 0.0, ""denominator_at_declared_values"": 1.0, ""denominator_range"": ""[-inf, inf]"", ""path_condition"": ""((round1.u > 0))"", ""verdict"": ""UNKNOWN"", ""proof"": ""the path depends on quantities the artifact does not determine: (round1.u > 0)"", ""constraints"": ""round1.fac: unbounded"", ""note"": ""an assignment drives the denominator to zero, but whether the division is evaluated there could not be decided from the artifact; this is unresolved, not confirmed""}",/data/mrumoca/eval/results/ibpsa/findings.jsonl
ibpsa,historical-static,IBPSA.Controls.OBC.CDL.Integers.Validation.GreaterEqualThreshold,1,divisor-zero-unresolved,medium,False,hold-needs-source-and-witness-review,"{""denominator"": ""round1.fac"", ""witness"": ""round1.fac = 0"", ""witness_rationale"": ""set to zero"", ""denominator_at_witness"": 0.0, ""denominator_at_declared_values"": 1.0, ""denominator_range"": ""[-inf, inf]"", ""path_condition"": ""not ((round1.u > 0))"", ""verdict"": ""UNKNOWN"", ""proof"": ""the path depends on quantities the artifact does not determine: (round1.u > 0)"", ""constraints"": ""round1.fac: unbounded"", ""note"": ""an assignment drives the denominator to zero, but whether the division is evaluated there could not be decided from the artifact; this is unresolved, not confirmed""}",/data/mrumoca/eval/results/ibpsa/findings.jsonl
ibpsa,historical-static,IBPSA.Controls.OBC.CDL.Integers.Validation.GreaterEqualThreshold,2,start-violates-min,high,False,hold-needs-source-and-witness-review,"{""variable"": ""ramp1.duration"", ""start"": 0.0, ""bound"": ""min"", ""limit"": 1e-37}",/data/mrumoca/eval/results/ibpsa/findings.jsonl
ibpsa,historical-static,IBPSA.Controls.OBC.CDL.Integers.Validation.GreaterEqualThreshold,3,network-boundary-port,low,False,standalone-topology-not-defect-proof,"{""node"": ""intGreEquThr -- ramp1 -- reaToInt -- round1"", ""boundary_connectors"": ""intGreEquThr, ramp1, reaToInt, round1"", ""wired_to"": ""nothing"", ""note"": ""this connector belongs to the model itself, not to a component inside it: the model is an interface compiled on its own, so the node is open on one side. Nothing forces its flow, which is why a structural matching reports an unmatched unknown here. Not a defect in the model""}",/data/mrumoca/eval/results/ibpsa/findings.jsonl
ibpsa,historical-static,IBPSA.Controls.OBC.CDL.Integers.Validation.Min,0,divisor-zero-unresolved,medium,False,hold-needs-source-and-witness-review,"{""denominator"": ""round1.fac"", ""witness"": ""round1.fac = 0"", ""witness_rationale"": ""set to zero"", ""denominator_at_witness"": 0.0, ""denominator_at_declared_values"": 1.0, ""denominator_range"": ""[-inf, inf]"", ""path_condition"": ""((round1.u > 0))"", ""verdict"": ""UNKNOWN"", ""proof"": ""the path depends on quantities the artifact does not determine: (round1.u > 0)"", ""constraints"": ""round1.fac: unbounded"", ""note"": ""an assignment drives the denominator to zero, but whether the division is evaluated there could not be decided from the artifact; this is unresolved, not confirmed""}",/data/mrumoca/eval/results/ibpsa/findings.jsonl
ibpsa,historical-static,IBPSA.Controls.OBC.CDL.Integers.Validation.Min,1,divisor-zero-unresolved,medium,False,hold-needs-source-and-witness-review,"{""denominator"": ""round1.fac"", ""witness"": ""round1.fac = 0"", ""witness_rationale"": ""set to zero"", ""denominator_at_witness"": 0.0, ""denominator_at_declared_values"": 1.0, ""denominator_range"": ""[-inf, inf]"", ""path_condition"": ""not ((round1.u > 0))"", ""verdict"": ""UNKNOWN"", ""proof"": ""the path depends on quantities the artifact does not determine: (round1.u > 0)"", ""constraints"": ""round1.fac: unbounded"", ""note"": ""an assignment drives the denominator to zero, but whether the division is evaluated there could not be decided from the artifact; this is unresolved, not confirmed""}",/data/mrumoca/eval/results/ibpsa/findings.jsonl
ibpsa,historical-static,IBPSA.Controls.OBC.CDL.Integers.Validation.Min,2,divisor-zero-unresolved,medium,False,hold-needs-source-and-witness-review,"{""denominator"": ""round2.fac"", ""witness"": ""round2.fac = 0"", ""witness_rationale"": ""set to zero"", ""denominator_at_witness"": 0.0, ""denominator_at_declared_values"": 1.0, ""denominator_range"": ""[-inf, inf]"", ""path_condition"": ""((round2.u > 0))"", ""verdict"": ""UNKNOWN"", ""proof"": ""the path depends on quantities the artifact does not determine: (round2.u > 0)"", ""constraints"": ""round2.fac: unbounded"", ""note"": ""an assignment drives the denominator to zero, but whether the division is evaluated there could not be decided from the artifact; this is unresolved, not confirmed""}",/data/mrumoca/eval/results/ibpsa/findings.jsonl
ibpsa,historical-static,IBPSA.Controls.OBC.CDL.Integers.Validation.Min,3,divisor-zero-unresolved,medium,False,hold-needs-source-and-witness-review,"{""denominator"": ""round2.fac"", ""witness"": ""round2.fac = 0"", ""witness_rationale"": ""set to zero"", ""denominator_at_witness"": 0.0, ""denominator_at_declared_values"": 1.0, ""denominator_range"": ""[-inf, inf]"", ""path_condition"": ""not ((round2.u > 0))"", ""verdict"": ""UNKNOWN"", ""proof"": ""the path depends on quantities the artifact does not determine: (round2.u > 0)"", ""constraints"": ""round2.fac: unbounded"", ""note"": ""an assignment drives the denominator to zero, but whether the division is evaluated there could not be decided from the artifact; this is unresolved, not confirmed""}",/data/mrumoca/eval/results/ibpsa/findings.jsonl
ibpsa,historical-static,IBPSA.Controls.OBC.CDL.Integers.Validation.Min,4,start-violates-min,high,False,hold-needs-source-and-witness-review,"{""variable"": ""ramp1.duration"", ""start"": 0.0, ""bound"": ""min"", ""limit"": 1e-37}",/data/mrumoca/eval/results/ibpsa/findings.jsonl
ibpsa,historical-static,IBPSA.Controls.OBC.CDL.Integers.Validation.Min,5,start-violates-min,high,False,hold-needs-source-and-witness-review,"{""variable"": ""ramp2.duration"", ""start"": 0.0, ""bound"": ""min"", ""limit"": 1e-37}",/data/mrumoca/eval/results/ibpsa/findings.jsonl
ibpsa,historical-static,IBPSA.Controls.OBC.CDL.Integers.Validation.Min,6,network-boundary-port,low,False,standalone-topology-not-defect-proof,"{""node"": ""min1 -- ramp1 -- ramp2 -- reaToInt -- reaToInt1 -- round1 -- round2"", ""boundary_connectors"": ""min1, ramp1, ramp2, reaToInt, reaToInt1, round1, round2"", ""wired_to"": ""nothing"", ""note"": ""this connector belongs to the model itself, not to a component inside it: the model is an interface compiled on its own, so the node is open on one side. Nothing forces its flow, which is why a structural matching reports an unmatched unknown here. Not a defect in the model""}",/data/mrumoca/eval/results/ibpsa/findings.jsonl
ibpsa,historical-static,IBPSA.Controls.OBC.CDL.Integers.Validation.LessThreshold,0,divisor-zero-unresolved,medium,False,hold-needs-source-and-witness-review,"{""denominator"": ""round1.fac"", ""witness"": ""round1.fac = 0"", ""witness_rationale"": ""set to zero"", ""denominator_at_witness"": 0.0, ""denominator_at_declared_values"": 1.0, ""denominator_range"": ""[-inf, inf]"", ""path_condition"": ""((round1.u > 0))"", ""verdict"": ""UNKNOWN"", ""proof"": ""the path depends on quantities the artifact does not determine: (round1.u > 0)"", ""constraints"": ""round1.fac: unbounded"", ""note"": ""an assignment drives the denominator to zero, but whether the division is evaluated there could not be decided from the artifact; this is unresolved, not confirmed""}",/data/mrumoca/eval/results/ibpsa/findings.jsonl
ibpsa,historical-static,IBPSA.Controls.OBC.CDL.Integers.Validation.LessThreshold,1,divisor-zero-unresolved,medium,False,hold-needs-source-and-witness-review,"{""denominator"": ""round1.fac"", ""witness"": ""round1.fac = 0"", ""witness_rationale"": ""set to zero"", ""denominator_at_witness"": 0.0, ""denominator_at_declared_values"": 1.0, ""denominator_range"": ""[-inf, inf]"", ""path_condition"": ""not ((round1.u > 0))"", ""verdict"": ""UNKNOWN"", ""proof"": ""the path depends on quantities the artifact does not determine: (round1.u > 0)"", ""constraints"": ""round1.fac: unbounded"", ""note"": ""an assignment drives the denominator to zero, but whether the division is evaluated there could not be decided from the artifact; this is unresolved, not confirmed""}",/data/mrumoca/eval/results/ibpsa/findings.jsonl
ibpsa,historical-static,IBPSA.Controls.OBC.CDL.Integers.Validation.LessThreshold,2,start-violates-min,high,False,hold-needs-source-and-witness-review,"{""variable"": ""ramp1.duration"", ""start"": 0.0, ""bound"": ""min"", ""limit"": 1e-37}",/data/mrumoca/eval/results/ibpsa/findings.jsonl
ibpsa,historical-static,IBPSA.Controls.OBC.CDL.Integers.Validation.LessThreshold,3,network-boundary-port,low,False,standalone-topology-not-defect-proof,"{""node"": ""intLesThr -- ramp1 -- reaToInt -- round1"", ""boundary_connectors"": ""intLesThr, ramp1, reaToInt, round1"", ""wired_to"": ""nothing"", ""note"": ""this connector belongs to the model itself, not to a component inside it: the model is an interface compiled on its own, so the node is open on one side. Nothing forces its flow, which is why a structural matching reports an unmatched unknown here. Not a defect in the model""}",/data/mrumoca/eval/results/ibpsa/findings.jsonl
ibpsa,historical-static,IBPSA.Controls.OBC.CDL.Integers.Validation.Abs,0,divisor-zero-unresolved,medium,False,hold-needs-source-and-witness-review,"{""denominator"": ""round1.fac"", ""witness"": ""round1.fac = 0"", ""witness_rationale"": ""set to zero"", ""denominator_at_witness"": 0.0, ""denominator_at_declared_values"": 1.0, ""denominator_range"": ""[-inf, inf]"", ""path_condition"": ""((round1.u > 0))"", ""verdict"": ""UNKNOWN"", ""proof"": ""the path depends on quantities the artifact does not determine: (round1.u > 0)"", ""constraints"": ""round1.fac: unbounded"", ""note"": ""an assignment drives the denominator to zero, but whether the division is evaluated there could not be decided from the artifact; this is unresolved, not confirmed""}",/data/mrumoca/eval/results/ibpsa/findings.jsonl
ibpsa,historical-static,IBPSA.Controls.OBC.CDL.Integers.Validation.Abs,1,divisor-zero-unresolved,medium,False,hold-needs-source-and-witness-review,"{""denominator"": ""round1.fac"", ""witness"": ""round1.fac = 0"", ""witness_rationale"": ""set to zero"", ""denominator_at_witness"": 0.0, ""denominator_at_declared_values"": 1.0, ""denominator_range"": ""[-inf, inf]"", ""path_condition"": ""not ((round1.u > 0))"", ""verdict"": ""UNKNOWN"", ""proof"": ""the path depends on quantities the artifact does not determine: (round1.u > 0)"", ""constraints"": ""round1.fac: unbounded"", ""note"": ""an assignment drives the denominator to zero, but whether the division is evaluated there could not be decided from the artifact; this is unresolved, not confirmed""}",/data/mrumoca/eval/results/ibpsa/findings.jsonl
ibpsa,historical-static,IBPSA.Controls.OBC.CDL.Integers.Validation.Abs,2,start-violates-min,high,False,hold-needs-source-and-witness-review,"{""variable"": ""ramp1.duration"", ""start"": 0.0, ""bound"": ""min"", ""limit"": 1e-37}",/data/mrumoca/eval/results/ibpsa/findings.jsonl
ibpsa,historical-static,IBPSA.Controls.OBC.CDL.Integers.Validation.Abs,3,network-boundary-port,low,False,standalone-topology-not-defect-proof,"{""node"": ""abs1 -- ramp1 -- reaToInt -- round1"", ""boundary_connectors"": ""abs1, ramp1, reaToInt, round1"", ""wired_to"": ""nothing"", ""note"": ""this connector belongs to the model itself, not to a component inside it: the model is an interface compiled on its own, so the node is open on one side. Nothing forces its flow, which is why a structural matching reports an unmatched unknown here. Not a defect in the model""}",/data/mrumoca/eval/results/ibpsa/findings.jsonl
ibpsa,historical-static,IBPSA.Controls.OBC.CDL.Integers.Validation.GreaterThreshold,0,divisor-zero-unresolved,medium,False,hold-needs-source-and-witness-review,"{""denominator"": ""round1.fac"", ""witness"": ""round1.fac = 0"", ""witness_rationale"": ""set to zero"", ""denominator_at_witness"": 0.0, ""denominator_at_declared_values"": 1.0, ""denominator_range"": ""[-inf, inf]"", ""path_condition"": ""((round1.u > 0))"", ""verdict"": ""UNKNOWN"", ""proof"": ""the path depends on quantities the artifact does not determine: (round1.u > 0)"", ""constraints"": ""round1.fac: unbounded"", ""note"": ""an assignment drives the denominator to zero, but whether the division is evaluated there could not be decided from the artifact; this is unresolved, not confirmed""}",/data/mrumoca/eval/results/ibpsa/findings.jsonl
ibpsa,historical-static,IBPSA.Controls.OBC.CDL.Integers.Validation.GreaterThreshold,1,divisor-zero-unresolved,medium,False,hold-needs-source-and-witness-review,"{""denominator"": ""round1.fac"", ""witness"": ""round1.fac = 0"", ""witness_rationale"": ""set to zero"", ""denominator_at_witness"": 0.0, ""denominator_at_declared_values"": 1.0, ""denominator_range"": ""[-inf, inf]"", ""path_condition"": ""not ((round1.u > 0))"", ""verdict"": ""UNKNOWN"", ""proof"": ""the path depends on quantities the artifact does not determine: (round1.u > 0)"", ""constraints"": ""round1.fac: unbounded"", ""note"": ""an assignment drives the denominator to zero, but whether the division is evaluated there could not be decided from the artifact; this is unresolved, not confirmed""}",/data/mrumoca/eval/results/ibpsa/findings.jsonl
ibpsa,historical-static,IBPSA.Controls.OBC.CDL.Integers.Validation.GreaterThreshold,2,start-violates-min,high,False,hold-needs-source-and-witness-review,"{""variable"": ""ramp1.duration"", ""start"": 0.0, ""bound"": ""min"", ""limit"": 1e-37}",/data/mrumoca/eval/results/ibpsa/findings.jsonl
ibpsa,historical-static,IBPSA.Controls.OBC.CDL.Integers.Validation.GreaterThreshold,3,network-boundary-port,low,False,standalone-topology-not-defect-proof,"{""node"": ""intGreThr -- ramp1 -- reaToInt -- round1"", ""boundary_connectors"": ""intGreThr, ramp1, reaToInt, round1"", ""wired_to"": ""nothing"", ""note"": ""this connector belongs to the model itself, not to a component inside it: the model is an interface compiled on its own, so the node is open on one side. Nothing forces its flow, which is why a structural matching reports an unmatched unknown here. Not a defect in the model""}",/data/mrumoca/eval/results/ibpsa/findings.jsonl
ibpsa,historical-static,IBPSA.Controls.OBC.CDL.Integers.Validation.AddParameter,0,divisor-zero-unresolved,medium,False,hold-needs-source-and-witness-review,"{""denominator"": ""round1.fac"", ""witness"": ""round1.fac = 0"", ""witness_rationale"": ""set to zero"", ""denominator_at_witness"": 0.0, ""denominator_at_declared_values"": 1.0, ""denominator_range"": ""[-inf, inf]"", ""path_condition"": ""((round1.u > 0))"", ""verdict"": ""UNKNOWN"", ""proof"": ""the path depends on quantities the artifact does not determine: (round1.u > 0)"", ""constraints"": ""round1.fac: unbounded"", ""note"": ""an assignment drives the denominator to zero, but whether the division is evaluated there could not be decided from the artifact; this is unresolved, not confirmed""}",/data/mrumoca/eval/results/ibpsa/findings.jsonl
ibpsa,historical-static,IBPSA.Controls.OBC.CDL.Integers.Validation.AddParameter,1,divisor-zero-unresolved,medium,False,hold-needs-source-and-witness-review,"{""denominator"": ""round1.fac"", ""witness"": ""round1.fac = 0"", ""witness_rationale"": ""set to zero"", ""denominator_at_witness"": 0.0, ""denominator_at_declared_values"": 1.0, ""denominator_range"": ""[-inf, inf]"", ""path_condition"": ""not ((round1.u > 0))"", ""verdict"": ""UNKNOWN"", ""proof"": ""the path depends on quantities the artifact does not determine: (round1.u > 0)"", ""constraints"": ""round1.fac: unbounded"", ""note"": ""an assignment drives the denominator to zero, but whether the division is evaluated there could not be decided from the artifact; this is unresolved, not confirmed""}",/data/mrumoca/eval/results/ibpsa/findings.jsonl
ibpsa,historical-static,IBPSA.Controls.OBC.CDL.Integers.Validation.AddParameter,2,start-violates-min,high,False,hold-needs-source-and-witness-review,"{""variable"": ""ramp1.duration"", ""start"": 0.0, ""bound"": ""min"", ""limit"": 1e-37}",/data/mrumoca/eval/results/ibpsa/findings.jsonl
ibpsa,historical-static,IBPSA.Controls.OBC.CDL.Integers.Validation.AddParameter,3,network-boundary-port,low,False,standalone-topology-not-defect-proof,"{""node"": ""addPar -- ramp1 -- reaToInt -- round1"", ""boundary_connectors"": ""addPar, ramp1, reaToInt, round1"", ""wired_to"": ""nothing"", ""note"": ""this connector belongs to the model itself, not to a component inside it: the model is an interface compiled on its own, so the node is open on one side. Nothing forces its flow, which is why a structural matching reports an unmatched unknown here. Not a defect in the model""}",/data/mrumoca/eval/results/ibpsa/findings.jsonl
ibpsa,historical-static,IBPSA.Controls.OBC.CDL.Integers.Validation.Max,0,divisor-zero-unresolved,medium,False,hold-needs-source-and-witness-review,"{""denominator"": ""round1.fac"", ""witness"": ""round1.fac = 0"", ""witness_rationale"": ""set to zero"", ""denominator_at_witness"": 0.0, ""denominator_at_declared_values"": 1.0, ""denominator_range"": ""[-inf, inf]"", ""path_condition"": ""((round1.u > 0))"", ""verdict"": ""UNKNOWN"", ""proof"": ""the path depends on quantities the artifact does not determine: (round1.u > 0)"", ""constraints"": ""round1.fac: unbounded"", ""note"": ""an assignment drives the denominator to zero, but whether the division is evaluated there could not be decided from the artifact; this is unresolved, not confirmed""}",/data/mrumoca/eval/results/ibpsa/findings.jsonl
ibpsa,historical-static,IBPSA.Controls.OBC.CDL.Integers.Validation.Max,1,divisor-zero-unresolved,medium,False,hold-needs-source-and-witness-review,"{""denominator"": ""round1.fac"", ""witness"": ""round1.fac = 0"", ""witness_rationale"": ""set to zero"", ""denominator_at_witness"": 0.0, ""denominator_at_declared_values"": 1.0, ""denominator_range"": ""[-inf, inf]"", ""path_condition"": ""not ((round1.u > 0))"", ""verdict"": ""UNKNOWN"", ""proof"": ""the path depends on quantities the artifact does not determine: (round1.u > 0)"", ""constraints"": ""round1.fac: unbounded"", ""note"": ""an assignment drives the denominator to zero, but whether the division is evaluated there could not be decided from the artifact; this is unresolved, not confirmed""}",/data/mrumoca/eval/results/ibpsa/findings.jsonl
ibpsa,historical-static,IBPSA.Controls.OBC.CDL.Integers.Validation.Max,2,divisor-zero-unresolved,medium,False,hold-needs-source-and-witness-review,"{""denominator"": ""round2.fac"", ""witness"": ""round2.fac = 0"", ""witness_rationale"": ""set to zero"", ""denominator_at_witness"": 0.0, ""denominator_at_declared_values"": 1.0, ""denominator_range"": ""[-inf, inf]"", ""path_condition"": ""((round2.u > 0))"", ""verdict"": ""UNKNOWN"", ""proof"": ""the path depends on quantities the artifact does not determine: (round2.u > 0)"", ""constraints"": ""round2.fac: unbounded"", ""note"": ""an assignment drives the denominator to zero, but whether the division is evaluated there could not be decided from the artifact; this is unresolved, not confirmed""}",/data/mrumoca/eval/results/ibpsa/findings.jsonl
ibpsa,historical-static,IBPSA.Controls.OBC.CDL.Integers.Validation.Max,3,divisor-zero-unresolved,medium,False,hold-needs-source-and-witness-review,"{""denominator"": ""round2.fac"", ""witness"": ""round2.fac = 0"", ""witness_rationale"": ""set to zero"", ""denominator_at_witness"": 0.0, ""denominator_at_declared_values"": 1.0, ""denominator_range"": ""[-inf, inf]"", ""path_condition"": ""not ((round2.u > 0))"", ""verdict"": ""UNKNOWN"", ""proof"": ""the path depends on quantities the artifact does not determine: (round2.u > 0)"", ""constraints"": ""round2.fac: unbounded"", ""note"": ""an assignment drives the denominator to zero, but whether the division is evaluated there could not be decided from the artifact; this is unresolved, not confirmed""}",/data/mrumoca/eval/results/ibpsa/findings.jsonl
ibpsa,historical-static,IBPSA.Controls.OBC.CDL.Integers.Validation.Max,4,start-violates-min,high,False,hold-needs-source-and-witness-review,"{""variable"": ""ramp1.duration"", ""start"": 0.0, ""bound"": ""min"", ""limit"": 1e-37}",/data/mrumoca/eval/results/ibpsa/findings.jsonl
ibpsa,historical-static,IBPSA.Controls.OBC.CDL.Integers.Validation.Max,5,start-violates-min,high,False,hold-needs-source-and-witness-review,"{""variable"": ""ramp2.duration"", ""start"": 0.0, ""bound"": ""min"", ""limit"": 1e-37}",/data/mrumoca/eval/results/ibpsa/findings.jsonl
ibpsa,historical-static,IBPSA.Controls.OBC.CDL.Integers.Validation.Max,6,network-boundary-port,low,False,standalone-topology-not-defect-proof,"{""node"": ""max1 -- ramp1 -- ramp2 -- reaToInt -- reaToInt1 -- round1 -- round2"", ""boundary_connectors"": ""max1, ramp1, ramp2, reaToInt, reaToInt1, round1, round2"", ""wired_to"": ""nothing"", ""note"": ""this connector belongs to the model itself, not to a component inside it: the model is an interface compiled on its own, so the node is open on one side. Nothing forces its flow, which is why a structural matching reports an unmatched unknown here. Not a defect in the model""}",/data/mrumoca/eval/results/ibpsa/findings.jsonl
ibpsa,historical-static,IBPSA.Controls.OBC.CDL.Integers.Validation.MultiSum,0,divisor-zero-unresolved,medium,False,hold-needs-source-and-witness-review,"{""denominator"": ""round1.fac"", ""witness"": ""round1.fac = 0"", ""witness_rationale"": ""set to zero"", ""denominator_at_witness"": 0.0, ""denominator_at_declared_values"": 1.0, ""denominator_range"": ""[-inf, inf]"", ""path_condition"": ""((round1.u > 0))"", ""verdict"": ""UNKNOWN"", ""proof"": ""the path depends on quantities the artifact does not determine: (round1.u > 0)"", ""constraints"": ""round1.fac: unbounded"", ""note"": ""an assignment drives the denominator to zero, but whether the division is evaluated there could not be decided from the artifact; this is unresolved, not confirmed""}",/data/mrumoca/eval/results/ibpsa/findings.jsonl
ibpsa,historical-static,IBPSA.Controls.OBC.CDL.Integers.Validation.MultiSum,1,divisor-zero-unresolved,medium,False,hold-needs-source-and-witness-review,"{""denominator"": ""round1.fac"", ""witness"": ""round1.fac = 0"", ""witness_rationale"": ""set to zero"", ""denominator_at_witness"": 0.0, ""denominator_at_declared_values"": 1.0, ""denominator_range"": ""[-inf, inf]"", ""path_condition"": ""not ((round1.u > 0))"", ""verdict"": ""UNKNOWN"", ""proof"": ""the path depends on quantities the artifact does not determine: (round1.u > 0)"", ""constraints"": ""round1.fac: unbounded"", ""note"": ""an assignment drives the denominator to zero, but whether the division is evaluated there could not be decided from the artifact; this is unresolved, not confirmed""}",/data/mrumoca/eval/results/ibpsa/findings.jsonl
ibpsa,historical-static,IBPSA.Controls.OBC.CDL.Integers.Validation.MultiSum,2,divisor-zero-unresolved,medium,False,hold-needs-source-and-witness-review,"{""denominator"": ""round2.fac"", ""witness"": ""round2.fac = 0"", ""witness_rationale"": ""set to zero"", ""denominator_at_witness"": 0.0, ""denominator_at_declared_values"": 1.0, ""denominator_range"": ""[-inf, inf]"", ""path_condition"": ""((round2.u > 0))"", ""verdict"": ""UNKNOWN"", ""proof"": ""the path depends on quantities the artifact does not determine: (round2.u > 0)"", ""constraints"": ""round2.fac: unbounded"", ""note"": ""an assignment drives the denominator to zero, but whether the division is evaluated there could not be decided from the artifact; this is unresolved, not confirmed""}",/data/mrumoca/eval/results/ibpsa/findings.jsonl
ibpsa,historical-static,IBPSA.Controls.OBC.CDL.Integers.Validation.MultiSum,3,divisor-zero-unresolved,medium,False,hold-needs-source-and-witness-review,"{""denominator"": ""round2.fac"", ""witness"": ""round2.fac = 0"", ""witness_rationale"": ""set to zero"", ""denominator_at_witness"": 0.0, ""denominator_at_declared_values"": 1.0, ""denominator_range"": ""[-inf, inf]"", ""path_condition"": ""not ((round2.u > 0))"", ""verdict"": ""UNKNOWN"", ""proof"": ""the path depends on quantities the artifact does not determine: (round2.u > 0)"", ""constraints"": ""round2.fac: unbounded"", ""note"": ""an assignment drives the denominator to zero, but whether the division is evaluated there could not be decided from the artifact; this is unresolved, not confirmed""}",/data/mrumoca/eval/results/ibpsa/findings.jsonl
ibpsa,historical-static,IBPSA.Controls.OBC.CDL.Integers.Validation.MultiSum,4,divisor-zero-unresolved,medium,False,hold-needs-source-and-witness-review,"{""denominator"": ""round3.fac"", ""witness"": ""round3.fac = 0"", ""witness_rationale"": ""set to zero"", ""denominator_at_witness"": 0.0, ""denominator_at_declared_values"": 1.0, ""denominator_range"": ""[-inf, inf]"", ""path_condition"": ""((round3.u > 0))"", ""verdict"": ""UNKNOWN"", ""proof"": ""the path depends on quantities the artifact does not determine: (round3.u > 0)"", ""constraints"": ""round3.fac: unbounded"", ""note"": ""an assignment drives the denominator to zero, but whether the division is evaluated there could not be decided from the artifact; this is unresolved, not confirmed""}",/data/mrumoca/eval/results/ibpsa/findings.jsonl
ibpsa,historical-static,IBPSA.Controls.OBC.CDL.Integers.Validation.MultiSum,5,divisor-zero-unresolved,medium,False,hold-needs-source-and-witness-review,"{""denominator"": ""round3.fac"", ""witness"": ""round3.fac = 0"", ""witness_rationale"": ""set to zero"", ""denominator_at_witness"": 0.0, ""denominator_at_declared_values"": 1.0, ""denominator_range"": ""[-inf, inf]"", ""path_condition"": ""not ((round3.u > 0))"", ""verdict"": ""UNKNOWN"", ""proof"": ""the path depends on quantities the artifact does not determine: (round3.u > 0)"", ""constraints"": ""round3.fac: unbounded"", ""note"": ""an assignment drives the denominator to zero, but whether the division is evaluated there could not be decided from the artifact; this is unresolved, not confirmed""}",/data/mrumoca/eval/results/ibpsa/findings.jsonl
ibpsa,historical-static,IBPSA.Controls.OBC.CDL.Integers.Validation.MultiSum,6,start-violates-min,high,False,hold-needs-source-and-witness-review,"{""variable"": ""ramp1.duration"", ""start"": 0.0, ""bound"": ""min"", ""limit"": 1e-37}",/data/mrumoca/eval/results/ibpsa/findings.jsonl
ibpsa,historical-static,IBPSA.Controls.OBC.CDL.Integers.Validation.MultiSum,7,start-violates-min,high,False,hold-needs-source-and-witness-review,"{""variable"": ""ramp2.duration"", ""start"": 0.0, ""bound"": ""min"", ""limit"": 1e-37}",/data/mrumoca/eval/results/ibpsa/findings.jsonl
ibpsa,historical-static,IBPSA.Controls.OBC.CDL.Integers.Validation.MultiSum,8,start-violates-min,high,False,hold-needs-source-and-witness-review,"{""variable"": ""ramp3.duration"", ""start"": 0.0, ""bound"": ""min"", ""limit"": 1e-37}",/data/mrumoca/eval/results/ibpsa/findings.jsonl
ibpsa,historical-static,IBPSA.Controls.OBC.CDL.Integers.Validation.MultiSum,9,network-boundary-port,low,False,standalone-topology-not-defect-proof,"{""node"": ""add1 -- ramp1 -- ramp2 -- ramp3 -- reaToInt -- reaToInt1 -- reaToInt2 -- round1 -- round2 -- round3"", ""boundary_connectors"": ""add1, ramp1, ramp2, ramp3, reaToInt, reaToInt1, reaToInt2, round1, round2, round3"", ""wired_to"": ""nothing"", ""note"": ""this connector belongs to the model itself, not to a component inside it: the model is an interface compiled on its own, so the node is open on one side. Nothing forces its flow, which is why a structural matching reports an unmatched unknown here. Not a defect in the model""}",/data/mrumoca/eval/results/ibpsa/findings.jsonl
ibpsa,historical-static,IBPSA.Controls.OBC.CDL.Integers.Validation.LessEqual,0,divisor-zero-unresolved,medium,False,hold-needs-source-and-witness-review,"{""denominator"": ""round1.fac"", ""witness"": ""round1.fac = 0"", ""witness_rationale"": ""set to zero"", ""denominator_at_witness"": 0.0, ""denominator_at_declared_values"": 1.0, ""denominator_range"": ""[-inf, inf]"", ""path_condition"": ""((round1.u > 0))"", ""verdict"": ""UNKNOWN"", ""proof"": ""the path depends on quantities the artifact does not determine: (round1.u > 0)"", ""constraints"": ""round1.fac: unbounded"", ""note"": ""an assignment drives the denominator to zero, but whether the division is evaluated there could not be decided from the artifact; this is unresolved, not confirmed""}",/data/mrumoca/eval/results/ibpsa/findings.jsonl
ibpsa,historical-static,IBPSA.Controls.OBC.CDL.Integers.Validation.LessEqual,1,divisor-zero-unresolved,medium,False,hold-needs-source-and-witness-review,"{""denominator"": ""round1.fac"", ""witness"": ""round1.fac = 0"", ""witness_rationale"": ""set to zero"", ""denominator_at_witness"": 0.0, ""denominator_at_declared_values"": 1.0, ""denominator_range"": ""[-inf, inf]"", ""path_condition"": ""not ((round1.u > 0))"", ""verdict"": ""UNKNOWN"", ""proof"": ""the path depends on quantities the artifact does not determine: (round1.u > 0)"", ""constraints"": ""round1.fac: unbounded"", ""note"": ""an assignment drives the denominator to zero, but whether the division is evaluated there could not be decided from the artifact; this is unresolved, not confirmed""}",/data/mrumoca/eval/results/ibpsa/findings.jsonl
ibpsa,historical-static,IBPSA.Controls.OBC.CDL.Integers.Validation.LessEqual,2,divisor-zero-unresolved,medium,False,hold-needs-source-and-witness-review,"{""denominator"": ""round2.fac"", ""witness"": ""round2.fac = 0"", ""witness_rationale"": ""set to zero"", ""denominator_at_witness"": 0.0, ""denominator_at_declared_values"": 1.0, ""denominator_range"": ""[-inf, inf]"", ""path_condition"": ""((round2.u > 0))"", ""verdict"": ""UNKNOWN"", ""proof"": ""the path depends on quantities the artifact does not determine: (round2.u > 0)"", ""constraints"": ""round2.fac: unbounded"", ""note"": ""an assignment drives the denominator to zero, but whether the division is evaluated there could not be decided from the artifact; this is unresolved, not confirmed""}",/data/mrumoca/eval/results/ibpsa/findings.jsonl
ibpsa,historical-static,IBPSA.Controls.OBC.CDL.Integers.Validation.LessEqual,3,divisor-zero-unresolved,medium,False,hold-needs-source-and-witness-review,"{""denominator"": ""round2.fac"", ""witness"": ""round2.fac = 0"", ""witness_rationale"": ""set to zero"", ""denominator_at_witness"": 0.0, ""denominator_at_declared_values"": 1.0, ""denominator_range"": ""[-inf, inf]"", ""path_condition"": ""not ((round2.u > 0))"", ""verdict"": ""UNKNOWN"", ""proof"": ""the path depends on quantities the artifact does not determine: (round2.u > 0)"", ""constraints"": ""round2.fac: unbounded"", ""note"": ""an assignment drives the denominator to zero, but whether the division is evaluated there could not be decided from the artifact; this is unresolved, not confirmed""}",/data/mrumoca/eval/results/ibpsa/findings.jsonl
ibpsa,historical-static,IBPSA.Controls.OBC.CDL.Integers.Validation.LessEqual,4,start-violates-min,high,False,hold-needs-source-and-witness-review,"{""variable"": ""ramp1.duration"", ""start"": 0.0, ""bound"": ""min"", ""limit"": 1e-37}",/data/mrumoca/eval/results/ibpsa/findings.jsonl
ibpsa,historical-static,IBPSA.Controls.OBC.CDL.Integers.Validation.LessEqual,5,start-violates-min,high,False,hold-needs-source-and-witness-review,"{""variable"": ""ramp2.duration"", ""start"": 0.0, ""bound"": ""min"", ""limit"": 1e-37}",/data/mrumoca/eval/results/ibpsa/findings.jsonl
ibpsa,historical-static,IBPSA.Controls.OBC.CDL.Integers.Validation.LessEqual,6,network-boundary-port,low,False,standalone-topology-not-defect-proof,"{""node"": ""intLesEqu -- ramp1 -- ramp2 -- reaToInt -- reaToInt1 -- round1 -- round2"", ""boundary_connectors"": ""intLesEqu, ramp1, ramp2, reaToInt, reaToInt1, round1, round2"", ""wired_to"": ""nothing"", ""note"": ""this connector belongs to the model itself, not to a component inside it: the model is an interface compiled on its own, so the node is open on one side. Nothing forces its flow, which is why a structural matching reports an unmatched unknown here. Not a defect in the model""}",/data/mrumoca/eval/results/ibpsa/findings.jsonl
ibpsa,historical-static,IBPSA.Controls.OBC.CDL.Integers.Validation.Subtract,0,divisor-zero-unresolved,medium,False,hold-needs-source-and-witness-review,"{""denominator"": ""round1.fac"", ""witness"": ""round1.fac = 0"", ""witness_rationale"": ""set to zero"", ""denominator_at_witness"": 0.0, ""denominator_at_declared_values"": 1.0, ""denominator_range"": ""[-inf, inf]"", ""path_condition"": ""((round1.u > 0))"", ""verdict"": ""UNKNOWN"", ""proof"": ""the path depends on quantities the artifact does not determine: (round1.u > 0)"", ""constraints"": ""round1.fac: unbounded"", ""note"": ""an assignment drives the denominator to zero, but whether the division is evaluated there could not be decided from the artifact; this is unresolved, not confirmed""}",/data/mrumoca/eval/results/ibpsa/findings.jsonl
ibpsa,historical-static,IBPSA.Controls.OBC.CDL.Integers.Validation.Subtract,1,divisor-zero-unresolved,medium,False,hold-needs-source-and-witness-review,"{""denominator"": ""round1.fac"", ""witness"": ""round1.fac = 0"", ""witness_rationale"": ""set to zero"", ""denominator_at_witness"": 0.0, ""denominator_at_declared_values"": 1.0, ""denominator_range"": ""[-inf, inf]"", ""path_condition"": ""not ((round1.u > 0))"", ""verdict"": ""UNKNOWN"", ""proof"": ""the path depends on quantities the artifact does not determine: (round1.u > 0)"", ""constraints"": ""round1.fac: unbounded"", ""note"": ""an assignment drives the denominator to zero, but whether the division is evaluated there could not be decided from the artifact; this is unresolved, not confirmed""}",/data/mrumoca/eval/results/ibpsa/findings.jsonl
ibpsa,historical-static,IBPSA.Controls.OBC.CDL.Integers.Validation.Subtract,2,divisor-zero-unresolved,medium,False,hold-needs-source-and-witness-review,"{""denominator"": ""round2.fac"", ""witness"": ""round2.fac = 0"", ""witness_rationale"": ""set to zero"", ""denominator_at_witness"": 0.0, ""denominator_at_declared_values"": 1.0, ""denominator_range"": ""[-inf, inf]"", ""path_condition"": ""((round2.u > 0))"", ""verdict"": ""UNKNOWN"", ""proof"": ""the path depends on quantities the artifact does not determine: (round2.u > 0)"", ""constraints"": ""round2.fac: unbounded"", ""note"": ""an assignment drives the denominator to zero, but whether the division is evaluated there could not be decided from the artifact; this is unresolved, not confirmed""}",/data/mrumoca/eval/results/ibpsa/findings.jsonl
ibpsa,historical-static,IBPSA.Controls.OBC.CDL.Integers.Validation.Subtract,3,divisor-zero-unresolved,medium,False,hold-needs-source-and-witness-review,"{""denominator"": ""round2.fac"", ""witness"": ""round2.fac = 0"", ""witness_rationale"": ""set to zero"", ""denominator_at_witness"": 0.0, ""denominator_at_declared_values"": 1.0, ""denominator_range"": ""[-inf, inf]"", ""path_condition"": ""not ((round2.u > 0))"", ""verdict"": ""UNKNOWN"", ""proof"": ""the path depends on quantities the artifact does not determine: (round2.u > 0)"", ""constraints"": ""round2.fac: unbounded"", ""note"": ""an assignment drives the denominator to zero, but whether the division is evaluated there could not be decided from the artifact; this is unresolved, not confirmed""}",/data/mrumoca/eval/results/ibpsa/findings.jsonl
ibpsa,historical-static,IBPSA.Controls.OBC.CDL.Integers.Validation.Subtract,4,start-violates-min,high,False,hold-needs-source-and-witness-review,"{""variable"": ""ramp1.duration"", ""start"": 0.0, ""bound"": ""min"", ""limit"": 1e-37}",/data/mrumoca/eval/results/ibpsa/findings.jsonl
ibpsa,historical-static,IBPSA.Controls.OBC.CDL.Integers.Validation.Subtract,5,start-violates-min,high,False,hold-needs-source-and-witness-review,"{""variable"": ""ramp2.duration"", ""start"": 0.0, ""bound"": ""min"", ""limit"": 1e-37}",/data/mrumoca/eval/results/ibpsa/findings.jsonl
ibpsa,historical-static,IBPSA.Controls.OBC.CDL.Integers.Validation.Subtract,6,network-boundary-port,low,False,standalone-topology-not-defect-proof,"{""node"": ""ramp1 -- ramp2 -- reaToInt -- reaToInt1 -- round1 -- round2 -- sub"", ""boundary_connectors"": ""ramp1, ramp2, reaToInt, reaToInt1, round1, round2, sub"", ""wired_to"": ""nothing"", ""note"": ""this connector belongs to the model itself, not to a component inside it: the model is an interface compiled on its own, so the node is open on one side. Nothing forces its flow, which is why a structural matching reports an unmatched unknown here. Not a defect in the model""}",/data/mrumoca/eval/results/ibpsa/findings.jsonl
ibpsa,historical-static,IBPSA.Controls.OBC.CDL.Logical.Sources.Validation.SampleTrigger,0,start-violates-min,high,False,hold-needs-source-and-witness-review,"{""variable"": ""samTri.period"", ""start"": 0.0, ""bound"": ""min"", ""limit"": 1e-37}",/data/mrumoca/eval/results/ibpsa/findings.jsonl
ibpsa,historical-static,IBPSA.Controls.OBC.CDL.Logical.Sources.Validation.SampleTrigger,1,start-violates-min,high,False,hold-needs-source-and-witness-review,"{""variable"": ""ramp.duration"", ""start"": 0.0, ""bound"": ""min"", ""limit"": 1e-37}",/data/mrumoca/eval/results/ibpsa/findings.jsonl
ibpsa,historical-static,IBPSA.Controls.OBC.CDL.Logical.Sources.Validation.SampleTrigger,2,start-violates-min,high,False,hold-needs-source-and-witness-review,"{""variable"": ""samTri1.period"", ""start"": 0.0, ""bound"": ""min"", ""limit"": 1e-37}",/data/mrumoca/eval/results/ibpsa/findings.jsonl
ibpsa,historical-static,IBPSA.Controls.OBC.CDL.Logical.Sources.Validation.SampleTrigger,3,network-boundary-port,low,False,standalone-topology-not-defect-proof,"{""node"": ""ramp -- samTri -- samTri1 -- triggeredSampler -- triggeredSampler1"", ""boundary_connectors"": ""ramp, samTri, samTri1, triggeredSampler, triggeredSampler1"", ""wired_to"": ""nothing"", ""note"": ""this connector belongs to the model itself, not to a component inside it: the model is an interface compiled on its own, so the node is open on one side. Nothing forces its flow, which is why a structural matching reports an unmatched unknown here. Not a defect in the model""}",/data/mrumoca/eval/results/ibpsa/findings.jsonl
ibpsa,historical-static,IBPSA.Controls.OBC.CDL.Logical.Sources.Validation.SampleTriggerNegativeStartTime,0,start-violates-min,high,False,hold-needs-source-and-witness-review,"{""variable"": ""samTri.period"", ""start"": 0.0, ""bound"": ""min"", ""limit"": 1e-37}",/data/mrumoca/eval/results/ibpsa/findings.jsonl
ibpsa,historical-static,IBPSA.Controls.OBC.CDL.Logical.Sources.Validation.SampleTriggerNegativeStartTime,1,start-violates-min,high,False,hold-needs-source-and-witness-review,"{""variable"": ""ramp.duration"", ""start"": 0.0, ""bound"": ""min"", ""limit"": 1e-37}",/data/mrumoca/eval/results/ibpsa/findings.jsonl
ibpsa,historical-static,IBPSA.Controls.OBC.CDL.Logical.Sources.Validation.SampleTriggerNegativeStartTime,2,start-violates-min,high,False,hold-needs-source-and-witness-review,"{""variable"": ""samTri1.period"", ""start"": 0.0, ""bound"": ""min"", ""limit"": 1e-37}",/data/mrumoca/eval/results/ibpsa/findings.jsonl
ibpsa,historical-static,IBPSA.Controls.OBC.CDL.Logical.Sources.Validation.SampleTriggerNegativeStartTime,3,network-boundary-port,low,False,standalone-topology-not-defect-proof,"{""node"": ""ramp -- samTri -- samTri1 -- triggeredSampler -- triggeredSampler1"", ""boundary_connectors"": ""ramp, samTri, samTri1, triggeredSampler, triggeredSampler1"", ""wired_to"": ""nothing"", ""note"": ""this connector belongs to the model itself, not to a component inside it: the model is an interface compiled on its own, so the node is open on one side. Nothing forces its flow, which is why a structural matching reports an unmatched unknown here. Not a defect in the model""}",/data/mrumoca/eval/results/ibpsa/findings.jsonl
ibpsa,historical-static,IBPSA.Controls.OBC.CDL.Logical.Sources.Validation.SampleTriggerPositiveStartTime,0,start-violates-min,high,False,hold-needs-source-and-witness-review,"{""variable"": ""samTri.period"", ""start"": 0.0, ""bound"": ""min"", ""limit"": 1e-37}",/data/mrumoca/eval/results/ibpsa/findings.jsonl
ibpsa,historical-static,IBPSA.Controls.OBC.CDL.Logical.Sources.Validation.SampleTriggerPositiveStartTime,1,start-violates-min,high,False,hold-needs-source-and-witness-review,"{""variable"": ""ramp.duration"", ""start"": 0.0, ""bound"": ""min"", ""limit"": 1e-37}",/data/mrumoca/eval/results/ibpsa/findings.jsonl
ibpsa,historical-static,IBPSA.Controls.OBC.CDL.Logical.Sources.Validation.SampleTriggerPositiveStartTime,2,start-violates-min,high,False,hold-needs-source-and-witness-review,"{""variable"": ""samTri1.period"", ""start"": 0.0, ""bound"": ""min"", ""limit"": 1e-37}",/data/mrumoca/eval/results/ibpsa/findings.jsonl
ibpsa,historical-static,IBPSA.Controls.OBC.CDL.Logical.Sources.Validation.SampleTriggerPositiveStartTime,3,network-boundary-port,low,False,standalone-topology-not-defect-proof,"{""node"": ""ramp -- samTri -- samTri1 -- triggeredSampler -- triggeredSampler1"", ""boundary_connectors"": ""ramp, samTri, samTri1, triggeredSampler, triggeredSampler1"", ""wired_to"": ""nothing"", ""note"": ""this connector belongs to the model itself, not to a component inside it: the model is an interface compiled on its own, so the node is open on one side. Nothing forces its flow, which is why a structural matching reports an unmatched unknown here. Not a defect in the model""}",/data/mrumoca/eval/results/ibpsa/findings.jsonl
ibpsa,historical-static,IBPSA.Controls.OBC.CDL.Psychrometrics.SpecificEnthalpy_TDryBulPhi,0,quantity-missing,low,False,advisory-or-explicit-non-defect,"{""unit"": ""degC"", ""count"": 1, ""declarations"": ""TDryBul_degC"", ""note"": ""a unit is declared without a quantity, so nothing states what is being measured and no rule keyed on quantity can apply to it""}",/data/mrumoca/eval/results/ibpsa/findings.jsonl
ibpsa,historical-static,IBPSA.Controls.OBC.CDL.Psychrometrics.SpecificEnthalpy_TDryBulPhi,1,non-square-block,medium,False,hold-needs-source-and-witness-review,"{""block"": 0, ""equations"": 4, ""variables"": 6}",/data/mrumoca/eval/results/ibpsa/findings.jsonl
ibpsa,historical-static,IBPSA.Controls.OBC.CDL.Logical.Timer,0,non-square-block,medium,False,hold-needs-source-and-witness-review,"{""block"": 0, ""equations"": 4, ""variables"": 3}",/data/mrumoca/eval/results/ibpsa/findings.jsonl
ibpsa,historical-static,IBPSA.Controls.OBC.CDL.Logical.Timer,1,UNMATCHED_EQUATION,high,False,hold-needs-source-and-witness-review,"{""equation"": ""?"", ""scalar_rows"": 1, ""rows_matched"": 0, ""confidence"": ""high"", ""result"": ""STRUCTURAL_MATCH_FAILURE"", ""note"": ""this constraint has no unknown left to determine; the region is over-constrained""}",/data/mrumoca/eval/results/ibpsa/findings.jsonl
ibpsa,historical-static,IBPSA.Controls.OBC.CDL.Logical.Timer,2,UNMATCHED_EQUATION,high,False,hold-needs-source-and-witness-review,"{""equation"": ""?"", ""scalar_rows"": 1, ""rows_matched"": 0, ""confidence"": ""high"", ""result"": ""STRUCTURAL_MATCH_FAILURE"", ""note"": ""this constraint has no unknown left to determine; the region is over-constrained""}",/data/mrumoca/eval/results/ibpsa/findings.jsonl
ibpsa,historical-static,IBPSA.Controls.OBC.CDL.Psychrometrics.Validation.DewPoint_TDryBulPhi,0,start-violates-min,high,False,hold-needs-source-and-witness-review,"{""variable"": ""dewBulPhi.TDryBul"", ""start"": 0.0, ""bound"": ""min"", ""limit"": 100}",/data/mrumoca/eval/results/ibpsa/findings.jsonl
ibpsa,historical-static,IBPSA.Controls.OBC.CDL.Psychrometrics.Validation.DewPoint_TDryBulPhi,1,start-violates-min,high,False,hold-needs-source-and-witness-review,"{""variable"": ""dewBulPhi.TDewPoi"", ""start"": 0.0, ""bound"": ""min"", ""limit"": 100}",/data/mrumoca/eval/results/ibpsa/findings.jsonl
ibpsa,historical-static,IBPSA.Controls.OBC.CDL.Psychrometrics.Validation.DewPoint_TDryBulPhi,2,start-violates-min,high,False,hold-needs-source-and-witness-review,"{""variable"": ""dewBulPhi1.TDryBul"", ""start"": 0.0, ""bound"": ""min"", ""limit"": 100}",/data/mrumoca/eval/results/ibpsa/findings.jsonl
ibpsa,historical-static,IBPSA.Controls.OBC.CDL.Psychrometrics.Validation.DewPoint_TDryBulPhi,3,start-violates-min,high,False,hold-needs-source-and-witness-review,"{""variable"": ""dewBulPhi1.TDewPoi"", ""start"": 0.0, ""bound"": ""min"", ""limit"": 100}",/data/mrumoca/eval/results/ibpsa/findings.jsonl
ibpsa,historical-static,IBPSA.Controls.OBC.CDL.Psychrometrics.Validation.DewPoint_TDryBulPhi,4,start-violates-min,high,False,hold-needs-source-and-witness-review,"{""variable"": ""phi.duration"", ""start"": 0.0, ""bound"": ""min"", ""limit"": 1e-37}",/data/mrumoca/eval/results/ibpsa/findings.jsonl
ibpsa,historical-static,IBPSA.Controls.OBC.CDL.Psychrometrics.Validation.DewPoint_TDryBulPhi,5,start-violates-min,high,False,hold-needs-source-and-witness-review,"{""variable"": ""TDryBul2.duration"", ""start"": 0.0, ""bound"": ""min"", ""limit"": 1e-37}",/data/mrumoca/eval/results/ibpsa/findings.jsonl
ibpsa,historical-static,IBPSA.Controls.OBC.CDL.Psychrometrics.Validation.DewPoint_TDryBulPhi,6,network-boundary-port,low,False,standalone-topology-not-defect-proof,"{""node"": ""TDryBul -- dewBulPhi -- phi"", ""boundary_connectors"": ""TDryBul, dewBulPhi, phi"", ""wired_to"": ""nothing"", ""note"": ""this connector belongs to the model itself, not to a component inside it: the model is an interface compiled on its own, so the node is open on one side. Nothing forces its flow, which is why a structural matching reports an unmatched unknown here. Not a defect in the model""}",/data/mrumoca/eval/results/ibpsa/findings.jsonl
ibpsa,historical-static,IBPSA.Controls.OBC.CDL.Psychrometrics.Validation.DewPoint_TDryBulPhi,7,network-boundary-port,low,False,standalone-topology-not-defect-proof,"{""node"": ""TDryBul2 -- dewBulPhi1 -- phi2"", ""boundary_connectors"": ""TDryBul2, dewBulPhi1, phi2"", ""wired_to"": ""nothing"", ""note"": ""this connector belongs to the model itself, not to a component inside it: the model is an interface compiled on its own, so the node is open on one side. Nothing forces its flow, which is why a structural matching reports an unmatched unknown here. Not a defect in the model""}",/data/mrumoca/eval/results/ibpsa/findings.jsonl
ibpsa,historical-static,IBPSA.Controls.OBC.CDL.Logical.VariablePulse.Cycle,0,divisor-zero-at-declared-values,high,False,hold-check-unset-parameters-and-inputs,"{""denominator"": ""period"", ""witness"": ""none needed"", ""witness_rationale"": ""the denominator is zero as declared"", ""denominator_at_witness"": 0.0, ""denominator_at_declared_values"": 0.0, ""denominator_range"": """", ""path_condition"": ""always evaluated"", ""verdict"": ""SAT"", ""proof"": ""no assignment is needed: the denominator is zero at the model's own declared values"", ""constraints"": """", ""note"": ""the division fails without anything being changed, so no parameter can be blamed and none needs to be""}",/data/mrumoca/eval/results/ibpsa/findings.jsonl
ibpsa,historical-static,IBPSA.Controls.OBC.CDL.Logical.VariablePulse.Cycle,1,start-violates-min,high,False,hold-needs-source-and-witness-review,"{""variable"": ""period"", ""start"": 0.0, ""bound"": ""min"", ""limit"": 1e-37}",/data/mrumoca/eval/results/ibpsa/findings.jsonl
ibpsa,historical-static,IBPSA.Controls.OBC.CDL.Logical.VariablePulse.Cycle,2,start-violates-min,high,False,hold-needs-source-and-witness-review,"{""variable"": ""minTruFalHol"", ""start"": 0.0, ""bound"": ""min"", ""limit"": 1e-37}",/data/mrumoca/eval/results/ibpsa/findings.jsonl
ibpsa,historical-static,IBPSA.Controls.OBC.CDL.Logical.VariablePulse.Cycle,3,non-square-block,medium,False,hold-needs-source-and-witness-review,"{""block"": 0, ""equations"": 3, ""variables"": 4}",/data/mrumoca/eval/results/ibpsa/findings.jsonl
ibpsa,historical-static,IBPSA.Controls.OBC.CDL.Psychrometrics.Validation.SpecificEnthalpy_TDryBulPhi,0,start-violates-min,high,False,hold-needs-source-and-witness-review,"{""variable"": ""hBulPhi.TDryBul"", ""start"": 0.0, ""bound"": ""min"", ""limit"": 100}",/data/mrumoca/eval/results/ibpsa/findings.jsonl
ibpsa,historical-static,IBPSA.Controls.OBC.CDL.Psychrometrics.Validation.SpecificEnthalpy_TDryBulPhi,1,start-violates-min,high,False,hold-needs-source-and-witness-review,"{""variable"": ""phi.duration"", ""start"": 0.0, ""bound"": ""min"", ""limit"": 1e-37}",/data/mrumoca/eval/results/ibpsa/findings.jsonl
ibpsa,historical-static,IBPSA.Controls.OBC.CDL.Psychrometrics.Validation.SpecificEnthalpy_TDryBulPhi,2,network-boundary-port,low,False,standalone-topology-not-defect-proof,"{""node"": ""TDryBul -- hBulPhi -- phi"", ""boundary_connectors"": ""TDryBul, hBulPhi, phi"", ""wired_to"": ""nothing"", ""note"": ""this connector belongs to the model itself, not to a component inside it: the model is an interface compiled on its own, so the node is open on one side. Nothing forces its flow, which is why a structural matching reports an unmatched unknown here. Not a defect in the model""}",/data/mrumoca/eval/results/ibpsa/findings.jsonl
ibpsa,historical-static,IBPSA.Controls.OBC.CDL.Psychrometrics.Validation.SpecificEnthalpy_TDryBulPhi,3,quantity-missing,low,False,advisory-or-explicit-non-defect,"{""unit"": ""degC"", ""count"": 1, ""declarations"": ""hBulPhi.TDryBul_degC"", ""note"": ""a unit is declared without a quantity, so nothing states what is being measured and no rule keyed on quantity can apply to it""}",/data/mrumoca/eval/results/ibpsa/findings.jsonl
ibpsa,historical-static,IBPSA.Controls.OBC.CDL.Psychrometrics.WetBulb_TDryBulPhi,0,start-violates-min,high,False,hold-needs-source-and-witness-review,"{""variable"": ""TWetBul"", ""start"": 0.0, ""bound"": ""min"", ""limit"": 100}",/data/mrumoca/eval/results/ibpsa/findings.jsonl
ibpsa,historical-static,IBPSA.Controls.OBC.CDL.Psychrometrics.WetBulb_TDryBulPhi,1,quantity-missing,low,False,advisory-or-explicit-non-defect,"{""unit"": ""degC"", ""count"": 1, ""declarations"": ""TDryBul_degC"", ""note"": ""a unit is declared without a quantity, so nothing states what is being measured and no rule keyed on quantity can apply to it""}",/data/mrumoca/eval/results/ibpsa/findings.jsonl
ibpsa,historical-static,IBPSA.Controls.OBC.CDL.Psychrometrics.WetBulb_TDryBulPhi,2,non-square-block,medium,False,hold-needs-source-and-witness-review,"{""block"": 0, ""equations"": 3, ""variables"": 5}",/data/mrumoca/eval/results/ibpsa/findings.jsonl
ibpsa,historical-static,IBPSA.Controls.OBC.CDL.Psychrometrics.Validation.WetBulb_TDryBulPhi,0,start-violates-min,high,False,hold-needs-source-and-witness-review,"{""variable"": ""wetBulPhi.TDryBul"", ""start"": 0.0, ""bound"": ""min"", ""limit"": 100}",/data/mrumoca/eval/results/ibpsa/findings.jsonl
ibpsa,historical-static,IBPSA.Controls.OBC.CDL.Psychrometrics.Validation.WetBulb_TDryBulPhi,1,start-violates-min,high,False,hold-needs-source-and-witness-review,"{""variable"": ""wetBulPhi.TWetBul"", ""start"": 0.0, ""bound"": ""min"", ""limit"": 100}",/data/mrumoca/eval/results/ibpsa/findings.jsonl
ibpsa,historical-static,IBPSA.Controls.OBC.CDL.Psychrometrics.Validation.WetBulb_TDryBulPhi,2,start-violates-min,high,False,hold-needs-source-and-witness-review,"{""variable"": ""wetBulPhi1.TDryBul"", ""start"": 0.0, ""bound"": ""min"", ""limit"": 100}",/data/mrumoca/eval/results/ibpsa/findings.jsonl
ibpsa,historical-static,IBPSA.Controls.OBC.CDL.Psychrometrics.Validation.WetBulb_TDryBulPhi,3,start-violates-min,high,False,hold-needs-source-and-witness-review,"{""variable"": ""wetBulPhi1.TWetBul"", ""start"": 0.0, ""bound"": ""min"", ""limit"": 100}",/data/mrumoca/eval/results/ibpsa/findings.jsonl
ibpsa,historical-static,IBPSA.Controls.OBC.CDL.Psychrometrics.Validation.WetBulb_TDryBulPhi,4,start-violates-min,high,False,hold-needs-source-and-witness-review,"{""variable"": ""phi.duration"", ""start"": 0.0, ""bound"": ""min"", ""limit"": 1e-37}",/data/mrumoca/eval/results/ibpsa/findings.jsonl
ibpsa,historical-static,IBPSA.Controls.OBC.CDL.Psychrometrics.Validation.WetBulb_TDryBulPhi,5,start-violates-min,high,False,hold-needs-source-and-witness-review,"{""variable"": ""TDryBul1.duration"", ""start"": 0.0, ""bound"": ""min"", ""limit"": 1e-37}",/data/mrumoca/eval/results/ibpsa/findings.jsonl
ibpsa,historical-static,IBPSA.Controls.OBC.CDL.Psychrometrics.Validation.WetBulb_TDryBulPhi,6,network-boundary-port,low,False,standalone-topology-not-defect-proof,"{""node"": ""TDryBul -- phi -- wetBulPhi"", ""boundary_connectors"": ""TDryBul, phi, wetBulPhi"", ""wired_to"": ""nothing"", ""note"": ""this connector belongs to the model itself, not to a component inside it: the model is an interface compiled on its own, so the node is open on one side. Nothing forces its flow, which is why a structural matching reports an unmatched unknown here. Not a defect in the model""}",/data/mrumoca/eval/results/ibpsa/findings.jsonl
ibpsa,historical-static,IBPSA.Controls.OBC.CDL.Psychrometrics.Validation.WetBulb_TDryBulPhi,7,network-boundary-port,low,False,standalone-topology-not-defect-proof,"{""node"": ""TDryBul1 -- phi2 -- wetBulPhi1"", ""boundary_connectors"": ""TDryBul1, phi2, wetBulPhi1"", ""wired_to"": ""nothing"", ""note"": ""this connector belongs to the model itself, not to a component inside it: the model is an interface compiled on its own, so the node is open on one side. Nothing forces its flow, which is why a structural matching reports an unmatched unknown here. Not a defect in the model""}",/data/mrumoca/eval/results/ibpsa/findings.jsonl
ibpsa,historical-static,IBPSA.Controls.OBC.CDL.Psychrometrics.Validation.WetBulb_TDryBulPhi,8,quantity-missing,low,False,advisory-or-explicit-non-defect,"{""unit"": ""degC"", ""count"": 2, ""declarations"": ""wetBulPhi.TDryBul_degC, wetBulPhi1.TDryBul_degC"", ""note"": ""a unit is declared without a quantity, so nothing states what is being measured and no rule keyed on quantity can apply to it""}",/data/mrumoca/eval/results/ibpsa/findings.jsonl
ibpsa,historical-static,IBPSA.Controls.OBC.CDL.Reals.Derivative,0,quantity-missing,low,False,advisory-or-explicit-non-defect,"{""unit"": ""s"", ""count"": 1, ""declarations"": ""T_nonZero"", ""note"": ""a unit is declared without a quantity, so nothing states what is being measured and no rule keyed on quantity can apply to it""}",/data/mrumoca/eval/results/ibpsa/findings.jsonl
ibpsa,historical-static,IBPSA.Controls.OBC.CDL.Reals.Derivative,1,non-square-block,medium,False,hold-needs-source-and-witness-review,"{""block"": 0, ""equations"": 3, ""variables"": 6}",/data/mrumoca/eval/results/ibpsa/findings.jsonl
ibpsa,historical-static,IBPSA.Controls.OBC.CDL.Reals.Greater,0,network-boundary-port,low,False,standalone-topology-not-defect-proof,"{""node"": ""greNoHys -- u1 -- u2 -- y"", ""boundary_connectors"": ""greNoHys, u1, u2, y"", ""wired_to"": ""nothing"", ""note"": ""this connector belongs to the model itself, not to a component inside it: the model is an interface compiled on its own, so the node is open on one side. Nothing forces its flow, which is why a structural matching reports an unmatched unknown here. Not a defect in the model""}",/data/mrumoca/eval/results/ibpsa/findings.jsonl
ibpsa,historical-static,IBPSA.Controls.OBC.CDL.Psychrometrics.DewPoint_TDryBulPhi,0,start-violates-min,high,False,hold-needs-source-and-witness-review,"{""variable"": ""TDewPoi"", ""start"": 0.0, ""bound"": ""min"", ""limit"": 100}",/data/mrumoca/eval/results/ibpsa/findings.jsonl
ibpsa,historical-static,IBPSA.Controls.OBC.CDL.Psychrometrics.DewPoint_TDryBulPhi,1,non-square-block,medium,False,hold-needs-source-and-witness-review,"{""block"": 0, ""equations"": 3, ""variables"": 5}",/data/mrumoca/eval/results/ibpsa/findings.jsonl
ibpsa,historical-static,IBPSA.Controls.OBC.CDL.Reals.IntegratorWithReset,0,vanishing-coefficient,medium,False,hold-needs-source-and-witness-review,"{""parameter"": ""k"", ""declared_min"": null, ""shape"": ""parameter multiplies a derivative; zero removes the equation's only determination of that state""}",/data/mrumoca/eval/results/ibpsa/findings.jsonl
ibpsa,historical-static,IBPSA.Controls.OBC.CDL.Reals.IntegratorWithReset,1,STRUCTURE_DEGENERATES_AT_ZERO,low,False,hold-needs-source-and-witness-review,"{""parameter"": ""k"", ""contract"": ""IBPSA.Controls.OBC.CDL.Reals.IntegratorWithReset.k: feature_disabled (proven, from equation) \u2014 the parameter appears only as a multiplier, so at zero the term it scales drops out and the rest of the model is unaffected"", ""contract_behavior"": ""feature_disabled"", ""contract_confidence"": ""proven"", ""confidence"": ""low"", ""result"": ""TOPOLOGY_SPECIFIC"", ""incidences_lost"": 0, ""unknowns_left_undetermined"": 0, ""evidence_kind"": ""scales-a-rate"", ""note"": ""at zero this parameter removes a state and the equation that determines it. The matching survives, so the system is not structurally short; whether it is *algebraically* singular depends on this model's topology and initialization and needs execution to decide. This is not a claim that the declaration should forbid zero.""}",/data/mrumoca/eval/results/ibpsa/findings.jsonl
ibpsa,historical-static,IBPSA.Controls.OBC.CDL.Reals.LessThreshold,0,network-boundary-port,low,False,standalone-topology-not-defect-proof,"{""node"": ""lesNoHys -- u -- y"", ""boundary_connectors"": ""lesNoHys, u, y"", ""wired_to"": ""nothing"", ""note"": ""this connector belongs to the model itself, not to a component inside it: the model is an interface compiled on its own, so the node is open on one side. Nothing forces its flow, which is why a structural matching reports an unmatched unknown here. Not a defect in the model""}",/data/mrumoca/eval/results/ibpsa/findings.jsonl
ibpsa,historical-static,IBPSA.Controls.OBC.CDL.Reals.GreaterThreshold,0,network-boundary-port,low,False,standalone-topology-not-defect-proof,"{""node"": ""greNoHys -- u -- y"", ""boundary_connectors"": ""greNoHys, u, y"", ""wired_to"": ""nothing"", ""note"": ""this connector belongs to the model itself, not to a component inside it: the model is an interface compiled on its own, so the node is open on one side. Nothing forces its flow, which is why a structural matching reports an unmatched unknown here. Not a defect in the model""}",/data/mrumoca/eval/results/ibpsa/findings.jsonl
ibpsa,historical-static,IBPSA.Controls.OBC.CDL.Reals.Line,0,non-square-block,medium,False,hold-needs-source-and-witness-review,"{""block"": 0, ""equations"": 4, ""variables"": 9}",/data/mrumoca/eval/results/ibpsa/findings.jsonl
ibpsa,historical-static,IBPSA.Controls.OBC.CDL.Reals.Less,0,network-boundary-port,low,False,standalone-topology-not-defect-proof,"{""node"": ""lesNoHys -- u1 -- u2 -- y"", ""boundary_connectors"": ""lesNoHys, u1, u2, y"", ""wired_to"": ""nothing"", ""note"": ""this connector belongs to the model itself, not to a component inside it: the model is an interface compiled on its own, so the node is open on one side. Nothing forces its flow, which is why a structural matching reports an unmatched unknown here. Not a defect in the model""}",/data/mrumoca/eval/results/ibpsa/findings.jsonl
ibpsa,historical-static,IBPSA.Controls.OBC.CDL.Reals.Round,0,divisor-zero-unresolved,medium,False,hold-needs-source-and-witness-review,"{""denominator"": ""fac"", ""witness"": ""fac = 0"", ""witness_rationale"": ""set to zero"", ""denominator_at_witness"": 0.0, ""denominator_at_declared_values"": 1.0, ""denominator_range"": ""[-inf, inf]"", ""path_condition"": ""((u > 0))"", ""verdict"": ""UNKNOWN"", ""proof"": ""the path depends on quantities the artifact does not determine: (u > 0)"", ""constraints"": ""fac: unbounded"", ""note"": ""an assignment drives the denominator to zero, but whether the division is evaluated there could not be decided from the artifact; this is unresolved, not confirmed""}",/data/mrumoca/eval/results/ibpsa/findings.jsonl
ibpsa,historical-static,IBPSA.Controls.OBC.CDL.Reals.Round,1,divisor-zero-unresolved,medium,False,hold-needs-source-and-witness-review,"{""denominator"": ""fac"", ""witness"": ""fac = 0"", ""witness_rationale"": ""set to zero"", ""denominator_at_witness"": 0.0, ""denominator_at_declared_values"": 1.0, ""denominator_range"": ""[-inf, inf]"", ""path_condition"": ""not ((u > 0))"", ""verdict"": ""UNKNOWN"", ""proof"": ""the path depends on quantities the artifact does not determine: (u > 0)"", ""constraints"": ""fac: unbounded"", ""note"": ""an assignment drives the denominator to zero, but whether the division is evaluated there could not be decided from the artifact; this is unresolved, not confirmed""}",/data/mrumoca/eval/results/ibpsa/findings.jsonl
ibpsa,historical-static,IBPSA.Controls.OBC.CDL.Reals.Sources.CivilTime,0,quantity-missing,low,False,advisory-or-explicit-non-defect,"{""unit"": ""s"", ""count"": 1, ""declarations"": ""y"", ""note"": ""a unit is declared without a quantity, so nothing states what is being measured and no rule keyed on quantity can apply to it""}",/data/mrumoca/eval/results/ibpsa/findings.jsonl
ibpsa,historical-static,IBPSA.Controls.OBC.CDL.Reals.Sources.Validation.CivilTime,0,quantity-missing,low,False,advisory-or-explicit-non-defect,"{""unit"": ""s"", ""count"": 1, ""declarations"": ""civTim.y"", ""note"": ""a unit is declared without a quantity, so nothing states what is being measured and no rule keyed on quantity can apply to it""}",/data/mrumoca/eval/results/ibpsa/findings.jsonl
ibpsa,historical-static,IBPSA.Controls.OBC.CDL.Reals.LimitSlewRate,0,divisor-zero-at-declared-values,high,False,hold-check-unset-parameters-and-inputs,"{""denominator"": ""Td"", ""witness"": ""none needed"", ""witness_rationale"": ""the denominator is zero as declared"", ""denominator_at_witness"": 0.0, ""denominator_at_declared_values"": 0.0, ""denominator_range"": """", ""path_condition"": ""always evaluated"", ""verdict"": ""SAT"", ""proof"": ""no assignment is needed: the denominator is zero at the model's own declared values"", ""constraints"": """", ""note"": ""the division fails without anything being changed, so no parameter can be blamed and none needs to be""}",/data/mrumoca/eval/results/ibpsa/findings.jsonl
ibpsa,historical-static,IBPSA.Controls.OBC.CDL.Reals.LimitSlewRate,1,start-violates-min,high,False,hold-needs-source-and-witness-review,"{""variable"": ""raisingSlewRate"", ""start"": 0.0, ""bound"": ""min"", ""limit"": 1e-37}",/data/mrumoca/eval/results/ibpsa/findings.jsonl
ibpsa,historical-static,IBPSA.Controls.OBC.CDL.Reals.LimitSlewRate,2,binding-unit-conflict,high,False,source-unit-review,"{""variable"": ""Td"", ""declared_unit"": ""s"", ""declared_dimension"": ""s"", ""binding"": ""(raisingSlewRate * 10)"", ""binding_dimension"": ""s-1"", ""reads"": ""raisingSlewRate[1/s]"", ""note"": ""the declaration promises one dimension and its own binding expression computes another; no choice of values reconciles them""}",/data/mrumoca/eval/results/ibpsa/findings.jsonl
ibpsa,historical-static,IBPSA.Controls.OBC.CDL.Reals.LimitSlewRate,3,quantity-missing,low,False,advisory-or-explicit-non-defect,"{""unit"": ""1/s"", ""count"": 2, ""declarations"": ""raisingSlewRate, fallingSlewRate"", ""note"": ""a unit is declared without a quantity, so nothing states what is being measured and no rule keyed on quantity can apply to it""}",/data/mrumoca/eval/results/ibpsa/findings.jsonl
ibpsa,historical-static,IBPSA.Controls.OBC.CDL.Reals.LimitSlewRate,4,non-square-block,medium,False,hold-needs-source-and-witness-review,"{""block"": 0, ""equations"": 2, ""variables"": 3}",/data/mrumoca/eval/results/ibpsa/findings.jsonl
ibpsa,historical-static,IBPSA.Controls.OBC.CDL.Reals.LimitSlewRate,5,STRUCTURE_DEGENERATES_AT_ZERO,low,False,hold-needs-source-and-witness-review,"{""parameter"": ""raisingSlewRate"", ""contract"": ""IBPSA.Controls.OBC.CDL.Reals.LimitSlewRate.raisingSlewRate: feature_disabled (proven, from equation) \u2014 the parameter appears only as a multiplier, so at zero the term it scales drops out and the rest of the model is unaffected"", ""contract_behavior"": ""feature_disabled"", ""contract_confidence"": ""proven"", ""confidence"": ""low"", ""result"": ""TOPOLOGY_SPECIFIC"", ""incidences_lost"": 0, ""unknowns_left_undetermined"": 0, ""evidence_kind"": ""scales-a-rate"", ""note"": ""at zero this parameter removes a state and the equation that determines it. The matching survives, so the system is not structurally short; whether it is *algebraically* singular depends on this model's topology and initialization and needs execution to decide. This is not a claim that the declaration should forbid zero.""}",/data/mrumoca/eval/results/ibpsa/findings.jsonl
ibpsa,historical-static,IBPSA.Controls.OBC.CDL.Reals.Sources.Ramp,0,divisor-unreachable-under-witness,low,False,advisory-or-explicit-non-defect,"{""denominator"": ""duration"", ""witness"": ""none needed"", ""witness_rationale"": ""the denominator is zero as declared"", ""denominator_at_witness"": 0.0, ""denominator_at_declared_values"": 0.0, ""denominator_range"": """", ""path_condition"": ""not ((time < startTime)) and ((time < (startTime + duration)))"", ""verdict"": ""UNSAT"", ""proof"": ""the denominator is zero as declared, and time must be both > 0 and < 0"", ""constraints"": """", ""guard_that_excludes_it"": ""time must be both > 0 and < 0"", ""note"": ""the branch containing the division is not taken where the denominator vanishes, so it is never evaluated there""}",/data/mrumoca/eval/results/ibpsa/findings.jsonl
ibpsa,historical-static,IBPSA.Controls.OBC.CDL.Reals.Sources.Ramp,1,start-violates-min,high,False,hold-needs-source-and-witness-review,"{""variable"": ""duration"", ""start"": 0.0, ""bound"": ""min"", ""limit"": 1e-37}",/data/mrumoca/eval/results/ibpsa/findings.jsonl
ibpsa,historical-static,IBPSA.Controls.OBC.CDL.Reals.Sources.Validation.Ramp,0,start-violates-min,high,False,hold-needs-source-and-witness-review,"{""variable"": ""ram.duration"", ""start"": 0.0, ""bound"": ""min"", ""limit"": 1e-37}",/data/mrumoca/eval/results/ibpsa/findings.jsonl
ibpsa,historical-static,IBPSA.Controls.OBC.CDL.Reals.Ramp,0,divisor-zero-at-declared-values,high,False,hold-check-unset-parameters-and-inputs,"{""denominator"": ""Td"", ""witness"": ""none needed"", ""witness_rationale"": ""the denominator is zero as declared"", ""denominator_at_witness"": 0.0, ""denominator_at_declared_values"": 0.0, ""denominator_range"": """", ""path_condition"": ""always evaluated"", ""verdict"": ""SAT"", ""proof"": ""no assignment is needed: the denominator is zero at the model's own declared values"", ""constraints"": """", ""note"": ""the division fails without anything being changed, so no parameter can be blamed and none needs to be""}",/data/mrumoca/eval/results/ibpsa/findings.jsonl
ibpsa,historical-static,IBPSA.Controls.OBC.CDL.Reals.Ramp,1,start-violates-min,high,False,hold-needs-source-and-witness-review,"{""variable"": ""raisingSlewRate"", ""start"": 0.0, ""bound"": ""min"", ""limit"": 1e-37}",/data/mrumoca/eval/results/ibpsa/findings.jsonl
ibpsa,historical-static,IBPSA.Controls.OBC.CDL.Reals.Ramp,2,binding-unit-conflict,high,False,source-unit-review,"{""variable"": ""Td"", ""declared_unit"": ""s"", ""declared_dimension"": ""s"", ""binding"": ""(raisingSlewRate * 0.001)"", ""binding_dimension"": ""s-1"", ""reads"": ""raisingSlewRate[1/s]"", ""note"": ""the declaration promises one dimension and its own binding expression computes another; no choice of values reconciles them""}",/data/mrumoca/eval/results/ibpsa/findings.jsonl
ibpsa,historical-static,IBPSA.Controls.OBC.CDL.Reals.Ramp,3,quantity-missing,low,False,advisory-or-explicit-non-defect,"{""unit"": ""1/s"", ""count"": 2, ""declarations"": ""raisingSlewRate, fallingSlewRate"", ""note"": ""a unit is declared without a quantity, so nothing states what is being measured and no rule keyed on quantity can apply to it""}",/data/mrumoca/eval/results/ibpsa/findings.jsonl
ibpsa,historical-static,IBPSA.Controls.OBC.CDL.Reals.Ramp,4,non-square-block,medium,False,hold-needs-source-and-witness-review,"{""block"": 0, ""equations"": 3, ""variables"": 5}",/data/mrumoca/eval/results/ibpsa/findings.jsonl
ibpsa,historical-static,IBPSA.Controls.OBC.CDL.Reals.Ramp,5,STRUCTURE_DEGENERATES_AT_ZERO,low,False,hold-needs-source-and-witness-review,"{""parameter"": ""raisingSlewRate"", ""contract"": ""IBPSA.Controls.OBC.CDL.Reals.Ramp.raisingSlewRate: feature_disabled (proven, from equation) \u2014 the parameter appears only as a multiplier, so at zero the term it scales drops out and the rest of the model is unaffected"", ""contract_behavior"": ""feature_disabled"", ""contract_confidence"": ""proven"", ""confidence"": ""low"", ""result"": ""TOPOLOGY_SPECIFIC"", ""incidences_lost"": 0, ""unknowns_left_undetermined"": 0, ""evidence_kind"": ""scales-a-rate"", ""note"": ""at zero this parameter removes a state and the equation that determines it. The matching survives, so the system is not structurally short; whether it is *algebraically* singular depends on this model's topology and initialization and needs execution to decide. This is not a claim that the declaration should forbid zero.""}",/data/mrumoca/eval/results/ibpsa/findings.jsonl
ibpsa,historical-static,IBPSA.Controls.OBC.CDL.Reals.Validation.AddParameter,0,start-violates-min,high,False,hold-needs-source-and-witness-review,"{""variable"": ""ramp1.duration"", ""start"": 0.0, ""bound"": ""min"", ""limit"": 1e-37}",/data/mrumoca/eval/results/ibpsa/findings.jsonl
ibpsa,historical-static,IBPSA.Controls.OBC.CDL.Reals.Validation.AddParameter,1,network-boundary-port,low,False,standalone-topology-not-defect-proof,"{""node"": ""addPar -- ramp1"", ""boundary_connectors"": ""addPar, ramp1"", ""wired_to"": ""nothing"", ""note"": ""this connector belongs to the model itself, not to a component inside it: the model is an interface compiled on its own, so the node is open on one side. Nothing forces its flow, which is why a structural matching reports an unmatched unknown here. Not a defect in the model""}",/data/mrumoca/eval/results/ibpsa/findings.jsonl
ibpsa,historical-static,IBPSA.Controls.OBC.CDL.Reals.Validation.Atan,0,start-violates-min,high,False,hold-needs-source-and-witness-review,"{""variable"": ""ramp1.duration"", ""start"": 0.0, ""bound"": ""min"", ""limit"": 1e-37}",/data/mrumoca/eval/results/ibpsa/findings.jsonl
ibpsa,historical-static,IBPSA.Controls.OBC.CDL.Reals.Validation.Atan,1,network-boundary-port,low,False,standalone-topology-not-defect-proof,"{""node"": ""atan1 -- ramp1"", ""boundary_connectors"": ""atan1, ramp1"", ""wired_to"": ""nothing"", ""note"": ""this connector belongs to the model itself, not to a component inside it: the model is an interface compiled on its own, so the node is open on one side. Nothing forces its flow, which is why a structural matching reports an unmatched unknown here. Not a defect in the model""}",/data/mrumoca/eval/results/ibpsa/findings.jsonl
ibpsa,historical-static,IBPSA.Controls.OBC.CDL.Reals.Validation.Abs,0,start-violates-min,high,False,hold-needs-source-and-witness-review,"{""variable"": ""ramp.duration"", ""start"": 0.0, ""bound"": ""min"", ""limit"": 1e-37}",/data/mrumoca/eval/results/ibpsa/findings.jsonl
ibpsa,historical-static,IBPSA.Controls.OBC.CDL.Reals.Validation.Abs,1,network-boundary-port,low,False,standalone-topology-not-defect-proof,"{""node"": ""abs1 -- ramp"", ""boundary_connectors"": ""abs1, ramp"", ""wired_to"": ""nothing"", ""note"": ""this connector belongs to the model itself, not to a component inside it: the model is an interface compiled on its own, so the node is open on one side. Nothing forces its flow, which is why a structural matching reports an unmatched unknown here. Not a defect in the model""}",/data/mrumoca/eval/results/ibpsa/findings.jsonl
ibpsa,historical-static,IBPSA.Controls.OBC.CDL.Reals.Validation.Asin,0,start-violates-min,high,False,hold-needs-source-and-witness-review,"{""variable"": ""ramp1.duration"", ""start"": 0.0, ""bound"": ""min"", ""limit"": 1e-37}",/data/mrumoca/eval/results/ibpsa/findings.jsonl
ibpsa,historical-static,IBPSA.Controls.OBC.CDL.Reals.Validation.Asin,1,network-boundary-port,low,False,standalone-topology-not-defect-proof,"{""node"": ""arcSin -- ramp1"", ""boundary_connectors"": ""arcSin, ramp1"", ""wired_to"": ""nothing"", ""note"": ""this connector belongs to the model itself, not to a component inside it: the model is an interface compiled on its own, so the node is open on one side. Nothing forces its flow, which is why a structural matching reports an unmatched unknown here. Not a defect in the model""}",/data/mrumoca/eval/results/ibpsa/findings.jsonl
ibpsa,historical-static,IBPSA.Controls.OBC.CDL.Reals.Validation.Add,0,start-violates-min,high,False,hold-needs-source-and-witness-review,"{""variable"": ""ramp1.duration"", ""start"": 0.0, ""bound"": ""min"", ""limit"": 1e-37}",/data/mrumoca/eval/results/ibpsa/findings.jsonl
ibpsa,historical-static,IBPSA.Controls.OBC.CDL.Reals.Validation.Add,1,start-violates-min,high,False,hold-needs-source-and-witness-review,"{""variable"": ""ramp2.duration"", ""start"": 0.0, ""bound"": ""min"", ""limit"": 1e-37}",/data/mrumoca/eval/results/ibpsa/findings.jsonl
ibpsa,historical-static,IBPSA.Controls.OBC.CDL.Reals.Validation.Add,2,network-boundary-port,low,False,standalone-topology-not-defect-proof,"{""node"": ""add1 -- ramp1 -- ramp2"", ""boundary_connectors"": ""add1, ramp1, ramp2"", ""wired_to"": ""nothing"", ""note"": ""this connector belongs to the model itself, not to a component inside it: the model is an interface compiled on its own, so the node is open on one side. Nothing forces its flow, which is why a structural matching reports an unmatched unknown here. Not a defect in the model""}",/data/mrumoca/eval/results/ibpsa/findings.jsonl
ibpsa,historical-static,IBPSA.Controls.OBC.CDL.Reals.Validation.Acos,0,start-violates-min,high,False,hold-needs-source-and-witness-review,"{""variable"": ""ramp1.duration"", ""start"": 0.0, ""bound"": ""min"", ""limit"": 1e-37}",/data/mrumoca/eval/results/ibpsa/findings.jsonl
ibpsa,historical-static,IBPSA.Controls.OBC.CDL.Reals.Validation.Acos,1,network-boundary-port,low,False,standalone-topology-not-defect-proof,"{""node"": ""arcCos -- ramp1"", ""boundary_connectors"": ""arcCos, ramp1"", ""wired_to"": ""nothing"", ""note"": ""this connector belongs to the model itself, not to a component inside it: the model is an interface compiled on its own, so the node is open on one side. Nothing forces its flow, which is why a structural matching reports an unmatched unknown here. Not a defect in the model""}",/data/mrumoca/eval/results/ibpsa/findings.jsonl
ibpsa,historical-static,IBPSA.Controls.OBC.CDL.Reals.Validation.Average,0,start-violates-min,high,False,hold-needs-source-and-witness-review,"{""variable"": ""ramp1.duration"", ""start"": 0.0, ""bound"": ""min"", ""limit"": 1e-37}",/data/mrumoca/eval/results/ibpsa/findings.jsonl
ibpsa,historical-static,IBPSA.Controls.OBC.CDL.Reals.Validation.Average,1,start-violates-min,high,False,hold-needs-source-and-witness-review,"{""variable"": ""ramp2.duration"", ""start"": 0.0, ""bound"": ""min"", ""limit"": 1e-37}",/data/mrumoca/eval/results/ibpsa/findings.jsonl
ibpsa,historical-static,IBPSA.Controls.OBC.CDL.Reals.Validation.Average,2,network-boundary-port,low,False,standalone-topology-not-defect-proof,"{""node"": ""avg1 -- ramp1 -- ramp2"", ""boundary_connectors"": ""avg1, ramp1, ramp2"", ""wired_to"": ""nothing"", ""note"": ""this connector belongs to the model itself, not to a component inside it: the model is an interface compiled on its own, so the node is open on one side. Nothing forces its flow, which is why a structural matching reports an unmatched unknown here. Not a defect in the model""}",/data/mrumoca/eval/results/ibpsa/findings.jsonl
ibpsa,historical-static,IBPSA.Controls.OBC.CDL.Reals.Validation.Derivative,0,divisor-unreachable-under-witness,low,False,advisory-or-explicit-non-defect,"{""denominator"": ""der1.k"", ""witness"": ""con.k = 0"", ""witness_rationale"": ""set to zero"", ""denominator_at_witness"": 0.0, ""denominator_at_declared_values"": 1.0, ""denominator_range"": ""[-inf, inf]"", ""path_condition"": ""not ((abs(der1.k) < 1e-15))"", ""verdict"": ""UNSAT"", ""proof"": ""the guard not ((abs(der1.k) < 1e-15)) is false under the witness"", ""constraints"": ""con.k: unbounded"", ""note"": ""reported so the guard can be seen and challenged, not as a defect; zero is outside the domain this division is evaluated in""}",/data/mrumoca/eval/results/ibpsa/findings.jsonl
ibpsa,historical-static,IBPSA.Controls.OBC.CDL.Reals.Validation.Derivative,1,divisor-unreachable-under-witness,low,False,advisory-or-explicit-non-defect,"{""denominator"": ""der2.k"", ""witness"": ""con2.k = 0"", ""witness_rationale"": ""set to zero"", ""denominator_at_witness"": 0.0, ""denominator_at_declared_values"": 2.0, ""denominator_range"": ""[-inf, inf]"", ""path_condition"": ""not ((abs(der2.k) < 1e-15))"", ""verdict"": ""UNSAT"", ""proof"": ""the guard not ((abs(der2.k) < 1e-15)) is false under the witness"", ""constraints"": ""con2.k: unbounded"", ""note"": ""reported so the guard can be seen and challenged, not as a defect; zero is outside the domain this division is evaluated in""}",/data/mrumoca/eval/results/ibpsa/findings.jsonl
ibpsa,historical-static,IBPSA.Controls.OBC.CDL.Reals.Validation.Derivative,2,start-violates-min,high,False,hold-needs-source-and-witness-review,"{""variable"": ""ram.duration"", ""start"": 0.0, ""bound"": ""min"", ""limit"": 1e-37}",/data/mrumoca/eval/results/ibpsa/findings.jsonl
ibpsa,historical-static,IBPSA.Controls.OBC.CDL.Reals.Validation.Derivative,3,network-boundary-port,low,False,standalone-topology-not-defect-proof,"{""node"": ""T -- abs -- assMes -- booSig -- con -- con2 -- cos -- der1 -- der2 -- gai -- intWitRes -- lesThr -- lesThr.lesHys -- modTim -- ram -- sub"", ""boundary_connectors"": ""T, abs, assMes, booSig, con, con2, cos, der1, der2, gai, intWitRes, lesThr, modTim, ram, sub"", ""wired_to"": ""lesThr.lesHys"", ""note"": ""this connector belongs to the model itself, not to a component inside it: the model is an interface compiled on its own, so the node is open on one side. Nothing forces its flow, which is why a structural matching reports an unmatched unknown here. Not a defect in the model""}",/data/mrumoca/eval/results/ibpsa/findings.jsonl
ibpsa,historical-static,IBPSA.Controls.OBC.CDL.Reals.Validation.Derivative,4,quantity-missing,low,False,advisory-or-explicit-non-defect,"{""unit"": ""s"", ""count"": 3, ""declarations"": ""der1.T_nonZero, modTim.y, der2.T_nonZero"", ""note"": ""a unit is declared without a quantity, so nothing states what is being measured and no rule keyed on quantity can apply to it""}",/data/mrumoca/eval/results/ibpsa/findings.jsonl
ibpsa,historical-static,IBPSA.Controls.OBC.CDL.Reals.Validation.Derivative,5,vanishing-coefficient,medium,False,hold-needs-source-and-witness-review,"{""parameter"": ""intWitRes.k"", ""declared_min"": null, ""shape"": ""parameter multiplies a derivative; zero removes the equation's only determination of that state""}",/data/mrumoca/eval/results/ibpsa/findings.jsonl
ibpsa,historical-static,IBPSA.Controls.OBC.CDL.Reals.Validation.Derivative,6,STRUCTURE_DEGENERATES_AT_ZERO,low,False,hold-needs-source-and-witness-review,"{""parameter"": ""intWitRes.k"", ""contract"": ""IBPSA.Controls.OBC.CDL.Reals.IntegratorWithReset.k: feature_disabled (proven, from equation) \u2014 the parameter appears only as a multiplier, so at zero the term it scales drops out and the rest of the model is unaffected"", ""contract_behavior"": ""feature_disabled"", ""contract_confidence"": ""proven"", ""confidence"": ""low"", ""result"": ""TOPOLOGY_SPECIFIC"", ""incidences_lost"": 0, ""unknowns_left_undetermined"": 0, ""evidence_kind"": ""scales-a-rate"", ""note"": ""at zero this parameter removes a state and the equation that determines it. The matching survives, so the system is not structurally short; whether it is *algebraically* singular depends on this model's topology and initialization and needs execution to decide. This is not a claim that the declaration should forbid zero.""}",/data/mrumoca/eval/results/ibpsa/findings.jsonl
ibpsa,historical-static,IBPSA.Controls.OBC.CDL.Reals.Validation.Cos,0,start-violates-min,high,False,hold-needs-source-and-witness-review,"{""variable"": ""ramp1.duration"", ""start"": 0.0, ""bound"": ""min"", ""limit"": 1e-37}",/data/mrumoca/eval/results/ibpsa/findings.jsonl
ibpsa,historical-static,IBPSA.Controls.OBC.CDL.Reals.Validation.Cos,1,network-boundary-port,low,False,standalone-topology-not-defect-proof,"{""node"": ""cos1 -- ramp1"", ""boundary_connectors"": ""cos1, ramp1"", ""wired_to"": ""nothing"", ""note"": ""this connector belongs to the model itself, not to a component inside it: the model is an interface compiled on its own, so the node is open on one side. Nothing forces its flow, which is why a structural matching reports an unmatched unknown here. Not a defect in the model""}",/data/mrumoca/eval/results/ibpsa/findings.jsonl
ibpsa,historical-static,IBPSA.Controls.OBC.CDL.Reals.Validation.Exp,0,start-violates-min,high,False,hold-needs-source-and-witness-review,"{""variable"": ""ramp1.duration"", ""start"": 0.0, ""bound"": ""min"", ""limit"": 1e-37}",/data/mrumoca/eval/results/ibpsa/findings.jsonl
ibpsa,historical-static,IBPSA.Controls.OBC.CDL.Reals.Validation.Exp,1,network-boundary-port,low,False,standalone-topology-not-defect-proof,"{""node"": ""Exp1 -- ramp1"", ""boundary_connectors"": ""Exp1, ramp1"", ""wired_to"": ""nothing"", ""note"": ""this connector belongs to the model itself, not to a component inside it: the model is an interface compiled on its own, so the node is open on one side. Nothing forces its flow, which is why a structural matching reports an unmatched unknown here. Not a defect in the model""}",/data/mrumoca/eval/results/ibpsa/findings.jsonl
ibpsa,historical-static,IBPSA.Controls.OBC.CDL.Reals.Validation.Divide,0,start-violates-min,high,False,hold-needs-source-and-witness-review,"{""variable"": ""ramp1.duration"", ""start"": 0.0, ""bound"": ""min"", ""limit"": 1e-37}",/data/mrumoca/eval/results/ibpsa/findings.jsonl
ibpsa,historical-static,IBPSA.Controls.OBC.CDL.Reals.Validation.Divide,1,start-violates-min,high,False,hold-needs-source-and-witness-review,"{""variable"": ""ramp2.duration"", ""start"": 0.0, ""bound"": ""min"", ""limit"": 1e-37}",/data/mrumoca/eval/results/ibpsa/findings.jsonl
ibpsa,historical-static,IBPSA.Controls.OBC.CDL.Reals.Validation.Divide,2,network-boundary-port,low,False,standalone-topology-not-defect-proof,"{""node"": ""div1 -- ramp1 -- ramp2"", ""boundary_connectors"": ""div1, ramp1, ramp2"", ""wired_to"": ""nothing"", ""note"": ""this connector belongs to the model itself, not to a component inside it: the model is an interface compiled on its own, so the node is open on one side. Nothing forces its flow, which is why a structural matching reports an unmatched unknown here. Not a defect in the model""}",/data/mrumoca/eval/results/ibpsa/findings.jsonl
ibpsa,historical-static,IBPSA.Controls.OBC.CDL.Reals.Validation.Greater,0,start-violates-min,high,False,hold-needs-source-and-witness-review,"{""variable"": ""ram1.duration"", ""start"": 0.0, ""bound"": ""min"", ""limit"": 1e-37}",/data/mrumoca/eval/results/ibpsa/findings.jsonl
ibpsa,historical-static,IBPSA.Controls.OBC.CDL.Reals.Validation.Greater,1,network-boundary-port,low,False,standalone-topology-not-defect-proof,"{""node"": ""gre -- gre.greNoHys -- greHys -- greHys.greHys -- ram1 -- sin"", ""boundary_connectors"": ""gre, greHys, ram1, sin"", ""wired_to"": ""gre.greNoHys, greHys.greHys"", ""note"": ""this connector belongs to the model itself, not to a component inside it: the model is an interface compiled on its own, so the node is open on one side. Nothing forces its flow, which is why a structural matching reports an unmatched unknown here. Not a defect in the model""}",/data/mrumoca/eval/results/ibpsa/findings.jsonl
ibpsa,historical-static,IBPSA.Controls.OBC.CDL.Reals.Validation.Hysteresis,0,start-violates-min,high,False,hold-needs-source-and-witness-review,"{""variable"": ""ramp1.duration"", ""start"": 0.0, ""bound"": ""min"", ""limit"": 1e-37}",/data/mrumoca/eval/results/ibpsa/findings.jsonl
ibpsa,historical-static,IBPSA.Controls.OBC.CDL.Reals.Validation.Hysteresis,1,network-boundary-port,low,False,standalone-topology-not-defect-proof,"{""node"": ""gain1 -- hysteresis -- ramp1 -- sin1"", ""boundary_connectors"": ""gain1, hysteresis, ramp1, sin1"", ""wired_to"": ""nothing"", ""note"": ""this connector belongs to the model itself, not to a component inside it: the model is an interface compiled on its own, so the node is open on one side. Nothing forces its flow, which is why a structural matching reports an unmatched unknown here. Not a defect in the model""}",/data/mrumoca/eval/results/ibpsa/findings.jsonl
ibpsa,historical-static,IBPSA.Controls.OBC.CDL.Reals.Validation.Hysteresis,2,network-boundary-port,low,False,standalone-topology-not-defect-proof,"{""node"": ""hysteresis1 -- sin"", ""boundary_connectors"": ""hysteresis1, sin"", ""wired_to"": ""nothing"", ""note"": ""this connector belongs to the model itself, not to a component inside it: the model is an interface compiled on its own, so the node is open on one side. Nothing forces its flow, which is why a structural matching reports an unmatched unknown here. Not a defect in the model""}",/data/mrumoca/eval/results/ibpsa/findings.jsonl
ibpsa,historical-static,IBPSA.Controls.OBC.CDL.Reals.Validation.Hysteresis,3,network-boundary-port,low,False,standalone-topology-not-defect-proof,"{""node"": ""hysteresis2 -- sin2"", ""boundary_connectors"": ""hysteresis2, sin2"", ""wired_to"": ""nothing"", ""note"": ""this connector belongs to the model itself, not to a component inside it: the model is an interface compiled on its own, so the node is open on one side. Nothing forces its flow, which is why a structural matching reports an unmatched unknown here. Not a defect in the model""}",/data/mrumoca/eval/results/ibpsa/findings.jsonl
ibpsa,historical-static,IBPSA.Controls.OBC.CDL.Reals.Validation.GreaterThreshold,0,network-boundary-port,low,False,standalone-topology-not-defect-proof,"{""node"": ""gre -- gre.greNoHys -- greHys -- greHys.greHys -- sin"", ""boundary_connectors"": ""gre, greHys, sin"", ""wired_to"": ""gre.greNoHys, greHys.greHys"", ""note"": ""this connector belongs to the model itself, not to a component inside it: the model is an interface compiled on its own, so the node is open on one side. Nothing forces its flow, which is why a structural matching reports an unmatched unknown here. Not a defect in the model""}",/data/mrumoca/eval/results/ibpsa/findings.jsonl
ibpsa,historical-static,IBPSA.Controls.OBC.CDL.Reals.Validation.Atan2,0,start-violates-min,high,False,hold-needs-source-and-witness-review,"{""variable"": ""ramp1.duration"", ""start"": 0.0, ""bound"": ""min"", ""limit"": 1e-37}",/data/mrumoca/eval/results/ibpsa/findings.jsonl
ibpsa,historical-static,IBPSA.Controls.OBC.CDL.Reals.Validation.Atan2,1,start-violates-min,high,False,hold-needs-source-and-witness-review,"{""variable"": ""ramp2.duration"", ""start"": 0.0, ""bound"": ""min"", ""limit"": 1e-37}",/data/mrumoca/eval/results/ibpsa/findings.jsonl
ibpsa,historical-static,IBPSA.Controls.OBC.CDL.Reals.Validation.Atan2,2,network-boundary-port,low,False,standalone-topology-not-defect-proof,"{""node"": ""atan2_1 -- ramp1 -- ramp2"", ""boundary_connectors"": ""atan2_1, ramp1, ramp2"", ""wired_to"": ""nothing"", ""note"": ""this connector belongs to the model itself, not to a component inside it: the model is an interface compiled on its own, so the node is open on one side. Nothing forces its flow, which is why a structural matching reports an unmatched unknown here. Not a defect in the model""}",/data/mrumoca/eval/results/ibpsa/findings.jsonl
ibpsa,historical-static,IBPSA.Controls.OBC.CDL.Reals.Validation.LessThreshold,0,network-boundary-port,low,False,standalone-topology-not-defect-proof,"{""node"": ""les -- les.lesNoHys -- lesHys -- lesHys.lesHys -- sin"", ""boundary_connectors"": ""les, lesHys, sin"", ""wired_to"": ""les.lesNoHys, lesHys.lesHys"", ""note"": ""this connector belongs to the model itself, not to a component inside it: the model is an interface compiled on its own, so the node is open on one side. Nothing forces its flow, which is why a structural matching reports an unmatched unknown here. Not a defect in the model""}",/data/mrumoca/eval/results/ibpsa/findings.jsonl
ibpsa,historical-static,IBPSA.Controls.OBC.CDL.Reals.Validation.Limiter,0,start-violates-min,high,False,hold-needs-source-and-witness-review,"{""variable"": ""ramp1.duration"", ""start"": 0.0, ""bound"": ""min"", ""limit"": 1e-37}",/data/mrumoca/eval/results/ibpsa/findings.jsonl
ibpsa,historical-static,IBPSA.Controls.OBC.CDL.Reals.Validation.Limiter,1,network-boundary-port,low,False,standalone-topology-not-defect-proof,"{""node"": ""limiter1 -- ramp1"", ""boundary_connectors"": ""limiter1, ramp1"", ""wired_to"": ""nothing"", ""note"": ""this connector belongs to the model itself, not to a component inside it: the model is an interface compiled on its own, so the node is open on one side. Nothing forces its flow, which is why a structural matching reports an unmatched unknown here. Not a defect in the model""}",/data/mrumoca/eval/results/ibpsa/findings.jsonl
ibpsa,historical-static,IBPSA.Controls.OBC.CDL.Reals.Validation.Less,0,start-violates-min,high,False,hold-needs-source-and-witness-review,"{""variable"": ""ram1.duration"", ""start"": 0.0, ""bound"": ""min"", ""limit"": 1e-37}",/data/mrumoca/eval/results/ibpsa/findings.jsonl
ibpsa,historical-static,IBPSA.Controls.OBC.CDL.Reals.Validation.Less,1,network-boundary-port,low,False,standalone-topology-not-defect-proof,"{""node"": ""les -- les.lesNoHys -- lesHys -- lesHys.lesHys -- ram1 -- sin"", ""boundary_connectors"": ""les, lesHys, ram1, sin"", ""wired_to"": ""les.lesNoHys, lesHys.lesHys"", ""note"": ""this connector belongs to the model itself, not to a component inside it: the model is an interface compiled on its own, so the node is open on one side. Nothing forces its flow, which is why a structural matching reports an unmatched unknown here. Not a defect in the model""}",/data/mrumoca/eval/results/ibpsa/findings.jsonl
ibpsa,historical-static,IBPSA.Controls.OBC.CDL.Reals.Validation.LimitSlewRate,0,start-violates-min,high,False,hold-needs-source-and-witness-review,"{""variable"": ""sleRatLim.raisingSlewRate"", ""start"": 0.0, ""bound"": ""min"", ""limit"": 1e-37}",/data/mrumoca/eval/results/ibpsa/findings.jsonl
ibpsa,historical-static,IBPSA.Controls.OBC.CDL.Reals.Validation.LimitSlewRate,1,start-violates-min,high,False,hold-needs-source-and-witness-review,"{""variable"": ""ramp1.duration"", ""start"": 0.0, ""bound"": ""min"", ""limit"": 1e-37}",/data/mrumoca/eval/results/ibpsa/findings.jsonl
ibpsa,historical-static,IBPSA.Controls.OBC.CDL.Reals.Validation.LimitSlewRate,2,start-violates-min,high,False,hold-needs-source-and-witness-review,"{""variable"": ""ramp2.duration"", ""start"": 0.0, ""bound"": ""min"", ""limit"": 1e-37}",/data/mrumoca/eval/results/ibpsa/findings.jsonl
ibpsa,historical-static,IBPSA.Controls.OBC.CDL.Reals.Validation.LimitSlewRate,3,start-violates-min,high,False,hold-needs-source-and-witness-review,"{""variable"": ""ramp3.duration"", ""start"": 0.0, ""bound"": ""min"", ""limit"": 1e-37}",/data/mrumoca/eval/results/ibpsa/findings.jsonl
ibpsa,historical-static,IBPSA.Controls.OBC.CDL.Reals.Validation.LimitSlewRate,4,start-violates-min,high,False,hold-needs-source-and-witness-review,"{""variable"": ""ramp4.duration"", ""start"": 0.0, ""bound"": ""min"", ""limit"": 1e-37}",/data/mrumoca/eval/results/ibpsa/findings.jsonl
ibpsa,historical-static,IBPSA.Controls.OBC.CDL.Reals.Validation.LimitSlewRate,5,start-violates-min,high,False,hold-needs-source-and-witness-review,"{""variable"": ""ramp5.duration"", ""start"": 0.0, ""bound"": ""min"", ""limit"": 1e-37}",/data/mrumoca/eval/results/ibpsa/findings.jsonl
ibpsa,historical-static,IBPSA.Controls.OBC.CDL.Reals.Validation.LimitSlewRate,6,start-violates-min,high,False,hold-needs-source-and-witness-review,"{""variable"": ""ramp6.duration"", ""start"": 0.0, ""bound"": ""min"", ""limit"": 1e-37}",/data/mrumoca/eval/results/ibpsa/findings.jsonl
ibpsa,historical-static,IBPSA.Controls.OBC.CDL.Reals.Validation.LimitSlewRate,7,start-violates-min,high,False,hold-needs-source-and-witness-review,"{""variable"": ""ramp7.duration"", ""start"": 0.0, ""bound"": ""min"", ""limit"": 1e-37}",/data/mrumoca/eval/results/ibpsa/findings.jsonl
ibpsa,historical-static,IBPSA.Controls.OBC.CDL.Reals.Validation.LimitSlewRate,8,start-violates-min,high,False,hold-needs-source-and-witness-review,"{""variable"": ""ramp8.duration"", ""start"": 0.0, ""bound"": ""min"", ""limit"": 1e-37}",/data/mrumoca/eval/results/ibpsa/findings.jsonl
ibpsa,historical-static,IBPSA.Controls.OBC.CDL.Reals.Validation.LimitSlewRate,9,network-boundary-port,low,False,standalone-topology-not-defect-proof,"{""node"": ""add -- add1 -- add2 -- add3 -- add4 -- add5 -- add6 -- ramp1 -- ramp2 -- ramp3 -- ramp4 -- ramp5 -- ramp6 -- ramp7 -- ramp8 -- sleRatLim"", ""boundary_connectors"": ""add, add1, add2, add3, add4, add5, add6, ramp1, ramp2, ramp3, ramp4, ramp5, ramp6, ramp7, ramp8, sleRatLim"", ""wired_to"": ""nothing"", ""note"": ""this connector belongs to the model itself, not to a component inside it: the model is an interface compiled on its own, so the node is open on one side. Nothing forces its flow, which is why a structural matching reports an unmatched unknown here. Not a defect in the model""}",/data/mrumoca/eval/results/ibpsa/findings.jsonl
ibpsa,historical-static,IBPSA.Controls.OBC.CDL.Reals.Validation.LimitSlewRate,10,binding-unit-conflict,high,False,source-unit-review,"{""variable"": ""sleRatLim.Td"", ""declared_unit"": ""s"", ""declared_dimension"": ""s"", ""binding"": ""(sleRatLim.raisingSlewRate * 10)"", ""binding_dimension"": ""s-1"", ""reads"": ""sleRatLim.raisingSlewRate[1/s]"", ""note"": ""the declaration promises one dimension and its own binding expression computes another; no choice of values reconciles them""}",/data/mrumoca/eval/results/ibpsa/findings.jsonl
ibpsa,historical-static,IBPSA.Controls.OBC.CDL.Reals.Validation.LimitSlewRate,11,quantity-missing,low,False,advisory-or-explicit-non-defect,"{""unit"": ""1/s"", ""count"": 2, ""declarations"": ""sleRatLim.raisingSlewRate, sleRatLim.fallingSlewRate"", ""note"": ""a unit is declared without a quantity, so nothing states what is being measured and no rule keyed on quantity can apply to it""}",/data/mrumoca/eval/results/ibpsa/findings.jsonl
ibpsa,historical-static,IBPSA.Controls.OBC.CDL.Reals.Validation.LimitSlewRate,12,STRUCTURE_DEGENERATES_AT_ZERO,low,False,hold-needs-source-and-witness-review,"{""parameter"": ""sleRatLim.raisingSlewRate"", ""contract"": ""IBPSA.Controls.OBC.CDL.Reals.LimitSlewRate.raisingSlewRate: feature_disabled (proven, from equation) \u2014 the parameter appears only as a multiplier, so at zero the term it scales drops out and the rest of the model is unaffected"", ""contract_behavior"": ""feature_disabled"", ""contract_confidence"": ""proven"", ""confidence"": ""low"", ""result"": ""TOPOLOGY_SPECIFIC"", ""incidences_lost"": 0, ""unknowns_left_undetermined"": 0, ""evidence_kind"": ""scales-a-rate"", ""note"": ""at zero this parameter removes a state and the equation that determines it. The matching survives, so the system is not structurally short; whether it is *algebraically* singular depends on this model's topology and initialization and needs execution to decide. This is not a claim that the declaration should forbid zero.""}",/data/mrumoca/eval/results/ibpsa/findings.jsonl
ibpsa,historical-static,IBPSA.Controls.OBC.CDL.Reals.Validation.Line,0,divisor-zero-when-parameters-equal,high,False,hold-needs-source-and-witness-review,"{""denominator"": ""(line1.x2 - line1.x1)"", ""witness"": ""x2.k = 1"", ""witness_rationale"": ""set equal to x1.k"", ""denominator_at_witness"": 0.0, ""denominator_at_declared_values"": 1.0, ""denominator_range"": ""[-inf, inf]"", ""path_condition"": ""always evaluated"", ""verdict"": ""SAT"", ""proof"": ""the division is not inside any branch"", ""constraints"": ""x2.k: unbounded"", ""note"": ""the denominator is a difference, so it vanishes when the two sides are equal; no `min` on either can express a constraint between two parameters and an assertion is the only mechanism""}",/data/mrumoca/eval/results/ibpsa/findings.jsonl
ibpsa,historical-static,IBPSA.Controls.OBC.CDL.Reals.Validation.Line,1,divisor-zero-when-parameters-equal,high,False,hold-needs-source-and-witness-review,"{""denominator"": ""(line2.x2 - line2.x1)"", ""witness"": ""x2.k = 1"", ""witness_rationale"": ""set equal to x1.k"", ""denominator_at_witness"": 0.0, ""denominator_at_declared_values"": 1.0, ""denominator_range"": ""[-inf, inf]"", ""path_condition"": ""always evaluated"", ""verdict"": ""SAT"", ""proof"": ""the division is not inside any branch"", ""constraints"": ""x2.k: unbounded"", ""note"": ""the denominator is a difference, so it vanishes when the two sides are equal; no `min` on either can express a constraint between two parameters and an assertion is the only mechanism""}",/data/mrumoca/eval/results/ibpsa/findings.jsonl
ibpsa,historical-static,IBPSA.Controls.OBC.CDL.Reals.Validation.Line,2,divisor-zero-when-parameters-equal,high,False,hold-needs-source-and-witness-review,"{""denominator"": ""(line3.x2 - line3.x1)"", ""witness"": ""x2.k = 1"", ""witness_rationale"": ""set equal to x1.k"", ""denominator_at_witness"": 0.0, ""denominator_at_declared_values"": 1.0, ""denominator_range"": ""[-inf, inf]"", ""path_condition"": ""always evaluated"", ""verdict"": ""SAT"", ""proof"": ""the division is not inside any branch"", ""constraints"": ""x2.k: unbounded"", ""note"": ""the denominator is a difference, so it vanishes when the two sides are equal; no `min` on either can express a constraint between two parameters and an assertion is the only mechanism""}",/data/mrumoca/eval/results/ibpsa/findings.jsonl
ibpsa,historical-static,IBPSA.Controls.OBC.CDL.Reals.Validation.Line,3,start-violates-min,high,False,hold-needs-source-and-witness-review,"{""variable"": ""ramp1.duration"", ""start"": 0.0, ""bound"": ""min"", ""limit"": 1e-37}",/data/mrumoca/eval/results/ibpsa/findings.jsonl
ibpsa,historical-static,IBPSA.Controls.OBC.CDL.Reals.Validation.Line,4,network-boundary-port,low,False,standalone-topology-not-defect-proof,"{""node"": ""f1 -- f2 -- line1 -- line2 -- line3 -- ramp1 -- x1 -- x2"", ""boundary_connectors"": ""f1, f2, line1, line2, line3, ramp1, x1, x2"", ""wired_to"": ""nothing"", ""note"": ""this connector belongs to the model itself, not to a component inside it: the model is an interface compiled on its own, so the node is open on one side. Nothing forces its flow, which is why a structural matching reports an unmatched unknown here. Not a defect in the model""}",/data/mrumoca/eval/results/ibpsa/findings.jsonl
ibpsa,historical-static,IBPSA.Controls.OBC.CDL.Reals.Validation.Log,0,start-violates-min,high,False,hold-needs-source-and-witness-review,"{""variable"": ""ramp1.duration"", ""start"": 0.0, ""bound"": ""min"", ""limit"": 1e-37}",/data/mrumoca/eval/results/ibpsa/findings.jsonl
ibpsa,historical-static,IBPSA.Controls.OBC.CDL.Reals.Validation.Log,1,network-boundary-port,low,False,standalone-topology-not-defect-proof,"{""node"": ""log1 -- ramp1"", ""boundary_connectors"": ""log1, ramp1"", ""wired_to"": ""nothing"", ""note"": ""this connector belongs to the model itself, not to a component inside it: the model is an interface compiled on its own, so the node is open on one side. Nothing forces its flow, which is why a structural matching reports an unmatched unknown here. Not a defect in the model""}",/data/mrumoca/eval/results/ibpsa/findings.jsonl
ibpsa,historical-static,IBPSA.Controls.OBC.CDL.Reals.Validation.MatrixMax,0,start-violates-min,high,False,hold-needs-source-and-witness-review,"{""variable"": ""matMax.nRow"", ""start"": 0, ""bound"": ""min"", ""limit"": 1}",/data/mrumoca/eval/results/ibpsa/findings.jsonl
ibpsa,historical-static,IBPSA.Controls.OBC.CDL.Reals.Validation.MatrixMax,1,start-violates-min,high,False,hold-needs-source-and-witness-review,"{""variable"": ""matMax.nCol"", ""start"": 0, ""bound"": ""min"", ""limit"": 1}",/data/mrumoca/eval/results/ibpsa/findings.jsonl
ibpsa,historical-static,IBPSA.Controls.OBC.CDL.Reals.Validation.MatrixMax,2,start-violates-min,high,False,hold-needs-source-and-witness-review,"{""variable"": ""matMax1.nRow"", ""start"": 0, ""bound"": ""min"", ""limit"": 1}",/data/mrumoca/eval/results/ibpsa/findings.jsonl
ibpsa,historical-static,IBPSA.Controls.OBC.CDL.Reals.Validation.MatrixMax,3,start-violates-min,high,False,hold-needs-source-and-witness-review,"{""variable"": ""matMax1.nCol"", ""start"": 0, ""bound"": ""min"", ""limit"": 1}",/data/mrumoca/eval/results/ibpsa/findings.jsonl
ibpsa,historical-static,IBPSA.Controls.OBC.CDL.Reals.Validation.MatrixMax,4,start-violates-min,high,False,hold-needs-source-and-witness-review,"{""variable"": ""matMax2.nRow"", ""start"": 0, ""bound"": ""min"", ""limit"": 1}",/data/mrumoca/eval/results/ibpsa/findings.jsonl
ibpsa,historical-static,IBPSA.Controls.OBC.CDL.Reals.Validation.MatrixMax,5,start-violates-min,high,False,hold-needs-source-and-witness-review,"{""variable"": ""matMax2.nCol"", ""start"": 0, ""bound"": ""min"", ""limit"": 1}",/data/mrumoca/eval/results/ibpsa/findings.jsonl
ibpsa,historical-static,IBPSA.Controls.OBC.CDL.Reals.Validation.MatrixMax,6,network-boundary-port,low,False,standalone-topology-not-defect-proof,"{""node"": ""con1[1,1] -- con1[1,2] -- con1[1,3] -- con1[2,1] -- con1[2,2] -- con1[2,3] -- matMax1"", ""boundary_connectors"": ""con1[1,1], con1[1,2], con1[1,3], con1[2,1], con1[2,2], con1[2,3], matMax1"", ""wired_to"": ""nothing"", ""note"": ""this connector belongs to the model itself, not to a component inside it: the model is an interface compiled on its own, so the node is open on one side. Nothing forces its flow, which is why a structural matching reports an unmatched unknown here. Not a defect in the model""}",/data/mrumoca/eval/results/ibpsa/findings.jsonl
ibpsa,historical-static,IBPSA.Controls.OBC.CDL.Reals.Validation.MatrixMax,7,network-boundary-port,low,False,standalone-topology-not-defect-proof,"{""node"": ""con2[1,1] -- con2[1,2] -- con2[1,3] -- con2[2,1] -- con2[2,2] -- con2[2,3] -- matMax2"", ""boundary_connectors"": ""con2[1,1], con2[1,2], con2[1,3], con2[2,1], con2[2,2], con2[2,3], matMax2"", ""wired_to"": ""nothing"", ""note"": ""this connector belongs to the model itself, not to a component inside it: the model is an interface compiled on its own, so the node is open on one side. Nothing forces its flow, which is why a structural matching reports an unmatched unknown here. Not a defect in the model""}",/data/mrumoca/eval/results/ibpsa/findings.jsonl
ibpsa,historical-static,IBPSA.Controls.OBC.CDL.Reals.Validation.MatrixMax,8,network-boundary-port,low,False,standalone-topology-not-defect-proof,"{""node"": ""con[1,1] -- con[1,2] -- con[1,3] -- con[2,1] -- con[2,2] -- con[2,3] -- con[3,1] -- con[3,2] -- con[3,3] -- matMax"", ""boundary_connectors"": ""con[1,1], con[1,2], con[1,3], con[2,1], con[2,2], con[2,3], con[3,1], con[3,2], con[3,3], matMax"", ""wired_to"": ""nothing"", ""note"": ""this connector belongs to the model itself, not to a component inside it: the model is an interface compiled on its own, so the node is open on one side. Nothing forces its flow, which is why a structural matching reports an unmatched unknown here. Not a defect in the model""}",/data/mrumoca/eval/results/ibpsa/findings.jsonl
ibpsa,historical-static,IBPSA.Controls.OBC.CDL.Reals.Validation.MatrixMax,9,non-square-block,medium,False,hold-needs-source-and-witness-review,"{""block"": 0, ""equations"": 13, ""variables"": 8}",/data/mrumoca/eval/results/ibpsa/findings.jsonl
ibpsa,historical-static,IBPSA.Controls.OBC.CDL.Reals.Validation.MatrixMax,10,non-square-block,medium,False,hold-needs-source-and-witness-review,"{""block"": 1, ""equations"": 13, ""variables"": 8}",/data/mrumoca/eval/results/ibpsa/findings.jsonl
ibpsa,historical-static,IBPSA.Controls.OBC.CDL.Reals.Validation.MatrixMax,11,non-square-block,medium,False,hold-needs-source-and-witness-review,"{""block"": 2, ""equations"": 19, ""variables"": 11}",/data/mrumoca/eval/results/ibpsa/findings.jsonl
ibpsa,historical-static,IBPSA.Controls.OBC.CDL.Reals.Validation.Log10,0,start-violates-min,high,False,hold-needs-source-and-witness-review,"{""variable"": ""ramp1.duration"", ""start"": 0.0, ""bound"": ""min"", ""limit"": 1e-37}",/data/mrumoca/eval/results/ibpsa/findings.jsonl
ibpsa,historical-static,IBPSA.Controls.OBC.CDL.Reals.Validation.Log10,1,network-boundary-port,low,False,standalone-topology-not-defect-proof,"{""node"": ""log10_1 -- ramp1"", ""boundary_connectors"": ""log10_1, ramp1"", ""wired_to"": ""nothing"", ""note"": ""this connector belongs to the model itself, not to a component inside it: the model is an interface compiled on its own, so the node is open on one side. Nothing forces its flow, which is why a structural matching reports an unmatched unknown here. Not a defect in the model""}",/data/mrumoca/eval/results/ibpsa/findings.jsonl
ibpsa,historical-static,IBPSA.Controls.OBC.CDL.Reals.Validation.MatrixMin,0,start-violates-min,high,False,hold-needs-source-and-witness-review,"{""variable"": ""matMin.nRow"", ""start"": 0, ""bound"": ""min"", ""limit"": 1}",/data/mrumoca/eval/results/ibpsa/findings.jsonl
ibpsa,historical-static,IBPSA.Controls.OBC.CDL.Reals.Validation.MatrixMin,1,start-violates-min,high,False,hold-needs-source-and-witness-review,"{""variable"": ""matMin.nCol"", ""start"": 0, ""bound"": ""min"", ""limit"": 1}",/data/mrumoca/eval/results/ibpsa/findings.jsonl
ibpsa,historical-static,IBPSA.Controls.OBC.CDL.Reals.Validation.MatrixMin,2,start-violates-min,high,False,hold-needs-source-and-witness-review,"{""variable"": ""matMin1.nRow"", ""start"": 0, ""bound"": ""min"", ""limit"": 1}",/data/mrumoca/eval/results/ibpsa/findings.jsonl
ibpsa,historical-static,IBPSA.Controls.OBC.CDL.Reals.Validation.MatrixMin,3,start-violates-min,high,False,hold-needs-source-and-witness-review,"{""variable"": ""matMin1.nCol"", ""start"": 0, ""bound"": ""min"", ""limit"": 1}",/data/mrumoca/eval/results/ibpsa/findings.jsonl
ibpsa,historical-static,IBPSA.Controls.OBC.CDL.Reals.Validation.MatrixMin,4,start-violates-min,high,False,hold-needs-source-and-witness-review,"{""variable"": ""matMin2.nRow"", ""start"": 0, ""bound"": ""min"", ""limit"": 1}",/data/mrumoca/eval/results/ibpsa/findings.jsonl
ibpsa,historical-static,IBPSA.Controls.OBC.CDL.Reals.Validation.MatrixMin,5,start-violates-min,high,False,hold-needs-source-and-witness-review,"{""variable"": ""matMin2.nCol"", ""start"": 0, ""bound"": ""min"", ""limit"": 1}",/data/mrumoca/eval/results/ibpsa/findings.jsonl
ibpsa,historical-static,IBPSA.Controls.OBC.CDL.Reals.Validation.MatrixMin,6,network-boundary-port,low,False,standalone-topology-not-defect-proof,"{""node"": ""con1[1,1] -- con1[1,2] -- con1[1,3] -- con1[2,1] -- con1[2,2] -- con1[2,3] -- matMin1"", ""boundary_connectors"": ""con1[1,1], con1[1,2], con1[1,3], con1[2,1], con1[2,2], con1[2,3], matMin1"", ""wired_to"": ""nothing"", ""note"": ""this connector belongs to the model itself, not to a component inside it: the model is an interface compiled on its own, so the node is open on one side. Nothing forces its flow, which is why a structural matching reports an unmatched unknown here. Not a defect in the model""}",/data/mrumoca/eval/results/ibpsa/findings.jsonl
ibpsa,historical-static,IBPSA.Controls.OBC.CDL.Reals.Validation.MatrixMin,7,network-boundary-port,low,False,standalone-topology-not-defect-proof,"{""node"": ""con2[1,1] -- con2[1,2] -- con2[1,3] -- con2[2,1] -- con2[2,2] -- con2[2,3] -- matMin2"", ""boundary_connectors"": ""con2[1,1], con2[1,2], con2[1,3], con2[2,1], con2[2,2], con2[2,3], matMin2"", ""wired_to"": ""nothing"", ""note"": ""this connector belongs to the model itself, not to a component inside it: the model is an interface compiled on its own, so the node is open on one side. Nothing forces its flow, which is why a structural matching reports an unmatched unknown here. Not a defect in the model""}",/data/mrumoca/eval/results/ibpsa/findings.jsonl
ibpsa,historical-static,IBPSA.Controls.OBC.CDL.Reals.Validation.MatrixMin,8,network-boundary-port,low,False,standalone-topology-not-defect-proof,"{""node"": ""con[1,1] -- con[1,2] -- con[1,3] -- con[2,1] -- con[2,2] -- con[2,3] -- con[3,1] -- con[3,2] -- con[3,3] -- matMin"", ""boundary_connectors"": ""con[1,1], con[1,2], con[1,3], con[2,1], con[2,2], con[2,3], con[3,1], con[3,2], con[3,3], matMin"", ""wired_to"": ""nothing"", ""note"": ""this connector belongs to the model itself, not to a component inside it: the model is an interface compiled on its own, so the node is open on one side. Nothing forces its flow, which is why a structural matching reports an unmatched unknown here. Not a defect in the model""}",/data/mrumoca/eval/results/ibpsa/findings.jsonl
ibpsa,historical-static,IBPSA.Controls.OBC.CDL.Reals.Validation.MatrixMin,9,non-square-block,medium,False,hold-needs-source-and-witness-review,"{""block"": 0, ""equations"": 13, ""variables"": 8}",/data/mrumoca/eval/results/ibpsa/findings.jsonl
ibpsa,historical-static,IBPSA.Controls.OBC.CDL.Reals.Validation.MatrixMin,10,non-square-block,medium,False,hold-needs-source-and-witness-review,"{""block"": 1, ""equations"": 13, ""variables"": 8}",/data/mrumoca/eval/results/ibpsa/findings.jsonl
ibpsa,historical-static,IBPSA.Controls.OBC.CDL.Reals.Validation.MatrixMin,11,non-square-block,medium,False,hold-needs-source-and-witness-review,"{""block"": 2, ""equations"": 19, ""variables"": 11}",/data/mrumoca/eval/results/ibpsa/findings.jsonl
ibpsa,historical-static,IBPSA.Controls.OBC.CDL.Reals.Validation.Max,0,start-violates-min,high,False,hold-needs-source-and-witness-review,"{""variable"": ""ramp1.duration"", ""start"": 0.0, ""bound"": ""min"", ""limit"": 1e-37}",/data/mrumoca/eval/results/ibpsa/findings.jsonl
ibpsa,historical-static,IBPSA.Controls.OBC.CDL.Reals.Validation.Max,1,start-violates-min,high,False,hold-needs-source-and-witness-review,"{""variable"": ""ramp2.duration"", ""start"": 0.0, ""bound"": ""min"", ""limit"": 1e-37}",/data/mrumoca/eval/results/ibpsa/findings.jsonl
ibpsa,historical-static,IBPSA.Controls.OBC.CDL.Reals.Validation.Max,2,network-boundary-port,low,False,standalone-topology-not-defect-proof,"{""node"": ""max1 -- ramp1 -- ramp2"", ""boundary_connectors"": ""max1, ramp1, ramp2"", ""wired_to"": ""nothing"", ""note"": ""this connector belongs to the model itself, not to a component inside it: the model is an interface compiled on its own, so the node is open on one side. Nothing forces its flow, which is why a structural matching reports an unmatched unknown here. Not a defect in the model""}",/data/mrumoca/eval/results/ibpsa/findings.jsonl
ibpsa,historical-static,IBPSA.Controls.OBC.CDL.Reals.Validation.Min,0,start-violates-min,high,False,hold-needs-source-and-witness-review,"{""variable"": ""ramp1.duration"", ""start"": 0.0, ""bound"": ""min"", ""limit"": 1e-37}",/data/mrumoca/eval/results/ibpsa/findings.jsonl
ibpsa,historical-static,IBPSA.Controls.OBC.CDL.Reals.Validation.Min,1,start-violates-min,high,False,hold-needs-source-and-witness-review,"{""variable"": ""ramp2.duration"", ""start"": 0.0, ""bound"": ""min"", ""limit"": 1e-37}",/data/mrumoca/eval/results/ibpsa/findings.jsonl
ibpsa,historical-static,IBPSA.Controls.OBC.CDL.Reals.Validation.Min,2,network-boundary-port,low,False,standalone-topology-not-defect-proof,"{""node"": ""min1 -- ramp1 -- ramp2"", ""boundary_connectors"": ""min1, ramp1, ramp2"", ""wired_to"": ""nothing"", ""note"": ""this connector belongs to the model itself, not to a component inside it: the model is an interface compiled on its own, so the node is open on one side. Nothing forces its flow, which is why a structural matching reports an unmatched unknown here. Not a defect in the model""}",/data/mrumoca/eval/results/ibpsa/findings.jsonl
ibpsa,historical-static,IBPSA.Controls.OBC.CDL.Reals.Validation.MultiMax,0,network-boundary-port,low,False,standalone-topology-not-defect-proof,"{""node"": ""con[1] -- con[2] -- con[3] -- con[4] -- con[5] -- maxVal"", ""boundary_connectors"": ""con[1], con[2], con[3], con[4], con[5], maxVal"", ""wired_to"": ""nothing"", ""note"": ""this connector belongs to the model itself, not to a component inside it: the model is an interface compiled on its own, so the node is open on one side. Nothing forces its flow, which is why a structural matching reports an unmatched unknown here. Not a defect in the model""}",/data/mrumoca/eval/results/ibpsa/findings.jsonl
ibpsa,historical-static,IBPSA.Controls.OBC.CDL.Reals.Validation.MultiMax,1,non-square-block,medium,False,hold-needs-source-and-witness-review,"{""block"": 0, ""equations"": 11, ""variables"": 7}",/data/mrumoca/eval/results/ibpsa/findings.jsonl
ibpsa,historical-static,IBPSA.Controls.OBC.CDL.Reals.Validation.MatrixGain,0,start-violates-min,high,False,hold-needs-source-and-witness-review,"{""variable"": ""ramp.duration"", ""start"": 0.0, ""bound"": ""min"", ""limit"": 1e-37}",/data/mrumoca/eval/results/ibpsa/findings.jsonl
ibpsa,historical-static,IBPSA.Controls.OBC.CDL.Reals.Validation.MatrixGain,1,start-violates-min,high,False,hold-needs-source-and-witness-review,"{""variable"": ""ramp1.duration"", ""start"": 0.0, ""bound"": ""min"", ""limit"": 1e-37}",/data/mrumoca/eval/results/ibpsa/findings.jsonl
ibpsa,historical-static,IBPSA.Controls.OBC.CDL.Reals.Validation.MatrixGain,2,start-violates-min,high,False,hold-needs-source-and-witness-review,"{""variable"": ""ramp2.duration"", ""start"": 0.0, ""bound"": ""min"", ""limit"": 1e-37}",/data/mrumoca/eval/results/ibpsa/findings.jsonl
ibpsa,historical-static,IBPSA.Controls.OBC.CDL.Reals.Validation.MatrixGain,3,network-boundary-port,low,False,standalone-topology-not-defect-proof,"{""node"": ""matGai -- ramp"", ""boundary_connectors"": ""matGai, ramp"", ""wired_to"": ""nothing"", ""note"": ""this connector belongs to the model itself, not to a component inside it: the model is an interface compiled on its own, so the node is open on one side. Nothing forces its flow, which is why a structural matching reports an unmatched unknown here. Not a defect in the model""}",/data/mrumoca/eval/results/ibpsa/findings.jsonl
ibpsa,historical-static,IBPSA.Controls.OBC.CDL.Reals.Validation.MatrixGain,4,network-boundary-port,low,False,standalone-topology-not-defect-proof,"{""node"": ""matGai1 -- ramp1 -- ramp2"", ""boundary_connectors"": ""matGai1, ramp1, ramp2"", ""wired_to"": ""nothing"", ""note"": ""this connector belongs to the model itself, not to a component inside it: the model is an interface compiled on its own, so the node is open on one side. Nothing forces its flow, which is why a structural matching reports an unmatched unknown here. Not a defect in the model""}",/data/mrumoca/eval/results/ibpsa/findings.jsonl
ibpsa,historical-static,IBPSA.Controls.OBC.CDL.Reals.Validation.MatrixGain,5,non-square-block,medium,False,hold-needs-source-and-witness-review,"{""block"": 0, ""equations"": 5, ""variables"": 4}",/data/mrumoca/eval/results/ibpsa/findings.jsonl
ibpsa,historical-static,IBPSA.Controls.OBC.CDL.Reals.Validation.MatrixGain,6,non-square-block,medium,False,hold-needs-source-and-witness-review,"{""block"": 1, ""equations"": 4, ""variables"": 3}",/data/mrumoca/eval/results/ibpsa/findings.jsonl
ibpsa,historical-static,IBPSA.Controls.OBC.CDL.Reals.Validation.MultiMin,0,network-boundary-port,low,False,standalone-topology-not-defect-proof,"{""node"": ""con[1] -- con[2] -- con[3] -- con[4] -- con[5] -- minVal"", ""boundary_connectors"": ""con[1], con[2], con[3], con[4], con[5], minVal"", ""wired_to"": ""nothing"", ""note"": ""this connector belongs to the model itself, not to a component inside it: the model is an interface compiled on its own, so the node is open on one side. Nothing forces its flow, which is why a structural matching reports an unmatched unknown here. Not a defect in the model""}",/data/mrumoca/eval/results/ibpsa/findings.jsonl
ibpsa,historical-static,IBPSA.Controls.OBC.CDL.Reals.Validation.MultiMin,1,non-square-block,medium,False,hold-needs-source-and-witness-review,"{""block"": 0, ""equations"": 11, ""variables"": 7}",/data/mrumoca/eval/results/ibpsa/findings.jsonl
ibpsa,historical-static,IBPSA.Controls.OBC.CDL.Reals.Validation.Multiply,0,start-violates-min,high,False,hold-needs-source-and-witness-review,"{""variable"": ""ramp1.duration"", ""start"": 0.0, ""bound"": ""min"", ""limit"": 1e-37}",/data/mrumoca/eval/results/ibpsa/findings.jsonl
ibpsa,historical-static,IBPSA.Controls.OBC.CDL.Reals.Validation.Multiply,1,start-violates-min,high,False,hold-needs-source-and-witness-review,"{""variable"": ""ramp2.duration"", ""start"": 0.0, ""bound"": ""min"", ""limit"": 1e-37}",/data/mrumoca/eval/results/ibpsa/findings.jsonl
ibpsa,historical-static,IBPSA.Controls.OBC.CDL.Reals.Validation.Multiply,2,network-boundary-port,low,False,standalone-topology-not-defect-proof,"{""node"": ""product1 -- ramp1 -- ramp2"", ""boundary_connectors"": ""product1, ramp1, ramp2"", ""wired_to"": ""nothing"", ""note"": ""this connector belongs to the model itself, not to a component inside it: the model is an interface compiled on its own, so the node is open on one side. Nothing forces its flow, which is why a structural matching reports an unmatched unknown here. Not a defect in the model""}",/data/mrumoca/eval/results/ibpsa/findings.jsonl
ibpsa,historical-static,IBPSA.Controls.OBC.CDL.Reals.Validation.MultiplyByParameter,0,start-violates-min,high,False,hold-needs-source-and-witness-review,"{""variable"": ""ramp1.duration"", ""start"": 0.0, ""bound"": ""min"", ""limit"": 1e-37}",/data/mrumoca/eval/results/ibpsa/findings.jsonl
ibpsa,historical-static,IBPSA.Controls.OBC.CDL.Reals.Validation.MultiplyByParameter,1,network-boundary-port,low,False,standalone-topology-not-defect-proof,"{""node"": ""gain1 -- ramp1"", ""boundary_connectors"": ""gain1, ramp1"", ""wired_to"": ""nothing"", ""note"": ""this connector belongs to the model itself, not to a component inside it: the model is an interface compiled on its own, so the node is open on one side. Nothing forces its flow, which is why a structural matching reports an unmatched unknown here. Not a defect in the model""}",/data/mrumoca/eval/results/ibpsa/findings.jsonl
ibpsa,historical-static,IBPSA.Controls.OBC.CDL.Reals.Validation.Sin,0,start-violates-min,high,False,hold-needs-source-and-witness-review,"{""variable"": ""ramp1.duration"", ""start"": 0.0, ""bound"": ""min"", ""limit"": 1e-37}",/data/mrumoca/eval/results/ibpsa/findings.jsonl
ibpsa,historical-static,IBPSA.Controls.OBC.CDL.Reals.Validation.Sin,1,network-boundary-port,low,False,standalone-topology-not-defect-proof,"{""node"": ""ramp1 -- sin1"", ""boundary_connectors"": ""ramp1, sin1"", ""wired_to"": ""nothing"", ""note"": ""this connector belongs to the model itself, not to a component inside it: the model is an interface compiled on its own, so the node is open on one side. Nothing forces its flow, which is why a structural matching reports an unmatched unknown here. Not a defect in the model""}",/data/mrumoca/eval/results/ibpsa/findings.jsonl
ibpsa,historical-static,IBPSA.Controls.OBC.CDL.Reals.Validation.Sqrt,0,start-violates-min,high,False,hold-needs-source-and-witness-review,"{""variable"": ""ramp1.duration"", ""start"": 0.0, ""bound"": ""min"", ""limit"": 1e-37}",/data/mrumoca/eval/results/ibpsa/findings.jsonl
ibpsa,historical-static,IBPSA.Controls.OBC.CDL.Reals.Validation.Sqrt,1,network-boundary-port,low,False,standalone-topology-not-defect-proof,"{""node"": ""ramp1 -- sqrt1"", ""boundary_connectors"": ""ramp1, sqrt1"", ""wired_to"": ""nothing"", ""note"": ""this connector belongs to the model itself, not to a component inside it: the model is an interface compiled on its own, so the node is open on one side. Nothing forces its flow, which is why a structural matching reports an unmatched unknown here. Not a defect in the model""}",/data/mrumoca/eval/results/ibpsa/findings.jsonl
ibpsa,historical-static,IBPSA.Controls.OBC.CDL.Reals.Validation.Subtract,0,start-violates-min,high,False,hold-needs-source-and-witness-review,"{""variable"": ""ramp1.duration"", ""start"": 0.0, ""bound"": ""min"", ""limit"": 1e-37}",/data/mrumoca/eval/results/ibpsa/findings.jsonl
ibpsa,historical-static,IBPSA.Controls.OBC.CDL.Reals.Validation.Subtract,1,start-violates-min,high,False,hold-needs-source-and-witness-review,"{""variable"": ""ramp2.duration"", ""start"": 0.0, ""bound"": ""min"", ""limit"": 1e-37}",/data/mrumoca/eval/results/ibpsa/findings.jsonl
ibpsa,historical-static,IBPSA.Controls.OBC.CDL.Reals.Validation.Subtract,2,network-boundary-port,low,False,standalone-topology-not-defect-proof,"{""node"": ""ramp1 -- ramp2 -- sub"", ""boundary_connectors"": ""ramp1, ramp2, sub"", ""wired_to"": ""nothing"", ""note"": ""this connector belongs to the model itself, not to a component inside it: the model is an interface compiled on its own, so the node is open on one side. Nothing forces its flow, which is why a structural matching reports an unmatched unknown here. Not a defect in the model""}",/data/mrumoca/eval/results/ibpsa/findings.jsonl
ibpsa,historical-static,IBPSA.Controls.OBC.CDL.Reals.Validation.Round,0,divisor-zero-unresolved,medium,False,hold-needs-source-and-witness-review,"{""denominator"": ""round1.fac"", ""witness"": ""round1.fac = 0"", ""witness_rationale"": ""set to zero"", ""denominator_at_witness"": 0.0, ""denominator_at_declared_values"": 1.0, ""denominator_range"": ""[-inf, inf]"", ""path_condition"": ""((round1.u > 0))"", ""verdict"": ""UNKNOWN"", ""proof"": ""the path depends on quantities the artifact does not determine: (round1.u > 0)"", ""constraints"": ""round1.fac: unbounded"", ""note"": ""an assignment drives the denominator to zero, but whether the division is evaluated there could not be decided from the artifact; this is unresolved, not confirmed""}",/data/mrumoca/eval/results/ibpsa/findings.jsonl
ibpsa,historical-static,IBPSA.Controls.OBC.CDL.Reals.Validation.Round,1,divisor-zero-unresolved,medium,False,hold-needs-source-and-witness-review,"{""denominator"": ""round1.fac"", ""witness"": ""round1.fac = 0"", ""witness_rationale"": ""set to zero"", ""denominator_at_witness"": 0.0, ""denominator_at_declared_values"": 1.0, ""denominator_range"": ""[-inf, inf]"", ""path_condition"": ""not ((round1.u > 0))"", ""verdict"": ""UNKNOWN"", ""proof"": ""the path depends on quantities the artifact does not determine: (round1.u > 0)"", ""constraints"": ""round1.fac: unbounded"", ""note"": ""an assignment drives the denominator to zero, but whether the division is evaluated there could not be decided from the artifact; this is unresolved, not confirmed""}",/data/mrumoca/eval/results/ibpsa/findings.jsonl
ibpsa,historical-static,IBPSA.Controls.OBC.CDL.Reals.Validation.Round,2,divisor-zero-unresolved,medium,False,hold-needs-source-and-witness-review,"{""denominator"": ""round2.fac"", ""witness"": ""round2.fac = 0"", ""witness_rationale"": ""set to zero"", ""denominator_at_witness"": 0.0, ""denominator_at_declared_values"": 10.0, ""denominator_range"": ""[-inf, inf]"", ""path_condition"": ""((round2.u > 0))"", ""verdict"": ""UNKNOWN"", ""proof"": ""the path depends on quantities the artifact does not determine: (round2.u > 0)"", ""constraints"": ""round2.fac: unbounded"", ""note"": ""an assignment drives the denominator to zero, but whether the division is evaluated there could not be decided from the artifact; this is unresolved, not confirmed""}",/data/mrumoca/eval/results/ibpsa/findings.jsonl
ibpsa,historical-static,IBPSA.Controls.OBC.CDL.Reals.Validation.Round,3,divisor-zero-unresolved,medium,False,hold-needs-source-and-witness-review,"{""denominator"": ""round2.fac"", ""witness"": ""round2.fac = 0"", ""witness_rationale"": ""set to zero"", ""denominator_at_witness"": 0.0, ""denominator_at_declared_values"": 10.0, ""denominator_range"": ""[-inf, inf]"", ""path_condition"": ""not ((round2.u > 0))"", ""verdict"": ""UNKNOWN"", ""proof"": ""the path depends on quantities the artifact does not determine: (round2.u > 0)"", ""constraints"": ""round2.fac: unbounded"", ""note"": ""an assignment drives the denominator to zero, but whether the division is evaluated there could not be decided from the artifact; this is unresolved, not confirmed""}",/data/mrumoca/eval/results/ibpsa/findings.jsonl
ibpsa,historical-static,IBPSA.Controls.OBC.CDL.Reals.Validation.Round,4,divisor-zero-unresolved,medium,False,hold-needs-source-and-witness-review,"{""denominator"": ""round3.fac"", ""witness"": ""round3.fac = 0"", ""witness_rationale"": ""set to zero"", ""denominator_at_witness"": 0.0, ""denominator_at_declared_values"": 0.1, ""denominator_range"": ""[-inf, inf]"", ""path_condition"": ""((round3.u > 0))"", ""verdict"": ""UNKNOWN"", ""proof"": ""the path depends on quantities the artifact does not determine: (round3.u > 0)"", ""constraints"": ""round3.fac: unbounded"", ""note"": ""an assignment drives the denominator to zero, but whether the division is evaluated there could not be decided from the artifact; this is unresolved, not confirmed""}",/data/mrumoca/eval/results/ibpsa/findings.jsonl
ibpsa,historical-static,IBPSA.Controls.OBC.CDL.Reals.Validation.Round,5,divisor-zero-unresolved,medium,False,hold-needs-source-and-witness-review,"{""denominator"": ""round3.fac"", ""witness"": ""round3.fac = 0"", ""witness_rationale"": ""set to zero"", ""denominator_at_witness"": 0.0, ""denominator_at_declared_values"": 0.1, ""denominator_range"": ""[-inf, inf]"", ""path_condition"": ""not ((round3.u > 0))"", ""verdict"": ""UNKNOWN"", ""proof"": ""the path depends on quantities the artifact does not determine: (round3.u > 0)"", ""constraints"": ""round3.fac: unbounded"", ""note"": ""an assignment drives the denominator to zero, but whether the division is evaluated there could not be decided from the artifact; this is unresolved, not confirmed""}",/data/mrumoca/eval/results/ibpsa/findings.jsonl
ibpsa,historical-static,IBPSA.Controls.OBC.CDL.Reals.Validation.Round,6,start-violates-min,high,False,hold-needs-source-and-witness-review,"{""variable"": ""ramp1.duration"", ""start"": 0.0, ""bound"": ""min"", ""limit"": 1e-37}",/data/mrumoca/eval/results/ibpsa/findings.jsonl
ibpsa,historical-static,IBPSA.Controls.OBC.CDL.Reals.Validation.Round,7,network-boundary-port,low,False,standalone-topology-not-defect-proof,"{""node"": ""gai -- gai1 -- ramp1 -- round1 -- round2 -- round3"", ""boundary_connectors"": ""gai, gai1, ramp1, round1, round2, round3"", ""wired_to"": ""nothing"", ""note"": ""this connector belongs to the model itself, not to a component inside it: the model is an interface compiled on its own, so the node is open on one side. Nothing forces its flow, which is why a structural matching reports an unmatched unknown here. Not a defect in the model""}",/data/mrumoca/eval/results/ibpsa/findings.jsonl
ibpsa,historical-static,IBPSA.Controls.OBC.CDL.Reals.Validation.Tan,0,start-violates-min,high,False,hold-needs-source-and-witness-review,"{""variable"": ""ramp1.duration"", ""start"": 0.0, ""bound"": ""min"", ""limit"": 1e-37}",/data/mrumoca/eval/results/ibpsa/findings.jsonl
ibpsa,historical-static,IBPSA.Controls.OBC.CDL.Reals.Validation.Tan,1,network-boundary-port,low,False,standalone-topology-not-defect-proof,"{""node"": ""ramp1 -- tan1"", ""boundary_connectors"": ""ramp1, tan1"", ""wired_to"": ""nothing"", ""note"": ""this connector belongs to the model itself, not to a component inside it: the model is an interface compiled on its own, so the node is open on one side. Nothing forces its flow, which is why a structural matching reports an unmatched unknown here. Not a defect in the model""}",/data/mrumoca/eval/results/ibpsa/findings.jsonl
ibpsa,historical-static,IBPSA.Controls.OBC.CDL.Reals.Validation.MultiSum,0,start-violates-min,high,False,hold-needs-source-and-witness-review,"{""variable"": ""ramp1.duration"", ""start"": 0.0, ""bound"": ""min"", ""limit"": 1e-37}",/data/mrumoca/eval/results/ibpsa/findings.jsonl
ibpsa,historical-static,IBPSA.Controls.OBC.CDL.Reals.Validation.MultiSum,1,start-violates-min,high,False,hold-needs-source-and-witness-review,"{""variable"": ""ramp2.duration"", ""start"": 0.0, ""bound"": ""min"", ""limit"": 1e-37}",/data/mrumoca/eval/results/ibpsa/findings.jsonl
ibpsa,historical-static,IBPSA.Controls.OBC.CDL.Reals.Validation.MultiSum,2,start-violates-min,high,False,hold-needs-source-and-witness-review,"{""variable"": ""ramp3.duration"", ""start"": 0.0, ""bound"": ""min"", ""limit"": 1e-37}",/data/mrumoca/eval/results/ibpsa/findings.jsonl
ibpsa,historical-static,IBPSA.Controls.OBC.CDL.Reals.Validation.MultiSum,3,start-violates-min,high,False,hold-needs-source-and-witness-review,"{""variable"": ""ramp4.duration"", ""start"": 0.0, ""bound"": ""min"", ""limit"": 1e-37}",/data/mrumoca/eval/results/ibpsa/findings.jsonl
ibpsa,historical-static,IBPSA.Controls.OBC.CDL.Reals.Validation.MultiSum,4,start-violates-min,high,False,hold-needs-source-and-witness-review,"{""variable"": ""ramp5.duration"", ""start"": 0.0, ""bound"": ""min"", ""limit"": 1e-37}",/data/mrumoca/eval/results/ibpsa/findings.jsonl
ibpsa,historical-static,IBPSA.Controls.OBC.CDL.Reals.Validation.MultiSum,5,network-boundary-port,low,False,standalone-topology-not-defect-proof,"{""node"": ""mulSum_1 -- mulSum_2 -- mulSum_3 -- mulSum_5 -- ramp1 -- ramp2 -- ramp3 -- ramp4 -- ramp5"", ""boundary_connectors"": ""mulSum_1, mulSum_2, mulSum_3, mulSum_5, ramp1, ramp2, ramp3, ramp4, ramp5"", ""wired_to"": ""nothing"", ""note"": ""this connector belongs to the model itself, not to a component inside it: the model is an interface compiled on its own, so the node is open on one side. Nothing forces its flow, which is why a structural matching reports an unmatched unknown here. Not a defect in the model""}",/data/mrumoca/eval/results/ibpsa/findings.jsonl
ibpsa,historical-static,IBPSA.Controls.OBC.CDL.Reals.Validation.MultiSum,6,non-square-block,medium,False,hold-needs-source-and-witness-review,"{""block"": 0, ""equations"": 20, ""variables"": 13}",/data/mrumoca/eval/results/ibpsa/findings.jsonl
ibpsa,historical-static,IBPSA.Controls.OBC.CDL.Routing.Validation.IntegerScalarReplicator,0,start-violates-min,high,False,hold-needs-source-and-witness-review,"{""variable"": ""ram.duration"", ""start"": 0.0, ""bound"": ""min"", ""limit"": 1e-37}",/data/mrumoca/eval/results/ibpsa/findings.jsonl
ibpsa,historical-static,IBPSA.Controls.OBC.CDL.Routing.Validation.IntegerScalarReplicator,1,network-boundary-port,low,False,standalone-topology-not-defect-proof,"{""node"": ""intRep -- ram -- reaToInt"", ""boundary_connectors"": ""intRep, ram, reaToInt"", ""wired_to"": ""nothing"", ""note"": ""this connector belongs to the model itself, not to a component inside it: the model is an interface compiled on its own, so the node is open on one side. Nothing forces its flow, which is why a structural matching reports an unmatched unknown here. Not a defect in the model""}",/data/mrumoca/eval/results/ibpsa/findings.jsonl
ibpsa,historical-static,IBPSA.Controls.OBC.CDL.Routing.Validation.RealScalarReplicator,0,start-violates-min,high,False,hold-needs-source-and-witness-review,"{""variable"": ""ram.duration"", ""start"": 0.0, ""bound"": ""min"", ""limit"": 1e-37}",/data/mrumoca/eval/results/ibpsa/findings.jsonl
ibpsa,historical-static,IBPSA.Controls.OBC.CDL.Routing.Validation.RealScalarReplicator,1,network-boundary-port,low,False,standalone-topology-not-defect-proof,"{""node"": ""ram -- reaRep"", ""boundary_connectors"": ""ram, reaRep"", ""wired_to"": ""nothing"", ""note"": ""this connector belongs to the model itself, not to a component inside it: the model is an interface compiled on its own, so the node is open on one side. Nothing forces its flow, which is why a structural matching reports an unmatched unknown here. Not a defect in the model""}",/data/mrumoca/eval/results/ibpsa/findings.jsonl
ibpsa,historical-static,IBPSA.Controls.OBC.Utilities.OptimalStart,0,network-boundary-port,low,False,standalone-topology-not-defect-proof,"{""node"": ""addPar -- falEdg -- hysSta -- hysSta.greHys -- tNexOcc"", ""boundary_connectors"": ""addPar, falEdg, hysSta, tNexOcc"", ""wired_to"": ""hysSta.greHys"", ""note"": ""this connector belongs to the model itself, not to a component inside it: the model is an interface compiled on its own, so the node is open on one side. Nothing forces its flow, which is why a structural matching reports an unmatched unknown here. Not a defect in the model""}",/data/mrumoca/eval/results/ibpsa/findings.jsonl
ibpsa,historical-static,IBPSA.Controls.OBC.Utilities.OptimalStart,1,network-boundary-port,low,False,standalone-topology-not-defect-proof,"{""node"": ""con -- con3 -- optOn -- or2"", ""boundary_connectors"": ""con, con3, optOn, or2"", ""wired_to"": ""nothing"", ""note"": ""this connector belongs to the model itself, not to a component inside it: the model is an interface compiled on its own, so the node is open on one side. Nothing forces its flow, which is why a structural matching reports an unmatched unknown here. Not a defect in the model""}",/data/mrumoca/eval/results/ibpsa/findings.jsonl
ibpsa,historical-static,IBPSA.Controls.OBC.Utilities.OptimalStart,2,network-boundary-port,low,False,standalone-topology-not-defect-proof,"{""node"": ""con1 -- con2 -- max -- tOpt"", ""boundary_connectors"": ""con1, con2, max, tOpt"", ""wired_to"": ""nothing"", ""note"": ""this connector belongs to the model itself, not to a component inside it: the model is an interface compiled on its own, so the node is open on one side. Nothing forces its flow, which is why a structural matching reports an unmatched unknown here. Not a defect in the model""}",/data/mrumoca/eval/results/ibpsa/findings.jsonl
ibpsa,historical-static,IBPSA.Controls.OBC.Utilities.OptimalStart,3,non-square-block,medium,False,hold-needs-source-and-witness-review,"{""block"": 1, ""equations"": 4, ""variables"": 5}",/data/mrumoca/eval/results/ibpsa/findings.jsonl
ibpsa,historical-static,IBPSA.Controls.OBC.Utilities.SetPoints.SupplyReturnTemperatureReset,0,divisor-reachable-zero,high,False,hold-needs-source-and-witness-review,"{""denominator"": ""qRel.u2"", ""witness"": ""TZon_nom.k = 8"", ""witness_rationale"": ""the value that solves the denominator to zero"", ""denominator_at_witness"": 0.0, ""denominator_at_declared_values"": 285.15, ""denominator_range"": ""[-inf, inf]"", ""path_condition"": ""always evaluated"", ""verdict"": ""SAT"", ""proof"": ""the division is not inside any branch"", ""constraints"": ""TZon_nom.k: unbounded"", ""note"": ""a permitted assignment drives the complete denominator to zero and the division is still evaluated there""}",/data/mrumoca/eval/results/ibpsa/findings.jsonl
ibpsa,historical-static,IBPSA.Controls.OBC.Utilities.SetPoints.SupplyReturnTemperatureReset,1,divisor-reachable-zero,high,False,hold-needs-source-and-witness-review,"{""denominator"": ""mInv.u2"", ""witness"": ""expM.k = 0"", ""witness_rationale"": ""set to zero"", ""denominator_at_witness"": 0.0, ""denominator_at_declared_values"": 1.3, ""denominator_range"": ""[-inf, inf]"", ""path_condition"": ""always evaluated"", ""verdict"": ""SAT"", ""proof"": ""the division is not inside any branch"", ""constraints"": ""expM.k: unbounded"", ""note"": ""a permitted assignment drives the complete denominator to zero and the division is still evaluated there""}",/data/mrumoca/eval/results/ibpsa/findings.jsonl
ibpsa,historical-static,IBPSA.Controls.OBC.Utilities.SetPoints.SupplyReturnTemperatureReset,2,start-violates-min,high,False,hold-needs-source-and-witness-review,"{""variable"": ""TSup"", ""start"": 0.0, ""bound"": ""min"", ""limit"": 200}",/data/mrumoca/eval/results/ibpsa/findings.jsonl
ibpsa,historical-static,IBPSA.Controls.OBC.Utilities.SetPoints.SupplyReturnTemperatureReset,3,start-violates-min,high,False,hold-needs-source-and-witness-review,"{""variable"": ""TRet"", ""start"": 0.0, ""bound"": ""min"", ""limit"": 200}",/data/mrumoca/eval/results/ibpsa/findings.jsonl
ibpsa,historical-static,IBPSA.Controls.OBC.Utilities.SetPoints.SupplyReturnTemperatureReset,4,network-boundary-port,low,False,standalone-topology-not-defect-proof,"{""node"": ""TAve -- TFluAve_nominal -- TOut -- TOutOffSet -- TOutOffSet_nominal -- TOut_nom -- TRet -- TRetCur -- TRet_nom -- TSetZon -- TSup -- TSupCur -- TSup_nom -- TZon_nom -- dTFlu -- dTFlu2_nom -- dTFluAve_nominal -- dTOutHeaBal_nominal -- dTQ -- expM -- gai -- log1 -- mInv -- one -- pro -- qRaiInvM -- qRel -- qRel0 -- qRelDen -- qRelNum -- zer"", ""boundary_connectors"": ""TAve, TFluAve_nominal, TOut, TOutOffSet, TOutOffSet_nominal, TOut_nom, TRet, TRetCur, TRet_nom, TSetZon, TSup, TSupCur, TSup_nom, TZon_nom, dTFlu, dTFlu2_nom, dTFluAve_nominal, dTOutHeaBal_nominal, dTQ, expM, gai, log1, mInv, one, pro, qRaiInvM, qRel, qRel0, qRelDen, qRelNum, zer"", ""wired_to"": ""nothing"", ""note"": ""this connector belongs to the model itself, not to a component inside it: the model is an interface compiled on its own, so the node is open on one side. Nothing forces its flow, which is why a structural matching reports an unmatched unknown here. Not a defect in the model""}",/data/mrumoca/eval/results/ibpsa/findings.jsonl
ibpsa,historical-static,IBPSA.Controls.OBC.Utilities.SetPoints.SupplyReturnTemperatureReset,5,non-square-block,medium,False,hold-needs-source-and-witness-review,"{""block"": 0, ""equations"": 64, ""variables"": 66}",/data/mrumoca/eval/results/ibpsa/findings.jsonl
ibpsa,historical-static,IBPSA.Controls.SetPoints.SupplyReturnTemperatureReset,0,divisor-zero-when-parameters-equal,high,False,hold-needs-source-and-witness-review,"{""denominator"": ""(TRoo_nominal - TOutOffSet_nominal)"", ""witness"": ""TOutOffSet_nominal = 293.15"", ""witness_rationale"": ""set equal to TRoo_nominal"", ""denominator_at_witness"": 0.0, ""denominator_at_declared_values"": null, ""denominator_range"": ""[-inf, inf]"", ""path_condition"": ""always evaluated"", ""verdict"": ""SAT"", ""proof"": ""the division is not inside any branch"", ""constraints"": ""TOutOffSet_nominal: min=0"", ""note"": ""the denominator is a difference, so it vanishes when the two sides are equal; no `min` on either can express a constraint between two parameters and an assertion is the only mechanism""}",/data/mrumoca/eval/results/ibpsa/findings.jsonl
ibpsa,historical-static,IBPSA.Controls.SetPoints.SupplyReturnTemperatureReset,1,divisor-reachable-zero,high,False,hold-needs-source-and-witness-review,"{""denominator"": ""m"", ""witness"": ""m = 0"", ""witness_rationale"": ""set to zero"", ""denominator_at_witness"": 0.0, ""denominator_at_declared_values"": 1.3, ""denominator_range"": ""[-inf, inf]"", ""path_condition"": ""always evaluated"", ""verdict"": ""SAT"", ""proof"": ""the division is not inside any branch"", ""constraints"": ""m: unbounded"", ""note"": ""a permitted assignment drives the complete denominator to zero and the division is still evaluated there""}",/data/mrumoca/eval/results/ibpsa/findings.jsonl
ibpsa,historical-static,IBPSA.Controls.SetPoints.SupplyReturnTemperatureReset,2,init-precondition-at-risk,low,False,hold-needs-source-and-witness-review,"{""expression"": ""((TRoo_in_internal - TOutOffSet) / (TRoo_nominal - TOutOffSet_nominal))"", ""requirement"": ""divisor must not be zero"", ""initial_range"": ""[-inf, 293.15]"", ""result"": ""UNKNOWN"", ""note"": ""the initial range of this operand contains a value the operation does not accept; whether it takes one is not decidable statically""}",/data/mrumoca/eval/results/ibpsa/findings.jsonl
ibpsa,historical-static,IBPSA.Controls.SetPoints.SupplyReturnTemperatureReset,3,non-square-block,medium,False,hold-needs-source-and-witness-review,"{""block"": 0, ""equations"": 5, ""variables"": 6}",/data/mrumoca/eval/results/ibpsa/findings.jsonl
ibpsa,historical-static,IBPSA.Controls.SetPoints.Examples.SupplyReturnTemperatureReset,0,divisor-zero-when-parameters-equal,high,False,hold-needs-source-and-witness-review,"{""denominator"": ""(heaCur.TRoo_nominal - heaCur.TOutOffSet_nominal)"", ""witness"": ""heaCur.TRoo_nominal = 271.15"", ""witness_rationale"": ""set equal to heaCur.TOutOffSet_nominal"", ""denominator_at_witness"": 0.0, ""denominator_at_declared_values"": 22.0, ""denominator_range"": ""[-inf, inf]"", ""path_condition"": ""always evaluated"", ""verdict"": ""SAT"", ""proof"": ""the division is not inside any branch"", ""constraints"": ""heaCur.TRoo_nominal: min=0"", ""note"": ""the denominator is a difference, so it vanishes when the two sides are equal; no `min` on either can express a constraint between two parameters and an assertion is the only mechanism""}",/data/mrumoca/eval/results/ibpsa/findings.jsonl
ibpsa,historical-static,IBPSA.Controls.SetPoints.Examples.SupplyReturnTemperatureReset,1,divisor-reachable-zero,high,False,hold-needs-source-and-witness-review,"{""denominator"": ""heaCur.m"", ""witness"": ""heaCur.m = 0"", ""witness_rationale"": ""set to zero"", ""denominator_at_witness"": 0.0, ""denominator_at_declared_values"": 1.0, ""denominator_range"": ""[-inf, inf]"", ""path_condition"": ""always evaluated"", ""verdict"": ""SAT"", ""proof"": ""the division is not inside any branch"", ""constraints"": ""heaCur.m: unbounded"", ""note"": ""a permitted assignment drives the complete denominator to zero and the division is still evaluated there""}",/data/mrumoca/eval/results/ibpsa/findings.jsonl
ibpsa,historical-static,IBPSA.Controls.SetPoints.Examples.SupplyReturnTemperatureReset,2,divisor-unreachable-under-witness,low,False,advisory-or-explicit-non-defect,"{""denominator"": ""TOut.duration"", ""witness"": ""TOut.duration = 0"", ""witness_rationale"": ""set to zero"", ""denominator_at_witness"": 0.0, ""denominator_at_declared_values"": 1.0, ""denominator_range"": ""[0, inf]"", ""path_condition"": ""not ((time < TOut.startTime)) and ((time < (TOut.startTime + TOut.duration)))"", ""verdict"": ""UNSAT"", ""proof"": ""the path conditions cannot hold together: time must be both > 0 and < 0"", ""constraints"": ""TOut.duration: min=0"", ""note"": ""reported so the guard can be seen and challenged, not as a defect; zero is outside the domain this division is evaluated in""}",/data/mrumoca/eval/results/ibpsa/findings.jsonl
ibpsa,historical-static,IBPSA.Controls.SetPoints.Examples.SupplyReturnTemperatureReset,3,divisor-zero-when-parameters-equal,high,False,hold-needs-source-and-witness-review,"{""denominator"": ""(heaCur1.TRoo_nominal - heaCur1.TOutOffSet_nominal)"", ""witness"": ""heaCur1.TRoo_nominal = 278.15"", ""witness_rationale"": ""set equal to heaCur1.TOutOffSet_nominal"", ""denominator_at_witness"": 0.0, ""denominator_at_declared_values"": 15.0, ""denominator_range"": ""[-inf, inf]"", ""path_condition"": ""always evaluated"", ""verdict"": ""SAT"", ""proof"": ""the division is not inside any branch"", ""constraints"": ""heaCur1.TRoo_nominal: min=0"", ""note"": ""the denominator is a difference, so it vanishes when the two sides are equal; no `min` on either can express a constraint between two parameters and an assertion is the only mechanism""}",/data/mrumoca/eval/results/ibpsa/findings.jsonl
ibpsa,historical-static,IBPSA.Controls.SetPoints.Examples.SupplyReturnTemperatureReset,4,divisor-reachable-zero,high,False,hold-needs-source-and-witness-review,"{""denominator"": ""heaCur1.m"", ""witness"": ""heaCur1.m = 0"", ""witness_rationale"": ""set to zero"", ""denominator_at_witness"": 0.0, ""denominator_at_declared_values"": 1.0, ""denominator_range"": ""[-inf, inf]"", ""path_condition"": ""always evaluated"", ""verdict"": ""SAT"", ""proof"": ""the division is not inside any branch"", ""constraints"": ""heaCur1.m: unbounded"", ""note"": ""a permitted assignment drives the complete denominator to zero and the division is still evaluated there""}",/data/mrumoca/eval/results/ibpsa/findings.jsonl
ibpsa,historical-static,IBPSA.Controls.SetPoints.Examples.SupplyReturnTemperatureReset,5,network-boundary-port,low,False,standalone-topology-not-defect-proof,"{""node"": ""TOut2 -- TRoo -- heaCur1"", ""boundary_connectors"": ""TOut2, TRoo, heaCur1"", ""wired_to"": ""nothing"", ""note"": ""this connector belongs to the model itself, not to a component inside it: the model is an interface compiled on its own, so the node is open on one side. Nothing forces its flow, which is why a structural matching reports an unmatched unknown here. Not a defect in the model""}",/data/mrumoca/eval/results/ibpsa/findings.jsonl
ibpsa,historical-static,IBPSA.Controls.SetPoints.Examples.SupplyReturnTemperatureReset,6,network-boundary-port,low,False,standalone-topology-not-defect-proof,"{""node"": ""TOut -- heaCur"", ""boundary_connectors"": ""TOut, heaCur"", ""wired_to"": ""nothing"", ""note"": ""this connector belongs to the model itself, not to a component inside it: the model is an interface compiled on its own, so the node is open on one side. Nothing forces its flow, which is why a structural matching reports an unmatched unknown here. Not a defect in the model""}",/data/mrumoca/eval/results/ibpsa/findings.jsonl
ibpsa,historical-static,IBPSA.Controls.OBC.Utilities.SetPoints.Validation.SupplyReturnTemperatureResetExponent,0,divisor-reachable-zero,high,False,hold-needs-source-and-witness-review,"{""denominator"": ""heaCur.qRel.u2"", ""witness"": ""heaCur.TZon_nom.k = 271.15"", ""witness_rationale"": ""the value that solves the denominator to zero"", ""denominator_at_witness"": 0.0, ""denominator_at_declared_values"": 22.0, ""denominator_range"": ""[-inf, inf]"", ""path_condition"": ""always evaluated"", ""verdict"": ""SAT"", ""proof"": ""the division is not inside any branch"", ""constraints"": ""heaCur.TZon_nom.k: unbounded"", ""note"": ""a permitted assignment drives the complete denominator to zero and the division is still evaluated there""}",/data/mrumoca/eval/results/ibpsa/findings.jsonl
ibpsa,historical-static,IBPSA.Controls.OBC.Utilities.SetPoints.Validation.SupplyReturnTemperatureResetExponent,1,divisor-reachable-zero,high,False,hold-needs-source-and-witness-review,"{""denominator"": ""heaCur.mInv.u2"", ""witness"": ""heaCur.expM.k = 0"", ""witness_rationale"": ""set to zero"", ""denominator_at_witness"": 0.0, ""denominator_at_declared_values"": 1.0, ""denominator_range"": ""[-inf, inf]"", ""path_condition"": ""always evaluated"", ""verdict"": ""SAT"", ""proof"": ""the division is not inside any branch"", ""constraints"": ""heaCur.expM.k: unbounded"", ""note"": ""a permitted assignment drives the complete denominator to zero and the division is still evaluated there""}",/data/mrumoca/eval/results/ibpsa/findings.jsonl
ibpsa,historical-static,IBPSA.Controls.OBC.Utilities.SetPoints.Validation.SupplyReturnTemperatureResetExponent,2,divisor-reachable-zero,high,False,hold-needs-source-and-witness-review,"{""denominator"": ""heaCurM.qRel.u2"", ""witness"": ""heaCurM.TZon_nom.k = 271.15"", ""witness_rationale"": ""the value that solves the denominator to zero"", ""denominator_at_witness"": 0.0, ""denominator_at_declared_values"": 22.0, ""denominator_range"": ""[-inf, inf]"", ""path_condition"": ""always evaluated"", ""verdict"": ""SAT"", ""proof"": ""the division is not inside any branch"", ""constraints"": ""heaCurM.TZon_nom.k: unbounded"", ""note"": ""a permitted assignment drives the complete denominator to zero and the division is still evaluated there""}",/data/mrumoca/eval/results/ibpsa/findings.jsonl
ibpsa,historical-static,IBPSA.Controls.OBC.Utilities.SetPoints.Validation.SupplyReturnTemperatureResetExponent,3,divisor-reachable-zero,high,False,hold-needs-source-and-witness-review,"{""denominator"": ""heaCurM.mInv.u2"", ""witness"": ""heaCurM.expM.k = 0"", ""witness_rationale"": ""set to zero"", ""denominator_at_witness"": 0.0, ""denominator_at_declared_values"": 1.3, ""denominator_range"": ""[-inf, inf]"", ""path_condition"": ""always evaluated"", ""verdict"": ""SAT"", ""proof"": ""the division is not inside any branch"", ""constraints"": ""heaCurM.expM.k: unbounded"", ""note"": ""a permitted assignment drives the complete denominator to zero and the division is still evaluated there""}",/data/mrumoca/eval/results/ibpsa/findings.jsonl
ibpsa,historical-static,IBPSA.Controls.OBC.Utilities.SetPoints.Validation.SupplyReturnTemperatureResetExponent,4,start-violates-min,high,False,hold-needs-source-and-witness-review,"{""variable"": ""heaCur.TSetZon"", ""start"": 0.0, ""bound"": ""min"", ""limit"": 200}",/data/mrumoca/eval/results/ibpsa/findings.jsonl
ibpsa,historical-static,IBPSA.Controls.OBC.Utilities.SetPoints.Validation.SupplyReturnTemperatureResetExponent,5,start-violates-min,high,False,hold-needs-source-and-witness-review,"{""variable"": ""heaCur.TOut"", ""start"": 0.0, ""bound"": ""min"", ""limit"": 200}",/data/mrumoca/eval/results/ibpsa/findings.jsonl
ibpsa,historical-static,IBPSA.Controls.OBC.Utilities.SetPoints.Validation.SupplyReturnTemperatureResetExponent,6,start-violates-min,high,False,hold-needs-source-and-witness-review,"{""variable"": ""heaCur.TSup"", ""start"": 0.0, ""bound"": ""min"", ""limit"": 200}",/data/mrumoca/eval/results/ibpsa/findings.jsonl
ibpsa,historical-static,IBPSA.Controls.OBC.Utilities.SetPoints.Validation.SupplyReturnTemperatureResetExponent,7,start-violates-min,high,False,hold-needs-source-and-witness-review,"{""variable"": ""heaCur.TRet"", ""start"": 0.0, ""bound"": ""min"", ""limit"": 200}",/data/mrumoca/eval/results/ibpsa/findings.jsonl
ibpsa,historical-static,IBPSA.Controls.OBC.Utilities.SetPoints.Validation.SupplyReturnTemperatureResetExponent,8,start-violates-min,high,False,hold-needs-source-and-witness-review,"{""variable"": ""TOut.duration"", ""start"": 0.0, ""bound"": ""min"", ""limit"": 1e-37}",/data/mrumoca/eval/results/ibpsa/findings.jsonl
ibpsa,historical-static,IBPSA.Controls.OBC.Utilities.SetPoints.Validation.SupplyReturnTemperatureResetExponent,9,start-violates-min,high,False,hold-needs-source-and-witness-review,"{""variable"": ""heaCurM.TSetZon"", ""start"": 0.0, ""bound"": ""min"", ""limit"": 200}",/data/mrumoca/eval/results/ibpsa/findings.jsonl
ibpsa,historical-static,IBPSA.Controls.OBC.Utilities.SetPoints.Validation.SupplyReturnTemperatureResetExponent,10,start-violates-min,high,False,hold-needs-source-and-witness-review,"{""variable"": ""heaCurM.TOut"", ""start"": 0.0, ""bound"": ""min"", ""limit"": 200}",/data/mrumoca/eval/results/ibpsa/findings.jsonl
ibpsa,historical-static,IBPSA.Controls.OBC.Utilities.SetPoints.Validation.SupplyReturnTemperatureResetExponent,11,start-violates-min,high,False,hold-needs-source-and-witness-review,"{""variable"": ""heaCurM.TSup"", ""start"": 0.0, ""bound"": ""min"", ""limit"": 200}",/data/mrumoca/eval/results/ibpsa/findings.jsonl
ibpsa,historical-static,IBPSA.Controls.OBC.Utilities.SetPoints.Validation.SupplyReturnTemperatureResetExponent,12,start-violates-min,high,False,hold-needs-source-and-witness-review,"{""variable"": ""heaCurM.TRet"", ""start"": 0.0, ""bound"": ""min"", ""limit"": 200}",/data/mrumoca/eval/results/ibpsa/findings.jsonl
ibpsa,historical-static,IBPSA.Controls.OBC.Utilities.SetPoints.Validation.SupplyReturnTemperatureResetExponent,13,network-boundary-port,low,False,standalone-topology-not-defect-proof,"{""node"": ""TOut -- TRoo -- heaCur -- heaCur.TAve -- heaCur.TFluAve_nominal -- heaCur.TOutOffSet -- heaCur.TOutOffSet_nominal -- heaCur.TOut_nom -- heaCur.TRetCur -- heaCur.TRet_nom -- heaCur.TSupCur -- heaCur.TSup_nom -- heaCur.TZon_nom -- heaCur.dTFlu -- heaCur.dTFlu2_nom -- heaCur.dTFluAve_nominal -- heaCur.dTOutHeaBal_nominal -- heaCur.dTQ -- heaCur.expM -- heaCur.gai -- heaCur.log1 -- heaCur.mInv -- heaCur.one -- heaCur.pro -- heaCur.qRaiInvM -- heaCur.qRel -- heaCur.qRel0 -- heaCur.qRelDen -- heaCur.qRelNum -- heaCur.zer -- heaCurM -- heaCurM.TAve -- heaCurM.TFluAve_nominal -- heaCurM.TOutOffSet -- heaCurM.TOutOffSet_nominal -- heaCurM.TOut_nom -- heaCurM.TRetCur -- heaCurM.TRet_nom -- heaCurM.TSupCur -- heaCurM.TSup_nom -- heaCurM.TZon_nom -- heaCurM.dTFlu -- heaCurM.dTFlu2_nom -- heaCurM.dTFluAve_nominal -- heaCurM.dTOutHeaBal_nominal -- heaCurM.dTQ -- heaCurM.expM -- heaCurM.gai -- heaCurM.log1 -- heaCurM.mInv -- heaCurM.one -- heaCurM.pro -- heaCurM.qRaiInvM -- heaCurM.qRel -- heaCurM.qRel0 -- heaCurM.qRelDen -- heaCurM.qRelNum -- heaCurM.zer"", ""boundary_connectors"": ""TOut, TRoo, heaCur, heaCurM"", ""wired_to"": ""heaCur.TAve, heaCur.TFluAve_nominal, heaCur.TOutOffSet, heaCur.TOutOffSet_nominal, heaCur.TOut_nom, heaCur.TRetCur, heaCur.TRet_nom, heaCur.TSupCur, heaCur.TSup_nom, heaCur.TZon_nom, heaCur.dTFlu, heaCur.dTFlu2_nom, heaCur.dTFluAve_nominal, heaCur.dTOutHeaBal_nominal, heaCur.dTQ, heaCur.expM, heaCur.gai, heaCur.log1, heaCur.mInv, heaCur.one, heaCur.pro, heaCur.qRaiInvM, heaCur.qRel, heaCur.qRel0, heaCur.qRelDen, heaCur.qRelNum, heaCur.zer, heaCurM.TAve, heaCurM.TFluAve_nominal, heaCurM.TOutOffSet, heaCurM.TOutOffSet_nominal, heaCurM.TOut_nom, heaCurM.TRetCur, heaCurM.TRet_nom, heaCurM.TSupCur, heaCurM.TSup_nom, heaCurM.TZon_nom, heaCurM.dTFlu, heaCurM.dTFlu2_nom, heaCurM.dTFluAve_nominal, heaCurM.dTOutHeaBal_nominal, heaCurM.dTQ, heaCurM.expM, heaCurM.gai, heaCurM.log1, heaCurM.mInv, heaCurM.one, heaCurM.pro, heaCurM.qRaiInvM, heaCurM.qRel, heaCurM.qRel0, heaCurM.qRelDen, heaCurM.qRelNum, heaCurM.zer"", ""note"": ""this connector belongs to the model itself, not to a component inside it: the model is an interface compiled on its own, so the node is open on one side. Nothing forces its flow, which is why a structural matching reports an unmatched unknown here. Not a defect in the model""}",/data/mrumoca/eval/results/ibpsa/findings.jsonl
ibpsa,historical-static,IBPSA.Controls.OBC.Utilities.SetPoints.Validation.SupplyReturnTemperatureResetExponent,14,quantity-missing,low,False,advisory-or-explicit-non-defect,"{""unit"": ""K"", ""count"": 2, ""declarations"": ""TOut.y, TRoo.y"", ""note"": ""a unit is declared without a quantity, so nothing states what is being measured and no rule keyed on quantity can apply to it""}",/data/mrumoca/eval/results/ibpsa/findings.jsonl
ibpsa,historical-static,IBPSA.Electrical.DC.Sources.BaseClasses.WindCorrection,0,divisor-reachable-zero,high,False,hold-needs-source-and-witness-review,"{""denominator"": ""hRef"", ""witness"": ""hRef = 0"", ""witness_rationale"": ""set to zero"", ""denominator_at_witness"": 0.0, ""denominator_at_declared_values"": null, ""denominator_range"": ""[0, inf]"", ""path_condition"": ""always evaluated"", ""verdict"": ""SAT"", ""proof"": ""the division is not inside any branch"", ""constraints"": ""hRef: min=0"", ""note"": ""a permitted assignment drives the complete denominator to zero and the division is still evaluated there""}",/data/mrumoca/eval/results/ibpsa/findings.jsonl
ibpsa,historical-static,IBPSA.Electrical.DC.Sources.BaseClasses.WindCorrection,1,init-precondition-at-risk,low,False,hold-needs-source-and-witness-review,"{""expression"": ""(h / hRef)"", ""requirement"": ""divisor must not be zero"", ""initial_range"": ""[0, +inf]"", ""result"": ""UNKNOWN"", ""note"": ""the initial range of this operand contains a value the operation does not accept; whether it takes one is not decidable statically""}",/data/mrumoca/eval/results/ibpsa/findings.jsonl
ibpsa,historical-static,IBPSA.Electrical.DC.Sources.BaseClasses.WindCorrection,2,quantity-missing,low,False,advisory-or-explicit-non-defect,"{""unit"": ""m/s"", ""count"": 2, ""declarations"": ""vLoc, vRef"", ""note"": ""a unit is declared without a quantity, so nothing states what is being measured and no rule keyed on quantity can apply to it""}",/data/mrumoca/eval/results/ibpsa/findings.jsonl
ibpsa,historical-static,IBPSA.Fluid.Actuators.BaseClasses.ActuatorSignal,0,divisor-reachable-zero,high,False,hold-needs-source-and-witness-review,"{""denominator"": ""strokeTime"", ""witness"": ""strokeTime = 0"", ""witness_rationale"": ""set to zero"", ""denominator_at_witness"": 0.0, ""denominator_at_declared_values"": 120.0, ""denominator_range"": ""[-inf, inf]"", ""path_condition"": ""always evaluated"", ""verdict"": ""SAT"", ""proof"": ""the division is not inside any branch"", ""constraints"": ""strokeTime: unbounded"", ""note"": ""a permitted assignment drives the complete denominator to zero and the division is still evaluated there""}",/data/mrumoca/eval/results/ibpsa/findings.jsonl
ibpsa,historical-static,IBPSA.Fluid.Actuators.BaseClasses.ActuatorSignal,1,divisor-reachable-zero,high,False,hold-needs-source-and-witness-review,"{""denominator"": ""strokeTime"", ""witness"": ""strokeTime = 0"", ""witness_rationale"": ""set to zero"", ""denominator_at_witness"": 0.0, ""denominator_at_declared_values"": 120.0, ""denominator_range"": ""[-inf, inf]"", ""path_condition"": ""always evaluated"", ""verdict"": ""SAT"", ""proof"": ""the division is not inside any branch"", ""constraints"": ""strokeTime: unbounded"", ""note"": ""a permitted assignment drives the complete denominator to zero and the division is still evaluated there""}",/data/mrumoca/eval/results/ibpsa/findings.jsonl
ibpsa,historical-static,IBPSA.Fluid.Actuators.BaseClasses.ActuatorSignal,2,start-violates-min,high,False,hold-needs-source-and-witness-review,"{""variable"": ""actPos.Rising"", ""start"": 0.0, ""bound"": ""min"", ""limit"": 2.2250738585072014e-308}",/data/mrumoca/eval/results/ibpsa/findings.jsonl
ibpsa,historical-static,IBPSA.Fluid.Actuators.BaseClasses.ActuatorSignal,3,network-boundary-port,low,False,standalone-topology-not-defect-proof,"{""node"": ""actPos -- y -- y_actual -- y_filtered -- y_internal"", ""boundary_connectors"": ""actPos, y, y_actual, y_filtered, y_internal"", ""wired_to"": ""nothing"", ""note"": ""this connector belongs to the model itself, not to a component inside it: the model is an interface compiled on its own, so the node is open on one side. Nothing forces its flow, which is why a structural matching reports an unmatched unknown here. Not a defect in the model""}",/data/mrumoca/eval/results/ibpsa/findings.jsonl
ibpsa,historical-static,IBPSA.Fluid.Actuators.BaseClasses.ActuatorSignal,4,non-square-block,medium,False,hold-needs-source-and-witness-review,"{""block"": 0, ""equations"": 6, ""variables"": 7}",/data/mrumoca/eval/results/ibpsa/findings.jsonl
ibpsa,historical-static,IBPSA.Fluid.Actuators.BaseClasses.Examples.EqualPercentageDerivativeCheck,0,initialization-count-mismatch,info,False,hold-needs-source-and-witness-review,"{""states"": 2, ""initial_equations"": 1, ""fixed_starts"": 0, ""note"": ""approximate; the compiler's balance check is authoritative""}",/data/mrumoca/eval/results/ibpsa/findings.jsonl
ibpsa,historical-static,IBPSA.Fluid.BaseClasses.FlowModels.Validation.BasicFlowFunction_dp_DerivativeCheck,0,initialization-count-mismatch,info,False,hold-needs-source-and-witness-review,"{""states"": 2, ""initial_equations"": 1, ""fixed_starts"": 0, ""note"": ""approximate; the compiler's balance check is authoritative""}",/data/mrumoca/eval/results/ibpsa/findings.jsonl
ibpsa,historical-static,IBPSA.Fluid.BaseClasses.FlowModels.Validation.BasicFlowFunction_dp_DerivativeCheck,1,non-square-block,medium,False,hold-needs-source-and-witness-review,"{""block"": 1, ""equations"": 3, ""variables"": 4}",/data/mrumoca/eval/results/ibpsa/findings.jsonl
ibpsa,historical-static,IBPSA.Fluid.BaseClasses.ActuatorFilter,0,switching-threshold,info,False,hold-needs-source-and-witness-review,"{""parameter"": ""u_nominal"", ""threshold"": 1e-12}",/data/mrumoca/eval/results/ibpsa/findings.jsonl
ibpsa,historical-static,IBPSA.Fluid.BaseClasses.ActuatorFilter,1,switching-threshold,info,False,hold-needs-source-and-witness-review,"{""parameter"": ""u_nominal"", ""threshold"": 1e-12}",/data/mrumoca/eval/results/ibpsa/findings.jsonl
ibpsa,historical-static,IBPSA.Fluid.BaseClasses.ActuatorFilter,2,divisor-reachable-zero,high,False,hold-needs-source-and-witness-review,"{""denominator"": ""u_nom"", ""witness"": ""u_nom = 0"", ""witness_rationale"": ""set to zero"", ""denominator_at_witness"": 0.0, ""denominator_at_declared_values"": null, ""denominator_range"": ""[-inf, inf]"", ""path_condition"": ""always evaluated"", ""verdict"": ""SAT"", ""proof"": ""the division is not inside any branch"", ""constraints"": ""u_nom: unbounded"", ""note"": ""a permitted assignment drives the complete denominator to zero and the division is still evaluated there""}",/data/mrumoca/eval/results/ibpsa/findings.jsonl
ibpsa,historical-static,IBPSA.Fluid.BaseClasses.ActuatorFilter,3,divisor-reachable-zero,high,False,hold-needs-source-and-witness-review,"{""denominator"": ""alpha"", ""witness"": ""alpha = 0"", ""witness_rationale"": ""set to zero"", ""denominator_at_witness"": 0.0, ""denominator_at_declared_values"": null, ""denominator_range"": ""[-inf, inf]"", ""path_condition"": ""always evaluated"", ""verdict"": ""SAT"", ""proof"": ""the division is not inside any branch"", ""constraints"": ""alpha: unbounded"", ""note"": ""a permitted assignment drives the complete denominator to zero and the division is still evaluated there""}",/data/mrumoca/eval/results/ibpsa/findings.jsonl
ibpsa,historical-static,IBPSA.Fluid.BaseClasses.ActuatorFilter,4,divisor-reachable-zero,high,False,hold-needs-source-and-witness-review,"{""denominator"": ""u_nom"", ""witness"": ""u_nom = 0"", ""witness_rationale"": ""set to zero"", ""denominator_at_witness"": 0.0, ""denominator_at_declared_values"": null, ""denominator_range"": ""[-inf, inf]"", ""path_condition"": ""always evaluated"", ""verdict"": ""SAT"", ""proof"": ""the division is not inside any branch"", ""constraints"": ""u_nom: unbounded"", ""note"": ""a permitted assignment drives the complete denominator to zero and the division is still evaluated there""}",/data/mrumoca/eval/results/ibpsa/findings.jsonl
ibpsa,historical-static,IBPSA.Fluid.BaseClasses.ActuatorFilter,5,divisor-reachable-zero,high,False,hold-needs-source-and-witness-review,"{""denominator"": ""alpha"", ""witness"": ""alpha = 0"", ""witness_rationale"": ""set to zero"", ""denominator_at_witness"": 0.0, ""denominator_at_declared_values"": null, ""denominator_range"": ""[-inf, inf]"", ""path_condition"": ""always evaluated"", ""verdict"": ""SAT"", ""proof"": ""the division is not inside any branch"", ""constraints"": ""alpha: unbounded"", ""note"": ""a permitted assignment drives the complete denominator to zero and the division is still evaluated there""}",/data/mrumoca/eval/results/ibpsa/findings.jsonl
ibpsa,historical-static,IBPSA.Fluid.BaseClasses.ActuatorFilter,6,divisor-reachable-zero,high,False,hold-needs-source-and-witness-review,"{""denominator"": ""u_nom"", ""witness"": ""u_nom = 0"", ""witness_rationale"": ""set to zero"", ""denominator_at_witness"": 0.0, ""denominator_at_declared_values"": null, ""denominator_range"": ""[-inf, inf]"", ""path_condition"": ""always evaluated"", ""verdict"": ""SAT"", ""proof"": ""the division is not inside any branch"", ""constraints"": ""u_nom: unbounded"", ""note"": ""a permitted assignment drives the complete denominator to zero and the division is still evaluated there""}",/data/mrumoca/eval/results/ibpsa/findings.jsonl
ibpsa,historical-static,IBPSA.Fluid.BaseClasses.ActuatorFilter,7,vanishing-coefficient,medium,False,hold-needs-source-and-witness-review,"{""parameter"": ""w_u"", ""declared_min"": null, ""shape"": ""parameter multiplies a derivative; zero removes the equation's only determination of that state""}",/data/mrumoca/eval/results/ibpsa/findings.jsonl
ibpsa,historical-static,IBPSA.Fluid.BaseClasses.ActuatorFilter,8,STRUCTURE_DEGENERATES_AT_ZERO,low,False,hold-needs-source-and-witness-review,"{""parameter"": ""w_u"", ""contract"": ""IBPSA.Fluid.BaseClasses.ActuatorFilter.w_u: feature_disabled (proven, from equation) \u2014 the parameter appears only as a multiplier, so at zero the term it scales drops out and the rest of the model is unaffected"", ""contract_behavior"": ""feature_disabled"", ""contract_confidence"": ""proven"", ""confidence"": ""low"", ""result"": ""TOPOLOGY_SPECIFIC"", ""incidences_lost"": 0, ""unknowns_left_undetermined"": 0, ""evidence_kind"": ""scales-a-rate"", ""note"": ""at zero this parameter removes a state and the equation that determines it. The matching survives, so the system is not structurally short; whether it is *algebraically* singular depends on this model's topology and initialization and needs execution to decide. This is not a claim that the declaration should forbid zero.""}",/data/mrumoca/eval/results/ibpsa/findings.jsonl
ibpsa,historical-static,IBPSA.Fluid.Actuators.Motors.IdealMotor,0,divisor-reachable-zero,high,False,hold-needs-source-and-witness-review,"{""denominator"": ""tOpe"", ""witness"": ""tOpe = 0"", ""witness_rationale"": ""set to zero"", ""denominator_at_witness"": 0.0, ""denominator_at_declared_values"": 120.0, ""denominator_range"": ""[0, inf]"", ""path_condition"": ""always evaluated"", ""verdict"": ""SAT"", ""proof"": ""the division is not inside any branch"", ""constraints"": ""tOpe: min=0"", ""note"": ""a permitted assignment drives the complete denominator to zero and the division is still evaluated there""}",/data/mrumoca/eval/results/ibpsa/findings.jsonl
ibpsa,historical-static,IBPSA.Fluid.Actuators.Motors.IdealMotor,1,divisor-reachable-zero,high,False,hold-needs-source-and-witness-review,"{""denominator"": ""tClo"", ""witness"": ""tClo = 0"", ""witness_rationale"": ""set to zero"", ""denominator_at_witness"": 0.0, ""denominator_at_declared_values"": 120.0, ""denominator_range"": ""[0, inf]"", ""path_condition"": ""always evaluated"", ""verdict"": ""SAT"", ""proof"": ""the division is not inside any branch"", ""constraints"": ""tClo: min=0"", ""note"": ""a permitted assignment drives the complete denominator to zero and the division is still evaluated there""}",/data/mrumoca/eval/results/ibpsa/findings.jsonl
ibpsa,historical-static,IBPSA.Fluid.Actuators.Motors.IdealMotor,2,network-boundary-port,low,False,standalone-topology-not-defect-proof,"{""node"": ""add -- feeBac -- int -- lowHys -- lowSwi -- u -- uppHys -- uppSwi -- vClo -- vOpe -- y -- zer"", ""boundary_connectors"": ""add, feeBac, int, lowHys, lowSwi, u, uppHys, uppSwi, vClo, vOpe, y, zer"", ""wired_to"": ""nothing"", ""note"": ""this connector belongs to the model itself, not to a component inside it: the model is an interface compiled on its own, so the node is open on one side. Nothing forces its flow, which is why a structural matching reports an unmatched unknown here. Not a defect in the model""}",/data/mrumoca/eval/results/ibpsa/findings.jsonl
ibpsa,historical-static,IBPSA.Fluid.Actuators.Motors.IdealMotor,3,vanishing-coefficient,medium,False,hold-needs-source-and-witness-review,"{""parameter"": ""int.k"", ""declared_min"": null, ""shape"": ""parameter multiplies a derivative; zero removes the equation's only determination of that state""}",/data/mrumoca/eval/results/ibpsa/findings.jsonl
ibpsa,historical-static,IBPSA.Fluid.Actuators.Motors.IdealMotor,4,vanishing-coefficient,medium,False,hold-needs-source-and-witness-review,"{""parameter"": ""int.k"", ""declared_min"": null, ""shape"": ""parameter multiplies a derivative; zero removes the equation's only determination of that state""}",/data/mrumoca/eval/results/ibpsa/findings.jsonl
ibpsa,historical-static,IBPSA.Fluid.Actuators.Motors.IdealMotor,5,vanishing-coefficient,medium,False,hold-needs-source-and-witness-review,"{""parameter"": ""int.k"", ""declared_min"": null, ""shape"": ""parameter multiplies a derivative; zero removes the equation's only determination of that state""}",/data/mrumoca/eval/results/ibpsa/findings.jsonl
ibpsa,historical-static,IBPSA.Fluid.Actuators.Motors.IdealMotor,6,non-square-block,medium,False,hold-needs-source-and-witness-review,"{""block"": 0, ""equations"": 20, ""variables"": 23}",/data/mrumoca/eval/results/ibpsa/findings.jsonl
ibpsa,historical-static,IBPSA.Fluid.Actuators.Motors.IdealMotor,7,STRUCTURE_DEGENERATES_AT_ZERO,low,False,hold-needs-source-and-witness-review,"{""parameter"": ""int.k"", ""contract"": ""Modelica.Blocks.Continuous.LimIntegrator.k: feature_disabled (proven, from equation) \u2014 the parameter appears only as a multiplier, so at zero the term it scales drops out and the rest of the model is unaffected"", ""contract_behavior"": ""feature_disabled"", ""contract_confidence"": ""proven"", ""confidence"": ""low"", ""result"": ""TOPOLOGY_SPECIFIC"", ""incidences_lost"": 0, ""unknowns_left_undetermined"": 0, ""evidence_kind"": ""scales-a-rate"", ""note"": ""at zero this parameter removes a state and the equation that determines it. The matching survives, so the system is not structurally short; whether it is *algebraically* singular depends on this model's topology and initialization and needs execution to decide. This is not a claim that the declaration should forbid zero.""}",/data/mrumoca/eval/results/ibpsa/findings.jsonl
ibpsa,historical-static,IBPSA.Fluid.Actuators.Motors.IdealMotor,8,STRUCTURE_DEGENERATES_AT_ZERO,low,False,hold-needs-source-and-witness-review,"{""parameter"": ""int.outMin"", ""contract"": ""Modelica.Blocks.Continuous.LimIntegrator.outMin: feature_disabled (declared, from bound) \u2014 the declaration's own binding evaluates to zero at the declared configuration, so zero is the value the library chose rather than one it failed to exclude"", ""contract_behavior"": ""feature_disabled"", ""contract_confidence"": ""declared"", ""confidence"": ""low"", ""result"": ""TOPOLOGY_SPECIFIC"", ""incidences_lost"": 0, ""unknowns_left_undetermined"": 0, ""evidence_kind"": ""scales-a-rate"", ""note"": ""at zero this parameter removes a state and the equation that determines it. The matching survives, so the system is not structurally short; whether it is *algebraically* singular depends on this model's topology and initialization and needs execution to decide. This is not a claim that the declaration should forbid zero.""}",/data/mrumoca/eval/results/ibpsa/findings.jsonl
ibpsa,historical-static,IBPSA.Fluid.BaseClasses.FlowModels.Validation.BasicFlowFunction_m_flow_DerivativeCheck,0,initialization-count-mismatch,info,False,hold-needs-source-and-witness-review,"{""states"": 2, ""initial_equations"": 1, ""fixed_starts"": 0, ""note"": ""approximate; the compiler's balance check is authoritative""}",/data/mrumoca/eval/results/ibpsa/findings.jsonl
ibpsa,historical-static,IBPSA.Fluid.BaseClasses.FlowModels.Validation.BasicFlowFunction_m_flow_DerivativeCheck,1,non-square-block,medium,False,hold-needs-source-and-witness-review,"{""block"": 1, ""equations"": 3, ""variables"": 4}",/data/mrumoca/eval/results/ibpsa/findings.jsonl
ibpsa,historical-static,IBPSA.Fluid.BaseClasses.FlowModels.Validation.BasicFlowFunction_dp_DerivativeCheck2,0,initialization-count-mismatch,info,False,hold-needs-source-and-witness-review,"{""states"": 4, ""initial_equations"": 2, ""fixed_starts"": 0, ""note"": ""approximate; the compiler's balance check is authoritative""}",/data/mrumoca/eval/results/ibpsa/findings.jsonl
ibpsa,historical-static,IBPSA.Fluid.BaseClasses.FlowModels.Validation.BasicFlowFunction_dp_DerivativeCheck2,1,quantity-missing,low,False,advisory-or-explicit-non-defect,"{""unit"": ""kg/s2"", ""count"": 3, ""declarations"": ""der_m_flow, der_m_flow_comp, err_der_m_flow"", ""note"": ""a unit is declared without a quantity, so nothing states what is being measured and no rule keyed on quantity can apply to it""}",/data/mrumoca/eval/results/ibpsa/findings.jsonl
ibpsa,historical-static,IBPSA.Fluid.BaseClasses.FlowModels.Validation.BasicFlowFunction_dp_DerivativeCheck2,2,non-square-block,medium,False,hold-needs-source-and-witness-review,"{""block"": 2, ""equations"": 3, ""variables"": 4}",/data/mrumoca/eval/results/ibpsa/findings.jsonl
ibpsa,historical-static,IBPSA.Fluid.BaseClasses.FlowModels.Validation.BasicFlowFunction_m_flow_DerivativeCheck2,0,initialization-count-mismatch,info,False,hold-needs-source-and-witness-review,"{""states"": 4, ""initial_equations"": 2, ""fixed_starts"": 0, ""note"": ""approximate; the compiler's balance check is authoritative""}",/data/mrumoca/eval/results/ibpsa/findings.jsonl
ibpsa,historical-static,IBPSA.Fluid.BaseClasses.FlowModels.Validation.BasicFlowFunction_m_flow_DerivativeCheck2,1,quantity-missing,low,False,advisory-or-explicit-non-defect,"{""unit"": ""Pa/s"", ""count"": 3, ""declarations"": ""der_dp, der_dp_comp, err_der_dp"", ""note"": ""a unit is declared without a quantity, so nothing states what is being measured and no rule keyed on quantity can apply to it""}",/data/mrumoca/eval/results/ibpsa/findings.jsonl
ibpsa,historical-static,IBPSA.Fluid.BaseClasses.FlowModels.Validation.BasicFlowFunction_m_flow_DerivativeCheck2,2,non-square-block,medium,False,hold-needs-source-and-witness-review,"{""block"": 2, ""equations"": 6, ""variables"": 7}",/data/mrumoca/eval/results/ibpsa/findings.jsonl
ibpsa,historical-static,IBPSA.Fluid.BaseClasses.FlowModels.Validation.PowerLaw_dp,0,divisor-reachable-zero,high,False,hold-needs-source-and-witness-review,"{""denominator"": ""rho"", ""witness"": ""rho = 0"", ""witness_rationale"": ""set to zero"", ""denominator_at_witness"": 0.0, ""denominator_at_declared_values"": 1.2, ""denominator_range"": ""[0, inf]"", ""path_condition"": ""always evaluated"", ""verdict"": ""SAT"", ""proof"": ""the division is not inside any branch"", ""constraints"": ""rho: min=0"", ""note"": ""a permitted assignment drives the complete denominator to zero and the division is still evaluated there""}",/data/mrumoca/eval/results/ibpsa/findings.jsonl
ibpsa,historical-static,IBPSA.Fluid.BaseClasses.FlowModels.Validation.PowerLaw_dp,1,divisor-reachable-zero,high,False,hold-needs-source-and-witness-review,"{""denominator"": ""(dp_nominal ^ (1 / n))"", ""witness"": ""dp_nominal = 0"", ""witness_rationale"": ""set to zero"", ""denominator_at_witness"": 0.0, ""denominator_at_declared_values"": 6.309573444801933, ""denominator_range"": ""[-inf, inf]"", ""path_condition"": ""always evaluated"", ""verdict"": ""SAT"", ""proof"": ""the division is not inside any branch"", ""constraints"": ""dp_nominal: unbounded"", ""note"": ""a permitted assignment drives the complete denominator to zero and the division is still evaluated there""}",/data/mrumoca/eval/results/ibpsa/findings.jsonl
ibpsa,historical-static,IBPSA.Fluid.BaseClasses.FlowModels.Validation.PowerLaw_dp,2,divisor-reachable-zero,high,False,hold-needs-source-and-witness-review,"{""denominator"": ""(dp_nominal ^ (1 / n))"", ""witness"": ""dp_nominal = 0"", ""witness_rationale"": ""set to zero"", ""denominator_at_witness"": 0.0, ""denominator_at_declared_values"": 6.309573444801933, ""denominator_range"": ""[-inf, inf]"", ""path_condition"": ""always evaluated"", ""verdict"": ""SAT"", ""proof"": ""the division is not inside any branch"", ""constraints"": ""dp_nominal: unbounded"", ""note"": ""a permitted assignment drives the complete denominator to zero and the division is still evaluated there""}",/data/mrumoca/eval/results/ibpsa/findings.jsonl
ibpsa,historical-static,IBPSA.Fluid.BaseClasses.FlowModels.Validation.PowerLaw_dp,3,physical-bound-permits-zero,low,False,hold-needs-source-and-witness-review,"{""domain"": ""fluid"", ""rule"": ""fluid.density.positive"", ""rule_origin"": ""mass per volume of a real fluid; density appears as a divisor throughout the Fluid library"", ""rule_reference"": """", ""matched_by"": {""quantity"": ""Density"", ""unit"": ""kg/m3"", ""confidence"": ""QUANTITY_AND_UNIT"", ""premise_state"": ""unknown"", ""authority"": ""quantity_or_unit"", ""canonical_declaration"": ""IBPSA.Fluid.BaseClasses.FlowModels.Validation.PowerLaw_dp.rho""}, ""required"": ""rho > 0"", ""declared_min"": 0.0, ""variable_role"": ""parameter"", ""premise_state"": ""established"", ""authority"": ""source_arithmetic"", ""canonical_declaration"": ""IBPSA.Fluid.BaseClasses.FlowModels.Validation.PowerLaw_dp.rho"", ""contract_source"": ""equation"", ""premise_reason"": ""a source equation divides by this parameter, so the value is excluded by arithmetic rather than by intent"", ""note"": ""the declaration explicitly permits zero (`min=0`); whether zero is actually admissible needs execution, and for Mass/Inertia it is not""}",/data/mrumoca/eval/results/ibpsa/findings.jsonl
ibpsa,historical-static,IBPSA.Fluid.BaseClasses.FlowModels.Validation.PowerLaw_dp_DerivativeCheck,0,initialization-count-mismatch,info,False,hold-needs-source-and-witness-review,"{""states"": 2, ""initial_equations"": 10, ""fixed_starts"": 0, ""note"": ""approximate; the compiler's balance check is authoritative""}",/data/mrumoca/eval/results/ibpsa/findings.jsonl
ibpsa,historical-static,IBPSA.Fluid.BaseClasses.FlowModels.Validation.PowerLaw_dp_DerivativeCheck,1,non-square-block,medium,False,hold-needs-source-and-witness-review,"{""block"": 1, ""equations"": 3, ""variables"": 4}",/data/mrumoca/eval/results/ibpsa/findings.jsonl
ibpsa,historical-static,IBPSA.Fluid.BaseClasses.FlowModels.Validation.PowerLaw_dp_DerivativeCheck2,0,initialization-count-mismatch,info,False,hold-needs-source-and-witness-review,"{""states"": 4, ""initial_equations"": 11, ""fixed_starts"": 0, ""note"": ""approximate; the compiler's balance check is authoritative""}",/data/mrumoca/eval/results/ibpsa/findings.jsonl
ibpsa,historical-static,IBPSA.Fluid.BaseClasses.FlowModels.Validation.PowerLaw_dp_DerivativeCheck2,1,quantity-missing,low,False,advisory-or-explicit-non-defect,"{""unit"": ""kg/s2"", ""count"": 3, ""declarations"": ""der_m_flow, der_m_flow_comp, err_der_m_flow"", ""note"": ""a unit is declared without a quantity, so nothing states what is being measured and no rule keyed on quantity can apply to it""}",/data/mrumoca/eval/results/ibpsa/findings.jsonl
ibpsa,historical-static,IBPSA.Fluid.BaseClasses.FlowModels.Validation.PowerLaw_dp_DerivativeCheck2,2,non-square-block,medium,False,hold-needs-source-and-witness-review,"{""block"": 2, ""equations"": 3, ""variables"": 4}",/data/mrumoca/eval/results/ibpsa/findings.jsonl
ibpsa,historical-static,IBPSA.Fluid.BaseClasses.FlowModels.Validation.PowerLaw_m_flow_DerivativeCheck,0,initialization-count-mismatch,info,False,hold-needs-source-and-witness-review,"{""states"": 2, ""initial_equations"": 10, ""fixed_starts"": 0, ""note"": ""approximate; the compiler's balance check is authoritative""}",/data/mrumoca/eval/results/ibpsa/findings.jsonl
ibpsa,historical-static,IBPSA.Fluid.BaseClasses.FlowModels.Validation.PowerLaw_m_flow_DerivativeCheck,1,non-square-block,medium,False,hold-needs-source-and-witness-review,"{""block"": 1, ""equations"": 3, ""variables"": 4}",/data/mrumoca/eval/results/ibpsa/findings.jsonl
ibpsa,historical-static,IBPSA.Fluid.Examples.Performance.Example6,0,divisor-reachable-zero,high,False,hold-needs-source-and-witness-review,"{""denominator"": ""R"", ""witness"": ""R = 0"", ""witness_rationale"": ""set to zero"", ""denominator_at_witness"": 0.0, ""denominator_at_declared_values"": 0.001, ""denominator_range"": ""[-inf, inf]"", ""path_condition"": ""always evaluated"", ""verdict"": ""SAT"", ""proof"": ""the division is not inside any branch"", ""constraints"": ""R: unbounded"", ""note"": ""a permitted assignment drives the complete denominator to zero and the division is still evaluated there""}",/data/mrumoca/eval/results/ibpsa/findings.jsonl
ibpsa,historical-static,IBPSA.Fluid.Examples.Performance.Example6,1,divisor-reachable-zero,high,False,hold-needs-source-and-witness-review,"{""denominator"": ""C"", ""witness"": ""C = 0"", ""witness_rationale"": ""set to zero"", ""denominator_at_witness"": 0.0, ""denominator_at_declared_values"": 1000.0, ""denominator_range"": ""[-inf, inf]"", ""path_condition"": ""always evaluated"", ""verdict"": ""SAT"", ""proof"": ""the division is not inside any branch"", ""constraints"": ""C: unbounded"", ""note"": ""a permitted assignment drives the complete denominator to zero and the division is still evaluated there""}",/data/mrumoca/eval/results/ibpsa/findings.jsonl
ibpsa,historical-static,IBPSA.Fluid.Examples.Performance.Example6,2,divisor-reachable-zero,high,False,hold-needs-source-and-witness-review,"{""denominator"": ""R"", ""witness"": ""R = 0"", ""witness_rationale"": ""set to zero"", ""denominator_at_witness"": 0.0, ""denominator_at_declared_values"": 0.001, ""denominator_range"": ""[-inf, inf]"", ""path_condition"": ""always evaluated"", ""verdict"": ""SAT"", ""proof"": ""the division is not inside any branch"", ""constraints"": ""R: unbounded"", ""note"": ""a permitted assignment drives the complete denominator to zero and the division is still evaluated there""}",/data/mrumoca/eval/results/ibpsa/findings.jsonl
ibpsa,historical-static,IBPSA.Fluid.Examples.Performance.Example6,3,divisor-reachable-zero,high,False,hold-needs-source-and-witness-review,"{""denominator"": ""C"", ""witness"": ""C = 0"", ""witness_rationale"": ""set to zero"", ""denominator_at_witness"": 0.0, ""denominator_at_declared_values"": 1000.0, ""denominator_range"": ""[-inf, inf]"", ""path_condition"": ""always evaluated"", ""verdict"": ""SAT"", ""proof"": ""the division is not inside any branch"", ""constraints"": ""C: unbounded"", ""note"": ""a permitted assignment drives the complete denominator to zero and the division is still evaluated there""}",/data/mrumoca/eval/results/ibpsa/findings.jsonl
ibpsa,historical-static,IBPSA.Fluid.Examples.Performance.Example6,4,quantity-missing,low,False,advisory-or-explicit-non-defect,"{""unit"": ""1/s"", ""count"": 1, ""declarations"": ""k"", ""note"": ""a unit is declared without a quantity, so nothing states what is being measured and no rule keyed on quantity can apply to it""}",/data/mrumoca/eval/results/ibpsa/findings.jsonl
ibpsa,historical-static,IBPSA.Fluid.Examples.Performance.Example6,5,non-square-block,medium,False,hold-needs-source-and-witness-review,"{""block"": 0, ""equations"": 5, ""variables"": 2}",/data/mrumoca/eval/results/ibpsa/findings.jsonl
ibpsa,historical-static,IBPSA.Fluid.Examples.Performance.Example5,0,quantity-missing,low,False,advisory-or-explicit-non-defect,"{""unit"": ""1/s"", ""count"": 1, ""declarations"": ""k"", ""note"": ""a unit is declared without a quantity, so nothing states what is being measured and no rule keyed on quantity can apply to it""}",/data/mrumoca/eval/results/ibpsa/findings.jsonl
ibpsa,historical-static,IBPSA.Fluid.Examples.Performance.Example5,1,STRUCTURE_DEGENERATES_AT_ZERO,low,False,hold-needs-source-and-witness-review,"{""parameter"": ""k"", ""contract"": ""IBPSA.Fluid.Examples.Performance.Example5.k: feature_disabled (proven, from equation) \u2014 the parameter appears only as a multiplier, so at zero the term it scales drops out and the rest of the model is unaffected"", ""contract_behavior"": ""feature_disabled"", ""contract_confidence"": ""proven"", ""confidence"": ""low"", ""result"": ""TOPOLOGY_SPECIFIC"", ""incidences_lost"": 0, ""unknowns_left_undetermined"": 0, ""evidence_kind"": ""scales-a-rate"", ""note"": ""at zero this parameter removes a state and the equation that determines it. The matching survives, so the system is not structurally short; whether it is *algebraically* singular depends on this model's topology and initialization and needs execution to decide. This is not a claim that the declaration should forbid zero.""}",/data/mrumoca/eval/results/ibpsa/findings.jsonl
ibpsa,historical-static,IBPSA.Fluid.Examples.Performance.Example7,0,divisor-reachable-zero,high,False,hold-needs-source-and-witness-review,"{""denominator"": ""(R * C)"", ""witness"": ""R = 0"", ""witness_rationale"": ""set to zero"", ""denominator_at_witness"": 0.0, ""denominator_at_declared_values"": 1.0, ""denominator_range"": ""[-inf, inf]"", ""path_condition"": ""always evaluated"", ""verdict"": ""SAT"", ""proof"": ""the division is not inside any branch"", ""constraints"": ""R: unbounded"", ""note"": ""a permitted assignment drives the complete denominator to zero and the division is still evaluated there""}",/data/mrumoca/eval/results/ibpsa/findings.jsonl
ibpsa,historical-static,IBPSA.Fluid.Examples.Performance.Example7,1,divisor-reachable-zero,high,False,hold-needs-source-and-witness-review,"{""denominator"": ""(R * C)"", ""witness"": ""R = 0"", ""witness_rationale"": ""set to zero"", ""denominator_at_witness"": 0.0, ""denominator_at_declared_values"": 1.0, ""denominator_range"": ""[-inf, inf]"", ""path_condition"": ""always evaluated"", ""verdict"": ""SAT"", ""proof"": ""the division is not inside any branch"", ""constraints"": ""R: unbounded"", ""note"": ""a permitted assignment drives the complete denominator to zero and the division is still evaluated there""}",/data/mrumoca/eval/results/ibpsa/findings.jsonl
ibpsa,historical-static,IBPSA.Fluid.Examples.Performance.Example7,2,quantity-missing,low,False,advisory-or-explicit-non-defect,"{""unit"": ""1/s"", ""count"": 1, ""declarations"": ""k"", ""note"": ""a unit is declared without a quantity, so nothing states what is being measured and no rule keyed on quantity can apply to it""}",/data/mrumoca/eval/results/ibpsa/findings.jsonl
ibpsa,historical-static,IBPSA.Fluid.Examples.Performance.Example7,3,non-square-block,medium,False,hold-needs-source-and-witness-review,"{""block"": 0, ""equations"": 3, ""variables"": 1}",/data/mrumoca/eval/results/ibpsa/findings.jsonl
ibpsa,historical-static,IBPSA.Fluid.Examples.Performance.Example7,4,STRUCTURE_DEGENERATES_AT_ZERO,low,False,hold-needs-source-and-witness-review,"{""parameter"": ""tauInv"", ""contract"": ""IBPSA.Fluid.Examples.Performance.Example7.tauInv: feature_disabled (proven, from equation) \u2014 the parameter appears only as a multiplier, so at zero the term it scales drops out and the rest of the model is unaffected"", ""contract_behavior"": ""feature_disabled"", ""contract_confidence"": ""proven"", ""confidence"": ""low"", ""result"": ""TOPOLOGY_SPECIFIC"", ""incidences_lost"": 0, ""unknowns_left_undetermined"": 0, ""evidence_kind"": ""scales-a-rate"", ""note"": ""at zero this parameter removes a state and the equation that determines it. The matching survives, so the system is not structurally short; whether it is *algebraically* singular depends on this model's topology and initialization and needs execution to decide. This is not a claim that the declaration should forbid zero.""}",/data/mrumoca/eval/results/ibpsa/findings.jsonl
ibpsa,historical-static,IBPSA.Fluid.Examples.Performance.Example7,5,STRUCTURE_DEGENERATES_AT_ZERO,low,False,hold-needs-source-and-witness-review,"{""parameter"": ""k"", ""contract"": ""IBPSA.Fluid.Examples.Performance.Example7.k: feature_disabled (proven, from equation) \u2014 the parameter appears only as a multiplier, so at zero the term it scales drops out and the rest of the model is unaffected"", ""contract_behavior"": ""feature_disabled"", ""contract_confidence"": ""proven"", ""confidence"": ""low"", ""result"": ""TOPOLOGY_SPECIFIC"", ""incidences_lost"": 0, ""unknowns_left_undetermined"": 0, ""evidence_kind"": ""scales-a-rate"", ""note"": ""at zero this parameter removes a state and the equation that determines it. The matching survives, so the system is not structurally short; whether it is *algebraically* singular depends on this model's topology and initialization and needs execution to decide. This is not a claim that the declaration should forbid zero.""}",/data/mrumoca/eval/results/ibpsa/findings.jsonl
ibpsa,historical-static,IBPSA.Fluid.Examples.Performance.Example8,0,quantity-missing,low,False,advisory-or-explicit-non-defect,"{""unit"": ""1/s"", ""count"": 1, ""declarations"": ""k"", ""note"": ""a unit is declared without a quantity, so nothing states what is being measured and no rule keyed on quantity can apply to it""}",/data/mrumoca/eval/results/ibpsa/findings.jsonl
ibpsa,historical-static,IBPSA.Fluid.Geothermal.Borefields.BaseClasses.HeatTransfer.ThermalResponseFactors.Validation.FiniteLineSource_Integrand,0,quantity-missing,low,False,advisory-or-explicit-non-defect,"{""unit"": ""1/(m.s)"", ""count"": 1, ""declarations"": ""con"", ""note"": ""a unit is declared without a quantity, so nothing states what is being measured and no rule keyed on quantity can apply to it""}",/data/mrumoca/eval/results/ibpsa/findings.jsonl
ibpsa,historical-static,IBPSA.Fluid.Geothermal.Borefields.BaseClasses.HeatTransfer.ThermalResponseFactors.Validation.FiniteLineSource_Integrand,1,quantity-missing,low,False,advisory-or-explicit-non-defect,"{""unit"": ""1/m"", ""count"": 1, ""declarations"": ""u"", ""note"": ""a unit is declared without a quantity, so nothing states what is being measured and no rule keyed on quantity can apply to it""}",/data/mrumoca/eval/results/ibpsa/findings.jsonl
ibpsa,historical-static,IBPSA.Fluid.BaseClasses.FlowModels.Validation.PowerLaw_m_flow_DerivativeCheck2,0,initialization-count-mismatch,info,False,hold-needs-source-and-witness-review,"{""states"": 4, ""initial_equations"": 11, ""fixed_starts"": 0, ""note"": ""approximate; the compiler's balance check is authoritative""}",/data/mrumoca/eval/results/ibpsa/findings.jsonl
ibpsa,historical-static,IBPSA.Fluid.BaseClasses.FlowModels.Validation.PowerLaw_m_flow_DerivativeCheck2,1,quantity-missing,low,False,advisory-or-explicit-non-defect,"{""unit"": ""Pa/s"", ""count"": 3, ""declarations"": ""der_dp, der_dp_comp, err_der_dp"", ""note"": ""a unit is declared without a quantity, so nothing states what is being measured and no rule keyed on quantity can apply to it""}",/data/mrumoca/eval/results/ibpsa/findings.jsonl
ibpsa,historical-static,IBPSA.Fluid.BaseClasses.FlowModels.Validation.PowerLaw_m_flow_DerivativeCheck2,2,non-square-block,medium,False,hold-needs-source-and-witness-review,"{""block"": 2, ""equations"": 3, ""variables"": 4}",/data/mrumoca/eval/results/ibpsa/findings.jsonl
ibpsa,historical-static,IBPSA.Fluid.BaseClasses.Validation.ActuatorFilter,0,switching-threshold,info,False,hold-needs-source-and-witness-review,"{""parameter"": ""act_1.u_nominal"", ""threshold"": 1e-12}",/data/mrumoca/eval/results/ibpsa/findings.jsonl
ibpsa,historical-static,IBPSA.Fluid.BaseClasses.Validation.ActuatorFilter,1,switching-threshold,info,False,hold-needs-source-and-witness-review,"{""parameter"": ""act_1.u_nominal"", ""threshold"": 1e-12}",/data/mrumoca/eval/results/ibpsa/findings.jsonl
ibpsa,historical-static,IBPSA.Fluid.BaseClasses.Validation.ActuatorFilter,2,switching-threshold,info,False,hold-needs-source-and-witness-review,"{""parameter"": ""act_2.u_nominal"", ""threshold"": 1e-12}",/data/mrumoca/eval/results/ibpsa/findings.jsonl
ibpsa,historical-static,IBPSA.Fluid.BaseClasses.Validation.ActuatorFilter,3,switching-threshold,info,False,hold-needs-source-and-witness-review,"{""parameter"": ""act_2.u_nominal"", ""threshold"": 1e-12}",/data/mrumoca/eval/results/ibpsa/findings.jsonl
ibpsa,historical-static,IBPSA.Fluid.BaseClasses.Validation.ActuatorFilter,4,switching-threshold,info,False,hold-needs-source-and-witness-review,"{""parameter"": ""act_y_start05.u_nominal"", ""threshold"": 1e-12}",/data/mrumoca/eval/results/ibpsa/findings.jsonl
ibpsa,historical-static,IBPSA.Fluid.BaseClasses.Validation.ActuatorFilter,5,switching-threshold,info,False,hold-needs-source-and-witness-review,"{""parameter"": ""act_y_start05.u_nominal"", ""threshold"": 1e-12}",/data/mrumoca/eval/results/ibpsa/findings.jsonl
ibpsa,historical-static,IBPSA.Fluid.BaseClasses.Validation.ActuatorFilter,6,switching-threshold,info,False,hold-needs-source-and-witness-review,"{""parameter"": ""act_y_start1.u_nominal"", ""threshold"": 1e-12}",/data/mrumoca/eval/results/ibpsa/findings.jsonl
ibpsa,historical-static,IBPSA.Fluid.BaseClasses.Validation.ActuatorFilter,7,switching-threshold,info,False,hold-needs-source-and-witness-review,"{""parameter"": ""act_y_start1.u_nominal"", ""threshold"": 1e-12}",/data/mrumoca/eval/results/ibpsa/findings.jsonl
ibpsa,historical-static,IBPSA.Fluid.BaseClasses.Validation.ActuatorFilter,8,divisor-reachable-zero,high,False,hold-needs-source-and-witness-review,"{""denominator"": ""act_1.u_nom"", ""witness"": ""act_1.u_nom = 0"", ""witness_rationale"": ""set to zero"", ""denominator_at_witness"": 0.0, ""denominator_at_declared_values"": null, ""denominator_range"": ""[-inf, inf]"", ""path_condition"": ""always evaluated"", ""verdict"": ""SAT"", ""proof"": ""the division is not inside any branch"", ""constraints"": ""act_1.u_nom: unbounded"", ""note"": ""a permitted assignment drives the complete denominator to zero and the division is still evaluated there""}",/data/mrumoca/eval/results/ibpsa/findings.jsonl
ibpsa,historical-static,IBPSA.Fluid.BaseClasses.Validation.ActuatorFilter,9,divisor-reachable-zero,high,False,hold-needs-source-and-witness-review,"{""denominator"": ""act_2.u_nom"", ""witness"": ""act_2.u_nom = 0"", ""witness_rationale"": ""set to zero"", ""denominator_at_witness"": 0.0, ""denominator_at_declared_values"": null, ""denominator_range"": ""[-inf, inf]"", ""path_condition"": ""always evaluated"", ""verdict"": ""SAT"", ""proof"": ""the division is not inside any branch"", ""constraints"": ""act_2.u_nom: unbounded"", ""note"": ""a permitted assignment drives the complete denominator to zero and the division is still evaluated there""}",/data/mrumoca/eval/results/ibpsa/findings.jsonl
ibpsa,historical-static,IBPSA.Fluid.BaseClasses.Validation.ActuatorFilter,10,divisor-reachable-zero,high,False,hold-needs-source-and-witness-review,"{""denominator"": ""((2 * (2 * asin(1.0))) * riseTime)"", ""witness"": ""riseTime = 0"", ""witness_rationale"": ""set to zero"", ""denominator_at_witness"": 0.0, ""denominator_at_declared_values"": 62.83185307179586, ""denominator_range"": ""[-inf, inf]"", ""path_condition"": ""always evaluated"", ""verdict"": ""SAT"", ""proof"": ""the division is not inside any branch"", ""constraints"": ""riseTime: unbounded"", ""note"": ""a permitted assignment drives the complete denominator to zero and the division is still evaluated there""}",/data/mrumoca/eval/results/ibpsa/findings.jsonl
ibpsa,historical-static,IBPSA.Fluid.BaseClasses.Validation.ActuatorFilter,11,divisor-reachable-zero,high,False,hold-needs-source-and-witness-review,"{""denominator"": ""((2 * (2 * asin(1.0))) * riseTime)"", ""witness"": ""riseTime = 0"", ""witness_rationale"": ""set to zero"", ""denominator_at_witness"": 0.0, ""denominator_at_declared_values"": 62.83185307179586, ""denominator_range"": ""[-inf, inf]"", ""path_condition"": ""always evaluated"", ""verdict"": ""SAT"", ""proof"": ""the division is not inside any branch"", ""constraints"": ""riseTime: unbounded"", ""note"": ""a permitted assignment drives the complete denominator to zero and the division is still evaluated there""}",/data/mrumoca/eval/results/ibpsa/findings.jsonl
ibpsa,historical-static,IBPSA.Fluid.BaseClasses.Validation.ActuatorFilter,12,divisor-reachable-zero,high,False,hold-needs-source-and-witness-review,"{""denominator"": ""act_1.u_nom"", ""witness"": ""act_1.u_nom = 0"", ""witness_rationale"": ""set to zero"", ""denominator_at_witness"": 0.0, ""denominator_at_declared_values"": null, ""denominator_range"": ""[-inf, inf]"", ""path_condition"": ""always evaluated"", ""verdict"": ""SAT"", ""proof"": ""the division is not inside any branch"", ""constraints"": ""act_1.u_nom: unbounded"", ""note"": ""a permitted assignment drives the complete denominator to zero and the division is still evaluated there""}",/data/mrumoca/eval/results/ibpsa/findings.jsonl
ibpsa,historical-static,IBPSA.Fluid.BaseClasses.Validation.ActuatorFilter,13,divisor-reachable-zero,high,False,hold-needs-source-and-witness-review,"{""denominator"": ""act_1.alpha"", ""witness"": ""act_1.alpha = 0"", ""witness_rationale"": ""set to zero"", ""denominator_at_witness"": 0.0, ""denominator_at_declared_values"": null, ""denominator_range"": ""[-inf, inf]"", ""path_condition"": ""always evaluated"", ""verdict"": ""SAT"", ""proof"": ""the division is not inside any branch"", ""constraints"": ""act_1.alpha: unbounded"", ""note"": ""a permitted assignment drives the complete denominator to zero and the division is still evaluated there""}",/data/mrumoca/eval/results/ibpsa/findings.jsonl
ibpsa,historical-static,IBPSA.Fluid.BaseClasses.Validation.ActuatorFilter,14,divisor-reachable-zero,high,False,hold-needs-source-and-witness-review,"{""denominator"": ""act_1.u_nom"", ""witness"": ""act_1.u_nom = 0"", ""witness_rationale"": ""set to zero"", ""denominator_at_witness"": 0.0, ""denominator_at_declared_values"": null, ""denominator_range"": ""[-inf, inf]"", ""path_condition"": ""always evaluated"", ""verdict"": ""SAT"", ""proof"": ""the division is not inside any branch"", ""constraints"": ""act_1.u_nom: unbounded"", ""note"": ""a permitted assignment drives the complete denominator to zero and the division is still evaluated there""}",/data/mrumoca/eval/results/ibpsa/findings.jsonl
ibpsa,historical-static,IBPSA.Fluid.BaseClasses.Validation.ActuatorFilter,15,divisor-reachable-zero,high,False,hold-needs-source-and-witness-review,"{""denominator"": ""act_1.alpha"", ""witness"": ""act_1.alpha = 0"", ""witness_rationale"": ""set to zero"", ""denominator_at_witness"": 0.0, ""denominator_at_declared_values"": null, ""denominator_range"": ""[-inf, inf]"", ""path_condition"": ""always evaluated"", ""verdict"": ""SAT"", ""proof"": ""the division is not inside any branch"", ""constraints"": ""act_1.alpha: unbounded"", ""note"": ""a permitted assignment drives the complete denominator to zero and the division is still evaluated there""}",/data/mrumoca/eval/results/ibpsa/findings.jsonl
ibpsa,historical-static,IBPSA.Fluid.BaseClasses.Validation.ActuatorFilter,16,divisor-reachable-zero,high,False,hold-needs-source-and-witness-review,"{""denominator"": ""act_1.u_nom"", ""witness"": ""act_1.u_nom = 0"", ""witness_rationale"": ""set to zero"", ""denominator_at_witness"": 0.0, ""denominator_at_declared_values"": null, ""denominator_range"": ""[-inf, inf]"", ""path_condition"": ""always evaluated"", ""verdict"": ""SAT"", ""proof"": ""the division is not inside any branch"", ""constraints"": ""act_1.u_nom: unbounded"", ""note"": ""a permitted assignment drives the complete denominator to zero and the division is still evaluated there""}",/data/mrumoca/eval/results/ibpsa/findings.jsonl
ibpsa,historical-static,IBPSA.Fluid.BaseClasses.Validation.ActuatorFilter,17,divisor-reachable-zero,high,False,hold-needs-source-and-witness-review,"{""denominator"": ""act_2.u_nom"", ""witness"": ""act_2.u_nom = 0"", ""witness_rationale"": ""set to zero"", ""denominator_at_witness"": 0.0, ""denominator_at_declared_values"": null, ""denominator_range"": ""[-inf, inf]"", ""path_condition"": ""always evaluated"", ""verdict"": ""SAT"", ""proof"": ""the division is not inside any branch"", ""constraints"": ""act_2.u_nom: unbounded"", ""note"": ""a permitted assignment drives the complete denominator to zero and the division is still evaluated there""}",/data/mrumoca/eval/results/ibpsa/findings.jsonl
ibpsa,historical-static,IBPSA.Fluid.BaseClasses.Validation.ActuatorFilter,18,divisor-reachable-zero,high,False,hold-needs-source-and-witness-review,"{""denominator"": ""act_2.alpha"", ""witness"": ""act_2.alpha = 0"", ""witness_rationale"": ""set to zero"", ""denominator_at_witness"": 0.0, ""denominator_at_declared_values"": null, ""denominator_range"": ""[-inf, inf]"", ""path_condition"": ""always evaluated"", ""verdict"": ""SAT"", ""proof"": ""the division is not inside any branch"", ""constraints"": ""act_2.alpha: unbounded"", ""note"": ""a permitted assignment drives the complete denominator to zero and the division is still evaluated there""}",/data/mrumoca/eval/results/ibpsa/findings.jsonl
ibpsa,historical-static,IBPSA.Fluid.BaseClasses.Validation.ActuatorFilter,19,divisor-reachable-zero,high,False,hold-needs-source-and-witness-review,"{""denominator"": ""act_2.u_nom"", ""witness"": ""act_2.u_nom = 0"", ""witness_rationale"": ""set to zero"", ""denominator_at_witness"": 0.0, ""denominator_at_declared_values"": null, ""denominator_range"": ""[-inf, inf]"", ""path_condition"": ""always evaluated"", ""verdict"": ""SAT"", ""proof"": ""the division is not inside any branch"", ""constraints"": ""act_2.u_nom: unbounded"", ""note"": ""a permitted assignment drives the complete denominator to zero and the division is still evaluated there""}",/data/mrumoca/eval/results/ibpsa/findings.jsonl
ibpsa,historical-static,IBPSA.Fluid.BaseClasses.Validation.ActuatorFilter,20,divisor-reachable-zero,high,False,hold-needs-source-and-witness-review,"{""denominator"": ""act_2.alpha"", ""witness"": ""act_2.alpha = 0"", ""witness_rationale"": ""set to zero"", ""denominator_at_witness"": 0.0, ""denominator_at_declared_values"": null, ""denominator_range"": ""[-inf, inf]"", ""path_condition"": ""always evaluated"", ""verdict"": ""SAT"", ""proof"": ""the division is not inside any branch"", ""constraints"": ""act_2.alpha: unbounded"", ""note"": ""a permitted assignment drives the complete denominator to zero and the division is still evaluated there""}",/data/mrumoca/eval/results/ibpsa/findings.jsonl
ibpsa,historical-static,IBPSA.Fluid.BaseClasses.Validation.ActuatorFilter,21,divisor-reachable-zero,high,False,hold-needs-source-and-witness-review,"{""denominator"": ""act_2.u_nom"", ""witness"": ""act_2.u_nom = 0"", ""witness_rationale"": ""set to zero"", ""denominator_at_witness"": 0.0, ""denominator_at_declared_values"": null, ""denominator_range"": ""[-inf, inf]"", ""path_condition"": ""always evaluated"", ""verdict"": ""SAT"", ""proof"": ""the division is not inside any branch"", ""constraints"": ""act_2.u_nom: unbounded"", ""note"": ""a permitted assignment drives the complete denominator to zero and the division is still evaluated there""}",/data/mrumoca/eval/results/ibpsa/findings.jsonl
ibpsa,historical-static,IBPSA.Fluid.BaseClasses.Validation.ActuatorFilter,22,divisor-reachable-zero,high,False,hold-needs-source-and-witness-review,"{""denominator"": ""act_y_start05.u_nom"", ""witness"": ""act_y_start05.u_nom = 0"", ""witness_rationale"": ""set to zero"", ""denominator_at_witness"": 0.0, ""denominator_at_declared_values"": null, ""denominator_range"": ""[-inf, inf]"", ""path_condition"": ""always evaluated"", ""verdict"": ""SAT"", ""proof"": ""the division is not inside any branch"", ""constraints"": ""act_y_start05.u_nom: unbounded"", ""note"": ""a permitted assignment drives the complete denominator to zero and the division is still evaluated there""}",/data/mrumoca/eval/results/ibpsa/findings.jsonl
ibpsa,historical-static,IBPSA.Fluid.BaseClasses.Validation.ActuatorFilter,23,divisor-reachable-zero,high,False,hold-needs-source-and-witness-review,"{""denominator"": ""act_y_start05.alpha"", ""witness"": ""act_y_start05.alpha = 0"", ""witness_rationale"": ""set to zero"", ""denominator_at_witness"": 0.0, ""denominator_at_declared_values"": null, ""denominator_range"": ""[-inf, inf]"", ""path_condition"": ""always evaluated"", ""verdict"": ""SAT"", ""proof"": ""the division is not inside any branch"", ""constraints"": ""act_y_start05.alpha: unbounded"", ""note"": ""a permitted assignment drives the complete denominator to zero and the division is still evaluated there""}",/data/mrumoca/eval/results/ibpsa/findings.jsonl
ibpsa,historical-static,IBPSA.Fluid.BaseClasses.Validation.ActuatorFilter,24,divisor-reachable-zero,high,False,hold-needs-source-and-witness-review,"{""denominator"": ""act_y_start05.u_nom"", ""witness"": ""act_y_start05.u_nom = 0"", ""witness_rationale"": ""set to zero"", ""denominator_at_witness"": 0.0, ""denominator_at_declared_values"": null, ""denominator_range"": ""[-inf, inf]"", ""path_condition"": ""always evaluated"", ""verdict"": ""SAT"", ""proof"": ""the division is not inside any branch"", ""constraints"": ""act_y_start05.u_nom: unbounded"", ""note"": ""a permitted assignment drives the complete denominator to zero and the division is still evaluated there""}",/data/mrumoca/eval/results/ibpsa/findings.jsonl
ibpsa,historical-static,IBPSA.Fluid.BaseClasses.Validation.ActuatorFilter,25,divisor-reachable-zero,high,False,hold-needs-source-and-witness-review,"{""denominator"": ""act_y_start05.alpha"", ""witness"": ""act_y_start05.alpha = 0"", ""witness_rationale"": ""set to zero"", ""denominator_at_witness"": 0.0, ""denominator_at_declared_values"": null, ""denominator_range"": ""[-inf, inf]"", ""path_condition"": ""always evaluated"", ""verdict"": ""SAT"", ""proof"": ""the division is not inside any branch"", ""constraints"": ""act_y_start05.alpha: unbounded"", ""note"": ""a permitted assignment drives the complete denominator to zero and the division is still evaluated there""}",/data/mrumoca/eval/results/ibpsa/findings.jsonl
ibpsa,historical-static,IBPSA.Fluid.BaseClasses.Validation.ActuatorFilter,26,divisor-reachable-zero,high,False,hold-needs-source-and-witness-review,"{""denominator"": ""act_y_start05.u_nom"", ""witness"": ""act_y_start05.u_nom = 0"", ""witness_rationale"": ""set to zero"", ""denominator_at_witness"": 0.0, ""denominator_at_declared_values"": null, ""denominator_range"": ""[-inf, inf]"", ""path_condition"": ""always evaluated"", ""verdict"": ""SAT"", ""proof"": ""the division is not inside any branch"", ""constraints"": ""act_y_start05.u_nom: unbounded"", ""note"": ""a permitted assignment drives the complete denominator to zero and the division is still evaluated there""}",/data/mrumoca/eval/results/ibpsa/findings.jsonl
ibpsa,historical-static,IBPSA.Fluid.BaseClasses.Validation.ActuatorFilter,27,divisor-reachable-zero,high,False,hold-needs-source-and-witness-review,"{""denominator"": ""act_y_start1.u_nom"", ""witness"": ""act_y_start1.u_nom = 0"", ""witness_rationale"": ""set to zero"", ""denominator_at_witness"": 0.0, ""denominator_at_declared_values"": null, ""denominator_range"": ""[-inf, inf]"", ""path_condition"": ""always evaluated"", ""verdict"": ""SAT"", ""proof"": ""the division is not inside any branch"", ""constraints"": ""act_y_start1.u_nom: unbounded"", ""note"": ""a permitted assignment drives the complete denominator to zero and the division is still evaluated there""}",/data/mrumoca/eval/results/ibpsa/findings.jsonl
ibpsa,historical-static,IBPSA.Fluid.BaseClasses.Validation.ActuatorFilter,28,divisor-reachable-zero,high,False,hold-needs-source-and-witness-review,"{""denominator"": ""act_y_start1.alpha"", ""witness"": ""act_y_start1.alpha = 0"", ""witness_rationale"": ""set to zero"", ""denominator_at_witness"": 0.0, ""denominator_at_declared_values"": null, ""denominator_range"": ""[-inf, inf]"", ""path_condition"": ""always evaluated"", ""verdict"": ""SAT"", ""proof"": ""the division is not inside any branch"", ""constraints"": ""act_y_start1.alpha: unbounded"", ""note"": ""a permitted assignment drives the complete denominator to zero and the division is still evaluated there""}",/data/mrumoca/eval/results/ibpsa/findings.jsonl
ibpsa,historical-static,IBPSA.Fluid.BaseClasses.Validation.ActuatorFilter,29,divisor-reachable-zero,high,False,hold-needs-source-and-witness-review,"{""denominator"": ""act_y_start1.u_nom"", ""witness"": ""act_y_start1.u_nom = 0"", ""witness_rationale"": ""set to zero"", ""denominator_at_witness"": 0.0, ""denominator_at_declared_values"": null, ""denominator_range"": ""[-inf, inf]"", ""path_condition"": ""always evaluated"", ""verdict"": ""SAT"", ""proof"": ""the division is not inside any branch"", ""constraints"": ""act_y_start1.u_nom: unbounded"", ""note"": ""a permitted assignment drives the complete denominator to zero and the division is still evaluated there""}",/data/mrumoca/eval/results/ibpsa/findings.jsonl
ibpsa,historical-static,IBPSA.Fluid.BaseClasses.Validation.ActuatorFilter,30,divisor-reachable-zero,high,False,hold-needs-source-and-witness-review,"{""denominator"": ""act_y_start1.alpha"", ""witness"": ""act_y_start1.alpha = 0"", ""witness_rationale"": ""set to zero"", ""denominator_at_witness"": 0.0, ""denominator_at_declared_values"": null, ""denominator_range"": ""[-inf, inf]"", ""path_condition"": ""always evaluated"", ""verdict"": ""SAT"", ""proof"": ""the division is not inside any branch"", ""constraints"": ""act_y_start1.alpha: unbounded"", ""note"": ""a permitted assignment drives the complete denominator to zero and the division is still evaluated there""}",/data/mrumoca/eval/results/ibpsa/findings.jsonl
ibpsa,historical-static,IBPSA.Fluid.BaseClasses.Validation.ActuatorFilter,31,divisor-reachable-zero,high,False,hold-needs-source-and-witness-review,"{""denominator"": ""act_y_start1.u_nom"", ""witness"": ""act_y_start1.u_nom = 0"", ""witness_rationale"": ""set to zero"", ""denominator_at_witness"": 0.0, ""denominator_at_declared_values"": null, ""denominator_range"": ""[-inf, inf]"", ""path_condition"": ""always evaluated"", ""verdict"": ""SAT"", ""proof"": ""the division is not inside any branch"", ""constraints"": ""act_y_start1.u_nom: unbounded"", ""note"": ""a permitted assignment drives the complete denominator to zero and the division is still evaluated there""}",/data/mrumoca/eval/results/ibpsa/findings.jsonl
ibpsa,historical-static,IBPSA.Fluid.BaseClasses.Validation.ActuatorFilter,32,initialization-count-mismatch,info,False,hold-needs-source-and-witness-review,"{""states"": 4, ""initial_equations"": 2, ""fixed_starts"": 0, ""note"": ""approximate; the compiler's balance check is authoritative""}",/data/mrumoca/eval/results/ibpsa/findings.jsonl
ibpsa,historical-static,IBPSA.Fluid.BaseClasses.Validation.ActuatorFilter,33,network-boundary-port,low,False,standalone-topology-not-defect-proof,"{""node"": ""act_1 -- act_2 -- act_y_start05 -- act_y_start1 -- gain -- step"", ""boundary_connectors"": ""act_1, act_2, act_y_start05, act_y_start1, gain, step"", ""wired_to"": ""nothing"", ""note"": ""this connector belongs to the model itself, not to a component inside it: the model is an interface compiled on its own, so the node is open on one side. Nothing forces its flow, which is why a structural matching reports an unmatched unknown here. Not a defect in the model""}",/data/mrumoca/eval/results/ibpsa/findings.jsonl
ibpsa,historical-static,IBPSA.Fluid.BaseClasses.Validation.ActuatorFilter,34,vanishing-coefficient,medium,False,hold-needs-source-and-witness-review,"{""parameter"": ""act_1.w_u"", ""declared_min"": null, ""shape"": ""parameter multiplies a derivative; zero removes the equation's only determination of that state""}",/data/mrumoca/eval/results/ibpsa/findings.jsonl
ibpsa,historical-static,IBPSA.Fluid.BaseClasses.Validation.ActuatorFilter,35,vanishing-coefficient,medium,False,hold-needs-source-and-witness-review,"{""parameter"": ""act_2.w_u"", ""declared_min"": null, ""shape"": ""parameter multiplies a derivative; zero removes the equation's only determination of that state""}",/data/mrumoca/eval/results/ibpsa/findings.jsonl
ibpsa,historical-static,IBPSA.Fluid.BaseClasses.Validation.ActuatorFilter,36,vanishing-coefficient,medium,False,hold-needs-source-and-witness-review,"{""parameter"": ""act_y_start05.w_u"", ""declared_min"": null, ""shape"": ""parameter multiplies a derivative; zero removes the equation's only determination of that state""}",/data/mrumoca/eval/results/ibpsa/findings.jsonl
ibpsa,historical-static,IBPSA.Fluid.BaseClasses.Validation.ActuatorFilter,37,vanishing-coefficient,medium,False,hold-needs-source-and-witness-review,"{""parameter"": ""act_y_start1.w_u"", ""declared_min"": null, ""shape"": ""parameter multiplies a derivative; zero removes the equation's only determination of that state""}",/data/mrumoca/eval/results/ibpsa/findings.jsonl
ibpsa,historical-static,IBPSA.Fluid.BaseClasses.Validation.ActuatorFilter,38,non-square-block,medium,False,hold-needs-source-and-witness-review,"{""block"": 0, ""equations"": 23, ""variables"": 19}",/data/mrumoca/eval/results/ibpsa/findings.jsonl
ibpsa,historical-static,IBPSA.Fluid.BaseClasses.Validation.ActuatorFilter,39,STRUCTURE_DEGENERATES_AT_ZERO,low,False,hold-needs-source-and-witness-review,"{""parameter"": ""act_1.w_u"", ""contract"": ""IBPSA.Fluid.BaseClasses.ActuatorFilter.w_u: feature_disabled (proven, from equation) \u2014 the parameter appears only as a multiplier, so at zero the term it scales drops out and the rest of the model is unaffected"", ""contract_behavior"": ""feature_disabled"", ""contract_confidence"": ""proven"", ""confidence"": ""low"", ""result"": ""TOPOLOGY_SPECIFIC"", ""incidences_lost"": 0, ""unknowns_left_undetermined"": 0, ""evidence_kind"": ""scales-a-rate"", ""note"": ""at zero this parameter removes a state and the equation that determines it. The matching survives, so the system is not structurally short; whether it is *algebraically* singular depends on this model's topology and initialization and needs execution to decide. This is not a claim that the declaration should forbid zero.""}",/data/mrumoca/eval/results/ibpsa/findings.jsonl
ibpsa,historical-static,IBPSA.Fluid.BaseClasses.Validation.ActuatorFilter,40,STRUCTURE_DEGENERATES_AT_ZERO,low,False,hold-needs-source-and-witness-review,"{""parameter"": ""act_2.w_u"", ""contract"": ""IBPSA.Fluid.BaseClasses.ActuatorFilter.w_u: feature_disabled (proven, from equation) \u2014 the parameter appears only as a multiplier, so at zero the term it scales drops out and the rest of the model is unaffected"", ""contract_behavior"": ""feature_disabled"", ""contract_confidence"": ""proven"", ""confidence"": ""low"", ""result"": ""TOPOLOGY_SPECIFIC"", ""incidences_lost"": 0, ""unknowns_left_undetermined"": 0, ""evidence_kind"": ""scales-a-rate"", ""note"": ""at zero this parameter removes a state and the equation that determines it. The matching survives, so the system is not structurally short; whether it is *algebraically* singular depends on this model's topology and initialization and needs execution to decide. This is not a claim that the declaration should forbid zero.""}",/data/mrumoca/eval/results/ibpsa/findings.jsonl
ibpsa,historical-static,IBPSA.Fluid.BaseClasses.Validation.ActuatorFilter,41,STRUCTURE_DEGENERATES_AT_ZERO,low,False,hold-needs-source-and-witness-review,"{""parameter"": ""act_y_start05.w_u"", ""contract"": ""IBPSA.Fluid.BaseClasses.ActuatorFilter.w_u: feature_disabled (proven, from equation) \u2014 the parameter appears only as a multiplier, so at zero the term it scales drops out and the rest of the model is unaffected"", ""contract_behavior"": ""feature_disabled"", ""contract_confidence"": ""proven"", ""confidence"": ""low"", ""result"": ""TOPOLOGY_SPECIFIC"", ""incidences_lost"": 0, ""unknowns_left_undetermined"": 0, ""evidence_kind"": ""scales-a-rate"", ""note"": ""at zero this parameter removes a state and the equation that determines it. The matching survives, so the system is not structurally short; whether it is *algebraically* singular depends on this model's topology and initialization and needs execution to decide. This is not a claim that the declaration should forbid zero.""}",/data/mrumoca/eval/results/ibpsa/findings.jsonl
ibpsa,historical-static,IBPSA.Fluid.BaseClasses.Validation.ActuatorFilter,42,STRUCTURE_DEGENERATES_AT_ZERO,low,False,hold-needs-source-and-witness-review,"{""parameter"": ""act_y_start1.w_u"", ""contract"": ""IBPSA.Fluid.BaseClasses.ActuatorFilter.w_u: feature_disabled (proven, from equation) \u2014 the parameter appears only as a multiplier, so at zero the term it scales drops out and the rest of the model is unaffected"", ""contract_behavior"": ""feature_disabled"", ""contract_confidence"": ""proven"", ""confidence"": ""low"", ""result"": ""TOPOLOGY_SPECIFIC"", ""incidences_lost"": 0, ""unknowns_left_undetermined"": 0, ""evidence_kind"": ""scales-a-rate"", ""note"": ""at zero this parameter removes a state and the equation that determines it. The matching survives, so the system is not structurally short; whether it is *algebraically* singular depends on this model's topology and initialization and needs execution to decide. This is not a claim that the declaration should forbid zero.""}",/data/mrumoca/eval/results/ibpsa/findings.jsonl
ibpsa,historical-static,IBPSA.Fluid.Geothermal.Borefields.BaseClasses.HeatTransfer.ThermalResponseFactors.Validation.FiniteLineSource_Integrand_Equivalent,0,quantity-missing,low,False,advisory-or-explicit-non-defect,"{""unit"": ""1/(m.s)"", ""count"": 1, ""declarations"": ""con"", ""note"": ""a unit is declared without a quantity, so nothing states what is being measured and no rule keyed on quantity can apply to it""}",/data/mrumoca/eval/results/ibpsa/findings.jsonl
ibpsa,historical-static,IBPSA.Fluid.Geothermal.Borefields.BaseClasses.HeatTransfer.ThermalResponseFactors.Validation.FiniteLineSource_Integrand_Equivalent,1,quantity-missing,low,False,advisory-or-explicit-non-defect,"{""unit"": ""1/m"", ""count"": 1, ""declarations"": ""u"", ""note"": ""a unit is declared without a quantity, so nothing states what is being measured and no rule keyed on quantity can apply to it""}",/data/mrumoca/eval/results/ibpsa/findings.jsonl
ibpsa,historical-static,IBPSA.Fluid.Geothermal.Borefields.BaseClasses.HeatTransfer.ThermalResponseFactors.Validation.FiniteLineSource_SteadyState,0,quantity-missing,low,False,advisory-or-explicit-non-defect,"{""unit"": ""m/s"", ""count"": 1, ""declarations"": ""uniCon"", ""note"": ""a unit is declared without a quantity, so nothing states what is being measured and no rule keyed on quantity can apply to it""}",/data/mrumoca/eval/results/ibpsa/findings.jsonl
ibpsa,historical-static,IBPSA.Fluid.HeatPumps.ModularReversible.Controls.Safety.Examples.MinimalFlowRate,0,network-boundary-port,low,False,standalone-topology-not-defect-proof,"{""node"": ""conZer -- hys -- mConEmu_flow -- mEvaEmu_flow -- minFloRatSaf -- minFloRatSaf.and1 -- minFloRatSaf.booPasThr -- minFloRatSaf.disErr -- minFloRatSaf.errAndSetOn -- minFloRatSaf.hysCon -- minFloRatSaf.hysEva -- minFloRatSaf.intConOne -- minFloRatSaf.notVal -- minFloRatSaf.sigBus -- sigBus -- swiErr -- yOut -- ySet -- ySetOn -- ySetPul"", ""boundary_connectors"": ""conZer, hys, mConEmu_flow, mEvaEmu_flow, minFloRatSaf, sigBus, swiErr, yOut, ySet, ySetOn, ySetPul"", ""wired_to"": ""minFloRatSaf.and1, minFloRatSaf.booPasThr, minFloRatSaf.disErr, minFloRatSaf.errAndSetOn, minFloRatSaf.hysCon, minFloRatSaf.hysEva, minFloRatSaf.intConOne, minFloRatSaf.notVal, minFloRatSaf.sigBus"", ""note"": ""this connector belongs to the model itself, not to a component inside it: the model is an interface compiled on its own, so the node is open on one side. Nothing forces its flow, which is why a structural matching reports an unmatched unknown here. Not a defect in the model""}",/data/mrumoca/eval/results/ibpsa/findings.jsonl
ibpsa,historical-static,IBPSA.Fluid.HeatPumps.ModularReversible.Controls.Safety.Examples.MinimalFlowRate,1,non-square-block,medium,False,hold-needs-source-and-witness-review,"{""block"": 0, ""equations"": 11, ""variables"": 13}",/data/mrumoca/eval/results/ibpsa/findings.jsonl
ibpsa,historical-static,IBPSA.Fluid.HeatPumps.ModularReversible.Controls.Safety.Examples.MinimalFlowRate,2,non-square-block,medium,False,hold-needs-source-and-witness-review,"{""block"": 1, ""equations"": 6, ""variables"": 7}",/data/mrumoca/eval/results/ibpsa/findings.jsonl
ibpsa,historical-static,IBPSA.Fluid.HeatPumps.ModularReversible.Controls.Safety.Examples.MinimalFlowRate,3,non-square-block,medium,False,hold-needs-source-and-witness-review,"{""block"": 2, ""equations"": 6, ""variables"": 7}",/data/mrumoca/eval/results/ibpsa/findings.jsonl
ibpsa,historical-static,IBPSA.Fluid.Geothermal.Borefields.BaseClasses.HeatTransfer.ThermalResponseFactors.Validation.FiniteLineSource_Integrand_Length,0,quantity-missing,low,False,advisory-or-explicit-non-defect,"{""unit"": ""1/(m.s)"", ""count"": 1, ""declarations"": ""con"", ""note"": ""a unit is declared without a quantity, so nothing states what is being measured and no rule keyed on quantity can apply to it""}",/data/mrumoca/eval/results/ibpsa/findings.jsonl
ibpsa,historical-static,IBPSA.Fluid.Geothermal.Borefields.BaseClasses.HeatTransfer.ThermalResponseFactors.Validation.FiniteLineSource_Integrand_Length,1,quantity-missing,low,False,advisory-or-explicit-non-defect,"{""unit"": ""1/m"", ""count"": 1, ""declarations"": ""u"", ""note"": ""a unit is declared without a quantity, so nothing states what is being measured and no rule keyed on quantity can apply to it""}",/data/mrumoca/eval/results/ibpsa/findings.jsonl
ibpsa,historical-static,IBPSA.Fluid.HeatPumps.ModularReversible.RefrigerantCycle.Frosting.NoFrosting,0,network-boundary-port,low,False,standalone-topology-not-defect-proof,"{""node"": ""conIsAirSource -- constNoFro -- constNoFroAlw -- iceFac -- swi"", ""boundary_connectors"": ""conIsAirSource, constNoFro, constNoFroAlw, iceFac, swi"", ""wired_to"": ""nothing"", ""note"": ""this connector belongs to the model itself, not to a component inside it: the model is an interface compiled on its own, so the node is open on one side. Nothing forces its flow, which is why a structural matching reports an unmatched unknown here. Not a defect in the model""}",/data/mrumoca/eval/results/ibpsa/findings.jsonl
ibpsa,historical-static,IBPSA.Fluid.HeatPumps.ModularReversible.RefrigerantCycle.Frosting.NoFrosting,1,non-square-block,medium,False,hold-needs-source-and-witness-review,"{""block"": 0, ""equations"": 6, ""variables"": 7}",/data/mrumoca/eval/results/ibpsa/findings.jsonl
ibpsa,historical-static,IBPSA.Fluid.HeatPumps.ModularReversible.Controls.Safety.Examples.AntiFreeze,0,network-boundary-port,low,False,standalone-topology-not-defect-proof,"{""node"": ""TConInEmu -- TEvaOutEmu -- antFre -- antFre.booPasThr -- antFre.disErr -- antFre.errAndSetOn -- antFre.hys -- antFre.intConOne -- antFre.min -- antFre.notVal -- antFre.sigBus -- conZer -- hys -- sigBus -- swiErr -- yOut -- ySet -- ySetOn -- ySetPul"", ""boundary_connectors"": ""TConInEmu, TEvaOutEmu, antFre, conZer, hys, sigBus, swiErr, yOut, ySet, ySetOn, ySetPul"", ""wired_to"": ""antFre.booPasThr, antFre.disErr, antFre.errAndSetOn, antFre.hys, antFre.intConOne, antFre.min, antFre.notVal, antFre.sigBus"", ""note"": ""this connector belongs to the model itself, not to a component inside it: the model is an interface compiled on its own, so the node is open on one side. Nothing forces its flow, which is why a structural matching reports an unmatched unknown here. Not a defect in the model""}",/data/mrumoca/eval/results/ibpsa/findings.jsonl
ibpsa,historical-static,IBPSA.Fluid.HeatPumps.ModularReversible.Controls.Safety.Examples.AntiFreeze,1,quantity-missing,low,False,advisory-or-explicit-non-defect,"{""unit"": ""K"", ""count"": 4, ""declarations"": ""TConInEmu.y, TEvaOutEmu.y, sigBus.TEvaOutMea, sigBus.TConInMea"", ""note"": ""a unit is declared without a quantity, so nothing states what is being measured and no rule keyed on quantity can apply to it""}",/data/mrumoca/eval/results/ibpsa/findings.jsonl
ibpsa,historical-static,IBPSA.Fluid.HeatPumps.ModularReversible.Controls.Safety.Examples.AntiFreeze,2,non-square-block,medium,False,hold-needs-source-and-witness-review,"{""block"": 0, ""equations"": 11, ""variables"": 13}",/data/mrumoca/eval/results/ibpsa/findings.jsonl
ibpsa,historical-static,IBPSA.Fluid.HeatPumps.ModularReversible.Controls.Safety.Examples.AntiFreeze,3,non-square-block,medium,False,hold-needs-source-and-witness-review,"{""block"": 1, ""equations"": 14, ""variables"": 16}",/data/mrumoca/eval/results/ibpsa/findings.jsonl
ibpsa,historical-static,IBPSA.Fluid.HeatPumps.ModularReversible.RefrigerantCycle.Inertias.NoInertia,0,network-boundary-port,low,False,standalone-topology-not-defect-proof,"{""node"": ""u -- y"", ""boundary_connectors"": ""u, y"", ""wired_to"": ""nothing"", ""note"": ""this connector belongs to the model itself, not to a component inside it: the model is an interface compiled on its own, so the node is open on one side. Nothing forces its flow, which is why a structural matching reports an unmatched unknown here. Not a defect in the model""}",/data/mrumoca/eval/results/ibpsa/findings.jsonl
ibpsa,historical-static,IBPSA.Fluid.HeatPumps.ModularReversible.RefrigerantCycle.Inertias.VariableOrder,0,divisor-zero-unresolved,medium,False,hold-needs-source-and-witness-review,"{""denominator"": ""criDam.n"", ""witness"": ""criDam.n = 0"", ""witness_rationale"": ""set to zero"", ""denominator_at_witness"": 0.0, ""denominator_at_declared_values"": 1.0, ""denominator_range"": ""[-inf, inf]"", ""path_condition"": ""(criDam.normalized)"", ""verdict"": ""UNKNOWN"", ""proof"": ""the path depends on quantities the artifact does not determine: criDam.normalized"", ""constraints"": ""criDam.n: unbounded"", ""note"": ""an assignment drives the denominator to zero, but whether the division is evaluated there could not be decided from the artifact; this is unresolved, not confirmed""}",/data/mrumoca/eval/results/ibpsa/findings.jsonl
ibpsa,historical-static,IBPSA.Fluid.HeatPumps.ModularReversible.RefrigerantCycle.Inertias.VariableOrder,1,divisor-zero-unresolved,medium,False,hold-needs-source-and-witness-review,"{""denominator"": ""criDam.n"", ""witness"": ""criDam.n = 0"", ""witness_rationale"": ""set to zero"", ""denominator_at_witness"": 0.0, ""denominator_at_declared_values"": 1.0, ""denominator_range"": ""[-inf, inf]"", ""path_condition"": ""(criDam.normalized)"", ""verdict"": ""UNKNOWN"", ""proof"": ""the path depends on quantities the artifact does not determine: criDam.normalized"", ""constraints"": ""criDam.n: unbounded"", ""note"": ""an assignment drives the denominator to zero, but whether the division is evaluated there could not be decided from the artifact; this is unresolved, not confirmed""}",/data/mrumoca/eval/results/ibpsa/findings.jsonl
ibpsa,historical-static,IBPSA.Fluid.HeatPumps.ModularReversible.RefrigerantCycle.Inertias.VariableOrder,2,divisor-reachable-zero,high,False,hold-needs-source-and-witness-review,"{""denominator"": ""criDam.alpha"", ""witness"": ""criDam.alpha = 0"", ""witness_rationale"": ""set to zero"", ""denominator_at_witness"": 0.0, ""denominator_at_declared_values"": null, ""denominator_range"": ""[-inf, inf]"", ""path_condition"": ""always evaluated"", ""verdict"": ""SAT"", ""proof"": ""the division is not inside any branch"", ""constraints"": ""criDam.alpha: unbounded"", ""note"": ""a permitted assignment drives the complete denominator to zero and the division is still evaluated there""}",/data/mrumoca/eval/results/ibpsa/findings.jsonl
ibpsa,historical-static,IBPSA.Fluid.HeatPumps.ModularReversible.RefrigerantCycle.Inertias.VariableOrder,3,divisor-reachable-zero,high,False,hold-needs-source-and-witness-review,"{""denominator"": ""criDam.alpha"", ""witness"": ""criDam.alpha = 0"", ""witness_rationale"": ""set to zero"", ""denominator_at_witness"": 0.0, ""denominator_at_declared_values"": null, ""denominator_range"": ""[-inf, inf]"", ""path_condition"": ""always evaluated"", ""verdict"": ""SAT"", ""proof"": ""the division is not inside any branch"", ""constraints"": ""criDam.alpha: unbounded"", ""note"": ""a permitted assignment drives the complete denominator to zero and the division is still evaluated there""}",/data/mrumoca/eval/results/ibpsa/findings.jsonl
ibpsa,historical-static,IBPSA.Fluid.HeatPumps.ModularReversible.RefrigerantCycle.Inertias.VariableOrder,4,network-boundary-port,low,False,standalone-topology-not-defect-proof,"{""node"": ""criDam -- u -- y"", ""boundary_connectors"": ""criDam, u, y"", ""wired_to"": ""nothing"", ""note"": ""this connector belongs to the model itself, not to a component inside it: the model is an interface compiled on its own, so the node is open on one side. Nothing forces its flow, which is why a structural matching reports an unmatched unknown here. Not a defect in the model""}",/data/mrumoca/eval/results/ibpsa/findings.jsonl
ibpsa,historical-static,IBPSA.Fluid.HeatPumps.ModularReversible.RefrigerantCycle.Inertias.VariableOrder,5,vanishing-coefficient,medium,False,hold-needs-source-and-witness-review,"{""parameter"": ""criDam.w"", ""declared_min"": null, ""shape"": ""parameter multiplies a derivative; zero removes the equation's only determination of that state""}",/data/mrumoca/eval/results/ibpsa/findings.jsonl
ibpsa,historical-static,IBPSA.Fluid.HeatPumps.ModularReversible.RefrigerantCycle.Inertias.VariableOrder,6,non-square-block,medium,False,hold-needs-source-and-witness-review,"{""block"": 0, ""equations"": 4, ""variables"": 5}",/data/mrumoca/eval/results/ibpsa/findings.jsonl
ibpsa,historical-static,IBPSA.Fluid.HeatPumps.ModularReversible.RefrigerantCycle.Inertias.VariableOrder,7,STRUCTURE_DEGENERATES_AT_ZERO,low,False,hold-needs-source-and-witness-review,"{""parameter"": ""criDam.w"", ""contract"": ""Modelica.Blocks.Continuous.CriticalDamping.w: feature_disabled (proven, from equation) \u2014 the parameter appears only as a multiplier, so at zero the term it scales drops out and the rest of the model is unaffected"", ""contract_behavior"": ""feature_disabled"", ""contract_confidence"": ""proven"", ""confidence"": ""low"", ""result"": ""TOPOLOGY_SPECIFIC"", ""incidences_lost"": 0, ""unknowns_left_undetermined"": 0, ""evidence_kind"": ""scales-a-rate"", ""note"": ""at zero this parameter removes a state and the equation that determines it. The matching survives, so the system is not structurally short; whether it is *algebraically* singular depends on this model's topology and initialization and needs execution to decide. This is not a claim that the declaration should forbid zero.""}",/data/mrumoca/eval/results/ibpsa/findings.jsonl
ibpsa,historical-static,IBPSA.Fluid.Movers.BaseClasses.Validation.EulerCurve,0,non-square-block,medium,False,hold-needs-source-and-witness-review,"{""block"": 1, ""equations"": 2, ""variables"": 3}",/data/mrumoca/eval/results/ibpsa/findings.jsonl
ibpsa,historical-static,IBPSA.Fluid.HeatPumps.ModularReversible.RefrigerantCycle.Frosting.Validation.WetterAfjei1997,0,divisor-unreachable-under-witness,low,False,advisory-or-explicit-non-defect,"{""denominator"": ""ramp.duration"", ""witness"": ""ramp.duration = 0"", ""witness_rationale"": ""set to zero"", ""denominator_at_witness"": 0.0, ""denominator_at_declared_values"": 35.0, ""denominator_range"": ""[0, inf]"", ""path_condition"": ""not ((time < ramp.startTime)) and ((time < (ramp.startTime + ramp.duration)))"", ""verdict"": ""UNSAT"", ""proof"": ""the path conditions cannot hold together: time must be both > 0 and < 0"", ""constraints"": ""ramp.duration: min=0"", ""note"": ""reported so the guard can be seen and challenged, not as a defect; zero is outside the domain this division is evaluated in""}",/data/mrumoca/eval/results/ibpsa/findings.jsonl
ibpsa,historical-static,IBPSA.Fluid.HeatPumps.ModularReversible.RefrigerantCycle.Frosting.Validation.WetterAfjei1997,1,network-boundary-port,low,False,standalone-topology-not-defect-proof,"{""node"": ""const -- const1 -- iceFacAirSou.pasThrMasFlowEva -- iceFacAirSou.pasThrTEvaIn -- iceFacAirSou.pasThrTEvaOut -- iceFacAirSou.sigBus -- iceFacWatSou.pasThrMasFlowEva -- iceFacWatSou.pasThrTEvaIn -- iceFacWatSou.pasThrTEvaOut -- iceFacWatSou.sigBus -- ramp -- sigBus1"", ""boundary_connectors"": ""const, const1, ramp, sigBus1"", ""wired_to"": ""iceFacAirSou.pasThrMasFlowEva, iceFacAirSou.pasThrTEvaIn, iceFacAirSou.pasThrTEvaOut, iceFacAirSou.sigBus, iceFacWatSou.pasThrMasFlowEva, iceFacWatSou.pasThrTEvaIn, iceFacWatSou.pasThrTEvaOut, iceFacWatSou.sigBus"", ""note"": ""this connector belongs to the model itself, not to a component inside it: the model is an interface compiled on its own, so the node is open on one side. Nothing forces its flow, which is why a structural matching reports an unmatched unknown here. Not a defect in the model""}",/data/mrumoca/eval/results/ibpsa/findings.jsonl
ibpsa,historical-static,IBPSA.Fluid.HeatPumps.ModularReversible.RefrigerantCycle.Frosting.Validation.WetterAfjei1997,2,network-boundary-port,low,False,standalone-topology-not-defect-proof,"{""node"": ""iceFacAir -- iceFacAirSou -- iceFacAirSou.conIsAirSource -- iceFacAirSou.constNoFro -- iceFacAirSou.ice -- iceFacAirSou.swi"", ""boundary_connectors"": ""iceFacAir, iceFacAirSou"", ""wired_to"": ""iceFacAirSou.conIsAirSource, iceFacAirSou.constNoFro, iceFacAirSou.ice, iceFacAirSou.swi"", ""note"": ""this connector belongs to the model itself, not to a component inside it: the model is an interface compiled on its own, so the node is open on one side. Nothing forces its flow, which is why a structural matching reports an unmatched unknown here. Not a defect in the model""}",/data/mrumoca/eval/results/ibpsa/findings.jsonl
ibpsa,historical-static,IBPSA.Fluid.HeatPumps.ModularReversible.RefrigerantCycle.Frosting.Validation.WetterAfjei1997,3,network-boundary-port,low,False,standalone-topology-not-defect-proof,"{""node"": ""iceFacWat -- iceFacWatSou -- iceFacWatSou.conIsAirSource -- iceFacWatSou.constNoFro -- iceFacWatSou.ice -- iceFacWatSou.swi"", ""boundary_connectors"": ""iceFacWat, iceFacWatSou"", ""wired_to"": ""iceFacWatSou.conIsAirSource, iceFacWatSou.constNoFro, iceFacWatSou.ice, iceFacWatSou.swi"", ""note"": ""this connector belongs to the model itself, not to a component inside it: the model is an interface compiled on its own, so the node is open on one side. Nothing forces its flow, which is why a structural matching reports an unmatched unknown here. Not a defect in the model""}",/data/mrumoca/eval/results/ibpsa/findings.jsonl
ibpsa,historical-static,IBPSA.Fluid.HeatPumps.ModularReversible.RefrigerantCycle.Frosting.Validation.WetterAfjei1997,4,quantity-missing,low,False,advisory-or-explicit-non-defect,"{""unit"": ""K"", ""count"": 4, ""declarations"": ""ramp.y, const1.y, sigBus1.TEvaInMea, sigBus1.TEvaOutMea"", ""note"": ""a unit is declared without a quantity, so nothing states what is being measured and no rule keyed on quantity can apply to it""}",/data/mrumoca/eval/results/ibpsa/findings.jsonl
ibpsa,historical-static,IBPSA.Fluid.HeatPumps.ModularReversible.RefrigerantCycle.Frosting.Validation.WetterAfjei1997,5,quantity-missing,low,False,advisory-or-explicit-non-defect,"{""unit"": ""kg/s"", ""count"": 2, ""declarations"": ""const.y, sigBus1.mEvaMea_flow"", ""note"": ""a unit is declared without a quantity, so nothing states what is being measured and no rule keyed on quantity can apply to it""}",/data/mrumoca/eval/results/ibpsa/findings.jsonl
ibpsa,historical-static,IBPSA.Fluid.HeatPumps.ModularReversible.RefrigerantCycle.Frosting.Validation.WetterAfjei1997,6,non-square-block,medium,False,hold-needs-source-and-witness-review,"{""block"": 0, ""equations"": 22, ""variables"": 24}",/data/mrumoca/eval/results/ibpsa/findings.jsonl
ibpsa,historical-static,IBPSA.Fluid.Sensors.Conversions.To_VolumeFraction,0,divisor-reachable-zero,high,False,hold-needs-source-and-witness-review,"{""denominator"": ""MMMea"", ""witness"": ""MMMea = 0"", ""witness_rationale"": ""set to zero"", ""denominator_at_witness"": 0.0, ""denominator_at_declared_values"": null, ""denominator_range"": ""[0, inf]"", ""path_condition"": ""always evaluated"", ""verdict"": ""SAT"", ""proof"": ""the division is not inside any branch"", ""constraints"": ""MMMea: min=0"", ""note"": ""a permitted assignment drives the complete denominator to zero and the division is still evaluated there""}",/data/mrumoca/eval/results/ibpsa/findings.jsonl
ibpsa,historical-static,IBPSA.Fluid.Sensors.Conversions.To_VolumeFraction,1,divisor-reachable-zero,high,False,hold-needs-source-and-witness-review,"{""denominator"": ""MMMea"", ""witness"": ""MMMea = 0"", ""witness_rationale"": ""set to zero"", ""denominator_at_witness"": 0.0, ""denominator_at_declared_values"": null, ""denominator_range"": ""[0, inf]"", ""path_condition"": ""always evaluated"", ""verdict"": ""SAT"", ""proof"": ""the division is not inside any branch"", ""constraints"": ""MMMea: min=0"", ""note"": ""a permitted assignment drives the complete denominator to zero and the division is still evaluated there""}",/data/mrumoca/eval/results/ibpsa/findings.jsonl
ibpsa,historical-static,IBPSA.Fluid.Sensors.Conversions.To_VolumeFraction,2,init-precondition-at-risk,low,False,hold-needs-source-and-witness-review,"{""expression"": ""(MMBul / MMMea)"", ""requirement"": ""divisor must not be zero"", ""initial_range"": ""[0, +inf]"", ""result"": ""UNKNOWN"", ""note"": ""the initial range of this operand contains a value the operation does not accept; whether it takes one is not decidable statically""}",/data/mrumoca/eval/results/ibpsa/findings.jsonl
ibpsa,historical-static,IBPSA.Fluid.Sensors.Conversions.To_VolumeFraction,3,init-precondition-at-risk,low,False,hold-needs-source-and-witness-review,"{""expression"": ""(MMBul / MMMea)"", ""requirement"": ""divisor must not be zero"", ""initial_range"": ""[0, +inf]"", ""result"": ""UNKNOWN"", ""note"": ""the initial range of this operand contains a value the operation does not accept; whether it takes one is not decidable statically""}",/data/mrumoca/eval/results/ibpsa/findings.jsonl
ibpsa,historical-static,IBPSA.Fluid.SolarCollectors.BaseClasses.Examples.ASHRAEHeatLoss,0,divisor-reachable-zero,high,False,hold-needs-source-and-witness-review,"{""denominator"": ""heaLos.nSeg"", ""witness"": ""heaLos.nSeg = 0"", ""witness_rationale"": ""set to zero"", ""denominator_at_witness"": 0.0, ""denominator_at_declared_values"": 3.0, ""denominator_range"": ""[-inf, inf]"", ""path_condition"": ""always evaluated"", ""verdict"": ""SAT"", ""proof"": ""the division is not inside any branch"", ""constraints"": ""heaLos.nSeg: unbounded"", ""note"": ""a permitted assignment drives the complete denominator to zero and the division is still evaluated there""}",/data/mrumoca/eval/results/ibpsa/findings.jsonl
ibpsa,historical-static,IBPSA.Fluid.SolarCollectors.BaseClasses.Examples.ASHRAEHeatLoss,1,init-invariant-violated,high,False,hold-needs-source-and-witness-review,"{""invariant"": ""per.C > 0"", ""initial_range"": ""per.C in 0"", ""result"": ""PROVEN_FALSE"", ""domain"": ""thermal"", ""rule"": ""thermal.heat_capacity.positive"", ""rule_origin"": ""C*dT = dQ; a non-positive heat capacity makes a body cool when heated"", ""matched_by"": {""quantity"": ""HeatCapacity"", ""unit"": ""J/K"", ""confidence"": ""QUANTITY_AND_UNIT"", ""premise_state"": ""unknown"", ""authority"": ""quantity_or_unit"", ""canonical_declaration"": ""IBPSA.Fluid.SolarCollectors.Data.GenericASHRAE93.C""}, ""derived_from"": ""parameter: = 0"", ""note"": ""the initialization establishes a value the invariant forbids""}",/data/mrumoca/eval/results/ibpsa/findings.jsonl
ibpsa,historical-static,IBPSA.Fluid.SolarCollectors.BaseClasses.Examples.ASHRAEHeatLoss,2,network-boundary-port,low,False,standalone-topology-not-defect-proof,"{""node"": ""T1 -- T2 -- T3 -- TEnv -- heaLos"", ""boundary_connectors"": ""T1, T2, T3, TEnv, heaLos"", ""wired_to"": ""nothing"", ""note"": ""this connector belongs to the model itself, not to a component inside it: the model is an interface compiled on its own, so the node is open on one side. Nothing forces its flow, which is why a structural matching reports an unmatched unknown here. Not a defect in the model""}",/data/mrumoca/eval/results/ibpsa/findings.jsonl
ibpsa,historical-static,IBPSA.Fluid.SolarCollectors.BaseClasses.Examples.ASHRAEHeatLoss,3,physical-zero-is-a-supported-limit,low,False,advisory-or-explicit-non-defect,"{""domain"": ""thermal"", ""rule"": ""thermal.heat_capacity.positive"", ""rule_origin"": ""C*dT = dQ; a non-positive heat capacity makes a body cool when heated"", ""rule_reference"": """", ""matched_by"": {""quantity"": ""HeatCapacity"", ""unit"": ""J/K"", ""confidence"": ""QUANTITY_AND_UNIT"", ""premise_state"": ""unknown"", ""authority"": ""quantity_or_unit"", ""canonical_declaration"": ""IBPSA.Fluid.SolarCollectors.Data.GenericASHRAE93.C""}, ""observed"": 0.0, ""required"": ""per.C > 0"", ""where"": ""declaration"", ""contract"": ""IBPSA.Fluid.SolarCollectors.Data.GenericASHRAE93.C: feature_disabled (declared, from bound) \u2014 the declaration's own binding evaluates to zero at the declared configuration, so zero is the value the library chose rather than one it failed to exclude"", ""contract_behavior"": ""feature_disabled"", ""contract_confidence"": ""declared"", ""contract_source"": ""bound"", ""note"": ""the declared value is zero and this component documents zero as a meaningful limit, so the positivity rule does not apply here""}",/data/mrumoca/eval/results/ibpsa/findings.jsonl
ibpsa,historical-static,IBPSA.Fluid.SolarCollectors.BaseClasses.Examples.ASHRAEHeatLoss,4,physical-intent-question,low,False,advisory-or-explicit-non-defect,"{""domain"": ""fluid"", ""rule"": ""fluid.area.positive"", ""rule_origin"": ""a flow cross-section is a divisor in every velocity relation; zero area admits no flow and divides by zero"", ""rule_reference"": """", ""matched_by"": {""quantity"": ""Area"", ""unit"": ""m2"", ""confidence"": ""QUANTITY_AND_UNIT"", ""premise_state"": ""unknown"", ""authority"": ""quantity_or_unit"", ""canonical_declaration"": ""IBPSA.Fluid.SolarCollectors.Data.GenericASHRAE93.A""}, ""required"": ""per.A > 0"", ""declared_min"": null, ""variable_role"": ""parameter"", ""observation"": ""permissive-declaration"", ""premise_state"": ""unknown"", ""authority"": ""quantity_or_unit"", ""canonical_declaration"": ""IBPSA.Fluid.SolarCollectors.Data.GenericASHRAE93.A"", ""question"": ""`per.A` carries no bound that would exclude it, which is unusual for an area \u2014 but nothing declares what this component is, so the analyzer cannot tell whether it is intended. Is it? If so, declare it: add a component contract, or a `[[contracts]]` entry naming the intended `sign_domain`. If not, bound the declaration.""}",/data/mrumoca/eval/results/ibpsa/findings.jsonl
ibpsa,historical-static,IBPSA.Fluid.SolarCollectors.BaseClasses.Examples.ASHRAEHeatLoss,5,physical-intent-question,low,False,advisory-or-explicit-non-defect,"{""domain"": ""mechanical"", ""rule"": ""mech.mass.positive"", ""rule_origin"": ""m*a = f determines acceleration only for m > 0; negative mass is not a physical body"", ""rule_reference"": ""MSL Mechanics.Translational.Components.Mass"", ""matched_by"": {""quantity"": ""Mass"", ""unit"": ""kg"", ""confidence"": ""QUANTITY_AND_UNIT"", ""premise_state"": ""unknown"", ""authority"": ""quantity_or_unit"", ""canonical_declaration"": ""IBPSA.Fluid.SolarCollectors.Data.GenericASHRAE93.mDry""}, ""required"": ""per.mDry > 0"", ""declared_min"": 0.0, ""variable_role"": ""parameter"", ""observation"": ""permissive-declaration"", ""premise_state"": ""unknown"", ""authority"": ""quantity_or_unit"", ""canonical_declaration"": ""IBPSA.Fluid.SolarCollectors.Data.GenericASHRAE93.mDry"", ""question"": ""`per.mDry` is bounded only by min=0, which is unusual for a mass \u2014 but nothing declares what this component is, so the analyzer cannot tell whether it is intended. Is it? If so, declare it: add a component contract, or a `[[contracts]]` entry naming the intended `sign_domain`. If not, bound the declaration.""}",/data/mrumoca/eval/results/ibpsa/findings.jsonl
ibpsa,historical-static,IBPSA.Fluid.SolarCollectors.BaseClasses.Examples.ASHRAEHeatLoss,6,physical-intent-question,low,False,advisory-or-explicit-non-defect,"{""domain"": ""fluid"", ""rule"": ""fluid.area.positive"", ""rule_origin"": ""a flow cross-section is a divisor in every velocity relation; zero area admits no flow and divides by zero"", ""rule_reference"": """", ""matched_by"": {""quantity"": ""Area"", ""unit"": ""m2"", ""confidence"": ""QUANTITY_AND_UNIT"", ""premise_state"": ""unknown"", ""authority"": ""quantity_or_unit"", ""canonical_declaration"": ""IBPSA.Fluid.SolarCollectors.BaseClasses.ASHRAEHeatLoss.A_c""}, ""required"": ""heaLos.A_c > 0"", ""declared_min"": null, ""variable_role"": ""parameter"", ""observation"": ""permissive-declaration"", ""premise_state"": ""unknown"", ""authority"": ""quantity_or_unit"", ""canonical_declaration"": ""IBPSA.Fluid.SolarCollectors.BaseClasses.ASHRAEHeatLoss.A_c"", ""question"": ""`heaLos.A_c` carries no bound that would exclude it, which is unusual for an area \u2014 but nothing declares what this component is, so the analyzer cannot tell whether it is intended. Is it? If so, declare it: add a component contract, or a `[[contracts]]` entry naming the intended `sign_domain`. If not, bound the declaration.""}",/data/mrumoca/eval/results/ibpsa/findings.jsonl
ibpsa,historical-static,IBPSA.Fluid.SolarCollectors.BaseClasses.Examples.ASHRAEHeatLoss,7,quantity-missing,low,False,advisory-or-explicit-non-defect,"{""unit"": ""kg/(s.m2)"", ""count"": 1, ""declarations"": ""per.mperA_flow_nominal"", ""note"": ""a unit is declared without a quantity, so nothing states what is being measured and no rule keyed on quantity can apply to it""}",/data/mrumoca/eval/results/ibpsa/findings.jsonl
ibpsa,historical-static,IBPSA.Fluid.SolarCollectors.BaseClasses.Examples.ASHRAEHeatLoss,8,non-square-block,medium,False,hold-needs-source-and-witness-review,"{""block"": 0, ""equations"": 11, ""variables"": 9}",/data/mrumoca/eval/results/ibpsa/findings.jsonl
ibpsa,historical-static,IBPSA.Fluid.HeatPumps.ModularReversible.Examples.BaseClasses.OneRoomRadiatorHeatPumpControl,0,network-boundary-port,low,False,standalone-topology-not-defect-proof,"{""node"": ""PIDCoo -- PIDCoo.Dzero -- PIDCoo.FFzero -- PIDCoo.I -- PIDCoo.P -- PIDCoo.addFF -- PIDCoo.addI -- PIDCoo.addP -- PIDCoo.addPID -- PIDCoo.addSat -- PIDCoo.gainPID -- PIDCoo.gainTrack -- PIDCoo.limiter -- PIDHea -- PIDHea.Dzero -- PIDHea.FFzero -- PIDHea.I -- PIDHea.P -- PIDHea.addFF -- PIDHea.addI -- PIDHea.addP -- PIDHea.addPID -- PIDHea.addSat -- PIDHea.gainPID -- PIDHea.gainTrack -- PIDHea.limiter -- TRadSup -- TRooMea -- booPasThrCoo -- constTSetRooCoo -- constTSetRooHea -- constYSetZer -- cooValOrHea -- hea -- heaIsOn -- heaOrCooIsOn -- hysCoo -- hysHea -- hysSecCoo -- swiHeaCooYSet -- swiSecForCoo -- swiYSet -- ySet"", ""boundary_connectors"": ""PIDCoo, PIDHea, TRadSup, TRooMea, booPasThrCoo, constTSetRooCoo, constTSetRooHea, constYSetZer, cooValOrHea, hea, heaIsOn, heaOrCooIsOn, hysCoo, hysHea, hysSecCoo, swiHeaCooYSet, swiSecForCoo, swiYSet, ySet"", ""wired_to"": ""PIDCoo.Dzero, PIDCoo.FFzero, PIDCoo.I, PIDCoo.P, PIDCoo.addFF, PIDCoo.addI, PIDCoo.addP, PIDCoo.addPID, PIDCoo.addSat, PIDCoo.gainPID, PIDCoo.gainTrack, PIDCoo.limiter, PIDHea.Dzero, PIDHea.FFzero, PIDHea.I, PIDHea.P, PIDHea.addFF, PIDHea.addI, PIDHea.addP, PIDHea.addPID, PIDHea.addSat, PIDHea.gainPID, PIDHea.gainTrack, PIDHea.limiter"", ""note"": ""this connector belongs to the model itself, not to a component inside it: the model is an interface compiled on its own, so the node is open on one side. Nothing forces its flow, which is why a structural matching reports an unmatched unknown here. Not a defect in the model""}",/data/mrumoca/eval/results/ibpsa/findings.jsonl
ibpsa,historical-static,IBPSA.Fluid.HeatPumps.ModularReversible.Examples.BaseClasses.OneRoomRadiatorHeatPumpControl,1,quantity-missing,low,False,advisory-or-explicit-non-defect,"{""unit"": ""K"", ""count"": 2, ""declarations"": ""TRooMea, TRadSup"", ""note"": ""a unit is declared without a quantity, so nothing states what is being measured and no rule keyed on quantity can apply to it""}",/data/mrumoca/eval/results/ibpsa/findings.jsonl
ibpsa,historical-static,IBPSA.Fluid.HeatPumps.ModularReversible.Examples.BaseClasses.OneRoomRadiatorHeatPumpControl,2,vanishing-coefficient,medium,False,hold-needs-source-and-witness-review,"{""parameter"": ""PIDCoo.I.k"", ""declared_min"": null, ""shape"": ""parameter multiplies a derivative; zero removes the equation's only determination of that state""}",/data/mrumoca/eval/results/ibpsa/findings.jsonl
ibpsa,historical-static,IBPSA.Fluid.HeatPumps.ModularReversible.Examples.BaseClasses.OneRoomRadiatorHeatPumpControl,3,vanishing-coefficient,medium,False,hold-needs-source-and-witness-review,"{""parameter"": ""PIDHea.I.k"", ""declared_min"": null, ""shape"": ""parameter multiplies a derivative; zero removes the equation's only determination of that state""}",/data/mrumoca/eval/results/ibpsa/findings.jsonl
ibpsa,historical-static,IBPSA.Fluid.HeatPumps.ModularReversible.Examples.BaseClasses.OneRoomRadiatorHeatPumpControl,4,non-square-block,medium,False,hold-needs-source-and-witness-review,"{""block"": 0, ""equations"": 83, ""variables"": 87}",/data/mrumoca/eval/results/ibpsa/findings.jsonl
ibpsa,historical-static,IBPSA.Fluid.HeatPumps.ModularReversible.Examples.BaseClasses.OneRoomRadiatorHeatPumpControl,5,STRUCTURE_DEGENERATES_AT_ZERO,low,False,hold-needs-source-and-witness-review,"{""parameter"": ""PIDCoo.I.k"", ""contract"": ""Modelica.Blocks.Continuous.Integrator.k: feature_disabled (proven, from equation) \u2014 the parameter appears only as a multiplier, so at zero the term it scales drops out and the rest of the model is unaffected"", ""contract_behavior"": ""feature_disabled"", ""contract_confidence"": ""proven"", ""confidence"": ""low"", ""result"": ""TOPOLOGY_SPECIFIC"", ""incidences_lost"": 0, ""unknowns_left_undetermined"": 0, ""evidence_kind"": ""scales-a-rate"", ""note"": ""at zero this parameter removes a state and the equation that determines it. The matching survives, so the system is not structurally short; whether it is *algebraically* singular depends on this model's topology and initialization and needs execution to decide. This is not a claim that the declaration should forbid zero.""}",/data/mrumoca/eval/results/ibpsa/findings.jsonl
ibpsa,historical-static,IBPSA.Fluid.HeatPumps.ModularReversible.Examples.BaseClasses.OneRoomRadiatorHeatPumpControl,6,STRUCTURE_DEGENERATES_AT_ZERO,low,False,hold-needs-source-and-witness-review,"{""parameter"": ""PIDHea.I.k"", ""contract"": ""Modelica.Blocks.Continuous.Integrator.k: feature_disabled (proven, from equation) \u2014 the parameter appears only as a multiplier, so at zero the term it scales drops out and the rest of the model is unaffected"", ""contract_behavior"": ""feature_disabled"", ""contract_confidence"": ""proven"", ""confidence"": ""low"", ""result"": ""TOPOLOGY_SPECIFIC"", ""incidences_lost"": 0, ""unknowns_left_undetermined"": 0, ""evidence_kind"": ""scales-a-rate"", ""note"": ""at zero this parameter removes a state and the equation that determines it. The matching survives, so the system is not structurally short; whether it is *algebraically* singular depends on this model's topology and initialization and needs execution to decide. This is not a claim that the declaration should forbid zero.""}",/data/mrumoca/eval/results/ibpsa/findings.jsonl
ibpsa,historical-static,IBPSA.Fluid.Sensors.RelativePressure,0,network-port-unconnected,low,False,standalone-topology-not-defect-proof,"{""connector"": ""port_a"", ""component"": ""<top level>"", ""component_class"": ""unknown"", ""flows_forced_to_zero"": ""port_a.m_flow"", ""note"": ""nothing is connected to this port, so MLS \u00a79.2 forces its flow to zero. That is correct for a component compiled on its own and is not a defect; it is recorded because it is the commonest reason a model looks structurally singular""}",/data/mrumoca/eval/results/ibpsa/findings.jsonl
ibpsa,historical-static,IBPSA.Fluid.Sensors.RelativePressure,1,network-port-unconnected,low,False,standalone-topology-not-defect-proof,"{""connector"": ""port_b"", ""component"": ""<top level>"", ""component_class"": ""unknown"", ""flows_forced_to_zero"": ""port_b.m_flow"", ""note"": ""nothing is connected to this port, so MLS \u00a79.2 forces its flow to zero. That is correct for a component compiled on its own and is not a defect; it is recorded because it is the commonest reason a model looks structurally singular""}",/data/mrumoca/eval/results/ibpsa/findings.jsonl
ibpsa,historical-static,IBPSA.Fluid.Sensors.RelativePressure,2,network-component-isolated,low,False,standalone-topology-not-defect-proof,"{""component"": ""<top level>"", ""component_class"": ""unknown"", ""ports"": ""port_a, port_b"", ""note"": ""every port of this instance is unconnected, so it exchanges nothing with the rest of the model while still contributing its equations""}",/data/mrumoca/eval/results/ibpsa/findings.jsonl
ibpsa,historical-static,IBPSA.Fluid.Sensors.RelativePressure,3,non-square-block,medium,False,hold-needs-source-and-witness-review,"{""block"": 0, ""equations"": 2, ""variables"": 1}",/data/mrumoca/eval/results/ibpsa/findings.jsonl
ibpsa,historical-static,IBPSA.Fluid.Sensors.RelativePressure,4,non-square-block,medium,False,hold-needs-source-and-witness-review,"{""block"": 1, ""equations"": 2, ""variables"": 1}",/data/mrumoca/eval/results/ibpsa/findings.jsonl
ibpsa,historical-static,IBPSA.Fluid.Sensors.RelativePressure,5,UNMATCHED_VARIABLE,high,False,hold-needs-source-and-witness-review,"{""variable"": ""port_b.p"", ""scalars"": 1, ""scalars_determined"": 0, ""region_variables"": 3, ""region_equations"": 1, ""touching_equations"": ""4"", ""confidence"": ""high"", ""result"": ""STRUCTURAL_MATCH_FAILURE"", ""note"": ""no equation in the connected structural region can be matched to this unknown. This is a structural result and says nothing about algebraic rank.""}",/data/mrumoca/eval/results/ibpsa/findings.jsonl
ibpsa,historical-static,IBPSA.Fluid.Sensors.RelativePressure,6,UNMATCHED_VARIABLE,high,False,hold-needs-source-and-witness-review,"{""variable"": ""p_rel"", ""scalars"": 1, ""scalars_determined"": 0, ""region_variables"": 3, ""region_equations"": 1, ""touching_equations"": ""4"", ""confidence"": ""high"", ""result"": ""STRUCTURAL_MATCH_FAILURE"", ""note"": ""no equation in the connected structural region can be matched to this unknown. This is a structural result and says nothing about algebraic rank.""}",/data/mrumoca/eval/results/ibpsa/findings.jsonl
ibpsa,historical-static,IBPSA.Fluid.Sensors.RelativePressure,7,UNMATCHED_EQUATION,high,False,hold-needs-source-and-witness-review,"{""equation"": ""port_a.m_flow"", ""scalar_rows"": 1, ""rows_matched"": 0, ""confidence"": ""high"", ""result"": ""STRUCTURAL_MATCH_FAILURE"", ""note"": ""this constraint has no unknown left to determine; the region is over-constrained""}",/data/mrumoca/eval/results/ibpsa/findings.jsonl
ibpsa,historical-static,IBPSA.Fluid.Sensors.RelativePressure,8,UNMATCHED_EQUATION,high,False,hold-needs-source-and-witness-review,"{""equation"": ""port_b.m_flow"", ""scalar_rows"": 1, ""rows_matched"": 0, ""confidence"": ""high"", ""result"": ""STRUCTURAL_MATCH_FAILURE"", ""note"": ""this constraint has no unknown left to determine; the region is over-constrained""}",/data/mrumoca/eval/results/ibpsa/findings.jsonl
ibpsa,historical-static,IBPSA.Fluid.Sensors.RelativePressure,9,DUPLICATE_EQUATION,medium,False,hold-needs-source-and-witness-review,"{""equations"": ""(port_a.m_flow - 0), port_a.m_flow"", ""count"": 2, ""confidence"": ""medium"", ""note"": ""the same constraint up to scale, stated more than once; one of them constrains nothing new""}",/data/mrumoca/eval/results/ibpsa/findings.jsonl
ibpsa,historical-static,IBPSA.Fluid.Sensors.RelativePressure,10,DUPLICATE_EQUATION,medium,False,hold-needs-source-and-witness-review,"{""equations"": ""(port_b.m_flow - 0), port_b.m_flow"", ""count"": 2, ""confidence"": ""medium"", ""note"": ""the same constraint up to scale, stated more than once; one of them constrains nothing new""}",/data/mrumoca/eval/results/ibpsa/findings.jsonl
ibpsa,historical-static,IBPSA.Fluid.SolarCollectors.Controls.BaseClasses.GCritCalc,0,divisor-zero-at-declared-values,high,False,hold-check-unset-parameters-and-inputs,"{""denominator"": ""y_intercept"", ""witness"": ""none needed"", ""witness_rationale"": ""the denominator is zero as declared"", ""denominator_at_witness"": 0.0, ""denominator_at_declared_values"": 0.0, ""denominator_range"": """", ""path_condition"": ""always evaluated"", ""verdict"": ""SAT"", ""proof"": ""no assignment is needed: the denominator is zero at the model's own declared values"", ""constraints"": """", ""note"": ""the division fails without anything being changed, so no parameter can be blamed and none needs to be""}",/data/mrumoca/eval/results/ibpsa/findings.jsonl
ibpsa,historical-static,IBPSA.Media.Specialized.Air.Examples.PerfectGasDerivativeCheck,0,initialization-count-mismatch,info,False,hold-needs-source-and-witness-review,"{""states"": 6, ""initial_equations"": 3, ""fixed_starts"": 0, ""note"": ""approximate; the compiler's balance check is authoritative""}",/data/mrumoca/eval/results/ibpsa/findings.jsonl
ibpsa,historical-static,IBPSA.Media.Specialized.Air.Examples.PerfectGasDerivativeCheck,1,quantity-missing,low,False,advisory-or-explicit-non-defect,"{""unit"": ""K/s3"", ""count"": 1, ""declarations"": ""convT"", ""note"": ""a unit is declared without a quantity, so nothing states what is being measured and no rule keyed on quantity can apply to it""}",/data/mrumoca/eval/results/ibpsa/findings.jsonl
ibpsa,historical-static,IBPSA.Fluid.SolarCollectors.Controls.BaseClasses.Examples.GCritCalc,0,divisor-reachable-zero,high,False,hold-needs-source-and-witness-review,"{""denominator"": ""criSol.y_intercept"", ""witness"": ""criSol.y_intercept = 0"", ""witness_rationale"": ""set to zero"", ""denominator_at_witness"": 0.0, ""denominator_at_declared_values"": 0.602, ""denominator_range"": ""[-inf, inf]"", ""path_condition"": ""always evaluated"", ""verdict"": ""SAT"", ""proof"": ""the division is not inside any branch"", ""constraints"": ""criSol.y_intercept: unbounded"", ""note"": ""a permitted assignment drives the complete denominator to zero and the division is still evaluated there""}",/data/mrumoca/eval/results/ibpsa/findings.jsonl
ibpsa,historical-static,IBPSA.Fluid.SolarCollectors.Controls.BaseClasses.Examples.GCritCalc,1,network-boundary-port,low,False,standalone-topology-not-defect-proof,"{""node"": ""TEnv -- TIn -- criSol"", ""boundary_connectors"": ""TEnv, TIn, criSol"", ""wired_to"": ""nothing"", ""note"": ""this connector belongs to the model itself, not to a component inside it: the model is an interface compiled on its own, so the node is open on one side. Nothing forces its flow, which is why a structural matching reports an unmatched unknown here. Not a defect in the model""}",/data/mrumoca/eval/results/ibpsa/findings.jsonl
ibpsa,historical-static,IBPSA.Fluid.SolarCollectors.BaseClasses.PartialParameters,0,physical-intent-question,low,False,advisory-or-explicit-non-defect,"{""domain"": ""fluid"", ""rule"": ""fluid.area.positive"", ""rule_origin"": ""a flow cross-section is a divisor in every velocity relation; zero area admits no flow and divides by zero"", ""rule_reference"": """", ""matched_by"": {""quantity"": ""Area"", ""unit"": ""m2"", ""confidence"": ""QUANTITY_AND_UNIT"", ""premise_state"": ""unknown"", ""authority"": ""quantity_or_unit"", ""canonical_declaration"": ""IBPSA.Fluid.SolarCollectors.BaseClasses.PartialParameters.A_c""}, ""required"": ""A_c > 0"", ""declared_min"": null, ""variable_role"": ""parameter"", ""observation"": ""permissive-declaration"", ""premise_state"": ""unknown"", ""authority"": ""quantity_or_unit"", ""canonical_declaration"": ""IBPSA.Fluid.SolarCollectors.BaseClasses.PartialParameters.A_c"", ""question"": ""`A_c` carries no bound that would exclude it, which is unusual for an area \u2014 but nothing declares what this component is, so the analyzer cannot tell whether it is intended. Is it? If so, declare it: add a component contract, or a `[[contracts]]` entry naming the intended `sign_domain`. If not, bound the declaration.""}",/data/mrumoca/eval/results/ibpsa/findings.jsonl
ibpsa,historical-static,IBPSA.ThermalZones.ISO13790.BaseClasses.GainSurface,0,divisor-reachable-zero,high,False,hold-needs-source-and-witness-review,"{""denominator"": ""ATot"", ""witness"": ""ATot = 0"", ""witness_rationale"": ""set to zero"", ""denominator_at_witness"": 0.0, ""denominator_at_declared_values"": null, ""denominator_range"": ""[-inf, inf]"", ""path_condition"": ""always evaluated"", ""verdict"": ""SAT"", ""proof"": ""the division is not inside any branch"", ""constraints"": ""ATot: unbounded"", ""note"": ""a permitted assignment drives the complete denominator to zero and the division is still evaluated there""}",/data/mrumoca/eval/results/ibpsa/findings.jsonl
ibpsa,historical-static,IBPSA.ThermalZones.ISO13790.BaseClasses.GainSurface,1,divisor-reachable-zero,high,False,hold-needs-source-and-witness-review,"{""denominator"": ""(9.1 * ATot)"", ""witness"": ""ATot = 0"", ""witness_rationale"": ""set to zero"", ""denominator_at_witness"": 0.0, ""denominator_at_declared_values"": null, ""denominator_range"": ""[-inf, inf]"", ""path_condition"": ""always evaluated"", ""verdict"": ""SAT"", ""proof"": ""the division is not inside any branch"", ""constraints"": ""ATot: unbounded"", ""note"": ""a permitted assignment drives the complete denominator to zero and the division is still evaluated there""}",/data/mrumoca/eval/results/ibpsa/findings.jsonl
ibpsa,historical-static,IBPSA.ThermalZones.ISO13790.BaseClasses.GainSurface,2,physical-domain-unenforced,medium,False,hold-needs-source-and-witness-review,"{""domain"": ""fluid"", ""rule"": ""fluid.area.positive"", ""rule_origin"": ""a flow cross-section is a divisor in every velocity relation; zero area admits no flow and divides by zero"", ""rule_reference"": """", ""matched_by"": {""quantity"": ""Area"", ""unit"": ""m2"", ""confidence"": ""QUANTITY_AND_UNIT"", ""premise_state"": ""unknown"", ""authority"": ""quantity_or_unit"", ""canonical_declaration"": ""IBPSA.ThermalZones.ISO13790.BaseClasses.GainSurface.ATot""}, ""required"": ""ATot > 0"", ""declared_min"": null, ""variable_role"": ""parameter"", ""premise_state"": ""established"", ""authority"": ""source_arithmetic"", ""canonical_declaration"": ""IBPSA.ThermalZones.ISO13790.BaseClasses.GainSurface.ATot"", ""contract_source"": ""equation"", ""premise_reason"": ""a source equation divides by this parameter, so the value is excluded by arithmetic rather than by intent"", ""note"": ""nothing bounds this declaration, so it permits values the component's own contract forbids""}",/data/mrumoca/eval/results/ibpsa/findings.jsonl
ibpsa,historical-static,IBPSA.ThermalZones.ISO13790.BaseClasses.GainSurface,3,physical-intent-question,low,False,advisory-or-explicit-non-defect,"{""domain"": ""thermal"", ""rule"": ""thermal.conductance.positive"", ""rule_origin"": ""heat flows from hot to cold; G <= 0 reverses the second law"", ""rule_reference"": """", ""matched_by"": {""quantity"": ""ThermalConductance"", ""unit"": ""W/K"", ""confidence"": ""QUANTITY_AND_UNIT"", ""premise_state"": ""unknown"", ""authority"": ""quantity_or_unit"", ""canonical_declaration"": ""IBPSA.ThermalZones.ISO13790.BaseClasses.GainSurface.HWinGai""}, ""required"": ""HWinGai > 0"", ""declared_min"": null, ""variable_role"": ""parameter"", ""observation"": ""permissive-declaration"", ""premise_state"": ""unknown"", ""authority"": ""quantity_or_unit"", ""canonical_declaration"": ""IBPSA.ThermalZones.ISO13790.BaseClasses.GainSurface.HWinGai"", ""question"": ""`HWinGai` carries no bound that would exclude it, which is unusual for a thermal conductance \u2014 but nothing declares what this component is, so the analyzer cannot tell whether it is intended. Is it? If so, declare it: add a component contract, or a `[[contracts]]` entry naming the intended `sign_domain`. If not, bound the declaration.""}",/data/mrumoca/eval/results/ibpsa/findings.jsonl
ibpsa,historical-static,IBPSA.ThermalZones.ISO13790.BaseClasses.GainSurface,4,physical-zero-is-a-supported-limit,low,False,advisory-or-explicit-non-defect,"{""domain"": ""fluid"", ""rule"": ""fluid.area.positive"", ""rule_origin"": ""a flow cross-section is a divisor in every velocity relation; zero area admits no flow and divides by zero"", ""rule_reference"": """", ""matched_by"": {""quantity"": ""Area"", ""unit"": ""m2"", ""confidence"": ""QUANTITY_AND_UNIT"", ""premise_state"": ""unknown"", ""authority"": ""quantity_or_unit"", ""canonical_declaration"": ""IBPSA.ThermalZones.ISO13790.BaseClasses.GainSurface.AFlo""}, ""required"": ""AFlo > 0"", ""declared_min"": null, ""variable_role"": ""parameter"", ""premise_state"": ""refuted"", ""authority"": ""component_contract"", ""contract"": ""IBPSA.ThermalZones.ISO13790.BaseClasses.GainSurface.AFlo: feature_disabled (proven, from equation) \u2014 the parameter appears only as a multiplier, so at zero the term it scales drops out and the rest of the model is unaffected"", ""contract_behavior"": ""feature_disabled"", ""contract_confidence"": ""proven"", ""contract_source"": ""equation"", ""note"": ""the positivity rule does not apply: this component documents zero as a meaningful limit, so reporting a missing bound would contradict its contract""}",/data/mrumoca/eval/results/ibpsa/findings.jsonl
ibpsa,historical-static,IBPSA.ThermalZones.ISO13790.BaseClasses.GainSurface,5,quantity-missing,low,False,advisory-or-explicit-non-defect,"{""unit"": ""W"", ""count"": 3, ""declarations"": ""intSenGai, solGai, surGai"", ""note"": ""a unit is declared without a quantity, so nothing states what is being measured and no rule keyed on quantity can apply to it""}",/data/mrumoca/eval/results/ibpsa/findings.jsonl
ibpsa,historical-static,IBPSA.ThermalZones.ISO13790.BaseClasses.GainSurface,6,non-square-block,medium,False,hold-needs-source-and-witness-review,"{""block"": 0, ""equations"": 2, ""variables"": 4}",/data/mrumoca/eval/results/ibpsa/findings.jsonl
ibpsa,historical-static,IBPSA.ThermalZones.ISO13790.BaseClasses.GainMass,0,divisor-reachable-zero,high,False,hold-needs-source-and-witness-review,"{""denominator"": ""ATot"", ""witness"": ""ATot = 0"", ""witness_rationale"": ""set to zero"", ""denominator_at_witness"": 0.0, ""denominator_at_declared_values"": null, ""denominator_range"": ""[-inf, inf]"", ""path_condition"": ""always evaluated"", ""verdict"": ""SAT"", ""proof"": ""the division is not inside any branch"", ""constraints"": ""ATot: unbounded"", ""note"": ""a permitted assignment drives the complete denominator to zero and the division is still evaluated there""}",/data/mrumoca/eval/results/ibpsa/findings.jsonl
ibpsa,historical-static,IBPSA.ThermalZones.ISO13790.BaseClasses.GainMass,1,physical-domain-unenforced,medium,False,hold-needs-source-and-witness-review,"{""domain"": ""fluid"", ""rule"": ""fluid.area.positive"", ""rule_origin"": ""a flow cross-section is a divisor in every velocity relation; zero area admits no flow and divides by zero"", ""rule_reference"": """", ""matched_by"": {""quantity"": ""Area"", ""unit"": ""m2"", ""confidence"": ""QUANTITY_AND_UNIT"", ""premise_state"": ""unknown"", ""authority"": ""quantity_or_unit"", ""canonical_declaration"": ""IBPSA.ThermalZones.ISO13790.BaseClasses.GainMass.ATot""}, ""required"": ""ATot > 0"", ""declared_min"": null, ""variable_role"": ""parameter"", ""premise_state"": ""established"", ""authority"": ""source_arithmetic"", ""canonical_declaration"": ""IBPSA.ThermalZones.ISO13790.BaseClasses.GainMass.ATot"", ""contract_source"": ""equation"", ""premise_reason"": ""a source equation divides by this parameter, so the value is excluded by arithmetic rather than by intent"", ""note"": ""nothing bounds this declaration, so it permits values the component's own contract forbids""}",/data/mrumoca/eval/results/ibpsa/findings.jsonl
ibpsa,historical-static,IBPSA.ThermalZones.ISO13790.BaseClasses.GainMass,2,physical-zero-is-a-supported-limit,low,False,advisory-or-explicit-non-defect,"{""domain"": ""fluid"", ""rule"": ""fluid.area.positive"", ""rule_origin"": ""a flow cross-section is a divisor in every velocity relation; zero area admits no flow and divides by zero"", ""rule_reference"": """", ""matched_by"": {""quantity"": ""Area"", ""unit"": ""m2"", ""confidence"": ""QUANTITY_AND_UNIT"", ""premise_state"": ""unknown"", ""authority"": ""quantity_or_unit"", ""canonical_declaration"": ""IBPSA.ThermalZones.ISO13790.BaseClasses.GainMass.AFlo""}, ""required"": ""AFlo > 0"", ""declared_min"": null, ""variable_role"": ""parameter"", ""premise_state"": ""refuted"", ""authority"": ""component_contract"", ""contract"": ""IBPSA.ThermalZones.ISO13790.BaseClasses.GainMass.AFlo: feature_disabled (proven, from equation) \u2014 the parameter appears only as a multiplier, so at zero the term it scales drops out and the rest of the model is unaffected"", ""contract_behavior"": ""feature_disabled"", ""contract_confidence"": ""proven"", ""contract_source"": ""equation"", ""note"": ""the positivity rule does not apply: this component documents zero as a meaningful limit, so reporting a missing bound would contradict its contract""}",/data/mrumoca/eval/results/ibpsa/findings.jsonl
ibpsa,historical-static,IBPSA.ThermalZones.ISO13790.BaseClasses.GainMass,3,quantity-missing,low,False,advisory-or-explicit-non-defect,"{""unit"": ""W"", ""count"": 3, ""declarations"": ""intSenGai, solGai, masGai"", ""note"": ""a unit is declared without a quantity, so nothing states what is being measured and no rule keyed on quantity can apply to it""}",/data/mrumoca/eval/results/ibpsa/findings.jsonl
ibpsa,historical-static,IBPSA.ThermalZones.ISO13790.BaseClasses.GainMass,4,non-square-block,medium,False,hold-needs-source-and-witness-review,"{""block"": 0, ""equations"": 2, ""variables"": 4}",/data/mrumoca/eval/results/ibpsa/findings.jsonl
ibpsa,historical-static,IBPSA.Fluid.SolarCollectors.BaseClasses.Examples.EN12975HeatLoss,0,divisor-reachable-zero,high,False,hold-needs-source-and-witness-review,"{""denominator"": ""heaLos.nSeg"", ""witness"": ""heaLos.nSeg = 0"", ""witness_rationale"": ""set to zero"", ""denominator_at_witness"": 0.0, ""denominator_at_declared_values"": 3.0, ""denominator_range"": ""[-inf, inf]"", ""path_condition"": ""always evaluated"", ""verdict"": ""SAT"", ""proof"": ""the division is not inside any branch"", ""constraints"": ""heaLos.nSeg: unbounded"", ""note"": ""a permitted assignment drives the complete denominator to zero and the division is still evaluated there""}",/data/mrumoca/eval/results/ibpsa/findings.jsonl
ibpsa,historical-static,IBPSA.Fluid.SolarCollectors.BaseClasses.Examples.EN12975HeatLoss,1,init-invariant-violated,high,False,hold-needs-source-and-witness-review,"{""invariant"": ""per.C > 0"", ""initial_range"": ""per.C in 0"", ""result"": ""PROVEN_FALSE"", ""domain"": ""thermal"", ""rule"": ""thermal.heat_capacity.positive"", ""rule_origin"": ""C*dT = dQ; a non-positive heat capacity makes a body cool when heated"", ""matched_by"": {""quantity"": ""HeatCapacity"", ""unit"": ""J/K"", ""confidence"": ""QUANTITY_AND_UNIT"", ""premise_state"": ""unknown"", ""authority"": ""quantity_or_unit"", ""canonical_declaration"": ""IBPSA.Fluid.SolarCollectors.Data.GenericEN12975.C""}, ""derived_from"": ""parameter: = 0"", ""note"": ""the initialization establishes a value the invariant forbids""}",/data/mrumoca/eval/results/ibpsa/findings.jsonl
ibpsa,historical-static,IBPSA.Fluid.SolarCollectors.BaseClasses.Examples.EN12975HeatLoss,2,network-boundary-port,low,False,standalone-topology-not-defect-proof,"{""node"": ""T1 -- T2 -- T3 -- TEnv -- heaLos"", ""boundary_connectors"": ""T1, T2, T3, TEnv, heaLos"", ""wired_to"": ""nothing"", ""note"": ""this connector belongs to the model itself, not to a component inside it: the model is an interface compiled on its own, so the node is open on one side. Nothing forces its flow, which is why a structural matching reports an unmatched unknown here. Not a defect in the model""}",/data/mrumoca/eval/results/ibpsa/findings.jsonl
ibpsa,historical-static,IBPSA.Fluid.SolarCollectors.BaseClasses.Examples.EN12975HeatLoss,3,physical-zero-is-a-supported-limit,low,False,advisory-or-explicit-non-defect,"{""domain"": ""thermal"", ""rule"": ""thermal.heat_capacity.positive"", ""rule_origin"": ""C*dT = dQ; a non-positive heat capacity makes a body cool when heated"", ""rule_reference"": """", ""matched_by"": {""quantity"": ""HeatCapacity"", ""unit"": ""J/K"", ""confidence"": ""QUANTITY_AND_UNIT"", ""premise_state"": ""unknown"", ""authority"": ""quantity_or_unit"", ""canonical_declaration"": ""IBPSA.Fluid.SolarCollectors.Data.GenericEN12975.C""}, ""observed"": 0.0, ""required"": ""per.C > 0"", ""where"": ""declaration"", ""contract"": ""IBPSA.Fluid.SolarCollectors.Data.GenericEN12975.C: feature_disabled (declared, from bound) \u2014 the declaration's own binding evaluates to zero at the declared configuration, so zero is the value the library chose rather than one it failed to exclude"", ""contract_behavior"": ""feature_disabled"", ""contract_confidence"": ""declared"", ""contract_source"": ""bound"", ""note"": ""the declared value is zero and this component documents zero as a meaningful limit, so the positivity rule does not apply here""}",/data/mrumoca/eval/results/ibpsa/findings.jsonl
ibpsa,historical-static,IBPSA.Fluid.SolarCollectors.BaseClasses.Examples.EN12975HeatLoss,4,physical-intent-question,low,False,advisory-or-explicit-non-defect,"{""domain"": ""fluid"", ""rule"": ""fluid.area.positive"", ""rule_origin"": ""a flow cross-section is a divisor in every velocity relation; zero area admits no flow and divides by zero"", ""rule_reference"": """", ""matched_by"": {""quantity"": ""Area"", ""unit"": ""m2"", ""confidence"": ""QUANTITY_AND_UNIT"", ""premise_state"": ""unknown"", ""authority"": ""quantity_or_unit"", ""canonical_declaration"": ""IBPSA.Fluid.SolarCollectors.Data.GenericEN12975.A""}, ""required"": ""per.A > 0"", ""declared_min"": null, ""variable_role"": ""parameter"", ""observation"": ""permissive-declaration"", ""premise_state"": ""unknown"", ""authority"": ""quantity_or_unit"", ""canonical_declaration"": ""IBPSA.Fluid.SolarCollectors.Data.GenericEN12975.A"", ""question"": ""`per.A` carries no bound that would exclude it, which is unusual for an area \u2014 but nothing declares what this component is, so the analyzer cannot tell whether it is intended. Is it? If so, declare it: add a component contract, or a `[[contracts]]` entry naming the intended `sign_domain`. If not, bound the declaration.""}",/data/mrumoca/eval/results/ibpsa/findings.jsonl
ibpsa,historical-static,IBPSA.Fluid.SolarCollectors.BaseClasses.Examples.EN12975HeatLoss,5,physical-intent-question,low,False,advisory-or-explicit-non-defect,"{""domain"": ""mechanical"", ""rule"": ""mech.mass.positive"", ""rule_origin"": ""m*a = f determines acceleration only for m > 0; negative mass is not a physical body"", ""rule_reference"": ""MSL Mechanics.Translational.Components.Mass"", ""matched_by"": {""quantity"": ""Mass"", ""unit"": ""kg"", ""confidence"": ""QUANTITY_AND_UNIT"", ""premise_state"": ""unknown"", ""authority"": ""quantity_or_unit"", ""canonical_declaration"": ""IBPSA.Fluid.SolarCollectors.Data.GenericEN12975.mDry""}, ""required"": ""per.mDry > 0"", ""declared_min"": 0.0, ""variable_role"": ""parameter"", ""observation"": ""permissive-declaration"", ""premise_state"": ""unknown"", ""authority"": ""quantity_or_unit"", ""canonical_declaration"": ""IBPSA.Fluid.SolarCollectors.Data.GenericEN12975.mDry"", ""question"": ""`per.mDry` is bounded only by min=0, which is unusual for a mass \u2014 but nothing declares what this component is, so the analyzer cannot tell whether it is intended. Is it? If so, declare it: add a component contract, or a `[[contracts]]` entry naming the intended `sign_domain`. If not, bound the declaration.""}",/data/mrumoca/eval/results/ibpsa/findings.jsonl
ibpsa,historical-static,IBPSA.Fluid.SolarCollectors.BaseClasses.Examples.EN12975HeatLoss,6,physical-intent-question,low,False,advisory-or-explicit-non-defect,"{""domain"": ""fluid"", ""rule"": ""fluid.area.positive"", ""rule_origin"": ""a flow cross-section is a divisor in every velocity relation; zero area admits no flow and divides by zero"", ""rule_reference"": """", ""matched_by"": {""quantity"": ""Area"", ""unit"": ""m2"", ""confidence"": ""QUANTITY_AND_UNIT"", ""premise_state"": ""unknown"", ""authority"": ""quantity_or_unit"", ""canonical_declaration"": ""IBPSA.Fluid.SolarCollectors.BaseClasses.EN12975HeatLoss.A_c""}, ""required"": ""heaLos.A_c > 0"", ""declared_min"": null, ""variable_role"": ""parameter"", ""observation"": ""permissive-declaration"", ""premise_state"": ""unknown"", ""authority"": ""quantity_or_unit"", ""canonical_declaration"": ""IBPSA.Fluid.SolarCollectors.BaseClasses.EN12975HeatLoss.A_c"", ""question"": ""`heaLos.A_c` carries no bound that would exclude it, which is unusual for an area \u2014 but nothing declares what this component is, so the analyzer cannot tell whether it is intended. Is it? If so, declare it: add a component contract, or a `[[contracts]]` entry naming the intended `sign_domain`. If not, bound the declaration.""}",/data/mrumoca/eval/results/ibpsa/findings.jsonl
ibpsa,historical-static,IBPSA.Fluid.SolarCollectors.BaseClasses.Examples.EN12975HeatLoss,7,quantity-missing,low,False,advisory-or-explicit-non-defect,"{""unit"": ""W/(m2.K2)"", ""count"": 2, ""declarations"": ""per.a2, heaLos.a2"", ""note"": ""a unit is declared without a quantity, so nothing states what is being measured and no rule keyed on quantity can apply to it""}",/data/mrumoca/eval/results/ibpsa/findings.jsonl
ibpsa,historical-static,IBPSA.Fluid.SolarCollectors.BaseClasses.Examples.EN12975HeatLoss,8,quantity-missing,low,False,advisory-or-explicit-non-defect,"{""unit"": ""kg/(s.m2)"", ""count"": 1, ""declarations"": ""per.mperA_flow_nominal"", ""note"": ""a unit is declared without a quantity, so nothing states what is being measured and no rule keyed on quantity can apply to it""}",/data/mrumoca/eval/results/ibpsa/findings.jsonl
ibpsa,historical-static,IBPSA.Fluid.SolarCollectors.BaseClasses.Examples.EN12975HeatLoss,9,non-square-block,medium,False,hold-needs-source-and-witness-review,"{""block"": 0, ""equations"": 11, ""variables"": 9}",/data/mrumoca/eval/results/ibpsa/findings.jsonl
ibpsa,historical-static,IBPSA.Utilities.Diagnostics.Validation.CheckEquality,0,network-boundary-port,low,False,standalone-topology-not-defect-proof,"{""node"": ""add -- cheEqu -- con -- sin1"", ""boundary_connectors"": ""add, cheEqu, con, sin1"", ""wired_to"": ""nothing"", ""note"": ""this connector belongs to the model itself, not to a component inside it: the model is an interface compiled on its own, so the node is open on one side. Nothing forces its flow, which is why a structural matching reports an unmatched unknown here. Not a defect in the model""}",/data/mrumoca/eval/results/ibpsa/findings.jsonl
ibpsa,historical-static,IBPSA.Utilities.IO.SignalExchange.Examples.BaseClasses.OriginalModel,0,divisor-reachable-zero,high,False,hold-needs-source-and-witness-review,"{""denominator"": ""firOrd.T"", ""witness"": ""firOrd.T = 0"", ""witness_rationale"": ""set to zero"", ""denominator_at_witness"": 0.0, ""denominator_at_declared_values"": 1.0, ""denominator_range"": ""[-inf, inf]"", ""path_condition"": ""always evaluated"", ""verdict"": ""SAT"", ""proof"": ""the division is not inside any branch"", ""constraints"": ""firOrd.T: unbounded"", ""note"": ""a permitted assignment drives the complete denominator to zero and the division is still evaluated there""}",/data/mrumoca/eval/results/ibpsa/findings.jsonl
ibpsa,historical-static,IBPSA.Utilities.IO.SignalExchange.Examples.BaseClasses.OriginalModel,1,network-boundary-port,low,False,standalone-topology-not-defect-proof,"{""node"": ""TSet -- conPI -- conPI.Dzero -- conPI.FFzero -- conPI.I -- conPI.P -- conPI.addFF -- conPI.addI -- conPI.addP -- conPI.addPID -- conPI.addSat -- conPI.gainPID -- conPI.gainTrack -- conPI.limiter -- firOrd -- oveWriAct -- oveWriAct.activate -- oveWriAct.swi -- oveWriAct.uExt -- oveWriSet -- oveWriSet.activate -- oveWriSet.swi -- oveWriSet.uExt -- rea"", ""boundary_connectors"": ""TSet, conPI, firOrd, oveWriAct, oveWriSet, rea"", ""wired_to"": ""conPI.Dzero, conPI.FFzero, conPI.I, conPI.P, conPI.addFF, conPI.addI, conPI.addP, conPI.addPID, conPI.addSat, conPI.gainPID, conPI.gainTrack, conPI.limiter, oveWriAct.activate, oveWriAct.swi, oveWriAct.uExt, oveWriSet.activate, oveWriSet.swi, oveWriSet.uExt"", ""note"": ""this connector belongs to the model itself, not to a component inside it: the model is an interface compiled on its own, so the node is open on one side. Nothing forces its flow, which is why a structural matching reports an unmatched unknown here. Not a defect in the model""}",/data/mrumoca/eval/results/ibpsa/findings.jsonl
ibpsa,historical-static,IBPSA.Utilities.IO.SignalExchange.Examples.BaseClasses.OriginalModel,2,vanishing-coefficient,medium,False,hold-needs-source-and-witness-review,"{""parameter"": ""conPI.I.k"", ""declared_min"": null, ""shape"": ""parameter multiplies a derivative; zero removes the equation's only determination of that state""}",/data/mrumoca/eval/results/ibpsa/findings.jsonl
ibpsa,historical-static,IBPSA.Utilities.IO.SignalExchange.Examples.BaseClasses.OriginalModel,3,vanishing-coefficient,medium,False,hold-needs-source-and-witness-review,"{""parameter"": ""firOrd.k"", ""declared_min"": null, ""shape"": ""parameter multiplies a derivative; zero removes the equation's only determination of that state""}",/data/mrumoca/eval/results/ibpsa/findings.jsonl
ibpsa,historical-static,IBPSA.Utilities.IO.SignalExchange.Examples.BaseClasses.OriginalModel,4,non-square-block,medium,False,hold-needs-source-and-witness-review,"{""block"": 0, ""equations"": 51, ""variables"": 53}",/data/mrumoca/eval/results/ibpsa/findings.jsonl
ibpsa,historical-static,IBPSA.Utilities.IO.SignalExchange.Examples.BaseClasses.OriginalModel,5,STRUCTURE_DEGENERATES_AT_ZERO,low,False,hold-needs-source-and-witness-review,"{""parameter"": ""conPI.I.k"", ""contract"": ""Modelica.Blocks.Continuous.Integrator.k: feature_disabled (proven, from equation) \u2014 the parameter appears only as a multiplier, so at zero the term it scales drops out and the rest of the model is unaffected"", ""contract_behavior"": ""feature_disabled"", ""contract_confidence"": ""proven"", ""confidence"": ""low"", ""result"": ""TOPOLOGY_SPECIFIC"", ""incidences_lost"": 0, ""unknowns_left_undetermined"": 0, ""evidence_kind"": ""scales-a-rate"", ""note"": ""at zero this parameter removes a state and the equation that determines it. The matching survives, so the system is not structurally short; whether it is *algebraically* singular depends on this model's topology and initialization and needs execution to decide. This is not a claim that the declaration should forbid zero.""}",/data/mrumoca/eval/results/ibpsa/findings.jsonl
ibpsa,historical-static,IBPSA.Utilities.IO.SignalExchange.Examples.BaseClasses.OriginalModel,6,STRUCTURE_DEGENERATES_AT_ZERO,low,False,hold-needs-source-and-witness-review,"{""parameter"": ""firOrd.k"", ""contract"": ""Modelica.Blocks.Continuous.FirstOrder.k: feature_disabled (proven, from equation) \u2014 the parameter appears only as a multiplier, so at zero the term it scales drops out and the rest of the model is unaffected"", ""contract_behavior"": ""feature_disabled"", ""contract_confidence"": ""proven"", ""confidence"": ""low"", ""result"": ""TOPOLOGY_SPECIFIC"", ""incidences_lost"": 0, ""unknowns_left_undetermined"": 0, ""evidence_kind"": ""scales-a-rate"", ""note"": ""at zero this parameter removes a state and the equation that determines it. The matching survives, so the system is not structurally short; whether it is *algebraically* singular depends on this model's topology and initialization and needs execution to decide. This is not a claim that the declaration should forbid zero.""}",/data/mrumoca/eval/results/ibpsa/findings.jsonl
ibpsa,historical-static,IBPSA.Utilities.IO.SignalExchange.Examples.BaseClasses.ExportedModel,0,divisor-reachable-zero,high,False,hold-needs-source-and-witness-review,"{""denominator"": ""mod.firOrd.T"", ""witness"": ""mod.firOrd.T = 0"", ""witness_rationale"": ""set to zero"", ""denominator_at_witness"": 0.0, ""denominator_at_declared_values"": 1.0, ""denominator_range"": ""[-inf, inf]"", ""path_condition"": ""always evaluated"", ""verdict"": ""SAT"", ""proof"": ""the division is not inside any branch"", ""constraints"": ""mod.firOrd.T: unbounded"", ""note"": ""a permitted assignment drives the complete denominator to zero and the division is still evaluated there""}",/data/mrumoca/eval/results/ibpsa/findings.jsonl
ibpsa,historical-static,IBPSA.Utilities.IO.SignalExchange.Examples.BaseClasses.ExportedModel,1,vanishing-coefficient,medium,False,hold-needs-source-and-witness-review,"{""parameter"": ""mod.conPI.I.k"", ""declared_min"": null, ""shape"": ""parameter multiplies a derivative; zero removes the equation's only determination of that state""}",/data/mrumoca/eval/results/ibpsa/findings.jsonl
ibpsa,historical-static,IBPSA.Utilities.IO.SignalExchange.Examples.BaseClasses.ExportedModel,2,vanishing-coefficient,medium,False,hold-needs-source-and-witness-review,"{""parameter"": ""mod.firOrd.k"", ""declared_min"": null, ""shape"": ""parameter multiplies a derivative; zero removes the equation's only determination of that state""}",/data/mrumoca/eval/results/ibpsa/findings.jsonl
ibpsa,historical-static,IBPSA.Utilities.IO.SignalExchange.Examples.BaseClasses.ExportedModel,3,non-square-block,medium,False,hold-needs-source-and-witness-review,"{""block"": 0, ""equations"": 52, ""variables"": 56}",/data/mrumoca/eval/results/ibpsa/findings.jsonl
ibpsa,historical-static,IBPSA.Utilities.IO.SignalExchange.Examples.BaseClasses.ExportedModel,4,STRUCTURE_DEGENERATES_AT_ZERO,low,False,hold-needs-source-and-witness-review,"{""parameter"": ""mod.conPI.I.k"", ""contract"": ""Modelica.Blocks.Continuous.Integrator.k: feature_disabled (proven, from equation) \u2014 the parameter appears only as a multiplier, so at zero the term it scales drops out and the rest of the model is unaffected"", ""contract_behavior"": ""feature_disabled"", ""contract_confidence"": ""proven"", ""confidence"": ""low"", ""result"": ""TOPOLOGY_SPECIFIC"", ""incidences_lost"": 0, ""unknowns_left_undetermined"": 0, ""evidence_kind"": ""scales-a-rate"", ""note"": ""at zero this parameter removes a state and the equation that determines it. The matching survives, so the system is not structurally short; whether it is *algebraically* singular depends on this model's topology and initialization and needs execution to decide. This is not a claim that the declaration should forbid zero.""}",/data/mrumoca/eval/results/ibpsa/findings.jsonl
ibpsa,historical-static,IBPSA.Utilities.IO.SignalExchange.Examples.BaseClasses.ExportedModel,5,STRUCTURE_DEGENERATES_AT_ZERO,low,False,hold-needs-source-and-witness-review,"{""parameter"": ""mod.firOrd.k"", ""contract"": ""Modelica.Blocks.Continuous.FirstOrder.k: feature_disabled (proven, from equation) \u2014 the parameter appears only as a multiplier, so at zero the term it scales drops out and the rest of the model is unaffected"", ""contract_behavior"": ""feature_disabled"", ""contract_confidence"": ""proven"", ""confidence"": ""low"", ""result"": ""TOPOLOGY_SPECIFIC"", ""incidences_lost"": 0, ""unknowns_left_undetermined"": 0, ""evidence_kind"": ""scales-a-rate"", ""note"": ""at zero this parameter removes a state and the equation that determines it. The matching survives, so the system is not structurally short; whether it is *algebraically* singular depends on this model's topology and initialization and needs execution to decide. This is not a claim that the declaration should forbid zero.""}",/data/mrumoca/eval/results/ibpsa/findings.jsonl
ibpsa,historical-static,IBPSA.Utilities.IO.SignalExchange.Overwrite,0,network-boundary-port,low,False,standalone-topology-not-defect-proof,"{""node"": ""activate -- swi -- u -- uExt -- y"", ""boundary_connectors"": ""activate, swi, u, uExt, y"", ""wired_to"": ""nothing"", ""note"": ""this connector belongs to the model itself, not to a component inside it: the model is an interface compiled on its own, so the node is open on one side. Nothing forces its flow, which is why a structural matching reports an unmatched unknown here. Not a defect in the model""}",/data/mrumoca/eval/results/ibpsa/findings.jsonl
ibpsa,historical-static,IBPSA.Utilities.IO.SignalExchange.Overwrite,1,non-square-block,medium,False,hold-needs-source-and-witness-review,"{""block"": 0, ""equations"": 5, ""variables"": 7}",/data/mrumoca/eval/results/ibpsa/findings.jsonl
ibpsa,historical-static,IBPSA.Utilities.IO.SignalExchange.Examples.FirstOrder,0,divisor-reachable-zero,high,False,hold-needs-source-and-witness-review,"{""denominator"": ""expMod.mod.firOrd.T"", ""witness"": ""expMod.mod.firOrd.T = 0"", ""witness_rationale"": ""set to zero"", ""denominator_at_witness"": 0.0, ""denominator_at_declared_values"": 1.0, ""denominator_range"": ""[-inf, inf]"", ""path_condition"": ""always evaluated"", ""verdict"": ""SAT"", ""proof"": ""the division is not inside any branch"", ""constraints"": ""expMod.mod.firOrd.T: unbounded"", ""note"": ""a permitted assignment drives the complete denominator to zero and the division is still evaluated there""}",/data/mrumoca/eval/results/ibpsa/findings.jsonl
ibpsa,historical-static,IBPSA.Utilities.IO.SignalExchange.Examples.FirstOrder,1,network-boundary-port,low,False,standalone-topology-not-defect-proof,"{""node"": ""actAct -- actSet -- expMod -- uAct -- uSet"", ""boundary_connectors"": ""actAct, actSet, expMod, uAct, uSet"", ""wired_to"": ""nothing"", ""note"": ""this connector belongs to the model itself, not to a component inside it: the model is an interface compiled on its own, so the node is open on one side. Nothing forces its flow, which is why a structural matching reports an unmatched unknown here. Not a defect in the model""}",/data/mrumoca/eval/results/ibpsa/findings.jsonl
ibpsa,historical-static,IBPSA.Utilities.IO.SignalExchange.Examples.FirstOrder,2,vanishing-coefficient,medium,False,hold-needs-source-and-witness-review,"{""parameter"": ""expMod.mod.conPI.I.k"", ""declared_min"": null, ""shape"": ""parameter multiplies a derivative; zero removes the equation's only determination of that state""}",/data/mrumoca/eval/results/ibpsa/findings.jsonl
ibpsa,historical-static,IBPSA.Utilities.IO.SignalExchange.Examples.FirstOrder,3,vanishing-coefficient,medium,False,hold-needs-source-and-witness-review,"{""parameter"": ""expMod.mod.firOrd.k"", ""declared_min"": null, ""shape"": ""parameter multiplies a derivative; zero removes the equation's only determination of that state""}",/data/mrumoca/eval/results/ibpsa/findings.jsonl
ibpsa,historical-static,IBPSA.Utilities.IO.SignalExchange.Examples.FirstOrder,4,non-square-block,medium,False,hold-needs-source-and-witness-review,"{""block"": 0, ""equations"": 56, ""variables"": 58}",/data/mrumoca/eval/results/ibpsa/findings.jsonl
ibpsa,historical-static,IBPSA.Utilities.IO.SignalExchange.Examples.FirstOrder,5,STRUCTURE_DEGENERATES_AT_ZERO,low,False,hold-needs-source-and-witness-review,"{""parameter"": ""expMod.mod.conPI.I.k"", ""contract"": ""Modelica.Blocks.Continuous.Integrator.k: feature_disabled (proven, from equation) \u2014 the parameter appears only as a multiplier, so at zero the term it scales drops out and the rest of the model is unaffected"", ""contract_behavior"": ""feature_disabled"", ""contract_confidence"": ""proven"", ""confidence"": ""low"", ""result"": ""TOPOLOGY_SPECIFIC"", ""incidences_lost"": 0, ""unknowns_left_undetermined"": 0, ""evidence_kind"": ""scales-a-rate"", ""note"": ""at zero this parameter removes a state and the equation that determines it. The matching survives, so the system is not structurally short; whether it is *algebraically* singular depends on this model's topology and initialization and needs execution to decide. This is not a claim that the declaration should forbid zero.""}",/data/mrumoca/eval/results/ibpsa/findings.jsonl
ibpsa,historical-static,IBPSA.Utilities.IO.SignalExchange.Examples.FirstOrder,6,STRUCTURE_DEGENERATES_AT_ZERO,low,False,hold-needs-source-and-witness-review,"{""parameter"": ""expMod.mod.firOrd.k"", ""contract"": ""Modelica.Blocks.Continuous.FirstOrder.k: feature_disabled (proven, from equation) \u2014 the parameter appears only as a multiplier, so at zero the term it scales drops out and the rest of the model is unaffected"", ""contract_behavior"": ""feature_disabled"", ""contract_confidence"": ""proven"", ""confidence"": ""low"", ""result"": ""TOPOLOGY_SPECIFIC"", ""incidences_lost"": 0, ""unknowns_left_undetermined"": 0, ""evidence_kind"": ""scales-a-rate"", ""note"": ""at zero this parameter removes a state and the equation that determines it. The matching survives, so the system is not structurally short; whether it is *algebraically* singular depends on this model's topology and initialization and needs execution to decide. This is not a claim that the declaration should forbid zero.""}",/data/mrumoca/eval/results/ibpsa/findings.jsonl
ibpsa,historical-static,IBPSA.Utilities.Math.Examples.Bicubic,0,divisor-unreachable-under-witness,low,False,advisory-or-explicit-non-defect,"{""denominator"": ""x1.duration"", ""witness"": ""x1.duration = 0"", ""witness_rationale"": ""set to zero"", ""denominator_at_witness"": 0.0, ""denominator_at_declared_values"": 1.0, ""denominator_range"": ""[0, inf]"", ""path_condition"": ""not ((time < x1.startTime)) and ((time < (x1.startTime + x1.duration)))"", ""verdict"": ""UNSAT"", ""proof"": ""the path conditions cannot hold together: time must be both > 0 and < 0"", ""constraints"": ""x1.duration: min=0"", ""note"": ""reported so the guard can be seen and challenged, not as a defect; zero is outside the domain this division is evaluated in""}",/data/mrumoca/eval/results/ibpsa/findings.jsonl
ibpsa,historical-static,IBPSA.Utilities.Math.Examples.Bicubic,1,divisor-unreachable-under-witness,low,False,advisory-or-explicit-non-defect,"{""denominator"": ""x2.duration"", ""witness"": ""x2.duration = 0"", ""witness_rationale"": ""set to zero"", ""denominator_at_witness"": 0.0, ""denominator_at_declared_values"": 1.0, ""denominator_range"": ""[0, inf]"", ""path_condition"": ""not ((time < x2.startTime)) and ((time < (x2.startTime + x2.duration)))"", ""verdict"": ""UNSAT"", ""proof"": ""the path conditions cannot hold together: time must be both > 0 and < 0"", ""constraints"": ""x2.duration: min=0"", ""note"": ""reported so the guard can be seen and challenged, not as a defect; zero is outside the domain this division is evaluated in""}",/data/mrumoca/eval/results/ibpsa/findings.jsonl
ibpsa,historical-static,IBPSA.Utilities.Math.Examples.Bicubic,2,network-boundary-port,low,False,standalone-topology-not-defect-proof,"{""node"": ""bicubic -- x1 -- x2"", ""boundary_connectors"": ""bicubic, x1, x2"", ""wired_to"": ""nothing"", ""note"": ""this connector belongs to the model itself, not to a component inside it: the model is an interface compiled on its own, so the node is open on one side. Nothing forces its flow, which is why a structural matching reports an unmatched unknown here. Not a defect in the model""}",/data/mrumoca/eval/results/ibpsa/findings.jsonl
ibpsa,historical-static,IBPSA.Utilities.Math.Examples.InverseXRegularized,0,divisor-unreachable-under-witness,low,False,advisory-or-explicit-non-defect,"{""denominator"": ""x1.duration"", ""witness"": ""x1.duration = 0"", ""witness_rationale"": ""set to zero"", ""denominator_at_witness"": 0.0, ""denominator_at_declared_values"": 1.0, ""denominator_range"": ""[0, inf]"", ""path_condition"": ""not ((time < x1.startTime)) and ((time < (x1.startTime + x1.duration)))"", ""verdict"": ""UNSAT"", ""proof"": ""the path conditions cannot hold together: time must be both > 0 and < 0"", ""constraints"": ""x1.duration: min=0"", ""note"": ""reported so the guard can be seen and challenged, not as a defect; zero is outside the domain this division is evaluated in""}",/data/mrumoca/eval/results/ibpsa/findings.jsonl
ibpsa,historical-static,IBPSA.Utilities.Math.Examples.InverseXRegularized,1,divisor-reachable-zero,high,False,hold-needs-source-and-witness-review,"{""denominator"": ""inverseXRegularized.delta"", ""witness"": ""inverseXRegularized.delta = 0"", ""witness_rationale"": ""set to zero"", ""denominator_at_witness"": 0.0, ""denominator_at_declared_values"": 0.1, ""denominator_range"": ""[0, inf]"", ""path_condition"": ""always evaluated"", ""verdict"": ""SAT"", ""proof"": ""the division is not inside any branch"", ""constraints"": ""inverseXRegularized.delta: min=0"", ""note"": ""a permitted assignment drives the complete denominator to zero and the division is still evaluated there""}",/data/mrumoca/eval/results/ibpsa/findings.jsonl
ibpsa,historical-static,IBPSA.Utilities.Math.Examples.InverseXRegularized,2,divisor-reachable-zero,high,False,hold-needs-source-and-witness-review,"{""denominator"": ""inverseXRegularized.delta"", ""witness"": ""inverseXRegularized.delta = 0"", ""witness_rationale"": ""set to zero"", ""denominator_at_witness"": 0.0, ""denominator_at_declared_values"": 0.1, ""denominator_range"": ""[0, inf]"", ""path_condition"": ""always evaluated"", ""verdict"": ""SAT"", ""proof"": ""the division is not inside any branch"", ""constraints"": ""inverseXRegularized.delta: min=0"", ""note"": ""a permitted assignment drives the complete denominator to zero and the division is still evaluated there""}",/data/mrumoca/eval/results/ibpsa/findings.jsonl
ibpsa,historical-static,IBPSA.Utilities.Math.Examples.InverseXRegularized,3,divisor-reachable-zero,high,False,hold-needs-source-and-witness-review,"{""denominator"": ""inverseXRegularized.delta"", ""witness"": ""inverseXRegularized.delta = 0"", ""witness_rationale"": ""set to zero"", ""denominator_at_witness"": 0.0, ""denominator_at_declared_values"": 0.1, ""denominator_range"": ""[0, inf]"", ""path_condition"": ""always evaluated"", ""verdict"": ""SAT"", ""proof"": ""the division is not inside any branch"", ""constraints"": ""inverseXRegularized.delta: min=0"", ""note"": ""a permitted assignment drives the complete denominator to zero and the division is still evaluated there""}",/data/mrumoca/eval/results/ibpsa/findings.jsonl
ibpsa,historical-static,IBPSA.Utilities.Math.Examples.InverseXRegularized,4,divisor-reachable-zero,high,False,hold-needs-source-and-witness-review,"{""denominator"": ""inverseXRegularized.delta"", ""witness"": ""inverseXRegularized.delta = 0"", ""witness_rationale"": ""set to zero"", ""denominator_at_witness"": 0.0, ""denominator_at_declared_values"": 0.1, ""denominator_range"": ""[0, inf]"", ""path_condition"": ""always evaluated"", ""verdict"": ""SAT"", ""proof"": ""the division is not inside any branch"", ""constraints"": ""inverseXRegularized.delta: min=0"", ""note"": ""a permitted assignment drives the complete denominator to zero and the division is still evaluated there""}",/data/mrumoca/eval/results/ibpsa/findings.jsonl
ibpsa,historical-static,IBPSA.Utilities.Math.Examples.InverseXRegularized,5,divisor-reachable-zero,high,False,hold-needs-source-and-witness-review,"{""denominator"": ""inverseXRegularized.delta"", ""witness"": ""inverseXRegularized.delta = 0"", ""witness_rationale"": ""set to zero"", ""denominator_at_witness"": 0.0, ""denominator_at_declared_values"": 0.1, ""denominator_range"": ""[0, inf]"", ""path_condition"": ""always evaluated"", ""verdict"": ""SAT"", ""proof"": ""the division is not inside any branch"", ""constraints"": ""inverseXRegularized.delta: min=0"", ""note"": ""a permitted assignment drives the complete denominator to zero and the division is still evaluated there""}",/data/mrumoca/eval/results/ibpsa/findings.jsonl
ibpsa,historical-static,IBPSA.Utilities.Math.Examples.InverseXRegularized,6,divisor-reachable-zero,high,False,hold-needs-source-and-witness-review,"{""denominator"": ""inverseXRegularized.delta"", ""witness"": ""inverseXRegularized.delta = 0"", ""witness_rationale"": ""set to zero"", ""denominator_at_witness"": 0.0, ""denominator_at_declared_values"": 0.1, ""denominator_range"": ""[0, inf]"", ""path_condition"": ""always evaluated"", ""verdict"": ""SAT"", ""proof"": ""the division is not inside any branch"", ""constraints"": ""inverseXRegularized.delta: min=0"", ""note"": ""a permitted assignment drives the complete denominator to zero and the division is still evaluated there""}",/data/mrumoca/eval/results/ibpsa/findings.jsonl
ibpsa,historical-static,IBPSA.Utilities.Math.Examples.InverseXRegularized,7,divisor-reachable-zero,high,False,hold-needs-source-and-witness-review,"{""denominator"": ""inverseXRegularized.delta"", ""witness"": ""inverseXRegularized.delta = 0"", ""witness_rationale"": ""set to zero"", ""denominator_at_witness"": 0.0, ""denominator_at_declared_values"": 0.1, ""denominator_range"": ""[0, inf]"", ""path_condition"": ""always evaluated"", ""verdict"": ""SAT"", ""proof"": ""the division is not inside any branch"", ""constraints"": ""inverseXRegularized.delta: min=0"", ""note"": ""a permitted assignment drives the complete denominator to zero and the division is still evaluated there""}",/data/mrumoca/eval/results/ibpsa/findings.jsonl
ibpsa,historical-static,IBPSA.Utilities.Math.Examples.InverseXRegularized,8,network-boundary-port,low,False,standalone-topology-not-defect-proof,"{""node"": ""inverseXRegularized -- x1"", ""boundary_connectors"": ""inverseXRegularized, x1"", ""wired_to"": ""nothing"", ""note"": ""this connector belongs to the model itself, not to a component inside it: the model is an interface compiled on its own, so the node is open on one side. Nothing forces its flow, which is why a structural matching reports an unmatched unknown here. Not a defect in the model""}",/data/mrumoca/eval/results/ibpsa/findings.jsonl
ibpsa,historical-static,IBPSA.Utilities.Math.Examples.Average,0,divisor-unreachable-under-witness,low,False,advisory-or-explicit-non-defect,"{""denominator"": ""x1.duration"", ""witness"": ""x1.duration = 0"", ""witness_rationale"": ""set to zero"", ""denominator_at_witness"": 0.0, ""denominator_at_declared_values"": 1.0, ""denominator_range"": ""[0, inf]"", ""path_condition"": ""not ((time < x1.startTime)) and ((time < (x1.startTime + x1.duration)))"", ""verdict"": ""UNSAT"", ""proof"": ""the path conditions cannot hold together: time must be both > 0 and < 0"", ""constraints"": ""x1.duration: min=0"", ""note"": ""reported so the guard can be seen and challenged, not as a defect; zero is outside the domain this division is evaluated in""}",/data/mrumoca/eval/results/ibpsa/findings.jsonl
ibpsa,historical-static,IBPSA.Utilities.Math.Examples.Average,1,divisor-unreachable-under-witness,low,False,advisory-or-explicit-non-defect,"{""denominator"": ""x2.duration"", ""witness"": ""x2.duration = 0"", ""witness_rationale"": ""set to zero"", ""denominator_at_witness"": 0.0, ""denominator_at_declared_values"": 1.0, ""denominator_range"": ""[0, inf]"", ""path_condition"": ""not ((time < x2.startTime)) and ((time < (x2.startTime + x2.duration)))"", ""verdict"": ""UNSAT"", ""proof"": ""the path conditions cannot hold together: time must be both > 0 and < 0"", ""constraints"": ""x2.duration: min=0"", ""note"": ""reported so the guard can be seen and challenged, not as a defect; zero is outside the domain this division is evaluated in""}",/data/mrumoca/eval/results/ibpsa/findings.jsonl
ibpsa,historical-static,IBPSA.Utilities.Math.Examples.Average,2,network-boundary-port,low,False,standalone-topology-not-defect-proof,"{""node"": ""average -- multiplex2_1 -- x1 -- x2"", ""boundary_connectors"": ""average, multiplex2_1, x1, x2"", ""wired_to"": ""nothing"", ""note"": ""this connector belongs to the model itself, not to a component inside it: the model is an interface compiled on its own, so the node is open on one side. Nothing forces its flow, which is why a structural matching reports an unmatched unknown here. Not a defect in the model""}",/data/mrumoca/eval/results/ibpsa/findings.jsonl
ibpsa,historical-static,IBPSA.Utilities.Math.Examples.PowerLinearized,0,divisor-unreachable-under-witness,low,False,advisory-or-explicit-non-defect,"{""denominator"": ""x1.duration"", ""witness"": ""x1.duration = 0"", ""witness_rationale"": ""set to zero"", ""denominator_at_witness"": 0.0, ""denominator_at_declared_values"": 1.0, ""denominator_range"": ""[0, inf]"", ""path_condition"": ""not ((time < x1.startTime)) and ((time < (x1.startTime + x1.duration)))"", ""verdict"": ""UNSAT"", ""proof"": ""the path conditions cannot hold together: time must be both > 0 and < 0"", ""constraints"": ""x1.duration: min=0"", ""note"": ""reported so the guard can be seen and challenged, not as a defect; zero is outside the domain this division is evaluated in""}",/data/mrumoca/eval/results/ibpsa/findings.jsonl
ibpsa,historical-static,IBPSA.Utilities.Math.Examples.PowerLinearized,1,network-boundary-port,low,False,standalone-topology-not-defect-proof,"{""node"": ""powerLinearized -- x1"", ""boundary_connectors"": ""powerLinearized, x1"", ""wired_to"": ""nothing"", ""note"": ""this connector belongs to the model itself, not to a component inside it: the model is an interface compiled on its own, so the node is open on one side. Nothing forces its flow, which is why a structural matching reports an unmatched unknown here. Not a defect in the model""}",/data/mrumoca/eval/results/ibpsa/findings.jsonl
ibpsa,historical-static,IBPSA.Utilities.Math.Examples.Biquadratic,0,divisor-unreachable-under-witness,low,False,advisory-or-explicit-non-defect,"{""denominator"": ""x1.duration"", ""witness"": ""x1.duration = 0"", ""witness_rationale"": ""set to zero"", ""denominator_at_witness"": 0.0, ""denominator_at_declared_values"": 1.0, ""denominator_range"": ""[0, inf]"", ""path_condition"": ""not ((time < x1.startTime)) and ((time < (x1.startTime + x1.duration)))"", ""verdict"": ""UNSAT"", ""proof"": ""the path conditions cannot hold together: time must be both > 0 and < 0"", ""constraints"": ""x1.duration: min=0"", ""note"": ""reported so the guard can be seen and challenged, not as a defect; zero is outside the domain this division is evaluated in""}",/data/mrumoca/eval/results/ibpsa/findings.jsonl
ibpsa,historical-static,IBPSA.Utilities.Math.Examples.Biquadratic,1,divisor-unreachable-under-witness,low,False,advisory-or-explicit-non-defect,"{""denominator"": ""x2.duration"", ""witness"": ""x2.duration = 0"", ""witness_rationale"": ""set to zero"", ""denominator_at_witness"": 0.0, ""denominator_at_declared_values"": 1.0, ""denominator_range"": ""[0, inf]"", ""path_condition"": ""not ((time < x2.startTime)) and ((time < (x2.startTime + x2.duration)))"", ""verdict"": ""UNSAT"", ""proof"": ""the path conditions cannot hold together: time must be both > 0 and < 0"", ""constraints"": ""x2.duration: min=0"", ""note"": ""reported so the guard can be seen and challenged, not as a defect; zero is outside the domain this division is evaluated in""}",/data/mrumoca/eval/results/ibpsa/findings.jsonl
ibpsa,historical-static,IBPSA.Utilities.Math.Examples.Biquadratic,2,network-boundary-port,low,False,standalone-topology-not-defect-proof,"{""node"": ""biquadratic -- x1 -- x2"", ""boundary_connectors"": ""biquadratic, x1, x2"", ""wired_to"": ""nothing"", ""note"": ""this connector belongs to the model itself, not to a component inside it: the model is an interface compiled on its own, so the node is open on one side. Nothing forces its flow, which is why a structural matching reports an unmatched unknown here. Not a defect in the model""}",/data/mrumoca/eval/results/ibpsa/findings.jsonl
ibpsa,historical-static,IBPSA.Utilities.Math.Examples.ExponentialIntegralE1,0,divisor-unreachable-under-witness,low,False,advisory-or-explicit-non-defect,"{""denominator"": ""x.duration"", ""witness"": ""x.duration = 0"", ""witness_rationale"": ""set to zero"", ""denominator_at_witness"": 0.0, ""denominator_at_declared_values"": 30.0, ""denominator_range"": ""[0, inf]"", ""path_condition"": ""not ((time < x.startTime)) and ((time < (x.startTime + x.duration)))"", ""verdict"": ""UNSAT"", ""proof"": ""the path conditions cannot hold together: time must be both > 0 and < 0"", ""constraints"": ""x.duration: min=0"", ""note"": ""reported so the guard can be seen and challenged, not as a defect; zero is outside the domain this division is evaluated in""}",/data/mrumoca/eval/results/ibpsa/findings.jsonl
ibpsa,historical-static,IBPSA.Utilities.Math.Examples.ExponentialIntegralE1,1,network-boundary-port,low,False,standalone-topology-not-defect-proof,"{""node"": ""E1 -- x"", ""boundary_connectors"": ""E1, x"", ""wired_to"": ""nothing"", ""note"": ""this connector belongs to the model itself, not to a component inside it: the model is an interface compiled on its own, so the node is open on one side. Nothing forces its flow, which is why a structural matching reports an unmatched unknown here. Not a defect in the model""}",/data/mrumoca/eval/results/ibpsa/findings.jsonl
ibpsa,historical-static,IBPSA.Utilities.Math.Examples.Polynomial,0,divisor-unreachable-under-witness,low,False,advisory-or-explicit-non-defect,"{""denominator"": ""x1.duration"", ""witness"": ""x1.duration = 0"", ""witness_rationale"": ""set to zero"", ""denominator_at_witness"": 0.0, ""denominator_at_declared_values"": 1.0, ""denominator_range"": ""[0, inf]"", ""path_condition"": ""not ((time < x1.startTime)) and ((time < (x1.startTime + x1.duration)))"", ""verdict"": ""UNSAT"", ""proof"": ""the path conditions cannot hold together: time must be both > 0 and < 0"", ""constraints"": ""x1.duration: min=0"", ""note"": ""reported so the guard can be seen and challenged, not as a defect; zero is outside the domain this division is evaluated in""}",/data/mrumoca/eval/results/ibpsa/findings.jsonl
ibpsa,historical-static,IBPSA.Utilities.Math.Examples.Polynomial,1,network-boundary-port,low,False,standalone-topology-not-defect-proof,"{""node"": ""polynomial -- x1"", ""boundary_connectors"": ""polynomial, x1"", ""wired_to"": ""nothing"", ""note"": ""this connector belongs to the model itself, not to a component inside it: the model is an interface compiled on its own, so the node is open on one side. Nothing forces its flow, which is why a structural matching reports an unmatched unknown here. Not a defect in the model""}",/data/mrumoca/eval/results/ibpsa/findings.jsonl
ibpsa,historical-static,IBPSA.Utilities.Math.Examples.SmoothExponential,0,divisor-unreachable-under-witness,low,False,advisory-or-explicit-non-defect,"{""denominator"": ""x1.duration"", ""witness"": ""x1.duration = 0"", ""witness_rationale"": ""set to zero"", ""denominator_at_witness"": 0.0, ""denominator_at_declared_values"": 1.0, ""denominator_range"": ""[0, inf]"", ""path_condition"": ""not ((time < x1.startTime)) and ((time < (x1.startTime + x1.duration)))"", ""verdict"": ""UNSAT"", ""proof"": ""the path conditions cannot hold together: time must be both > 0 and < 0"", ""constraints"": ""x1.duration: min=0"", ""note"": ""reported so the guard can be seen and challenged, not as a defect; zero is outside the domain this division is evaluated in""}",/data/mrumoca/eval/results/ibpsa/findings.jsonl
ibpsa,historical-static,IBPSA.Utilities.Math.Examples.SmoothExponential,1,network-boundary-port,low,False,standalone-topology-not-defect-proof,"{""node"": ""smoothExponential -- x1"", ""boundary_connectors"": ""smoothExponential, x1"", ""wired_to"": ""nothing"", ""note"": ""this connector belongs to the model itself, not to a component inside it: the model is an interface compiled on its own, so the node is open on one side. Nothing forces its flow, which is why a structural matching reports an unmatched unknown here. Not a defect in the model""}",/data/mrumoca/eval/results/ibpsa/findings.jsonl
ibpsa,historical-static,IBPSA.Utilities.Math.Examples.QuadraticLinear,0,divisor-unreachable-under-witness,low,False,advisory-or-explicit-non-defect,"{""denominator"": ""x1.duration"", ""witness"": ""x1.duration = 0"", ""witness_rationale"": ""set to zero"", ""denominator_at_witness"": 0.0, ""denominator_at_declared_values"": 1.0, ""denominator_range"": ""[0, inf]"", ""path_condition"": ""not ((time < x1.startTime)) and ((time < (x1.startTime + x1.duration)))"", ""verdict"": ""UNSAT"", ""proof"": ""the path conditions cannot hold together: time must be both > 0 and < 0"", ""constraints"": ""x1.duration: min=0"", ""note"": ""reported so the guard can be seen and challenged, not as a defect; zero is outside the domain this division is evaluated in""}",/data/mrumoca/eval/results/ibpsa/findings.jsonl
ibpsa,historical-static,IBPSA.Utilities.Math.Examples.QuadraticLinear,1,divisor-unreachable-under-witness,low,False,advisory-or-explicit-non-defect,"{""denominator"": ""x2.duration"", ""witness"": ""x2.duration = 0"", ""witness_rationale"": ""set to zero"", ""denominator_at_witness"": 0.0, ""denominator_at_declared_values"": 1.0, ""denominator_range"": ""[0, inf]"", ""path_condition"": ""not ((time < x2.startTime)) and ((time < (x2.startTime + x2.duration)))"", ""verdict"": ""UNSAT"", ""proof"": ""the path conditions cannot hold together: time must be both > 0 and < 0"", ""constraints"": ""x2.duration: min=0"", ""note"": ""reported so the guard can be seen and challenged, not as a defect; zero is outside the domain this division is evaluated in""}",/data/mrumoca/eval/results/ibpsa/findings.jsonl
ibpsa,historical-static,IBPSA.Utilities.Math.Examples.QuadraticLinear,2,network-boundary-port,low,False,standalone-topology-not-defect-proof,"{""node"": ""quadraticLinear -- x1 -- x2"", ""boundary_connectors"": ""quadraticLinear, x1, x2"", ""wired_to"": ""nothing"", ""note"": ""this connector belongs to the model itself, not to a component inside it: the model is an interface compiled on its own, so the node is open on one side. Nothing forces its flow, which is why a structural matching reports an unmatched unknown here. Not a defect in the model""}",/data/mrumoca/eval/results/ibpsa/findings.jsonl
ibpsa,historical-static,IBPSA.Utilities.Math.Examples.SmoothBlocks,0,network-boundary-port,low,False,standalone-topology-not-defect-proof,"{""node"": ""Min -- assEquMax -- assEquMin -- max -- sine -- sine1 -- smoMax -- smoMin"", ""boundary_connectors"": ""Min, assEquMax, assEquMin, max, sine, sine1, smoMax, smoMin"", ""wired_to"": ""nothing"", ""note"": ""this connector belongs to the model itself, not to a component inside it: the model is an interface compiled on its own, so the node is open on one side. Nothing forces its flow, which is why a structural matching reports an unmatched unknown here. Not a defect in the model""}",/data/mrumoca/eval/results/ibpsa/findings.jsonl
ibpsa,historical-static,IBPSA.Utilities.Math.Examples.SmoothHeaviside,0,divisor-unreachable-under-witness,low,False,advisory-or-explicit-non-defect,"{""denominator"": ""x1.duration"", ""witness"": ""x1.duration = 0"", ""witness_rationale"": ""set to zero"", ""denominator_at_witness"": 0.0, ""denominator_at_declared_values"": 1.0, ""denominator_range"": ""[0, inf]"", ""path_condition"": ""not ((time < x1.startTime)) and ((time < (x1.startTime + x1.duration)))"", ""verdict"": ""UNSAT"", ""proof"": ""the path conditions cannot hold together: time must be both > 0 and < 0"", ""constraints"": ""x1.duration: min=0"", ""note"": ""reported so the guard can be seen and challenged, not as a defect; zero is outside the domain this division is evaluated in""}",/data/mrumoca/eval/results/ibpsa/findings.jsonl
ibpsa,historical-static,IBPSA.Utilities.Math.Examples.SmoothHeaviside,1,start-violates-min,high,False,hold-needs-source-and-witness-review,"{""variable"": ""smoothHeaviside.delta"", ""start"": 0.0, ""bound"": ""min"", ""limit"": 2.220446049250313e-16}",/data/mrumoca/eval/results/ibpsa/findings.jsonl
ibpsa,historical-static,IBPSA.Utilities.Math.Examples.SmoothHeaviside,2,network-boundary-port,low,False,standalone-topology-not-defect-proof,"{""node"": ""smoothHeaviside -- x1"", ""boundary_connectors"": ""smoothHeaviside, x1"", ""wired_to"": ""nothing"", ""note"": ""this connector belongs to the model itself, not to a component inside it: the model is an interface compiled on its own, so the node is open on one side. Nothing forces its flow, which is why a structural matching reports an unmatched unknown here. Not a defect in the model""}",/data/mrumoca/eval/results/ibpsa/findings.jsonl
ibpsa,historical-static,IBPSA.Utilities.Math.Examples.SmoothLimit,0,network-boundary-port,low,False,standalone-topology-not-defect-proof,"{""node"": ""sine -- smoLim"", ""boundary_connectors"": ""sine, smoLim"", ""wired_to"": ""nothing"", ""note"": ""this connector belongs to the model itself, not to a component inside it: the model is an interface compiled on its own, so the node is open on one side. Nothing forces its flow, which is why a structural matching reports an unmatched unknown here. Not a defect in the model""}",/data/mrumoca/eval/results/ibpsa/findings.jsonl
ibpsa,historical-static,IBPSA.Utilities.Math.Examples.SmoothMin,0,divisor-unreachable-under-witness,low,False,advisory-or-explicit-non-defect,"{""denominator"": ""ramp.duration"", ""witness"": ""ramp.duration = 0"", ""witness_rationale"": ""set to zero"", ""denominator_at_witness"": 0.0, ""denominator_at_declared_values"": 1.0, ""denominator_range"": ""[0, inf]"", ""path_condition"": ""not ((time < ramp.startTime)) and ((time < (ramp.startTime + ramp.duration)))"", ""verdict"": ""UNSAT"", ""proof"": ""the path conditions cannot hold together: time must be both > 0 and < 0"", ""constraints"": ""ramp.duration: min=0"", ""note"": ""reported so the guard can be seen and challenged, not as a defect; zero is outside the domain this division is evaluated in""}",/data/mrumoca/eval/results/ibpsa/findings.jsonl
ibpsa,historical-static,IBPSA.Utilities.Math.Examples.SmoothMin,1,network-boundary-port,low,False,standalone-topology-not-defect-proof,"{""node"": ""const -- ramp -- smoLim[1] -- smoLim[2]"", ""boundary_connectors"": ""const, ramp, smoLim[1], smoLim[2]"", ""wired_to"": ""nothing"", ""note"": ""this connector belongs to the model itself, not to a component inside it: the model is an interface compiled on its own, so the node is open on one side. Nothing forces its flow, which is why a structural matching reports an unmatched unknown here. Not a defect in the model""}",/data/mrumoca/eval/results/ibpsa/findings.jsonl
ibpsa,historical-static,IBPSA.Utilities.Math.Examples.Splice,0,network-boundary-port,low,False,standalone-topology-not-defect-proof,"{""node"": ""const -- const1 -- sine -- splice"", ""boundary_connectors"": ""const, const1, sine, splice"", ""wired_to"": ""nothing"", ""note"": ""this connector belongs to the model itself, not to a component inside it: the model is an interface compiled on its own, so the node is open on one side. Nothing forces its flow, which is why a structural matching reports an unmatched unknown here. Not a defect in the model""}",/data/mrumoca/eval/results/ibpsa/findings.jsonl
ibpsa,historical-static,IBPSA.Utilities.Math.Examples.VectorFunctions,0,network-boundary-port,low,False,standalone-topology-not-defect-proof,"{""node"": ""aveVec -- maxVec -- minVec -- sine -- sine1 -- sine2"", ""boundary_connectors"": ""aveVec, maxVec, minVec, sine, sine1, sine2"", ""wired_to"": ""nothing"", ""note"": ""this connector belongs to the model itself, not to a component inside it: the model is an interface compiled on its own, so the node is open on one side. Nothing forces its flow, which is why a structural matching reports an unmatched unknown here. Not a defect in the model""}",/data/mrumoca/eval/results/ibpsa/findings.jsonl
ibpsa,historical-static,IBPSA.Utilities.Math.Examples.VectorFunctions,1,non-square-block,medium,False,hold-needs-source-and-witness-review,"{""block"": 0, ""equations"": 15, ""variables"": 9}",/data/mrumoca/eval/results/ibpsa/findings.jsonl
ibpsa,historical-static,IBPSA.Utilities.Math.Functions.Examples.InverseXDerivativeCheck,0,divisor-reachable-zero,high,False,hold-needs-source-and-witness-review,"{""denominator"": ""delta"", ""witness"": ""delta = 0"", ""witness_rationale"": ""set to zero"", ""denominator_at_witness"": 0.0, ""denominator_at_declared_values"": 0.7, ""denominator_range"": ""[-inf, inf]"", ""path_condition"": ""always evaluated"", ""verdict"": ""SAT"", ""proof"": ""the division is not inside any branch"", ""constraints"": ""delta: unbounded"", ""note"": ""a permitted assignment drives the complete denominator to zero and the division is still evaluated there""}",/data/mrumoca/eval/results/ibpsa/findings.jsonl
ibpsa,historical-static,IBPSA.Utilities.Math.Functions.Examples.InverseXDerivativeCheck,1,divisor-reachable-zero,high,False,hold-needs-source-and-witness-review,"{""denominator"": ""delta"", ""witness"": ""delta = 0"", ""witness_rationale"": ""set to zero"", ""denominator_at_witness"": 0.0, ""denominator_at_declared_values"": 0.7, ""denominator_range"": ""[-inf, inf]"", ""path_condition"": ""always evaluated"", ""verdict"": ""SAT"", ""proof"": ""the division is not inside any branch"", ""constraints"": ""delta: unbounded"", ""note"": ""a permitted assignment drives the complete denominator to zero and the division is still evaluated there""}",/data/mrumoca/eval/results/ibpsa/findings.jsonl
ibpsa,historical-static,IBPSA.Utilities.Math.Functions.Examples.InverseXDerivativeCheck,2,divisor-reachable-zero,high,False,hold-needs-source-and-witness-review,"{""denominator"": ""delta"", ""witness"": ""delta = 0"", ""witness_rationale"": ""set to zero"", ""denominator_at_witness"": 0.0, ""denominator_at_declared_values"": 0.7, ""denominator_range"": ""[-inf, inf]"", ""path_condition"": ""always evaluated"", ""verdict"": ""SAT"", ""proof"": ""the division is not inside any branch"", ""constraints"": ""delta: unbounded"", ""note"": ""a permitted assignment drives the complete denominator to zero and the division is still evaluated there""}",/data/mrumoca/eval/results/ibpsa/findings.jsonl
ibpsa,historical-static,IBPSA.Utilities.Math.Functions.Examples.InverseXDerivativeCheck,3,divisor-reachable-zero,high,False,hold-needs-source-and-witness-review,"{""denominator"": ""delta"", ""witness"": ""delta = 0"", ""witness_rationale"": ""set to zero"", ""denominator_at_witness"": 0.0, ""denominator_at_declared_values"": 0.7, ""denominator_range"": ""[-inf, inf]"", ""path_condition"": ""always evaluated"", ""verdict"": ""SAT"", ""proof"": ""the division is not inside any branch"", ""constraints"": ""delta: unbounded"", ""note"": ""a permitted assignment drives the complete denominator to zero and the division is still evaluated there""}",/data/mrumoca/eval/results/ibpsa/findings.jsonl
ibpsa,historical-static,IBPSA.Utilities.Math.Functions.Examples.InverseXDerivativeCheck,4,divisor-reachable-zero,high,False,hold-needs-source-and-witness-review,"{""denominator"": ""delta"", ""witness"": ""delta = 0"", ""witness_rationale"": ""set to zero"", ""denominator_at_witness"": 0.0, ""denominator_at_declared_values"": 0.7, ""denominator_range"": ""[-inf, inf]"", ""path_condition"": ""always evaluated"", ""verdict"": ""SAT"", ""proof"": ""the division is not inside any branch"", ""constraints"": ""delta: unbounded"", ""note"": ""a permitted assignment drives the complete denominator to zero and the division is still evaluated there""}",/data/mrumoca/eval/results/ibpsa/findings.jsonl
ibpsa,historical-static,IBPSA.Utilities.Math.Functions.Examples.InverseXDerivativeCheck,5,divisor-reachable-zero,high,False,hold-needs-source-and-witness-review,"{""denominator"": ""delta"", ""witness"": ""delta = 0"", ""witness_rationale"": ""set to zero"", ""denominator_at_witness"": 0.0, ""denominator_at_declared_values"": 0.7, ""denominator_range"": ""[-inf, inf]"", ""path_condition"": ""always evaluated"", ""verdict"": ""SAT"", ""proof"": ""the division is not inside any branch"", ""constraints"": ""delta: unbounded"", ""note"": ""a permitted assignment drives the complete denominator to zero and the division is still evaluated there""}",/data/mrumoca/eval/results/ibpsa/findings.jsonl
ibpsa,historical-static,IBPSA.Utilities.Math.Functions.Examples.InverseXDerivativeCheck,6,divisor-reachable-zero,high,False,hold-needs-source-and-witness-review,"{""denominator"": ""delta"", ""witness"": ""delta = 0"", ""witness_rationale"": ""set to zero"", ""denominator_at_witness"": 0.0, ""denominator_at_declared_values"": 0.7, ""denominator_range"": ""[-inf, inf]"", ""path_condition"": ""always evaluated"", ""verdict"": ""SAT"", ""proof"": ""the division is not inside any branch"", ""constraints"": ""delta: unbounded"", ""note"": ""a permitted assignment drives the complete denominator to zero and the division is still evaluated there""}",/data/mrumoca/eval/results/ibpsa/findings.jsonl
ibpsa,historical-static,IBPSA.Utilities.Math.Functions.Examples.InverseXDerivativeCheck,7,divisor-reachable-zero,high,False,hold-needs-source-and-witness-review,"{""denominator"": ""delta"", ""witness"": ""delta = 0"", ""witness_rationale"": ""set to zero"", ""denominator_at_witness"": 0.0, ""denominator_at_declared_values"": 0.7, ""denominator_range"": ""[-inf, inf]"", ""path_condition"": ""always evaluated"", ""verdict"": ""SAT"", ""proof"": ""the division is not inside any branch"", ""constraints"": ""delta: unbounded"", ""note"": ""a permitted assignment drives the complete denominator to zero and the division is still evaluated there""}",/data/mrumoca/eval/results/ibpsa/findings.jsonl
ibpsa,historical-static,IBPSA.Utilities.Math.Functions.Examples.InverseXDerivativeCheck,8,divisor-reachable-zero,high,False,hold-needs-source-and-witness-review,"{""denominator"": ""delta"", ""witness"": ""delta = 0"", ""witness_rationale"": ""set to zero"", ""denominator_at_witness"": 0.0, ""denominator_at_declared_values"": 0.7, ""denominator_range"": ""[-inf, inf]"", ""path_condition"": ""always evaluated"", ""verdict"": ""SAT"", ""proof"": ""the division is not inside any branch"", ""constraints"": ""delta: unbounded"", ""note"": ""a permitted assignment drives the complete denominator to zero and the division is still evaluated there""}",/data/mrumoca/eval/results/ibpsa/findings.jsonl
ibpsa,historical-static,IBPSA.Utilities.Math.Functions.Examples.InverseXDerivativeCheck,9,divisor-reachable-zero,high,False,hold-needs-source-and-witness-review,"{""denominator"": ""delta"", ""witness"": ""delta = 0"", ""witness_rationale"": ""set to zero"", ""denominator_at_witness"": 0.0, ""denominator_at_declared_values"": 0.7, ""denominator_range"": ""[-inf, inf]"", ""path_condition"": ""always evaluated"", ""verdict"": ""SAT"", ""proof"": ""the division is not inside any branch"", ""constraints"": ""delta: unbounded"", ""note"": ""a permitted assignment drives the complete denominator to zero and the division is still evaluated there""}",/data/mrumoca/eval/results/ibpsa/findings.jsonl
ibpsa,historical-static,IBPSA.Utilities.Math.Functions.Examples.InverseXDerivativeCheck,10,divisor-reachable-zero,high,False,hold-needs-source-and-witness-review,"{""denominator"": ""delta"", ""witness"": ""delta = 0"", ""witness_rationale"": ""set to zero"", ""denominator_at_witness"": 0.0, ""denominator_at_declared_values"": 0.7, ""denominator_range"": ""[-inf, inf]"", ""path_condition"": ""always evaluated"", ""verdict"": ""SAT"", ""proof"": ""the division is not inside any branch"", ""constraints"": ""delta: unbounded"", ""note"": ""a permitted assignment drives the complete denominator to zero and the division is still evaluated there""}",/data/mrumoca/eval/results/ibpsa/findings.jsonl
ibpsa,historical-static,IBPSA.Utilities.Math.Functions.Examples.InverseXDerivativeCheck,11,divisor-reachable-zero,high,False,hold-needs-source-and-witness-review,"{""denominator"": ""delta"", ""witness"": ""delta = 0"", ""witness_rationale"": ""set to zero"", ""denominator_at_witness"": 0.0, ""denominator_at_declared_values"": 0.7, ""denominator_range"": ""[-inf, inf]"", ""path_condition"": ""always evaluated"", ""verdict"": ""SAT"", ""proof"": ""the division is not inside any branch"", ""constraints"": ""delta: unbounded"", ""note"": ""a permitted assignment drives the complete denominator to zero and the division is still evaluated there""}",/data/mrumoca/eval/results/ibpsa/findings.jsonl
ibpsa,historical-static,IBPSA.Utilities.Math.Functions.Examples.InverseXDerivativeCheck,12,divisor-reachable-zero,high,False,hold-needs-source-and-witness-review,"{""denominator"": ""delta"", ""witness"": ""delta = 0"", ""witness_rationale"": ""set to zero"", ""denominator_at_witness"": 0.0, ""denominator_at_declared_values"": 0.7, ""denominator_range"": ""[-inf, inf]"", ""path_condition"": ""always evaluated"", ""verdict"": ""SAT"", ""proof"": ""the division is not inside any branch"", ""constraints"": ""delta: unbounded"", ""note"": ""a permitted assignment drives the complete denominator to zero and the division is still evaluated there""}",/data/mrumoca/eval/results/ibpsa/findings.jsonl
ibpsa,historical-static,IBPSA.Utilities.Math.Functions.Examples.InverseXDerivativeCheck,13,divisor-reachable-zero,high,False,hold-needs-source-and-witness-review,"{""denominator"": ""delta"", ""witness"": ""delta = 0"", ""witness_rationale"": ""set to zero"", ""denominator_at_witness"": 0.0, ""denominator_at_declared_values"": 0.7, ""denominator_range"": ""[-inf, inf]"", ""path_condition"": ""always evaluated"", ""verdict"": ""SAT"", ""proof"": ""the division is not inside any branch"", ""constraints"": ""delta: unbounded"", ""note"": ""a permitted assignment drives the complete denominator to zero and the division is still evaluated there""}",/data/mrumoca/eval/results/ibpsa/findings.jsonl
ibpsa,historical-static,IBPSA.Utilities.Math.Functions.Examples.InverseXDerivativeCheck,14,initialization-count-mismatch,info,False,hold-needs-source-and-witness-review,"{""states"": 2, ""initial_equations"": 1, ""fixed_starts"": 0, ""note"": ""approximate; the compiler's balance check is authoritative""}",/data/mrumoca/eval/results/ibpsa/findings.jsonl
ibpsa,historical-static,IBPSA.Utilities.Math.Functions.Examples.InverseXDerivative_2_Check,0,divisor-reachable-zero,high,False,hold-needs-source-and-witness-review,"{""denominator"": ""delta"", ""witness"": ""delta = 0"", ""witness_rationale"": ""set to zero"", ""denominator_at_witness"": 0.0, ""denominator_at_declared_values"": 0.7, ""denominator_range"": ""[-inf, inf]"", ""path_condition"": ""always evaluated"", ""verdict"": ""SAT"", ""proof"": ""the division is not inside any branch"", ""constraints"": ""delta: unbounded"", ""note"": ""a permitted assignment drives the complete denominator to zero and the division is still evaluated there""}",/data/mrumoca/eval/results/ibpsa/findings.jsonl
ibpsa,historical-static,IBPSA.Utilities.Math.Functions.Examples.InverseXDerivative_2_Check,1,divisor-reachable-zero,high,False,hold-needs-source-and-witness-review,"{""denominator"": ""delta"", ""witness"": ""delta = 0"", ""witness_rationale"": ""set to zero"", ""denominator_at_witness"": 0.0, ""denominator_at_declared_values"": 0.7, ""denominator_range"": ""[-inf, inf]"", ""path_condition"": ""always evaluated"", ""verdict"": ""SAT"", ""proof"": ""the division is not inside any branch"", ""constraints"": ""delta: unbounded"", ""note"": ""a permitted assignment drives the complete denominator to zero and the division is still evaluated there""}",/data/mrumoca/eval/results/ibpsa/findings.jsonl
ibpsa,historical-static,IBPSA.Utilities.Math.Functions.Examples.InverseXDerivative_2_Check,2,divisor-reachable-zero,high,False,hold-needs-source-and-witness-review,"{""denominator"": ""delta"", ""witness"": ""delta = 0"", ""witness_rationale"": ""set to zero"", ""denominator_at_witness"": 0.0, ""denominator_at_declared_values"": 0.7, ""denominator_range"": ""[-inf, inf]"", ""path_condition"": ""always evaluated"", ""verdict"": ""SAT"", ""proof"": ""the division is not inside any branch"", ""constraints"": ""delta: unbounded"", ""note"": ""a permitted assignment drives the complete denominator to zero and the division is still evaluated there""}",/data/mrumoca/eval/results/ibpsa/findings.jsonl
ibpsa,historical-static,IBPSA.Utilities.Math.Functions.Examples.InverseXDerivative_2_Check,3,divisor-reachable-zero,high,False,hold-needs-source-and-witness-review,"{""denominator"": ""delta"", ""witness"": ""delta = 0"", ""witness_rationale"": ""set to zero"", ""denominator_at_witness"": 0.0, ""denominator_at_declared_values"": 0.7, ""denominator_range"": ""[-inf, inf]"", ""path_condition"": ""always evaluated"", ""verdict"": ""SAT"", ""proof"": ""the division is not inside any branch"", ""constraints"": ""delta: unbounded"", ""note"": ""a permitted assignment drives the complete denominator to zero and the division is still evaluated there""}",/data/mrumoca/eval/results/ibpsa/findings.jsonl
ibpsa,historical-static,IBPSA.Utilities.Math.Functions.Examples.InverseXDerivative_2_Check,4,divisor-reachable-zero,high,False,hold-needs-source-and-witness-review,"{""denominator"": ""delta"", ""witness"": ""delta = 0"", ""witness_rationale"": ""set to zero"", ""denominator_at_witness"": 0.0, ""denominator_at_declared_values"": 0.7, ""denominator_range"": ""[-inf, inf]"", ""path_condition"": ""always evaluated"", ""verdict"": ""SAT"", ""proof"": ""the division is not inside any branch"", ""constraints"": ""delta: unbounded"", ""note"": ""a permitted assignment drives the complete denominator to zero and the division is still evaluated there""}",/data/mrumoca/eval/results/ibpsa/findings.jsonl
ibpsa,historical-static,IBPSA.Utilities.Math.Functions.Examples.InverseXDerivative_2_Check,5,divisor-reachable-zero,high,False,hold-needs-source-and-witness-review,"{""denominator"": ""delta"", ""witness"": ""delta = 0"", ""witness_rationale"": ""set to zero"", ""denominator_at_witness"": 0.0, ""denominator_at_declared_values"": 0.7, ""denominator_range"": ""[-inf, inf]"", ""path_condition"": ""always evaluated"", ""verdict"": ""SAT"", ""proof"": ""the division is not inside any branch"", ""constraints"": ""delta: unbounded"", ""note"": ""a permitted assignment drives the complete denominator to zero and the division is still evaluated there""}",/data/mrumoca/eval/results/ibpsa/findings.jsonl
ibpsa,historical-static,IBPSA.Utilities.Math.Functions.Examples.InverseXDerivative_2_Check,6,divisor-reachable-zero,high,False,hold-needs-source-and-witness-review,"{""denominator"": ""delta"", ""witness"": ""delta = 0"", ""witness_rationale"": ""set to zero"", ""denominator_at_witness"": 0.0, ""denominator_at_declared_values"": 0.7, ""denominator_range"": ""[-inf, inf]"", ""path_condition"": ""always evaluated"", ""verdict"": ""SAT"", ""proof"": ""the division is not inside any branch"", ""constraints"": ""delta: unbounded"", ""note"": ""a permitted assignment drives the complete denominator to zero and the division is still evaluated there""}",/data/mrumoca/eval/results/ibpsa/findings.jsonl
ibpsa,historical-static,IBPSA.Utilities.Math.Functions.Examples.InverseXDerivative_2_Check,7,initialization-count-mismatch,info,False,hold-needs-source-and-witness-review,"{""states"": 4, ""initial_equations"": 2, ""fixed_starts"": 0, ""note"": ""approximate; the compiler's balance check is authoritative""}",/data/mrumoca/eval/results/ibpsa/findings.jsonl
ibpsa,historical-static,IBPSA.Utilities.Math.Functions.Examples.InverseXDerivative_2_Check,8,non-square-block,medium,False,hold-needs-source-and-witness-review,"{""block"": 2, ""equations"": 6, ""variables"": 7}",/data/mrumoca/eval/results/ibpsa/findings.jsonl
ibpsa,historical-static,IBPSA.Utilities.Math.Functions.Examples.InverseXRegularized,0,divisor-reachable-zero,high,False,hold-needs-source-and-witness-review,"{""denominator"": ""delta"", ""witness"": ""delta = 0"", ""witness_rationale"": ""set to zero"", ""denominator_at_witness"": 0.0, ""denominator_at_declared_values"": 0.5, ""denominator_range"": ""[-inf, inf]"", ""path_condition"": ""always evaluated"", ""verdict"": ""SAT"", ""proof"": ""the division is not inside any branch"", ""constraints"": ""delta: unbounded"", ""note"": ""a permitted assignment drives the complete denominator to zero and the division is still evaluated there""}",/data/mrumoca/eval/results/ibpsa/findings.jsonl
ibpsa,historical-static,IBPSA.Utilities.Math.Functions.Examples.InverseXRegularized,1,divisor-reachable-zero,high,False,hold-needs-source-and-witness-review,"{""denominator"": ""delta"", ""witness"": ""delta = 0"", ""witness_rationale"": ""set to zero"", ""denominator_at_witness"": 0.0, ""denominator_at_declared_values"": 0.5, ""denominator_range"": ""[-inf, inf]"", ""path_condition"": ""always evaluated"", ""verdict"": ""SAT"", ""proof"": ""the division is not inside any branch"", ""constraints"": ""delta: unbounded"", ""note"": ""a permitted assignment drives the complete denominator to zero and the division is still evaluated there""}",/data/mrumoca/eval/results/ibpsa/findings.jsonl
ibpsa,historical-static,IBPSA.Utilities.Math.Functions.Examples.SmoothExponentialDerivativeCheck,0,initialization-count-mismatch,info,False,hold-needs-source-and-witness-review,"{""states"": 2, ""initial_equations"": 1, ""fixed_starts"": 0, ""note"": ""approximate; the compiler's balance check is authoritative""}",/data/mrumoca/eval/results/ibpsa/findings.jsonl
ibpsa,historical-static,IBPSA.Utilities.Math.Functions.Examples.SmoothExponentialDerivativeCheck,1,non-square-block,medium,False,hold-needs-source-and-witness-review,"{""block"": 1, ""equations"": 4, ""variables"": 5}",/data/mrumoca/eval/results/ibpsa/findings.jsonl
ibpsa,historical-static,IBPSA.Utilities.Math.Functions.Examples.SpliceFunctionDerivativeCheck,0,initialization-count-mismatch,info,False,hold-needs-source-and-witness-review,"{""states"": 4, ""initial_equations"": 1, ""fixed_starts"": 0, ""note"": ""approximate; the compiler's balance check is authoritative""}",/data/mrumoca/eval/results/ibpsa/findings.jsonl
ibpsa,historical-static,IBPSA.Utilities.Math.Functions.Examples.SpliceFunctionDerivativeCheck,1,non-square-block,medium,False,hold-needs-source-and-witness-review,"{""block"": 4, ""equations"": 4, ""variables"": 5}",/data/mrumoca/eval/results/ibpsa/findings.jsonl
ibpsa,historical-static,IBPSA.Utilities.Math.InverseXRegularized,0,divisor-zero-at-declared-values,high,False,hold-check-unset-parameters-and-inputs,"{""denominator"": ""delta"", ""witness"": ""none needed"", ""witness_rationale"": ""the denominator is zero as declared"", ""denominator_at_witness"": 0.0, ""denominator_at_declared_values"": 0.0, ""denominator_range"": """", ""path_condition"": ""always evaluated"", ""verdict"": ""SAT"", ""proof"": ""no assignment is needed: the denominator is zero at the model's own declared values"", ""constraints"": """", ""note"": ""the division fails without anything being changed, so no parameter can be blamed and none needs to be""}",/data/mrumoca/eval/results/ibpsa/findings.jsonl
ibpsa,historical-static,IBPSA.Utilities.Math.InverseXRegularized,1,divisor-zero-at-declared-values,high,False,hold-check-unset-parameters-and-inputs,"{""denominator"": ""delta"", ""witness"": ""none needed"", ""witness_rationale"": ""the denominator is zero as declared"", ""denominator_at_witness"": 0.0, ""denominator_at_declared_values"": 0.0, ""denominator_range"": """", ""path_condition"": ""always evaluated"", ""verdict"": ""SAT"", ""proof"": ""no assignment is needed: the denominator is zero at the model's own declared values"", ""constraints"": """", ""note"": ""the division fails without anything being changed, so no parameter can be blamed and none needs to be""}",/data/mrumoca/eval/results/ibpsa/findings.jsonl
ibpsa,historical-static,IBPSA.Utilities.Math.InverseXRegularized,2,divisor-zero-at-declared-values,high,False,hold-check-unset-parameters-and-inputs,"{""denominator"": ""delta"", ""witness"": ""none needed"", ""witness_rationale"": ""the denominator is zero as declared"", ""denominator_at_witness"": 0.0, ""denominator_at_declared_values"": 0.0, ""denominator_range"": """", ""path_condition"": ""always evaluated"", ""verdict"": ""SAT"", ""proof"": ""no assignment is needed: the denominator is zero at the model's own declared values"", ""constraints"": """", ""note"": ""the division fails without anything being changed, so no parameter can be blamed and none needs to be""}",/data/mrumoca/eval/results/ibpsa/findings.jsonl
ibpsa,historical-static,IBPSA.Utilities.Math.InverseXRegularized,3,divisor-zero-at-declared-values,high,False,hold-check-unset-parameters-and-inputs,"{""denominator"": ""delta"", ""witness"": ""none needed"", ""witness_rationale"": ""the denominator is zero as declared"", ""denominator_at_witness"": 0.0, ""denominator_at_declared_values"": 0.0, ""denominator_range"": """", ""path_condition"": ""always evaluated"", ""verdict"": ""SAT"", ""proof"": ""no assignment is needed: the denominator is zero at the model's own declared values"", ""constraints"": """", ""note"": ""the division fails without anything being changed, so no parameter can be blamed and none needs to be""}",/data/mrumoca/eval/results/ibpsa/findings.jsonl
ibpsa,historical-static,IBPSA.Utilities.Math.InverseXRegularized,4,divisor-zero-at-declared-values,high,False,hold-check-unset-parameters-and-inputs,"{""denominator"": ""delta"", ""witness"": ""none needed"", ""witness_rationale"": ""the denominator is zero as declared"", ""denominator_at_witness"": 0.0, ""denominator_at_declared_values"": 0.0, ""denominator_range"": """", ""path_condition"": ""always evaluated"", ""verdict"": ""SAT"", ""proof"": ""no assignment is needed: the denominator is zero at the model's own declared values"", ""constraints"": """", ""note"": ""the division fails without anything being changed, so no parameter can be blamed and none needs to be""}",/data/mrumoca/eval/results/ibpsa/findings.jsonl
ibpsa,historical-static,IBPSA.Utilities.Math.InverseXRegularized,5,divisor-zero-at-declared-values,high,False,hold-check-unset-parameters-and-inputs,"{""denominator"": ""delta"", ""witness"": ""none needed"", ""witness_rationale"": ""the denominator is zero as declared"", ""denominator_at_witness"": 0.0, ""denominator_at_declared_values"": 0.0, ""denominator_range"": """", ""path_condition"": ""always evaluated"", ""verdict"": ""SAT"", ""proof"": ""no assignment is needed: the denominator is zero at the model's own declared values"", ""constraints"": """", ""note"": ""the division fails without anything being changed, so no parameter can be blamed and none needs to be""}",/data/mrumoca/eval/results/ibpsa/findings.jsonl
ibpsa,historical-static,IBPSA.Utilities.Math.InverseXRegularized,6,divisor-zero-at-declared-values,high,False,hold-check-unset-parameters-and-inputs,"{""denominator"": ""delta"", ""witness"": ""none needed"", ""witness_rationale"": ""the denominator is zero as declared"", ""denominator_at_witness"": 0.0, ""denominator_at_declared_values"": 0.0, ""denominator_range"": """", ""path_condition"": ""always evaluated"", ""verdict"": ""SAT"", ""proof"": ""no assignment is needed: the denominator is zero at the model's own declared values"", ""constraints"": """", ""note"": ""the division fails without anything being changed, so no parameter can be blamed and none needs to be""}",/data/mrumoca/eval/results/ibpsa/findings.jsonl
ibpsa,historical-static,IBPSA.Utilities.Math.InverseXRegularized,7,init-precondition-at-risk,low,False,hold-needs-source-and-witness-review,"{""expression"": ""(1 / delta)"", ""requirement"": ""divisor must not be zero"", ""initial_range"": ""[0, +inf]"", ""result"": ""UNKNOWN"", ""note"": ""the initial range of this operand contains a value the operation does not accept; whether it takes one is not decidable statically""}",/data/mrumoca/eval/results/ibpsa/findings.jsonl
ibpsa,historical-static,IBPSA.Utilities.Math.InverseXRegularized,8,init-precondition-at-risk,low,False,hold-needs-source-and-witness-review,"{""expression"": ""(1 / delta)"", ""requirement"": ""divisor must not be zero"", ""initial_range"": ""[0, +inf]"", ""result"": ""UNKNOWN"", ""note"": ""the initial range of this operand contains a value the operation does not accept; whether it takes one is not decidable statically""}",/data/mrumoca/eval/results/ibpsa/findings.jsonl
ibpsa,historical-static,IBPSA.Utilities.Math.InverseXRegularized,9,init-precondition-at-risk,low,False,hold-needs-source-and-witness-review,"{""expression"": ""(1 / delta)"", ""requirement"": ""divisor must not be zero"", ""initial_range"": ""[0, +inf]"", ""result"": ""UNKNOWN"", ""note"": ""the initial range of this operand contains a value the operation does not accept; whether it takes one is not decidable statically""}",/data/mrumoca/eval/results/ibpsa/findings.jsonl
ibpsa,historical-static,IBPSA.Utilities.Math.InverseXRegularized,10,init-precondition-at-risk,low,False,hold-needs-source-and-witness-review,"{""expression"": ""(1 / delta)"", ""requirement"": ""divisor must not be zero"", ""initial_range"": ""[0, +inf]"", ""result"": ""UNKNOWN"", ""note"": ""the initial range of this operand contains a value the operation does not accept; whether it takes one is not decidable statically""}",/data/mrumoca/eval/results/ibpsa/findings.jsonl
ibpsa,historical-static,IBPSA.Utilities.Math.InverseXRegularized,11,init-precondition-at-risk,low,False,hold-needs-source-and-witness-review,"{""expression"": ""(1 / delta)"", ""requirement"": ""divisor must not be zero"", ""initial_range"": ""[0, +inf]"", ""result"": ""UNKNOWN"", ""note"": ""the initial range of this operand contains a value the operation does not accept; whether it takes one is not decidable statically""}",/data/mrumoca/eval/results/ibpsa/findings.jsonl
ibpsa,historical-static,IBPSA.Utilities.Math.InverseXRegularized,12,init-precondition-at-risk,low,False,hold-needs-source-and-witness-review,"{""expression"": ""(1 / delta)"", ""requirement"": ""divisor must not be zero"", ""initial_range"": ""[0, +inf]"", ""result"": ""UNKNOWN"", ""note"": ""the initial range of this operand contains a value the operation does not accept; whether it takes one is not decidable statically""}",/data/mrumoca/eval/results/ibpsa/findings.jsonl
ibpsa,historical-static,IBPSA.Utilities.Math.InverseXRegularized,13,init-precondition-at-risk,low,False,hold-needs-source-and-witness-review,"{""expression"": ""(1 / delta)"", ""requirement"": ""divisor must not be zero"", ""initial_range"": ""[0, +inf]"", ""result"": ""UNKNOWN"", ""note"": ""the initial range of this operand contains a value the operation does not accept; whether it takes one is not decidable statically""}",/data/mrumoca/eval/results/ibpsa/findings.jsonl
ibpsa,historical-static,IBPSA.Utilities.Math.SmoothHeaviside,0,start-violates-min,high,False,hold-needs-source-and-witness-review,"{""variable"": ""delta"", ""start"": 0.0, ""bound"": ""min"", ""limit"": 2.220446049250313e-16}",/data/mrumoca/eval/results/ibpsa/findings.jsonl
ibpsa,historical-static,IBPSA.Utilities.Psychrometrics.Examples.Density_pTX,0,divisor-unreachable-under-witness,low,False,advisory-or-explicit-non-defect,"{""denominator"": ""XDryBul.duration"", ""witness"": ""XDryBul.duration = 0"", ""witness_rationale"": ""set to zero"", ""denominator_at_witness"": 0.0, ""denominator_at_declared_values"": 0.5, ""denominator_range"": ""[0, inf]"", ""path_condition"": ""not ((time < XDryBul.startTime)) and ((time < (XDryBul.startTime + XDryBul.duration)))"", ""verdict"": ""UNSAT"", ""proof"": ""the path conditions cannot hold together: time must be both > 0 and < 0"", ""constraints"": ""XDryBul.duration: min=0"", ""note"": ""reported so the guard can be seen and challenged, not as a defect; zero is outside the domain this division is evaluated in""}",/data/mrumoca/eval/results/ibpsa/findings.jsonl
ibpsa,historical-static,IBPSA.Utilities.Psychrometrics.Examples.Density_pTX,1,divisor-unreachable-under-witness,low,False,advisory-or-explicit-non-defect,"{""denominator"": ""TDryBul.duration"", ""witness"": ""TDryBul.duration = 0"", ""witness_rationale"": ""set to zero"", ""denominator_at_witness"": 0.0, ""denominator_at_declared_values"": 0.5, ""denominator_range"": ""[0, inf]"", ""path_condition"": ""not ((time < TDryBul.startTime)) and ((time < (TDryBul.startTime + TDryBul.duration)))"", ""verdict"": ""UNSAT"", ""proof"": ""the path conditions cannot hold together: time must be both > 0.5 and < 0.5"", ""constraints"": ""TDryBul.duration: min=0"", ""note"": ""reported so the guard can be seen and challenged, not as a defect; zero is outside the domain this division is evaluated in""}",/data/mrumoca/eval/results/ibpsa/findings.jsonl
ibpsa,historical-static,IBPSA.Utilities.Psychrometrics.Examples.Density_pTX,2,network-boundary-port,low,False,standalone-topology-not-defect-proof,"{""node"": ""TDryBul -- XDryBul -- den -- p"", ""boundary_connectors"": ""TDryBul, XDryBul, den, p"", ""wired_to"": ""nothing"", ""note"": ""this connector belongs to the model itself, not to a component inside it: the model is an interface compiled on its own, so the node is open on one side. Nothing forces its flow, which is why a structural matching reports an unmatched unknown here. Not a defect in the model""}",/data/mrumoca/eval/results/ibpsa/findings.jsonl
ibpsa,historical-static,IBPSA.Utilities.Psychrometrics.Examples.Density_pTX,3,physical-runtime-invariant-unobserved,low,False,advisory-or-explicit-non-defect,"{""domain"": ""fluid"", ""rule"": ""fluid.density.positive"", ""rule_origin"": ""mass per volume of a real fluid; density appears as a divisor throughout the Fluid library"", ""rule_reference"": """", ""matched_by"": {""quantity"": ""Density"", ""unit"": ""kg/m3"", ""confidence"": ""QUANTITY_AND_UNIT"", ""premise_state"": ""unknown"", ""authority"": ""quantity_or_unit"", ""canonical_declaration"": ""IBPSA.Utilities.Psychrometrics.Density_pTX.d""}, ""required"": ""den.d > 0"", ""variable_role"": ""output"", ""note"": ""this is a runtime property of a output variable, not a declaration a user can bound; deciding it needs an observation""}",/data/mrumoca/eval/results/ibpsa/findings.jsonl
ibpsa,historical-static,IBPSA.Utilities.Psychrometrics.Density_pTX,0,physical-runtime-invariant-unobserved,low,False,advisory-or-explicit-non-defect,"{""domain"": ""fluid"", ""rule"": ""fluid.density.positive"", ""rule_origin"": ""mass per volume of a real fluid; density appears as a divisor throughout the Fluid library"", ""rule_reference"": """", ""matched_by"": {""quantity"": ""Density"", ""unit"": ""kg/m3"", ""confidence"": ""QUANTITY_AND_UNIT"", ""premise_state"": ""unknown"", ""authority"": ""quantity_or_unit"", ""canonical_declaration"": ""IBPSA.Utilities.Psychrometrics.Density_pTX.d""}, ""required"": ""d > 0"", ""variable_role"": ""output"", ""note"": ""this is a runtime property of a output variable, not a declaration a user can bound; deciding it needs an observation""}",/data/mrumoca/eval/results/ibpsa/findings.jsonl
ibpsa,historical-static,IBPSA.Utilities.Psychrometrics.Examples.DewPointTemperature,0,divisor-unreachable-under-witness,low,False,advisory-or-explicit-non-defect,"{""denominator"": ""XHum.duration"", ""witness"": ""XHum.duration = 0"", ""witness_rationale"": ""set to zero"", ""denominator_at_witness"": 0.0, ""denominator_at_declared_values"": 1.0, ""denominator_range"": ""[0, inf]"", ""path_condition"": ""not ((time < XHum.startTime)) and ((time < (XHum.startTime + XHum.duration)))"", ""verdict"": ""UNSAT"", ""proof"": ""the path conditions cannot hold together: time must be both > 0 and < 0"", ""constraints"": ""XHum.duration: min=0"", ""note"": ""reported so the guard can be seen and challenged, not as a defect; zero is outside the domain this division is evaluated in""}",/data/mrumoca/eval/results/ibpsa/findings.jsonl
ibpsa,historical-static,IBPSA.Utilities.Psychrometrics.Examples.DewPointTemperature,1,network-boundary-port,low,False,standalone-topology-not-defect-proof,"{""node"": ""TDewPoi -- XHum -- humRat -- watVapPre"", ""boundary_connectors"": ""TDewPoi, XHum, humRat, watVapPre"", ""wired_to"": ""nothing"", ""note"": ""this connector belongs to the model itself, not to a component inside it: the model is an interface compiled on its own, so the node is open on one side. Nothing forces its flow, which is why a structural matching reports an unmatched unknown here. Not a defect in the model""}",/data/mrumoca/eval/results/ibpsa/findings.jsonl
ibpsa,historical-static,IBPSA.Utilities.Psychrometrics.Examples.SaturationPressure,0,divisor-unreachable-under-witness,low,False,advisory-or-explicit-non-defect,"{""denominator"": ""T.duration"", ""witness"": ""T.duration = 0"", ""witness_rationale"": ""set to zero"", ""denominator_at_witness"": 0.0, ""denominator_at_declared_values"": 1.0, ""denominator_range"": ""[0, inf]"", ""path_condition"": ""not ((time < T.startTime)) and ((time < (T.startTime + T.duration)))"", ""verdict"": ""UNSAT"", ""proof"": ""the path conditions cannot hold together: time must be both > 0 and < 0"", ""constraints"": ""T.duration: min=0"", ""note"": ""reported so the guard can be seen and challenged, not as a defect; zero is outside the domain this division is evaluated in""}",/data/mrumoca/eval/results/ibpsa/findings.jsonl
ibpsa,historical-static,IBPSA.Utilities.Psychrometrics.Examples.SaturationPressure,1,network-boundary-port,low,False,standalone-topology-not-defect-proof,"{""node"": ""T -- pSat"", ""boundary_connectors"": ""T, pSat"", ""wired_to"": ""nothing"", ""note"": ""this connector belongs to the model itself, not to a component inside it: the model is an interface compiled on its own, so the node is open on one side. Nothing forces its flow, which is why a structural matching reports an unmatched unknown here. Not a defect in the model""}",/data/mrumoca/eval/results/ibpsa/findings.jsonl
ibpsa,historical-static,IBPSA.Utilities.Psychrometrics.Examples.SaturationPressure,2,quantity-missing,low,False,advisory-or-explicit-non-defect,"{""unit"": ""K"", ""count"": 1, ""declarations"": ""pSat.TSat"", ""note"": ""a unit is declared without a quantity, so nothing states what is being measured and no rule keyed on quantity can apply to it""}",/data/mrumoca/eval/results/ibpsa/findings.jsonl
ibpsa,historical-static,IBPSA.Utilities.Psychrometrics.Examples.SaturationPressure,3,quantity-missing,low,False,advisory-or-explicit-non-defect,"{""unit"": ""Pa"", ""count"": 1, ""declarations"": ""pSat.pSat"", ""note"": ""a unit is declared without a quantity, so nothing states what is being measured and no rule keyed on quantity can apply to it""}",/data/mrumoca/eval/results/ibpsa/findings.jsonl
ibpsa,historical-static,IBPSA.Utilities.Psychrometrics.Examples.Phi_pTX,0,divisor-unreachable-under-witness,low,False,advisory-or-explicit-non-defect,"{""denominator"": ""XDryBul.duration"", ""witness"": ""XDryBul.duration = 0"", ""witness_rationale"": ""set to zero"", ""denominator_at_witness"": 0.0, ""denominator_at_declared_values"": 0.5, ""denominator_range"": ""[0, inf]"", ""path_condition"": ""not ((time < XDryBul.startTime)) and ((time < (XDryBul.startTime + XDryBul.duration)))"", ""verdict"": ""UNSAT"", ""proof"": ""the path conditions cannot hold together: time must be both > 0 and < 0"", ""constraints"": ""XDryBul.duration: min=0"", ""note"": ""reported so the guard can be seen and challenged, not as a defect; zero is outside the domain this division is evaluated in""}",/data/mrumoca/eval/results/ibpsa/findings.jsonl
ibpsa,historical-static,IBPSA.Utilities.Psychrometrics.Examples.Phi_pTX,1,divisor-unreachable-under-witness,low,False,advisory-or-explicit-non-defect,"{""denominator"": ""TDryBul.duration"", ""witness"": ""TDryBul.duration = 0"", ""witness_rationale"": ""set to zero"", ""denominator_at_witness"": 0.0, ""denominator_at_declared_values"": 0.5, ""denominator_range"": ""[0, inf]"", ""path_condition"": ""not ((time < TDryBul.startTime)) and ((time < (TDryBul.startTime + TDryBul.duration)))"", ""verdict"": ""UNSAT"", ""proof"": ""the path conditions cannot hold together: time must be both > 0.5 and < 0.5"", ""constraints"": ""TDryBul.duration: min=0"", ""note"": ""reported so the guard can be seen and challenged, not as a defect; zero is outside the domain this division is evaluated in""}",/data/mrumoca/eval/results/ibpsa/findings.jsonl
ibpsa,historical-static,IBPSA.Utilities.Psychrometrics.Examples.Phi_pTX,2,network-boundary-port,low,False,standalone-topology-not-defect-proof,"{""node"": ""TDryBul -- XDryBul -- p -- phi"", ""boundary_connectors"": ""TDryBul, XDryBul, p, phi"", ""wired_to"": ""nothing"", ""note"": ""this connector belongs to the model itself, not to a component inside it: the model is an interface compiled on its own, so the node is open on one side. Nothing forces its flow, which is why a structural matching reports an unmatched unknown here. Not a defect in the model""}",/data/mrumoca/eval/results/ibpsa/findings.jsonl
ibpsa,historical-static,IBPSA.Utilities.Psychrometrics.Examples.SublimationPressureIce,0,divisor-unreachable-under-witness,low,False,advisory-or-explicit-non-defect,"{""denominator"": ""T.duration"", ""witness"": ""T.duration = 0"", ""witness_rationale"": ""set to zero"", ""denominator_at_witness"": 0.0, ""denominator_at_declared_values"": 1.0, ""denominator_range"": ""[0, inf]"", ""path_condition"": ""not ((time < T.startTime)) and ((time < (T.startTime + T.duration)))"", ""verdict"": ""UNSAT"", ""proof"": ""the path conditions cannot hold together: time must be both > 0 and < 0"", ""constraints"": ""T.duration: min=0"", ""note"": ""reported so the guard can be seen and challenged, not as a defect; zero is outside the domain this division is evaluated in""}",/data/mrumoca/eval/results/ibpsa/findings.jsonl
ibpsa,historical-static,IBPSA.Utilities.Psychrometrics.Examples.SublimationPressureIce,1,network-boundary-port,low,False,standalone-topology-not-defect-proof,"{""node"": ""T -- pSat"", ""boundary_connectors"": ""T, pSat"", ""wired_to"": ""nothing"", ""note"": ""this connector belongs to the model itself, not to a component inside it: the model is an interface compiled on its own, so the node is open on one side. Nothing forces its flow, which is why a structural matching reports an unmatched unknown here. Not a defect in the model""}",/data/mrumoca/eval/results/ibpsa/findings.jsonl
ibpsa,historical-static,IBPSA.Utilities.Psychrometrics.Examples.SublimationPressureIce,2,quantity-missing,low,False,advisory-or-explicit-non-defect,"{""unit"": ""K"", ""count"": 1, ""declarations"": ""pSat.TSat"", ""note"": ""a unit is declared without a quantity, so nothing states what is being measured and no rule keyed on quantity can apply to it""}",/data/mrumoca/eval/results/ibpsa/findings.jsonl
ibpsa,historical-static,IBPSA.Utilities.Psychrometrics.Examples.SublimationPressureIce,3,quantity-missing,low,False,advisory-or-explicit-non-defect,"{""unit"": ""Pa"", ""count"": 1, ""declarations"": ""pSat.pSat"", ""note"": ""a unit is declared without a quantity, so nothing states what is being measured and no rule keyed on quantity can apply to it""}",/data/mrumoca/eval/results/ibpsa/findings.jsonl
ibpsa,historical-static,IBPSA.Utilities.Psychrometrics.Examples.HumidityRatioPressure,0,divisor-unreachable-under-witness,low,False,advisory-or-explicit-non-defect,"{""denominator"": ""XHumDryAir.duration"", ""witness"": ""XHumDryAir.duration = 0"", ""witness_rationale"": ""set to zero"", ""denominator_at_witness"": 0.0, ""denominator_at_declared_values"": 1.0, ""denominator_range"": ""[0, inf]"", ""path_condition"": ""not ((time < XHumDryAir.startTime)) and ((time < (XHumDryAir.startTime + XHumDryAir.duration)))"", ""verdict"": ""UNSAT"", ""proof"": ""the path conditions cannot hold together: time must be both > 0 and < 0"", ""constraints"": ""XHumDryAir.duration: min=0"", ""note"": ""reported so the guard can be seen and challenged, not as a defect; zero is outside the domain this division is evaluated in""}",/data/mrumoca/eval/results/ibpsa/findings.jsonl
ibpsa,historical-static,IBPSA.Utilities.Psychrometrics.Examples.HumidityRatioPressure,1,init-precondition-at-risk,low,False,hold-needs-source-and-witness-review,"{""expression"": ""(humRat.X_w / (1 - humRat.X_w))"", ""requirement"": ""divisor must not be zero"", ""initial_range"": ""[0, 1]"", ""result"": ""UNKNOWN"", ""note"": ""the initial range of this operand contains a value the operation does not accept; whether it takes one is not decidable statically""}",/data/mrumoca/eval/results/ibpsa/findings.jsonl
ibpsa,historical-static,IBPSA.Utilities.Psychrometrics.Examples.HumidityRatioPressure,2,network-boundary-port,low,False,standalone-topology-not-defect-proof,"{""node"": ""XHumDryAir -- assertEquality -- humRat -- p -- toTotalAir -- vapPre"", ""boundary_connectors"": ""XHumDryAir, assertEquality, humRat, p, toTotalAir, vapPre"", ""wired_to"": ""nothing"", ""note"": ""this connector belongs to the model itself, not to a component inside it: the model is an interface compiled on its own, so the node is open on one side. Nothing forces its flow, which is why a structural matching reports an unmatched unknown here. Not a defect in the model""}",/data/mrumoca/eval/results/ibpsa/findings.jsonl
ibpsa,historical-static,IBPSA.Utilities.Psychrometrics.Examples.TotalAirDryAir,0,divisor-unreachable-under-witness,low,False,advisory-or-explicit-non-defect,"{""denominator"": ""XHum.duration"", ""witness"": ""XHum.duration = 0"", ""witness_rationale"": ""set to zero"", ""denominator_at_witness"": 0.0, ""denominator_at_declared_values"": 1.0, ""denominator_range"": ""[0, inf]"", ""path_condition"": ""not ((time < XHum.startTime)) and ((time < (XHum.startTime + XHum.duration)))"", ""verdict"": ""UNSAT"", ""proof"": ""the path conditions cannot hold together: time must be both > 0 and < 0"", ""constraints"": ""XHum.duration: min=0"", ""note"": ""reported so the guard can be seen and challenged, not as a defect; zero is outside the domain this division is evaluated in""}",/data/mrumoca/eval/results/ibpsa/findings.jsonl
ibpsa,historical-static,IBPSA.Utilities.Psychrometrics.Examples.TotalAirDryAir,1,network-boundary-port,low,False,standalone-topology-not-defect-proof,"{""node"": ""XHum -- assertEquality -- toDryAir -- toTotalAir"", ""boundary_connectors"": ""XHum, assertEquality, toDryAir, toTotalAir"", ""wired_to"": ""nothing"", ""note"": ""this connector belongs to the model itself, not to a component inside it: the model is an interface compiled on its own, so the node is open on one side. Nothing forces its flow, which is why a structural matching reports an unmatched unknown here. Not a defect in the model""}",/data/mrumoca/eval/results/ibpsa/findings.jsonl
ibpsa,historical-static,IBPSA.Utilities.Psychrometrics.Functions.BaseClasses.Examples.DewPointTemperatureDerivativeCheck_amb,0,initialization-count-mismatch,info,False,hold-needs-source-and-witness-review,"{""states"": 2, ""initial_equations"": 1, ""fixed_starts"": 0, ""note"": ""approximate; the compiler's balance check is authoritative""}",/data/mrumoca/eval/results/ibpsa/findings.jsonl
ibpsa,historical-static,IBPSA.Utilities.Psychrometrics.Functions.BaseClasses.Examples.DewPointTemperatureDerivativeCheck_amb,1,non-square-block,medium,False,hold-needs-source-and-witness-review,"{""block"": 1, ""equations"": 3, ""variables"": 4}",/data/mrumoca/eval/results/ibpsa/findings.jsonl
ibpsa,historical-static,IBPSA.Utilities.Psychrometrics.Functions.Examples.Density_pTX,0,physical-runtime-invariant-unobserved,low,False,advisory-or-explicit-non-defect,"{""domain"": ""fluid"", ""rule"": ""fluid.density.positive"", ""rule_origin"": ""mass per volume of a real fluid; density appears as a divisor throughout the Fluid library"", ""rule_reference"": """", ""matched_by"": {""quantity"": ""Density"", ""unit"": ""kg/m3"", ""confidence"": ""QUANTITY_AND_UNIT"", ""premise_state"": ""unknown"", ""authority"": ""quantity_or_unit"", ""canonical_declaration"": ""IBPSA.Utilities.Psychrometrics.Functions.Examples.Density_pTX.d""}, ""required"": ""d > 0"", ""variable_role"": ""algebraic"", ""note"": ""this is a runtime property of a algebraic variable, not a declaration a user can bound; deciding it needs an observation""}",/data/mrumoca/eval/results/ibpsa/findings.jsonl
ibpsa,historical-static,IBPSA.Utilities.Psychrometrics.Functions.Examples.Density_pTX,1,quantity-missing,low,False,advisory-or-explicit-non-defect,"{""unit"": ""1/s"", ""count"": 2, ""declarations"": ""convT, convX"", ""note"": ""a unit is declared without a quantity, so nothing states what is being measured and no rule keyed on quantity can apply to it""}",/data/mrumoca/eval/results/ibpsa/findings.jsonl
ibpsa,historical-static,IBPSA.Utilities.Psychrometrics.Functions.BaseClasses.Examples.WaterVaporPressureDerivativeCheck,0,initialization-count-mismatch,info,False,hold-needs-source-and-witness-review,"{""states"": 2, ""initial_equations"": 1, ""fixed_starts"": 0, ""note"": ""approximate; the compiler's balance check is authoritative""}",/data/mrumoca/eval/results/ibpsa/findings.jsonl
ibpsa,historical-static,IBPSA.Utilities.Psychrometrics.Functions.BaseClasses.Examples.WaterVaporPressureDerivativeCheck,1,non-square-block,medium,False,hold-needs-source-and-witness-review,"{""block"": 1, ""equations"": 4, ""variables"": 5}",/data/mrumoca/eval/results/ibpsa/findings.jsonl
ibpsa,historical-static,IBPSA.Utilities.Psychrometrics.Functions.BaseClasses.Examples.DewPointTemperatureDerivativeCheck,0,initialization-count-mismatch,info,False,hold-needs-source-and-witness-review,"{""states"": 2, ""initial_equations"": 1, ""fixed_starts"": 0, ""note"": ""approximate; the compiler's balance check is authoritative""}",/data/mrumoca/eval/results/ibpsa/findings.jsonl
ibpsa,historical-static,IBPSA.Utilities.Psychrometrics.Functions.BaseClasses.Examples.DewPointTemperatureDerivativeCheck,1,non-square-block,medium,False,hold-needs-source-and-witness-review,"{""block"": 1, ""equations"": 3, ""variables"": 4}",/data/mrumoca/eval/results/ibpsa/findings.jsonl
ibpsa,historical-static,IBPSA.Utilities.Psychrometrics.Functions.Examples.pW_X,0,quantity-missing,low,False,advisory-or-explicit-non-defect,"{""unit"": ""1/s"", ""count"": 1, ""declarations"": ""conv"", ""note"": ""a unit is declared without a quantity, so nothing states what is being measured and no rule keyed on quantity can apply to it""}",/data/mrumoca/eval/results/ibpsa/findings.jsonl
ibpsa,historical-static,IBPSA.Utilities.Psychrometrics.Functions.BaseClasses.Examples.InverseDewPointTemperatureDerivativeCheck_amb,0,initialization-count-mismatch,info,False,hold-needs-source-and-witness-review,"{""states"": 2, ""initial_equations"": 1, ""fixed_starts"": 0, ""note"": ""approximate; the compiler's balance check is authoritative""}",/data/mrumoca/eval/results/ibpsa/findings.jsonl
ibpsa,historical-static,IBPSA.Utilities.Psychrometrics.Functions.BaseClasses.Examples.InverseDewPointTemperatureDerivativeCheck_amb,1,quantity-missing,low,False,advisory-or-explicit-non-defect,"{""unit"": ""K"", ""count"": 1, ""declarations"": ""err"", ""note"": ""a unit is declared without a quantity, so nothing states what is being measured and no rule keyed on quantity can apply to it""}",/data/mrumoca/eval/results/ibpsa/findings.jsonl
ibpsa,historical-static,IBPSA.Utilities.Psychrometrics.Functions.BaseClasses.Examples.InverseDewPointTemperatureDerivativeCheck_amb,2,non-square-block,medium,False,hold-needs-source-and-witness-review,"{""block"": 1, ""equations"": 3, ""variables"": 4}",/data/mrumoca/eval/results/ibpsa/findings.jsonl
ibpsa,historical-static,IBPSA.Utilities.Psychrometrics.Examples.SaturationPressureLiquid,0,divisor-unreachable-under-witness,low,False,advisory-or-explicit-non-defect,"{""denominator"": ""T.duration"", ""witness"": ""T.duration = 0"", ""witness_rationale"": ""set to zero"", ""denominator_at_witness"": 0.0, ""denominator_at_declared_values"": 1.0, ""denominator_range"": ""[0, inf]"", ""path_condition"": ""not ((time < T.startTime)) and ((time < (T.startTime + T.duration)))"", ""verdict"": ""UNSAT"", ""proof"": ""the path conditions cannot hold together: time must be both > 0 and < 0"", ""constraints"": ""T.duration: min=0"", ""note"": ""reported so the guard can be seen and challenged, not as a defect; zero is outside the domain this division is evaluated in""}",/data/mrumoca/eval/results/ibpsa/findings.jsonl
ibpsa,historical-static,IBPSA.Utilities.Psychrometrics.Examples.SaturationPressureLiquid,1,network-boundary-port,low,False,standalone-topology-not-defect-proof,"{""node"": ""T -- pSat"", ""boundary_connectors"": ""T, pSat"", ""wired_to"": ""nothing"", ""note"": ""this connector belongs to the model itself, not to a component inside it: the model is an interface compiled on its own, so the node is open on one side. Nothing forces its flow, which is why a structural matching reports an unmatched unknown here. Not a defect in the model""}",/data/mrumoca/eval/results/ibpsa/findings.jsonl
ibpsa,historical-static,IBPSA.Utilities.Psychrometrics.Examples.SaturationPressureLiquid,2,quantity-missing,low,False,advisory-or-explicit-non-defect,"{""unit"": ""K"", ""count"": 1, ""declarations"": ""pSat.TSat"", ""note"": ""a unit is declared without a quantity, so nothing states what is being measured and no rule keyed on quantity can apply to it""}",/data/mrumoca/eval/results/ibpsa/findings.jsonl
ibpsa,historical-static,IBPSA.Utilities.Psychrometrics.Examples.SaturationPressureLiquid,3,quantity-missing,low,False,advisory-or-explicit-non-defect,"{""unit"": ""Pa"", ""count"": 1, ""declarations"": ""pSat.pSat"", ""note"": ""a unit is declared without a quantity, so nothing states what is being measured and no rule keyed on quantity can apply to it""}",/data/mrumoca/eval/results/ibpsa/findings.jsonl
ibpsa,historical-static,IBPSA.Utilities.Psychrometrics.Functions.Examples.pW_TDewPoi_comparison,0,quantity-missing,low,False,advisory-or-explicit-non-defect,"{""unit"": ""K/s"", ""count"": 1, ""declarations"": ""conv"", ""note"": ""a unit is declared without a quantity, so nothing states what is being measured and no rule keyed on quantity can apply to it""}",/data/mrumoca/eval/results/ibpsa/findings.jsonl
ibpsa,historical-static,IBPSA.Utilities.Psychrometrics.SaturationPressure,0,quantity-missing,low,False,advisory-or-explicit-non-defect,"{""unit"": ""K"", ""count"": 1, ""declarations"": ""TSat"", ""note"": ""a unit is declared without a quantity, so nothing states what is being measured and no rule keyed on quantity can apply to it""}",/data/mrumoca/eval/results/ibpsa/findings.jsonl
ibpsa,historical-static,IBPSA.Utilities.Psychrometrics.SaturationPressure,1,quantity-missing,low,False,advisory-or-explicit-non-defect,"{""unit"": ""Pa"", ""count"": 1, ""declarations"": ""pSat"", ""note"": ""a unit is declared without a quantity, so nothing states what is being measured and no rule keyed on quantity can apply to it""}",/data/mrumoca/eval/results/ibpsa/findings.jsonl
ibpsa,historical-static,IBPSA.Utilities.Psychrometrics.Functions.Examples.SaturationPressure,0,quantity-missing,low,False,advisory-or-explicit-non-defect,"{""unit"": ""1/s"", ""count"": 1, ""declarations"": ""conv"", ""note"": ""a unit is declared without a quantity, so nothing states what is being measured and no rule keyed on quantity can apply to it""}",/data/mrumoca/eval/results/ibpsa/findings.jsonl
ibpsa,historical-static,IBPSA.Utilities.Psychrometrics.TWetBul_TDryBulPhi,0,init-precondition-at-risk,low,False,hold-needs-source-and-witness-review,"{""expression"": ""(((1 - XiDryBul) * XiSat) / (1 - XiSat))"", ""requirement"": ""divisor must not be zero"", ""initial_range"": ""[0, 1]"", ""result"": ""UNKNOWN"", ""note"": ""the initial range of this operand contains a value the operation does not accept; whether it takes one is not decidable statically""}",/data/mrumoca/eval/results/ibpsa/findings.jsonl
ibpsa,historical-static,IBPSA.Utilities.Psychrometrics.TWetBul_TDryBulPhi,1,quantity-unit-not-si-coherent,low,False,hold-needs-source-and-witness-review,"{""quantity"": ""ThermodynamicTemperature"", ""si_unit"": ""K"", ""also_declared"": ""degC"", ""declarations"": ""TDryBul_degC=degC"", ""note"": ""the same quantity is declared both in its SI unit and in another of the same dimension; the non-SI spelling is a question about the interface, not an error in it""}",/data/mrumoca/eval/results/ibpsa/findings.jsonl
ibpsa,historical-static,IBPSA.Utilities.Psychrometrics.TWetBul_TDryBulPhi,2,quantity-missing,low,False,advisory-or-explicit-non-defect,"{""unit"": ""K/rad"", ""count"": 1, ""declarations"": ""uniConK"", ""note"": ""a unit is declared without a quantity, so nothing states what is being measured and no rule keyed on quantity can apply to it""}",/data/mrumoca/eval/results/ibpsa/findings.jsonl
ibpsa,historical-static,IBPSA.Utilities.Psychrometrics.TWetBul_TDryBulPhi,3,non-square-block,medium,False,hold-needs-source-and-witness-review,"{""block"": 0, ""equations"": 4, ""variables"": 7}",/data/mrumoca/eval/results/ibpsa/findings.jsonl
ibpsa,historical-static,IBPSA.Utilities.Psychrometrics.SaturationPressureLiquid,0,quantity-missing,low,False,advisory-or-explicit-non-defect,"{""unit"": ""K"", ""count"": 1, ""declarations"": ""TSat"", ""note"": ""a unit is declared without a quantity, so nothing states what is being measured and no rule keyed on quantity can apply to it""}",/data/mrumoca/eval/results/ibpsa/findings.jsonl
ibpsa,historical-static,IBPSA.Utilities.Psychrometrics.SaturationPressureLiquid,1,quantity-missing,low,False,advisory-or-explicit-non-defect,"{""unit"": ""Pa"", ""count"": 1, ""declarations"": ""pSat"", ""note"": ""a unit is declared without a quantity, so nothing states what is being measured and no rule keyed on quantity can apply to it""}",/data/mrumoca/eval/results/ibpsa/findings.jsonl
ibpsa,historical-static,IBPSA.Utilities.Psychrometrics.SublimationPressureIce,0,quantity-missing,low,False,advisory-or-explicit-non-defect,"{""unit"": ""K"", ""count"": 1, ""declarations"": ""TSat"", ""note"": ""a unit is declared without a quantity, so nothing states what is being measured and no rule keyed on quantity can apply to it""}",/data/mrumoca/eval/results/ibpsa/findings.jsonl
ibpsa,historical-static,IBPSA.Utilities.Psychrometrics.SublimationPressureIce,1,quantity-missing,low,False,advisory-or-explicit-non-defect,"{""unit"": ""Pa"", ""count"": 1, ""declarations"": ""pSat"", ""note"": ""a unit is declared without a quantity, so nothing states what is being measured and no rule keyed on quantity can apply to it""}",/data/mrumoca/eval/results/ibpsa/findings.jsonl
ibpsa,historical-static,IBPSA.Utilities.Psychrometrics.Functions.Examples.X_pSatpphi,0,quantity-missing,low,False,advisory-or-explicit-non-defect,"{""unit"": ""1/s"", ""count"": 1, ""declarations"": ""conv"", ""note"": ""a unit is declared without a quantity, so nothing states what is being measured and no rule keyed on quantity can apply to it""}",/data/mrumoca/eval/results/ibpsa/findings.jsonl
ibpsa,historical-static,IBPSA.Utilities.Psychrometrics.Functions.BaseClasses.Examples.SaturationPressureDerivativeCheck,0,initialization-count-mismatch,info,False,hold-needs-source-and-witness-review,"{""states"": 2, ""initial_equations"": 1, ""fixed_starts"": 0, ""note"": ""approximate; the compiler's balance check is authoritative""}",/data/mrumoca/eval/results/ibpsa/findings.jsonl
ibpsa,historical-static,IBPSA.Utilities.Psychrometrics.Functions.BaseClasses.Examples.SaturationPressureDerivativeCheck,1,non-square-block,medium,False,hold-needs-source-and-witness-review,"{""block"": 1, ""equations"": 3, ""variables"": 4}",/data/mrumoca/eval/results/ibpsa/findings.jsonl
ibpsa,historical-static,IBPSA.Utilities.Psychrometrics.Functions.Examples.phi_pTX,0,quantity-missing,low,False,advisory-or-explicit-non-defect,"{""unit"": ""1/s"", ""count"": 2, ""declarations"": ""convT, convX"", ""note"": ""a unit is declared without a quantity, so nothing states what is being measured and no rule keyed on quantity can apply to it""}",/data/mrumoca/eval/results/ibpsa/findings.jsonl
ibpsa,historical-static,IBPSA.Utilities.Psychrometrics.pW_X,0,network-boundary-port,low,False,standalone-topology-not-defect-proof,"{""node"": ""p_in -- p_in_internal"", ""boundary_connectors"": ""p_in, p_in_internal"", ""wired_to"": ""nothing"", ""note"": ""this connector belongs to the model itself, not to a component inside it: the model is an interface compiled on its own, so the node is open on one side. Nothing forces its flow, which is why a structural matching reports an unmatched unknown here. Not a defect in the model""}",/data/mrumoca/eval/results/ibpsa/findings.jsonl
ibpsa,historical-static,IBPSA.Utilities.Psychrometrics.pW_X,1,non-square-block,medium,False,hold-needs-source-and-witness-review,"{""block"": 0, ""equations"": 3, ""variables"": 5}",/data/mrumoca/eval/results/ibpsa/findings.jsonl
ibpsa,historical-static,IBPSA.Utilities.Psychrometrics.X_pW,0,init-precondition-at-risk,low,False,hold-needs-source-and-witness-review,"{""expression"": ""(X_w / (1 - X_w))"", ""requirement"": ""divisor must not be zero"", ""initial_range"": ""[0, 1]"", ""result"": ""UNKNOWN"", ""note"": ""the initial range of this operand contains a value the operation does not accept; whether it takes one is not decidable statically""}",/data/mrumoca/eval/results/ibpsa/findings.jsonl
ibpsa,historical-static,IBPSA.Utilities.Psychrometrics.X_pW,1,network-boundary-port,low,False,standalone-topology-not-defect-proof,"{""node"": ""p_in -- p_in_internal"", ""boundary_connectors"": ""p_in, p_in_internal"", ""wired_to"": ""nothing"", ""note"": ""this connector belongs to the model itself, not to a component inside it: the model is an interface compiled on its own, so the node is open on one side. Nothing forces its flow, which is why a structural matching reports an unmatched unknown here. Not a defect in the model""}",/data/mrumoca/eval/results/ibpsa/findings.jsonl
ibpsa,historical-static,IBPSA.Utilities.Psychrometrics.X_pW,2,non-square-block,medium,False,hold-needs-source-and-witness-review,"{""block"": 0, ""equations"": 3, ""variables"": 5}",/data/mrumoca/eval/results/ibpsa/findings.jsonl
ibpsa,historical-static,IBPSA.Utilities.Psychrometrics.ToTotalAir,0,non-square-block,medium,False,hold-needs-source-and-witness-review,"{""block"": 0, ""equations"": 2, ""variables"": 3}",/data/mrumoca/eval/results/ibpsa/findings.jsonl
ibpsa,runtime-v3,IBPSA.BoundaryConditions.SkyTemperature.BlackBody,0,simulation-failure,high,True,execution-not-completed,"{""failure_kind"": ""non-finite-value"", ""reason"": ""e point(s)... \u001b[31m\u001b[0m simulation failed: non-finite (inf) value computed for `epsSky` @ Span \u001b[31m\u2502\u001b[0m { source: SourceId(1654615912981038211), start: BytePos(1612), end: \u001b[31m\u2502\u001b[0m BytePos(1647) }"", ""raw"": ""reading /tmp/tmpwze0sm7s/traced.rbc (bitcode v2, cbor) holding 4 free input(s) constant at their start values: TDryBul=0, TDewPoi=0, nOpa=0, HHorIR=0 Simulating IBPSA.BoundaryConditions.SkyTemperature.BlackBody to t=1 with 8 trace point(s)... \u001b[31m\u001b[0m simulation failed: non-finite (inf) value computed for `epsSky` @ Span \u001b[31m\u2502\u001b[0m { source: SourceId(1654615912981038211), start: BytePos(1612), en"", ""tool_side"": false}",/data/mrumoca/eval/results_v3/ibpsa/runtime_free.jsonl
ibpsa,runtime-v3,IBPSA.BoundaryConditions.SolarGeometry.BaseClasses.IncidenceAngle,0,initialization-failure,high,True,execution-not-completed,"{""failure_kind"": ""unknown"", ""reason"": ""ng IBPSA.BoundaryConditions.SolarGeometry.BaseClasses.IncidenceAngle to t=1 with 10 trace point(s)... \u001b[31m\u001b[0m simulation failed: parameter `azi` has neither a binding nor an initial \u001b[31m\u2502\u001b[0m value"", ""raw"": ""reading /tmp/tmpgetlncyu/traced.rbc (bitcode v2, cbor) holding 3 free input(s) constant at their start values: solHouAng=0, decAng=0, lat=0 Simulating IBPSA.BoundaryConditions.SolarGeometry.BaseClasses.IncidenceAngle to t=1 with 10 trace point(s)... \u001b[31m\u001b[0m simulation failed: parameter `azi` has neither a binding nor an initial \u001b[31m\u2502\u001b[0m value"", ""tool_side"": false}",/data/mrumoca/eval/results_v3/ibpsa/runtime_free.jsonl
ibpsa,runtime-v3,IBPSA.BoundaryConditions.SolarGeometry.BaseClasses.SolarAzimuth,0,simulation-failure,high,True,execution-not-completed,"{""failure_kind"": ""non-finite-value"", ""reason"": ""ace point(s)... \u001b[31m\u001b[0m simulation failed: non-finite (NaN) value computed for `tmp` @ Span \u001b[31m\u2502\u001b[0m { source: SourceId(12170793589429403095), start: BytePos(1320), end: \u001b[31m\u2502\u001b[0m BytePos(1328) }"", ""raw"": ""reading /tmp/tmpdftpzcfj/traced.rbc (bitcode v2, cbor) holding 4 free input(s) constant at their start values: zen=0, solTim=0, lat=0, decAng=0 Simulating IBPSA.BoundaryConditions.SolarGeometry.BaseClasses.SolarAzimuth to t=1 with 9 trace point(s)... \u001b[31m\u001b[0m simulation failed: non-finite (NaN) value computed for `tmp` @ Span \u001b[31m\u2502\u001b[0m { source: SourceId(12170793589429403095), start: BytePos(132"", ""tool_side"": false}",/data/mrumoca/eval/results_v3/ibpsa/runtime_free.jsonl
ibpsa,runtime-v3,IBPSA.BoundaryConditions.SolarIrradiation.BaseClasses.DiffuseIsotropic,0,initialization-failure,high,True,execution-not-completed,"{""failure_kind"": ""unknown"", ""reason"": ""BPSA.BoundaryConditions.SolarIrradiation.BaseClasses.DiffuseIsotropic to t=1 with 5 trace point(s)... \u001b[31m\u001b[0m simulation failed: parameter `til` has neither a binding nor an initial \u001b[31m\u2502\u001b[0m value"", ""raw"": ""reading /tmp/tmp7zf62r1n/traced.rbc (bitcode v2, cbor) holding 2 free input(s) constant at their start values: HDifHor=0, HGloHor=0 Simulating IBPSA.BoundaryConditions.SolarIrradiation.BaseClasses.DiffuseIsotropic to t=1 with 5 trace point(s)... \u001b[31m\u001b[0m simulation failed: parameter `til` has neither a binding nor an initial \u001b[31m\u2502\u001b[0m value"", ""tool_side"": false}",/data/mrumoca/eval/results_v3/ibpsa/runtime_free.jsonl
ibpsa,runtime-v3,IBPSA.BoundaryConditions.SolarIrradiation.BaseClasses.DiffusePerez,0,initialization-failure,high,True,execution-not-completed,"{""failure_kind"": ""unknown"", ""reason"": ""g IBPSA.BoundaryConditions.SolarIrradiation.BaseClasses.DiffusePerez to t=1 with 10 trace point(s)... \u001b[31m\u001b[0m simulation failed: parameter `til` has neither a binding nor an initial \u001b[31m\u2502\u001b[0m value"", ""raw"": ""reading /tmp/tmpx6qkbgbt/traced.rbc (bitcode v2, cbor) holding 6 free input(s) constant at their start values: briCof1=0, briCof2=0, HDifHor=0, HGloHor=0, zen=0, incAng=0 Simulating IBPSA.BoundaryConditions.SolarIrradiation.BaseClasses.DiffusePerez to t=1 with 10 trace point(s)... \u001b[31m\u001b[0m simulation failed: parameter `til` has neither a binding nor an initial \u001b[31m\u2502\u001b[0m value"", ""tool_side"": false}",/data/mrumoca/eval/results_v3/ibpsa/runtime_free.jsonl
ibpsa,runtime-v3,IBPSA.BoundaryConditions.WeatherData.BaseClasses.CheckPressure,0,simulation-failure,high,True,execution-not-completed,"{""failure_kind"": ""unknown"", ""reason"": ""e to t=1 with 2 trace point(s)... \u001b[31m\u001b[0m simulation failed: Modelica assert failed at t=0.000000000: In \u001b[31m\u2502\u001b[0m CheckPressure: Weather data atmospheric pressure out of bounds. \u001b[31m\u2502\u001b[0m PIn = 0"", ""raw"": ""reading /tmp/tmph3xgpljr/traced.rbc (bitcode v2, cbor) holding 1 free input(s) constant at their start values: PIn=0 Simulating IBPSA.BoundaryConditions.WeatherData.BaseClasses.CheckPressure to t=1 with 2 trace point(s)... \u001b[31m\u001b[0m simulation failed: Modelica assert failed at t=0.000000000: In \u001b[31m\u2502\u001b[0m CheckPressure: Weather data atmospheric pressure out of bounds. \u001b[31m\u2502\u001b[0m PIn = 0"", ""tool_side"": false}",/data/mrumoca/eval/results_v3/ibpsa/runtime_free.jsonl
ibpsa,runtime-v3,IBPSA.BoundaryConditions.WeatherData.BaseClasses.CheckDryBulbTemperature,0,simulation-failure,high,True,execution-not-completed,"{""failure_kind"": ""unknown"", ""reason"": ""ith 2 trace point(s)... \u001b[31m\u001b[0m simulation failed: Modelica assert failed at t=0.000000000: In \u001b[31m\u2502\u001b[0m CheckDryBulbTemperature: Weather data dry bulb temperature out of bounds. \u001b[31m\u2502\u001b[0m TIn = 0"", ""raw"": ""reading /tmp/tmp5830byhf/traced.rbc (bitcode v2, cbor) holding 1 free input(s) constant at their start values: TIn=0 Simulating IBPSA.BoundaryConditions.WeatherData.BaseClasses.CheckDryBulbTemperature to t=1 with 2 trace point(s)... \u001b[31m\u001b[0m simulation failed: Modelica assert failed at t=0.000000000: In \u001b[31m\u2502\u001b[0m CheckDryBulbTemperature: Weather data dry bulb temperature out of bounds. \u001b[31m\u2502\u001b[0"", ""tool_side"": false}",/data/mrumoca/eval/results_v3/ibpsa/runtime_free.jsonl
ibpsa,runtime-v3,IBPSA.BoundaryConditions.WeatherData.BaseClasses.CheckDewPointTemperature,0,simulation-failure,high,True,execution-not-completed,"{""failure_kind"": ""unknown"", ""reason"": ""oint(s)... \u001b[31m\u001b[0m simulation failed: Modelica assert failed at t=0.000000000: In \u001b[31m\u2502\u001b[0m CheckDewPointTemperature: Weather data dew point temperature out of \u001b[31m\u2502\u001b[0m bounds. \u001b[31m\u2502\u001b[0m TIn = 0"", ""raw"": ""reading /tmp/tmpknc8n260/traced.rbc (bitcode v2, cbor) holding 1 free input(s) constant at their start values: TIn=0 Simulating IBPSA.BoundaryConditions.WeatherData.BaseClasses.CheckDewPointTemperature to t=1 with 2 trace point(s)... \u001b[31m\u001b[0m simulation failed: Modelica assert failed at t=0.000000000: In \u001b[31m\u2502\u001b[0m CheckDewPointTemperature: Weather data dew point temperature out of \u001b[31m\u2502\u001b[0m bou"", ""tool_side"": false}",/data/mrumoca/eval/results_v3/ibpsa/runtime_free.jsonl
ibpsa,runtime-v3,IBPSA.BoundaryConditions.WeatherData.BaseClasses.CheckBlackBodySkyTemperature,0,simulation-failure,high,True,execution-not-completed,"{""failure_kind"": ""unknown"", ""reason"": "". \u001b[31m\u001b[0m simulation failed: Modelica assert failed at t=0.000000000: In \u001b[31m\u2502\u001b[0m CheckBlackBodySkyTemperature: Weather data black-body sky temperature out \u001b[31m\u2502\u001b[0m of bounds. \u001b[31m\u2502\u001b[0m TIn = 0"", ""raw"": ""reading /tmp/tmpzh_63hgc/traced.rbc (bitcode v2, cbor) holding 1 free input(s) constant at their start values: TIn=0 Simulating IBPSA.BoundaryConditions.WeatherData.BaseClasses.CheckBlackBodySkyTemperature to t=1 with 2 trace point(s)... \u001b[31m\u001b[0m simulation failed: Modelica assert failed at t=0.000000000: In \u001b[31m\u2502\u001b[0m CheckBlackBodySkyTemperature: Weather data black-body sky temperature out \u001b[31"", ""tool_side"": false}",/data/mrumoca/eval/results_v3/ibpsa/runtime_free.jsonl
ibpsa,runtime-v3,IBPSA.BoundaryConditions.WeatherData.BaseClasses.Examples.CheckBlackBodySkyTemperature,0,network-boundary-port,low,False,standalone-topology-not-defect-proof,"{""node"": ""TBlaBod -- cheSkyBlaBodTem"", ""boundary_connectors"": ""TBlaBod, cheSkyBlaBodTem"", ""wired_to"": ""nothing"", ""note"": ""this connector belongs to the model itself, not to a component inside it: the model is an interface compiled on its own, so the node is open on one side. Nothing forces its flow, which is why a structural matching reports an unmatched unknown here. Not a defect in the model""}",/data/mrumoca/eval/results_v3/ibpsa/runtime_free.jsonl
ibpsa,runtime-v3,IBPSA.BoundaryConditions.WeatherData.ReaderTMY3.Altitude,0,initialization-failure,high,False,execution-not-completed,"{""failure_kind"": ""unknown"", ""reason"": ""ulating IBPSA.BoundaryConditions.WeatherData.ReaderTMY3.Altitude to t=1 with 1 trace point(s)... \u001b[31m\u001b[0m simulation failed: parameter `Altitude` has neither a binding nor an \u001b[31m\u2502\u001b[0m initial value"", ""raw"": ""reading /tmp/tmploeops0v/traced.rbc (bitcode v2, cbor) Simulating IBPSA.BoundaryConditions.WeatherData.ReaderTMY3.Altitude to t=1 with 1 trace point(s)... \u001b[31m\u001b[0m simulation failed: parameter `Altitude` has neither a binding nor an \u001b[31m\u2502\u001b[0m initial value"", ""tool_side"": false}",/data/mrumoca/eval/results_v3/ibpsa/runtime_free.jsonl
ibpsa,runtime-v3,IBPSA.BoundaryConditions.WeatherData.ReaderTMY3.Latitude,0,initialization-failure,high,False,execution-not-completed,"{""failure_kind"": ""unknown"", ""reason"": ""ulating IBPSA.BoundaryConditions.WeatherData.ReaderTMY3.Latitude to t=1 with 1 trace point(s)... \u001b[31m\u001b[0m simulation failed: parameter `latitude` has neither a binding nor an \u001b[31m\u2502\u001b[0m initial value"", ""raw"": ""reading /tmp/tmpwfhavs0g/traced.rbc (bitcode v2, cbor) Simulating IBPSA.BoundaryConditions.WeatherData.ReaderTMY3.Latitude to t=1 with 1 trace point(s)... \u001b[31m\u001b[0m simulation failed: parameter `latitude` has neither a binding nor an \u001b[31m\u2502\u001b[0m initial value"", ""tool_side"": false}",/data/mrumoca/eval/results_v3/ibpsa/runtime_free.jsonl
ibpsa,runtime-v3,IBPSA.BoundaryConditions.WeatherData.ReaderTMY3.Longitude,0,initialization-failure,high,False,execution-not-completed,"{""failure_kind"": ""unknown"", ""reason"": ""ating IBPSA.BoundaryConditions.WeatherData.ReaderTMY3.Longitude to t=1 with 1 trace point(s)... \u001b[31m\u001b[0m simulation failed: parameter `longitude` has neither a binding nor an \u001b[31m\u2502\u001b[0m initial value"", ""raw"": ""reading /tmp/tmpsakagd0x/traced.rbc (bitcode v2, cbor) Simulating IBPSA.BoundaryConditions.WeatherData.ReaderTMY3.Longitude to t=1 with 1 trace point(s)... \u001b[31m\u001b[0m simulation failed: parameter `longitude` has neither a binding nor an \u001b[31m\u2502\u001b[0m initial value"", ""tool_side"": false}",/data/mrumoca/eval/results_v3/ibpsa/runtime_free.jsonl
ibpsa,runtime-v3,IBPSA.Controls.Continuous.Examples.OffTimer,0,network-boundary-port,low,False,standalone-topology-not-defect-proof,"{""node"": ""booleanPulse -- not1 -- offTim1 -- offTim2"", ""boundary_connectors"": ""booleanPulse, not1, offTim1, offTim2"", ""wired_to"": ""nothing"", ""note"": ""this connector belongs to the model itself, not to a component inside it: the model is an interface compiled on its own, so the node is open on one side. Nothing forces its flow, which is why a structural matching reports an unmatched unknown here. Not a defect in the model""}",/data/mrumoca/eval/results_v3/ibpsa/runtime_free.jsonl
ibpsa,runtime-v3,IBPSA.Controls.Continuous.Validation.OffTimerNonZeroStart,0,network-boundary-port,low,False,standalone-topology-not-defect-proof,"{""node"": ""booleanPulse -- not1 -- offTim1 -- offTim2"", ""boundary_connectors"": ""booleanPulse, not1, offTim1, offTim2"", ""wired_to"": ""nothing"", ""note"": ""this connector belongs to the model itself, not to a component inside it: the model is an interface compiled on its own, so the node is open on one side. Nothing forces its flow, which is why a structural matching reports an unmatched unknown here. Not a defect in the model""}",/data/mrumoca/eval/results_v3/ibpsa/runtime_free.jsonl
ibpsa,runtime-v3,IBPSA.Controls.OBC.CDL.Discrete.Validation.FirstOrderHold,0,network-boundary-port,low,False,execution-not-completed,"{""node"": ""cos1 -- firOrdHol -- ramp1"", ""boundary_connectors"": ""cos1, firOrdHol, ramp1"", ""wired_to"": ""nothing"", ""note"": ""this connector belongs to the model itself, not to a component inside it: the model is an interface compiled on its own, so the node is open on one side. Nothing forces its flow, which is why a structural matching reports an unmatched unknown here. Not a defect in the model""}",/data/mrumoca/eval/results_v3/ibpsa/runtime_free.jsonl
ibpsa,runtime-v3,IBPSA.Controls.OBC.CDL.Discrete.Validation.FirstOrderHold,1,network-observation-incomplete,info,False,execution-not-completed,"{""reason"": ""missing or unsynchronized connector member observations"", ""note"": ""coverage gap, not a model defect""}",/data/mrumoca/eval/results_v3/ibpsa/runtime_free.jsonl
ibpsa,runtime-v3,IBPSA.Controls.OBC.CDL.Discrete.Validation.FirstOrderHold,2,initialization-failure,high,False,execution-not-completed,"{""failure_kind"": ""nonlinear-solver-failure"", ""reason"": ""ous algebraic/output reconstructed from the continuous equations \u001b[31m\u2502\u001b[0m but not owned by the reduced initialization projection or its total \u001b[31m\u2502\u001b[0m derivative) value=-1.000000e0 norm=1.000000e0"", ""raw"": ""reading /tmp/tmpncqs4vrl/traced.rbc (bitcode v2, cbor) Simulating IBPSA.Controls.OBC.CDL.Discrete.Validation.FirstOrderHold to t=1 with 11 trace point(s)... \u001b[31m\u001b[0m simulation failed: initial variable projection did not satisfy the complete \u001b[31m\u2502\u001b[0m residual system: max selected residual row=2 original_row=2 owner=none(row \u001b[31m\u2502\u001b[0m reads a coordinate outside the planned initialization unknow"", ""tool_side"": false}",/data/mrumoca/eval/results_v3/ibpsa/runtime_free.jsonl
ibpsa,runtime-v3,IBPSA.Controls.OBC.CDL.Conversions.Validation.RealToInteger,0,network-boundary-port,low,False,standalone-topology-not-defect-proof,"{""node"": ""ramp1 -- reaToInt"", ""boundary_connectors"": ""ramp1, reaToInt"", ""wired_to"": ""nothing"", ""note"": ""this connector belongs to the model itself, not to a component inside it: the model is an interface compiled on its own, so the node is open on one side. Nothing forces its flow, which is why a structural matching reports an unmatched unknown here. Not a defect in the model""}",/data/mrumoca/eval/results_v3/ibpsa/runtime_free.jsonl
ibpsa,runtime-v3,IBPSA.Controls.OBC.CDL.Conversions.Validation.IntegerToReal,0,network-boundary-port,low,False,standalone-topology-not-defect-proof,"{""node"": ""intToRea -- ramp1 -- reaToInt1 -- round2"", ""boundary_connectors"": ""intToRea, ramp1, reaToInt1, round2"", ""wired_to"": ""nothing"", ""note"": ""this connector belongs to the model itself, not to a component inside it: the model is an interface compiled on its own, so the node is open on one side. Nothing forces its flow, which is why a structural matching reports an unmatched unknown here. Not a defect in the model""}",/data/mrumoca/eval/results_v3/ibpsa/runtime_free.jsonl
ibpsa,runtime-v3,IBPSA.Controls.OBC.CDL.Discrete.Validation.Sampler,0,network-boundary-port,low,False,standalone-topology-not-defect-proof,"{""node"": ""ramp1 -- sampler1 -- sin1"", ""boundary_connectors"": ""ramp1, sampler1, sin1"", ""wired_to"": ""nothing"", ""note"": ""this connector belongs to the model itself, not to a component inside it: the model is an interface compiled on its own, so the node is open on one side. Nothing forces its flow, which is why a structural matching reports an unmatched unknown here. Not a defect in the model""}",/data/mrumoca/eval/results_v3/ibpsa/runtime_free.jsonl
ibpsa,runtime-v3,IBPSA.Controls.OBC.CDL.Discrete.Validation.UnitDelay,0,network-boundary-port,low,False,standalone-topology-not-defect-proof,"{""node"": ""ramp1 -- sin1 -- unitDelay1"", ""boundary_connectors"": ""ramp1, sin1, unitDelay1"", ""wired_to"": ""nothing"", ""note"": ""this connector belongs to the model itself, not to a component inside it: the model is an interface compiled on its own, so the node is open on one side. Nothing forces its flow, which is why a structural matching reports an unmatched unknown here. Not a defect in the model""}",/data/mrumoca/eval/results_v3/ibpsa/runtime_free.jsonl
ibpsa,runtime-v3,IBPSA.Controls.OBC.CDL.Discrete.Validation.ZeroOrderHold,0,network-boundary-port,low,False,standalone-topology-not-defect-proof,"{""node"": ""cos1 -- ramp1 -- zerOrdHol"", ""boundary_connectors"": ""cos1, ramp1, zerOrdHol"", ""wired_to"": ""nothing"", ""note"": ""this connector belongs to the model itself, not to a component inside it: the model is an interface compiled on its own, so the node is open on one side. Nothing forces its flow, which is why a structural matching reports an unmatched unknown here. Not a defect in the model""}",/data/mrumoca/eval/results_v3/ibpsa/runtime_free.jsonl
ibpsa,runtime-v3,IBPSA.Controls.OBC.CDL.Integers.Validation.Abs,0,network-boundary-port,low,False,standalone-topology-not-defect-proof,"{""node"": ""abs1 -- ramp1 -- reaToInt -- round1"", ""boundary_connectors"": ""abs1, ramp1, reaToInt, round1"", ""wired_to"": ""nothing"", ""note"": ""this connector belongs to the model itself, not to a component inside it: the model is an interface compiled on its own, so the node is open on one side. Nothing forces its flow, which is why a structural matching reports an unmatched unknown here. Not a defect in the model""}",/data/mrumoca/eval/results_v3/ibpsa/runtime_free.jsonl
ibpsa,runtime-v3,IBPSA.Controls.OBC.CDL.Integers.Validation.Add,0,network-boundary-port,low,False,standalone-topology-not-defect-proof,"{""node"": ""add1 -- ramp1 -- ramp2 -- reaToInt -- reaToInt1 -- round1 -- round2"", ""boundary_connectors"": ""add1, ramp1, ramp2, reaToInt, reaToInt1, round1, round2"", ""wired_to"": ""nothing"", ""note"": ""this connector belongs to the model itself, not to a component inside it: the model is an interface compiled on its own, so the node is open on one side. Nothing forces its flow, which is why a structural matching reports an unmatched unknown here. Not a defect in the model""}",/data/mrumoca/eval/results_v3/ibpsa/runtime_free.jsonl
ibpsa,runtime-v3,IBPSA.Controls.OBC.CDL.Integers.Validation.AddParameter,0,network-boundary-port,low,False,standalone-topology-not-defect-proof,"{""node"": ""addPar -- ramp1 -- reaToInt -- round1"", ""boundary_connectors"": ""addPar, ramp1, reaToInt, round1"", ""wired_to"": ""nothing"", ""note"": ""this connector belongs to the model itself, not to a component inside it: the model is an interface compiled on its own, so the node is open on one side. Nothing forces its flow, which is why a structural matching reports an unmatched unknown here. Not a defect in the model""}",/data/mrumoca/eval/results_v3/ibpsa/runtime_free.jsonl
ibpsa,runtime-v3,IBPSA.Controls.OBC.CDL.Integers.Validation.Greater,0,network-boundary-port,low,False,standalone-topology-not-defect-proof,"{""node"": ""intGre -- ramp1 -- ramp2 -- reaToInt -- reaToInt1 -- round1 -- round2"", ""boundary_connectors"": ""intGre, ramp1, ramp2, reaToInt, reaToInt1, round1, round2"", ""wired_to"": ""nothing"", ""note"": ""this connector belongs to the model itself, not to a component inside it: the model is an interface compiled on its own, so the node is open on one side. Nothing forces its flow, which is why a structural matching reports an unmatched unknown here. Not a defect in the model""}",/data/mrumoca/eval/results_v3/ibpsa/runtime_free.jsonl
ibpsa,runtime-v3,IBPSA.Controls.OBC.CDL.Integers.Validation.GreaterEqualThreshold,0,network-boundary-port,low,False,standalone-topology-not-defect-proof,"{""node"": ""intGreEquThr -- ramp1 -- reaToInt -- round1"", ""boundary_connectors"": ""intGreEquThr, ramp1, reaToInt, round1"", ""wired_to"": ""nothing"", ""note"": ""this connector belongs to the model itself, not to a component inside it: the model is an interface compiled on its own, so the node is open on one side. Nothing forces its flow, which is why a structural matching reports an unmatched unknown here. Not a defect in the model""}",/data/mrumoca/eval/results_v3/ibpsa/runtime_free.jsonl
ibpsa,runtime-v3,IBPSA.Controls.OBC.CDL.Integers.Validation.GreaterThreshold,0,network-boundary-port,low,False,standalone-topology-not-defect-proof,"{""node"": ""intGreThr -- ramp1 -- reaToInt -- round1"", ""boundary_connectors"": ""intGreThr, ramp1, reaToInt, round1"", ""wired_to"": ""nothing"", ""note"": ""this connector belongs to the model itself, not to a component inside it: the model is an interface compiled on its own, so the node is open on one side. Nothing forces its flow, which is why a structural matching reports an unmatched unknown here. Not a defect in the model""}",/data/mrumoca/eval/results_v3/ibpsa/runtime_free.jsonl
ibpsa,runtime-v3,IBPSA.Controls.OBC.CDL.Integers.Validation.LessEqualThreshold,0,network-boundary-port,low,False,standalone-topology-not-defect-proof,"{""node"": ""intLesEquThr -- ramp1 -- reaToInt -- round1"", ""boundary_connectors"": ""intLesEquThr, ramp1, reaToInt, round1"", ""wired_to"": ""nothing"", ""note"": ""this connector belongs to the model itself, not to a component inside it: the model is an interface compiled on its own, so the node is open on one side. Nothing forces its flow, which is why a structural matching reports an unmatched unknown here. Not a defect in the model""}",/data/mrumoca/eval/results_v3/ibpsa/runtime_free.jsonl
ibpsa,runtime-v3,IBPSA.Controls.OBC.CDL.Integers.Validation.Max,0,network-boundary-port,low,False,standalone-topology-not-defect-proof,"{""node"": ""max1 -- ramp1 -- ramp2 -- reaToInt -- reaToInt1 -- round1 -- round2"", ""boundary_connectors"": ""max1, ramp1, ramp2, reaToInt, reaToInt1, round1, round2"", ""wired_to"": ""nothing"", ""note"": ""this connector belongs to the model itself, not to a component inside it: the model is an interface compiled on its own, so the node is open on one side. Nothing forces its flow, which is why a structural matching reports an unmatched unknown here. Not a defect in the model""}",/data/mrumoca/eval/results_v3/ibpsa/runtime_free.jsonl
ibpsa,runtime-v3,IBPSA.Controls.OBC.CDL.Integers.Validation.LessEqual,0,network-boundary-port,low,False,standalone-topology-not-defect-proof,"{""node"": ""intLesEqu -- ramp1 -- ramp2 -- reaToInt -- reaToInt1 -- round1 -- round2"", ""boundary_connectors"": ""intLesEqu, ramp1, ramp2, reaToInt, reaToInt1, round1, round2"", ""wired_to"": ""nothing"", ""note"": ""this connector belongs to the model itself, not to a component inside it: the model is an interface compiled on its own, so the node is open on one side. Nothing forces its flow, which is why a structural matching reports an unmatched unknown here. Not a defect in the model""}",/data/mrumoca/eval/results_v3/ibpsa/runtime_free.jsonl
ibpsa,runtime-v3,IBPSA.Controls.OBC.CDL.Integers.Validation.LessThreshold,0,network-boundary-port,low,False,standalone-topology-not-defect-proof,"{""node"": ""intLesThr -- ramp1 -- reaToInt -- round1"", ""boundary_connectors"": ""intLesThr, ramp1, reaToInt, round1"", ""wired_to"": ""nothing"", ""note"": ""this connector belongs to the model itself, not to a component inside it: the model is an interface compiled on its own, so the node is open on one side. Nothing forces its flow, which is why a structural matching reports an unmatched unknown here. Not a defect in the model""}",/data/mrumoca/eval/results_v3/ibpsa/runtime_free.jsonl
ibpsa,runtime-v3,IBPSA.Controls.OBC.CDL.Integers.Validation.Min,0,network-boundary-port,low,False,standalone-topology-not-defect-proof,"{""node"": ""min1 -- ramp1 -- ramp2 -- reaToInt -- reaToInt1 -- round1 -- round2"", ""boundary_connectors"": ""min1, ramp1, ramp2, reaToInt, reaToInt1, round1, round2"", ""wired_to"": ""nothing"", ""note"": ""this connector belongs to the model itself, not to a component inside it: the model is an interface compiled on its own, so the node is open on one side. Nothing forces its flow, which is why a structural matching reports an unmatched unknown here. Not a defect in the model""}",/data/mrumoca/eval/results_v3/ibpsa/runtime_free.jsonl
ibpsa,runtime-v3,IBPSA.Controls.OBC.CDL.Integers.Validation.MultiSum,0,network-boundary-port,low,False,standalone-topology-not-defect-proof,"{""node"": ""add1 -- ramp1 -- ramp2 -- ramp3 -- reaToInt -- reaToInt1 -- reaToInt2 -- round1 -- round2 -- round3"", ""boundary_connectors"": ""add1, ramp1, ramp2, ramp3, reaToInt, reaToInt1, reaToInt2, round1, round2, round3"", ""wired_to"": ""nothing"", ""note"": ""this connector belongs to the model itself, not to a component inside it: the model is an interface compiled on its own, so the node is open on one side. Nothing forces its flow, which is why a structural matching reports an unmatched unknown here. Not a defect in the model""}",/data/mrumoca/eval/results_v3/ibpsa/runtime_free.jsonl
ibpsa,runtime-v3,IBPSA.Controls.OBC.CDL.Integers.Validation.Subtract,0,network-boundary-port,low,False,standalone-topology-not-defect-proof,"{""node"": ""ramp1 -- ramp2 -- reaToInt -- reaToInt1 -- round1 -- round2 -- sub"", ""boundary_connectors"": ""ramp1, ramp2, reaToInt, reaToInt1, round1, round2, sub"", ""wired_to"": ""nothing"", ""note"": ""this connector belongs to the model itself, not to a component inside it: the model is an interface compiled on its own, so the node is open on one side. Nothing forces its flow, which is why a structural matching reports an unmatched unknown here. Not a defect in the model""}",/data/mrumoca/eval/results_v3/ibpsa/runtime_free.jsonl
ibpsa,runtime-v3,IBPSA.Controls.OBC.CDL.Logical.Sources.Validation.SampleTriggerNegativeStartTime,0,network-boundary-port,low,False,standalone-topology-not-defect-proof,"{""node"": ""ramp -- samTri -- samTri1 -- triggeredSampler -- triggeredSampler1"", ""boundary_connectors"": ""ramp, samTri, samTri1, triggeredSampler, triggeredSampler1"", ""wired_to"": ""nothing"", ""note"": ""this connector belongs to the model itself, not to a component inside it: the model is an interface compiled on its own, so the node is open on one side. Nothing forces its flow, which is why a structural matching reports an unmatched unknown here. Not a defect in the model""}",/data/mrumoca/eval/results_v3/ibpsa/runtime_free.jsonl
ibpsa,runtime-v3,IBPSA.Controls.OBC.CDL.Logical.Sources.Validation.SampleTrigger,0,network-boundary-port,low,False,standalone-topology-not-defect-proof,"{""node"": ""ramp -- samTri -- samTri1 -- triggeredSampler -- triggeredSampler1"", ""boundary_connectors"": ""ramp, samTri, samTri1, triggeredSampler, triggeredSampler1"", ""wired_to"": ""nothing"", ""note"": ""this connector belongs to the model itself, not to a component inside it: the model is an interface compiled on its own, so the node is open on one side. Nothing forces its flow, which is why a structural matching reports an unmatched unknown here. Not a defect in the model""}",/data/mrumoca/eval/results_v3/ibpsa/runtime_free.jsonl
ibpsa,runtime-v3,IBPSA.Controls.OBC.CDL.Logical.Sources.Validation.SampleTriggerPositiveStartTime,0,network-boundary-port,low,False,standalone-topology-not-defect-proof,"{""node"": ""ramp -- samTri -- samTri1 -- triggeredSampler -- triggeredSampler1"", ""boundary_connectors"": ""ramp, samTri, samTri1, triggeredSampler, triggeredSampler1"", ""wired_to"": ""nothing"", ""note"": ""this connector belongs to the model itself, not to a component inside it: the model is an interface compiled on its own, so the node is open on one side. Nothing forces its flow, which is why a structural matching reports an unmatched unknown here. Not a defect in the model""}",/data/mrumoca/eval/results_v3/ibpsa/runtime_free.jsonl
ibpsa,runtime-v3,IBPSA.Controls.OBC.CDL.Logical.VariablePulse.Cycle,0,simulation-failure,high,True,execution-not-completed,"{""failure_kind"": ""non-finite-value"", ""reason"": ""ce point(s)... \u001b[31m\u001b[0m simulation failed: non-finite (NaN) value computed for `t_sta` @ Span \u001b[31m\u2502\u001b[0m { source: SourceId(3665902071047447576), start: BytePos(3855), end: \u001b[31m\u2502\u001b[0m BytePos(3865) }"", ""raw"": ""reading /tmp/tmp73g95f1e/traced.rbc (bitcode v2, cbor) holding 2 free input(s) constant at their start values: go=0, u=0 Simulating IBPSA.Controls.OBC.CDL.Logical.VariablePulse.Cycle to t=1 with 6 trace point(s)... \u001b[31m\u001b[0m simulation failed: non-finite (NaN) value computed for `t_sta` @ Span \u001b[31m\u2502\u001b[0m { source: SourceId(3665902071047447576), start: BytePos(3855), end: \u001b[31m\u2502\u001b[0m BytePos(3865) }"", ""tool_side"": false}",/data/mrumoca/eval/results_v3/ibpsa/runtime_free.jsonl
ibpsa,runtime-v3,IBPSA.Controls.OBC.CDL.Psychrometrics.SpecificEnthalpy_TDryBulPhi,0,simulation-failure,high,True,execution-not-completed,"{""failure_kind"": ""non-finite-value"", ""reason"": ""ace point(s)... \u001b[31m\u001b[0m simulation failed: non-finite (NaN) value computed for `p_w` @ Span \u001b[31m\u2502\u001b[0m { source: SourceId(12282959941424821080), start: BytePos(1125), end: \u001b[31m\u2502\u001b[0m BytePos(1133) }"", ""raw"": ""reading /tmp/tmpyw6xxxpo/traced.rbc (bitcode v2, cbor) holding 2 free input(s) constant at their start values: TDryBul=0, phi=0 Simulating IBPSA.Controls.OBC.CDL.Psychrometrics.SpecificEnthalpy_TDryBulPhi to t=1 with 6 trace point(s)... \u001b[31m\u001b[0m simulation failed: non-finite (NaN) value computed for `p_w` @ Span \u001b[31m\u2502\u001b[0m { source: SourceId(12282959941424821080), start: BytePos(1125), end: \u001b[31m"", ""tool_side"": false}",/data/mrumoca/eval/results_v3/ibpsa/runtime_free.jsonl
ibpsa,runtime-v3,IBPSA.Controls.OBC.CDL.Psychrometrics.DewPoint_TDryBulPhi,0,simulation-failure,high,True,execution-not-completed,"{""failure_kind"": ""non-finite-value"", ""reason"": ""trace point(s)... \u001b[31m\u001b[0m simulation failed: non-finite (NaN) value computed for `p_w` @ Span \u001b[31m\u2502\u001b[0m { source: SourceId(11854579012065074187), start: BytePos(847), end: \u001b[31m\u2502\u001b[0m BytePos(855) }"", ""raw"": ""reading /tmp/tmpis_uftpf/traced.rbc (bitcode v2, cbor) holding 2 free input(s) constant at their start values: TDryBul=0, phi=0 Simulating IBPSA.Controls.OBC.CDL.Psychrometrics.DewPoint_TDryBulPhi to t=1 with 5 trace point(s)... \u001b[31m\u001b[0m simulation failed: non-finite (NaN) value computed for `p_w` @ Span \u001b[31m\u2502\u001b[0m { source: SourceId(11854579012065074187), start: BytePos(847), end: \u001b[31m\u2502\u001b[0m Byt"", ""tool_side"": false}",/data/mrumoca/eval/results_v3/ibpsa/runtime_free.jsonl
ibpsa,runtime-v3,IBPSA.Controls.OBC.CDL.Psychrometrics.Validation.SpecificEnthalpy_TDryBulPhi,0,network-boundary-port,low,False,standalone-topology-not-defect-proof,"{""node"": ""TDryBul -- hBulPhi -- phi"", ""boundary_connectors"": ""TDryBul, hBulPhi, phi"", ""wired_to"": ""nothing"", ""note"": ""this connector belongs to the model itself, not to a component inside it: the model is an interface compiled on its own, so the node is open on one side. Nothing forces its flow, which is why a structural matching reports an unmatched unknown here. Not a defect in the model""}",/data/mrumoca/eval/results_v3/ibpsa/runtime_free.jsonl
ibpsa,runtime-v3,IBPSA.Controls.OBC.CDL.Psychrometrics.Validation.SpecificEnthalpy_TDryBulPhi,1,above-max,medium,False,source-validation-input-range-review,"{""variable"": ""hBulPhi.phi"", ""bound"": ""max"", ""limit"": 1, ""value"": 1.001, ""excess"": 0.0009999999999998899, ""anchor_quality"": ""canonical""}",/data/mrumoca/eval/results_v3/ibpsa/runtime_free.jsonl
ibpsa,runtime-v3,IBPSA.Controls.OBC.CDL.Psychrometrics.Validation.DewPoint_TDryBulPhi,0,network-boundary-port,low,False,standalone-topology-not-defect-proof,"{""node"": ""TDryBul -- dewBulPhi -- phi"", ""boundary_connectors"": ""TDryBul, dewBulPhi, phi"", ""wired_to"": ""nothing"", ""note"": ""this connector belongs to the model itself, not to a component inside it: the model is an interface compiled on its own, so the node is open on one side. Nothing forces its flow, which is why a structural matching reports an unmatched unknown here. Not a defect in the model""}",/data/mrumoca/eval/results_v3/ibpsa/runtime_free.jsonl
ibpsa,runtime-v3,IBPSA.Controls.OBC.CDL.Psychrometrics.Validation.DewPoint_TDryBulPhi,1,network-boundary-port,low,False,standalone-topology-not-defect-proof,"{""node"": ""TDryBul2 -- dewBulPhi1 -- phi2"", ""boundary_connectors"": ""TDryBul2, dewBulPhi1, phi2"", ""wired_to"": ""nothing"", ""note"": ""this connector belongs to the model itself, not to a component inside it: the model is an interface compiled on its own, so the node is open on one side. Nothing forces its flow, which is why a structural matching reports an unmatched unknown here. Not a defect in the model""}",/data/mrumoca/eval/results_v3/ibpsa/runtime_free.jsonl
ibpsa,runtime-v3,IBPSA.Controls.OBC.CDL.Psychrometrics.Validation.DewPoint_TDryBulPhi,2,above-max,medium,False,source-validation-input-range-review,"{""variable"": ""dewBulPhi.phi"", ""bound"": ""max"", ""limit"": 1, ""value"": 1.001, ""excess"": 0.0009999999999998899, ""anchor_quality"": ""canonical""}",/data/mrumoca/eval/results_v3/ibpsa/runtime_free.jsonl
ibpsa,runtime-v3,IBPSA.Controls.OBC.CDL.Psychrometrics.Validation.WetBulb_TDryBulPhi,0,network-boundary-port,low,False,standalone-topology-not-defect-proof,"{""node"": ""TDryBul -- phi -- wetBulPhi"", ""boundary_connectors"": ""TDryBul, phi, wetBulPhi"", ""wired_to"": ""nothing"", ""note"": ""this connector belongs to the model itself, not to a component inside it: the model is an interface compiled on its own, so the node is open on one side. Nothing forces its flow, which is why a structural matching reports an unmatched unknown here. Not a defect in the model""}",/data/mrumoca/eval/results_v3/ibpsa/runtime_free.jsonl
ibpsa,runtime-v3,IBPSA.Controls.OBC.CDL.Psychrometrics.Validation.WetBulb_TDryBulPhi,1,network-boundary-port,low,False,standalone-topology-not-defect-proof,"{""node"": ""TDryBul1 -- phi2 -- wetBulPhi1"", ""boundary_connectors"": ""TDryBul1, phi2, wetBulPhi1"", ""wired_to"": ""nothing"", ""note"": ""this connector belongs to the model itself, not to a component inside it: the model is an interface compiled on its own, so the node is open on one side. Nothing forces its flow, which is why a structural matching reports an unmatched unknown here. Not a defect in the model""}",/data/mrumoca/eval/results_v3/ibpsa/runtime_free.jsonl
ibpsa,runtime-v3,IBPSA.Controls.OBC.CDL.Psychrometrics.WetBulb_TDryBulPhi,0,below-min,medium,True,hold-input-contract-validation,"{""variable"": ""TDryBul"", ""bound"": ""min"", ""limit"": 100, ""value"": 0.0, ""excess"": 100.0, ""anchor_quality"": ""canonical""}",/data/mrumoca/eval/results_v3/ibpsa/runtime_free.jsonl
ibpsa,runtime-v3,IBPSA.Controls.OBC.CDL.Reals.Divide,0,simulation-failure,high,True,execution-not-completed,"{""failure_kind"": ""non-finite-value"", ""reason"": ""to t=1 with 3 trace point(s)... \u001b[31m\u001b[0m simulation failed: non-finite (NaN) value computed for `y` @ Span { source: \u001b[31m\u2502\u001b[0m SourceId(5343732090297492980), start: BytePos(394), end: BytePos(440) }"", ""raw"": ""reading /tmp/tmp0hka6r8z/traced.rbc (bitcode v2, cbor) holding 2 free input(s) constant at their start values: u1=0, u2=0 Simulating IBPSA.Controls.OBC.CDL.Reals.Divide to t=1 with 3 trace point(s)... \u001b[31m\u001b[0m simulation failed: non-finite (NaN) value computed for `y` @ Span { source: \u001b[31m\u2502\u001b[0m SourceId(5343732090297492980), start: BytePos(394), end: BytePos(440) }"", ""tool_side"": false}",/data/mrumoca/eval/results_v3/ibpsa/runtime_free.jsonl
ibpsa,runtime-v3,IBPSA.Controls.OBC.CDL.Reals.Greater,0,network-boundary-port,low,True,hold-input-contract-validation,"{""node"": ""greNoHys -- u1 -- u2 -- y"", ""boundary_connectors"": ""greNoHys, u1, u2, y"", ""wired_to"": ""nothing"", ""note"": ""this connector belongs to the model itself, not to a component inside it: the model is an interface compiled on its own, so the node is open on one side. Nothing forces its flow, which is why a structural matching reports an unmatched unknown here. Not a defect in the model""}",/data/mrumoca/eval/results_v3/ibpsa/runtime_free.jsonl
ibpsa,runtime-v3,IBPSA.Controls.OBC.CDL.Reals.GreaterThreshold,0,network-boundary-port,low,True,hold-input-contract-validation,"{""node"": ""greNoHys -- u -- y"", ""boundary_connectors"": ""greNoHys, u, y"", ""wired_to"": ""nothing"", ""note"": ""this connector belongs to the model itself, not to a component inside it: the model is an interface compiled on its own, so the node is open on one side. Nothing forces its flow, which is why a structural matching reports an unmatched unknown here. Not a defect in the model""}",/data/mrumoca/eval/results_v3/ibpsa/runtime_free.jsonl
ibpsa,runtime-v3,IBPSA.Controls.OBC.CDL.Reals.Hysteresis,0,simulation-failure,high,True,execution-not-completed,"{""failure_kind"": ""unknown"", ""reason"": ""ntrols.OBC.CDL.Reals.Hysteresis to t=1 with 2 trace point(s)... \u001b[31m\u001b[0m simulation failed: Modelica assert failed at t=0.000000000: Hysteresis \u001b[31m\u2502\u001b[0m limits wrong. uHigh must be larger than uLow"", ""raw"": ""reading /tmp/tmp6aev_m18/traced.rbc (bitcode v2, cbor) holding 1 free input(s) constant at their start values: u=0 Simulating IBPSA.Controls.OBC.CDL.Reals.Hysteresis to t=1 with 2 trace point(s)... \u001b[31m\u001b[0m simulation failed: Modelica assert failed at t=0.000000000: Hysteresis \u001b[31m\u2502\u001b[0m limits wrong. uHigh must be larger than uLow"", ""tool_side"": false}",/data/mrumoca/eval/results_v3/ibpsa/runtime_free.jsonl
ibpsa,runtime-v3,IBPSA.Controls.OBC.CDL.Reals.Less,0,network-boundary-port,low,True,hold-input-contract-validation,"{""node"": ""lesNoHys -- u1 -- u2 -- y"", ""boundary_connectors"": ""lesNoHys, u1, u2, y"", ""wired_to"": ""nothing"", ""note"": ""this connector belongs to the model itself, not to a component inside it: the model is an interface compiled on its own, so the node is open on one side. Nothing forces its flow, which is why a structural matching reports an unmatched unknown here. Not a defect in the model""}",/data/mrumoca/eval/results_v3/ibpsa/runtime_free.jsonl
ibpsa,runtime-v3,IBPSA.Controls.OBC.CDL.Reals.LimitSlewRate,0,simulation-failure,high,True,execution-not-completed,"{""failure_kind"": ""non-finite-value"", ""reason"": "" simulation failed: solve-IR evaluation failed: non-finite (NaN) value \u001b[31m\u2502\u001b[0m computed for `thr` @ Span { source: SourceId(4489232040972775203), start: \u001b[31m\u2502\u001b[0m BytePos(933), end: BytePos(941) }"", ""raw"": ""reading /tmp/tmpoag2w3w0/traced.rbc (bitcode v2, cbor) holding 1 free input(s) constant at their start values: u=0 Simulating IBPSA.Controls.OBC.CDL.Reals.LimitSlewRate to t=1 with 3 trace point(s)... \u001b[31m\u001b[0m simulation failed: solve-IR evaluation failed: non-finite (NaN) value \u001b[31m\u2502\u001b[0m computed for `thr` @ Span { source: SourceId(4489232040972775203), start: \u001b[31m\u2502\u001b[0m BytePos(933), end: Byte"", ""tool_side"": false}",/data/mrumoca/eval/results_v3/ibpsa/runtime_free.jsonl
ibpsa,runtime-v3,IBPSA.Controls.OBC.CDL.Reals.LessThreshold,0,network-boundary-port,low,True,hold-input-contract-validation,"{""node"": ""lesNoHys -- u -- y"", ""boundary_connectors"": ""lesNoHys, u, y"", ""wired_to"": ""nothing"", ""note"": ""this connector belongs to the model itself, not to a component inside it: the model is an interface compiled on its own, so the node is open on one side. Nothing forces its flow, which is why a structural matching reports an unmatched unknown here. Not a defect in the model""}",/data/mrumoca/eval/results_v3/ibpsa/runtime_free.jsonl
ibpsa,runtime-v3,IBPSA.Controls.OBC.CDL.Reals.Line,0,simulation-failure,high,True,execution-not-completed,"{""failure_kind"": ""non-finite-value"", ""reason"": "" t=1 with 9 trace point(s)... \u001b[31m\u001b[0m simulation failed: non-finite (NaN) value computed for `b` @ Span { source: \u001b[31m\u2502\u001b[0m SourceId(4550252482226654293), start: BytePos(1418), end: BytePos(1424) }"", ""raw"": ""reading /tmp/tmpllhf5xkj/traced.rbc (bitcode v2, cbor) holding 5 free input(s) constant at their start values: x1=0, f1=0, x2=0, f2=0, u=0 Simulating IBPSA.Controls.OBC.CDL.Reals.Line to t=1 with 9 trace point(s)... \u001b[31m\u001b[0m simulation failed: non-finite (NaN) value computed for `b` @ Span { source: \u001b[31m\u2502\u001b[0m SourceId(4550252482226654293), start: BytePos(1418), end: BytePos(1424) }"", ""tool_side"": false}",/data/mrumoca/eval/results_v3/ibpsa/runtime_free.jsonl
ibpsa,runtime-v3,IBPSA.Controls.OBC.CDL.Reals.Limiter,0,simulation-failure,high,True,execution-not-completed,"{""failure_kind"": ""unknown"", ""reason"": "" IBPSA.Controls.OBC.CDL.Reals.Limiter to t=1 with 2 trace point(s)... \u001b[31m\u001b[0m simulation failed: Modelica assert failed at t=0.000000000: uMin must be \u001b[31m\u2502\u001b[0m smaller than uMax. Check parameters."", ""raw"": ""reading /tmp/tmphh8e49q5/traced.rbc (bitcode v2, cbor) holding 1 free input(s) constant at their start values: u=0 Simulating IBPSA.Controls.OBC.CDL.Reals.Limiter to t=1 with 2 trace point(s)... \u001b[31m\u001b[0m simulation failed: Modelica assert failed at t=0.000000000: uMin must be \u001b[31m\u2502\u001b[0m smaller than uMax. Check parameters."", ""tool_side"": false}",/data/mrumoca/eval/results_v3/ibpsa/runtime_free.jsonl
ibpsa,runtime-v3,IBPSA.Controls.OBC.CDL.Reals.Log,0,simulation-failure,high,True,execution-not-completed,"{""failure_kind"": ""non-finite-value"", ""reason"": ""o t=1 with 2 trace point(s)... \u001b[31m\u001b[0m simulation failed: non-finite (inf) value computed for `y` @ Span { source: \u001b[31m\u2502\u001b[0m SourceId(12245988280837979987), start: BytePos(281), end: BytePos(327) }"", ""raw"": ""reading /tmp/tmp_30wpinl/traced.rbc (bitcode v2, cbor) holding 1 free input(s) constant at their start values: u=0 Simulating IBPSA.Controls.OBC.CDL.Reals.Log to t=1 with 2 trace point(s)... \u001b[31m\u001b[0m simulation failed: non-finite (inf) value computed for `y` @ Span { source: \u001b[31m\u2502\u001b[0m SourceId(12245988280837979987), start: BytePos(281), end: BytePos(327) }"", ""tool_side"": false}",/data/mrumoca/eval/results_v3/ibpsa/runtime_free.jsonl
ibpsa,runtime-v3,IBPSA.Controls.OBC.CDL.Reals.Log10,0,simulation-failure,high,True,execution-not-completed,"{""failure_kind"": ""non-finite-value"", ""reason"": ""o t=1 with 2 trace point(s)... \u001b[31m\u001b[0m simulation failed: non-finite (inf) value computed for `y` @ Span { source: \u001b[31m\u2502\u001b[0m SourceId(14125673720932904124), start: BytePos(275), end: BytePos(321) }"", ""raw"": ""reading /tmp/tmpxpv9m1yg/traced.rbc (bitcode v2, cbor) holding 1 free input(s) constant at their start values: u=0 Simulating IBPSA.Controls.OBC.CDL.Reals.Log10 to t=1 with 2 trace point(s)... \u001b[31m\u001b[0m simulation failed: non-finite (inf) value computed for `y` @ Span { source: \u001b[31m\u2502\u001b[0m SourceId(14125673720932904124), start: BytePos(275), end: BytePos(321) }"", ""tool_side"": false}",/data/mrumoca/eval/results_v3/ibpsa/runtime_free.jsonl
ibpsa,runtime-v3,IBPSA.Controls.OBC.CDL.Reals.MultiMax,0,simulation-failure,high,False,execution-not-completed,"{""failure_kind"": ""unknown"", ""reason"": ""n failed: DAE system is not computable: continuous algebraic row 0 \u001b[31m\u2502\u001b[0m cannot resolve its derivative reads: DAE system is not computable: minimum \u001b[31m\u2502\u001b[0m and maximum require a nonempty array"", ""raw"": ""reading /tmp/tmp9zj2gmd5/traced.rbc (bitcode v2, cbor) Simulating IBPSA.Controls.OBC.CDL.Reals.MultiMax to t=1 with 1 trace point(s)... \u001b[31m\u001b[0m simulation failed: DAE system is not computable: continuous algebraic row 0 \u001b[31m\u2502\u001b[0m cannot resolve its derivative reads: DAE system is not computable: minimum \u001b[31m\u2502\u001b[0m and maximum require a nonempty array"", ""tool_side"": false}",/data/mrumoca/eval/results_v3/ibpsa/runtime_free.jsonl
ibpsa,runtime-v3,IBPSA.Controls.OBC.CDL.Reals.MultiMin,0,simulation-failure,high,False,execution-not-completed,"{""failure_kind"": ""unknown"", ""reason"": ""n failed: DAE system is not computable: continuous algebraic row 0 \u001b[31m\u2502\u001b[0m cannot resolve its derivative reads: DAE system is not computable: minimum \u001b[31m\u2502\u001b[0m and maximum require a nonempty array"", ""raw"": ""reading /tmp/tmp_lx496eh/traced.rbc (bitcode v2, cbor) Simulating IBPSA.Controls.OBC.CDL.Reals.MultiMin to t=1 with 1 trace point(s)... \u001b[31m\u001b[0m simulation failed: DAE system is not computable: continuous algebraic row 0 \u001b[31m\u2502\u001b[0m cannot resolve its derivative reads: DAE system is not computable: minimum \u001b[31m\u2502\u001b[0m and maximum require a nonempty array"", ""tool_side"": false}",/data/mrumoca/eval/results_v3/ibpsa/runtime_free.jsonl
ibpsa,runtime-v3,IBPSA.Controls.OBC.CDL.Reals.Ramp,0,simulation-failure,high,True,execution-not-completed,"{""failure_kind"": ""non-finite-value"", ""reason"": ""mulation failed: solve-IR evaluation failed: non-finite (NaN) value \u001b[31m\u2502\u001b[0m computed for `thr` @ Span { source: SourceId(12567339308192242787), start: \u001b[31m\u2502\u001b[0m BytePos(1119), end: BytePos(1127) }"", ""raw"": ""reading /tmp/tmpqjthu8cz/traced.rbc (bitcode v2, cbor) holding 2 free input(s) constant at their start values: u=0, active=0 Simulating IBPSA.Controls.OBC.CDL.Reals.Ramp to t=1 with 5 trace point(s)... \u001b[31m\u001b[0m simulation failed: solve-IR evaluation failed: non-finite (NaN) value \u001b[31m\u2502\u001b[0m computed for `thr` @ Span { source: SourceId(12567339308192242787), start: \u001b[31m\u2502\u001b[0m BytePos(1119), end: B"", ""tool_side"": false}",/data/mrumoca/eval/results_v3/ibpsa/runtime_free.jsonl
ibpsa,runtime-v3,IBPSA.Controls.OBC.CDL.Reals.Validation.AddParameter,0,network-boundary-port,low,False,standalone-topology-not-defect-proof,"{""node"": ""addPar -- ramp1"", ""boundary_connectors"": ""addPar, ramp1"", ""wired_to"": ""nothing"", ""note"": ""this connector belongs to the model itself, not to a component inside it: the model is an interface compiled on its own, so the node is open on one side. Nothing forces its flow, which is why a structural matching reports an unmatched unknown here. Not a defect in the model""}",/data/mrumoca/eval/results_v3/ibpsa/runtime_free.jsonl
ibpsa,runtime-v3,IBPSA.Controls.OBC.CDL.Reals.Validation.Asin,0,network-boundary-port,low,False,standalone-topology-not-defect-proof,"{""node"": ""arcSin -- ramp1"", ""boundary_connectors"": ""arcSin, ramp1"", ""wired_to"": ""nothing"", ""note"": ""this connector belongs to the model itself, not to a component inside it: the model is an interface compiled on its own, so the node is open on one side. Nothing forces its flow, which is why a structural matching reports an unmatched unknown here. Not a defect in the model""}",/data/mrumoca/eval/results_v3/ibpsa/runtime_free.jsonl
ibpsa,runtime-v3,IBPSA.Controls.OBC.CDL.Reals.Validation.Abs,0,network-boundary-port,low,False,standalone-topology-not-defect-proof,"{""node"": ""abs1 -- ramp"", ""boundary_connectors"": ""abs1, ramp"", ""wired_to"": ""nothing"", ""note"": ""this connector belongs to the model itself, not to a component inside it: the model is an interface compiled on its own, so the node is open on one side. Nothing forces its flow, which is why a structural matching reports an unmatched unknown here. Not a defect in the model""}",/data/mrumoca/eval/results_v3/ibpsa/runtime_free.jsonl
ibpsa,runtime-v3,IBPSA.Controls.OBC.CDL.Reals.Validation.Acos,0,network-boundary-port,low,False,standalone-topology-not-defect-proof,"{""node"": ""arcCos -- ramp1"", ""boundary_connectors"": ""arcCos, ramp1"", ""wired_to"": ""nothing"", ""note"": ""this connector belongs to the model itself, not to a component inside it: the model is an interface compiled on its own, so the node is open on one side. Nothing forces its flow, which is why a structural matching reports an unmatched unknown here. Not a defect in the model""}",/data/mrumoca/eval/results_v3/ibpsa/runtime_free.jsonl
ibpsa,runtime-v3,IBPSA.Controls.OBC.CDL.Reals.Validation.Add,0,network-boundary-port,low,False,standalone-topology-not-defect-proof,"{""node"": ""add1 -- ramp1 -- ramp2"", ""boundary_connectors"": ""add1, ramp1, ramp2"", ""wired_to"": ""nothing"", ""note"": ""this connector belongs to the model itself, not to a component inside it: the model is an interface compiled on its own, so the node is open on one side. Nothing forces its flow, which is why a structural matching reports an unmatched unknown here. Not a defect in the model""}",/data/mrumoca/eval/results_v3/ibpsa/runtime_free.jsonl
ibpsa,runtime-v3,IBPSA.Controls.OBC.CDL.Reals.Validation.Average,0,network-boundary-port,low,False,standalone-topology-not-defect-proof,"{""node"": ""avg1 -- ramp1 -- ramp2"", ""boundary_connectors"": ""avg1, ramp1, ramp2"", ""wired_to"": ""nothing"", ""note"": ""this connector belongs to the model itself, not to a component inside it: the model is an interface compiled on its own, so the node is open on one side. Nothing forces its flow, which is why a structural matching reports an unmatched unknown here. Not a defect in the model""}",/data/mrumoca/eval/results_v3/ibpsa/runtime_free.jsonl
ibpsa,runtime-v3,IBPSA.Controls.OBC.CDL.Reals.Validation.Atan,0,network-boundary-port,low,False,standalone-topology-not-defect-proof,"{""node"": ""atan1 -- ramp1"", ""boundary_connectors"": ""atan1, ramp1"", ""wired_to"": ""nothing"", ""note"": ""this connector belongs to the model itself, not to a component inside it: the model is an interface compiled on its own, so the node is open on one side. Nothing forces its flow, which is why a structural matching reports an unmatched unknown here. Not a defect in the model""}",/data/mrumoca/eval/results_v3/ibpsa/runtime_free.jsonl
ibpsa,runtime-v3,IBPSA.Controls.OBC.CDL.Reals.Validation.Atan2,0,network-boundary-port,low,False,standalone-topology-not-defect-proof,"{""node"": ""atan2_1 -- ramp1 -- ramp2"", ""boundary_connectors"": ""atan2_1, ramp1, ramp2"", ""wired_to"": ""nothing"", ""note"": ""this connector belongs to the model itself, not to a component inside it: the model is an interface compiled on its own, so the node is open on one side. Nothing forces its flow, which is why a structural matching reports an unmatched unknown here. Not a defect in the model""}",/data/mrumoca/eval/results_v3/ibpsa/runtime_free.jsonl
ibpsa,runtime-v3,IBPSA.Controls.OBC.CDL.Reals.Validation.Divide,0,network-boundary-port,low,False,standalone-topology-not-defect-proof,"{""node"": ""div1 -- ramp1 -- ramp2"", ""boundary_connectors"": ""div1, ramp1, ramp2"", ""wired_to"": ""nothing"", ""note"": ""this connector belongs to the model itself, not to a component inside it: the model is an interface compiled on its own, so the node is open on one side. Nothing forces its flow, which is why a structural matching reports an unmatched unknown here. Not a defect in the model""}",/data/mrumoca/eval/results_v3/ibpsa/runtime_free.jsonl
ibpsa,runtime-v3,IBPSA.Controls.OBC.CDL.Reals.Validation.Cos,0,network-boundary-port,low,False,standalone-topology-not-defect-proof,"{""node"": ""cos1 -- ramp1"", ""boundary_connectors"": ""cos1, ramp1"", ""wired_to"": ""nothing"", ""note"": ""this connector belongs to the model itself, not to a component inside it: the model is an interface compiled on its own, so the node is open on one side. Nothing forces its flow, which is why a structural matching reports an unmatched unknown here. Not a defect in the model""}",/data/mrumoca/eval/results_v3/ibpsa/runtime_free.jsonl
ibpsa,runtime-v3,IBPSA.Controls.OBC.CDL.Reals.Validation.Exp,0,network-boundary-port,low,False,standalone-topology-not-defect-proof,"{""node"": ""Exp1 -- ramp1"", ""boundary_connectors"": ""Exp1, ramp1"", ""wired_to"": ""nothing"", ""note"": ""this connector belongs to the model itself, not to a component inside it: the model is an interface compiled on its own, so the node is open on one side. Nothing forces its flow, which is why a structural matching reports an unmatched unknown here. Not a defect in the model""}",/data/mrumoca/eval/results_v3/ibpsa/runtime_free.jsonl
ibpsa,runtime-v3,IBPSA.Controls.OBC.CDL.Reals.Validation.Greater,0,network-boundary-port,low,False,standalone-topology-not-defect-proof,"{""node"": ""gre -- gre.greNoHys -- greHys -- greHys.greHys -- ram1 -- sin"", ""boundary_connectors"": ""gre, greHys, ram1, sin"", ""wired_to"": ""gre.greNoHys, greHys.greHys"", ""note"": ""this connector belongs to the model itself, not to a component inside it: the model is an interface compiled on its own, so the node is open on one side. Nothing forces its flow, which is why a structural matching reports an unmatched unknown here. Not a defect in the model""}",/data/mrumoca/eval/results_v3/ibpsa/runtime_free.jsonl
ibpsa,runtime-v3,IBPSA.Controls.OBC.CDL.Reals.Validation.Derivative,0,network-boundary-port,low,False,standalone-topology-not-defect-proof,"{""node"": ""T -- abs -- assMes -- booSig -- con -- con2 -- cos -- der1 -- der2 -- gai -- intWitRes -- lesThr -- lesThr.lesHys -- modTim -- ram -- sub"", ""boundary_connectors"": ""T, abs, assMes, booSig, con, con2, cos, der1, der2, gai, intWitRes, lesThr, modTim, ram, sub"", ""wired_to"": ""lesThr.lesHys"", ""note"": ""this connector belongs to the model itself, not to a component inside it: the model is an interface compiled on its own, so the node is open on one side. Nothing forces its flow, which is why a structural matching reports an unmatched unknown here. Not a defect in the model""}",/data/mrumoca/eval/results_v3/ibpsa/runtime_free.jsonl
ibpsa,runtime-v3,IBPSA.Controls.OBC.CDL.Reals.Validation.GreaterThreshold,0,network-boundary-port,low,False,standalone-topology-not-defect-proof,"{""node"": ""gre -- gre.greNoHys -- greHys -- greHys.greHys -- sin"", ""boundary_connectors"": ""gre, greHys, sin"", ""wired_to"": ""gre.greNoHys, greHys.greHys"", ""note"": ""this connector belongs to the model itself, not to a component inside it: the model is an interface compiled on its own, so the node is open on one side. Nothing forces its flow, which is why a structural matching reports an unmatched unknown here. Not a defect in the model""}",/data/mrumoca/eval/results_v3/ibpsa/runtime_free.jsonl
ibpsa,runtime-v3,IBPSA.Controls.OBC.CDL.Reals.Validation.LessThreshold,0,network-boundary-port,low,False,standalone-topology-not-defect-proof,"{""node"": ""les -- les.lesNoHys -- lesHys -- lesHys.lesHys -- sin"", ""boundary_connectors"": ""les, lesHys, sin"", ""wired_to"": ""les.lesNoHys, lesHys.lesHys"", ""note"": ""this connector belongs to the model itself, not to a component inside it: the model is an interface compiled on its own, so the node is open on one side. Nothing forces its flow, which is why a structural matching reports an unmatched unknown here. Not a defect in the model""}",/data/mrumoca/eval/results_v3/ibpsa/runtime_free.jsonl
ibpsa,runtime-v3,IBPSA.Controls.OBC.CDL.Reals.Validation.Less,0,network-boundary-port,low,False,standalone-topology-not-defect-proof,"{""node"": ""les -- les.lesNoHys -- lesHys -- lesHys.lesHys -- ram1 -- sin"", ""boundary_connectors"": ""les, lesHys, ram1, sin"", ""wired_to"": ""les.lesNoHys, lesHys.lesHys"", ""note"": ""this connector belongs to the model itself, not to a component inside it: the model is an interface compiled on its own, so the node is open on one side. Nothing forces its flow, which is why a structural matching reports an unmatched unknown here. Not a defect in the model""}",/data/mrumoca/eval/results_v3/ibpsa/runtime_free.jsonl
ibpsa,runtime-v3,IBPSA.Controls.OBC.CDL.Reals.Validation.Hysteresis,0,network-boundary-port,low,False,standalone-topology-not-defect-proof,"{""node"": ""gain1 -- hysteresis -- ramp1 -- sin1"", ""boundary_connectors"": ""gain1, hysteresis, ramp1, sin1"", ""wired_to"": ""nothing"", ""note"": ""this connector belongs to the model itself, not to a component inside it: the model is an interface compiled on its own, so the node is open on one side. Nothing forces its flow, which is why a structural matching reports an unmatched unknown here. Not a defect in the model""}",/data/mrumoca/eval/results_v3/ibpsa/runtime_free.jsonl
ibpsa,runtime-v3,IBPSA.Controls.OBC.CDL.Reals.Validation.Hysteresis,1,network-boundary-port,low,False,standalone-topology-not-defect-proof,"{""node"": ""hysteresis1 -- sin"", ""boundary_connectors"": ""hysteresis1, sin"", ""wired_to"": ""nothing"", ""note"": ""this connector belongs to the model itself, not to a component inside it: the model is an interface compiled on its own, so the node is open on one side. Nothing forces its flow, which is why a structural matching reports an unmatched unknown here. Not a defect in the model""}",/data/mrumoca/eval/results_v3/ibpsa/runtime_free.jsonl
ibpsa,runtime-v3,IBPSA.Controls.OBC.CDL.Reals.Validation.Hysteresis,2,network-boundary-port,low,False,standalone-topology-not-defect-proof,"{""node"": ""hysteresis2 -- sin2"", ""boundary_connectors"": ""hysteresis2, sin2"", ""wired_to"": ""nothing"", ""note"": ""this connector belongs to the model itself, not to a component inside it: the model is an interface compiled on its own, so the node is open on one side. Nothing forces its flow, which is why a structural matching reports an unmatched unknown here. Not a defect in the model""}",/data/mrumoca/eval/results_v3/ibpsa/runtime_free.jsonl
ibpsa,runtime-v3,IBPSA.Controls.OBC.CDL.Reals.Validation.Log,0,network-boundary-port,low,False,standalone-topology-not-defect-proof,"{""node"": ""log1 -- ramp1"", ""boundary_connectors"": ""log1, ramp1"", ""wired_to"": ""nothing"", ""note"": ""this connector belongs to the model itself, not to a component inside it: the model is an interface compiled on its own, so the node is open on one side. Nothing forces its flow, which is why a structural matching reports an unmatched unknown here. Not a defect in the model""}",/data/mrumoca/eval/results_v3/ibpsa/runtime_free.jsonl
ibpsa,runtime-v3,IBPSA.Controls.OBC.CDL.Reals.Validation.Line,0,network-boundary-port,low,False,standalone-topology-not-defect-proof,"{""node"": ""f1 -- f2 -- line1 -- line2 -- line3 -- ramp1 -- x1 -- x2"", ""boundary_connectors"": ""f1, f2, line1, line2, line3, ramp1, x1, x2"", ""wired_to"": ""nothing"", ""note"": ""this connector belongs to the model itself, not to a component inside it: the model is an interface compiled on its own, so the node is open on one side. Nothing forces its flow, which is why a structural matching reports an unmatched unknown here. Not a defect in the model""}",/data/mrumoca/eval/results_v3/ibpsa/runtime_free.jsonl
ibpsa,runtime-v3,IBPSA.Controls.OBC.CDL.Reals.Validation.Limiter,0,network-boundary-port,low,False,standalone-topology-not-defect-proof,"{""node"": ""limiter1 -- ramp1"", ""boundary_connectors"": ""limiter1, ramp1"", ""wired_to"": ""nothing"", ""note"": ""this connector belongs to the model itself, not to a component inside it: the model is an interface compiled on its own, so the node is open on one side. Nothing forces its flow, which is why a structural matching reports an unmatched unknown here. Not a defect in the model""}",/data/mrumoca/eval/results_v3/ibpsa/runtime_free.jsonl
ibpsa,runtime-v3,IBPSA.Controls.OBC.CDL.Reals.Validation.Log10,0,network-boundary-port,low,False,standalone-topology-not-defect-proof,"{""node"": ""log10_1 -- ramp1"", ""boundary_connectors"": ""log10_1, ramp1"", ""wired_to"": ""nothing"", ""note"": ""this connector belongs to the model itself, not to a component inside it: the model is an interface compiled on its own, so the node is open on one side. Nothing forces its flow, which is why a structural matching reports an unmatched unknown here. Not a defect in the model""}",/data/mrumoca/eval/results_v3/ibpsa/runtime_free.jsonl
ibpsa,runtime-v3,IBPSA.Controls.OBC.CDL.Reals.Validation.LimitSlewRate,0,network-boundary-port,low,False,standalone-topology-not-defect-proof,"{""node"": ""add -- add1 -- add2 -- add3 -- add4 -- add5 -- add6 -- ramp1 -- ramp2 -- ramp3 -- ramp4 -- ramp5 -- ramp6 -- ramp7 -- ramp8 -- sleRatLim"", ""boundary_connectors"": ""add, add1, add2, add3, add4, add5, add6, ramp1, ramp2, ramp3, ramp4, ramp5, ramp6, ramp7, ramp8, sleRatLim"", ""wired_to"": ""nothing"", ""note"": ""this connector belongs to the model itself, not to a component inside it: the model is an interface compiled on its own, so the node is open on one side. Nothing forces its flow, which is why a structural matching reports an unmatched unknown here. Not a defect in the model""}",/data/mrumoca/eval/results_v3/ibpsa/runtime_free.jsonl
ibpsa,runtime-v3,IBPSA.Controls.OBC.CDL.Reals.Validation.MatrixGain,0,network-boundary-port,low,False,standalone-topology-not-defect-proof,"{""node"": ""matGai -- ramp"", ""boundary_connectors"": ""matGai, ramp"", ""wired_to"": ""nothing"", ""note"": ""this connector belongs to the model itself, not to a component inside it: the model is an interface compiled on its own, so the node is open on one side. Nothing forces its flow, which is why a structural matching reports an unmatched unknown here. Not a defect in the model""}",/data/mrumoca/eval/results_v3/ibpsa/runtime_free.jsonl
ibpsa,runtime-v3,IBPSA.Controls.OBC.CDL.Reals.Validation.MatrixGain,1,network-boundary-port,low,False,standalone-topology-not-defect-proof,"{""node"": ""matGai1 -- ramp1 -- ramp2"", ""boundary_connectors"": ""matGai1, ramp1, ramp2"", ""wired_to"": ""nothing"", ""note"": ""this connector belongs to the model itself, not to a component inside it: the model is an interface compiled on its own, so the node is open on one side. Nothing forces its flow, which is why a structural matching reports an unmatched unknown here. Not a defect in the model""}",/data/mrumoca/eval/results_v3/ibpsa/runtime_free.jsonl
ibpsa,runtime-v3,IBPSA.Controls.OBC.CDL.Reals.Validation.MultiMax,0,network-boundary-port,low,False,standalone-topology-not-defect-proof,"{""node"": ""con[1] -- con[2] -- con[3] -- con[4] -- con[5] -- maxVal"", ""boundary_connectors"": ""con[1], con[2], con[3], con[4], con[5], maxVal"", ""wired_to"": ""nothing"", ""note"": ""this connector belongs to the model itself, not to a component inside it: the model is an interface compiled on its own, so the node is open on one side. Nothing forces its flow, which is why a structural matching reports an unmatched unknown here. Not a defect in the model""}",/data/mrumoca/eval/results_v3/ibpsa/runtime_free.jsonl
ibpsa,runtime-v3,IBPSA.Controls.OBC.CDL.Reals.Validation.MatrixMax,0,network-boundary-port,low,False,standalone-topology-not-defect-proof,"{""node"": ""con1[1,1] -- con1[1,2] -- con1[1,3] -- con1[2,1] -- con1[2,2] -- con1[2,3] -- matMax1"", ""boundary_connectors"": ""con1[1,1], con1[1,2], con1[1,3], con1[2,1], con1[2,2], con1[2,3], matMax1"", ""wired_to"": ""nothing"", ""note"": ""this connector belongs to the model itself, not to a component inside it: the model is an interface compiled on its own, so the node is open on one side. Nothing forces its flow, which is why a structural matching reports an unmatched unknown here. Not a defect in the model""}",/data/mrumoca/eval/results_v3/ibpsa/runtime_free.jsonl
ibpsa,runtime-v3,IBPSA.Controls.OBC.CDL.Reals.Validation.MatrixMax,1,network-boundary-port,low,False,standalone-topology-not-defect-proof,"{""node"": ""con2[1,1] -- con2[1,2] -- con2[1,3] -- con2[2,1] -- con2[2,2] -- con2[2,3] -- matMax2"", ""boundary_connectors"": ""con2[1,1], con2[1,2], con2[1,3], con2[2,1], con2[2,2], con2[2,3], matMax2"", ""wired_to"": ""nothing"", ""note"": ""this connector belongs to the model itself, not to a component inside it: the model is an interface compiled on its own, so the node is open on one side. Nothing forces its flow, which is why a structural matching reports an unmatched unknown here. Not a defect in the model""}",/data/mrumoca/eval/results_v3/ibpsa/runtime_free.jsonl
ibpsa,runtime-v3,IBPSA.Controls.OBC.CDL.Reals.Validation.MatrixMax,2,network-boundary-port,low,False,standalone-topology-not-defect-proof,"{""node"": ""con[1,1] -- con[1,2] -- con[1,3] -- con[2,1] -- con[2,2] -- con[2,3] -- con[3,1] -- con[3,2] -- con[3,3] -- matMax"", ""boundary_connectors"": ""con[1,1], con[1,2], con[1,3], con[2,1], con[2,2], con[2,3], con[3,1], con[3,2], con[3,3], matMax"", ""wired_to"": ""nothing"", ""note"": ""this connector belongs to the model itself, not to a component inside it: the model is an interface compiled on its own, so the node is open on one side. Nothing forces its flow, which is why a structural matching reports an unmatched unknown here. Not a defect in the model""}",/data/mrumoca/eval/results_v3/ibpsa/runtime_free.jsonl
ibpsa,runtime-v3,IBPSA.Controls.OBC.CDL.Reals.Validation.Max,0,network-boundary-port,low,False,standalone-topology-not-defect-proof,"{""node"": ""max1 -- ramp1 -- ramp2"", ""boundary_connectors"": ""max1, ramp1, ramp2"", ""wired_to"": ""nothing"", ""note"": ""this connector belongs to the model itself, not to a component inside it: the model is an interface compiled on its own, so the node is open on one side. Nothing forces its flow, which is why a structural matching reports an unmatched unknown here. Not a defect in the model""}",/data/mrumoca/eval/results_v3/ibpsa/runtime_free.jsonl
ibpsa,runtime-v3,IBPSA.Controls.OBC.CDL.Reals.Validation.Min,0,network-boundary-port,low,False,standalone-topology-not-defect-proof,"{""node"": ""min1 -- ramp1 -- ramp2"", ""boundary_connectors"": ""min1, ramp1, ramp2"", ""wired_to"": ""nothing"", ""note"": ""this connector belongs to the model itself, not to a component inside it: the model is an interface compiled on its own, so the node is open on one side. Nothing forces its flow, which is why a structural matching reports an unmatched unknown here. Not a defect in the model""}",/data/mrumoca/eval/results_v3/ibpsa/runtime_free.jsonl
ibpsa,runtime-v3,IBPSA.Controls.OBC.CDL.Reals.Validation.MatrixMin,0,network-boundary-port,low,False,standalone-topology-not-defect-proof,"{""node"": ""con1[1,1] -- con1[1,2] -- con1[1,3] -- con1[2,1] -- con1[2,2] -- con1[2,3] -- matMin1"", ""boundary_connectors"": ""con1[1,1], con1[1,2], con1[1,3], con1[2,1], con1[2,2], con1[2,3], matMin1"", ""wired_to"": ""nothing"", ""note"": ""this connector belongs to the model itself, not to a component inside it: the model is an interface compiled on its own, so the node is open on one side. Nothing forces its flow, which is why a structural matching reports an unmatched unknown here. Not a defect in the model""}",/data/mrumoca/eval/results_v3/ibpsa/runtime_free.jsonl
ibpsa,runtime-v3,IBPSA.Controls.OBC.CDL.Reals.Validation.MatrixMin,1,network-boundary-port,low,False,standalone-topology-not-defect-proof,"{""node"": ""con2[1,1] -- con2[1,2] -- con2[1,3] -- con2[2,1] -- con2[2,2] -- con2[2,3] -- matMin2"", ""boundary_connectors"": ""con2[1,1], con2[1,2], con2[1,3], con2[2,1], con2[2,2], con2[2,3], matMin2"", ""wired_to"": ""nothing"", ""note"": ""this connector belongs to the model itself, not to a component inside it: the model is an interface compiled on its own, so the node is open on one side. Nothing forces its flow, which is why a structural matching reports an unmatched unknown here. Not a defect in the model""}",/data/mrumoca/eval/results_v3/ibpsa/runtime_free.jsonl
ibpsa,runtime-v3,IBPSA.Controls.OBC.CDL.Reals.Validation.MatrixMin,2,network-boundary-port,low,False,standalone-topology-not-defect-proof,"{""node"": ""con[1,1] -- con[1,2] -- con[1,3] -- con[2,1] -- con[2,2] -- con[2,3] -- con[3,1] -- con[3,2] -- con[3,3] -- matMin"", ""boundary_connectors"": ""con[1,1], con[1,2], con[1,3], con[2,1], con[2,2], con[2,3], con[3,1], con[3,2], con[3,3], matMin"", ""wired_to"": ""nothing"", ""note"": ""this connector belongs to the model itself, not to a component inside it: the model is an interface compiled on its own, so the node is open on one side. Nothing forces its flow, which is why a structural matching reports an unmatched unknown here. Not a defect in the model""}",/data/mrumoca/eval/results_v3/ibpsa/runtime_free.jsonl
ibpsa,runtime-v3,IBPSA.Controls.OBC.CDL.Reals.Validation.MultiMin,0,network-boundary-port,low,False,standalone-topology-not-defect-proof,"{""node"": ""con[1] -- con[2] -- con[3] -- con[4] -- con[5] -- minVal"", ""boundary_connectors"": ""con[1], con[2], con[3], con[4], con[5], minVal"", ""wired_to"": ""nothing"", ""note"": ""this connector belongs to the model itself, not to a component inside it: the model is an interface compiled on its own, so the node is open on one side. Nothing forces its flow, which is why a structural matching reports an unmatched unknown here. Not a defect in the model""}",/data/mrumoca/eval/results_v3/ibpsa/runtime_free.jsonl
ibpsa,runtime-v3,IBPSA.Controls.OBC.CDL.Reals.Validation.Multiply,0,network-boundary-port,low,False,standalone-topology-not-defect-proof,"{""node"": ""product1 -- ramp1 -- ramp2"", ""boundary_connectors"": ""product1, ramp1, ramp2"", ""wired_to"": ""nothing"", ""note"": ""this connector belongs to the model itself, not to a component inside it: the model is an interface compiled on its own, so the node is open on one side. Nothing forces its flow, which is why a structural matching reports an unmatched unknown here. Not a defect in the model""}",/data/mrumoca/eval/results_v3/ibpsa/runtime_free.jsonl
ibpsa,runtime-v3,IBPSA.Controls.OBC.CDL.Reals.Validation.MultiplyByParameter,0,network-boundary-port,low,False,standalone-topology-not-defect-proof,"{""node"": ""gain1 -- ramp1"", ""boundary_connectors"": ""gain1, ramp1"", ""wired_to"": ""nothing"", ""note"": ""this connector belongs to the model itself, not to a component inside it: the model is an interface compiled on its own, so the node is open on one side. Nothing forces its flow, which is why a structural matching reports an unmatched unknown here. Not a defect in the model""}",/data/mrumoca/eval/results_v3/ibpsa/runtime_free.jsonl
ibpsa,runtime-v3,IBPSA.Controls.OBC.CDL.Reals.Validation.Round,0,network-boundary-port,low,False,standalone-topology-not-defect-proof,"{""node"": ""gai -- gai1 -- ramp1 -- round1 -- round2 -- round3"", ""boundary_connectors"": ""gai, gai1, ramp1, round1, round2, round3"", ""wired_to"": ""nothing"", ""note"": ""this connector belongs to the model itself, not to a component inside it: the model is an interface compiled on its own, so the node is open on one side. Nothing forces its flow, which is why a structural matching reports an unmatched unknown here. Not a defect in the model""}",/data/mrumoca/eval/results_v3/ibpsa/runtime_free.jsonl
ibpsa,runtime-v3,IBPSA.Controls.OBC.CDL.Reals.Validation.MultiSum,0,network-boundary-port,low,False,standalone-topology-not-defect-proof,"{""node"": ""mulSum_1 -- mulSum_2 -- mulSum_3 -- mulSum_5 -- ramp1 -- ramp2 -- ramp3 -- ramp4 -- ramp5"", ""boundary_connectors"": ""mulSum_1, mulSum_2, mulSum_3, mulSum_5, ramp1, ramp2, ramp3, ramp4, ramp5"", ""wired_to"": ""nothing"", ""note"": ""this connector belongs to the model itself, not to a component inside it: the model is an interface compiled on its own, so the node is open on one side. Nothing forces its flow, which is why a structural matching reports an unmatched unknown here. Not a defect in the model""}",/data/mrumoca/eval/results_v3/ibpsa/runtime_free.jsonl
ibpsa,runtime-v3,IBPSA.Controls.OBC.CDL.Reals.Validation.Sin,0,network-boundary-port,low,False,standalone-topology-not-defect-proof,"{""node"": ""ramp1 -- sin1"", ""boundary_connectors"": ""ramp1, sin1"", ""wired_to"": ""nothing"", ""note"": ""this connector belongs to the model itself, not to a component inside it: the model is an interface compiled on its own, so the node is open on one side. Nothing forces its flow, which is why a structural matching reports an unmatched unknown here. Not a defect in the model""}",/data/mrumoca/eval/results_v3/ibpsa/runtime_free.jsonl
ibpsa,runtime-v3,IBPSA.Controls.OBC.CDL.Reals.Validation.Sqrt,0,network-boundary-port,low,False,standalone-topology-not-defect-proof,"{""node"": ""ramp1 -- sqrt1"", ""boundary_connectors"": ""ramp1, sqrt1"", ""wired_to"": ""nothing"", ""note"": ""this connector belongs to the model itself, not to a component inside it: the model is an interface compiled on its own, so the node is open on one side. Nothing forces its flow, which is why a structural matching reports an unmatched unknown here. Not a defect in the model""}",/data/mrumoca/eval/results_v3/ibpsa/runtime_free.jsonl
ibpsa,runtime-v3,IBPSA.Controls.OBC.CDL.Reals.Validation.Subtract,0,network-boundary-port,low,False,standalone-topology-not-defect-proof,"{""node"": ""ramp1 -- ramp2 -- sub"", ""boundary_connectors"": ""ramp1, ramp2, sub"", ""wired_to"": ""nothing"", ""note"": ""this connector belongs to the model itself, not to a component inside it: the model is an interface compiled on its own, so the node is open on one side. Nothing forces its flow, which is why a structural matching reports an unmatched unknown here. Not a defect in the model""}",/data/mrumoca/eval/results_v3/ibpsa/runtime_free.jsonl
ibpsa,runtime-v3,IBPSA.Controls.OBC.CDL.Reals.Validation.Tan,0,network-boundary-port,low,False,standalone-topology-not-defect-proof,"{""node"": ""ramp1 -- tan1"", ""boundary_connectors"": ""ramp1, tan1"", ""wired_to"": ""nothing"", ""note"": ""this connector belongs to the model itself, not to a component inside it: the model is an interface compiled on its own, so the node is open on one side. Nothing forces its flow, which is why a structural matching reports an unmatched unknown here. Not a defect in the model""}",/data/mrumoca/eval/results_v3/ibpsa/runtime_free.jsonl
ibpsa,runtime-v3,IBPSA.Controls.OBC.CDL.Utilities.Assert,0,simulation-failure,high,True,execution-not-completed,"{""failure_kind"": ""unknown"", ""reason"": ""ulating IBPSA.Controls.OBC.CDL.Utilities.Assert to t=1 with 1 trace point(s)... \u001b[31m\u001b[0m simulation failed: unsupported checked DAE semantics: event message String \u001b[31m\u2502\u001b[0m parameter has no binding"", ""raw"": ""reading /tmp/tmpk450r_48/traced.rbc (bitcode v2, cbor) holding 1 free input(s) constant at their start values: u=0 Simulating IBPSA.Controls.OBC.CDL.Utilities.Assert to t=1 with 1 trace point(s)... \u001b[31m\u001b[0m simulation failed: unsupported checked DAE semantics: event message String \u001b[31m\u2502\u001b[0m parameter has no binding"", ""tool_side"": false}",/data/mrumoca/eval/results_v3/ibpsa/runtime_free.jsonl
ibpsa,runtime-v3,IBPSA.Controls.OBC.CDL.Routing.Validation.RealScalarReplicator,0,network-boundary-port,low,False,standalone-topology-not-defect-proof,"{""node"": ""ram -- reaRep"", ""boundary_connectors"": ""ram, reaRep"", ""wired_to"": ""nothing"", ""note"": ""this connector belongs to the model itself, not to a component inside it: the model is an interface compiled on its own, so the node is open on one side. Nothing forces its flow, which is why a structural matching reports an unmatched unknown here. Not a defect in the model""}",/data/mrumoca/eval/results_v3/ibpsa/runtime_free.jsonl
ibpsa,runtime-v3,IBPSA.Controls.OBC.CDL.Routing.Validation.IntegerScalarReplicator,0,network-boundary-port,low,False,standalone-topology-not-defect-proof,"{""node"": ""intRep -- ram -- reaToInt"", ""boundary_connectors"": ""intRep, ram, reaToInt"", ""wired_to"": ""nothing"", ""note"": ""this connector belongs to the model itself, not to a component inside it: the model is an interface compiled on its own, so the node is open on one side. Nothing forces its flow, which is why a structural matching reports an unmatched unknown here. Not a defect in the model""}",/data/mrumoca/eval/results_v3/ibpsa/runtime_free.jsonl
ibpsa,runtime-v3,IBPSA.Controls.OBC.Utilities.SetPoints.SupplyReturnTemperatureReset,0,network-boundary-port,low,True,hold-input-contract-validation,"{""node"": ""TAve -- TFluAve_nominal -- TOut -- TOutOffSet -- TOutOffSet_nominal -- TOut_nom -- TRet -- TRetCur -- TRet_nom -- TSetZon -- TSup -- TSupCur -- TSup_nom -- TZon_nom -- dTFlu -- dTFlu2_nom -- dTFluAve_nominal -- dTOutHeaBal_nominal -- dTQ -- expM -- gai -- log1 -- mInv -- one -- pro -- qRaiInvM -- qRel -- qRel0 -- qRelDen -- qRelNum -- zer"", ""boundary_connectors"": ""TAve, TFluAve_nominal, TOut, TOutOffSet, TOutOffSet_nominal, TOut_nom, TRet, TRetCur, TRet_nom, TSetZon, TSup, TSupCur, TSup_nom, TZon_nom, dTFlu, dTFlu2_nom, dTFluAve_nominal, dTOutHeaBal_nominal, dTQ, expM, gai, log1, mInv, one, pro, qRaiInvM, qRel, qRel0, qRelDen, qRelNum, zer"", ""wired_to"": ""nothing"", ""note"": ""this connector belongs to the model itself, not to a component inside it: the model is an interface compiled on its own, so the node is open on one side. Nothing forces its flow, which is why a structural matching reports an unmatched unknown here. Not a defect in the model""}",/data/mrumoca/eval/results_v3/ibpsa/runtime_free.jsonl
ibpsa,runtime-v3,IBPSA.Controls.OBC.Utilities.SetPoints.SupplyReturnTemperatureReset,1,physical-invariant-violated,high,True,hold-input-contract-validation,"{""domain"": ""thermal"", ""rule"": ""thermal.temperature.above_absolute_zero"", ""rule_origin"": ""absolute temperature cannot be negative; below 0 K the thermal equations lose physical meaning"", ""rule_reference"": ""MLS Modelica.Units.SI.ThermodynamicTemperature"", ""matched_by"": {""quantity"": ""ThermodynamicTemperature"", ""unit"": ""K"", ""connector_role"": ""potential"", ""confidence"": ""QUANTITY_AND_UNIT"", ""premise_state"": ""unknown"", ""authority"": ""quantity_or_unit"", ""canonical_declaration"": ""IBPSA.Controls.OBC.Utilities.SetPoints.SupplyReturnTemperatureReset.TSup""}, ""observed"": -3.499556225185917e-75, ""required"": ""TSup >= 0"", ""excess"": 3.499556225185917e-75, ""where"": ""runtime""}",/data/mrumoca/eval/results_v3/ibpsa/runtime_free.jsonl
ibpsa,runtime-v3,IBPSA.Controls.OBC.Utilities.SetPoints.SupplyReturnTemperatureReset,2,physical-invariant-violated,high,True,hold-input-contract-validation,"{""domain"": ""thermal"", ""rule"": ""thermal.temperature.above_absolute_zero"", ""rule_origin"": ""absolute temperature cannot be negative; below 0 K the thermal equations lose physical meaning"", ""rule_reference"": ""MLS Modelica.Units.SI.ThermodynamicTemperature"", ""matched_by"": {""quantity"": ""ThermodynamicTemperature"", ""unit"": ""K"", ""connector_role"": ""potential"", ""confidence"": ""QUANTITY_AND_UNIT"", ""premise_state"": ""unknown"", ""authority"": ""quantity_or_unit"", ""canonical_declaration"": ""IBPSA.Controls.OBC.Utilities.SetPoints.SupplyReturnTemperatureReset.TRet""}, ""observed"": -3.499556225185917e-75, ""required"": ""TRet >= 0"", ""excess"": 3.499556225185917e-75, ""where"": ""runtime""}",/data/mrumoca/eval/results_v3/ibpsa/runtime_free.jsonl
ibpsa,runtime-v3,IBPSA.Controls.OBC.Utilities.SetPoints.SupplyReturnTemperatureReset,3,below-min,medium,True,hold-input-contract-validation,"{""variable"": ""TSetZon"", ""bound"": ""min"", ""limit"": 200, ""value"": 0.0, ""excess"": 200.0, ""anchor_quality"": ""canonical""}",/data/mrumoca/eval/results_v3/ibpsa/runtime_free.jsonl
ibpsa,runtime-v3,IBPSA.Controls.OBC.Utilities.SetPoints.SupplyReturnTemperatureReset,4,below-min,medium,True,hold-input-contract-validation,"{""variable"": ""TOut"", ""bound"": ""min"", ""limit"": 200, ""value"": 0.0, ""excess"": 200.0, ""anchor_quality"": ""canonical""}",/data/mrumoca/eval/results_v3/ibpsa/runtime_free.jsonl
ibpsa,runtime-v3,IBPSA.Controls.OBC.Utilities.SetPoints.SupplyReturnTemperatureReset,5,below-min,medium,True,hold-input-contract-validation,"{""variable"": ""TSup"", ""bound"": ""min"", ""limit"": 200, ""value"": -3.499556225185917e-75, ""excess"": 200.0, ""anchor_quality"": ""canonical""}",/data/mrumoca/eval/results_v3/ibpsa/runtime_free.jsonl
ibpsa,runtime-v3,IBPSA.Controls.OBC.Utilities.SetPoints.SupplyReturnTemperatureReset,6,below-min,medium,True,hold-input-contract-validation,"{""variable"": ""TRet"", ""bound"": ""min"", ""limit"": 200, ""value"": -3.499556225185917e-75, ""excess"": 200.0, ""anchor_quality"": ""canonical""}",/data/mrumoca/eval/results_v3/ibpsa/runtime_free.jsonl
ibpsa,runtime-v3,IBPSA.Controls.OBC.Utilities.OptimalStart,0,network-boundary-port,low,True,hold-input-contract-validation,"{""node"": ""addPar -- falEdg -- hysSta -- hysSta.greHys -- tNexOcc"", ""boundary_connectors"": ""addPar, falEdg, hysSta, tNexOcc"", ""wired_to"": ""hysSta.greHys"", ""note"": ""this connector belongs to the model itself, not to a component inside it: the model is an interface compiled on its own, so the node is open on one side. Nothing forces its flow, which is why a structural matching reports an unmatched unknown here. Not a defect in the model""}",/data/mrumoca/eval/results_v3/ibpsa/runtime_free.jsonl
ibpsa,runtime-v3,IBPSA.Controls.OBC.Utilities.OptimalStart,1,network-boundary-port,low,True,hold-input-contract-validation,"{""node"": ""con -- con3 -- optOn -- or2"", ""boundary_connectors"": ""con, con3, optOn, or2"", ""wired_to"": ""nothing"", ""note"": ""this connector belongs to the model itself, not to a component inside it: the model is an interface compiled on its own, so the node is open on one side. Nothing forces its flow, which is why a structural matching reports an unmatched unknown here. Not a defect in the model""}",/data/mrumoca/eval/results_v3/ibpsa/runtime_free.jsonl
ibpsa,runtime-v3,IBPSA.Controls.OBC.Utilities.OptimalStart,2,network-boundary-port,low,True,hold-input-contract-validation,"{""node"": ""con1 -- con2 -- max -- tOpt"", ""boundary_connectors"": ""con1, con2, max, tOpt"", ""wired_to"": ""nothing"", ""note"": ""this connector belongs to the model itself, not to a component inside it: the model is an interface compiled on its own, so the node is open on one side. Nothing forces its flow, which is why a structural matching reports an unmatched unknown here. Not a defect in the model""}",/data/mrumoca/eval/results_v3/ibpsa/runtime_free.jsonl
ibpsa,runtime-v3,IBPSA.Controls.OBC.Utilities.OptimalStart,3,below-min,medium,True,hold-input-contract-validation,"{""variable"": ""TZon"", ""bound"": ""min"", ""limit"": 200, ""value"": 0.0, ""excess"": 200.0, ""anchor_quality"": ""canonical""}",/data/mrumoca/eval/results_v3/ibpsa/runtime_free.jsonl
ibpsa,runtime-v3,IBPSA.Controls.OBC.Utilities.SetPoints.Validation.SupplyReturnTemperatureResetExponent,0,network-boundary-port,low,False,standalone-topology-not-defect-proof,"{""node"": ""TOut -- TRoo -- heaCur -- heaCur.TAve -- heaCur.TFluAve_nominal -- heaCur.TOutOffSet -- heaCur.TOutOffSet_nominal -- heaCur.TOut_nom -- heaCur.TRetCur -- heaCur.TRet_nom -- heaCur.TSupCur -- heaCur.TSup_nom -- heaCur.TZon_nom -- heaCur.dTFlu -- heaCur.dTFlu2_nom -- heaCur.dTFluAve_nominal -- heaCur.dTOutHeaBal_nominal -- heaCur.dTQ -- heaCur.expM -- heaCur.gai -- heaCur.log1 -- heaCur.mInv -- heaCur.one -- heaCur.pro -- heaCur.qRaiInvM -- heaCur.qRel -- heaCur.qRel0 -- heaCur.qRelDen -- heaCur.qRelNum -- heaCur.zer -- heaCurM -- heaCurM.TAve -- heaCurM.TFluAve_nominal -- heaCurM.TOutOffSet -- heaCurM.TOutOffSet_nominal -- heaCurM.TOut_nom -- heaCurM.TRetCur -- heaCurM.TRet_nom -- heaCurM.TSupCur -- heaCurM.TSup_nom -- heaCurM.TZon_nom -- heaCurM.dTFlu -- heaCurM.dTFlu2_nom -- heaCurM.dTFluAve_nominal -- heaCurM.dTOutHeaBal_nominal -- heaCurM.dTQ -- heaCurM.expM -- heaCurM.gai -- heaCurM.log1 -- heaCurM.mInv -- heaCurM.one -- heaCurM.pro -- heaCurM.qRaiInvM -- heaCurM.qRel -- heaCurM.qRel0 -- heaCurM.qRelDen -- heaCurM.qRelNum -- heaCurM.zer"", ""boundary_connectors"": ""TOut, TRoo, heaCur, heaCurM"", ""wired_to"": ""heaCur.TAve, heaCur.TFluAve_nominal, heaCur.TOutOffSet, heaCur.TOutOffSet_nominal, heaCur.TOut_nom, heaCur.TRetCur, heaCur.TRet_nom, heaCur.TSupCur, heaCur.TSup_nom, heaCur.TZon_nom, heaCur.dTFlu, heaCur.dTFlu2_nom, heaCur.dTFluAve_nominal, heaCur.dTOutHeaBal_nominal, heaCur.dTQ, heaCur.expM, heaCur.gai, heaCur.log1, heaCur.mInv, heaCur.one, heaCur.pro, heaCur.qRaiInvM, heaCur.qRel, heaCur.qRel0, heaCur.qRelDen, heaCur.qRelNum, heaCur.zer, heaCurM.TAve, heaCurM.TFluAve_nominal, heaCurM.TOutOffSet, heaCurM.TOutOffSet_nominal, heaCurM.TOut_nom, heaCurM.TRetCur, heaCurM.TRet_nom, heaCurM.TSupCur, heaCurM.TSup_nom, heaCurM.TZon_nom, heaCurM.dTFlu, heaCurM.dTFlu2_nom, heaCurM.dTFluAve_nominal, heaCurM.dTOutHeaBal_nominal, heaCurM.dTQ, heaCurM.expM, heaCurM.gai, heaCurM.log1, heaCurM.mInv, heaCurM.one, heaCurM.pro, heaCurM.qRaiInvM, heaCurM.qRel, heaCurM.qRel0, heaCurM.qRelDen, heaCurM.qRelNum, heaCurM.zer"", ""note"": ""this connector belongs to the model itself, not to a component inside it: the model is an interface compiled on its own, so the node is open on one side. Nothing forces its flow, which is why a structural matching reports an unmatched unknown here. Not a defect in the model""}",/data/mrumoca/eval/results_v3/ibpsa/runtime_free.jsonl
ibpsa,runtime-v3,IBPSA.Controls.SetPoints.Examples.SupplyReturnTemperatureReset,0,network-boundary-port,low,False,standalone-topology-not-defect-proof,"{""node"": ""TOut2 -- TRoo -- heaCur1"", ""boundary_connectors"": ""TOut2, TRoo, heaCur1"", ""wired_to"": ""nothing"", ""note"": ""this connector belongs to the model itself, not to a component inside it: the model is an interface compiled on its own, so the node is open on one side. Nothing forces its flow, which is why a structural matching reports an unmatched unknown here. Not a defect in the model""}",/data/mrumoca/eval/results_v3/ibpsa/runtime_free.jsonl
ibpsa,runtime-v3,IBPSA.Controls.SetPoints.Examples.SupplyReturnTemperatureReset,1,network-boundary-port,low,False,standalone-topology-not-defect-proof,"{""node"": ""TOut -- heaCur"", ""boundary_connectors"": ""TOut, heaCur"", ""wired_to"": ""nothing"", ""note"": ""this connector belongs to the model itself, not to a component inside it: the model is an interface compiled on its own, so the node is open on one side. Nothing forces its flow, which is why a structural matching reports an unmatched unknown here. Not a defect in the model""}",/data/mrumoca/eval/results_v3/ibpsa/runtime_free.jsonl
ibpsa,runtime-v3,IBPSA.Controls.SetPoints.SupplyReturnTemperatureReset,0,initialization-failure,high,True,execution-not-completed,"{""failure_kind"": ""unknown"", ""reason"": ""lating IBPSA.Controls.SetPoints.SupplyReturnTemperatureReset to t=1 with 6 trace point(s)... \u001b[31m\u001b[0m simulation failed: parameter `TSup_nominal` has neither a binding nor an \u001b[31m\u2502\u001b[0m initial value"", ""raw"": ""reading /tmp/tmpxlhf0sw1/traced.rbc (bitcode v2, cbor) holding 1 free input(s) constant at their start values: TOut=0 Simulating IBPSA.Controls.SetPoints.SupplyReturnTemperatureReset to t=1 with 6 trace point(s)... \u001b[31m\u001b[0m simulation failed: parameter `TSup_nominal` has neither a binding nor an \u001b[31m\u2502\u001b[0m initial value"", ""tool_side"": false}",/data/mrumoca/eval/results_v3/ibpsa/runtime_free.jsonl
ibpsa,runtime-v3,IBPSA.Electrical.DC.Sources.BaseClasses.WindCorrection,0,initialization-failure,high,True,execution-not-completed,"{""failure_kind"": ""unknown"", ""reason"": ""t values: vRef=0 Simulating IBPSA.Electrical.DC.Sources.BaseClasses.WindCorrection to t=1 with 2 trace point(s)... \u001b[31m\u001b[0m simulation failed: parameter `h` has neither a binding nor an initial value"", ""raw"": ""reading /tmp/tmpfymntc7g/traced.rbc (bitcode v2, cbor) holding 1 free input(s) constant at their start values: vRef=0 Simulating IBPSA.Electrical.DC.Sources.BaseClasses.WindCorrection to t=1 with 2 trace point(s)... \u001b[31m\u001b[0m simulation failed: parameter `h` has neither a binding nor an initial value"", ""tool_side"": false}",/data/mrumoca/eval/results_v3/ibpsa/runtime_free.jsonl
ibpsa,runtime-v3,IBPSA.Fluid.Actuators.BaseClasses.ActuatorSignal,0,network-boundary-port,low,True,hold-input-contract-validation,"{""node"": ""actPos -- y -- y_actual -- y_filtered -- y_internal"", ""boundary_connectors"": ""actPos, y, y_actual, y_filtered, y_internal"", ""wired_to"": ""nothing"", ""note"": ""this connector belongs to the model itself, not to a component inside it: the model is an interface compiled on its own, so the node is open on one side. Nothing forces its flow, which is why a structural matching reports an unmatched unknown here. Not a defect in the model""}",/data/mrumoca/eval/results_v3/ibpsa/runtime_free.jsonl
ibpsa,runtime-v3,IBPSA.Fluid.Actuators.Motors.IdealMotor,0,network-boundary-port,low,True,hold-input-contract-validation,"{""node"": ""add -- feeBac -- int -- lowHys -- lowSwi -- u -- uppHys -- uppSwi -- vClo -- vOpe -- y -- zer"", ""boundary_connectors"": ""add, feeBac, int, lowHys, lowSwi, u, uppHys, uppSwi, vClo, vOpe, y, zer"", ""wired_to"": ""nothing"", ""note"": ""this connector belongs to the model itself, not to a component inside it: the model is an interface compiled on its own, so the node is open on one side. Nothing forces its flow, which is why a structural matching reports an unmatched unknown here. Not a defect in the model""}",/data/mrumoca/eval/results_v3/ibpsa/runtime_free.jsonl
ibpsa,runtime-v3,IBPSA.Fluid.BaseClasses.FlowModels.Validation.PowerLaw_dp,0,physical-bound-permits-zero,low,False,hold-needs-independent-evidence,"{""domain"": ""fluid"", ""rule"": ""fluid.density.positive"", ""rule_origin"": ""mass per volume of a real fluid; density appears as a divisor throughout the Fluid library"", ""rule_reference"": """", ""matched_by"": {""quantity"": ""Density"", ""unit"": ""kg/m3"", ""confidence"": ""QUANTITY_AND_UNIT"", ""premise_state"": ""unknown"", ""authority"": ""quantity_or_unit"", ""canonical_declaration"": ""IBPSA.Fluid.BaseClasses.FlowModels.Validation.PowerLaw_dp.rho""}, ""required"": ""rho > 0"", ""declared_min"": 0.0, ""variable_role"": ""parameter"", ""premise_state"": ""established"", ""authority"": ""source_arithmetic"", ""canonical_declaration"": ""IBPSA.Fluid.BaseClasses.FlowModels.Validation.PowerLaw_dp.rho"", ""contract_source"": ""equation"", ""premise_reason"": ""a source equation divides by this parameter, so the value is excluded by arithmetic rather than by intent"", ""note"": ""the declaration explicitly permits zero (`min=0`); whether zero is actually admissible needs execution, and for Mass/Inertia it is not""}",/data/mrumoca/eval/results_v3/ibpsa/runtime_free.jsonl
ibpsa,runtime-v3,IBPSA.Fluid.BaseClasses.Validation.ActuatorFilter,0,network-boundary-port,low,False,execution-not-completed,"{""node"": ""act_1 -- act_2 -- act_y_start05 -- act_y_start1 -- gain -- step"", ""boundary_connectors"": ""act_1, act_2, act_y_start05, act_y_start1, gain, step"", ""wired_to"": ""nothing"", ""note"": ""this connector belongs to the model itself, not to a component inside it: the model is an interface compiled on its own, so the node is open on one side. Nothing forces its flow, which is why a structural matching reports an unmatched unknown here. Not a defect in the model""}",/data/mrumoca/eval/results_v3/ibpsa/runtime_free.jsonl
ibpsa,runtime-v3,IBPSA.Fluid.BaseClasses.Validation.ActuatorFilter,1,network-observation-incomplete,info,False,execution-not-completed,"{""reason"": ""missing or unsynchronized connector member observations"", ""note"": ""coverage gap, not a model defect""}",/data/mrumoca/eval/results_v3/ibpsa/runtime_free.jsonl
ibpsa,runtime-v3,IBPSA.Fluid.BaseClasses.Validation.ActuatorFilter,2,simulation-failure,high,False,execution-not-completed,"{""failure_kind"": ""nonlinear-solver-failure"", ""reason"": ""rplus-check(every coordinate this row reads is \u001b[31m\u2502\u001b[0m determined elsewhere, so the row is an MLS 3.6 \u00a78.6 consistency check the \u001b[31m\u2502\u001b[0m model does not satisfy) value=-1.000000e0 norm=1.000000e0"", ""raw"": ""reading /tmp/tmpqciwty2j/traced.rbc (bitcode v2, cbor) Simulating IBPSA.Fluid.BaseClasses.Validation.ActuatorFilter to t=1 with 19 trace point(s)... \u001b[31m\u001b[0m simulation failed: solve-IR evaluation failed: initial variable projection \u001b[31m\u2502\u001b[0m did not satisfy the complete residual system: max selected residual row=1 \u001b[31m\u2502\u001b[0m original_row=1 owner=surplus-check(every coordinate this row reads is "", ""tool_side"": false}",/data/mrumoca/eval/results_v3/ibpsa/runtime_free.jsonl
ibpsa,runtime-v3,IBPSA.Fluid.Geothermal.Borefields.BaseClasses.HeatTransfer.LoadAggregation.Validation.AggregationCellTimes,0,initialization-failure,high,False,execution-not-completed,"{""failure_kind"": ""nonlinear-solver-failure"", ""reason"": ""d initialization unknown space: a \u001b[31m\u2502\u001b[0m coordinate the lowering cannot read per scalar (array element, multi- \u001b[31m\u2502\u001b[0m scalar row, or structured family point)) value=-1.200000e2 norm=1.200000e2"", ""raw"": ""reading /tmp/tmp0pxe3kng/traced.rbc (bitcode v2, cbor) Simulating IBPSA.Fluid.Geothermal.Borefields.BaseClasses.HeatTransfer.LoadAggregation.Validation.AggregationCellTimes to t=1 with 2 trace point(s)... \u001b[31m\u001b[0m simulation failed: initial variable projection did not satisfy the complete \u001b[31m\u2502\u001b[0m residual system: max selected residual row=5 original_row=5 owner=none(row \u001b[31m\u2502\u001b[0m reads a coor"", ""tool_side"": false}",/data/mrumoca/eval/results_v3/ibpsa/runtime_free.jsonl
ibpsa,runtime-v3,IBPSA.Fluid.Geothermal.Borefields.BaseClasses.HeatTransfer.ThermalResponseFactors.Validation.ShaGFunction,0,simulation-failure,high,False,execution-not-completed,"{""failure_kind"": ""unknown"", ""reason"": ""ansfer.ThermalResponseFactors.Validation.ShaGFunction to t=1 with 1 trace point(s)... \u001b[31m\u001b[0m simulation failed: invalid Solve IR contract: pure-call argument or slot \u001b[31m\u2502\u001b[0m interface is invalid"", ""raw"": ""reading /tmp/tmpm24ymnl3/traced.rbc (bitcode v2, cbor) Simulating IBPSA.Fluid.Geothermal.Borefields.BaseClasses.HeatTransfer.ThermalResponseFactors.Validation.ShaGFunction to t=1 with 1 trace point(s)... \u001b[31m\u001b[0m simulation failed: invalid Solve IR contract: pure-call argument or slot \u001b[31m\u2502\u001b[0m interface is invalid"", ""tool_side"": false}",/data/mrumoca/eval/results_v3/ibpsa/runtime_free.jsonl
ibpsa,runtime-v3,IBPSA.Fluid.HeatPumps.ModularReversible.Controls.Safety.Examples.AntiFreeze,0,network-boundary-port,low,False,standalone-topology-not-defect-proof,"{""node"": ""TConInEmu -- TEvaOutEmu -- antFre -- antFre.booPasThr -- antFre.disErr -- antFre.errAndSetOn -- antFre.hys -- antFre.intConOne -- antFre.min -- antFre.notVal -- antFre.sigBus -- conZer -- hys -- sigBus -- swiErr -- yOut -- ySet -- ySetOn -- ySetPul"", ""boundary_connectors"": ""TConInEmu, TEvaOutEmu, antFre, conZer, hys, sigBus, swiErr, yOut, ySet, ySetOn, ySetPul"", ""wired_to"": ""antFre.booPasThr, antFre.disErr, antFre.errAndSetOn, antFre.hys, antFre.intConOne, antFre.min, antFre.notVal, antFre.sigBus"", ""note"": ""this connector belongs to the model itself, not to a component inside it: the model is an interface compiled on its own, so the node is open on one side. Nothing forces its flow, which is why a structural matching reports an unmatched unknown here. Not a defect in the model""}",/data/mrumoca/eval/results_v3/ibpsa/runtime_free.jsonl
ibpsa,runtime-v3,IBPSA.Fluid.HeatPumps.ModularReversible.RefrigerantCycle.Frosting.NoFrosting,0,network-boundary-port,low,False,execution-not-completed,"{""node"": ""conIsAirSource -- constNoFro -- constNoFroAlw -- iceFac -- swi"", ""boundary_connectors"": ""conIsAirSource, constNoFro, constNoFroAlw, iceFac, swi"", ""wired_to"": ""nothing"", ""note"": ""this connector belongs to the model itself, not to a component inside it: the model is an interface compiled on its own, so the node is open on one side. Nothing forces its flow, which is why a structural matching reports an unmatched unknown here. Not a defect in the model""}",/data/mrumoca/eval/results_v3/ibpsa/runtime_free.jsonl
ibpsa,runtime-v3,IBPSA.Fluid.HeatPumps.ModularReversible.RefrigerantCycle.Frosting.NoFrosting,1,network-observation-incomplete,info,False,execution-not-completed,"{""reason"": ""missing or unsynchronized connector member observations"", ""note"": ""coverage gap, not a model defect""}",/data/mrumoca/eval/results_v3/ibpsa/runtime_free.jsonl
ibpsa,runtime-v3,IBPSA.Fluid.HeatPumps.ModularReversible.RefrigerantCycle.Frosting.NoFrosting,2,initialization-failure,high,False,execution-not-completed,"{""failure_kind"": ""unknown"", ""reason"": ""id.HeatPumps.ModularReversible.RefrigerantCycle.Frosting.NoFrosting to t=1 with 8 trace point(s)... \u001b[31m\u001b[0m simulation failed: parameter `cpEva` has neither a binding nor an initial \u001b[31m\u2502\u001b[0m value"", ""raw"": ""reading /tmp/tmpdl43vsxk/traced.rbc (bitcode v2, cbor) Simulating IBPSA.Fluid.HeatPumps.ModularReversible.RefrigerantCycle.Frosting.NoFrosting to t=1 with 8 trace point(s)... \u001b[31m\u001b[0m simulation failed: parameter `cpEva` has neither a binding nor an initial \u001b[31m\u2502\u001b[0m value"", ""tool_side"": false}",/data/mrumoca/eval/results_v3/ibpsa/runtime_free.jsonl
ibpsa,runtime-v3,IBPSA.Fluid.HeatPumps.ModularReversible.Controls.Safety.Examples.MinimalFlowRate,0,network-boundary-port,low,False,standalone-topology-not-defect-proof,"{""node"": ""conZer -- hys -- mConEmu_flow -- mEvaEmu_flow -- minFloRatSaf -- minFloRatSaf.and1 -- minFloRatSaf.booPasThr -- minFloRatSaf.disErr -- minFloRatSaf.errAndSetOn -- minFloRatSaf.hysCon -- minFloRatSaf.hysEva -- minFloRatSaf.intConOne -- minFloRatSaf.notVal -- minFloRatSaf.sigBus -- sigBus -- swiErr -- yOut -- ySet -- ySetOn -- ySetPul"", ""boundary_connectors"": ""conZer, hys, mConEmu_flow, mEvaEmu_flow, minFloRatSaf, sigBus, swiErr, yOut, ySet, ySetOn, ySetPul"", ""wired_to"": ""minFloRatSaf.and1, minFloRatSaf.booPasThr, minFloRatSaf.disErr, minFloRatSaf.errAndSetOn, minFloRatSaf.hysCon, minFloRatSaf.hysEva, minFloRatSaf.intConOne, minFloRatSaf.notVal, minFloRatSaf.sigBus"", ""note"": ""this connector belongs to the model itself, not to a component inside it: the model is an interface compiled on its own, so the node is open on one side. Nothing forces its flow, which is why a structural matching reports an unmatched unknown here. Not a defect in the model""}",/data/mrumoca/eval/results_v3/ibpsa/runtime_free.jsonl
ibpsa,runtime-v3,IBPSA.Fluid.HeatPumps.ModularReversible.Examples.BaseClasses.OneRoomRadiatorHeatPumpControl,0,network-boundary-port,low,True,hold-input-contract-validation,"{""node"": ""PIDCoo -- PIDCoo.Dzero -- PIDCoo.FFzero -- PIDCoo.I -- PIDCoo.P -- PIDCoo.addFF -- PIDCoo.addI -- PIDCoo.addP -- PIDCoo.addPID -- PIDCoo.addSat -- PIDCoo.gainPID -- PIDCoo.gainTrack -- PIDCoo.limiter -- PIDHea -- PIDHea.Dzero -- PIDHea.FFzero -- PIDHea.I -- PIDHea.P -- PIDHea.addFF -- PIDHea.addI -- PIDHea.addP -- PIDHea.addPID -- PIDHea.addSat -- PIDHea.gainPID -- PIDHea.gainTrack -- PIDHea.limiter -- TRadSup -- TRooMea -- booPasThrCoo -- constTSetRooCoo -- constTSetRooHea -- constYSetZer -- cooValOrHea -- hea -- heaIsOn -- heaOrCooIsOn -- hysCoo -- hysHea -- hysSecCoo -- swiHeaCooYSet -- swiSecForCoo -- swiYSet -- ySet"", ""boundary_connectors"": ""PIDCoo, PIDHea, TRadSup, TRooMea, booPasThrCoo, constTSetRooCoo, constTSetRooHea, constYSetZer, cooValOrHea, hea, heaIsOn, heaOrCooIsOn, hysCoo, hysHea, hysSecCoo, swiHeaCooYSet, swiSecForCoo, swiYSet, ySet"", ""wired_to"": ""PIDCoo.Dzero, PIDCoo.FFzero, PIDCoo.I, PIDCoo.P, PIDCoo.addFF, PIDCoo.addI, PIDCoo.addP, PIDCoo.addPID, PIDCoo.addSat, PIDCoo.gainPID, PIDCoo.gainTrack, PIDCoo.limiter, PIDHea.Dzero, PIDHea.FFzero, PIDHea.I, PIDHea.P, PIDHea.addFF, PIDHea.addI, PIDHea.addP, PIDHea.addPID, PIDHea.addSat, PIDHea.gainPID, PIDHea.gainTrack, PIDHea.limiter"", ""note"": ""this connector belongs to the model itself, not to a component inside it: the model is an interface compiled on its own, so the node is open on one side. Nothing forces its flow, which is why a structural matching reports an unmatched unknown here. Not a defect in the model""}",/data/mrumoca/eval/results_v3/ibpsa/runtime_free.jsonl
ibpsa,runtime-v3,IBPSA.Fluid.HeatPumps.ModularReversible.RefrigerantCycle.Inertias.NoInertia,0,network-boundary-port,low,True,hold-input-contract-validation,"{""node"": ""u -- y"", ""boundary_connectors"": ""u, y"", ""wired_to"": ""nothing"", ""note"": ""this connector belongs to the model itself, not to a component inside it: the model is an interface compiled on its own, so the node is open on one side. Nothing forces its flow, which is why a structural matching reports an unmatched unknown here. Not a defect in the model""}",/data/mrumoca/eval/results_v3/ibpsa/runtime_free.jsonl
ibpsa,runtime-v3,IBPSA.Fluid.HeatPumps.ModularReversible.RefrigerantCycle.Inertias.NoInertia,1,network-observation-incomplete,info,True,hold-input-contract-validation,"{""reason"": ""missing or unsynchronized connector member observations"", ""note"": ""coverage gap, not a model defect""}",/data/mrumoca/eval/results_v3/ibpsa/runtime_free.jsonl
ibpsa,runtime-v3,IBPSA.Fluid.HeatPumps.ModularReversible.RefrigerantCycle.Frosting.Validation.WetterAfjei1997,0,network-boundary-port,low,False,standalone-topology-not-defect-proof,"{""node"": ""const -- const1 -- iceFacAirSou.pasThrMasFlowEva -- iceFacAirSou.pasThrTEvaIn -- iceFacAirSou.pasThrTEvaOut -- iceFacAirSou.sigBus -- iceFacWatSou.pasThrMasFlowEva -- iceFacWatSou.pasThrTEvaIn -- iceFacWatSou.pasThrTEvaOut -- iceFacWatSou.sigBus -- ramp -- sigBus1"", ""boundary_connectors"": ""const, const1, ramp, sigBus1"", ""wired_to"": ""iceFacAirSou.pasThrMasFlowEva, iceFacAirSou.pasThrTEvaIn, iceFacAirSou.pasThrTEvaOut, iceFacAirSou.sigBus, iceFacWatSou.pasThrMasFlowEva, iceFacWatSou.pasThrTEvaIn, iceFacWatSou.pasThrTEvaOut, iceFacWatSou.sigBus"", ""note"": ""this connector belongs to the model itself, not to a component inside it: the model is an interface compiled on its own, so the node is open on one side. Nothing forces its flow, which is why a structural matching reports an unmatched unknown here. Not a defect in the model""}",/data/mrumoca/eval/results_v3/ibpsa/runtime_free.jsonl
ibpsa,runtime-v3,IBPSA.Fluid.HeatPumps.ModularReversible.RefrigerantCycle.Frosting.Validation.WetterAfjei1997,1,network-boundary-port,low,False,standalone-topology-not-defect-proof,"{""node"": ""iceFacAir -- iceFacAirSou -- iceFacAirSou.conIsAirSource -- iceFacAirSou.constNoFro -- iceFacAirSou.ice -- iceFacAirSou.swi"", ""boundary_connectors"": ""iceFacAir, iceFacAirSou"", ""wired_to"": ""iceFacAirSou.conIsAirSource, iceFacAirSou.constNoFro, iceFacAirSou.ice, iceFacAirSou.swi"", ""note"": ""this connector belongs to the model itself, not to a component inside it: the model is an interface compiled on its own, so the node is open on one side. Nothing forces its flow, which is why a structural matching reports an unmatched unknown here. Not a defect in the model""}",/data/mrumoca/eval/results_v3/ibpsa/runtime_free.jsonl
ibpsa,runtime-v3,IBPSA.Fluid.HeatPumps.ModularReversible.RefrigerantCycle.Frosting.Validation.WetterAfjei1997,2,network-boundary-port,low,False,standalone-topology-not-defect-proof,"{""node"": ""iceFacWat -- iceFacWatSou -- iceFacWatSou.conIsAirSource -- iceFacWatSou.constNoFro -- iceFacWatSou.ice -- iceFacWatSou.swi"", ""boundary_connectors"": ""iceFacWat, iceFacWatSou"", ""wired_to"": ""iceFacWatSou.conIsAirSource, iceFacWatSou.constNoFro, iceFacWatSou.ice, iceFacWatSou.swi"", ""note"": ""this connector belongs to the model itself, not to a component inside it: the model is an interface compiled on its own, so the node is open on one side. Nothing forces its flow, which is why a structural matching reports an unmatched unknown here. Not a defect in the model""}",/data/mrumoca/eval/results_v3/ibpsa/runtime_free.jsonl
ibpsa,runtime-v3,IBPSA.Fluid.HeatPumps.ModularReversible.RefrigerantCycle.Inertias.VariableOrder,0,network-boundary-port,low,True,execution-not-completed,"{""node"": ""criDam -- u -- y"", ""boundary_connectors"": ""criDam, u, y"", ""wired_to"": ""nothing"", ""note"": ""this connector belongs to the model itself, not to a component inside it: the model is an interface compiled on its own, so the node is open on one side. Nothing forces its flow, which is why a structural matching reports an unmatched unknown here. Not a defect in the model""}",/data/mrumoca/eval/results_v3/ibpsa/runtime_free.jsonl
ibpsa,runtime-v3,IBPSA.Fluid.HeatPumps.ModularReversible.RefrigerantCycle.Inertias.VariableOrder,1,network-observation-incomplete,info,True,execution-not-completed,"{""reason"": ""missing or unsynchronized connector member observations"", ""note"": ""coverage gap, not a model defect""}",/data/mrumoca/eval/results_v3/ibpsa/runtime_free.jsonl
ibpsa,runtime-v3,IBPSA.Fluid.HeatPumps.ModularReversible.RefrigerantCycle.Inertias.VariableOrder,2,initialization-failure,high,True,execution-not-completed,"{""failure_kind"": ""unknown"", ""reason"": "".ModularReversible.RefrigerantCycle.Inertias.VariableOrder to t=1 with 5 trace point(s)... \u001b[31m\u001b[0m simulation failed: parameter `refIneFreConst` has neither a binding nor an \u001b[31m\u2502\u001b[0m initial value"", ""raw"": ""reading /tmp/tmp48nkf9sg/traced.rbc (bitcode v2, cbor) holding 1 free input(s) constant at their start values: u=0 Simulating IBPSA.Fluid.HeatPumps.ModularReversible.RefrigerantCycle.Inertias.VariableOrder to t=1 with 5 trace point(s)... \u001b[31m\u001b[0m simulation failed: parameter `refIneFreConst` has neither a binding nor an \u001b[31m\u2502\u001b[0m initial value"", ""tool_side"": false}",/data/mrumoca/eval/results_v3/ibpsa/runtime_free.jsonl
ibpsa,runtime-v3,IBPSA.Fluid.Sensors.Conversions.To_VolumeFraction,0,initialization-failure,high,True,execution-not-completed,"{""failure_kind"": ""unknown"", ""reason"": ""s: m=0 Simulating IBPSA.Fluid.Sensors.Conversions.To_VolumeFraction to t=1 with 2 trace point(s)... \u001b[31m\u001b[0m simulation failed: parameter `MMMea` has neither a binding nor an initial \u001b[31m\u2502\u001b[0m value"", ""raw"": ""reading /tmp/tmpod_ky_v7/traced.rbc (bitcode v2, cbor) holding 1 free input(s) constant at their start values: m=0 Simulating IBPSA.Fluid.Sensors.Conversions.To_VolumeFraction to t=1 with 2 trace point(s)... \u001b[31m\u001b[0m simulation failed: parameter `MMMea` has neither a binding nor an initial \u001b[31m\u2502\u001b[0m value"", ""tool_side"": false}",/data/mrumoca/eval/results_v3/ibpsa/runtime_free.jsonl
ibpsa,runtime-v3,IBPSA.Fluid.Sensors.RelativePressure,0,network-port-unconnected,low,False,execution-not-completed,"{""connector"": ""port_a"", ""component"": ""<top level>"", ""component_class"": ""unknown"", ""flows_forced_to_zero"": ""port_a.m_flow"", ""note"": ""nothing is connected to this port, so MLS \u00a79.2 forces its flow to zero. That is correct for a component compiled on its own and is not a defect; it is recorded because it is the commonest reason a model looks structurally singular""}",/data/mrumoca/eval/results_v3/ibpsa/runtime_free.jsonl
ibpsa,runtime-v3,IBPSA.Fluid.Sensors.RelativePressure,1,network-port-unconnected,low,False,execution-not-completed,"{""connector"": ""port_b"", ""component"": ""<top level>"", ""component_class"": ""unknown"", ""flows_forced_to_zero"": ""port_b.m_flow"", ""note"": ""nothing is connected to this port, so MLS \u00a79.2 forces its flow to zero. That is correct for a component compiled on its own and is not a defect; it is recorded because it is the commonest reason a model looks structurally singular""}",/data/mrumoca/eval/results_v3/ibpsa/runtime_free.jsonl
ibpsa,runtime-v3,IBPSA.Fluid.Sensors.RelativePressure,2,network-component-isolated,low,False,execution-not-completed,"{""component"": ""<top level>"", ""component_class"": ""unknown"", ""ports"": ""port_a, port_b"", ""note"": ""every port of this instance is unconnected, so it exchanges nothing with the rest of the model while still contributing its equations""}",/data/mrumoca/eval/results_v3/ibpsa/runtime_free.jsonl
ibpsa,runtime-v3,IBPSA.Fluid.Sensors.RelativePressure,3,network-observation-incomplete,info,False,execution-not-completed,"{""reason"": ""missing or unsynchronized connector member observations"", ""note"": ""coverage gap, not a model defect""}",/data/mrumoca/eval/results_v3/ibpsa/runtime_free.jsonl
ibpsa,runtime-v3,IBPSA.Fluid.Sensors.RelativePressure,4,initialization-failure,high,False,execution-not-completed,"{""failure_kind"": ""singular-system"", ""reason"": "".Sensors.RelativePressure to t=1 with 7 trace point(s)... \u001b[31m\u001b[0m simulation failed: DAE structural proof failed: structurally singular \u001b[31m\u2502\u001b[0m system: 5 matched out of 7 equations and 7 unknowns"", ""raw"": ""reading /tmp/tmp_bynkm4q/traced.rbc (bitcode v2, cbor) Simulating IBPSA.Fluid.Sensors.RelativePressure to t=1 with 7 trace point(s)... \u001b[31m\u001b[0m simulation failed: DAE structural proof failed: structurally singular \u001b[31m\u2502\u001b[0m system: 5 matched out of 7 equations and 7 unknowns"", ""tool_side"": false}",/data/mrumoca/eval/results_v3/ibpsa/runtime_free.jsonl
ibpsa,runtime-v3,IBPSA.Media.Specialized.Air.Examples.PerfectGasDerivativeCheck,0,simulation-failure,high,False,execution-not-completed,"{""failure_kind"": ""unknown"", ""reason"": ""ating IBPSA.Media.Specialized.Air.Examples.PerfectGasDerivativeCheck to t=1 with 7 trace point(s)... \u001b[31m\u001b[0m simulation failed: Modelica assert failed at t=0.000000000: Model has an \u001b[31m\u2502\u001b[0m error"", ""raw"": ""reading /tmp/tmpw8lt_4np/traced.rbc (bitcode v2, cbor) Simulating IBPSA.Media.Specialized.Air.Examples.PerfectGasDerivativeCheck to t=1 with 7 trace point(s)... \u001b[31m\u001b[0m simulation failed: Modelica assert failed at t=0.000000000: Model has an \u001b[31m\u2502\u001b[0m error"", ""tool_side"": false}",/data/mrumoca/eval/results_v3/ibpsa/runtime_free.jsonl
ibpsa,runtime-v3,IBPSA.Fluid.SolarCollectors.Controls.BaseClasses.GCritCalc,0,initialization-failure,high,True,execution-not-completed,"{""failure_kind"": ""unknown"", ""reason"": ""mulating IBPSA.Fluid.SolarCollectors.Controls.BaseClasses.GCritCalc to t=1 with 3 trace point(s)... \u001b[31m\u001b[0m simulation failed: parameter `slope` has neither a binding nor an initial \u001b[31m\u2502\u001b[0m value"", ""raw"": ""reading /tmp/tmp6jaoygml/traced.rbc (bitcode v2, cbor) holding 2 free input(s) constant at their start values: TIn=0, TEnv=0 Simulating IBPSA.Fluid.SolarCollectors.Controls.BaseClasses.GCritCalc to t=1 with 3 trace point(s)... \u001b[31m\u001b[0m simulation failed: parameter `slope` has neither a binding nor an initial \u001b[31m\u2502\u001b[0m value"", ""tool_side"": false}",/data/mrumoca/eval/results_v3/ibpsa/runtime_free.jsonl
ibpsa,runtime-v3,IBPSA.ThermalZones.ISO13790.BaseClasses.GainMass,0,physical-domain-unenforced,medium,True,execution-not-completed,"{""domain"": ""fluid"", ""rule"": ""fluid.area.positive"", ""rule_origin"": ""a flow cross-section is a divisor in every velocity relation; zero area admits no flow and divides by zero"", ""rule_reference"": """", ""matched_by"": {""quantity"": ""Area"", ""unit"": ""m2"", ""confidence"": ""QUANTITY_AND_UNIT"", ""premise_state"": ""unknown"", ""authority"": ""quantity_or_unit"", ""canonical_declaration"": ""IBPSA.ThermalZones.ISO13790.BaseClasses.GainMass.ATot""}, ""required"": ""ATot > 0"", ""declared_min"": null, ""variable_role"": ""parameter"", ""premise_state"": ""established"", ""authority"": ""source_arithmetic"", ""canonical_declaration"": ""IBPSA.ThermalZones.ISO13790.BaseClasses.GainMass.ATot"", ""contract_source"": ""equation"", ""premise_reason"": ""a source equation divides by this parameter, so the value is excluded by arithmetic rather than by intent"", ""note"": ""nothing bounds this declaration, so it permits values the component's own contract forbids""}",/data/mrumoca/eval/results_v3/ibpsa/runtime_free.jsonl
ibpsa,runtime-v3,IBPSA.ThermalZones.ISO13790.BaseClasses.GainMass,1,physical-zero-is-a-supported-limit,low,True,execution-not-completed,"{""domain"": ""fluid"", ""rule"": ""fluid.area.positive"", ""rule_origin"": ""a flow cross-section is a divisor in every velocity relation; zero area admits no flow and divides by zero"", ""rule_reference"": """", ""matched_by"": {""quantity"": ""Area"", ""unit"": ""m2"", ""confidence"": ""QUANTITY_AND_UNIT"", ""premise_state"": ""unknown"", ""authority"": ""quantity_or_unit"", ""canonical_declaration"": ""IBPSA.ThermalZones.ISO13790.BaseClasses.GainMass.AFlo""}, ""required"": ""AFlo > 0"", ""declared_min"": null, ""variable_role"": ""parameter"", ""premise_state"": ""refuted"", ""authority"": ""component_contract"", ""contract"": ""IBPSA.ThermalZones.ISO13790.BaseClasses.GainMass.AFlo: feature_disabled (proven, from equation) \u2014 the parameter appears only as a multiplier, so at zero the term it scales drops out and the rest of the model is unaffected"", ""contract_behavior"": ""feature_disabled"", ""contract_confidence"": ""proven"", ""contract_source"": ""equation"", ""note"": ""the positivity rule does not apply: this component documents zero as a meaningful limit, so reporting a missing bound would contradict its contract""}",/data/mrumoca/eval/results_v3/ibpsa/runtime_free.jsonl
ibpsa,runtime-v3,IBPSA.ThermalZones.ISO13790.BaseClasses.GainMass,2,initialization-failure,high,True,execution-not-completed,"{""failure_kind"": ""unknown"", ""reason"": ""solGai=0 Simulating IBPSA.ThermalZones.ISO13790.BaseClasses.GainMass to t=1 with 4 trace point(s)... \u001b[31m\u001b[0m simulation failed: parameter `ATot` has neither a binding nor an initial \u001b[31m\u2502\u001b[0m value"", ""raw"": ""reading /tmp/tmpp48zes2p/traced.rbc (bitcode v2, cbor) holding 2 free input(s) constant at their start values: intSenGai=0, solGai=0 Simulating IBPSA.ThermalZones.ISO13790.BaseClasses.GainMass to t=1 with 4 trace point(s)... \u001b[31m\u001b[0m simulation failed: parameter `ATot` has neither a binding nor an initial \u001b[31m\u2502\u001b[0m value"", ""tool_side"": false}",/data/mrumoca/eval/results_v3/ibpsa/runtime_free.jsonl
ibpsa,runtime-v3,IBPSA.Fluid.SolarCollectors.Controls.BaseClasses.Examples.GCritCalc,0,network-boundary-port,low,False,standalone-topology-not-defect-proof,"{""node"": ""TEnv -- TIn -- criSol"", ""boundary_connectors"": ""TEnv, TIn, criSol"", ""wired_to"": ""nothing"", ""note"": ""this connector belongs to the model itself, not to a component inside it: the model is an interface compiled on its own, so the node is open on one side. Nothing forces its flow, which is why a structural matching reports an unmatched unknown here. Not a defect in the model""}",/data/mrumoca/eval/results_v3/ibpsa/runtime_free.jsonl
ibpsa,runtime-v3,IBPSA.Utilities.Cryptographics.Validation.SHA1,0,simulation-failure,high,False,execution-not-completed,"{""failure_kind"": ""unknown"", ""reason"": ""lating IBPSA.Utilities.Cryptographics.Validation.SHA1 to t=1 with 6 trace point(s)... \u001b[31m\u001b[0m simulation failed: invalid Solve IR contract: pure-call argument or slot \u001b[31m\u2502\u001b[0m interface is invalid"", ""raw"": ""reading /tmp/tmpp462chks/traced.rbc (bitcode v2, cbor) Simulating IBPSA.Utilities.Cryptographics.Validation.SHA1 to t=1 with 6 trace point(s)... \u001b[31m\u001b[0m simulation failed: invalid Solve IR contract: pure-call argument or slot \u001b[31m\u2502\u001b[0m interface is invalid"", ""tool_side"": false}",/data/mrumoca/eval/results_v3/ibpsa/runtime_free.jsonl
ibpsa,runtime-v3,IBPSA.ThermalZones.ISO13790.BaseClasses.GainSurface,0,physical-domain-unenforced,medium,True,execution-not-completed,"{""domain"": ""fluid"", ""rule"": ""fluid.area.positive"", ""rule_origin"": ""a flow cross-section is a divisor in every velocity relation; zero area admits no flow and divides by zero"", ""rule_reference"": """", ""matched_by"": {""quantity"": ""Area"", ""unit"": ""m2"", ""confidence"": ""QUANTITY_AND_UNIT"", ""premise_state"": ""unknown"", ""authority"": ""quantity_or_unit"", ""canonical_declaration"": ""IBPSA.ThermalZones.ISO13790.BaseClasses.GainSurface.ATot""}, ""required"": ""ATot > 0"", ""declared_min"": null, ""variable_role"": ""parameter"", ""premise_state"": ""established"", ""authority"": ""source_arithmetic"", ""canonical_declaration"": ""IBPSA.ThermalZones.ISO13790.BaseClasses.GainSurface.ATot"", ""contract_source"": ""equation"", ""premise_reason"": ""a source equation divides by this parameter, so the value is excluded by arithmetic rather than by intent"", ""note"": ""nothing bounds this declaration, so it permits values the component's own contract forbids""}",/data/mrumoca/eval/results_v3/ibpsa/runtime_free.jsonl
ibpsa,runtime-v3,IBPSA.ThermalZones.ISO13790.BaseClasses.GainSurface,1,physical-intent-question,low,True,execution-not-completed,"{""domain"": ""thermal"", ""rule"": ""thermal.conductance.positive"", ""rule_origin"": ""heat flows from hot to cold; G <= 0 reverses the second law"", ""rule_reference"": """", ""matched_by"": {""quantity"": ""ThermalConductance"", ""unit"": ""W/K"", ""confidence"": ""QUANTITY_AND_UNIT"", ""premise_state"": ""unknown"", ""authority"": ""quantity_or_unit"", ""canonical_declaration"": ""IBPSA.ThermalZones.ISO13790.BaseClasses.GainSurface.HWinGai""}, ""required"": ""HWinGai > 0"", ""declared_min"": null, ""variable_role"": ""parameter"", ""observation"": ""permissive-declaration"", ""premise_state"": ""unknown"", ""authority"": ""quantity_or_unit"", ""canonical_declaration"": ""IBPSA.ThermalZones.ISO13790.BaseClasses.GainSurface.HWinGai"", ""question"": ""`HWinGai` carries no bound that would exclude it, which is unusual for a thermal conductance \u2014 but nothing declares what this component is, so the analyzer cannot tell whether it is intended. Is it? If so, declare it: add a component contract, or a `[[contracts]]` entry naming the intended `sign_domain`. If not, bound the declaration.""}",/data/mrumoca/eval/results_v3/ibpsa/runtime_free.jsonl
ibpsa,runtime-v3,IBPSA.ThermalZones.ISO13790.BaseClasses.GainSurface,2,physical-zero-is-a-supported-limit,low,True,execution-not-completed,"{""domain"": ""fluid"", ""rule"": ""fluid.area.positive"", ""rule_origin"": ""a flow cross-section is a divisor in every velocity relation; zero area admits no flow and divides by zero"", ""rule_reference"": """", ""matched_by"": {""quantity"": ""Area"", ""unit"": ""m2"", ""confidence"": ""QUANTITY_AND_UNIT"", ""premise_state"": ""unknown"", ""authority"": ""quantity_or_unit"", ""canonical_declaration"": ""IBPSA.ThermalZones.ISO13790.BaseClasses.GainSurface.AFlo""}, ""required"": ""AFlo > 0"", ""declared_min"": null, ""variable_role"": ""parameter"", ""premise_state"": ""refuted"", ""authority"": ""component_contract"", ""contract"": ""IBPSA.ThermalZones.ISO13790.BaseClasses.GainSurface.AFlo: feature_disabled (proven, from equation) \u2014 the parameter appears only as a multiplier, so at zero the term it scales drops out and the rest of the model is unaffected"", ""contract_behavior"": ""feature_disabled"", ""contract_confidence"": ""proven"", ""contract_source"": ""equation"", ""note"": ""the positivity rule does not apply: this component documents zero as a meaningful limit, so reporting a missing bound would contradict its contract""}",/data/mrumoca/eval/results_v3/ibpsa/runtime_free.jsonl
ibpsa,runtime-v3,IBPSA.ThermalZones.ISO13790.BaseClasses.GainSurface,3,initialization-failure,high,True,execution-not-completed,"{""failure_kind"": ""unknown"", ""reason"": ""Gai=0 Simulating IBPSA.ThermalZones.ISO13790.BaseClasses.GainSurface to t=1 with 4 trace point(s)... \u001b[31m\u001b[0m simulation failed: parameter `ATot` has neither a binding nor an initial \u001b[31m\u2502\u001b[0m value"", ""raw"": ""reading /tmp/tmpznqs_35g/traced.rbc (bitcode v2, cbor) holding 2 free input(s) constant at their start values: intSenGai=0, solGai=0 Simulating IBPSA.ThermalZones.ISO13790.BaseClasses.GainSurface to t=1 with 4 trace point(s)... \u001b[31m\u001b[0m simulation failed: parameter `ATot` has neither a binding nor an initial \u001b[31m\u2502\u001b[0m value"", ""tool_side"": false}",/data/mrumoca/eval/results_v3/ibpsa/runtime_free.jsonl
ibpsa,runtime-v3,IBPSA.Utilities.Diagnostics.Validation.CheckEquality,0,network-boundary-port,low,False,standalone-topology-not-defect-proof,"{""node"": ""add -- cheEqu -- con -- sin1"", ""boundary_connectors"": ""add, cheEqu, con, sin1"", ""wired_to"": ""nothing"", ""note"": ""this connector belongs to the model itself, not to a component inside it: the model is an interface compiled on its own, so the node is open on one side. Nothing forces its flow, which is why a structural matching reports an unmatched unknown here. Not a defect in the model""}",/data/mrumoca/eval/results_v3/ibpsa/runtime_free.jsonl
ibpsa,runtime-v3,IBPSA.Utilities.IO.SignalExchange.Examples.BaseClasses.OriginalModel,0,network-boundary-port,low,False,standalone-topology-not-defect-proof,"{""node"": ""TSet -- conPI -- conPI.Dzero -- conPI.FFzero -- conPI.I -- conPI.P -- conPI.addFF -- conPI.addI -- conPI.addP -- conPI.addPID -- conPI.addSat -- conPI.gainPID -- conPI.gainTrack -- conPI.limiter -- firOrd -- oveWriAct -- oveWriAct.activate -- oveWriAct.swi -- oveWriAct.uExt -- oveWriSet -- oveWriSet.activate -- oveWriSet.swi -- oveWriSet.uExt -- rea"", ""boundary_connectors"": ""TSet, conPI, firOrd, oveWriAct, oveWriSet, rea"", ""wired_to"": ""conPI.Dzero, conPI.FFzero, conPI.I, conPI.P, conPI.addFF, conPI.addI, conPI.addP, conPI.addPID, conPI.addSat, conPI.gainPID, conPI.gainTrack, conPI.limiter, oveWriAct.activate, oveWriAct.swi, oveWriAct.uExt, oveWriSet.activate, oveWriSet.swi, oveWriSet.uExt"", ""note"": ""this connector belongs to the model itself, not to a component inside it: the model is an interface compiled on its own, so the node is open on one side. Nothing forces its flow, which is why a structural matching reports an unmatched unknown here. Not a defect in the model""}",/data/mrumoca/eval/results_v3/ibpsa/runtime_free.jsonl
ibpsa,runtime-v3,IBPSA.Utilities.IO.SignalExchange.Overwrite,0,network-boundary-port,low,True,hold-input-contract-validation,"{""node"": ""activate -- swi -- u -- uExt -- y"", ""boundary_connectors"": ""activate, swi, u, uExt, y"", ""wired_to"": ""nothing"", ""note"": ""this connector belongs to the model itself, not to a component inside it: the model is an interface compiled on its own, so the node is open on one side. Nothing forces its flow, which is why a structural matching reports an unmatched unknown here. Not a defect in the model""}",/data/mrumoca/eval/results_v3/ibpsa/runtime_free.jsonl
ibpsa,runtime-v3,IBPSA.Utilities.IO.SignalExchange.Examples.FirstOrder,0,network-boundary-port,low,False,standalone-topology-not-defect-proof,"{""node"": ""actAct -- actSet -- expMod -- uAct -- uSet"", ""boundary_connectors"": ""actAct, actSet, expMod, uAct, uSet"", ""wired_to"": ""nothing"", ""note"": ""this connector belongs to the model itself, not to a component inside it: the model is an interface compiled on its own, so the node is open on one side. Nothing forces its flow, which is why a structural matching reports an unmatched unknown here. Not a defect in the model""}",/data/mrumoca/eval/results_v3/ibpsa/runtime_free.jsonl
ibpsa,runtime-v3,IBPSA.Utilities.Math.Examples.ExponentialIntegralE1,0,network-boundary-port,low,False,standalone-topology-not-defect-proof,"{""node"": ""E1 -- x"", ""boundary_connectors"": ""E1, x"", ""wired_to"": ""nothing"", ""note"": ""this connector belongs to the model itself, not to a component inside it: the model is an interface compiled on its own, so the node is open on one side. Nothing forces its flow, which is why a structural matching reports an unmatched unknown here. Not a defect in the model""}",/data/mrumoca/eval/results_v3/ibpsa/runtime_free.jsonl
ibpsa,runtime-v3,IBPSA.Utilities.Math.Examples.Bicubic,0,network-boundary-port,low,False,standalone-topology-not-defect-proof,"{""node"": ""bicubic -- x1 -- x2"", ""boundary_connectors"": ""bicubic, x1, x2"", ""wired_to"": ""nothing"", ""note"": ""this connector belongs to the model itself, not to a component inside it: the model is an interface compiled on its own, so the node is open on one side. Nothing forces its flow, which is why a structural matching reports an unmatched unknown here. Not a defect in the model""}",/data/mrumoca/eval/results_v3/ibpsa/runtime_free.jsonl
ibpsa,runtime-v3,IBPSA.Utilities.Math.Examples.Biquadratic,0,network-boundary-port,low,False,standalone-topology-not-defect-proof,"{""node"": ""biquadratic -- x1 -- x2"", ""boundary_connectors"": ""biquadratic, x1, x2"", ""wired_to"": ""nothing"", ""note"": ""this connector belongs to the model itself, not to a component inside it: the model is an interface compiled on its own, so the node is open on one side. Nothing forces its flow, which is why a structural matching reports an unmatched unknown here. Not a defect in the model""}",/data/mrumoca/eval/results_v3/ibpsa/runtime_free.jsonl
ibpsa,runtime-v3,IBPSA.Utilities.Math.Examples.Average,0,network-boundary-port,low,False,standalone-topology-not-defect-proof,"{""node"": ""average -- multiplex2_1 -- x1 -- x2"", ""boundary_connectors"": ""average, multiplex2_1, x1, x2"", ""wired_to"": ""nothing"", ""note"": ""this connector belongs to the model itself, not to a component inside it: the model is an interface compiled on its own, so the node is open on one side. Nothing forces its flow, which is why a structural matching reports an unmatched unknown here. Not a defect in the model""}",/data/mrumoca/eval/results_v3/ibpsa/runtime_free.jsonl
ibpsa,runtime-v3,IBPSA.Utilities.Math.Examples.Average,1,network-observation-incomplete,info,False,coverage-gap,"{""reason"": ""duplicate member publication time"", ""note"": ""coverage gap, not a model defect""}",/data/mrumoca/eval/results_v3/ibpsa/runtime_free.jsonl
ibpsa,runtime-v3,IBPSA.Utilities.Math.Examples.Polynomial,0,network-boundary-port,low,False,standalone-topology-not-defect-proof,"{""node"": ""polynomial -- x1"", ""boundary_connectors"": ""polynomial, x1"", ""wired_to"": ""nothing"", ""note"": ""this connector belongs to the model itself, not to a component inside it: the model is an interface compiled on its own, so the node is open on one side. Nothing forces its flow, which is why a structural matching reports an unmatched unknown here. Not a defect in the model""}",/data/mrumoca/eval/results_v3/ibpsa/runtime_free.jsonl
ibpsa,runtime-v3,IBPSA.Utilities.Math.Examples.PowerLinearized,0,network-boundary-port,low,False,standalone-topology-not-defect-proof,"{""node"": ""powerLinearized -- x1"", ""boundary_connectors"": ""powerLinearized, x1"", ""wired_to"": ""nothing"", ""note"": ""this connector belongs to the model itself, not to a component inside it: the model is an interface compiled on its own, so the node is open on one side. Nothing forces its flow, which is why a structural matching reports an unmatched unknown here. Not a defect in the model""}",/data/mrumoca/eval/results_v3/ibpsa/runtime_free.jsonl
ibpsa,runtime-v3,IBPSA.Utilities.Math.Examples.InverseXRegularized,0,network-boundary-port,low,False,standalone-topology-not-defect-proof,"{""node"": ""inverseXRegularized -- x1"", ""boundary_connectors"": ""inverseXRegularized, x1"", ""wired_to"": ""nothing"", ""note"": ""this connector belongs to the model itself, not to a component inside it: the model is an interface compiled on its own, so the node is open on one side. Nothing forces its flow, which is why a structural matching reports an unmatched unknown here. Not a defect in the model""}",/data/mrumoca/eval/results_v3/ibpsa/runtime_free.jsonl
ibpsa,runtime-v3,IBPSA.Utilities.Math.Examples.QuadraticLinear,0,network-boundary-port,low,False,standalone-topology-not-defect-proof,"{""node"": ""quadraticLinear -- x1 -- x2"", ""boundary_connectors"": ""quadraticLinear, x1, x2"", ""wired_to"": ""nothing"", ""note"": ""this connector belongs to the model itself, not to a component inside it: the model is an interface compiled on its own, so the node is open on one side. Nothing forces its flow, which is why a structural matching reports an unmatched unknown here. Not a defect in the model""}",/data/mrumoca/eval/results_v3/ibpsa/runtime_free.jsonl
ibpsa,runtime-v3,IBPSA.Utilities.Math.Examples.SmoothExponential,0,network-boundary-port,low,False,standalone-topology-not-defect-proof,"{""node"": ""smoothExponential -- x1"", ""boundary_connectors"": ""smoothExponential, x1"", ""wired_to"": ""nothing"", ""note"": ""this connector belongs to the model itself, not to a component inside it: the model is an interface compiled on its own, so the node is open on one side. Nothing forces its flow, which is why a structural matching reports an unmatched unknown here. Not a defect in the model""}",/data/mrumoca/eval/results_v3/ibpsa/runtime_free.jsonl
ibpsa,runtime-v3,IBPSA.Utilities.Math.Examples.SmoothHeaviside,0,network-boundary-port,low,False,standalone-topology-not-defect-proof,"{""node"": ""smoothHeaviside -- x1"", ""boundary_connectors"": ""smoothHeaviside, x1"", ""wired_to"": ""nothing"", ""note"": ""this connector belongs to the model itself, not to a component inside it: the model is an interface compiled on its own, so the node is open on one side. Nothing forces its flow, which is why a structural matching reports an unmatched unknown here. Not a defect in the model""}",/data/mrumoca/eval/results_v3/ibpsa/runtime_free.jsonl
ibpsa,runtime-v3,IBPSA.Utilities.Math.Examples.SmoothBlocks,0,network-boundary-port,low,False,standalone-topology-not-defect-proof,"{""node"": ""Min -- assEquMax -- assEquMin -- max -- sine -- sine1 -- smoMax -- smoMin"", ""boundary_connectors"": ""Min, assEquMax, assEquMin, max, sine, sine1, smoMax, smoMin"", ""wired_to"": ""nothing"", ""note"": ""this connector belongs to the model itself, not to a component inside it: the model is an interface compiled on its own, so the node is open on one side. Nothing forces its flow, which is why a structural matching reports an unmatched unknown here. Not a defect in the model""}",/data/mrumoca/eval/results_v3/ibpsa/runtime_free.jsonl
ibpsa,runtime-v3,IBPSA.Utilities.Math.Examples.SmoothMin,0,network-boundary-port,low,False,standalone-topology-not-defect-proof,"{""node"": ""const -- ramp -- smoLim[1] -- smoLim[2]"", ""boundary_connectors"": ""const, ramp, smoLim[1], smoLim[2]"", ""wired_to"": ""nothing"", ""note"": ""this connector belongs to the model itself, not to a component inside it: the model is an interface compiled on its own, so the node is open on one side. Nothing forces its flow, which is why a structural matching reports an unmatched unknown here. Not a defect in the model""}",/data/mrumoca/eval/results_v3/ibpsa/runtime_free.jsonl
ibpsa,runtime-v3,IBPSA.Utilities.Math.Examples.SmoothLimit,0,network-boundary-port,low,False,standalone-topology-not-defect-proof,"{""node"": ""sine -- smoLim"", ""boundary_connectors"": ""sine, smoLim"", ""wired_to"": ""nothing"", ""note"": ""this connector belongs to the model itself, not to a component inside it: the model is an interface compiled on its own, so the node is open on one side. Nothing forces its flow, which is why a structural matching reports an unmatched unknown here. Not a defect in the model""}",/data/mrumoca/eval/results_v3/ibpsa/runtime_free.jsonl
ibpsa,runtime-v3,IBPSA.Utilities.Math.ExponentialIntegralE1,0,simulation-failure,high,True,execution-not-completed,"{""failure_kind"": ""non-finite-value"", ""reason"": ""race point(s)... \u001b[31m\u001b[0m simulation failed: non-finite (inf) value computed for `y` @ Span { source: \u001b[31m\u2502\u001b[0m SourceId(6832497664377395004), start: BytePos(11356), end: \u001b[31m\u2502\u001b[0m BytePos(11368) }"", ""raw"": ""reading /tmp/tmprs_a5ui0/traced.rbc (bitcode v2, cbor) holding 1 free input(s) constant at their start values: u=0 Simulating IBPSA.Utilities.Math.ExponentialIntegralE1 to t=1 with 2 trace point(s)... \u001b[31m\u001b[0m simulation failed: non-finite (inf) value computed for `y` @ Span { source: \u001b[31m\u2502\u001b[0m SourceId(6832497664377395004), start: BytePos(11356), end: \u001b[31m\u2502\u001b[0m BytePos(11368) }"", ""tool_side"": false}",/data/mrumoca/eval/results_v3/ibpsa/runtime_free.jsonl
ibpsa,runtime-v3,IBPSA.Utilities.Math.Examples.VectorFunctions,0,network-boundary-port,low,False,standalone-topology-not-defect-proof,"{""node"": ""aveVec -- maxVec -- minVec -- sine -- sine1 -- sine2"", ""boundary_connectors"": ""aveVec, maxVec, minVec, sine, sine1, sine2"", ""wired_to"": ""nothing"", ""note"": ""this connector belongs to the model itself, not to a component inside it: the model is an interface compiled on its own, so the node is open on one side. Nothing forces its flow, which is why a structural matching reports an unmatched unknown here. Not a defect in the model""}",/data/mrumoca/eval/results_v3/ibpsa/runtime_free.jsonl
ibpsa,runtime-v3,IBPSA.Utilities.Math.Examples.Splice,0,network-boundary-port,low,False,standalone-topology-not-defect-proof,"{""node"": ""const -- const1 -- sine -- splice"", ""boundary_connectors"": ""const, const1, sine, splice"", ""wired_to"": ""nothing"", ""note"": ""this connector belongs to the model itself, not to a component inside it: the model is an interface compiled on its own, so the node is open on one side. Nothing forces its flow, which is why a structural matching reports an unmatched unknown here. Not a defect in the model""}",/data/mrumoca/eval/results_v3/ibpsa/runtime_free.jsonl
ibpsa,runtime-v3,IBPSA.Utilities.Math.Functions.Examples.SmoothHeavisideDerivatives,0,initialization-failure,high,False,execution-not-completed,"{""failure_kind"": ""singular-system"", ""reason"": ""moothHeavisideDerivatives to t=0 with 3 trace point(s)... \u001b[31m\u001b[0m simulation failed: DAE structural proof failed: structurally singular \u001b[31m\u2502\u001b[0m system: 2 matched out of 3 equations and 3 unknowns"", ""raw"": ""reading /tmp/tmpm7ybah7g/traced.rbc (bitcode v2, cbor) Simulating IBPSA.Utilities.Math.Functions.Examples.SmoothHeavisideDerivatives to t=0 with 3 trace point(s)... \u001b[31m\u001b[0m simulation failed: DAE structural proof failed: structurally singular \u001b[31m\u2502\u001b[0m system: 2 matched out of 3 equations and 3 unknowns"", ""tool_side"": false}",/data/mrumoca/eval/results_v3/ibpsa/runtime_free.jsonl
ibpsa,runtime-v3,IBPSA.Utilities.Math.InverseXRegularized,0,simulation-failure,high,True,execution-not-completed,"{""failure_kind"": ""non-finite-value"", ""reason"": ""race point(s)... \u001b[31m\u001b[0m simulation failed: non-finite (NaN) value computed for `y` @ Span { source: \u001b[31m\u2502\u001b[0m SourceId(6832497664377395004), start: BytePos(11356), end: \u001b[31m\u2502\u001b[0m BytePos(11368) }"", ""raw"": ""reading /tmp/tmplhwbbdn8/traced.rbc (bitcode v2, cbor) holding 1 free input(s) constant at their start values: u=0 Simulating IBPSA.Utilities.Math.InverseXRegularized to t=1 with 2 trace point(s)... \u001b[31m\u001b[0m simulation failed: non-finite (NaN) value computed for `y` @ Span { source: \u001b[31m\u2502\u001b[0m SourceId(6832497664377395004), start: BytePos(11356), end: \u001b[31m\u2502\u001b[0m BytePos(11368) }"", ""tool_side"": false}",/data/mrumoca/eval/results_v3/ibpsa/runtime_free.jsonl
ibpsa,runtime-v3,IBPSA.Utilities.Math.PowerLinearized,0,simulation-failure,high,True,execution-not-completed,"{""failure_kind"": ""non-finite-value"", ""reason"": ""race point(s)... \u001b[31m\u001b[0m simulation failed: non-finite (NaN) value computed for `y` @ Span { source: \u001b[31m\u2502\u001b[0m SourceId(6832497664377395004), start: BytePos(11356), end: \u001b[31m\u2502\u001b[0m BytePos(11368) }"", ""raw"": ""reading /tmp/tmpz5qz1npw/traced.rbc (bitcode v2, cbor) holding 1 free input(s) constant at their start values: u=0 Simulating IBPSA.Utilities.Math.PowerLinearized to t=1 with 2 trace point(s)... \u001b[31m\u001b[0m simulation failed: non-finite (NaN) value computed for `y` @ Span { source: \u001b[31m\u2502\u001b[0m SourceId(6832497664377395004), start: BytePos(11356), end: \u001b[31m\u2502\u001b[0m BytePos(11368) }"", ""tool_side"": false}",/data/mrumoca/eval/results_v3/ibpsa/runtime_free.jsonl
ibpsa,runtime-v3,IBPSA.Utilities.Math.SmoothExponential,0,simulation-failure,high,True,execution-not-completed,"{""failure_kind"": ""non-finite-value"", ""reason"": ""race point(s)... \u001b[31m\u001b[0m simulation failed: non-finite (NaN) value computed for `y` @ Span { source: \u001b[31m\u2502\u001b[0m SourceId(6832497664377395004), start: BytePos(11356), end: \u001b[31m\u2502\u001b[0m BytePos(11368) }"", ""raw"": ""reading /tmp/tmpls_jw2jq/traced.rbc (bitcode v2, cbor) holding 1 free input(s) constant at their start values: u=0 Simulating IBPSA.Utilities.Math.SmoothExponential to t=1 with 2 trace point(s)... \u001b[31m\u001b[0m simulation failed: non-finite (NaN) value computed for `y` @ Span { source: \u001b[31m\u2502\u001b[0m SourceId(6832497664377395004), start: BytePos(11356), end: \u001b[31m\u2502\u001b[0m BytePos(11368) }"", ""tool_side"": false}",/data/mrumoca/eval/results_v3/ibpsa/runtime_free.jsonl
ibpsa,runtime-v3,IBPSA.Utilities.Math.Functions.Examples.SpliceFunctionDerivativeCheck,0,simulation-failure,high,False,execution-not-completed,"{""failure_kind"": ""non-finite-value"", ""reason"": ""8 trace point(s)... \u001b[31m\u001b[0m simulation failed: non-finite (NaN) value computed for `d3y` @ Span \u001b[31m\u2502\u001b[0m { source: SourceId(223707933209753900), start: BytePos(421), end: \u001b[31m\u2502\u001b[0m BytePos(429) }"", ""raw"": ""reading /tmp/tmpct20r_k5/traced.rbc (bitcode v2, cbor) Simulating IBPSA.Utilities.Math.Functions.Examples.SpliceFunctionDerivativeCheck to t=0 with 8 trace point(s)... \u001b[31m\u001b[0m simulation failed: non-finite (NaN) value computed for `d3y` @ Span \u001b[31m\u2502\u001b[0m { source: SourceId(223707933209753900), start: BytePos(421), end: \u001b[31m\u2502\u001b[0m BytePos(429) }"", ""tool_side"": false}",/data/mrumoca/eval/results_v3/ibpsa/runtime_free.jsonl
ibpsa,runtime-v3,IBPSA.Utilities.Psychrometrics.Density_pTX,0,physical-runtime-invariant-unobserved,low,True,execution-not-completed,"{""domain"": ""fluid"", ""rule"": ""fluid.density.positive"", ""rule_origin"": ""mass per volume of a real fluid; density appears as a divisor throughout the Fluid library"", ""rule_reference"": """", ""matched_by"": {""quantity"": ""Density"", ""unit"": ""kg/m3"", ""confidence"": ""QUANTITY_AND_UNIT"", ""premise_state"": ""unknown"", ""authority"": ""quantity_or_unit"", ""canonical_declaration"": ""IBPSA.Utilities.Psychrometrics.Density_pTX.d""}, ""required"": ""d > 0"", ""variable_role"": ""output"", ""note"": ""this is a runtime property of a output variable, not a declaration a user can bound; deciding it needs an observation""}",/data/mrumoca/eval/results_v3/ibpsa/runtime_free.jsonl
ibpsa,runtime-v3,IBPSA.Utilities.Psychrometrics.Density_pTX,1,simulation-failure,high,True,execution-not-completed,"{""failure_kind"": ""non-finite-value"", ""reason"": ""o t=1 with 4 trace point(s)... \u001b[31m\u001b[0m simulation failed: non-finite (NaN) value computed for `d` @ Span { source: \u001b[31m\u2502\u001b[0m SourceId(12010526700972415921), start: BytePos(943), end: BytePos(982) }"", ""raw"": ""reading /tmp/tmpfkcgvdo8/traced.rbc (bitcode v2, cbor) holding 3 free input(s) constant at their start values: T=0, X_w=0, p=0 Simulating IBPSA.Utilities.Psychrometrics.Density_pTX to t=1 with 4 trace point(s)... \u001b[31m\u001b[0m simulation failed: non-finite (NaN) value computed for `d` @ Span { source: \u001b[31m\u2502\u001b[0m SourceId(12010526700972415921), start: BytePos(943), end: BytePos(982) }"", ""tool_side"": false}",/data/mrumoca/eval/results_v3/ibpsa/runtime_free.jsonl
ibpsa,runtime-v3,IBPSA.Utilities.Math.Splice,0,simulation-failure,high,True,execution-not-completed,"{""failure_kind"": ""non-finite-value"", ""reason"": ""o t=1 with 4 trace point(s)... \u001b[31m\u001b[0m simulation failed: non-finite (NaN) value computed for `y` @ Span { source: \u001b[31m\u2502\u001b[0m SourceId(11716318954594412683), start: BytePos(545), end: BytePos(584) }"", ""raw"": ""reading /tmp/tmpauc3o4t0/traced.rbc (bitcode v2, cbor) holding 3 free input(s) constant at their start values: x=0, u1=0, u2=0 Simulating IBPSA.Utilities.Math.Splice to t=1 with 4 trace point(s)... \u001b[31m\u001b[0m simulation failed: non-finite (NaN) value computed for `y` @ Span { source: \u001b[31m\u2502\u001b[0m SourceId(11716318954594412683), start: BytePos(545), end: BytePos(584) }"", ""tool_side"": false}",/data/mrumoca/eval/results_v3/ibpsa/runtime_free.jsonl
ibpsa,runtime-v3,IBPSA.Utilities.Psychrometrics.Examples.Density_pTX,0,network-boundary-port,low,False,standalone-topology-not-defect-proof,"{""node"": ""TDryBul -- XDryBul -- den -- p"", ""boundary_connectors"": ""TDryBul, XDryBul, den, p"", ""wired_to"": ""nothing"", ""note"": ""this connector belongs to the model itself, not to a component inside it: the model is an interface compiled on its own, so the node is open on one side. Nothing forces its flow, which is why a structural matching reports an unmatched unknown here. Not a defect in the model""}",/data/mrumoca/eval/results_v3/ibpsa/runtime_free.jsonl
ibpsa,runtime-v3,IBPSA.Utilities.Psychrometrics.Examples.Density_pTX,1,physical-runtime-invariant-unobserved,low,False,coverage-gap,"{""domain"": ""fluid"", ""rule"": ""fluid.density.positive"", ""rule_origin"": ""mass per volume of a real fluid; density appears as a divisor throughout the Fluid library"", ""rule_reference"": """", ""matched_by"": {""quantity"": ""Density"", ""unit"": ""kg/m3"", ""confidence"": ""QUANTITY_AND_UNIT"", ""premise_state"": ""unknown"", ""authority"": ""quantity_or_unit"", ""canonical_declaration"": ""IBPSA.Utilities.Psychrometrics.Density_pTX.d""}, ""required"": ""den.d > 0"", ""variable_role"": ""output"", ""note"": ""this is a runtime property of a output variable, not a declaration a user can bound; deciding it needs an observation""}",/data/mrumoca/eval/results_v3/ibpsa/runtime_free.jsonl
ibpsa,runtime-v3,IBPSA.Utilities.Psychrometrics.Examples.Phi_pTX,0,network-boundary-port,low,False,standalone-topology-not-defect-proof,"{""node"": ""TDryBul -- XDryBul -- p -- phi"", ""boundary_connectors"": ""TDryBul, XDryBul, p, phi"", ""wired_to"": ""nothing"", ""note"": ""this connector belongs to the model itself, not to a component inside it: the model is an interface compiled on its own, so the node is open on one side. Nothing forces its flow, which is why a structural matching reports an unmatched unknown here. Not a defect in the model""}",/data/mrumoca/eval/results_v3/ibpsa/runtime_free.jsonl
ibpsa,runtime-v3,IBPSA.Utilities.Psychrometrics.Examples.HumidityRatioPressure,0,network-boundary-port,low,False,standalone-topology-not-defect-proof,"{""node"": ""XHumDryAir -- assertEquality -- humRat -- p -- toTotalAir -- vapPre"", ""boundary_connectors"": ""XHumDryAir, assertEquality, humRat, p, toTotalAir, vapPre"", ""wired_to"": ""nothing"", ""note"": ""this connector belongs to the model itself, not to a component inside it: the model is an interface compiled on its own, so the node is open on one side. Nothing forces its flow, which is why a structural matching reports an unmatched unknown here. Not a defect in the model""}",/data/mrumoca/eval/results_v3/ibpsa/runtime_free.jsonl
ibpsa,runtime-v3,IBPSA.Utilities.Psychrometrics.Examples.SaturationPressureLiquid,0,network-boundary-port,low,False,standalone-topology-not-defect-proof,"{""node"": ""T -- pSat"", ""boundary_connectors"": ""T, pSat"", ""wired_to"": ""nothing"", ""note"": ""this connector belongs to the model itself, not to a component inside it: the model is an interface compiled on its own, so the node is open on one side. Nothing forces its flow, which is why a structural matching reports an unmatched unknown here. Not a defect in the model""}",/data/mrumoca/eval/results_v3/ibpsa/runtime_free.jsonl
ibpsa,runtime-v3,IBPSA.Utilities.Psychrometrics.Examples.SublimationPressureIce,0,network-boundary-port,low,False,standalone-topology-not-defect-proof,"{""node"": ""T -- pSat"", ""boundary_connectors"": ""T, pSat"", ""wired_to"": ""nothing"", ""note"": ""this connector belongs to the model itself, not to a component inside it: the model is an interface compiled on its own, so the node is open on one side. Nothing forces its flow, which is why a structural matching reports an unmatched unknown here. Not a defect in the model""}",/data/mrumoca/eval/results_v3/ibpsa/runtime_free.jsonl
ibpsa,runtime-v3,IBPSA.Utilities.Psychrometrics.Examples.SaturationPressure,0,network-boundary-port,low,False,standalone-topology-not-defect-proof,"{""node"": ""T -- pSat"", ""boundary_connectors"": ""T, pSat"", ""wired_to"": ""nothing"", ""note"": ""this connector belongs to the model itself, not to a component inside it: the model is an interface compiled on its own, so the node is open on one side. Nothing forces its flow, which is why a structural matching reports an unmatched unknown here. Not a defect in the model""}",/data/mrumoca/eval/results_v3/ibpsa/runtime_free.jsonl
ibpsa,runtime-v3,IBPSA.Utilities.Psychrometrics.Examples.DewPointTemperature,0,network-boundary-port,low,False,standalone-topology-not-defect-proof,"{""node"": ""TDewPoi -- XHum -- humRat -- watVapPre"", ""boundary_connectors"": ""TDewPoi, XHum, humRat, watVapPre"", ""wired_to"": ""nothing"", ""note"": ""this connector belongs to the model itself, not to a component inside it: the model is an interface compiled on its own, so the node is open on one side. Nothing forces its flow, which is why a structural matching reports an unmatched unknown here. Not a defect in the model""}",/data/mrumoca/eval/results_v3/ibpsa/runtime_free.jsonl
ibpsa,runtime-v3,IBPSA.Utilities.Psychrometrics.Examples.TotalAirDryAir,0,network-boundary-port,low,False,standalone-topology-not-defect-proof,"{""node"": ""XHum -- assertEquality -- toDryAir -- toTotalAir"", ""boundary_connectors"": ""XHum, assertEquality, toDryAir, toTotalAir"", ""wired_to"": ""nothing"", ""note"": ""this connector belongs to the model itself, not to a component inside it: the model is an interface compiled on its own, so the node is open on one side. Nothing forces its flow, which is why a structural matching reports an unmatched unknown here. Not a defect in the model""}",/data/mrumoca/eval/results_v3/ibpsa/runtime_free.jsonl
ibpsa,runtime-v3,IBPSA.Utilities.Psychrometrics.Functions.BaseClasses.Examples.SaturationPressureDerivativeCheck,0,initialization-failure,high,False,execution-not-completed,"{""failure_kind"": ""singular-system"", ""reason"": ""onPressureDerivativeCheck to t=0 with 4 trace point(s)... \u001b[31m\u001b[0m simulation failed: DAE structural proof failed: structurally singular \u001b[31m\u2502\u001b[0m system: 3 matched out of 4 equations and 4 unknowns"", ""raw"": ""reading /tmp/tmpxexyfmf8/traced.rbc (bitcode v2, cbor) Simulating IBPSA.Utilities.Psychrometrics.Functions.BaseClasses.Examples.SaturationPressureDerivativeCheck to t=0 with 4 trace point(s)... \u001b[31m\u001b[0m simulation failed: DAE structural proof failed: structurally singular \u001b[31m\u2502\u001b[0m system: 3 matched out of 4 equations and 4 unknowns"", ""tool_side"": false}",/data/mrumoca/eval/results_v3/ibpsa/runtime_free.jsonl
ibpsa,runtime-v3,IBPSA.Utilities.Psychrometrics.Functions.BaseClasses.Examples.WaterVaporPressureDerivativeCheck,0,above-max,medium,False,source-validation-input-range-review,"{""variable"": ""X_w"", ""bound"": ""max"", ""limit"": 1, ""value"": 1.001, ""excess"": 0.0009999999999998899, ""anchor_quality"": ""canonical""}",/data/mrumoca/eval/results_v3/ibpsa/runtime_free.jsonl
ibpsa,runtime-v3,IBPSA.Utilities.Psychrometrics.Functions.Examples.Density_pTX,0,physical-runtime-invariant-unobserved,low,False,coverage-gap,"{""domain"": ""fluid"", ""rule"": ""fluid.density.positive"", ""rule_origin"": ""mass per volume of a real fluid; density appears as a divisor throughout the Fluid library"", ""rule_reference"": """", ""matched_by"": {""quantity"": ""Density"", ""unit"": ""kg/m3"", ""confidence"": ""QUANTITY_AND_UNIT"", ""premise_state"": ""unknown"", ""authority"": ""quantity_or_unit"", ""canonical_declaration"": ""IBPSA.Utilities.Psychrometrics.Functions.Examples.Density_pTX.d""}, ""required"": ""d > 0"", ""variable_role"": ""algebraic"", ""note"": ""this is a runtime property of a algebraic variable, not a declaration a user can bound; deciding it needs an observation""}",/data/mrumoca/eval/results_v3/ibpsa/runtime_free.jsonl
ibpsa,runtime-v3,IBPSA.Utilities.Psychrometrics.Functions.Examples.pW_TDewPoi_comparison,0,simulation-failure,high,False,execution-not-completed,"{""failure_kind"": ""unknown"", ""reason"": ""ychrometrics.Functions.Examples.pW_TDewPoi_comparison to t=1 with 6 trace point(s)... \u001b[31m\u001b[0m simulation failed: Modelica assert failed at t=0.026166992: Error in \u001b[31m\u2502\u001b[0m function implementation."", ""raw"": ""reading /tmp/tmpvwltw72n/traced.rbc (bitcode v2, cbor) Simulating IBPSA.Utilities.Psychrometrics.Functions.Examples.pW_TDewPoi_comparison to t=1 with 6 trace point(s)... \u001b[31m\u001b[0m simulation failed: Modelica assert failed at t=0.026166992: Error in \u001b[31m\u2502\u001b[0m function implementation."", ""tool_side"": false}",/data/mrumoca/eval/results_v3/ibpsa/runtime_free.jsonl
ibpsa,runtime-v3,IBPSA.Utilities.Psychrometrics.SaturationPressure,0,simulation-failure,high,True,execution-not-completed,"{""failure_kind"": ""non-finite-value"", ""reason"": ""trace point(s)... \u001b[31m\u001b[0m simulation failed: non-finite (NaN) value computed for `pSat` @ Span \u001b[31m\u2502\u001b[0m { source: SourceId(5371058099938759521), start: BytePos(435), end: \u001b[31m\u2502\u001b[0m BytePos(477) }"", ""raw"": ""reading /tmp/tmp1d32v9se/traced.rbc (bitcode v2, cbor) holding 1 free input(s) constant at their start values: TSat=0 Simulating IBPSA.Utilities.Psychrometrics.SaturationPressure to t=1 with 2 trace point(s)... \u001b[31m\u001b[0m simulation failed: non-finite (NaN) value computed for `pSat` @ Span \u001b[31m\u2502\u001b[0m { source: SourceId(5371058099938759521), start: BytePos(435), end: \u001b[31m\u2502\u001b[0m BytePos(477) }"", ""tool_side"": false}",/data/mrumoca/eval/results_v3/ibpsa/runtime_free.jsonl
ibpsa,runtime-v3,IBPSA.Utilities.Psychrometrics.Phi_pTX,0,simulation-failure,high,True,execution-not-completed,"{""failure_kind"": ""non-finite-value"", ""reason"": ""trace point(s)... \u001b[31m\u001b[0m simulation failed: non-finite (NaN) value computed for `phi` @ Span \u001b[31m\u2502\u001b[0m { source: SourceId(13768830521050432436), start: BytePos(949), end: \u001b[31m\u2502\u001b[0m BytePos(990) }"", ""raw"": ""reading /tmp/tmpuy2obso_/traced.rbc (bitcode v2, cbor) holding 3 free input(s) constant at their start values: T=0, X_w=0, p=0 Simulating IBPSA.Utilities.Psychrometrics.Phi_pTX to t=1 with 4 trace point(s)... \u001b[31m\u001b[0m simulation failed: non-finite (NaN) value computed for `phi` @ Span \u001b[31m\u2502\u001b[0m { source: SourceId(13768830521050432436), start: BytePos(949), end: \u001b[31m\u2502\u001b[0m BytePos(990) }"", ""tool_side"": false}",/data/mrumoca/eval/results_v3/ibpsa/runtime_free.jsonl
ibpsa,runtime-v3,IBPSA.Utilities.Psychrometrics.SublimationPressureIce,0,simulation-failure,high,True,execution-not-completed,"{""failure_kind"": ""non-finite-value"", ""reason"": ""race point(s)... \u001b[31m\u001b[0m simulation failed: non-finite (NaN) value computed for `pSat` @ Span \u001b[31m\u2502\u001b[0m { source: SourceId(15721296238130467667), start: BytePos(439), end: \u001b[31m\u2502\u001b[0m BytePos(481) }"", ""raw"": ""reading /tmp/tmpmwcai7_v/traced.rbc (bitcode v2, cbor) holding 1 free input(s) constant at their start values: TSat=0 Simulating IBPSA.Utilities.Psychrometrics.SublimationPressureIce to t=1 with 2 trace point(s)... \u001b[31m\u001b[0m simulation failed: non-finite (NaN) value computed for `pSat` @ Span \u001b[31m\u2502\u001b[0m { source: SourceId(15721296238130467667), start: BytePos(439), end: \u001b[31m\u2502\u001b[0m BytePos(481) }"", ""tool_side"": false}",/data/mrumoca/eval/results_v3/ibpsa/runtime_free.jsonl
ibpsa,runtime-v3,IBPSA.Utilities.Psychrometrics.SaturationPressureLiquid,0,extreme-magnitude,medium,True,hold-input-contract-validation,"{""variable"": ""pSat"", ""value"": 1.5060998651020869e+60, ""anchor_quality"": ""canonical""}",/data/mrumoca/eval/results_v3/ibpsa/runtime_free.jsonl
ibpsa,runtime-v3,IBPSA.Utilities.Psychrometrics.X_pW,0,network-boundary-port,low,True,hold-input-contract-validation,"{""node"": ""p_in -- p_in_internal"", ""boundary_connectors"": ""p_in, p_in_internal"", ""wired_to"": ""nothing"", ""note"": ""this connector belongs to the model itself, not to a component inside it: the model is an interface compiled on its own, so the node is open on one side. Nothing forces its flow, which is why a structural matching reports an unmatched unknown here. Not a defect in the model""}",/data/mrumoca/eval/results_v3/ibpsa/runtime_free.jsonl
ibpsa,runtime-v3,IBPSA.Utilities.Psychrometrics.X_pW,1,network-observation-incomplete,info,True,hold-input-contract-validation,"{""reason"": ""missing or unsynchronized connector member observations"", ""note"": ""coverage gap, not a model defect""}",/data/mrumoca/eval/results_v3/ibpsa/runtime_free.jsonl
ibpsa,runtime-v3,IBPSA.Utilities.Psychrometrics.X_pW,2,below-min,medium,True,hold-input-contract-validation,"{""variable"": ""X_w"", ""bound"": ""min"", ""limit"": 0, ""value"": -1.6453626792233214, ""excess"": 1.6453626792233214, ""anchor_quality"": ""canonical""}",/data/mrumoca/eval/results_v3/ibpsa/runtime_free.jsonl
ibpsa,runtime-v3,IBPSA.Utilities.Psychrometrics.X_pW,3,below-min,medium,True,hold-input-contract-validation,"{""variable"": ""x_w"", ""bound"": ""min"", ""limit"": 0, ""value"": -0.62198, ""excess"": 0.62198, ""anchor_quality"": ""canonical""}",/data/mrumoca/eval/results_v3/ibpsa/runtime_free.jsonl
ibpsa,runtime-v3,IBPSA.Utilities.Psychrometrics.pW_X,0,network-boundary-port,low,True,hold-input-contract-validation,"{""node"": ""p_in -- p_in_internal"", ""boundary_connectors"": ""p_in, p_in_internal"", ""wired_to"": ""nothing"", ""note"": ""this connector belongs to the model itself, not to a component inside it: the model is an interface compiled on its own, so the node is open on one side. Nothing forces its flow, which is why a structural matching reports an unmatched unknown here. Not a defect in the model""}",/data/mrumoca/eval/results_v3/ibpsa/runtime_free.jsonl
ibpsa,runtime-v3,IBPSA.Utilities.Psychrometrics.pW_X,1,network-observation-incomplete,info,True,hold-input-contract-validation,"{""reason"": ""missing or unsynchronized connector member observations"", ""note"": ""coverage gap, not a model defect""}",/data/mrumoca/eval/results_v3/ibpsa/runtime_free.jsonl
ibpsa,runtime-v3,IBPSA.Fluid.Examples.Performance.Example7,0,initialization-failure,high,False,execution-not-completed,"{""failure_kind"": ""nonlinear-solver-failure"", ""reason"": ""ed initialization unknown space: a coordinate the lowering cannot \u001b[31m\u2502\u001b[0m read per scalar (array element, multi-scalar row, or structured family \u001b[31m\u2502\u001b[0m point)) value=-2.731500e2 norm=2.731500e2"", ""raw"": ""reading /tmp/tmpmwn78vzl/traced.rbc (bitcode v2, cbor) Simulating IBPSA.Fluid.Examples.Performance.Example7 to t=1 with 1 trace point(s)... \u001b[31m\u001b[0m simulation failed: solve-IR evaluation failed: initial variable projection \u001b[31m\u2502\u001b[0m did not satisfy the complete residual system: max selected residual \u001b[31m\u2502\u001b[0m row=499 original_row=499 owner=none(row reads a coordinate outside the \u001b[31m\u2502\u001b[0m pla"", ""tool_side"": false}",/data/mrumoca/eval/results_v3/ibpsa/runtime_free.jsonl
ibpsa,runtime-v3,IBPSA.Fluid.Examples.Performance.Example6,0,initialization-failure,high,False,execution-not-completed,"{""failure_kind"": ""nonlinear-solver-failure"", ""reason"": ""ed initialization unknown space: a coordinate the lowering cannot \u001b[31m\u2502\u001b[0m read per scalar (array element, multi-scalar row, or structured family \u001b[31m\u2502\u001b[0m point)) value=-2.731500e2 norm=2.731500e2"", ""raw"": ""reading /tmp/tmpev3ojgqs/traced.rbc (bitcode v2, cbor) Simulating IBPSA.Fluid.Examples.Performance.Example6 to t=1 with 2 trace point(s)... \u001b[31m\u001b[0m simulation failed: solve-IR evaluation failed: initial variable projection \u001b[31m\u2502\u001b[0m did not satisfy the complete residual system: max selected residual \u001b[31m\u2502\u001b[0m row=499 original_row=499 owner=none(row reads a coordinate outside the \u001b[31m\u2502\u001b[0m pla"", ""tool_side"": false}",/data/mrumoca/eval/results_v3/ibpsa/runtime_free.jsonl
