library,phase,model,ordinal,kind,severity,held_inputs,route,evidence,source
vehicleinterfaces,historical-static,VehicleInterfaces.Accessories.NoAccessories,0,non-square-block,medium,False,hold-needs-source-and-witness-review,"{""block"": 1, ""equations"": 4, ""variables"": 5}",/data/mrumoca/eval/results/vehicleinterfaces/findings.jsonl
vehicleinterfaces,historical-static,VehicleInterfaces.Accessories.NoAccessories,1,non-square-block,medium,False,hold-needs-source-and-witness-review,"{""block"": 2, ""equations"": 5, ""variables"": 4}",/data/mrumoca/eval/results/vehicleinterfaces/findings.jsonl
vehicleinterfaces,historical-static,VehicleInterfaces.Accessories.NoAccessories,2,UNMATCHED_VARIABLE,high,False,hold-needs-source-and-witness-review,"{""variable"": ""end_2.zeroTorque1D.flange.phi"", ""scalars"": 1, ""scalars_determined"": 0, ""region_variables"": 6, ""region_equations"": 5, ""touching_equations"": ""0, 7"", ""confidence"": ""high"", ""result"": ""STRUCTURAL_MATCH_FAILURE"", ""note"": ""no equation in the connected structural region can be matched to this unknown. This is a structural result and says nothing about algebraic rank.""}",/data/mrumoca/eval/results/vehicleinterfaces/findings.jsonl
vehicleinterfaces,historical-static,VehicleInterfaces.Accessories.NoAccessories,3,UNMATCHED_EQUATION,high,False,hold-needs-source-and-witness-review,"{""equation"": ""engineFlange.flange.tau"", ""scalar_rows"": 1, ""rows_matched"": 0, ""confidence"": ""high"", ""result"": ""STRUCTURAL_MATCH_FAILURE"", ""note"": ""this constraint has no unknown left to determine; the region is over-constrained""}",/data/mrumoca/eval/results/vehicleinterfaces/findings.jsonl
vehicleinterfaces,historical-static,VehicleInterfaces.Drivers.MinimalDriver,0,network-boundary-port,low,False,standalone-topology-not-defect-proof,"{""node"": ""acceleratorDemand -- acceleratorPosition"", ""boundary_connectors"": ""acceleratorDemand, acceleratorPosition"", ""wired_to"": ""nothing"", ""note"": ""this connector belongs to the model itself, not to a component inside it: the model is an interface compiled on its own, so the node is open on one side. Nothing forces its flow, which is why a structural matching reports an unmatched unknown here. Not a defect in the model""}",/data/mrumoca/eval/results/vehicleinterfaces/findings.jsonl
vehicleinterfaces,historical-static,VehicleInterfaces.Drivers.MinimalDriver,1,network-boundary-port,low,False,standalone-topology-not-defect-proof,"{""node"": ""brakeDemand -- brakePosition"", ""boundary_connectors"": ""brakeDemand, brakePosition"", ""wired_to"": ""nothing"", ""note"": ""this connector belongs to the model itself, not to a component inside it: the model is an interface compiled on its own, so the node is open on one side. Nothing forces its flow, which is why a structural matching reports an unmatched unknown here. Not a defect in the model""}",/data/mrumoca/eval/results/vehicleinterfaces/findings.jsonl
vehicleinterfaces,historical-static,VehicleInterfaces.Drivers.MinimalDriver,2,network-boundary-port,low,False,standalone-topology-not-defect-proof,"{""node"": ""driverInterface -- gearboxMode -- ignition -- requestedGear"", ""boundary_connectors"": ""driverInterface, gearboxMode, ignition, requestedGear"", ""wired_to"": ""nothing"", ""note"": ""this connector belongs to the model itself, not to a component inside it: the model is an interface compiled on its own, so the node is open on one side. Nothing forces its flow, which is why a structural matching reports an unmatched unknown here. Not a defect in the model""}",/data/mrumoca/eval/results/vehicleinterfaces/findings.jsonl
vehicleinterfaces,historical-static,VehicleInterfaces.Drivers.MinimalDriver,3,network-boundary-port,low,False,standalone-topology-not-defect-proof,"{""node"": ""steeringAngle -- steeringWheelAngle"", ""boundary_connectors"": ""steeringAngle, steeringWheelAngle"", ""wired_to"": ""nothing"", ""note"": ""this connector belongs to the model itself, not to a component inside it: the model is an interface compiled on its own, so the node is open on one side. Nothing forces its flow, which is why a structural matching reports an unmatched unknown here. Not a defect in the model""}",/data/mrumoca/eval/results/vehicleinterfaces/findings.jsonl
vehicleinterfaces,historical-static,VehicleInterfaces.ElectricDrives.SimpleMotorDC,0,network-boundary-port,low,False,standalone-topology-not-defect-proof,"{""node"": ""eMF.p -- pin_p"", ""boundary_connectors"": ""pin_p"", ""wired_to"": ""eMF.p"", ""note"": ""this connector belongs to the model itself, not to a component inside it: the model is an interface compiled on its own, so the node is open on one side. Nothing forces its flow, which is why a structural matching reports an unmatched unknown here. Not a defect in the model""}",/data/mrumoca/eval/results/vehicleinterfaces/findings.jsonl
vehicleinterfaces,historical-static,VehicleInterfaces.ElectricDrives.SimpleMotorDC,1,network-boundary-port,low,False,standalone-topology-not-defect-proof,"{""node"": ""inductor.p -- pin_n"", ""boundary_connectors"": ""pin_n"", ""wired_to"": ""inductor.p"", ""note"": ""this connector belongs to the model itself, not to a component inside it: the model is an interface compiled on its own, so the node is open on one side. Nothing forces its flow, which is why a structural matching reports an unmatched unknown here. Not a defect in the model""}",/data/mrumoca/eval/results/vehicleinterfaces/findings.jsonl
vehicleinterfaces,historical-static,VehicleInterfaces.ElectricDrives.SimpleMotorDC,2,physical-zero-is-a-supported-limit,low,False,advisory-or-explicit-non-defect,"{""domain"": ""electrical"", ""rule"": ""elec.inductance.positive"", ""rule_origin"": ""stored energy is L*i^2/2; L = 0 turns the differential equation into a constraint on voltage"", ""rule_reference"": ""MSL Electrical.Analog.Basic.Inductor"", ""matched_by"": {""quantity"": ""Inductance"", ""unit"": ""H"", ""confidence"": ""QUANTITY_AND_UNIT"", ""premise_state"": ""unknown"", ""authority"": ""quantity_or_unit"", ""canonical_declaration"": ""VehicleInterfaces.ElectricDrives.SimpleMotorDC.L""}, ""required"": ""L > 0"", ""declared_min"": null, ""variable_role"": ""parameter"", ""premise_state"": ""refuted"", ""authority"": ""component_contract"", ""contract"": ""Modelica.Electrical.Analog.Basic.Inductor.L: algebraic_limit (proven, from equation) \u2014 inherited from inductor.L, which it binds: the parameter multiplies a derivative, so at zero the differential relation becomes an algebraic constraint rather than an undefined quotient"", ""contract_behavior"": ""algebraic_limit"", ""contract_confidence"": ""proven"", ""contract_source"": ""equation"", ""note"": ""the positivity rule does not apply: this component documents zero as a meaningful limit, so reporting a missing bound would contradict its contract""}",/data/mrumoca/eval/results/vehicleinterfaces/findings.jsonl
vehicleinterfaces,historical-static,VehicleInterfaces.ElectricDrives.SimpleMotorDC,3,physical-zero-is-a-supported-limit,low,False,advisory-or-explicit-non-defect,"{""domain"": ""electrical"", ""rule"": ""elec.resistance.positive"", ""rule_origin"": ""a passive resistor dissipates energy; R <= 0 would make it a source, and R = 0 removes the equation that determines its current"", ""rule_reference"": ""MSL Electrical.Analog.Basic.Resistor"", ""matched_by"": {""quantity"": ""Resistance"", ""unit"": ""Ohm"", ""confidence"": ""QUANTITY_AND_UNIT"", ""premise_state"": ""unknown"", ""authority"": ""quantity_or_unit"", ""canonical_declaration"": ""VehicleInterfaces.ElectricDrives.SimpleMotorDC.R""}, ""required"": ""R > 0"", ""declared_min"": null, ""variable_role"": ""parameter"", ""premise_state"": ""refuted"", ""authority"": ""component_contract"", ""contract"": ""Modelica.Electrical.Analog.Basic.Resistor.R: feature_disabled (proven, from equation) \u2014 inherited from resistor.R, which it binds: the parameter appears only as a multiplier, so at zero the term it scales drops out and the rest of the model is unaffected"", ""contract_behavior"": ""feature_disabled"", ""contract_confidence"": ""proven"", ""contract_source"": ""equation"", ""note"": ""the positivity rule does not apply: this component documents zero as a meaningful limit, so reporting a missing bound would contradict its contract""}",/data/mrumoca/eval/results/vehicleinterfaces/findings.jsonl
vehicleinterfaces,historical-static,VehicleInterfaces.ElectricDrives.SimpleMotorDC,4,physical-zero-is-a-supported-limit,low,False,advisory-or-explicit-non-defect,"{""domain"": ""electrical"", ""rule"": ""elec.inductance.positive"", ""rule_origin"": ""stored energy is L*i^2/2; L = 0 turns the differential equation into a constraint on voltage"", ""rule_reference"": ""MSL Electrical.Analog.Basic.Inductor"", ""matched_by"": {""quantity"": ""Inductance"", ""unit"": ""H"", ""semantic_role"": ""component.passive.inductance"", ""binding_source"": ""component_type"", ""confidence"": ""QUANTITY_AND_UNIT"", ""declaring_class"": ""Modelica.Electrical.Analog.Basic.Inductor"", ""member"": ""L"", ""premise_state"": ""established"", ""authority"": ""component_contract"", ""canonical_declaration"": ""Modelica.Electrical.Analog.Basic.Inductor.L""}, ""required"": ""inductor.L > 0"", ""declared_min"": null, ""variable_role"": ""parameter"", ""premise_state"": ""refuted"", ""authority"": ""component_contract"", ""contract"": ""Modelica.Electrical.Analog.Basic.Inductor.L: algebraic_limit (proven, from equation) \u2014 the parameter multiplies a derivative, so at zero the differential relation becomes an algebraic constraint rather than an undefined quotient"", ""contract_behavior"": ""algebraic_limit"", ""contract_confidence"": ""proven"", ""contract_source"": ""equation"", ""note"": ""the positivity rule does not apply: this component documents zero as a meaningful limit, so reporting a missing bound would contradict its contract""}",/data/mrumoca/eval/results/vehicleinterfaces/findings.jsonl
vehicleinterfaces,historical-static,VehicleInterfaces.ElectricDrives.SimpleMotorDC,5,vanishing-coefficient,medium,False,hold-needs-source-and-witness-review,"{""parameter"": ""inductor.L"", ""declared_min"": null, ""shape"": ""parameter multiplies a derivative; zero removes the equation's only determination of that state""}",/data/mrumoca/eval/results/vehicleinterfaces/findings.jsonl
vehicleinterfaces,historical-static,VehicleInterfaces.ElectricDrives.SimpleMotorDC,6,vanishing-coefficient,medium,False,hold-needs-source-and-witness-review,"{""parameter"": ""eMF.k"", ""declared_min"": null, ""shape"": ""parameter multiplies a derivative; zero removes the equation's only determination of that state""}",/data/mrumoca/eval/results/vehicleinterfaces/findings.jsonl
vehicleinterfaces,historical-static,VehicleInterfaces.ElectricDrives.SimpleMotorDC,7,non-square-block,medium,False,hold-needs-source-and-witness-review,"{""block"": 0, ""equations"": 37, ""variables"": 36}",/data/mrumoca/eval/results/vehicleinterfaces/findings.jsonl
vehicleinterfaces,historical-static,VehicleInterfaces.ElectricDrives.SimpleMotorDC,8,non-square-block,medium,False,hold-needs-source-and-witness-review,"{""block"": 2, ""equations"": 9, ""variables"": 10}",/data/mrumoca/eval/results/vehicleinterfaces/findings.jsonl
vehicleinterfaces,historical-static,VehicleInterfaces.ElectricDrives.SimpleMotorDC,9,UNMATCHED_VARIABLE,high,False,hold-needs-source-and-witness-review,"{""variable"": ""end_1.zeroTorque1D.flange.phi"", ""scalars"": 1, ""scalars_determined"": 0, ""region_variables"": 47, ""region_equations"": 47, ""touching_equations"": ""1, 36"", ""confidence"": ""high"", ""result"": ""STRUCTURAL_MATCH_FAILURE"", ""note"": ""no equation in the connected structural region can be matched to this unknown. This is a structural result and says nothing about algebraic rank.""}",/data/mrumoca/eval/results/vehicleinterfaces/findings.jsonl
vehicleinterfaces,historical-static,VehicleInterfaces.ElectricDrives.SimpleMotorDC,10,UNMATCHED_VARIABLE,high,False,hold-needs-source-and-witness-review,"{""variable"": ""eMF.n.v"", ""scalars"": 1, ""scalars_determined"": 0, ""region_variables"": 47, ""region_equations"": 47, ""touching_equations"": ""20, 41"", ""confidence"": ""high"", ""result"": ""STRUCTURAL_MATCH_FAILURE"", ""note"": ""no equation in the connected structural region can be matched to this unknown. This is a structural result and says nothing about algebraic rank.""}",/data/mrumoca/eval/results/vehicleinterfaces/findings.jsonl
vehicleinterfaces,historical-static,VehicleInterfaces.ElectricDrives.SimpleMotorDC,11,UNMATCHED_EQUATION,high,False,hold-needs-source-and-witness-review,"{""equation"": ""pin_p.i"", ""scalar_rows"": 1, ""rows_matched"": 0, ""confidence"": ""high"", ""result"": ""STRUCTURAL_MATCH_FAILURE"", ""note"": ""this constraint has no unknown left to determine; the region is over-constrained""}",/data/mrumoca/eval/results/vehicleinterfaces/findings.jsonl
vehicleinterfaces,historical-static,VehicleInterfaces.ElectricDrives.SimpleMotorDC,12,UNMATCHED_EQUATION,high,False,hold-needs-source-and-witness-review,"{""equation"": ""pin_n.i"", ""scalar_rows"": 1, ""rows_matched"": 0, ""confidence"": ""high"", ""result"": ""STRUCTURAL_MATCH_FAILURE"", ""note"": ""this constraint has no unknown left to determine; the region is over-constrained""}",/data/mrumoca/eval/results/vehicleinterfaces/findings.jsonl
vehicleinterfaces,historical-static,VehicleInterfaces.ElectricDrives.SimpleMotorDC,13,STRUCTURE_DEGENERATES_AT_ZERO,low,False,hold-needs-source-and-witness-review,"{""parameter"": ""inductor.L"", ""contract"": ""Modelica.Electrical.Analog.Basic.Inductor.L: algebraic_limit (proven, from equation) \u2014 the parameter multiplies a derivative, so at zero the differential relation becomes an algebraic constraint rather than an undefined quotient"", ""contract_behavior"": ""algebraic_limit"", ""contract_confidence"": ""proven"", ""confidence"": ""low"", ""result"": ""TOPOLOGY_SPECIFIC"", ""incidences_lost"": 0, ""unknowns_left_undetermined"": 0, ""evidence_kind"": ""scales-a-rate"", ""note"": ""at zero this parameter removes a state and the equation that determines it. The matching survives, so the system is not structurally short; whether it is *algebraically* singular depends on this model's topology and initialization and needs execution to decide. This is not a claim that the declaration should forbid zero.""}",/data/mrumoca/eval/results/vehicleinterfaces/findings.jsonl
vehicleinterfaces,historical-static,VehicleInterfaces.ElectricDrives.SimpleMotorDC,14,STRUCTURE_DEGENERATES_AT_ZERO,low,False,hold-needs-source-and-witness-review,"{""parameter"": ""eMF.k"", ""contract"": ""Modelica.Electrical.Analog.Basic.RotationalEMF.k: algebraic_limit (proven, from equation) \u2014 the parameter multiplies a derivative, so at zero the differential relation becomes an algebraic constraint rather than an undefined quotient"", ""contract_behavior"": ""algebraic_limit"", ""contract_confidence"": ""proven"", ""confidence"": ""low"", ""result"": ""TOPOLOGY_SPECIFIC"", ""incidences_lost"": 0, ""unknowns_left_undetermined"": 0, ""evidence_kind"": ""scales-a-rate"", ""note"": ""at zero this parameter removes a state and the equation that determines it. The matching survives, so the system is not structurally short; whether it is *algebraically* singular depends on this model's topology and initialization and needs execution to decide. This is not a claim that the declaration should forbid zero.""}",/data/mrumoca/eval/results/vehicleinterfaces/findings.jsonl
vehicleinterfaces,historical-static,VehicleInterfaces.EnergyStorage.Battery,0,network-boundary-port,low,False,standalone-topology-not-defect-proof,"{""node"": ""constantVoltage.p -- pin_p"", ""boundary_connectors"": ""pin_p"", ""wired_to"": ""constantVoltage.p"", ""note"": ""this connector belongs to the model itself, not to a component inside it: the model is an interface compiled on its own, so the node is open on one side. Nothing forces its flow, which is why a structural matching reports an unmatched unknown here. Not a defect in the model""}",/data/mrumoca/eval/results/vehicleinterfaces/findings.jsonl
vehicleinterfaces,historical-static,VehicleInterfaces.EnergyStorage.Battery,1,network-boundary-port,low,False,standalone-topology-not-defect-proof,"{""node"": ""constantVoltage.n -- pin_n"", ""boundary_connectors"": ""pin_n"", ""wired_to"": ""constantVoltage.n"", ""note"": ""this connector belongs to the model itself, not to a component inside it: the model is an interface compiled on its own, so the node is open on one side. Nothing forces its flow, which is why a structural matching reports an unmatched unknown here. Not a defect in the model""}",/data/mrumoca/eval/results/vehicleinterfaces/findings.jsonl
vehicleinterfaces,historical-static,VehicleInterfaces.EnergyStorage.Battery,2,non-square-block,medium,False,hold-needs-source-and-witness-review,"{""block"": 0, ""equations"": 6, ""variables"": 5}",/data/mrumoca/eval/results/vehicleinterfaces/findings.jsonl
vehicleinterfaces,historical-static,VehicleInterfaces.EnergyStorage.Battery,3,non-square-block,medium,False,hold-needs-source-and-witness-review,"{""block"": 1, ""equations"": 4, ""variables"": 5}",/data/mrumoca/eval/results/vehicleinterfaces/findings.jsonl
vehicleinterfaces,historical-static,VehicleInterfaces.EnergyStorage.Battery,4,UNMATCHED_VARIABLE,high,False,hold-needs-source-and-witness-review,"{""variable"": ""constantVoltage.n.v"", ""scalars"": 1, ""scalars_determined"": 0, ""region_variables"": 5, ""region_equations"": 4, ""touching_equations"": ""2, 7"", ""confidence"": ""high"", ""result"": ""STRUCTURAL_MATCH_FAILURE"", ""note"": ""no equation in the connected structural region can be matched to this unknown. This is a structural result and says nothing about algebraic rank.""}",/data/mrumoca/eval/results/vehicleinterfaces/findings.jsonl
vehicleinterfaces,historical-static,VehicleInterfaces.EnergyStorage.Battery,5,UNMATCHED_EQUATION,high,False,hold-needs-source-and-witness-review,"{""equation"": ""pin_p.i"", ""scalar_rows"": 1, ""rows_matched"": 0, ""confidence"": ""high"", ""result"": ""STRUCTURAL_MATCH_FAILURE"", ""note"": ""this constraint has no unknown left to determine; the region is over-constrained""}",/data/mrumoca/eval/results/vehicleinterfaces/findings.jsonl
vehicleinterfaces,historical-static,VehicleInterfaces.Mechanics.MultiBody.MultiBodyEnd,0,non-square-block,medium,False,hold-needs-source-and-witness-review,"{""block"": 1, ""equations"": 3, ""variables"": 4}",/data/mrumoca/eval/results/vehicleinterfaces/findings.jsonl
vehicleinterfaces,historical-static,VehicleInterfaces.Mechanics.MultiBody.MultiBodyEnd,1,non-square-block,medium,False,hold-needs-source-and-witness-review,"{""block"": 2, ""equations"": 4, ""variables"": 3}",/data/mrumoca/eval/results/vehicleinterfaces/findings.jsonl
vehicleinterfaces,historical-static,VehicleInterfaces.Mechanics.MultiBody.MultiBodyEnd,2,UNMATCHED_VARIABLE,high,False,hold-needs-source-and-witness-review,"{""variable"": ""zeroTorque1D.flange.phi"", ""scalars"": 1, ""scalars_determined"": 0, ""region_variables"": 5, ""region_equations"": 4, ""touching_equations"": ""0, 6"", ""confidence"": ""high"", ""result"": ""STRUCTURAL_MATCH_FAILURE"", ""note"": ""no equation in the connected structural region can be matched to this unknown. This is a structural result and says nothing about algebraic rank.""}",/data/mrumoca/eval/results/vehicleinterfaces/findings.jsonl
vehicleinterfaces,historical-static,VehicleInterfaces.Mechanics.MultiBody.MultiBodyEnd,3,UNMATCHED_EQUATION,high,False,hold-needs-source-and-witness-review,"{""equation"": ""flange.flange.tau"", ""scalar_rows"": 1, ""rows_matched"": 0, ""confidence"": ""high"", ""result"": ""STRUCTURAL_MATCH_FAILURE"", ""note"": ""this constraint has no unknown left to determine; the region is over-constrained""}",/data/mrumoca/eval/results/vehicleinterfaces/findings.jsonl
vehicleinterfaces,historical-static,VehicleInterfaces.Mechanics.NormalisedRotational.AngleSensor,0,network-port-unconnected,low,False,standalone-topology-not-defect-proof,"{""connector"": ""flange_a"", ""component"": ""<top level>"", ""component_class"": ""unknown"", ""flows_forced_to_zero"": ""flange_a.tau"", ""note"": ""nothing is connected to this port, so MLS \u00a79.2 forces its flow to zero. That is correct for a component compiled on its own and is not a defect; it is recorded because it is the commonest reason a model looks structurally singular""}",/data/mrumoca/eval/results/vehicleinterfaces/findings.jsonl
vehicleinterfaces,historical-static,VehicleInterfaces.Mechanics.NormalisedRotational.AngleSensor,1,network-component-isolated,low,False,standalone-topology-not-defect-proof,"{""component"": ""<top level>"", ""component_class"": ""unknown"", ""ports"": ""flange_a"", ""note"": ""every port of this instance is unconnected, so it exchanges nothing with the rest of the model while still contributing its equations""}",/data/mrumoca/eval/results/vehicleinterfaces/findings.jsonl
vehicleinterfaces,historical-static,VehicleInterfaces.Mechanics.NormalisedRotational.AngleSensor,2,non-square-block,medium,False,hold-needs-source-and-witness-review,"{""block"": 1, ""equations"": 2, ""variables"": 1}",/data/mrumoca/eval/results/vehicleinterfaces/findings.jsonl
vehicleinterfaces,historical-static,VehicleInterfaces.Mechanics.NormalisedRotational.AngleSensor,3,UNMATCHED_VARIABLE,high,False,hold-needs-source-and-witness-review,"{""variable"": ""phi"", ""scalars"": 1, ""scalars_determined"": 0, ""region_variables"": 2, ""region_equations"": 1, ""touching_equations"": ""0"", ""confidence"": ""high"", ""result"": ""STRUCTURAL_MATCH_FAILURE"", ""note"": ""no equation in the connected structural region can be matched to this unknown. This is a structural result and says nothing about algebraic rank.""}",/data/mrumoca/eval/results/vehicleinterfaces/findings.jsonl
vehicleinterfaces,historical-static,VehicleInterfaces.Mechanics.NormalisedRotational.AngleSensor,4,UNMATCHED_EQUATION,high,False,hold-needs-source-and-witness-review,"{""equation"": ""flange_a.tau"", ""scalar_rows"": 1, ""rows_matched"": 0, ""confidence"": ""high"", ""result"": ""STRUCTURAL_MATCH_FAILURE"", ""note"": ""this constraint has no unknown left to determine; the region is over-constrained""}",/data/mrumoca/eval/results/vehicleinterfaces/findings.jsonl
vehicleinterfaces,historical-static,VehicleInterfaces.Mechanics.NormalisedRotational.AngleSensor,5,DUPLICATE_EQUATION,medium,False,hold-needs-source-and-witness-review,"{""equations"": ""(0 - flange_a.tau), flange_a.tau"", ""count"": 2, ""confidence"": ""medium"", ""note"": ""the same constraint up to scale, stated more than once; one of them constrains nothing new""}",/data/mrumoca/eval/results/vehicleinterfaces/findings.jsonl
vehicleinterfaces,historical-static,VehicleInterfaces.Atmospheres.ConstantAtmosphere,0,divisor-reachable-zero,high,False,hold-needs-source-and-witness-review,"{""denominator"": ""(R * T)"", ""witness"": ""T = 0"", ""witness_rationale"": ""set to zero"", ""denominator_at_witness"": 0.0, ""denominator_at_declared_values"": 84149.0665949657, ""denominator_range"": ""[0, inf]"", ""path_condition"": ""always evaluated"", ""verdict"": ""SAT"", ""proof"": ""the division is not inside any branch"", ""constraints"": ""T: min=0"", ""note"": ""a permitted assignment drives the complete denominator to zero and the division is still evaluated there""}",/data/mrumoca/eval/results/vehicleinterfaces/findings.jsonl
vehicleinterfaces,historical-static,VehicleInterfaces.Atmospheres.ConstantAtmosphere,1,divisor-reachable-zero,high,False,hold-needs-source-and-witness-review,"{""denominator"": ""(R * T)"", ""witness"": ""T = 0"", ""witness_rationale"": ""set to zero"", ""denominator_at_witness"": 0.0, ""denominator_at_declared_values"": 84149.0665949657, ""denominator_range"": ""[0, inf]"", ""path_condition"": ""always evaluated"", ""verdict"": ""SAT"", ""proof"": ""the division is not inside any branch"", ""constraints"": ""T: min=0"", ""note"": ""a permitted assignment drives the complete denominator to zero and the division is still evaluated there""}",/data/mrumoca/eval/results/vehicleinterfaces/findings.jsonl
vehicleinterfaces,historical-static,VehicleInterfaces.Atmospheres.ConstantAtmosphere,2,physical-intent-question,low,False,advisory-or-explicit-non-defect,"{""domain"": ""fluid"", ""rule"": ""fluid.density.positive"", ""rule_origin"": ""mass per volume of a real fluid; density appears as a divisor throughout the Fluid library"", ""rule_reference"": """", ""matched_by"": {""quantity"": ""Density"", ""unit"": ""kg/m3"", ""confidence"": ""QUANTITY_AND_UNIT"", ""premise_state"": ""unknown"", ""authority"": ""quantity_or_unit"", ""canonical_declaration"": ""VehicleInterfaces.Atmospheres.ConstantAtmosphere.rho""}, ""required"": ""rho > 0"", ""declared_min"": 0.0, ""variable_role"": ""parameter"", ""observation"": ""permissive-declaration"", ""premise_state"": ""unknown"", ""authority"": ""quantity_or_unit"", ""canonical_declaration"": ""VehicleInterfaces.Atmospheres.ConstantAtmosphere.rho"", ""question"": ""`rho` is bounded only by min=0, which is unusual for a density \u2014 but nothing declares what this component is, so the analyzer cannot tell whether it is intended. Is it? If so, declare it: add a component contract, or a `[[contracts]]` entry naming the intended `sign_domain`. If not, bound the declaration.""}",/data/mrumoca/eval/results/vehicleinterfaces/findings.jsonl
vehicleinterfaces,historical-static,VehicleInterfaces.Engines.NullEngine,0,non-square-block,medium,False,hold-needs-source-and-witness-review,"{""block"": 2, ""equations"": 9, ""variables"": 10}",/data/mrumoca/eval/results/vehicleinterfaces/findings.jsonl
vehicleinterfaces,historical-static,VehicleInterfaces.Engines.NullEngine,1,non-square-block,medium,False,hold-needs-source-and-witness-review,"{""block"": 3, ""equations"": 9, ""variables"": 8}",/data/mrumoca/eval/results/vehicleinterfaces/findings.jsonl
vehicleinterfaces,historical-static,VehicleInterfaces.Engines.NullEngine,2,UNMATCHED_VARIABLE,high,False,hold-needs-source-and-witness-review,"{""variable"": ""end_1.zeroTorque1D.flange.phi"", ""scalars"": 1, ""scalars_determined"": 0, ""region_variables"": 12, ""region_equations"": 11, ""touching_equations"": ""0, 13"", ""confidence"": ""high"", ""result"": ""STRUCTURAL_MATCH_FAILURE"", ""note"": ""no equation in the connected structural region can be matched to this unknown. This is a structural result and says nothing about algebraic rank.""}",/data/mrumoca/eval/results/vehicleinterfaces/findings.jsonl
vehicleinterfaces,historical-static,VehicleInterfaces.Engines.NullEngine,3,UNMATCHED_EQUATION,high,False,hold-needs-source-and-witness-review,"{""equation"": ""accessoryFlange.flange.tau"", ""scalar_rows"": 1, ""rows_matched"": 0, ""confidence"": ""high"", ""result"": ""STRUCTURAL_MATCH_FAILURE"", ""note"": ""this constraint has no unknown left to determine; the region is over-constrained""}",/data/mrumoca/eval/results/vehicleinterfaces/findings.jsonl
vehicleinterfaces,historical-static,VehicleInterfaces.Interfaces.ShiftInput,0,network-port-unconnected,low,False,standalone-topology-not-defect-proof,"{""connector"": ""shiftConnector.crossGate"", ""component"": ""shiftConnector"", ""component_class"": ""unknown"", ""flows_forced_to_zero"": ""shiftConnector.crossGate.f"", ""note"": ""nothing is connected to this port, so MLS \u00a79.2 forces its flow to zero. That is correct for a component compiled on its own and is not a defect; it is recorded because it is the commonest reason a model looks structurally singular""}",/data/mrumoca/eval/results/vehicleinterfaces/findings.jsonl
vehicleinterfaces,historical-static,VehicleInterfaces.Interfaces.ShiftInput,1,network-port-unconnected,low,False,standalone-topology-not-defect-proof,"{""connector"": ""shiftConnector.intoGear"", ""component"": ""shiftConnector"", ""component_class"": ""unknown"", ""flows_forced_to_zero"": ""shiftConnector.intoGear.f"", ""note"": ""nothing is connected to this port, so MLS \u00a79.2 forces its flow to zero. That is correct for a component compiled on its own and is not a defect; it is recorded because it is the commonest reason a model looks structurally singular""}",/data/mrumoca/eval/results/vehicleinterfaces/findings.jsonl
vehicleinterfaces,historical-static,VehicleInterfaces.Interfaces.ShiftInput,2,network-component-isolated,low,False,standalone-topology-not-defect-proof,"{""component"": ""shiftConnector"", ""component_class"": ""unknown"", ""ports"": ""shiftConnector.crossGate, shiftConnector.intoGear"", ""note"": ""every port of this instance is unconnected, so it exchanges nothing with the rest of the model while still contributing its equations""}",/data/mrumoca/eval/results/vehicleinterfaces/findings.jsonl
vehicleinterfaces,historical-static,VehicleInterfaces.Interfaces.ShiftInput,3,non-square-block,medium,False,hold-needs-source-and-witness-review,"{""block"": 0, ""equations"": 2, ""variables"": 3}",/data/mrumoca/eval/results/vehicleinterfaces/findings.jsonl
vehicleinterfaces,historical-static,VehicleInterfaces.Mechanics.NormalisedTranslational.Force,0,network-port-unconnected,low,False,standalone-topology-not-defect-proof,"{""connector"": ""flange_b"", ""component"": ""<top level>"", ""component_class"": ""unknown"", ""flows_forced_to_zero"": ""flange_b.f"", ""note"": ""nothing is connected to this port, so MLS \u00a79.2 forces its flow to zero. That is correct for a component compiled on its own and is not a defect; it is recorded because it is the commonest reason a model looks structurally singular""}",/data/mrumoca/eval/results/vehicleinterfaces/findings.jsonl
vehicleinterfaces,historical-static,VehicleInterfaces.Mechanics.NormalisedTranslational.Force,1,network-component-isolated,low,False,standalone-topology-not-defect-proof,"{""component"": ""<top level>"", ""component_class"": ""unknown"", ""ports"": ""flange_b"", ""note"": ""every port of this instance is unconnected, so it exchanges nothing with the rest of the model while still contributing its equations""}",/data/mrumoca/eval/results/vehicleinterfaces/findings.jsonl
vehicleinterfaces,historical-static,VehicleInterfaces.Mechanics.NormalisedTranslational.Force,2,UNMATCHED_EQUATION,high,False,hold-needs-source-and-witness-review,"{""equation"": ""flange_b.f"", ""scalar_rows"": 1, ""rows_matched"": 0, ""confidence"": ""high"", ""result"": ""STRUCTURAL_MATCH_FAILURE"", ""note"": ""this constraint has no unknown left to determine; the region is over-constrained""}",/data/mrumoca/eval/results/vehicleinterfaces/findings.jsonl
vehicleinterfaces,historical-static,VehicleInterfaces.Chassis.MinimalChassis,0,network-boundary-port,low,False,standalone-topology-not-defect-proof,"{""node"": ""chassisBus -- longitudinalVelocity"", ""boundary_connectors"": ""chassisBus, longitudinalVelocity"", ""wired_to"": ""nothing"", ""note"": ""this connector belongs to the model itself, not to a component inside it: the model is an interface compiled on its own, so the node is open on one side. Nothing forces its flow, which is why a structural matching reports an unmatched unknown here. Not a defect in the model""}",/data/mrumoca/eval/results/vehicleinterfaces/findings.jsonl
vehicleinterfaces,historical-static,VehicleInterfaces.Chassis.MinimalChassis,1,physical-zero-is-a-supported-limit,low,False,advisory-or-explicit-non-defect,"{""domain"": ""mechanical"", ""rule"": ""mech.mass.positive"", ""rule_origin"": ""m*a = f determines acceleration only for m > 0; negative mass is not a physical body"", ""rule_reference"": ""MSL Mechanics.Translational.Components.Mass"", ""matched_by"": {""quantity"": ""Mass"", ""unit"": ""kg"", ""confidence"": ""QUANTITY_AND_UNIT"", ""premise_state"": ""unknown"", ""authority"": ""quantity_or_unit"", ""canonical_declaration"": ""VehicleInterfaces.Chassis.MinimalChassis.vehicleMass""}, ""required"": ""vehicleMass > 0"", ""declared_min"": 0.0, ""variable_role"": ""parameter"", ""premise_state"": ""refuted"", ""authority"": ""component_contract"", ""contract"": ""Modelica.Mechanics.Translational.Components.Mass.m: algebraic_limit (proven, from equation) \u2014 inherited from body.m, which it binds: the parameter multiplies a derivative, so at zero the differential relation becomes an algebraic constraint rather than an undefined quotient"", ""contract_behavior"": ""algebraic_limit"", ""contract_confidence"": ""proven"", ""contract_source"": ""equation"", ""note"": ""the positivity rule does not apply: this component documents zero as a meaningful limit, so reporting a missing bound would contradict its contract""}",/data/mrumoca/eval/results/vehicleinterfaces/findings.jsonl
vehicleinterfaces,historical-static,VehicleInterfaces.Chassis.MinimalChassis,2,physical-zero-is-a-supported-limit,low,False,advisory-or-explicit-non-defect,"{""domain"": ""mechanical"", ""rule"": ""mech.damping.non_negative"", ""rule_origin"": ""a damper dissipates; d < 0 injects energy. Zero is a legitimate frictionless idealisation, so the bound is >="", ""rule_reference"": """", ""matched_by"": {""quantity"": ""TranslationalDampingConstant"", ""unit"": ""N.s/m"", ""confidence"": ""QUANTITY"", ""premise_state"": ""unknown"", ""authority"": ""quantity_or_unit"", ""canonical_declaration"": ""VehicleInterfaces.Chassis.MinimalChassis.drag""}, ""required"": ""drag >= 0"", ""declared_min"": null, ""variable_role"": ""parameter"", ""premise_state"": ""refuted"", ""authority"": ""component_contract"", ""contract"": ""Modelica.Mechanics.Translational.Components.Damper.d: algebraic_limit (proven, from equation) \u2014 inherited from dragForces.d, which it binds: the parameter multiplies a derivative, so at zero the differential relation becomes an algebraic constraint rather than an undefined quotient"", ""contract_behavior"": ""algebraic_limit"", ""contract_confidence"": ""proven"", ""contract_source"": ""equation"", ""note"": ""the positivity rule does not apply: this component documents zero as a meaningful limit, so reporting a missing bound would contradict its contract""}",/data/mrumoca/eval/results/vehicleinterfaces/findings.jsonl
vehicleinterfaces,historical-static,VehicleInterfaces.Chassis.MinimalChassis,3,physical-zero-is-a-supported-limit,low,False,advisory-or-explicit-non-defect,"{""domain"": ""mechanical"", ""rule"": ""mech.mass.positive"", ""rule_origin"": ""m*a = f determines acceleration only for m > 0; negative mass is not a physical body"", ""rule_reference"": ""MSL Mechanics.Translational.Components.Mass"", ""matched_by"": {""quantity"": ""Mass"", ""unit"": ""kg"", ""semantic_role"": ""component.translational.mass"", ""binding_source"": ""component_type"", ""confidence"": ""QUANTITY_AND_UNIT"", ""declaring_class"": ""Modelica.Mechanics.Translational.Components.Mass"", ""member"": ""m"", ""premise_state"": ""established"", ""authority"": ""component_contract"", ""canonical_declaration"": ""Modelica.Mechanics.Translational.Components.Mass.m""}, ""required"": ""body.m > 0"", ""declared_min"": 0.0, ""variable_role"": ""parameter"", ""premise_state"": ""refuted"", ""authority"": ""component_contract"", ""contract"": ""Modelica.Mechanics.Translational.Components.Mass.m: algebraic_limit (proven, from equation) \u2014 the parameter multiplies a derivative, so at zero the differential relation becomes an algebraic constraint rather than an undefined quotient"", ""contract_behavior"": ""algebraic_limit"", ""contract_confidence"": ""proven"", ""contract_source"": ""equation"", ""note"": ""the positivity rule does not apply: this component documents zero as a meaningful limit, so reporting a missing bound would contradict its contract""}",/data/mrumoca/eval/results/vehicleinterfaces/findings.jsonl
vehicleinterfaces,historical-static,VehicleInterfaces.Chassis.MinimalChassis,4,quantity-missing,low,False,advisory-or-explicit-non-defect,"{""unit"": ""m/s"", ""count"": 2, ""declarations"": ""longitudinalVelocity.v, chassisBus.longitudinalVelocity"", ""note"": ""a unit is declared without a quantity, so nothing states what is being measured and no rule keyed on quantity can apply to it""}",/data/mrumoca/eval/results/vehicleinterfaces/findings.jsonl
vehicleinterfaces,historical-static,VehicleInterfaces.Chassis.MinimalChassis,5,vanishing-coefficient,medium,False,hold-needs-source-and-witness-review,"{""parameter"": ""body.m"", ""declared_min"": 0, ""shape"": ""parameter multiplies a derivative; zero removes the equation's only determination of that state""}",/data/mrumoca/eval/results/vehicleinterfaces/findings.jsonl
vehicleinterfaces,historical-static,VehicleInterfaces.Chassis.MinimalChassis,6,vanishing-coefficient,medium,False,hold-needs-source-and-witness-review,"{""parameter"": ""dragForces.d"", ""declared_min"": 0, ""shape"": ""parameter multiplies a derivative; zero removes the equation's only determination of that state""}",/data/mrumoca/eval/results/vehicleinterfaces/findings.jsonl
vehicleinterfaces,historical-static,VehicleInterfaces.Chassis.MinimalChassis,7,non-square-block,medium,False,hold-needs-source-and-witness-review,"{""block"": 0, ""equations"": 36, ""variables"": 35}",/data/mrumoca/eval/results/vehicleinterfaces/findings.jsonl
vehicleinterfaces,historical-static,VehicleInterfaces.Chassis.MinimalChassis,8,non-square-block,medium,False,hold-needs-source-and-witness-review,"{""block"": 7, ""equations"": 36, ""variables"": 37}",/data/mrumoca/eval/results/vehicleinterfaces/findings.jsonl
vehicleinterfaces,historical-static,VehicleInterfaces.Chassis.MinimalChassis,9,STRUCTURE_DEGENERATES_AT_ZERO,low,False,hold-needs-source-and-witness-review,"{""parameter"": ""tyres.radius"", ""contract"": ""Modelica.Mechanics.Rotational.Components.IdealRollingWheel.radius: feature_disabled (proven, from equation) \u2014 the parameter appears only as a multiplier, so at zero the term it scales drops out and the rest of the model is unaffected"", ""contract_behavior"": ""feature_disabled"", ""contract_confidence"": ""proven"", ""confidence"": ""low"", ""result"": ""TOPOLOGY_SPECIFIC"", ""incidences_lost"": 3, ""unknowns_left_undetermined"": 1, ""evidence_kind"": ""matching-shortfall"", ""note"": ""at zero the terms this parameter scales drop out, and the maximum matching over this model then falls short by 1: that many unknowns have no equation left to determine them. This is proof that the system is under-determined at that value, and it is a fact about this topology, not about the component's declaration.""}",/data/mrumoca/eval/results/vehicleinterfaces/findings.jsonl
vehicleinterfaces,historical-static,VehicleInterfaces.Chassis.MinimalChassis,10,STRUCTURE_DEGENERATES_AT_ZERO,low,False,hold-needs-source-and-witness-review,"{""parameter"": ""body.m"", ""contract"": ""Modelica.Mechanics.Translational.Components.Mass.m: algebraic_limit (proven, from equation) \u2014 the parameter multiplies a derivative, so at zero the differential relation becomes an algebraic constraint rather than an undefined quotient"", ""contract_behavior"": ""algebraic_limit"", ""contract_confidence"": ""proven"", ""confidence"": ""low"", ""result"": ""TOPOLOGY_SPECIFIC"", ""incidences_lost"": 0, ""unknowns_left_undetermined"": 0, ""evidence_kind"": ""scales-a-rate"", ""note"": ""at zero this parameter removes a state and the equation that determines it. The matching survives, so the system is not structurally short; whether it is *algebraically* singular depends on this model's topology and initialization and needs execution to decide. This is not a claim that the declaration should forbid zero.""}",/data/mrumoca/eval/results/vehicleinterfaces/findings.jsonl
vehicleinterfaces,historical-static,VehicleInterfaces.Chassis.MinimalChassis,11,STRUCTURE_DEGENERATES_AT_ZERO,low,False,hold-needs-source-and-witness-review,"{""parameter"": ""dragForces.d"", ""contract"": ""Modelica.Mechanics.Translational.Components.Damper.d: algebraic_limit (proven, from equation) \u2014 the parameter multiplies a derivative, so at zero the differential relation becomes an algebraic constraint rather than an undefined quotient"", ""contract_behavior"": ""algebraic_limit"", ""contract_confidence"": ""proven"", ""confidence"": ""low"", ""result"": ""TOPOLOGY_SPECIFIC"", ""incidences_lost"": 0, ""unknowns_left_undetermined"": 0, ""evidence_kind"": ""scales-a-rate"", ""note"": ""at zero this parameter removes a state and the equation that determines it. The matching survives, so the system is not structurally short; whether it is *algebraically* singular depends on this model's topology and initialization and needs execution to decide. This is not a claim that the declaration should forbid zero.""}",/data/mrumoca/eval/results/vehicleinterfaces/findings.jsonl
vehicleinterfaces,historical-static,VehicleInterfaces.Mechanics.NormalisedRotational.Position,0,network-port-unconnected,low,False,standalone-topology-not-defect-proof,"{""connector"": ""flange_b"", ""component"": ""<top level>"", ""component_class"": ""unknown"", ""flows_forced_to_zero"": ""flange_b.tau"", ""note"": ""nothing is connected to this port, so MLS \u00a79.2 forces its flow to zero. That is correct for a component compiled on its own and is not a defect; it is recorded because it is the commonest reason a model looks structurally singular""}",/data/mrumoca/eval/results/vehicleinterfaces/findings.jsonl
vehicleinterfaces,historical-static,VehicleInterfaces.Mechanics.NormalisedRotational.Position,1,network-component-isolated,low,False,standalone-topology-not-defect-proof,"{""component"": ""<top level>"", ""component_class"": ""unknown"", ""ports"": ""flange_b"", ""note"": ""every port of this instance is unconnected, so it exchanges nothing with the rest of the model while still contributing its equations""}",/data/mrumoca/eval/results/vehicleinterfaces/findings.jsonl
vehicleinterfaces,historical-static,VehicleInterfaces.Mechanics.NormalisedRotational.Position,2,non-square-block,medium,False,hold-needs-source-and-witness-review,"{""block"": 2, ""equations"": 2, ""variables"": 3}",/data/mrumoca/eval/results/vehicleinterfaces/findings.jsonl
vehicleinterfaces,historical-static,VehicleInterfaces.DriverEnvironments.DriveByWireAutomatic,0,network-boundary-port,low,False,standalone-topology-not-defect-proof,"{""node"": ""acceleratorDemand -- brakeDemand -- driverBus -- gearMode -- gearSelect -- ignition"", ""boundary_connectors"": ""acceleratorDemand, brakeDemand, driverBus, gearMode, gearSelect, ignition"", ""wired_to"": ""nothing"", ""note"": ""this connector belongs to the model itself, not to a component inside it: the model is an interface compiled on its own, so the node is open on one side. Nothing forces its flow, which is why a structural matching reports an unmatched unknown here. Not a defect in the model""}",/data/mrumoca/eval/results/vehicleinterfaces/findings.jsonl
vehicleinterfaces,historical-static,VehicleInterfaces.Mechanics.NormalisedRotational.Torque,0,network-port-unconnected,low,False,standalone-topology-not-defect-proof,"{""connector"": ""flange_b"", ""component"": ""<top level>"", ""component_class"": ""unknown"", ""flows_forced_to_zero"": ""flange_b.tau"", ""note"": ""nothing is connected to this port, so MLS \u00a79.2 forces its flow to zero. That is correct for a component compiled on its own and is not a defect; it is recorded because it is the commonest reason a model looks structurally singular""}",/data/mrumoca/eval/results/vehicleinterfaces/findings.jsonl
vehicleinterfaces,historical-static,VehicleInterfaces.Mechanics.NormalisedRotational.Torque,1,network-component-isolated,low,False,standalone-topology-not-defect-proof,"{""component"": ""<top level>"", ""component_class"": ""unknown"", ""ports"": ""flange_b"", ""note"": ""every port of this instance is unconnected, so it exchanges nothing with the rest of the model while still contributing its equations""}",/data/mrumoca/eval/results/vehicleinterfaces/findings.jsonl
vehicleinterfaces,historical-static,VehicleInterfaces.Mechanics.NormalisedRotational.Torque,2,UNMATCHED_EQUATION,high,False,hold-needs-source-and-witness-review,"{""equation"": ""flange_b.tau"", ""scalar_rows"": 1, ""rows_matched"": 0, ""confidence"": ""high"", ""result"": ""STRUCTURAL_MATCH_FAILURE"", ""note"": ""this constraint has no unknown left to determine; the region is over-constrained""}",/data/mrumoca/eval/results/vehicleinterfaces/findings.jsonl
vehicleinterfaces,historical-static,VehicleInterfaces.Mechanics.NormalisedTranslational.Position,0,network-port-unconnected,low,False,standalone-topology-not-defect-proof,"{""connector"": ""flange_b"", ""component"": ""<top level>"", ""component_class"": ""unknown"", ""flows_forced_to_zero"": ""flange_b.f"", ""note"": ""nothing is connected to this port, so MLS \u00a79.2 forces its flow to zero. That is correct for a component compiled on its own and is not a defect; it is recorded because it is the commonest reason a model looks structurally singular""}",/data/mrumoca/eval/results/vehicleinterfaces/findings.jsonl
vehicleinterfaces,historical-static,VehicleInterfaces.Mechanics.NormalisedTranslational.Position,1,network-component-isolated,low,False,standalone-topology-not-defect-proof,"{""component"": ""<top level>"", ""component_class"": ""unknown"", ""ports"": ""flange_b"", ""note"": ""every port of this instance is unconnected, so it exchanges nothing with the rest of the model while still contributing its equations""}",/data/mrumoca/eval/results/vehicleinterfaces/findings.jsonl
vehicleinterfaces,historical-static,VehicleInterfaces.Mechanics.NormalisedTranslational.Position,2,non-square-block,medium,False,hold-needs-source-and-witness-review,"{""block"": 0, ""equations"": 2, ""variables"": 3}",/data/mrumoca/eval/results/vehicleinterfaces/findings.jsonl
vehicleinterfaces,historical-static,VehicleInterfaces.Mechanics.NormalisedTranslational.PositionSensor,0,network-port-unconnected,low,False,standalone-topology-not-defect-proof,"{""connector"": ""flange_a"", ""component"": ""<top level>"", ""component_class"": ""unknown"", ""flows_forced_to_zero"": ""flange_a.f"", ""note"": ""nothing is connected to this port, so MLS \u00a79.2 forces its flow to zero. That is correct for a component compiled on its own and is not a defect; it is recorded because it is the commonest reason a model looks structurally singular""}",/data/mrumoca/eval/results/vehicleinterfaces/findings.jsonl
vehicleinterfaces,historical-static,VehicleInterfaces.Mechanics.NormalisedTranslational.PositionSensor,1,network-component-isolated,low,False,standalone-topology-not-defect-proof,"{""component"": ""<top level>"", ""component_class"": ""unknown"", ""ports"": ""flange_a"", ""note"": ""every port of this instance is unconnected, so it exchanges nothing with the rest of the model while still contributing its equations""}",/data/mrumoca/eval/results/vehicleinterfaces/findings.jsonl
vehicleinterfaces,historical-static,VehicleInterfaces.Mechanics.NormalisedTranslational.PositionSensor,2,non-square-block,medium,False,hold-needs-source-and-witness-review,"{""block"": 1, ""equations"": 2, ""variables"": 1}",/data/mrumoca/eval/results/vehicleinterfaces/findings.jsonl
vehicleinterfaces,historical-static,VehicleInterfaces.Mechanics.NormalisedTranslational.PositionSensor,3,UNMATCHED_VARIABLE,high,False,hold-needs-source-and-witness-review,"{""variable"": ""position"", ""scalars"": 1, ""scalars_determined"": 0, ""region_variables"": 2, ""region_equations"": 1, ""touching_equations"": ""0"", ""confidence"": ""high"", ""result"": ""STRUCTURAL_MATCH_FAILURE"", ""note"": ""no equation in the connected structural region can be matched to this unknown. This is a structural result and says nothing about algebraic rank.""}",/data/mrumoca/eval/results/vehicleinterfaces/findings.jsonl
vehicleinterfaces,historical-static,VehicleInterfaces.Mechanics.NormalisedTranslational.PositionSensor,4,UNMATCHED_EQUATION,high,False,hold-needs-source-and-witness-review,"{""equation"": ""flange_a.f"", ""scalar_rows"": 1, ""rows_matched"": 0, ""confidence"": ""high"", ""result"": ""STRUCTURAL_MATCH_FAILURE"", ""note"": ""this constraint has no unknown left to determine; the region is over-constrained""}",/data/mrumoca/eval/results/vehicleinterfaces/findings.jsonl
vehicleinterfaces,historical-static,VehicleInterfaces.Mechanics.NormalisedTranslational.PositionSensor,5,DUPLICATE_EQUATION,medium,False,hold-needs-source-and-witness-review,"{""equations"": ""(0 - flange_a.f), flange_a.f"", ""count"": 2, ""confidence"": ""medium"", ""note"": ""the same constraint up to scale, stated more than once; one of them constrains nothing new""}",/data/mrumoca/eval/results/vehicleinterfaces/findings.jsonl
vehicleinterfaces,historical-static,VehicleInterfaces.DriverEnvironments.ConventionalManual,0,initialization-count-mismatch,info,False,hold-needs-source-and-witness-review,"{""states"": 6, ""initial_equations"": 3, ""fixed_starts"": 0, ""note"": ""approximate; the compiler's balance check is authoritative""}",/data/mrumoca/eval/results/vehicleinterfaces/findings.jsonl
vehicleinterfaces,historical-static,VehicleInterfaces.DriverEnvironments.ConventionalManual,1,network-boundary-port,low,False,standalone-topology-not-defect-proof,"{""node"": ""acceleratorPedal -- acceleratorPosition.flange"", ""boundary_connectors"": ""acceleratorPedal"", ""wired_to"": ""acceleratorPosition.flange"", ""note"": ""this connector belongs to the model itself, not to a component inside it: the model is an interface compiled on its own, so the node is open on one side. Nothing forces its flow, which is why a structural matching reports an unmatched unknown here. Not a defect in the model""}",/data/mrumoca/eval/results/vehicleinterfaces/findings.jsonl
vehicleinterfaces,historical-static,VehicleInterfaces.DriverEnvironments.ConventionalManual,2,network-boundary-port,low,False,standalone-topology-not-defect-proof,"{""node"": ""brakePedal -- brakePosition.flange"", ""boundary_connectors"": ""brakePedal"", ""wired_to"": ""brakePosition.flange"", ""note"": ""this connector belongs to the model itself, not to a component inside it: the model is an interface compiled on its own, so the node is open on one side. Nothing forces its flow, which is why a structural matching reports an unmatched unknown here. Not a defect in the model""}",/data/mrumoca/eval/results/vehicleinterfaces/findings.jsonl
vehicleinterfaces,historical-static,VehicleInterfaces.DriverEnvironments.ConventionalManual,3,network-boundary-port,low,False,standalone-topology-not-defect-proof,"{""node"": ""clutchPedal -- clutchPosition.flange"", ""boundary_connectors"": ""clutchPedal"", ""wired_to"": ""clutchPosition.flange"", ""note"": ""this connector belongs to the model itself, not to a component inside it: the model is an interface compiled on its own, so the node is open on one side. Nothing forces its flow, which is why a structural matching reports an unmatched unknown here. Not a defect in the model""}",/data/mrumoca/eval/results/vehicleinterfaces/findings.jsonl
vehicleinterfaces,historical-static,VehicleInterfaces.DriverEnvironments.ConventionalManual,4,network-boundary-port,low,False,standalone-topology-not-defect-proof,"{""node"": ""acceleratorDemand -- acceleratorPosition"", ""boundary_connectors"": ""acceleratorDemand, acceleratorPosition"", ""wired_to"": ""nothing"", ""note"": ""this connector belongs to the model itself, not to a component inside it: the model is an interface compiled on its own, so the node is open on one side. Nothing forces its flow, which is why a structural matching reports an unmatched unknown here. Not a defect in the model""}",/data/mrumoca/eval/results/vehicleinterfaces/findings.jsonl
vehicleinterfaces,historical-static,VehicleInterfaces.DriverEnvironments.ConventionalManual,5,network-boundary-port,low,False,standalone-topology-not-defect-proof,"{""node"": ""brakeDemand -- brakePosition"", ""boundary_connectors"": ""brakeDemand, brakePosition"", ""wired_to"": ""nothing"", ""note"": ""this connector belongs to the model itself, not to a component inside it: the model is an interface compiled on its own, so the node is open on one side. Nothing forces its flow, which is why a structural matching reports an unmatched unknown here. Not a defect in the model""}",/data/mrumoca/eval/results/vehicleinterfaces/findings.jsonl
vehicleinterfaces,historical-static,VehicleInterfaces.DriverEnvironments.ConventionalManual,6,network-boundary-port,low,False,standalone-topology-not-defect-proof,"{""node"": ""clutchDemand -- clutchPosition"", ""boundary_connectors"": ""clutchDemand, clutchPosition"", ""wired_to"": ""nothing"", ""note"": ""this connector belongs to the model itself, not to a component inside it: the model is an interface compiled on its own, so the node is open on one side. Nothing forces its flow, which is why a structural matching reports an unmatched unknown here. Not a defect in the model""}",/data/mrumoca/eval/results/vehicleinterfaces/findings.jsonl
vehicleinterfaces,historical-static,VehicleInterfaces.DriverEnvironments.ConventionalManual,7,network-boundary-port,low,False,standalone-topology-not-defect-proof,"{""node"": ""driverBus -- ignition"", ""boundary_connectors"": ""driverBus, ignition"", ""wired_to"": ""nothing"", ""note"": ""this connector belongs to the model itself, not to a component inside it: the model is an interface compiled on its own, so the node is open on one side. Nothing forces its flow, which is why a structural matching reports an unmatched unknown here. Not a defect in the model""}",/data/mrumoca/eval/results/vehicleinterfaces/findings.jsonl
vehicleinterfaces,historical-static,VehicleInterfaces.DriverEnvironments.ConventionalManual,8,network-boundary-port,low,False,standalone-topology-not-defect-proof,"{""node"": ""gear -- shiftInput"", ""boundary_connectors"": ""gear, shiftInput"", ""wired_to"": ""nothing"", ""note"": ""this connector belongs to the model itself, not to a component inside it: the model is an interface compiled on its own, so the node is open on one side. Nothing forces its flow, which is why a structural matching reports an unmatched unknown here. Not a defect in the model""}",/data/mrumoca/eval/results/vehicleinterfaces/findings.jsonl
vehicleinterfaces,historical-static,VehicleInterfaces.DriverEnvironments.ConventionalManual,9,quantity-missing,low,False,advisory-or-explicit-non-defect,"{""unit"": ""m"", ""count"": 3, ""declarations"": ""acceleratorPosition.s_ref, clutchPosition.s_ref, brakePosition.s_ref"", ""note"": ""a unit is declared without a quantity, so nothing states what is being measured and no rule keyed on quantity can apply to it""}",/data/mrumoca/eval/results/vehicleinterfaces/findings.jsonl
vehicleinterfaces,historical-static,VehicleInterfaces.DriverEnvironments.ConventionalManual,10,vanishing-coefficient,medium,False,hold-needs-source-and-witness-review,"{""parameter"": ""acceleratorPosition.af"", ""declared_min"": null, ""shape"": ""parameter multiplies a derivative; zero removes the equation's only determination of that state""}",/data/mrumoca/eval/results/vehicleinterfaces/findings.jsonl
vehicleinterfaces,historical-static,VehicleInterfaces.DriverEnvironments.ConventionalManual,11,vanishing-coefficient,medium,False,hold-needs-source-and-witness-review,"{""parameter"": ""clutchPosition.af"", ""declared_min"": null, ""shape"": ""parameter multiplies a derivative; zero removes the equation's only determination of that state""}",/data/mrumoca/eval/results/vehicleinterfaces/findings.jsonl
vehicleinterfaces,historical-static,VehicleInterfaces.DriverEnvironments.ConventionalManual,12,vanishing-coefficient,medium,False,hold-needs-source-and-witness-review,"{""parameter"": ""brakePosition.af"", ""declared_min"": null, ""shape"": ""parameter multiplies a derivative; zero removes the equation's only determination of that state""}",/data/mrumoca/eval/results/vehicleinterfaces/findings.jsonl
vehicleinterfaces,historical-static,VehicleInterfaces.DriverEnvironments.ConventionalManual,13,non-square-block,medium,False,hold-needs-source-and-witness-review,"{""block"": 3, ""equations"": 4, ""variables"": 5}",/data/mrumoca/eval/results/vehicleinterfaces/findings.jsonl
vehicleinterfaces,historical-static,VehicleInterfaces.DriverEnvironments.ConventionalManual,14,STRUCTURE_DEGENERATES_AT_ZERO,low,False,hold-needs-source-and-witness-review,"{""parameter"": ""acceleratorPosition.w_crit"", ""contract"": ""Modelica.Mechanics.Translational.Sources.Position.w_crit: feature_disabled (proven, from equation) \u2014 the parameter appears only as a multiplier, so at zero the term it scales drops out and the rest of the model is unaffected"", ""contract_behavior"": ""feature_disabled"", ""contract_confidence"": ""proven"", ""confidence"": ""low"", ""result"": ""TOPOLOGY_SPECIFIC"", ""incidences_lost"": 0, ""unknowns_left_undetermined"": 0, ""evidence_kind"": ""scales-a-rate"", ""note"": ""at zero this parameter removes a state and the equation that determines it. The matching survives, so the system is not structurally short; whether it is *algebraically* singular depends on this model's topology and initialization and needs execution to decide. This is not a claim that the declaration should forbid zero.""}",/data/mrumoca/eval/results/vehicleinterfaces/findings.jsonl
vehicleinterfaces,historical-static,VehicleInterfaces.DriverEnvironments.ConventionalManual,15,STRUCTURE_DEGENERATES_AT_ZERO,low,False,hold-needs-source-and-witness-review,"{""parameter"": ""acceleratorPosition.af"", ""contract"": ""Modelica.Mechanics.Translational.Sources.Position.af: algebraic_limit (proven, from equation) \u2014 the parameter multiplies a derivative, so at zero the differential relation becomes an algebraic constraint rather than an undefined quotient"", ""contract_behavior"": ""algebraic_limit"", ""contract_confidence"": ""proven"", ""confidence"": ""low"", ""result"": ""TOPOLOGY_SPECIFIC"", ""incidences_lost"": 0, ""unknowns_left_undetermined"": 0, ""evidence_kind"": ""scales-a-rate"", ""note"": ""at zero this parameter removes a state and the equation that determines it. The matching survives, so the system is not structurally short; whether it is *algebraically* singular depends on this model's topology and initialization and needs execution to decide. This is not a claim that the declaration should forbid zero.""}",/data/mrumoca/eval/results/vehicleinterfaces/findings.jsonl
vehicleinterfaces,historical-static,VehicleInterfaces.DriverEnvironments.ConventionalManual,16,STRUCTURE_DEGENERATES_AT_ZERO,low,False,hold-needs-source-and-witness-review,"{""parameter"": ""clutchPosition.w_crit"", ""contract"": ""Modelica.Mechanics.Translational.Sources.Position.w_crit: feature_disabled (proven, from equation) \u2014 the parameter appears only as a multiplier, so at zero the term it scales drops out and the rest of the model is unaffected"", ""contract_behavior"": ""feature_disabled"", ""contract_confidence"": ""proven"", ""confidence"": ""low"", ""result"": ""TOPOLOGY_SPECIFIC"", ""incidences_lost"": 0, ""unknowns_left_undetermined"": 0, ""evidence_kind"": ""scales-a-rate"", ""note"": ""at zero this parameter removes a state and the equation that determines it. The matching survives, so the system is not structurally short; whether it is *algebraically* singular depends on this model's topology and initialization and needs execution to decide. This is not a claim that the declaration should forbid zero.""}",/data/mrumoca/eval/results/vehicleinterfaces/findings.jsonl
vehicleinterfaces,historical-static,VehicleInterfaces.DriverEnvironments.ConventionalManual,17,STRUCTURE_DEGENERATES_AT_ZERO,low,False,hold-needs-source-and-witness-review,"{""parameter"": ""clutchPosition.af"", ""contract"": ""Modelica.Mechanics.Translational.Sources.Position.af: algebraic_limit (proven, from equation) \u2014 the parameter multiplies a derivative, so at zero the differential relation becomes an algebraic constraint rather than an undefined quotient"", ""contract_behavior"": ""algebraic_limit"", ""contract_confidence"": ""proven"", ""confidence"": ""low"", ""result"": ""TOPOLOGY_SPECIFIC"", ""incidences_lost"": 0, ""unknowns_left_undetermined"": 0, ""evidence_kind"": ""scales-a-rate"", ""note"": ""at zero this parameter removes a state and the equation that determines it. The matching survives, so the system is not structurally short; whether it is *algebraically* singular depends on this model's topology and initialization and needs execution to decide. This is not a claim that the declaration should forbid zero.""}",/data/mrumoca/eval/results/vehicleinterfaces/findings.jsonl
vehicleinterfaces,historical-static,VehicleInterfaces.DriverEnvironments.ConventionalManual,18,STRUCTURE_DEGENERATES_AT_ZERO,low,False,hold-needs-source-and-witness-review,"{""parameter"": ""brakePosition.w_crit"", ""contract"": ""Modelica.Mechanics.Translational.Sources.Position.w_crit: feature_disabled (proven, from equation) \u2014 the parameter appears only as a multiplier, so at zero the term it scales drops out and the rest of the model is unaffected"", ""contract_behavior"": ""feature_disabled"", ""contract_confidence"": ""proven"", ""confidence"": ""low"", ""result"": ""TOPOLOGY_SPECIFIC"", ""incidences_lost"": 0, ""unknowns_left_undetermined"": 0, ""evidence_kind"": ""scales-a-rate"", ""note"": ""at zero this parameter removes a state and the equation that determines it. The matching survives, so the system is not structurally short; whether it is *algebraically* singular depends on this model's topology and initialization and needs execution to decide. This is not a claim that the declaration should forbid zero.""}",/data/mrumoca/eval/results/vehicleinterfaces/findings.jsonl
vehicleinterfaces,historical-static,VehicleInterfaces.DriverEnvironments.ConventionalManual,19,STRUCTURE_DEGENERATES_AT_ZERO,low,False,hold-needs-source-and-witness-review,"{""parameter"": ""brakePosition.af"", ""contract"": ""Modelica.Mechanics.Translational.Sources.Position.af: algebraic_limit (proven, from equation) \u2014 the parameter multiplies a derivative, so at zero the differential relation becomes an algebraic constraint rather than an undefined quotient"", ""contract_behavior"": ""algebraic_limit"", ""contract_confidence"": ""proven"", ""confidence"": ""low"", ""result"": ""TOPOLOGY_SPECIFIC"", ""incidences_lost"": 0, ""unknowns_left_undetermined"": 0, ""evidence_kind"": ""scales-a-rate"", ""note"": ""at zero this parameter removes a state and the equation that determines it. The matching survives, so the system is not structurally short; whether it is *algebraically* singular depends on this model's topology and initialization and needs execution to decide. This is not a claim that the declaration should forbid zero.""}",/data/mrumoca/eval/results/vehicleinterfaces/findings.jsonl
vehicleinterfaces,historical-static,VehicleInterfaces.Transmissions.NoTransmissions,0,non-square-block,medium,False,hold-needs-source-and-witness-review,"{""block"": 2, ""equations"": 9, ""variables"": 10}",/data/mrumoca/eval/results/vehicleinterfaces/findings.jsonl
vehicleinterfaces,historical-static,VehicleInterfaces.Transmissions.NoTransmissions,1,non-square-block,medium,False,hold-needs-source-and-witness-review,"{""block"": 3, ""equations"": 9, ""variables"": 8}",/data/mrumoca/eval/results/vehicleinterfaces/findings.jsonl
vehicleinterfaces,historical-static,VehicleInterfaces.Transmissions.NoTransmissions,2,UNMATCHED_VARIABLE,high,False,hold-needs-source-and-witness-review,"{""variable"": ""end_1.zeroTorque1D.flange.phi"", ""scalars"": 1, ""scalars_determined"": 0, ""region_variables"": 12, ""region_equations"": 11, ""touching_equations"": ""0, 13"", ""confidence"": ""high"", ""result"": ""STRUCTURAL_MATCH_FAILURE"", ""note"": ""no equation in the connected structural region can be matched to this unknown. This is a structural result and says nothing about algebraic rank.""}",/data/mrumoca/eval/results/vehicleinterfaces/findings.jsonl
vehicleinterfaces,historical-static,VehicleInterfaces.Transmissions.NoTransmissions,3,UNMATCHED_EQUATION,high,False,hold-needs-source-and-witness-review,"{""equation"": ""engineFlange.flange.tau"", ""scalar_rows"": 1, ""rows_matched"": 0, ""confidence"": ""high"", ""result"": ""STRUCTURAL_MATCH_FAILURE"", ""note"": ""this constraint has no unknown left to determine; the region is over-constrained""}",/data/mrumoca/eval/results/vehicleinterfaces/findings.jsonl
vehicleinterfaces,historical-static,VehicleInterfaces.Transmissions.Interfaces.BaseTwoInputTransmission,0,non-square-block,medium,False,hold-needs-source-and-witness-review,"{""block"": 1, ""equations"": 4, ""variables"": 5}",/data/mrumoca/eval/results/vehicleinterfaces/findings.jsonl
vehicleinterfaces,historical-static,VehicleInterfaces.Transmissions.Interfaces.BaseTwoInputTransmission,1,non-square-block,medium,False,hold-needs-source-and-witness-review,"{""block"": 2, ""equations"": 5, ""variables"": 4}",/data/mrumoca/eval/results/vehicleinterfaces/findings.jsonl
vehicleinterfaces,historical-static,VehicleInterfaces.Transmissions.Interfaces.BaseTwoInputTransmission,2,non-square-block,medium,False,hold-needs-source-and-witness-review,"{""block"": 4, ""equations"": 4, ""variables"": 5}",/data/mrumoca/eval/results/vehicleinterfaces/findings.jsonl
vehicleinterfaces,historical-static,VehicleInterfaces.Transmissions.Interfaces.BaseTwoInputTransmission,3,non-square-block,medium,False,hold-needs-source-and-witness-review,"{""block"": 5, ""equations"": 5, ""variables"": 4}",/data/mrumoca/eval/results/vehicleinterfaces/findings.jsonl
vehicleinterfaces,historical-static,VehicleInterfaces.Transmissions.Interfaces.BaseTwoInputTransmission,4,non-square-block,medium,False,hold-needs-source-and-witness-review,"{""block"": 7, ""equations"": 4, ""variables"": 5}",/data/mrumoca/eval/results/vehicleinterfaces/findings.jsonl
vehicleinterfaces,historical-static,VehicleInterfaces.Transmissions.Interfaces.BaseTwoInputTransmission,5,non-square-block,medium,False,hold-needs-source-and-witness-review,"{""block"": 8, ""equations"": 5, ""variables"": 4}",/data/mrumoca/eval/results/vehicleinterfaces/findings.jsonl
vehicleinterfaces,historical-static,VehicleInterfaces.Transmissions.Interfaces.BaseTwoInputTransmission,6,UNMATCHED_VARIABLE,high,False,hold-needs-source-and-witness-review,"{""variable"": ""end_1.zeroTorque1D.flange.phi"", ""scalars"": 1, ""scalars_determined"": 0, ""region_variables"": 18, ""region_equations"": 15, ""touching_equations"": ""0, 21"", ""confidence"": ""high"", ""result"": ""STRUCTURAL_MATCH_FAILURE"", ""note"": ""no equation in the connected structural region can be matched to this unknown. This is a structural result and says nothing about algebraic rank.""}",/data/mrumoca/eval/results/vehicleinterfaces/findings.jsonl
vehicleinterfaces,historical-static,VehicleInterfaces.Transmissions.Interfaces.BaseTwoInputTransmission,7,UNMATCHED_VARIABLE,high,False,hold-needs-source-and-witness-review,"{""variable"": ""end_2.zeroTorque1D.flange.phi"", ""scalars"": 1, ""scalars_determined"": 0, ""region_variables"": 18, ""region_equations"": 15, ""touching_equations"": ""5, 23"", ""confidence"": ""high"", ""result"": ""STRUCTURAL_MATCH_FAILURE"", ""note"": ""no equation in the connected structural region can be matched to this unknown. This is a structural result and says nothing about algebraic rank.""}",/data/mrumoca/eval/results/vehicleinterfaces/findings.jsonl
vehicleinterfaces,historical-static,VehicleInterfaces.Transmissions.Interfaces.BaseTwoInputTransmission,8,UNMATCHED_VARIABLE,high,False,hold-needs-source-and-witness-review,"{""variable"": ""end_3.zeroTorque1D.flange.phi"", ""scalars"": 1, ""scalars_determined"": 0, ""region_variables"": 18, ""region_equations"": 15, ""touching_equations"": ""10, 25"", ""confidence"": ""high"", ""result"": ""STRUCTURAL_MATCH_FAILURE"", ""note"": ""no equation in the connected structural region can be matched to this unknown. This is a structural result and says nothing about algebraic rank.""}",/data/mrumoca/eval/results/vehicleinterfaces/findings.jsonl
vehicleinterfaces,historical-static,VehicleInterfaces.Transmissions.Interfaces.BaseTwoInputTransmission,9,UNMATCHED_EQUATION,high,False,hold-needs-source-and-witness-review,"{""equation"": ""engineFlange.flange.tau"", ""scalar_rows"": 1, ""rows_matched"": 0, ""confidence"": ""high"", ""result"": ""STRUCTURAL_MATCH_FAILURE"", ""note"": ""this constraint has no unknown left to determine; the region is over-constrained""}",/data/mrumoca/eval/results/vehicleinterfaces/findings.jsonl
vehicleinterfaces,historical-static,VehicleInterfaces.Transmissions.Interfaces.BaseTwoInputTransmission,10,UNMATCHED_EQUATION,high,False,hold-needs-source-and-witness-review,"{""equation"": ""drivelineFlange.flange.tau"", ""scalar_rows"": 1, ""rows_matched"": 0, ""confidence"": ""high"", ""result"": ""STRUCTURAL_MATCH_FAILURE"", ""note"": ""this constraint has no unknown left to determine; the region is over-constrained""}",/data/mrumoca/eval/results/vehicleinterfaces/findings.jsonl
vehicleinterfaces,historical-static,VehicleInterfaces.Transmissions.Interfaces.BaseTwoInputTransmission,11,UNMATCHED_EQUATION,high,False,hold-needs-source-and-witness-review,"{""equation"": ""motorFlange.flange.tau"", ""scalar_rows"": 1, ""rows_matched"": 0, ""confidence"": ""high"", ""result"": ""STRUCTURAL_MATCH_FAILURE"", ""note"": ""this constraint has no unknown left to determine; the region is over-constrained""}",/data/mrumoca/eval/results/vehicleinterfaces/findings.jsonl
vehicleinterfaces,historical-static,VehicleInterfaces.Transmissions.PowerSplitDevice,0,switching-threshold,info,False,hold-needs-source-and-witness-review,"{""parameter"": ""world.n"", ""threshold"": 0.99}",/data/mrumoca/eval/results/vehicleinterfaces/findings.jsonl
vehicleinterfaces,historical-static,VehicleInterfaces.Transmissions.PowerSplitDevice,1,switching-threshold,info,False,hold-needs-source-and-witness-review,"{""parameter"": ""world.n"", ""threshold"": 0.99}",/data/mrumoca/eval/results/vehicleinterfaces/findings.jsonl
vehicleinterfaces,historical-static,VehicleInterfaces.Transmissions.PowerSplitDevice,2,divisor-reachable-zero,high,False,hold-needs-source-and-witness-review,"{""denominator"": ""world.defaultFrameDiameterFraction"", ""witness"": ""world.defaultFrameDiameterFraction = 0"", ""witness_rationale"": ""set to zero"", ""denominator_at_witness"": 0.0, ""denominator_at_declared_values"": 40.0, ""denominator_range"": ""[-inf, inf]"", ""path_condition"": ""always evaluated"", ""verdict"": ""SAT"", ""proof"": ""the division is not inside any branch"", ""constraints"": ""world.defaultFrameDiameterFraction: unbounded"", ""note"": ""a permitted assignment drives the complete denominator to zero and the division is still evaluated there""}",/data/mrumoca/eval/results/vehicleinterfaces/findings.jsonl
vehicleinterfaces,historical-static,VehicleInterfaces.Transmissions.PowerSplitDevice,3,divisor-reachable-zero,high,False,hold-needs-source-and-witness-review,"{""denominator"": ""world.defaultFrameDiameterFraction"", ""witness"": ""world.defaultFrameDiameterFraction = 0"", ""witness_rationale"": ""set to zero"", ""denominator_at_witness"": 0.0, ""denominator_at_declared_values"": 40.0, ""denominator_range"": ""[-inf, inf]"", ""path_condition"": ""always evaluated"", ""verdict"": ""SAT"", ""proof"": ""the division is not inside any branch"", ""constraints"": ""world.defaultFrameDiameterFraction: unbounded"", ""note"": ""a permitted assignment drives the complete denominator to zero and the division is still evaluated there""}",/data/mrumoca/eval/results/vehicleinterfaces/findings.jsonl
vehicleinterfaces,historical-static,VehicleInterfaces.Transmissions.PowerSplitDevice,4,divisor-reachable-zero,high,False,hold-needs-source-and-witness-review,"{""denominator"": ""world.defaultWidthFraction"", ""witness"": ""world.defaultWidthFraction = 0"", ""witness_rationale"": ""set to zero"", ""denominator_at_witness"": 0.0, ""denominator_at_declared_values"": 20.0, ""denominator_range"": ""[-inf, inf]"", ""path_condition"": ""always evaluated"", ""verdict"": ""SAT"", ""proof"": ""the division is not inside any branch"", ""constraints"": ""world.defaultWidthFraction: unbounded"", ""note"": ""a permitted assignment drives the complete denominator to zero and the division is still evaluated there""}",/data/mrumoca/eval/results/vehicleinterfaces/findings.jsonl
vehicleinterfaces,historical-static,VehicleInterfaces.Transmissions.PowerSplitDevice,5,divisor-reachable-zero,high,False,hold-needs-source-and-witness-review,"{""denominator"": ""world.defaultWidthFraction"", ""witness"": ""world.defaultWidthFraction = 0"", ""witness_rationale"": ""set to zero"", ""denominator_at_witness"": 0.0, ""denominator_at_declared_values"": 20.0, ""denominator_range"": ""[-inf, inf]"", ""path_condition"": ""always evaluated"", ""verdict"": ""SAT"", ""proof"": ""the division is not inside any branch"", ""constraints"": ""world.defaultWidthFraction: unbounded"", ""note"": ""a permitted assignment drives the complete denominator to zero and the division is still evaluated there""}",/data/mrumoca/eval/results/vehicleinterfaces/findings.jsonl
vehicleinterfaces,historical-static,VehicleInterfaces.Transmissions.PowerSplitDevice,6,network-port-unconnected,low,False,standalone-topology-not-defect-proof,"{""connector"": ""world.frame_b"", ""component"": ""world"", ""component_class"": ""Modelica.Mechanics.MultiBody.World"", ""flows_forced_to_zero"": ""world.frame_b.f, world.frame_b.t"", ""note"": ""nothing is connected to this port, so MLS \u00a79.2 forces its flow to zero. That is correct for a component compiled on its own and is not a defect; it is recorded because it is the commonest reason a model looks structurally singular""}",/data/mrumoca/eval/results/vehicleinterfaces/findings.jsonl
vehicleinterfaces,historical-static,VehicleInterfaces.Transmissions.PowerSplitDevice,7,network-boundary-port,low,False,standalone-topology-not-defect-proof,"{""node"": ""outputSpeed -- transmissionBus"", ""boundary_connectors"": ""outputSpeed, transmissionBus"", ""wired_to"": ""nothing"", ""note"": ""this connector belongs to the model itself, not to a component inside it: the model is an interface compiled on its own, so the node is open on one side. Nothing forces its flow, which is why a structural matching reports an unmatched unknown here. Not a defect in the model""}",/data/mrumoca/eval/results/vehicleinterfaces/findings.jsonl
vehicleinterfaces,historical-static,VehicleInterfaces.Transmissions.PowerSplitDevice,8,network-boundary-port,low,False,standalone-topology-not-defect-proof,"{""node"": ""currentGear -- transmissionControlBus"", ""boundary_connectors"": ""currentGear, transmissionControlBus"", ""wired_to"": ""nothing"", ""note"": ""this connector belongs to the model itself, not to a component inside it: the model is an interface compiled on its own, so the node is open on one side. Nothing forces its flow, which is why a structural matching reports an unmatched unknown here. Not a defect in the model""}",/data/mrumoca/eval/results/vehicleinterfaces/findings.jsonl
vehicleinterfaces,historical-static,VehicleInterfaces.Transmissions.PowerSplitDevice,9,network-component-isolated,low,False,standalone-topology-not-defect-proof,"{""component"": ""world"", ""component_class"": ""Modelica.Mechanics.MultiBody.World"", ""ports"": ""world.frame_b"", ""note"": ""every port of this instance is unconnected, so it exchanges nothing with the rest of the model while still contributing its equations""}",/data/mrumoca/eval/results/vehicleinterfaces/findings.jsonl
vehicleinterfaces,historical-static,VehicleInterfaces.Transmissions.PowerSplitDevice,10,quantity-missing,low,False,advisory-or-explicit-non-defect,"{""unit"": ""N.m/m"", ""count"": 1, ""declarations"": ""world.defaultNm_to_m"", ""note"": ""a unit is declared without a quantity, so nothing states what is being measured and no rule keyed on quantity can apply to it""}",/data/mrumoca/eval/results/vehicleinterfaces/findings.jsonl
vehicleinterfaces,historical-static,VehicleInterfaces.Transmissions.PowerSplitDevice,11,quantity-missing,low,False,advisory-or-explicit-non-defect,"{""unit"": ""N/m"", ""count"": 1, ""declarations"": ""world.defaultN_to_m"", ""note"": ""a unit is declared without a quantity, so nothing states what is being measured and no rule keyed on quantity can apply to it""}",/data/mrumoca/eval/results/vehicleinterfaces/findings.jsonl
vehicleinterfaces,historical-static,VehicleInterfaces.Transmissions.PowerSplitDevice,12,quantity-missing,low,False,advisory-or-explicit-non-defect,"{""unit"": ""m3/s2"", ""count"": 1, ""declarations"": ""world.mu"", ""note"": ""a unit is declared without a quantity, so nothing states what is being measured and no rule keyed on quantity can apply to it""}",/data/mrumoca/eval/results/vehicleinterfaces/findings.jsonl
vehicleinterfaces,historical-static,VehicleInterfaces.Transmissions.PowerSplitDevice,13,quantity-missing,low,False,advisory-or-explicit-non-defect,"{""unit"": ""rad/s"", ""count"": 2, ""declarations"": ""outputSpeed.w, transmissionBus.outputSpeed"", ""note"": ""a unit is declared without a quantity, so nothing states what is being measured and no rule keyed on quantity can apply to it""}",/data/mrumoca/eval/results/vehicleinterfaces/findings.jsonl
vehicleinterfaces,historical-static,VehicleInterfaces.Transmissions.PowerSplitDevice,14,non-square-block,medium,False,hold-needs-source-and-witness-review,"{""block"": 5, ""equations"": 2, ""variables"": 3}",/data/mrumoca/eval/results/vehicleinterfaces/findings.jsonl
vehicleinterfaces,historical-static,VehicleInterfaces.Transmissions.PowerSplitDevice,15,non-square-block,medium,False,hold-needs-source-and-witness-review,"{""block"": 19, ""equations"": 3, ""variables"": 4}",/data/mrumoca/eval/results/vehicleinterfaces/findings.jsonl
vehicleinterfaces,historical-static,VehicleInterfaces.Transmissions.PowerSplitDevice,16,non-square-block,medium,False,hold-needs-source-and-witness-review,"{""block"": 39, ""equations"": 3, ""variables"": 4}",/data/mrumoca/eval/results/vehicleinterfaces/findings.jsonl
vehicleinterfaces,historical-static,VehicleInterfaces.Transmissions.PowerSplitDevice,17,non-square-block,medium,False,hold-needs-source-and-witness-review,"{""block"": 59, ""equations"": 3, ""variables"": 4}",/data/mrumoca/eval/results/vehicleinterfaces/findings.jsonl
vehicleinterfaces,historical-static,VehicleInterfaces.Transmissions.PowerSplitDevice,18,non-square-block,medium,False,hold-needs-source-and-witness-review,"{""block"": 125, ""equations"": 17, ""variables"": 19}",/data/mrumoca/eval/results/vehicleinterfaces/findings.jsonl
vehicleinterfaces,historical-static,VehicleInterfaces.Transmissions.PowerSplitDevice,19,non-square-block,medium,False,hold-needs-source-and-witness-review,"{""block"": 126, ""equations"": 18, ""variables"": 16}",/data/mrumoca/eval/results/vehicleinterfaces/findings.jsonl
vehicleinterfaces,historical-static,VehicleInterfaces.Transmissions.PowerSplitDevice,20,UNMATCHED_VARIABLE,high,False,hold-needs-source-and-witness-review,"{""variable"": ""end_3.zeroTorque1D.flange.phi"", ""scalars"": 1, ""scalars_determined"": 0, ""region_variables"": 24, ""region_equations"": 22, ""touching_equations"": ""46, 72"", ""confidence"": ""high"", ""result"": ""STRUCTURAL_MATCH_FAILURE"", ""note"": ""no equation in the connected structural region can be matched to this unknown. This is a structural result and says nothing about algebraic rank.""}",/data/mrumoca/eval/results/vehicleinterfaces/findings.jsonl
vehicleinterfaces,historical-static,VehicleInterfaces.Transmissions.PowerSplitDevice,21,UNMATCHED_VARIABLE,high,False,hold-needs-source-and-witness-review,"{""variable"": ""transmissionBus.outputSpeed"", ""scalars"": 1, ""scalars_determined"": 0, ""region_variables"": 24, ""region_equations"": 22, ""touching_equations"": ""82"", ""confidence"": ""high"", ""result"": ""STRUCTURAL_MATCH_FAILURE"", ""note"": ""no equation in the connected structural region can be matched to this unknown. This is a structural result and says nothing about algebraic rank.""}",/data/mrumoca/eval/results/vehicleinterfaces/findings.jsonl
vehicleinterfaces,historical-static,VehicleInterfaces.Transmissions.PowerSplitDevice,22,UNMATCHED_EQUATION,high,False,hold-needs-source-and-witness-review,"{""equation"": ""motorFlange.flange.tau"", ""scalar_rows"": 1, ""rows_matched"": 0, ""confidence"": ""high"", ""result"": ""STRUCTURAL_MATCH_FAILURE"", ""note"": ""this constraint has no unknown left to determine; the region is over-constrained""}",/data/mrumoca/eval/results/vehicleinterfaces/findings.jsonl
vehicleinterfaces,historical-static,VehicleInterfaces.Transmissions.PowerSplitDevice,23,UNMATCHED_EQUATION,high,False,hold-needs-source-and-witness-review,"{""equation"": ""engineFlange.flange.tau"", ""scalar_rows"": 1, ""rows_matched"": 0, ""confidence"": ""high"", ""result"": ""STRUCTURAL_MATCH_FAILURE"", ""note"": ""this constraint has no unknown left to determine; the region is over-constrained""}",/data/mrumoca/eval/results/vehicleinterfaces/findings.jsonl
vehicleinterfaces,runtime-v3,VehicleInterfaces.Accessories.NoAccessories,0,network-observation-incomplete,info,False,execution-not-completed,"{""reason"": ""missing or unsynchronized connector member observations"", ""note"": ""coverage gap, not a model defect""}",/data/mrumoca/eval/results_v3/vehicleinterfaces/runtime_free.jsonl
vehicleinterfaces,runtime-v3,VehicleInterfaces.Accessories.NoAccessories,1,initialization-failure,high,False,execution-not-completed,"{""failure_kind"": ""singular-system"", ""reason"": ""essories.NoAccessories to t=1 with 10 trace point(s)... \u001b[31m\u001b[0m simulation failed: DAE structural proof failed: structurally singular \u001b[31m\u2502\u001b[0m system: 9 matched out of 10 equations and 10 unknowns"", ""raw"": ""reading /tmp/tmpt25jhwim/traced.rbc (bitcode v2, cbor) Simulating VehicleInterfaces.Accessories.NoAccessories to t=1 with 10 trace point(s)... \u001b[31m\u001b[0m simulation failed: DAE structural proof failed: structurally singular \u001b[31m\u2502\u001b[0m system: 9 matched out of 10 equations and 10 unknowns"", ""tool_side"": false}",/data/mrumoca/eval/results_v3/vehicleinterfaces/runtime_free.jsonl
vehicleinterfaces,runtime-v3,VehicleInterfaces.Chassis.MinimalChassis,0,network-boundary-port,low,False,execution-not-completed,"{""node"": ""chassisBus -- longitudinalVelocity"", ""boundary_connectors"": ""chassisBus, longitudinalVelocity"", ""wired_to"": ""nothing"", ""note"": ""this connector belongs to the model itself, not to a component inside it: the model is an interface compiled on its own, so the node is open on one side. Nothing forces its flow, which is why a structural matching reports an unmatched unknown here. Not a defect in the model""}",/data/mrumoca/eval/results_v3/vehicleinterfaces/runtime_free.jsonl
vehicleinterfaces,runtime-v3,VehicleInterfaces.Chassis.MinimalChassis,1,physical-zero-is-a-supported-limit,low,False,execution-not-completed,"{""domain"": ""mechanical"", ""rule"": ""mech.mass.positive"", ""rule_origin"": ""m*a = f determines acceleration only for m > 0; negative mass is not a physical body"", ""rule_reference"": ""MSL Mechanics.Translational.Components.Mass"", ""matched_by"": {""quantity"": ""Mass"", ""unit"": ""kg"", ""confidence"": ""QUANTITY_AND_UNIT"", ""premise_state"": ""unknown"", ""authority"": ""quantity_or_unit"", ""canonical_declaration"": ""VehicleInterfaces.Chassis.MinimalChassis.vehicleMass""}, ""required"": ""vehicleMass > 0"", ""declared_min"": 0.0, ""variable_role"": ""parameter"", ""premise_state"": ""refuted"", ""authority"": ""component_contract"", ""contract"": ""Modelica.Mechanics.Translational.Components.Mass.m: algebraic_limit (proven, from equation) \u2014 inherited from body.m, which it binds: the parameter multiplies a derivative, so at zero the differential relation becomes an algebraic constraint rather than an undefined quotient"", ""contract_behavior"": ""algebraic_limit"", ""contract_confidence"": ""proven"", ""contract_source"": ""equation"", ""note"": ""the positivity rule does not apply: this component documents zero as a meaningful limit, so reporting a missing bound would contradict its contract""}",/data/mrumoca/eval/results_v3/vehicleinterfaces/runtime_free.jsonl
vehicleinterfaces,runtime-v3,VehicleInterfaces.Chassis.MinimalChassis,2,physical-zero-is-a-supported-limit,low,False,execution-not-completed,"{""domain"": ""mechanical"", ""rule"": ""mech.damping.non_negative"", ""rule_origin"": ""a damper dissipates; d < 0 injects energy. Zero is a legitimate frictionless idealisation, so the bound is >="", ""rule_reference"": """", ""matched_by"": {""quantity"": ""TranslationalDampingConstant"", ""unit"": ""N.s/m"", ""confidence"": ""QUANTITY"", ""premise_state"": ""unknown"", ""authority"": ""quantity_or_unit"", ""canonical_declaration"": ""VehicleInterfaces.Chassis.MinimalChassis.drag""}, ""required"": ""drag >= 0"", ""declared_min"": null, ""variable_role"": ""parameter"", ""premise_state"": ""refuted"", ""authority"": ""component_contract"", ""contract"": ""Modelica.Mechanics.Translational.Components.Damper.d: algebraic_limit (proven, from equation) \u2014 inherited from dragForces.d, which it binds: the parameter multiplies a derivative, so at zero the differential relation becomes an algebraic constraint rather than an undefined quotient"", ""contract_behavior"": ""algebraic_limit"", ""contract_confidence"": ""proven"", ""contract_source"": ""equation"", ""note"": ""the positivity rule does not apply: this component documents zero as a meaningful limit, so reporting a missing bound would contradict its contract""}",/data/mrumoca/eval/results_v3/vehicleinterfaces/runtime_free.jsonl
vehicleinterfaces,runtime-v3,VehicleInterfaces.Chassis.MinimalChassis,3,physical-zero-is-a-supported-limit,low,False,execution-not-completed,"{""domain"": ""mechanical"", ""rule"": ""mech.mass.positive"", ""rule_origin"": ""m*a = f determines acceleration only for m > 0; negative mass is not a physical body"", ""rule_reference"": ""MSL Mechanics.Translational.Components.Mass"", ""matched_by"": {""quantity"": ""Mass"", ""unit"": ""kg"", ""semantic_role"": ""component.translational.mass"", ""binding_source"": ""component_type"", ""confidence"": ""QUANTITY_AND_UNIT"", ""declaring_class"": ""Modelica.Mechanics.Translational.Components.Mass"", ""member"": ""m"", ""premise_state"": ""established"", ""authority"": ""component_contract"", ""canonical_declaration"": ""Modelica.Mechanics.Translational.Components.Mass.m""}, ""required"": ""body.m > 0"", ""declared_min"": 0.0, ""variable_role"": ""parameter"", ""premise_state"": ""refuted"", ""authority"": ""component_contract"", ""contract"": ""Modelica.Mechanics.Translational.Components.Mass.m: algebraic_limit (proven, from equation) \u2014 the parameter multiplies a derivative, so at zero the differential relation becomes an algebraic constraint rather than an undefined quotient"", ""contract_behavior"": ""algebraic_limit"", ""contract_confidence"": ""proven"", ""contract_source"": ""equation"", ""note"": ""the positivity rule does not apply: this component documents zero as a meaningful limit, so reporting a missing bound would contradict its contract""}",/data/mrumoca/eval/results_v3/vehicleinterfaces/runtime_free.jsonl
vehicleinterfaces,runtime-v3,VehicleInterfaces.Chassis.MinimalChassis,4,network-observation-incomplete,info,False,execution-not-completed,"{""reason"": ""missing or unsynchronized connector member observations"", ""note"": ""coverage gap, not a model defect""}",/data/mrumoca/eval/results_v3/vehicleinterfaces/runtime_free.jsonl
vehicleinterfaces,runtime-v3,VehicleInterfaces.Chassis.MinimalChassis,5,initialization-failure,high,False,execution-not-completed,"{""failure_kind"": ""unknown"", ""reason"": "" `body.s`: MLS 3.6 section 8.6 adds \u001b[31m\u2502\u001b[0m `body.s = body.s.start` to the initialization equations for a `fixed = \u001b[31m\u2502\u001b[0m true` variable, and demoting `body.s` leaves no equation that states it"", ""raw"": ""reading /tmp/tmp0t5k5xfi/traced.rbc (bitcode v2, cbor) Simulating VehicleInterfaces.Chassis.MinimalChassis to t=1 with 79 trace point(s)... \u001b[31m\u001b[0m simulation failed: DAE structural proof failed: index reduction would \u001b[31m\u2502\u001b[0m discard the stated initial value of `body.s`: MLS 3.6 section 8.6 adds \u001b[31m\u2502\u001b[0m `body.s = body.s.start` to the initialization equations for a `fixed = \u001b[31m\u2502\u001b[0m true`"", ""tool_side"": false}",/data/mrumoca/eval/results_v3/vehicleinterfaces/runtime_free.jsonl
vehicleinterfaces,runtime-v3,VehicleInterfaces.DriverEnvironments.DriveByWireAutomatic,0,network-boundary-port,low,False,standalone-topology-not-defect-proof,"{""node"": ""acceleratorDemand -- brakeDemand -- driverBus -- gearMode -- gearSelect -- ignition"", ""boundary_connectors"": ""acceleratorDemand, brakeDemand, driverBus, gearMode, gearSelect, ignition"", ""wired_to"": ""nothing"", ""note"": ""this connector belongs to the model itself, not to a component inside it: the model is an interface compiled on its own, so the node is open on one side. Nothing forces its flow, which is why a structural matching reports an unmatched unknown here. Not a defect in the model""}",/data/mrumoca/eval/results_v3/vehicleinterfaces/runtime_free.jsonl
vehicleinterfaces,runtime-v3,VehicleInterfaces.DriverEnvironments.ConventionalManual,0,network-boundary-port,low,False,standalone-topology-not-defect-proof,"{""node"": ""acceleratorPedal -- acceleratorPosition.flange"", ""boundary_connectors"": ""acceleratorPedal"", ""wired_to"": ""acceleratorPosition.flange"", ""note"": ""this connector belongs to the model itself, not to a component inside it: the model is an interface compiled on its own, so the node is open on one side. Nothing forces its flow, which is why a structural matching reports an unmatched unknown here. Not a defect in the model""}",/data/mrumoca/eval/results_v3/vehicleinterfaces/runtime_free.jsonl
vehicleinterfaces,runtime-v3,VehicleInterfaces.DriverEnvironments.ConventionalManual,1,network-boundary-port,low,False,standalone-topology-not-defect-proof,"{""node"": ""brakePedal -- brakePosition.flange"", ""boundary_connectors"": ""brakePedal"", ""wired_to"": ""brakePosition.flange"", ""note"": ""this connector belongs to the model itself, not to a component inside it: the model is an interface compiled on its own, so the node is open on one side. Nothing forces its flow, which is why a structural matching reports an unmatched unknown here. Not a defect in the model""}",/data/mrumoca/eval/results_v3/vehicleinterfaces/runtime_free.jsonl
vehicleinterfaces,runtime-v3,VehicleInterfaces.DriverEnvironments.ConventionalManual,2,network-boundary-port,low,False,standalone-topology-not-defect-proof,"{""node"": ""clutchPedal -- clutchPosition.flange"", ""boundary_connectors"": ""clutchPedal"", ""wired_to"": ""clutchPosition.flange"", ""note"": ""this connector belongs to the model itself, not to a component inside it: the model is an interface compiled on its own, so the node is open on one side. Nothing forces its flow, which is why a structural matching reports an unmatched unknown here. Not a defect in the model""}",/data/mrumoca/eval/results_v3/vehicleinterfaces/runtime_free.jsonl
vehicleinterfaces,runtime-v3,VehicleInterfaces.DriverEnvironments.ConventionalManual,3,network-boundary-port,low,False,standalone-topology-not-defect-proof,"{""node"": ""acceleratorDemand -- acceleratorPosition"", ""boundary_connectors"": ""acceleratorDemand, acceleratorPosition"", ""wired_to"": ""nothing"", ""note"": ""this connector belongs to the model itself, not to a component inside it: the model is an interface compiled on its own, so the node is open on one side. Nothing forces its flow, which is why a structural matching reports an unmatched unknown here. Not a defect in the model""}",/data/mrumoca/eval/results_v3/vehicleinterfaces/runtime_free.jsonl
vehicleinterfaces,runtime-v3,VehicleInterfaces.DriverEnvironments.ConventionalManual,4,network-boundary-port,low,False,standalone-topology-not-defect-proof,"{""node"": ""brakeDemand -- brakePosition"", ""boundary_connectors"": ""brakeDemand, brakePosition"", ""wired_to"": ""nothing"", ""note"": ""this connector belongs to the model itself, not to a component inside it: the model is an interface compiled on its own, so the node is open on one side. Nothing forces its flow, which is why a structural matching reports an unmatched unknown here. Not a defect in the model""}",/data/mrumoca/eval/results_v3/vehicleinterfaces/runtime_free.jsonl
vehicleinterfaces,runtime-v3,VehicleInterfaces.DriverEnvironments.ConventionalManual,5,network-boundary-port,low,False,standalone-topology-not-defect-proof,"{""node"": ""clutchDemand -- clutchPosition"", ""boundary_connectors"": ""clutchDemand, clutchPosition"", ""wired_to"": ""nothing"", ""note"": ""this connector belongs to the model itself, not to a component inside it: the model is an interface compiled on its own, so the node is open on one side. Nothing forces its flow, which is why a structural matching reports an unmatched unknown here. Not a defect in the model""}",/data/mrumoca/eval/results_v3/vehicleinterfaces/runtime_free.jsonl
vehicleinterfaces,runtime-v3,VehicleInterfaces.DriverEnvironments.ConventionalManual,6,network-boundary-port,low,False,standalone-topology-not-defect-proof,"{""node"": ""driverBus -- ignition"", ""boundary_connectors"": ""driverBus, ignition"", ""wired_to"": ""nothing"", ""note"": ""this connector belongs to the model itself, not to a component inside it: the model is an interface compiled on its own, so the node is open on one side. Nothing forces its flow, which is why a structural matching reports an unmatched unknown here. Not a defect in the model""}",/data/mrumoca/eval/results_v3/vehicleinterfaces/runtime_free.jsonl
vehicleinterfaces,runtime-v3,VehicleInterfaces.DriverEnvironments.ConventionalManual,7,network-boundary-port,low,False,standalone-topology-not-defect-proof,"{""node"": ""gear -- shiftInput"", ""boundary_connectors"": ""gear, shiftInput"", ""wired_to"": ""nothing"", ""note"": ""this connector belongs to the model itself, not to a component inside it: the model is an interface compiled on its own, so the node is open on one side. Nothing forces its flow, which is why a structural matching reports an unmatched unknown here. Not a defect in the model""}",/data/mrumoca/eval/results_v3/vehicleinterfaces/runtime_free.jsonl
vehicleinterfaces,runtime-v3,VehicleInterfaces.ElectricDrives.SimpleMotorDC,0,network-boundary-port,low,False,execution-not-completed,"{""node"": ""eMF.p -- pin_p"", ""boundary_connectors"": ""pin_p"", ""wired_to"": ""eMF.p"", ""note"": ""this connector belongs to the model itself, not to a component inside it: the model is an interface compiled on its own, so the node is open on one side. Nothing forces its flow, which is why a structural matching reports an unmatched unknown here. Not a defect in the model""}",/data/mrumoca/eval/results_v3/vehicleinterfaces/runtime_free.jsonl
vehicleinterfaces,runtime-v3,VehicleInterfaces.ElectricDrives.SimpleMotorDC,1,network-boundary-port,low,False,execution-not-completed,"{""node"": ""inductor.p -- pin_n"", ""boundary_connectors"": ""pin_n"", ""wired_to"": ""inductor.p"", ""note"": ""this connector belongs to the model itself, not to a component inside it: the model is an interface compiled on its own, so the node is open on one side. Nothing forces its flow, which is why a structural matching reports an unmatched unknown here. Not a defect in the model""}",/data/mrumoca/eval/results_v3/vehicleinterfaces/runtime_free.jsonl
vehicleinterfaces,runtime-v3,VehicleInterfaces.ElectricDrives.SimpleMotorDC,2,physical-zero-is-a-supported-limit,low,False,execution-not-completed,"{""domain"": ""electrical"", ""rule"": ""elec.inductance.positive"", ""rule_origin"": ""stored energy is L*i^2/2; L = 0 turns the differential equation into a constraint on voltage"", ""rule_reference"": ""MSL Electrical.Analog.Basic.Inductor"", ""matched_by"": {""quantity"": ""Inductance"", ""unit"": ""H"", ""confidence"": ""QUANTITY_AND_UNIT"", ""premise_state"": ""unknown"", ""authority"": ""quantity_or_unit"", ""canonical_declaration"": ""VehicleInterfaces.ElectricDrives.SimpleMotorDC.L""}, ""required"": ""L > 0"", ""declared_min"": null, ""variable_role"": ""parameter"", ""premise_state"": ""refuted"", ""authority"": ""component_contract"", ""contract"": ""Modelica.Electrical.Analog.Basic.Inductor.L: algebraic_limit (proven, from equation) \u2014 inherited from inductor.L, which it binds: the parameter multiplies a derivative, so at zero the differential relation becomes an algebraic constraint rather than an undefined quotient"", ""contract_behavior"": ""algebraic_limit"", ""contract_confidence"": ""proven"", ""contract_source"": ""equation"", ""note"": ""the positivity rule does not apply: this component documents zero as a meaningful limit, so reporting a missing bound would contradict its contract""}",/data/mrumoca/eval/results_v3/vehicleinterfaces/runtime_free.jsonl
vehicleinterfaces,runtime-v3,VehicleInterfaces.ElectricDrives.SimpleMotorDC,3,physical-zero-is-a-supported-limit,low,False,execution-not-completed,"{""domain"": ""electrical"", ""rule"": ""elec.resistance.positive"", ""rule_origin"": ""a passive resistor dissipates energy; R <= 0 would make it a source, and R = 0 removes the equation that determines its current"", ""rule_reference"": ""MSL Electrical.Analog.Basic.Resistor"", ""matched_by"": {""quantity"": ""Resistance"", ""unit"": ""Ohm"", ""confidence"": ""QUANTITY_AND_UNIT"", ""premise_state"": ""unknown"", ""authority"": ""quantity_or_unit"", ""canonical_declaration"": ""VehicleInterfaces.ElectricDrives.SimpleMotorDC.R""}, ""required"": ""R > 0"", ""declared_min"": null, ""variable_role"": ""parameter"", ""premise_state"": ""refuted"", ""authority"": ""component_contract"", ""contract"": ""Modelica.Electrical.Analog.Basic.Resistor.R: feature_disabled (proven, from equation) \u2014 inherited from resistor.R, which it binds: the parameter appears only as a multiplier, so at zero the term it scales drops out and the rest of the model is unaffected"", ""contract_behavior"": ""feature_disabled"", ""contract_confidence"": ""proven"", ""contract_source"": ""equation"", ""note"": ""the positivity rule does not apply: this component documents zero as a meaningful limit, so reporting a missing bound would contradict its contract""}",/data/mrumoca/eval/results_v3/vehicleinterfaces/runtime_free.jsonl
vehicleinterfaces,runtime-v3,VehicleInterfaces.ElectricDrives.SimpleMotorDC,4,physical-zero-is-a-supported-limit,low,False,execution-not-completed,"{""domain"": ""electrical"", ""rule"": ""elec.inductance.positive"", ""rule_origin"": ""stored energy is L*i^2/2; L = 0 turns the differential equation into a constraint on voltage"", ""rule_reference"": ""MSL Electrical.Analog.Basic.Inductor"", ""matched_by"": {""quantity"": ""Inductance"", ""unit"": ""H"", ""semantic_role"": ""component.passive.inductance"", ""binding_source"": ""component_type"", ""confidence"": ""QUANTITY_AND_UNIT"", ""declaring_class"": ""Modelica.Electrical.Analog.Basic.Inductor"", ""member"": ""L"", ""premise_state"": ""established"", ""authority"": ""component_contract"", ""canonical_declaration"": ""Modelica.Electrical.Analog.Basic.Inductor.L""}, ""required"": ""inductor.L > 0"", ""declared_min"": null, ""variable_role"": ""parameter"", ""premise_state"": ""refuted"", ""authority"": ""component_contract"", ""contract"": ""Modelica.Electrical.Analog.Basic.Inductor.L: algebraic_limit (proven, from equation) \u2014 the parameter multiplies a derivative, so at zero the differential relation becomes an algebraic constraint rather than an undefined quotient"", ""contract_behavior"": ""algebraic_limit"", ""contract_confidence"": ""proven"", ""contract_source"": ""equation"", ""note"": ""the positivity rule does not apply: this component documents zero as a meaningful limit, so reporting a missing bound would contradict its contract""}",/data/mrumoca/eval/results_v3/vehicleinterfaces/runtime_free.jsonl
vehicleinterfaces,runtime-v3,VehicleInterfaces.ElectricDrives.SimpleMotorDC,5,network-observation-incomplete,info,False,execution-not-completed,"{""reason"": ""missing or unsynchronized connector member observations"", ""note"": ""coverage gap, not a model defect""}",/data/mrumoca/eval/results_v3/vehicleinterfaces/runtime_free.jsonl
vehicleinterfaces,runtime-v3,VehicleInterfaces.ElectricDrives.SimpleMotorDC,6,initialization-failure,high,False,execution-not-completed,"{""failure_kind"": ""singular-system"", ""reason"": ""cDrives.SimpleMotorDC to t=1 with 47 trace point(s)... \u001b[31m\u001b[0m simulation failed: DAE structural proof failed: structurally singular \u001b[31m\u2502\u001b[0m system: 43 matched out of 47 equations and 47 unknowns"", ""raw"": ""reading /tmp/tmp4958sfcn/traced.rbc (bitcode v2, cbor) Simulating VehicleInterfaces.ElectricDrives.SimpleMotorDC to t=1 with 47 trace point(s)... \u001b[31m\u001b[0m simulation failed: DAE structural proof failed: structurally singular \u001b[31m\u2502\u001b[0m system: 43 matched out of 47 equations and 47 unknowns"", ""tool_side"": false}",/data/mrumoca/eval/results_v3/vehicleinterfaces/runtime_free.jsonl
vehicleinterfaces,runtime-v3,VehicleInterfaces.Engines.NullEngine,0,network-observation-incomplete,info,False,execution-not-completed,"{""reason"": ""missing or unsynchronized connector member observations"", ""note"": ""coverage gap, not a model defect""}",/data/mrumoca/eval/results_v3/vehicleinterfaces/runtime_free.jsonl
vehicleinterfaces,runtime-v3,VehicleInterfaces.Engines.NullEngine,1,initialization-failure,high,False,execution-not-completed,"{""failure_kind"": ""singular-system"", ""reason"": ""es.Engines.NullEngine to t=1 with 20 trace point(s)... \u001b[31m\u001b[0m simulation failed: DAE structural proof failed: structurally singular \u001b[31m\u2502\u001b[0m system: 18 matched out of 20 equations and 20 unknowns"", ""raw"": ""reading /tmp/tmp89s7fh36/traced.rbc (bitcode v2, cbor) Simulating VehicleInterfaces.Engines.NullEngine to t=1 with 20 trace point(s)... \u001b[31m\u001b[0m simulation failed: DAE structural proof failed: structurally singular \u001b[31m\u2502\u001b[0m system: 18 matched out of 20 equations and 20 unknowns"", ""tool_side"": false}",/data/mrumoca/eval/results_v3/vehicleinterfaces/runtime_free.jsonl
vehicleinterfaces,runtime-v3,VehicleInterfaces.EnergyStorage.Battery,0,network-boundary-port,low,False,execution-not-completed,"{""node"": ""constantVoltage.p -- pin_p"", ""boundary_connectors"": ""pin_p"", ""wired_to"": ""constantVoltage.p"", ""note"": ""this connector belongs to the model itself, not to a component inside it: the model is an interface compiled on its own, so the node is open on one side. Nothing forces its flow, which is why a structural matching reports an unmatched unknown here. Not a defect in the model""}",/data/mrumoca/eval/results_v3/vehicleinterfaces/runtime_free.jsonl
vehicleinterfaces,runtime-v3,VehicleInterfaces.EnergyStorage.Battery,1,network-boundary-port,low,False,execution-not-completed,"{""node"": ""constantVoltage.n -- pin_n"", ""boundary_connectors"": ""pin_n"", ""wired_to"": ""constantVoltage.n"", ""note"": ""this connector belongs to the model itself, not to a component inside it: the model is an interface compiled on its own, so the node is open on one side. Nothing forces its flow, which is why a structural matching reports an unmatched unknown here. Not a defect in the model""}",/data/mrumoca/eval/results_v3/vehicleinterfaces/runtime_free.jsonl
vehicleinterfaces,runtime-v3,VehicleInterfaces.EnergyStorage.Battery,2,network-observation-incomplete,info,False,execution-not-completed,"{""reason"": ""missing or unsynchronized connector member observations"", ""note"": ""coverage gap, not a model defect""}",/data/mrumoca/eval/results_v3/vehicleinterfaces/runtime_free.jsonl
vehicleinterfaces,runtime-v3,VehicleInterfaces.EnergyStorage.Battery,3,initialization-failure,high,False,execution-not-completed,"{""failure_kind"": ""singular-system"", ""reason"": "".EnergyStorage.Battery to t=1 with 10 trace point(s)... \u001b[31m\u001b[0m simulation failed: DAE structural proof failed: structurally singular \u001b[31m\u2502\u001b[0m system: 9 matched out of 10 equations and 10 unknowns"", ""raw"": ""reading /tmp/tmpup8dfhjl/traced.rbc (bitcode v2, cbor) Simulating VehicleInterfaces.EnergyStorage.Battery to t=1 with 10 trace point(s)... \u001b[31m\u001b[0m simulation failed: DAE structural proof failed: structurally singular \u001b[31m\u2502\u001b[0m system: 9 matched out of 10 equations and 10 unknowns"", ""tool_side"": false}",/data/mrumoca/eval/results_v3/vehicleinterfaces/runtime_free.jsonl
vehicleinterfaces,runtime-v3,VehicleInterfaces.Drivers.MinimalDriver,0,network-boundary-port,low,False,standalone-topology-not-defect-proof,"{""node"": ""acceleratorDemand -- acceleratorPosition"", ""boundary_connectors"": ""acceleratorDemand, acceleratorPosition"", ""wired_to"": ""nothing"", ""note"": ""this connector belongs to the model itself, not to a component inside it: the model is an interface compiled on its own, so the node is open on one side. Nothing forces its flow, which is why a structural matching reports an unmatched unknown here. Not a defect in the model""}",/data/mrumoca/eval/results_v3/vehicleinterfaces/runtime_free.jsonl
vehicleinterfaces,runtime-v3,VehicleInterfaces.Drivers.MinimalDriver,1,network-boundary-port,low,False,standalone-topology-not-defect-proof,"{""node"": ""brakeDemand -- brakePosition"", ""boundary_connectors"": ""brakeDemand, brakePosition"", ""wired_to"": ""nothing"", ""note"": ""this connector belongs to the model itself, not to a component inside it: the model is an interface compiled on its own, so the node is open on one side. Nothing forces its flow, which is why a structural matching reports an unmatched unknown here. Not a defect in the model""}",/data/mrumoca/eval/results_v3/vehicleinterfaces/runtime_free.jsonl
vehicleinterfaces,runtime-v3,VehicleInterfaces.Drivers.MinimalDriver,2,network-boundary-port,low,False,standalone-topology-not-defect-proof,"{""node"": ""driverInterface -- gearboxMode -- ignition -- requestedGear"", ""boundary_connectors"": ""driverInterface, gearboxMode, ignition, requestedGear"", ""wired_to"": ""nothing"", ""note"": ""this connector belongs to the model itself, not to a component inside it: the model is an interface compiled on its own, so the node is open on one side. Nothing forces its flow, which is why a structural matching reports an unmatched unknown here. Not a defect in the model""}",/data/mrumoca/eval/results_v3/vehicleinterfaces/runtime_free.jsonl
vehicleinterfaces,runtime-v3,VehicleInterfaces.Drivers.MinimalDriver,3,network-boundary-port,low,False,standalone-topology-not-defect-proof,"{""node"": ""steeringAngle -- steeringWheelAngle"", ""boundary_connectors"": ""steeringAngle, steeringWheelAngle"", ""wired_to"": ""nothing"", ""note"": ""this connector belongs to the model itself, not to a component inside it: the model is an interface compiled on its own, so the node is open on one side. Nothing forces its flow, which is why a structural matching reports an unmatched unknown here. Not a defect in the model""}",/data/mrumoca/eval/results_v3/vehicleinterfaces/runtime_free.jsonl
vehicleinterfaces,runtime-v3,VehicleInterfaces.Mechanics.MultiBody.MultiBodyEnd,0,network-observation-incomplete,info,False,execution-not-completed,"{""reason"": ""missing or unsynchronized connector member observations"", ""note"": ""coverage gap, not a model defect""}",/data/mrumoca/eval/results_v3/vehicleinterfaces/runtime_free.jsonl
vehicleinterfaces,runtime-v3,VehicleInterfaces.Mechanics.MultiBody.MultiBodyEnd,1,initialization-failure,high,False,execution-not-completed,"{""failure_kind"": ""singular-system"", ""reason"": ""cs.MultiBody.MultiBodyEnd to t=1 with 8 trace point(s)... \u001b[31m\u001b[0m simulation failed: DAE structural proof failed: structurally singular \u001b[31m\u2502\u001b[0m system: 7 matched out of 8 equations and 8 unknowns"", ""raw"": ""reading /tmp/tmp18njdk9a/traced.rbc (bitcode v2, cbor) Simulating VehicleInterfaces.Mechanics.MultiBody.MultiBodyEnd to t=1 with 8 trace point(s)... \u001b[31m\u001b[0m simulation failed: DAE structural proof failed: structurally singular \u001b[31m\u2502\u001b[0m system: 7 matched out of 8 equations and 8 unknowns"", ""tool_side"": false}",/data/mrumoca/eval/results_v3/vehicleinterfaces/runtime_free.jsonl
vehicleinterfaces,runtime-v3,VehicleInterfaces.Mechanics.NormalisedRotational.AngleSensor,0,network-port-unconnected,low,False,execution-not-completed,"{""connector"": ""flange_a"", ""component"": ""<top level>"", ""component_class"": ""unknown"", ""flows_forced_to_zero"": ""flange_a.tau"", ""note"": ""nothing is connected to this port, so MLS \u00a79.2 forces its flow to zero. That is correct for a component compiled on its own and is not a defect; it is recorded because it is the commonest reason a model looks structurally singular""}",/data/mrumoca/eval/results_v3/vehicleinterfaces/runtime_free.jsonl
vehicleinterfaces,runtime-v3,VehicleInterfaces.Mechanics.NormalisedRotational.AngleSensor,1,network-component-isolated,low,False,execution-not-completed,"{""component"": ""<top level>"", ""component_class"": ""unknown"", ""ports"": ""flange_a"", ""note"": ""every port of this instance is unconnected, so it exchanges nothing with the rest of the model while still contributing its equations""}",/data/mrumoca/eval/results_v3/vehicleinterfaces/runtime_free.jsonl
vehicleinterfaces,runtime-v3,VehicleInterfaces.Mechanics.NormalisedRotational.AngleSensor,2,network-observation-incomplete,info,False,execution-not-completed,"{""reason"": ""missing or unsynchronized connector member observations"", ""note"": ""coverage gap, not a model defect""}",/data/mrumoca/eval/results_v3/vehicleinterfaces/runtime_free.jsonl
vehicleinterfaces,runtime-v3,VehicleInterfaces.Mechanics.NormalisedRotational.AngleSensor,3,initialization-failure,high,False,execution-not-completed,"{""failure_kind"": ""singular-system"", ""reason"": ""sedRotational.AngleSensor to t=1 with 3 trace point(s)... \u001b[31m\u001b[0m simulation failed: DAE structural proof failed: structurally singular \u001b[31m\u2502\u001b[0m system: 2 matched out of 3 equations and 3 unknowns"", ""raw"": ""reading /tmp/tmpa21rz463/traced.rbc (bitcode v2, cbor) Simulating VehicleInterfaces.Mechanics.NormalisedRotational.AngleSensor to t=1 with 3 trace point(s)... \u001b[31m\u001b[0m simulation failed: DAE structural proof failed: structurally singular \u001b[31m\u2502\u001b[0m system: 2 matched out of 3 equations and 3 unknowns"", ""tool_side"": false}",/data/mrumoca/eval/results_v3/vehicleinterfaces/runtime_free.jsonl
vehicleinterfaces,runtime-v3,VehicleInterfaces.Mechanics.NormalisedRotational.Torque,0,network-port-unconnected,low,True,execution-not-completed,"{""connector"": ""flange_b"", ""component"": ""<top level>"", ""component_class"": ""unknown"", ""flows_forced_to_zero"": ""flange_b.tau"", ""note"": ""nothing is connected to this port, so MLS \u00a79.2 forces its flow to zero. That is correct for a component compiled on its own and is not a defect; it is recorded because it is the commonest reason a model looks structurally singular""}",/data/mrumoca/eval/results_v3/vehicleinterfaces/runtime_free.jsonl
vehicleinterfaces,runtime-v3,VehicleInterfaces.Mechanics.NormalisedRotational.Torque,1,network-component-isolated,low,True,execution-not-completed,"{""component"": ""<top level>"", ""component_class"": ""unknown"", ""ports"": ""flange_b"", ""note"": ""every port of this instance is unconnected, so it exchanges nothing with the rest of the model while still contributing its equations""}",/data/mrumoca/eval/results_v3/vehicleinterfaces/runtime_free.jsonl
vehicleinterfaces,runtime-v3,VehicleInterfaces.Mechanics.NormalisedRotational.Torque,2,network-observation-incomplete,info,True,execution-not-completed,"{""reason"": ""missing or unsynchronized connector member observations"", ""note"": ""coverage gap, not a model defect""}",/data/mrumoca/eval/results_v3/vehicleinterfaces/runtime_free.jsonl
vehicleinterfaces,runtime-v3,VehicleInterfaces.Mechanics.NormalisedRotational.Torque,3,initialization-failure,high,True,execution-not-completed,"{""failure_kind"": ""singular-system"", ""reason"": ""rmalisedRotational.Torque to t=1 with 3 trace point(s)... \u001b[31m\u001b[0m simulation failed: DAE structural proof failed: structurally singular \u001b[31m\u2502\u001b[0m system: 1 matched out of 2 equations and 2 unknowns"", ""raw"": ""reading /tmp/tmpt7apsz_q/traced.rbc (bitcode v2, cbor) holding 1 free input(s) constant at their start values: tau=0 Simulating VehicleInterfaces.Mechanics.NormalisedRotational.Torque to t=1 with 3 trace point(s)... \u001b[31m\u001b[0m simulation failed: DAE structural proof failed: structurally singular \u001b[31m\u2502\u001b[0m system: 1 matched out of 2 equations and 2 unknowns"", ""tool_side"": false}",/data/mrumoca/eval/results_v3/vehicleinterfaces/runtime_free.jsonl
vehicleinterfaces,runtime-v3,VehicleInterfaces.Interfaces.ShiftInput,0,network-port-unconnected,low,True,hold-input-contract-validation,"{""connector"": ""shiftConnector.crossGate"", ""component"": ""shiftConnector"", ""component_class"": ""unknown"", ""flows_forced_to_zero"": ""shiftConnector.crossGate.f"", ""note"": ""nothing is connected to this port, so MLS \u00a79.2 forces its flow to zero. That is correct for a component compiled on its own and is not a defect; it is recorded because it is the commonest reason a model looks structurally singular""}",/data/mrumoca/eval/results_v3/vehicleinterfaces/runtime_free.jsonl
vehicleinterfaces,runtime-v3,VehicleInterfaces.Interfaces.ShiftInput,1,network-port-unconnected,low,True,hold-input-contract-validation,"{""connector"": ""shiftConnector.intoGear"", ""component"": ""shiftConnector"", ""component_class"": ""unknown"", ""flows_forced_to_zero"": ""shiftConnector.intoGear.f"", ""note"": ""nothing is connected to this port, so MLS \u00a79.2 forces its flow to zero. That is correct for a component compiled on its own and is not a defect; it is recorded because it is the commonest reason a model looks structurally singular""}",/data/mrumoca/eval/results_v3/vehicleinterfaces/runtime_free.jsonl
vehicleinterfaces,runtime-v3,VehicleInterfaces.Interfaces.ShiftInput,2,network-component-isolated,low,True,hold-input-contract-validation,"{""component"": ""shiftConnector"", ""component_class"": ""unknown"", ""ports"": ""shiftConnector.crossGate, shiftConnector.intoGear"", ""note"": ""every port of this instance is unconnected, so it exchanges nothing with the rest of the model while still contributing its equations""}",/data/mrumoca/eval/results_v3/vehicleinterfaces/runtime_free.jsonl
vehicleinterfaces,runtime-v3,VehicleInterfaces.Mechanics.NormalisedRotational.Position,0,network-port-unconnected,low,True,execution-not-completed,"{""connector"": ""flange_b"", ""component"": ""<top level>"", ""component_class"": ""unknown"", ""flows_forced_to_zero"": ""flange_b.tau"", ""note"": ""nothing is connected to this port, so MLS \u00a79.2 forces its flow to zero. That is correct for a component compiled on its own and is not a defect; it is recorded because it is the commonest reason a model looks structurally singular""}",/data/mrumoca/eval/results_v3/vehicleinterfaces/runtime_free.jsonl
vehicleinterfaces,runtime-v3,VehicleInterfaces.Mechanics.NormalisedRotational.Position,1,network-component-isolated,low,True,execution-not-completed,"{""component"": ""<top level>"", ""component_class"": ""unknown"", ""ports"": ""flange_b"", ""note"": ""every port of this instance is unconnected, so it exchanges nothing with the rest of the model while still contributing its equations""}",/data/mrumoca/eval/results_v3/vehicleinterfaces/runtime_free.jsonl
vehicleinterfaces,runtime-v3,VehicleInterfaces.Mechanics.NormalisedRotational.Position,2,network-observation-incomplete,info,True,execution-not-completed,"{""reason"": ""missing or unsynchronized connector member observations"", ""note"": ""coverage gap, not a model defect""}",/data/mrumoca/eval/results_v3/vehicleinterfaces/runtime_free.jsonl
vehicleinterfaces,runtime-v3,VehicleInterfaces.Mechanics.NormalisedRotational.Position,3,initialization-failure,high,True,execution-not-completed,"{""failure_kind"": ""singular-system"", ""reason"": ""alisedRotational.Position to t=1 with 6 trace point(s)... \u001b[31m\u001b[0m simulation failed: DAE structural proof failed: structurally singular \u001b[31m\u2502\u001b[0m system: 4 matched out of 5 equations and 5 unknowns"", ""raw"": ""reading /tmp/tmpde9bn9rh/traced.rbc (bitcode v2, cbor) holding 1 free input(s) constant at their start values: phi_ref=0 Simulating VehicleInterfaces.Mechanics.NormalisedRotational.Position to t=1 with 6 trace point(s)... \u001b[31m\u001b[0m simulation failed: DAE structural proof failed: structurally singular \u001b[31m\u2502\u001b[0m system: 4 matched out of 5 equations and 5 unknowns"", ""tool_side"": false}",/data/mrumoca/eval/results_v3/vehicleinterfaces/runtime_free.jsonl
vehicleinterfaces,runtime-v3,VehicleInterfaces.Mechanics.NormalisedTranslational.Force,0,network-port-unconnected,low,True,execution-not-completed,"{""connector"": ""flange_b"", ""component"": ""<top level>"", ""component_class"": ""unknown"", ""flows_forced_to_zero"": ""flange_b.f"", ""note"": ""nothing is connected to this port, so MLS \u00a79.2 forces its flow to zero. That is correct for a component compiled on its own and is not a defect; it is recorded because it is the commonest reason a model looks structurally singular""}",/data/mrumoca/eval/results_v3/vehicleinterfaces/runtime_free.jsonl
vehicleinterfaces,runtime-v3,VehicleInterfaces.Mechanics.NormalisedTranslational.Force,1,network-component-isolated,low,True,execution-not-completed,"{""component"": ""<top level>"", ""component_class"": ""unknown"", ""ports"": ""flange_b"", ""note"": ""every port of this instance is unconnected, so it exchanges nothing with the rest of the model while still contributing its equations""}",/data/mrumoca/eval/results_v3/vehicleinterfaces/runtime_free.jsonl
vehicleinterfaces,runtime-v3,VehicleInterfaces.Mechanics.NormalisedTranslational.Force,2,network-observation-incomplete,info,True,execution-not-completed,"{""reason"": ""missing or unsynchronized connector member observations"", ""note"": ""coverage gap, not a model defect""}",/data/mrumoca/eval/results_v3/vehicleinterfaces/runtime_free.jsonl
vehicleinterfaces,runtime-v3,VehicleInterfaces.Mechanics.NormalisedTranslational.Force,3,initialization-failure,high,True,execution-not-completed,"{""failure_kind"": ""singular-system"", ""reason"": ""alisedTranslational.Force to t=1 with 3 trace point(s)... \u001b[31m\u001b[0m simulation failed: DAE structural proof failed: structurally singular \u001b[31m\u2502\u001b[0m system: 1 matched out of 2 equations and 2 unknowns"", ""raw"": ""reading /tmp/tmph4y79yb5/traced.rbc (bitcode v2, cbor) holding 1 free input(s) constant at their start values: force=0 Simulating VehicleInterfaces.Mechanics.NormalisedTranslational.Force to t=1 with 3 trace point(s)... \u001b[31m\u001b[0m simulation failed: DAE structural proof failed: structurally singular \u001b[31m\u2502\u001b[0m system: 1 matched out of 2 equations and 2 unknowns"", ""tool_side"": false}",/data/mrumoca/eval/results_v3/vehicleinterfaces/runtime_free.jsonl
vehicleinterfaces,runtime-v3,VehicleInterfaces.Mechanics.NormalisedTranslational.Position,0,network-port-unconnected,low,True,hold-input-contract-validation,"{""connector"": ""flange_b"", ""component"": ""<top level>"", ""component_class"": ""unknown"", ""flows_forced_to_zero"": ""flange_b.f"", ""note"": ""nothing is connected to this port, so MLS \u00a79.2 forces its flow to zero. That is correct for a component compiled on its own and is not a defect; it is recorded because it is the commonest reason a model looks structurally singular""}",/data/mrumoca/eval/results_v3/vehicleinterfaces/runtime_free.jsonl
vehicleinterfaces,runtime-v3,VehicleInterfaces.Mechanics.NormalisedTranslational.Position,1,network-component-isolated,low,True,hold-input-contract-validation,"{""component"": ""<top level>"", ""component_class"": ""unknown"", ""ports"": ""flange_b"", ""note"": ""every port of this instance is unconnected, so it exchanges nothing with the rest of the model while still contributing its equations""}",/data/mrumoca/eval/results_v3/vehicleinterfaces/runtime_free.jsonl
vehicleinterfaces,runtime-v3,VehicleInterfaces.Mechanics.NormalisedTranslational.PositionSensor,0,network-port-unconnected,low,False,execution-not-completed,"{""connector"": ""flange_a"", ""component"": ""<top level>"", ""component_class"": ""unknown"", ""flows_forced_to_zero"": ""flange_a.f"", ""note"": ""nothing is connected to this port, so MLS \u00a79.2 forces its flow to zero. That is correct for a component compiled on its own and is not a defect; it is recorded because it is the commonest reason a model looks structurally singular""}",/data/mrumoca/eval/results_v3/vehicleinterfaces/runtime_free.jsonl
vehicleinterfaces,runtime-v3,VehicleInterfaces.Mechanics.NormalisedTranslational.PositionSensor,1,network-component-isolated,low,False,execution-not-completed,"{""component"": ""<top level>"", ""component_class"": ""unknown"", ""ports"": ""flange_a"", ""note"": ""every port of this instance is unconnected, so it exchanges nothing with the rest of the model while still contributing its equations""}",/data/mrumoca/eval/results_v3/vehicleinterfaces/runtime_free.jsonl
vehicleinterfaces,runtime-v3,VehicleInterfaces.Mechanics.NormalisedTranslational.PositionSensor,2,network-observation-incomplete,info,False,execution-not-completed,"{""reason"": ""missing or unsynchronized connector member observations"", ""note"": ""coverage gap, not a model defect""}",/data/mrumoca/eval/results_v3/vehicleinterfaces/runtime_free.jsonl
vehicleinterfaces,runtime-v3,VehicleInterfaces.Mechanics.NormalisedTranslational.PositionSensor,3,initialization-failure,high,False,execution-not-completed,"{""failure_kind"": ""singular-system"", ""reason"": ""nslational.PositionSensor to t=1 with 3 trace point(s)... \u001b[31m\u001b[0m simulation failed: DAE structural proof failed: structurally singular \u001b[31m\u2502\u001b[0m system: 2 matched out of 3 equations and 3 unknowns"", ""raw"": ""reading /tmp/tmpatfzuzni/traced.rbc (bitcode v2, cbor) Simulating VehicleInterfaces.Mechanics.NormalisedTranslational.PositionSensor to t=1 with 3 trace point(s)... \u001b[31m\u001b[0m simulation failed: DAE structural proof failed: structurally singular \u001b[31m\u2502\u001b[0m system: 2 matched out of 3 equations and 3 unknowns"", ""tool_side"": false}",/data/mrumoca/eval/results_v3/vehicleinterfaces/runtime_free.jsonl
vehicleinterfaces,runtime-v3,VehicleInterfaces.Transmissions.Interfaces.BaseTwoInputTransmission,0,network-observation-incomplete,info,False,execution-not-completed,"{""reason"": ""missing or unsynchronized connector member observations"", ""note"": ""coverage gap, not a model defect""}",/data/mrumoca/eval/results_v3/vehicleinterfaces/runtime_free.jsonl
vehicleinterfaces,runtime-v3,VehicleInterfaces.Transmissions.Interfaces.BaseTwoInputTransmission,1,initialization-failure,high,False,execution-not-completed,"{""failure_kind"": ""singular-system"", ""reason"": ""eTwoInputTransmission to t=1 with 30 trace point(s)... \u001b[31m\u001b[0m simulation failed: DAE structural proof failed: structurally singular \u001b[31m\u2502\u001b[0m system: 27 matched out of 30 equations and 30 unknowns"", ""raw"": ""reading /tmp/tmp76_swowr/traced.rbc (bitcode v2, cbor) Simulating VehicleInterfaces.Transmissions.Interfaces.BaseTwoInputTransmission to t=1 with 30 trace point(s)... \u001b[31m\u001b[0m simulation failed: DAE structural proof failed: structurally singular \u001b[31m\u2502\u001b[0m system: 27 matched out of 30 equations and 30 unknowns"", ""tool_side"": false}",/data/mrumoca/eval/results_v3/vehicleinterfaces/runtime_free.jsonl
vehicleinterfaces,runtime-v3,VehicleInterfaces.Transmissions.NoTransmissions,0,network-observation-incomplete,info,False,execution-not-completed,"{""reason"": ""missing or unsynchronized connector member observations"", ""note"": ""coverage gap, not a model defect""}",/data/mrumoca/eval/results_v3/vehicleinterfaces/runtime_free.jsonl
vehicleinterfaces,runtime-v3,VehicleInterfaces.Transmissions.NoTransmissions,1,initialization-failure,high,False,execution-not-completed,"{""failure_kind"": ""singular-system"", ""reason"": ""sions.NoTransmissions to t=1 with 20 trace point(s)... \u001b[31m\u001b[0m simulation failed: DAE structural proof failed: structurally singular \u001b[31m\u2502\u001b[0m system: 18 matched out of 20 equations and 20 unknowns"", ""raw"": ""reading /tmp/tmpwsw8_snp/traced.rbc (bitcode v2, cbor) Simulating VehicleInterfaces.Transmissions.NoTransmissions to t=1 with 20 trace point(s)... \u001b[31m\u001b[0m simulation failed: DAE structural proof failed: structurally singular \u001b[31m\u2502\u001b[0m system: 18 matched out of 20 equations and 20 unknowns"", ""tool_side"": false}",/data/mrumoca/eval/results_v3/vehicleinterfaces/runtime_free.jsonl
vehicleinterfaces,runtime-v3,VehicleInterfaces.Transmissions.PowerSplitDevice,0,network-port-unconnected,low,False,execution-not-completed,"{""connector"": ""world.frame_b"", ""component"": ""world"", ""component_class"": ""Modelica.Mechanics.MultiBody.World"", ""flows_forced_to_zero"": ""world.frame_b.f, world.frame_b.t"", ""note"": ""nothing is connected to this port, so MLS \u00a79.2 forces its flow to zero. That is correct for a component compiled on its own and is not a defect; it is recorded because it is the commonest reason a model looks structurally singular""}",/data/mrumoca/eval/results_v3/vehicleinterfaces/runtime_free.jsonl
vehicleinterfaces,runtime-v3,VehicleInterfaces.Transmissions.PowerSplitDevice,1,network-boundary-port,low,False,execution-not-completed,"{""node"": ""outputSpeed -- transmissionBus"", ""boundary_connectors"": ""outputSpeed, transmissionBus"", ""wired_to"": ""nothing"", ""note"": ""this connector belongs to the model itself, not to a component inside it: the model is an interface compiled on its own, so the node is open on one side. Nothing forces its flow, which is why a structural matching reports an unmatched unknown here. Not a defect in the model""}",/data/mrumoca/eval/results_v3/vehicleinterfaces/runtime_free.jsonl
vehicleinterfaces,runtime-v3,VehicleInterfaces.Transmissions.PowerSplitDevice,2,network-boundary-port,low,False,execution-not-completed,"{""node"": ""currentGear -- transmissionControlBus"", ""boundary_connectors"": ""currentGear, transmissionControlBus"", ""wired_to"": ""nothing"", ""note"": ""this connector belongs to the model itself, not to a component inside it: the model is an interface compiled on its own, so the node is open on one side. Nothing forces its flow, which is why a structural matching reports an unmatched unknown here. Not a defect in the model""}",/data/mrumoca/eval/results_v3/vehicleinterfaces/runtime_free.jsonl
vehicleinterfaces,runtime-v3,VehicleInterfaces.Transmissions.PowerSplitDevice,3,network-component-isolated,low,False,execution-not-completed,"{""component"": ""world"", ""component_class"": ""Modelica.Mechanics.MultiBody.World"", ""ports"": ""world.frame_b"", ""note"": ""every port of this instance is unconnected, so it exchanges nothing with the rest of the model while still contributing its equations""}",/data/mrumoca/eval/results_v3/vehicleinterfaces/runtime_free.jsonl
vehicleinterfaces,runtime-v3,VehicleInterfaces.Transmissions.PowerSplitDevice,4,network-observation-incomplete,info,False,execution-not-completed,"{""reason"": ""missing or unsynchronized connector member observations"", ""note"": ""coverage gap, not a model defect""}",/data/mrumoca/eval/results_v3/vehicleinterfaces/runtime_free.jsonl
vehicleinterfaces,runtime-v3,VehicleInterfaces.Transmissions.PowerSplitDevice,5,initialization-failure,high,False,execution-not-completed,"{""failure_kind"": ""singular-system"", ""reason"": "".PowerSplitDevice to t=1 with 224 trace point(s)... \u001b[31m\u001b[0m simulation failed: DAE structural proof failed: structurally singular \u001b[31m\u2502\u001b[0m system: 706 matched out of 710 equations and 710 unknowns"", ""raw"": ""reading /tmp/tmpncs1os01/traced.rbc (bitcode v2, cbor) Simulating VehicleInterfaces.Transmissions.PowerSplitDevice to t=1 with 224 trace point(s)... \u001b[31m\u001b[0m simulation failed: DAE structural proof failed: structurally singular \u001b[31m\u2502\u001b[0m system: 706 matched out of 710 equations and 710 unknowns"", ""tool_side"": false}",/data/mrumoca/eval/results_v3/vehicleinterfaces/runtime_free.jsonl
