library,phase,model,ordinal,kind,severity,held_inputs,route,evidence,source
aixlib,runtime-v3,AixLib.Airflow.AirHandlingUnit.ModularAirHandlingUnit.Components.FanSimple,0,physical-bound-permits-zero,low,True,execution-not-completed,"{""domain"": ""fluid"", ""rule"": ""fluid.density.positive"", ""rule_origin"": ""mass per volume of a real fluid; density appears as a divisor throughout the Fluid library"", ""rule_reference"": """", ""matched_by"": {""quantity"": ""Density"", ""unit"": ""kg/m3"", ""confidence"": ""QUANTITY_AND_UNIT"", ""premise_state"": ""unknown"", ""authority"": ""quantity_or_unit"", ""canonical_declaration"": ""AixLib.Airflow.AirHandlingUnit.ModularAirHandlingUnit.Components.FanSimple.rhoAir""}, ""required"": ""rhoAir > 0"", ""declared_min"": 0.0, ""variable_role"": ""parameter"", ""premise_state"": ""established"", ""authority"": ""source_arithmetic"", ""canonical_declaration"": ""AixLib.Airflow.AirHandlingUnit.ModularAirHandlingUnit.Components.FanSimple.rhoAir"", ""contract_source"": ""equation"", ""premise_reason"": ""a source equation divides by this parameter, so the value is excluded by arithmetic rather than by intent"", ""note"": ""the declaration explicitly permits zero (`min=0`); whether zero is actually admissible needs execution, and for Mass/Inertia it is not""}",/data/mrumoca/eval/results_v3/aixlib/runtime_free.jsonl
aixlib,runtime-v3,AixLib.Airflow.AirHandlingUnit.ModularAirHandlingUnit.Components.FanSimple,1,initialization-failure,high,True,execution-not-completed,"{""failure_kind"": ""unknown"", ""reason"": ""rHandlingUnit.ModularAirHandlingUnit.Components.FanSimple to t=1 with 16 trace point(s)... \u001b[31m\u001b[0m simulation failed: parameter `m_flow_nominal` has neither a binding nor an \u001b[31m\u2502\u001b[0m initial value"", ""raw"": ""reading /tmp/tmp_m48dyqs/traced.rbc (bitcode v2, cbor) holding 4 free input(s) constant at their start values: mAirIn_flow=0, TAirIn=0, XAirIn=0, dpIn=0 Simulating AixLib.Airflow.AirHandlingUnit.ModularAirHandlingUnit.Components.FanSimple to t=1 with 16 trace point(s)... \u001b[31m\u001b[0m simulation failed: parameter `m_flow_nominal` has neither a binding nor an \u001b[31m\u2502\u001b[0m initial value"", ""tool_side"": false}",/data/mrumoca/eval/results_v3/aixlib/runtime_free.jsonl
aixlib,runtime-v3,AixLib.Airflow.AirHandlingUnit.ModularAirHandlingUnit.Components.PressureDrop.PressureDropSimple,0,physical-runtime-invariant-unobserved,low,True,execution-not-completed,"{""domain"": ""fluid"", ""rule"": ""fluid.density.positive"", ""rule_origin"": ""mass per volume of a real fluid; density appears as a divisor throughout the Fluid library"", ""rule_reference"": """", ""matched_by"": {""quantity"": ""Density"", ""unit"": ""kg/m3"", ""confidence"": ""QUANTITY_AND_UNIT"", ""premise_state"": ""unknown"", ""authority"": ""quantity_or_unit"", ""canonical_declaration"": ""AixLib.Airflow.AirHandlingUnit.ModularAirHandlingUnit.Components.PressureDrop.PressureDropSimple.rho""}, ""required"": ""rho > 0"", ""variable_role"": ""input"", ""note"": ""this is a runtime property of a input variable, not a declaration a user can bound; deciding it needs an observation""}",/data/mrumoca/eval/results_v3/aixlib/runtime_free.jsonl
aixlib,runtime-v3,AixLib.Airflow.AirHandlingUnit.ModularAirHandlingUnit.Components.PressureDrop.PressureDropSimple,1,initialization-failure,high,True,execution-not-completed,"{""failure_kind"": ""unknown"", ""reason"": ""ularAirHandlingUnit.Components.PressureDrop.PressureDropSimple to t=1 with 3 trace point(s)... \u001b[31m\u001b[0m simulation failed: parameter `dp_nominal` has neither a binding nor an \u001b[31m\u2502\u001b[0m initial value"", ""raw"": ""reading /tmp/tmpsoxb1gi5/traced.rbc (bitcode v2, cbor) holding 2 free input(s) constant at their start values: m_flow=0, rho=0 Simulating AixLib.Airflow.AirHandlingUnit.ModularAirHandlingUnit.Components.PressureDrop.PressureDropSimple to t=1 with 3 trace point(s)... \u001b[31m\u001b[0m simulation failed: parameter `dp_nominal` has neither a binding nor an \u001b[31m\u2502\u001b[0m initial value"", ""tool_side"": false}",/data/mrumoca/eval/results_v3/aixlib/runtime_free.jsonl
aixlib,runtime-v3,AixLib.Airflow.AirHandlingUnit.ModularAirHandlingUnit.Components.BaseClasses.HeatTransfer.ConvectiveHeatTransferCoefficient,0,physical-zero-is-a-supported-limit,low,True,execution-not-completed,"{""domain"": ""fluid"", ""rule"": ""fluid.density.positive"", ""rule_origin"": ""mass per volume of a real fluid; density appears as a divisor throughout the Fluid library"", ""rule_reference"": """", ""matched_by"": {""quantity"": ""Density"", ""unit"": ""kg/m3"", ""confidence"": ""QUANTITY_AND_UNIT"", ""premise_state"": ""unknown"", ""authority"": ""quantity_or_unit"", ""canonical_declaration"": ""AixLib.Airflow.AirHandlingUnit.ModularAirHandlingUnit.Components.BaseClasses.HeatTransfer.ConvectiveHeatTransferCoefficient.rho""}, ""required"": ""rho > 0"", ""declared_min"": 0.0, ""variable_role"": ""constant"", ""premise_state"": ""refuted"", ""authority"": ""component_contract"", ""contract"": ""AixLib.Airflow.AirHandlingUnit.ModularAirHandlingUnit.Components.BaseClasses.HeatTransfer.ConvectiveHeatTransferCoefficient.rho: feature_disabled (proven, from equation) \u2014 the parameter appears only as a multiplier, so at zero the term it scales drops out and the rest of the model is unaffected"", ""contract_behavior"": ""feature_disabled"", ""contract_confidence"": ""proven"", ""contract_source"": ""equation"", ""note"": ""the positivity rule does not apply: this component documents zero as a meaningful limit, so reporting a missing bound would contradict its contract""}",/data/mrumoca/eval/results_v3/aixlib/runtime_free.jsonl
aixlib,runtime-v3,AixLib.Airflow.AirHandlingUnit.ModularAirHandlingUnit.Components.BaseClasses.HeatTransfer.ConvectiveHeatTransferCoefficient,1,initialization-failure,high,True,execution-not-completed,"{""failure_kind"": ""unknown"", ""reason"": ""HandlingUnit.Components.BaseClasses.HeatTransfer.ConvectiveHeatTransferCoefficient to t=1 with 7 trace point(s)... \u001b[31m\u001b[0m simulation failed: parameter `s` has neither a binding nor an initial value"", ""raw"": ""reading /tmp/tmp3gj7p2u3/traced.rbc (bitcode v2, cbor) holding 1 free input(s) constant at their start values: m_flow=0 Simulating AixLib.Airflow.AirHandlingUnit.ModularAirHandlingUnit.Components.BaseClasses.HeatTransfer.ConvectiveHeatTransferCoefficient to t=1 with 7 trace point(s)... \u001b[31m\u001b[0m simulation failed: parameter `s` has neither a binding nor an initial value"", ""tool_side"": false}",/data/mrumoca/eval/results_v3/aixlib/runtime_free.jsonl
aixlib,runtime-v3,AixLib.Airflow.AirHandlingUnit.ModularAirHandlingUnit.Components.PressureDrop.PressureDrop,0,physical-runtime-invariant-unobserved,low,True,execution-not-completed,"{""domain"": ""fluid"", ""rule"": ""fluid.density.positive"", ""rule_origin"": ""mass per volume of a real fluid; density appears as a divisor throughout the Fluid library"", ""rule_reference"": """", ""matched_by"": {""quantity"": ""Density"", ""unit"": ""kg/m3"", ""confidence"": ""QUANTITY_AND_UNIT"", ""premise_state"": ""unknown"", ""authority"": ""quantity_or_unit"", ""canonical_declaration"": ""AixLib.Airflow.AirHandlingUnit.ModularAirHandlingUnit.Components.PressureDrop.PressureDrop.rho""}, ""required"": ""rho > 0"", ""variable_role"": ""input"", ""note"": ""this is a runtime property of a input variable, not a declaration a user can bound; deciding it needs an observation""}",/data/mrumoca/eval/results_v3/aixlib/runtime_free.jsonl
aixlib,runtime-v3,AixLib.Airflow.AirHandlingUnit.ModularAirHandlingUnit.Components.PressureDrop.PressureDrop,1,initialization-failure,high,True,execution-not-completed,"{""failure_kind"": ""unknown"", ""reason"": ""it.ModularAirHandlingUnit.Components.PressureDrop.PressureDrop to t=1 with 4 trace point(s)... \u001b[31m\u001b[0m simulation failed: parameter `dp_nominal` has neither a binding nor an \u001b[31m\u2502\u001b[0m initial value"", ""raw"": ""reading /tmp/tmpocs5g5_1/traced.rbc (bitcode v2, cbor) holding 3 free input(s) constant at their start values: m_flow=0, rho=0, b=0 Simulating AixLib.Airflow.AirHandlingUnit.ModularAirHandlingUnit.Components.PressureDrop.PressureDrop to t=1 with 4 trace point(s)... \u001b[31m\u001b[0m simulation failed: parameter `dp_nominal` has neither a binding nor an \u001b[31m\u2502\u001b[0m initial value"", ""tool_side"": false}",/data/mrumoca/eval/results_v3/aixlib/runtime_free.jsonl
aixlib,runtime-v3,AixLib.Airflow.AirHandlingUnit.ModularAirHandlingUnit.Components.PassThrough,0,network-boundary-port,low,True,hold-input-contract-validation,"{""node"": ""T_airIn -- T_airOut"", ""boundary_connectors"": ""T_airIn, T_airOut"", ""wired_to"": ""nothing"", ""note"": ""this connector belongs to the model itself, not to a component inside it: the model is an interface compiled on its own, so the node is open on one side. Nothing forces its flow, which is why a structural matching reports an unmatched unknown here. Not a defect in the model""}",/data/mrumoca/eval/results_v3/aixlib/runtime_free.jsonl
aixlib,runtime-v3,AixLib.Airflow.AirHandlingUnit.ModularAirHandlingUnit.Components.PassThrough,1,network-boundary-port,low,True,hold-input-contract-validation,"{""node"": ""X_airIn -- X_airOut"", ""boundary_connectors"": ""X_airIn, X_airOut"", ""wired_to"": ""nothing"", ""note"": ""this connector belongs to the model itself, not to a component inside it: the model is an interface compiled on its own, so the node is open on one side. Nothing forces its flow, which is why a structural matching reports an unmatched unknown here. Not a defect in the model""}",/data/mrumoca/eval/results_v3/aixlib/runtime_free.jsonl
aixlib,runtime-v3,AixLib.Airflow.AirHandlingUnit.ModularAirHandlingUnit.Components.PassThrough,2,network-boundary-port,low,True,hold-input-contract-validation,"{""node"": ""m_flow_airIn -- m_flow_airOut"", ""boundary_connectors"": ""m_flow_airIn, m_flow_airOut"", ""wired_to"": ""nothing"", ""note"": ""this connector belongs to the model itself, not to a component inside it: the model is an interface compiled on its own, so the node is open on one side. Nothing forces its flow, which is why a structural matching reports an unmatched unknown here. Not a defect in the model""}",/data/mrumoca/eval/results_v3/aixlib/runtime_free.jsonl
aixlib,runtime-v3,AixLib.Airflow.AirHandlingUnit.ModularAirHandlingUnit.Components.PassThrough,3,network-observation-incomplete,info,True,hold-input-contract-validation,"{""reason"": ""missing or unsynchronized connector member observations"", ""note"": ""coverage gap, not a model defect""}",/data/mrumoca/eval/results_v3/aixlib/runtime_free.jsonl
aixlib,runtime-v3,AixLib.Airflow.AirCurtain.AirCurtainSimplified,0,network-port-unconnected,low,True,hold-input-contract-validation,"{""connector"": ""port_b"", ""component"": ""<top level>"", ""component_class"": ""unknown"", ""flows_forced_to_zero"": ""port_b.Q_flow"", ""note"": ""nothing is connected to this port, so MLS \u00a79.2 forces its flow to zero. That is correct for a component compiled on its own and is not a defect; it is recorded because it is the commonest reason a model looks structurally singular""}",/data/mrumoca/eval/results_v3/aixlib/runtime_free.jsonl
aixlib,runtime-v3,AixLib.Airflow.AirCurtain.AirCurtainSimplified,1,network-boundary-port,low,True,hold-input-contract-validation,"{""node"": ""TAmb -- mixedTemperature"", ""boundary_connectors"": ""TAmb, mixedTemperature"", ""wired_to"": ""nothing"", ""note"": ""this connector belongs to the model itself, not to a component inside it: the model is an interface compiled on its own, so the node is open on one side. Nothing forces its flow, which is why a structural matching reports an unmatched unknown here. Not a defect in the model""}",/data/mrumoca/eval/results_v3/aixlib/runtime_free.jsonl
aixlib,runtime-v3,AixLib.Airflow.AirCurtain.AirCurtainSimplified,2,physical-intent-question,low,True,hold-input-contract-validation,"{""domain"": ""fluid"", ""rule"": ""fluid.density.positive"", ""rule_origin"": ""mass per volume of a real fluid; density appears as a divisor throughout the Fluid library"", ""rule_reference"": """", ""matched_by"": {""quantity"": ""Density"", ""unit"": ""kg/m3"", ""confidence"": ""QUANTITY_AND_UNIT"", ""premise_state"": ""unknown"", ""authority"": ""quantity_or_unit"", ""canonical_declaration"": ""AixLib.Airflow.AirCurtain.AirCurtainSimplified.rho""}, ""required"": ""rho > 0"", ""declared_min"": 0.0, ""variable_role"": ""parameter"", ""observation"": ""permissive-declaration"", ""premise_state"": ""unknown"", ""authority"": ""quantity_or_unit"", ""canonical_declaration"": ""AixLib.Airflow.AirCurtain.AirCurtainSimplified.rho"", ""question"": ""`rho` is bounded only by min=0, which is unusual for a density \u2014 but nothing declares what this component is, so the analyzer cannot tell whether it is intended. Is it? If so, declare it: add a component contract, or a `[[contracts]]` entry naming the intended `sign_domain`. If not, bound the declaration.""}",/data/mrumoca/eval/results_v3/aixlib/runtime_free.jsonl
aixlib,runtime-v3,AixLib.Airflow.AirHandlingUnit.ModularAirHandlingUnit.Controler.ControlerHumidifier,0,network-boundary-port,low,True,hold-input-contract-validation,"{""node"": ""XHumSet -- X_intern -- Xset"", ""boundary_connectors"": ""XHumSet, X_intern, Xset"", ""wired_to"": ""nothing"", ""note"": ""this connector belongs to the model itself, not to a component inside it: the model is an interface compiled on its own, so the node is open on one side. Nothing forces its flow, which is why a structural matching reports an unmatched unknown here. Not a defect in the model""}",/data/mrumoca/eval/results_v3/aixlib/runtime_free.jsonl
aixlib,runtime-v3,AixLib.Airflow.AirHandlingUnit.ModularAirHandlingUnit.Controler.ControlerHumidifier,1,network-observation-incomplete,info,True,hold-input-contract-validation,"{""reason"": ""missing or unsynchronized connector member observations"", ""note"": ""coverage gap, not a model defect""}",/data/mrumoca/eval/results_v3/aixlib/runtime_free.jsonl
aixlib,runtime-v3,AixLib.Airflow.AirHandlingUnit.ModularAirHandlingUnit.Controler.ControlerCooler,0,network-boundary-port,low,True,hold-input-contract-validation,"{""node"": ""TcoolerSet -- TsupSet -- realPassThrough"", ""boundary_connectors"": ""TcoolerSet, TsupSet, realPassThrough"", ""wired_to"": ""nothing"", ""note"": ""this connector belongs to the model itself, not to a component inside it: the model is an interface compiled on its own, so the node is open on one side. Nothing forces its flow, which is why a structural matching reports an unmatched unknown here. Not a defect in the model""}",/data/mrumoca/eval/results_v3/aixlib/runtime_free.jsonl
aixlib,runtime-v3,AixLib.Airflow.AirHandlingUnit.ModularAirHandlingUnit.Controler.ControlerCooler,1,network-boundary-port,low,True,hold-input-contract-validation,"{""node"": ""XIn -- dewPoi -- greater -- pWat -- xSupSet"", ""boundary_connectors"": ""XIn, dewPoi, greater, pWat, xSupSet"", ""wired_to"": ""nothing"", ""note"": ""this connector belongs to the model itself, not to a component inside it: the model is an interface compiled on its own, so the node is open on one side. Nothing forces its flow, which is why a structural matching reports an unmatched unknown here. Not a defect in the model""}",/data/mrumoca/eval/results_v3/aixlib/runtime_free.jsonl
aixlib,runtime-v3,AixLib.Airflow.WindowVentilation.EmpiricalExpressions.GidsPhaff,0,physical-intent-question,low,True,execution-not-completed,"{""domain"": ""fluid"", ""rule"": ""fluid.area.positive"", ""rule_origin"": ""a flow cross-section is a divisor in every velocity relation; zero area admits no flow and divides by zero"", ""rule_reference"": """", ""matched_by"": {""quantity"": ""Area"", ""unit"": ""m2"", ""confidence"": ""QUANTITY_AND_UNIT"", ""premise_state"": ""unknown"", ""authority"": ""quantity_or_unit"", ""canonical_declaration"": ""AixLib.Airflow.WindowVentilation.OpeningAreas.OpeningAreaSimple.AClrOpn""}, ""required"": ""openingArea.AClrOpn > 0"", ""declared_min"": null, ""variable_role"": ""parameter"", ""observation"": ""permissive-declaration"", ""premise_state"": ""unknown"", ""authority"": ""quantity_or_unit"", ""canonical_declaration"": ""AixLib.Airflow.WindowVentilation.OpeningAreas.OpeningAreaSimple.AClrOpn"", ""question"": ""`openingArea.AClrOpn` carries no bound that would exclude it, which is unusual for an area \u2014 but nothing declares what this component is, so the analyzer cannot tell whether it is intended. Is it? If so, declare it: add a component contract, or a `[[contracts]]` entry naming the intended `sign_domain`. If not, bound the declaration.""}",/data/mrumoca/eval/results_v3/aixlib/runtime_free.jsonl
aixlib,runtime-v3,AixLib.Airflow.WindowVentilation.EmpiricalExpressions.GidsPhaff,1,initialization-failure,high,True,execution-not-completed,"{""failure_kind"": ""unknown"", ""reason"": ""Lib.Airflow.WindowVentilation.EmpiricalExpressions.GidsPhaff to t=1 with 14 trace point(s)... \u001b[31m\u001b[0m simulation failed: parameter `winClrWidth` has neither a binding nor an \u001b[31m\u2502\u001b[0m initial value"", ""raw"": ""reading /tmp/tmpunydv2ys/traced.rbc (bitcode v2, cbor) holding 4 free input(s) constant at their start values: TRoom=0, TAmb=0, opnWidth_in=0, winSpe10=0 Simulating AixLib.Airflow.WindowVentilation.EmpiricalExpressions.GidsPhaff to t=1 with 14 trace point(s)... \u001b[31m\u001b[0m simulation failed: parameter `winClrWidth` has neither a binding nor an \u001b[31m\u2502\u001b[0m initial value"", ""tool_side"": false}",/data/mrumoca/eval/results_v3/aixlib/runtime_free.jsonl
aixlib,runtime-v3,AixLib.Airflow.WindowVentilation.EmpiricalExpressions.WarrenParkins,0,physical-intent-question,low,True,execution-not-completed,"{""domain"": ""fluid"", ""rule"": ""fluid.area.positive"", ""rule_origin"": ""a flow cross-section is a divisor in every velocity relation; zero area admits no flow and divides by zero"", ""rule_reference"": """", ""matched_by"": {""quantity"": ""Area"", ""unit"": ""m2"", ""confidence"": ""QUANTITY_AND_UNIT"", ""premise_state"": ""unknown"", ""authority"": ""quantity_or_unit"", ""canonical_declaration"": ""AixLib.Airflow.WindowVentilation.OpeningAreas.OpeningAreaSimple.AClrOpn""}, ""required"": ""openingArea.AClrOpn > 0"", ""declared_min"": null, ""variable_role"": ""parameter"", ""observation"": ""permissive-declaration"", ""premise_state"": ""unknown"", ""authority"": ""quantity_or_unit"", ""canonical_declaration"": ""AixLib.Airflow.WindowVentilation.OpeningAreas.OpeningAreaSimple.AClrOpn"", ""question"": ""`openingArea.AClrOpn` carries no bound that would exclude it, which is unusual for an area \u2014 but nothing declares what this component is, so the analyzer cannot tell whether it is intended. Is it? If so, declare it: add a component contract, or a `[[contracts]]` entry naming the intended `sign_domain`. If not, bound the declaration.""}",/data/mrumoca/eval/results_v3/aixlib/runtime_free.jsonl
aixlib,runtime-v3,AixLib.Airflow.WindowVentilation.EmpiricalExpressions.WarrenParkins,1,initialization-failure,high,True,execution-not-completed,"{""failure_kind"": ""unknown"", ""reason"": ""Airflow.WindowVentilation.EmpiricalExpressions.WarrenParkins to t=1 with 14 trace point(s)... \u001b[31m\u001b[0m simulation failed: parameter `winClrWidth` has neither a binding nor an \u001b[31m\u2502\u001b[0m initial value"", ""raw"": ""reading /tmp/tmp4hzru5lg/traced.rbc (bitcode v2, cbor) holding 4 free input(s) constant at their start values: TRoom=0, TAmb=0, opnWidth_in=0, winSpe10=0 Simulating AixLib.Airflow.WindowVentilation.EmpiricalExpressions.WarrenParkins to t=1 with 14 trace point(s)... \u001b[31m\u001b[0m simulation failed: parameter `winClrWidth` has neither a binding nor an \u001b[31m\u2502\u001b[0m initial value"", ""tool_side"": false}",/data/mrumoca/eval/results_v3/aixlib/runtime_free.jsonl
aixlib,runtime-v3,AixLib.Airflow.WindowVentilation.OpeningAreas.OpeningAreaSimple,0,physical-intent-question,low,False,execution-not-completed,"{""domain"": ""fluid"", ""rule"": ""fluid.area.positive"", ""rule_origin"": ""a flow cross-section is a divisor in every velocity relation; zero area admits no flow and divides by zero"", ""rule_reference"": """", ""matched_by"": {""quantity"": ""Area"", ""unit"": ""m2"", ""confidence"": ""QUANTITY_AND_UNIT"", ""premise_state"": ""unknown"", ""authority"": ""quantity_or_unit"", ""canonical_declaration"": ""AixLib.Airflow.WindowVentilation.OpeningAreas.OpeningAreaSimple.AClrOpn""}, ""required"": ""AClrOpn > 0"", ""declared_min"": null, ""variable_role"": ""parameter"", ""observation"": ""permissive-declaration"", ""premise_state"": ""unknown"", ""authority"": ""quantity_or_unit"", ""canonical_declaration"": ""AixLib.Airflow.WindowVentilation.OpeningAreas.OpeningAreaSimple.AClrOpn"", ""question"": ""`AClrOpn` carries no bound that would exclude it, which is unusual for an area \u2014 but nothing declares what this component is, so the analyzer cannot tell whether it is intended. Is it? If so, declare it: add a component contract, or a `[[contracts]]` entry naming the intended `sign_domain`. If not, bound the declaration.""}",/data/mrumoca/eval/results_v3/aixlib/runtime_free.jsonl
aixlib,runtime-v3,AixLib.Airflow.WindowVentilation.OpeningAreas.OpeningAreaSimple,1,initialization-failure,high,False,execution-not-completed,"{""failure_kind"": ""unknown"", ""reason"": ""xLib.Airflow.WindowVentilation.OpeningAreas.OpeningAreaSimple to t=1 with 2 trace point(s)... \u001b[31m\u001b[0m simulation failed: parameter `winClrWidth` has neither a binding nor an \u001b[31m\u2502\u001b[0m initial value"", ""raw"": ""reading /tmp/tmpjv0ucpld/traced.rbc (bitcode v2, cbor) Simulating AixLib.Airflow.WindowVentilation.OpeningAreas.OpeningAreaSimple to t=1 with 2 trace point(s)... \u001b[31m\u001b[0m simulation failed: parameter `winClrWidth` has neither a binding nor an \u001b[31m\u2502\u001b[0m initial value"", ""tool_side"": false}",/data/mrumoca/eval/results_v3/aixlib/runtime_free.jsonl
aixlib,runtime-v3,AixLib.Airflow.WindowVentilation.EmpiricalExpressions.Tang,0,physical-intent-question,low,True,execution-not-completed,"{""domain"": ""fluid"", ""rule"": ""fluid.area.positive"", ""rule_origin"": ""a flow cross-section is a divisor in every velocity relation; zero area admits no flow and divides by zero"", ""rule_reference"": """", ""matched_by"": {""quantity"": ""Area"", ""unit"": ""m2"", ""confidence"": ""QUANTITY_AND_UNIT"", ""premise_state"": ""unknown"", ""authority"": ""quantity_or_unit"", ""canonical_declaration"": ""AixLib.Airflow.WindowVentilation.OpeningAreas.OpeningAreaSimple.AClrOpn""}, ""required"": ""openingArea.AClrOpn > 0"", ""declared_min"": null, ""variable_role"": ""parameter"", ""observation"": ""permissive-declaration"", ""premise_state"": ""unknown"", ""authority"": ""quantity_or_unit"", ""canonical_declaration"": ""AixLib.Airflow.WindowVentilation.OpeningAreas.OpeningAreaSimple.AClrOpn"", ""question"": ""`openingArea.AClrOpn` carries no bound that would exclude it, which is unusual for an area \u2014 but nothing declares what this component is, so the analyzer cannot tell whether it is intended. Is it? If so, declare it: add a component contract, or a `[[contracts]]` entry naming the intended `sign_domain`. If not, bound the declaration.""}",/data/mrumoca/eval/results_v3/aixlib/runtime_free.jsonl
aixlib,runtime-v3,AixLib.Airflow.WindowVentilation.EmpiricalExpressions.Tang,1,initialization-failure,high,True,execution-not-completed,"{""failure_kind"": ""unknown"", ""reason"": ""g AixLib.Airflow.WindowVentilation.EmpiricalExpressions.Tang to t=1 with 13 trace point(s)... \u001b[31m\u001b[0m simulation failed: parameter `winClrWidth` has neither a binding nor an \u001b[31m\u2502\u001b[0m initial value"", ""raw"": ""reading /tmp/tmp8lvt8uxy/traced.rbc (bitcode v2, cbor) holding 3 free input(s) constant at their start values: TRoom=0, TAmb=0, opnWidth_in=0 Simulating AixLib.Airflow.WindowVentilation.EmpiricalExpressions.Tang to t=1 with 13 trace point(s)... \u001b[31m\u001b[0m simulation failed: parameter `winClrWidth` has neither a binding nor an \u001b[31m\u2502\u001b[0m initial value"", ""tool_side"": false}",/data/mrumoca/eval/results_v3/aixlib/runtime_free.jsonl
aixlib,runtime-v3,AixLib.Airflow.WindowVentilation.OpeningAreas.OpeningAreaSimpleVDI2078,0,physical-zero-is-a-supported-limit,low,False,execution-not-completed,"{""domain"": ""fluid"", ""rule"": ""fluid.area.positive"", ""rule_origin"": ""a flow cross-section is a divisor in every velocity relation; zero area admits no flow and divides by zero"", ""rule_reference"": """", ""matched_by"": {""quantity"": ""Area"", ""unit"": ""m2"", ""confidence"": ""QUANTITY_AND_UNIT"", ""premise_state"": ""unknown"", ""authority"": ""quantity_or_unit"", ""canonical_declaration"": ""AixLib.Airflow.WindowVentilation.OpeningAreas.OpeningAreaSimpleVDI2078.AClrOpn""}, ""required"": ""AClrOpn > 0"", ""declared_min"": null, ""variable_role"": ""parameter"", ""premise_state"": ""refuted"", ""authority"": ""component_contract"", ""contract"": ""AixLib.Airflow.WindowVentilation.OpeningAreas.OpeningAreaSimpleVDI2078.AClrOpn: feature_disabled (proven, from equation) \u2014 the parameter appears only as a multiplier, so at zero the term it scales drops out and the rest of the model is unaffected"", ""contract_behavior"": ""feature_disabled"", ""contract_confidence"": ""proven"", ""contract_source"": ""equation"", ""note"": ""the positivity rule does not apply: this component documents zero as a meaningful limit, so reporting a missing bound would contradict its contract""}",/data/mrumoca/eval/results_v3/aixlib/runtime_free.jsonl
aixlib,runtime-v3,AixLib.Airflow.WindowVentilation.OpeningAreas.OpeningAreaSimpleVDI2078,1,initialization-failure,high,False,execution-not-completed,"{""failure_kind"": ""unknown"", ""reason"": ""rflow.WindowVentilation.OpeningAreas.OpeningAreaSimpleVDI2078 to t=1 with 2 trace point(s)... \u001b[31m\u001b[0m simulation failed: parameter `winClrWidth` has neither a binding nor an \u001b[31m\u2502\u001b[0m initial value"", ""raw"": ""reading /tmp/tmptqmgs4rp/traced.rbc (bitcode v2, cbor) Simulating AixLib.Airflow.WindowVentilation.OpeningAreas.OpeningAreaSimpleVDI2078 to t=1 with 2 trace point(s)... \u001b[31m\u001b[0m simulation failed: parameter `winClrWidth` has neither a binding nor an \u001b[31m\u2502\u001b[0m initial value"", ""tool_side"": false}",/data/mrumoca/eval/results_v3/aixlib/runtime_free.jsonl
aixlib,runtime-v3,AixLib.Airflow.WindowVentilation.Utilities.AngleToWidth,0,initialization-failure,high,True,execution-not-completed,"{""failure_kind"": ""unknown"", ""reason"": ""Simulating AixLib.Airflow.WindowVentilation.Utilities.AngleToWidth to t=1 with 2 trace point(s)... \u001b[31m\u001b[0m simulation failed: parameter `lenAxs` has neither a binding nor an initial \u001b[31m\u2502\u001b[0m value"", ""raw"": ""reading /tmp/tmpmuzk2ev9/traced.rbc (bitcode v2, cbor) holding 1 free input(s) constant at their start values: u=0 Simulating AixLib.Airflow.WindowVentilation.Utilities.AngleToWidth to t=1 with 2 trace point(s)... \u001b[31m\u001b[0m simulation failed: parameter `lenAxs` has neither a binding nor an initial \u001b[31m\u2502\u001b[0m value"", ""tool_side"": false}",/data/mrumoca/eval/results_v3/aixlib/runtime_free.jsonl
aixlib,runtime-v3,AixLib.BoundaryConditions.GroundTemperature.Options,0,network-boundary-port,low,False,execution-not-completed,"{""node"": ""TGroConSou -- TGroOut"", ""boundary_connectors"": ""TGroConSou, TGroOut"", ""wired_to"": ""nothing"", ""note"": ""this connector belongs to the model itself, not to a component inside it: the model is an interface compiled on its own, so the node is open on one side. Nothing forces its flow, which is why a structural matching reports an unmatched unknown here. Not a defect in the model""}",/data/mrumoca/eval/results_v3/aixlib/runtime_free.jsonl
aixlib,runtime-v3,AixLib.BoundaryConditions.GroundTemperature.Options,1,network-observation-incomplete,info,False,execution-not-completed,"{""reason"": ""missing or unsynchronized connector member observations"", ""note"": ""coverage gap, not a model defect""}",/data/mrumoca/eval/results_v3/aixlib/runtime_free.jsonl
aixlib,runtime-v3,AixLib.BoundaryConditions.GroundTemperature.Options,2,initialization-failure,high,False,execution-not-completed,"{""failure_kind"": ""unknown"", ""reason"": ""cbor) Simulating AixLib.BoundaryConditions.GroundTemperature.Options to t=1 with 2 trace point(s)... \u001b[31m\u001b[0m simulation failed: parameter `TMea` has neither a binding nor an initial \u001b[31m\u2502\u001b[0m value"", ""raw"": ""reading /tmp/tmpdnbikp96/traced.rbc (bitcode v2, cbor) Simulating AixLib.BoundaryConditions.GroundTemperature.Options to t=1 with 2 trace point(s)... \u001b[31m\u001b[0m simulation failed: parameter `TMea` has neither a binding nor an initial \u001b[31m\u2502\u001b[0m value"", ""tool_side"": false}",/data/mrumoca/eval/results_v3/aixlib/runtime_free.jsonl
aixlib,runtime-v3,AixLib.BoundaryConditions.GroundTemperature.GroundTemperatureKusuda,0,network-boundary-port,low,False,execution-not-completed,"{""node"": ""port -- prescribedTemperature.port"", ""boundary_connectors"": ""port"", ""wired_to"": ""prescribedTemperature.port"", ""note"": ""this connector belongs to the model itself, not to a component inside it: the model is an interface compiled on its own, so the node is open on one side. Nothing forces its flow, which is why a structural matching reports an unmatched unknown here. Not a defect in the model""}",/data/mrumoca/eval/results_v3/aixlib/runtime_free.jsonl
aixlib,runtime-v3,AixLib.BoundaryConditions.GroundTemperature.GroundTemperatureKusuda,1,network-observation-incomplete,info,False,execution-not-completed,"{""reason"": ""missing or unsynchronized connector member observations"", ""note"": ""coverage gap, not a model defect""}",/data/mrumoca/eval/results_v3/aixlib/runtime_free.jsonl
aixlib,runtime-v3,AixLib.BoundaryConditions.GroundTemperature.GroundTemperatureKusuda,2,initialization-failure,high,False,execution-not-completed,"{""failure_kind"": ""unknown"", ""reason"": ""ixLib.BoundaryConditions.GroundTemperature.GroundTemperatureKusuda to t=1 with 5 trace point(s)... \u001b[31m\u001b[0m simulation failed: parameter `T_mean` has neither a binding nor an initial \u001b[31m\u2502\u001b[0m value"", ""raw"": ""reading /tmp/tmplo4uur43/traced.rbc (bitcode v2, cbor) Simulating AixLib.BoundaryConditions.GroundTemperature.GroundTemperatureKusuda to t=1 with 5 trace point(s)... \u001b[31m\u001b[0m simulation failed: parameter `T_mean` has neither a binding nor an initial \u001b[31m\u2502\u001b[0m value"", ""tool_side"": false}",/data/mrumoca/eval/results_v3/aixlib/runtime_free.jsonl
aixlib,runtime-v3,AixLib.Airflow.WindowVentilation.Utilities.WindProfilePowerLaw,0,initialization-failure,high,True,execution-not-completed,"{""failure_kind"": ""unknown"", ""reason"": ""ing AixLib.Airflow.WindowVentilation.Utilities.WindProfilePowerLaw to t=1 with 2 trace point(s)... \u001b[31m\u001b[0m simulation failed: parameter `height` has neither a binding nor an initial \u001b[31m\u2502\u001b[0m value"", ""raw"": ""reading /tmp/tmpet8gttu9/traced.rbc (bitcode v2, cbor) holding 1 free input(s) constant at their start values: winSpeRef=0 Simulating AixLib.Airflow.WindowVentilation.Utilities.WindProfilePowerLaw to t=1 with 2 trace point(s)... \u001b[31m\u001b[0m simulation failed: parameter `height` has neither a binding nor an initial \u001b[31m\u2502\u001b[0m value"", ""tool_side"": false}",/data/mrumoca/eval/results_v3/aixlib/runtime_free.jsonl
aixlib,runtime-v3,AixLib.BoundaryConditions.InternalGains.CO2.CO2Balance,0,physical-zero-is-a-supported-limit,low,True,execution-not-completed,"{""domain"": ""fluid"", ""rule"": ""fluid.area.positive"", ""rule_origin"": ""a flow cross-section is a divisor in every velocity relation; zero area admits no flow and divides by zero"", ""rule_reference"": """", ""matched_by"": {""quantity"": ""Area"", ""unit"": ""m2"", ""confidence"": ""QUANTITY_AND_UNIT"", ""premise_state"": ""unknown"", ""authority"": ""quantity_or_unit"", ""canonical_declaration"": ""AixLib.BoundaryConditions.InternalGains.CO2.CO2Balance.areaZon""}, ""required"": ""areaZon > 0"", ""declared_min"": null, ""variable_role"": ""parameter"", ""premise_state"": ""refuted"", ""authority"": ""component_contract"", ""contract"": ""AixLib.BoundaryConditions.InternalGains.CO2.CO2Balance.areaZon: feature_disabled (proven, from equation) \u2014 the parameter appears only as a multiplier, so at zero the term it scales drops out and the rest of the model is unaffected"", ""contract_behavior"": ""feature_disabled"", ""contract_confidence"": ""proven"", ""contract_source"": ""equation"", ""note"": ""the positivity rule does not apply: this component documents zero as a meaningful limit, so reporting a missing bound would contradict its contract""}",/data/mrumoca/eval/results_v3/aixlib/runtime_free.jsonl
aixlib,runtime-v3,AixLib.BoundaryConditions.InternalGains.CO2.CO2Balance,1,physical-zero-is-a-supported-limit,low,True,execution-not-completed,"{""domain"": ""fluid"", ""rule"": ""fluid.area.positive"", ""rule_origin"": ""a flow cross-section is a divisor in every velocity relation; zero area admits no flow and divides by zero"", ""rule_reference"": """", ""matched_by"": {""quantity"": ""Area"", ""unit"": ""m2"", ""confidence"": ""QUANTITY_AND_UNIT"", ""premise_state"": ""unknown"", ""authority"": ""quantity_or_unit"", ""canonical_declaration"": ""AixLib.BoundaryConditions.InternalGains.CO2.CO2Balance.areaBod""}, ""required"": ""areaBod > 0"", ""declared_min"": null, ""variable_role"": ""parameter"", ""premise_state"": ""refuted"", ""authority"": ""component_contract"", ""contract"": ""AixLib.BoundaryConditions.InternalGains.CO2.CO2Balance.areaBod: feature_disabled (proven, from equation) \u2014 the parameter appears only as a multiplier, so at zero the term it scales drops out and the rest of the model is unaffected"", ""contract_behavior"": ""feature_disabled"", ""contract_confidence"": ""proven"", ""contract_source"": ""equation"", ""note"": ""the positivity rule does not apply: this component documents zero as a meaningful limit, so reporting a missing bound would contradict its contract""}",/data/mrumoca/eval/results_v3/aixlib/runtime_free.jsonl
aixlib,runtime-v3,AixLib.BoundaryConditions.InternalGains.CO2.CO2Balance,2,physical-zero-is-a-supported-limit,low,True,execution-not-completed,"{""domain"": ""fluid"", ""rule"": ""fluid.density.positive"", ""rule_origin"": ""mass per volume of a real fluid; density appears as a divisor throughout the Fluid library"", ""rule_reference"": """", ""matched_by"": {""quantity"": ""Density"", ""unit"": ""kg/m3"", ""confidence"": ""QUANTITY_AND_UNIT"", ""premise_state"": ""unknown"", ""authority"": ""quantity_or_unit"", ""canonical_declaration"": ""AixLib.BoundaryConditions.InternalGains.CO2.CO2Balance.rhoAir""}, ""required"": ""rhoAir > 0"", ""declared_min"": 0.0, ""variable_role"": ""constant"", ""premise_state"": ""refuted"", ""authority"": ""component_contract"", ""contract"": ""AixLib.BoundaryConditions.InternalGains.CO2.CO2Balance.rhoAir: feature_disabled (proven, from equation) \u2014 the parameter appears only as a multiplier, so at zero the term it scales drops out and the rest of the model is unaffected"", ""contract_behavior"": ""feature_disabled"", ""contract_confidence"": ""proven"", ""contract_source"": ""equation"", ""note"": ""the positivity rule does not apply: this component documents zero as a meaningful limit, so reporting a missing bound would contradict its contract""}",/data/mrumoca/eval/results_v3/aixlib/runtime_free.jsonl
aixlib,runtime-v3,AixLib.BoundaryConditions.InternalGains.CO2.CO2Balance,3,physical-runtime-invariant-unobserved,low,True,execution-not-completed,"{""domain"": ""fluid"", ""rule"": ""fluid.density.positive"", ""rule_origin"": ""mass per volume of a real fluid; density appears as a divisor throughout the Fluid library"", ""rule_reference"": """", ""matched_by"": {""quantity"": ""Density"", ""unit"": ""kg/m3"", ""confidence"": ""QUANTITY_AND_UNIT"", ""premise_state"": ""unknown"", ""authority"": ""quantity_or_unit"", ""canonical_declaration"": ""AixLib.BoundaryConditions.InternalGains.CO2.CO2Balance.rhoCO2""}, ""required"": ""rhoCO2 > 0"", ""variable_role"": ""algebraic"", ""note"": ""this is a runtime property of a algebraic variable, not a declaration a user can bound; deciding it needs an observation""}",/data/mrumoca/eval/results_v3/aixlib/runtime_free.jsonl
aixlib,runtime-v3,AixLib.BoundaryConditions.InternalGains.CO2.CO2Balance,4,initialization-failure,high,True,execution-not-completed,"{""failure_kind"": ""unknown"", ""reason"": ""imulating AixLib.BoundaryConditions.InternalGains.CO2.CO2Balance to t=1 with 13 trace point(s)... \u001b[31m\u001b[0m simulation failed: parameter `areaZon` has neither a binding nor an initial \u001b[31m\u2502\u001b[0m value"", ""raw"": ""reading /tmp/tmpj53jpjv_/traced.rbc (bitcode v2, cbor) holding 4 free input(s) constant at their start values: XCO2=0, airExc=0, TAir=0, uRel=0 Simulating AixLib.BoundaryConditions.InternalGains.CO2.CO2Balance to t=1 with 13 trace point(s)... \u001b[31m\u001b[0m simulation failed: parameter `areaZon` has neither a binding nor an initial \u001b[31m\u2502\u001b[0m value"", ""tool_side"": false}",/data/mrumoca/eval/results_v3/aixlib/runtime_free.jsonl
aixlib,runtime-v3,AixLib.BoundaryConditions.InternalGains.Humans.BaseClasses.TemperatureDependentHeatOutputSIA2024,0,physical-zero-is-a-supported-limit,low,True,hold-input-contract-validation,"{""domain"": ""fluid"", ""rule"": ""fluid.area.positive"", ""rule_origin"": ""a flow cross-section is a divisor in every velocity relation; zero area admits no flow and divides by zero"", ""rule_reference"": """", ""matched_by"": {""quantity"": ""Area"", ""unit"": ""m2"", ""confidence"": ""QUANTITY_AND_UNIT"", ""premise_state"": ""unknown"", ""authority"": ""quantity_or_unit"", ""canonical_declaration"": ""AixLib.BoundaryConditions.InternalGains.Humans.BaseClasses.TemperatureDependentHeatOutputSIA2024.BodySurface""}, ""required"": ""BodySurface > 0"", ""declared_min"": null, ""variable_role"": ""constant"", ""premise_state"": ""refuted"", ""authority"": ""component_contract"", ""contract"": ""AixLib.BoundaryConditions.InternalGains.Humans.BaseClasses.TemperatureDependentHeatOutputSIA2024.BodySurface: feature_disabled (proven, from equation) \u2014 the parameter appears only as a multiplier, so at zero the term it scales drops out and the rest of the model is unaffected"", ""contract_behavior"": ""feature_disabled"", ""contract_confidence"": ""proven"", ""contract_source"": ""equation"", ""note"": ""the positivity rule does not apply: this component documents zero as a meaningful limit, so reporting a missing bound would contradict its contract""}",/data/mrumoca/eval/results_v3/aixlib/runtime_free.jsonl
aixlib,runtime-v3,AixLib.BoundaryConditions.GroundTemperature.Examples.ExampleAachen,0,network-boundary-port,low,False,standalone-topology-not-defect-proof,"{""node"": ""T_ground -- temperatureSensor"", ""boundary_connectors"": ""T_ground, temperatureSensor"", ""wired_to"": ""nothing"", ""note"": ""this connector belongs to the model itself, not to a component inside it: the model is an interface compiled on its own, so the node is open on one side. Nothing forces its flow, which is why a structural matching reports an unmatched unknown here. Not a defect in the model""}",/data/mrumoca/eval/results_v3/aixlib/runtime_free.jsonl
aixlib,runtime-v3,AixLib.BoundaryConditions.InternalGains.Humans.BaseClasses.TemperatureDependentMoistureOutputSIA2024,0,network-boundary-port,low,True,hold-input-contract-validation,"{""node"": ""T -- temperatureDependentHeatOutput_SIA2024"", ""boundary_connectors"": ""T, temperatureDependentHeatOutput_SIA2024"", ""wired_to"": ""nothing"", ""note"": ""this connector belongs to the model itself, not to a component inside it: the model is an interface compiled on its own, so the node is open on one side. Nothing forces its flow, which is why a structural matching reports an unmatched unknown here. Not a defect in the model""}",/data/mrumoca/eval/results_v3/aixlib/runtime_free.jsonl
aixlib,runtime-v3,AixLib.BoundaryConditions.InternalGains.Humans.BaseClasses.TemperatureDependentMoistureOutputSIA2024,1,physical-zero-is-a-supported-limit,low,True,hold-input-contract-validation,"{""domain"": ""fluid"", ""rule"": ""fluid.area.positive"", ""rule_origin"": ""a flow cross-section is a divisor in every velocity relation; zero area admits no flow and divides by zero"", ""rule_reference"": """", ""matched_by"": {""quantity"": ""Area"", ""unit"": ""m2"", ""confidence"": ""QUANTITY_AND_UNIT"", ""premise_state"": ""unknown"", ""authority"": ""quantity_or_unit"", ""canonical_declaration"": ""AixLib.BoundaryConditions.InternalGains.Humans.BaseClasses.TemperatureDependentHeatOutputSIA2024.BodySurface""}, ""required"": ""temperatureDependentHeatOutput_SIA2024.BodySurface > 0"", ""declared_min"": null, ""variable_role"": ""constant"", ""premise_state"": ""refuted"", ""authority"": ""component_contract"", ""contract"": ""AixLib.BoundaryConditions.InternalGains.Humans.BaseClasses.TemperatureDependentHeatOutputSIA2024.BodySurface: feature_disabled (proven, from equation) \u2014 the parameter appears only as a multiplier, so at zero the term it scales drops out and the rest of the model is unaffected"", ""contract_behavior"": ""feature_disabled"", ""contract_confidence"": ""proven"", ""contract_source"": ""equation"", ""note"": ""the positivity rule does not apply: this component documents zero as a meaningful limit, so reporting a missing bound would contradict its contract""}",/data/mrumoca/eval/results_v3/aixlib/runtime_free.jsonl
aixlib,runtime-v3,AixLib.BoundaryConditions.InternalGains.Humans.BaseClasses.TemperatureDependentMoistureOutputSIA2024,2,physical-zero-is-a-supported-limit,low,True,hold-input-contract-validation,"{""domain"": ""fluid"", ""rule"": ""fluid.area.positive"", ""rule_origin"": ""a flow cross-section is a divisor in every velocity relation; zero area admits no flow and divides by zero"", ""rule_reference"": """", ""matched_by"": {""quantity"": ""Area"", ""unit"": ""m2"", ""confidence"": ""QUANTITY_AND_UNIT"", ""premise_state"": ""unknown"", ""authority"": ""quantity_or_unit"", ""canonical_declaration"": ""AixLib.BoundaryConditions.InternalGains.Humans.BaseClasses.TemperatureDependentMoistureOutputSIA2024.BodySurface""}, ""required"": ""BodySurface > 0"", ""declared_min"": null, ""variable_role"": ""constant"", ""premise_state"": ""refuted"", ""authority"": ""component_contract"", ""contract"": ""AixLib.BoundaryConditions.InternalGains.Humans.BaseClasses.TemperatureDependentMoistureOutputSIA2024.BodySurface: feature_disabled (proven, from equation) \u2014 the parameter appears only as a multiplier, so at zero the term it scales drops out and the rest of the model is unaffected"", ""contract_behavior"": ""feature_disabled"", ""contract_confidence"": ""proven"", ""contract_source"": ""equation"", ""note"": ""the positivity rule does not apply: this component documents zero as a meaningful limit, so reporting a missing bound would contradict its contract""}",/data/mrumoca/eval/results_v3/aixlib/runtime_free.jsonl
aixlib,runtime-v3,AixLib.BoundaryConditions.InternalGains.Humans.HumanSensibleHeatTemperatureIndependent,0,network-boundary-port,low,True,execution-not-completed,"{""node"": ""TRoom -- temperatureSensor.port"", ""boundary_connectors"": ""TRoom"", ""wired_to"": ""temperatureSensor.port"", ""note"": ""this connector belongs to the model itself, not to a component inside it: the model is an interface compiled on its own, so the node is open on one side. Nothing forces its flow, which is why a structural matching reports an unmatched unknown here. Not a defect in the model""}",/data/mrumoca/eval/results_v3/aixlib/runtime_free.jsonl
aixlib,runtime-v3,AixLib.BoundaryConditions.InternalGains.Humans.HumanSensibleHeatTemperatureIndependent,1,network-boundary-port,low,True,execution-not-completed,"{""node"": ""convHeat -- convectiveHeat.port"", ""boundary_connectors"": ""convHeat"", ""wired_to"": ""convectiveHeat.port"", ""note"": ""this connector belongs to the model itself, not to a component inside it: the model is an interface compiled on its own, so the node is open on one side. Nothing forces its flow, which is why a structural matching reports an unmatched unknown here. Not a defect in the model""}",/data/mrumoca/eval/results_v3/aixlib/runtime_free.jsonl
aixlib,runtime-v3,AixLib.BoundaryConditions.InternalGains.Humans.HumanSensibleHeatTemperatureIndependent,2,network-boundary-port,low,True,execution-not-completed,"{""node"": ""radConvertor.radPort -- radHeat"", ""boundary_connectors"": ""radHeat"", ""wired_to"": ""radConvertor.radPort"", ""note"": ""this connector belongs to the model itself, not to a component inside it: the model is an interface compiled on its own, so the node is open on one side. Nothing forces its flow, which is why a structural matching reports an unmatched unknown here. Not a defect in the model""}",/data/mrumoca/eval/results_v3/aixlib/runtime_free.jsonl
aixlib,runtime-v3,AixLib.BoundaryConditions.InternalGains.Humans.HumanSensibleHeatTemperatureIndependent,3,network-boundary-port,low,True,execution-not-completed,"{""node"": ""convectiveHeat -- gain -- gainConv -- gainRad -- gainSurfaces -- limiter -- productHeatOutput -- radConvertor -- radiativeHeat -- specificHeatOutput -- uRel"", ""boundary_connectors"": ""convectiveHeat, gain, gainConv, gainRad, gainSurfaces, limiter, productHeatOutput, radConvertor, radiativeHeat, specificHeatOutput, uRel"", ""wired_to"": ""nothing"", ""note"": ""this connector belongs to the model itself, not to a component inside it: the model is an interface compiled on its own, so the node is open on one side. Nothing forces its flow, which is why a structural matching reports an unmatched unknown here. Not a defect in the model""}",/data/mrumoca/eval/results_v3/aixlib/runtime_free.jsonl
aixlib,runtime-v3,AixLib.BoundaryConditions.InternalGains.Humans.HumanSensibleHeatTemperatureIndependent,4,network-boundary-port,low,True,execution-not-completed,"{""node"": ""temperatureSensor -- to_degC"", ""boundary_connectors"": ""temperatureSensor, to_degC"", ""wired_to"": ""nothing"", ""note"": ""this connector belongs to the model itself, not to a component inside it: the model is an interface compiled on its own, so the node is open on one side. Nothing forces its flow, which is why a structural matching reports an unmatched unknown here. Not a defect in the model""}",/data/mrumoca/eval/results_v3/aixlib/runtime_free.jsonl
aixlib,runtime-v3,AixLib.BoundaryConditions.InternalGains.Humans.HumanSensibleHeatTemperatureIndependent,5,physical-intent-question,low,True,execution-not-completed,"{""domain"": ""fluid"", ""rule"": ""fluid.area.positive"", ""rule_origin"": ""a flow cross-section is a divisor in every velocity relation; zero area admits no flow and divides by zero"", ""rule_reference"": """", ""matched_by"": {""quantity"": ""Area"", ""unit"": ""m2"", ""confidence"": ""QUANTITY_AND_UNIT"", ""premise_state"": ""unknown"", ""authority"": ""quantity_or_unit"", ""canonical_declaration"": ""AixLib.Utilities.HeatTransfer.HeatToRad.A""}, ""observed"": -1.0, ""required"": ""radConvertor.A > 0"", ""where"": ""declaration"", ""premise_state"": ""unknown"", ""authority"": ""quantity_or_unit"", ""canonical_declaration"": ""AixLib.Utilities.HeatTransfer.HeatToRad.A"", ""observation"": ""observed-value"", ""question"": ""`radConvertor.A` holds -1, which is unusual for an area \u2014 but nothing declares what this component is, so the analyzer cannot tell whether it is intended. Is it? If so, declare it: add a component contract, or a `[[contracts]]` entry naming the intended `sign_domain`. If not, bound the declaration.""}",/data/mrumoca/eval/results_v3/aixlib/runtime_free.jsonl
aixlib,runtime-v3,AixLib.BoundaryConditions.InternalGains.Humans.HumanSensibleHeatTemperatureIndependent,6,physical-zero-is-a-supported-limit,low,True,execution-not-completed,"{""domain"": ""fluid"", ""rule"": ""fluid.area.positive"", ""rule_origin"": ""a flow cross-section is a divisor in every velocity relation; zero area admits no flow and divides by zero"", ""rule_reference"": """", ""matched_by"": {""quantity"": ""Area"", ""unit"": ""m2"", ""confidence"": ""QUANTITY_AND_UNIT"", ""premise_state"": ""unknown"", ""authority"": ""quantity_or_unit"", ""canonical_declaration"": ""AixLib.BoundaryConditions.InternalGains.Humans.HumanSensibleHeatTemperatureIndependent.roomArea""}, ""required"": ""roomArea > 0"", ""declared_min"": null, ""variable_role"": ""parameter"", ""premise_state"": ""refuted"", ""authority"": ""component_contract"", ""contract"": ""AixLib.BoundaryConditions.InternalGains.Humans.HumanSensibleHeatTemperatureIndependent.roomArea: feature_disabled (proven, from equation) \u2014 the parameter appears only as a multiplier, so at zero the term it scales drops out and the rest of the model is unaffected"", ""contract_behavior"": ""feature_disabled"", ""contract_confidence"": ""proven"", ""contract_source"": ""equation"", ""note"": ""the positivity rule does not apply: this component documents zero as a meaningful limit, so reporting a missing bound would contradict its contract""}",/data/mrumoca/eval/results_v3/aixlib/runtime_free.jsonl
aixlib,runtime-v3,AixLib.BoundaryConditions.InternalGains.Humans.HumanSensibleHeatTemperatureIndependent,7,physical-zero-is-a-supported-limit,low,True,execution-not-completed,"{""domain"": ""fluid"", ""rule"": ""fluid.area.positive"", ""rule_origin"": ""a flow cross-section is a divisor in every velocity relation; zero area admits no flow and divides by zero"", ""rule_reference"": """", ""matched_by"": {""quantity"": ""Area"", ""unit"": ""m2"", ""confidence"": ""QUANTITY_AND_UNIT"", ""premise_state"": ""unknown"", ""authority"": ""quantity_or_unit"", ""canonical_declaration"": ""AixLib.BoundaryConditions.InternalGains.Humans.HumanSensibleHeatTemperatureIndependent.surfaceAreaOnePersion""}, ""required"": ""surfaceAreaOnePersion > 0"", ""declared_min"": null, ""variable_role"": ""parameter"", ""premise_state"": ""refuted"", ""authority"": ""component_contract"", ""contract"": ""AixLib.BoundaryConditions.InternalGains.Humans.HumanSensibleHeatTemperatureIndependent.surfaceAreaOnePersion: feature_disabled (proven, from equation) \u2014 the parameter appears only as a multiplier, so at zero the term it scales drops out and the rest of the model is unaffected"", ""contract_behavior"": ""feature_disabled"", ""contract_confidence"": ""proven"", ""contract_source"": ""equation"", ""note"": ""the positivity rule does not apply: this component documents zero as a meaningful limit, so reporting a missing bound would contradict its contract""}",/data/mrumoca/eval/results_v3/aixlib/runtime_free.jsonl
aixlib,runtime-v3,AixLib.BoundaryConditions.InternalGains.Humans.HumanSensibleHeatTemperatureIndependent,8,network-observation-incomplete,info,True,execution-not-completed,"{""reason"": ""missing or unsynchronized connector member observations"", ""note"": ""coverage gap, not a model defect""}",/data/mrumoca/eval/results_v3/aixlib/runtime_free.jsonl
aixlib,runtime-v3,AixLib.BoundaryConditions.InternalGains.Humans.HumanSensibleHeatTemperatureIndependent,9,initialization-failure,high,True,execution-not-completed,"{""failure_kind"": ""singular-system"", ""reason"": ""emperatureIndependent to t=1 with 38 trace point(s)... \u001b[31m\u001b[0m simulation failed: DAE structural proof failed: structurally singular \u001b[31m\u2502\u001b[0m system: 37 matched out of 38 equations and 38 unknowns"", ""raw"": ""reading /tmp/tmpm6vovnny/traced.rbc (bitcode v2, cbor) holding 1 free input(s) constant at their start values: uRel=0 Simulating AixLib.BoundaryConditions.InternalGains.Humans.HumanSensibleHeatTemperatureIndependent to t=1 with 38 trace point(s)... \u001b[31m\u001b[0m simulation failed: DAE structural proof failed: structurally singular \u001b[31m\u2502\u001b[0m system: 37 matched out of 38 equations and 38 unknowns"", ""tool_side"": false}",/data/mrumoca/eval/results_v3/aixlib/runtime_free.jsonl
aixlib,runtime-v3,AixLib.BoundaryConditions.InternalGains.Humans.HumanSensibleHeatTemperatureDependent,0,network-boundary-port,low,True,execution-not-completed,"{""node"": ""TRoom -- temperatureSensor.port"", ""boundary_connectors"": ""TRoom"", ""wired_to"": ""temperatureSensor.port"", ""note"": ""this connector belongs to the model itself, not to a component inside it: the model is an interface compiled on its own, so the node is open on one side. Nothing forces its flow, which is why a structural matching reports an unmatched unknown here. Not a defect in the model""}",/data/mrumoca/eval/results_v3/aixlib/runtime_free.jsonl
aixlib,runtime-v3,AixLib.BoundaryConditions.InternalGains.Humans.HumanSensibleHeatTemperatureDependent,1,network-boundary-port,low,True,execution-not-completed,"{""node"": ""convHeat -- convectiveHeat.port"", ""boundary_connectors"": ""convHeat"", ""wired_to"": ""convectiveHeat.port"", ""note"": ""this connector belongs to the model itself, not to a component inside it: the model is an interface compiled on its own, so the node is open on one side. Nothing forces its flow, which is why a structural matching reports an unmatched unknown here. Not a defect in the model""}",/data/mrumoca/eval/results_v3/aixlib/runtime_free.jsonl
aixlib,runtime-v3,AixLib.BoundaryConditions.InternalGains.Humans.HumanSensibleHeatTemperatureDependent,2,network-boundary-port,low,True,execution-not-completed,"{""node"": ""radConvertor.radPort -- radHeat"", ""boundary_connectors"": ""radHeat"", ""wired_to"": ""radConvertor.radPort"", ""note"": ""this connector belongs to the model itself, not to a component inside it: the model is an interface compiled on its own, so the node is open on one side. Nothing forces its flow, which is why a structural matching reports an unmatched unknown here. Not a defect in the model""}",/data/mrumoca/eval/results_v3/aixlib/runtime_free.jsonl
aixlib,runtime-v3,AixLib.BoundaryConditions.InternalGains.Humans.HumanSensibleHeatTemperatureDependent,3,network-boundary-port,low,True,execution-not-completed,"{""node"": ""convectiveHeat -- gain -- gainConv -- gainRad -- gainSurfaces -- limiter -- productHeatOutput -- radConvertor -- radiativeHeat -- temperatureDependentHeatOutputSIA2024_1 -- temperatureSensor -- to_degC -- uRel"", ""boundary_connectors"": ""convectiveHeat, gain, gainConv, gainRad, gainSurfaces, limiter, productHeatOutput, radConvertor, radiativeHeat, temperatureDependentHeatOutputSIA2024_1, temperatureSensor, to_degC, uRel"", ""wired_to"": ""nothing"", ""note"": ""this connector belongs to the model itself, not to a component inside it: the model is an interface compiled on its own, so the node is open on one side. Nothing forces its flow, which is why a structural matching reports an unmatched unknown here. Not a defect in the model""}",/data/mrumoca/eval/results_v3/aixlib/runtime_free.jsonl
aixlib,runtime-v3,AixLib.BoundaryConditions.InternalGains.Humans.HumanSensibleHeatTemperatureDependent,4,physical-intent-question,low,True,execution-not-completed,"{""domain"": ""fluid"", ""rule"": ""fluid.area.positive"", ""rule_origin"": ""a flow cross-section is a divisor in every velocity relation; zero area admits no flow and divides by zero"", ""rule_reference"": """", ""matched_by"": {""quantity"": ""Area"", ""unit"": ""m2"", ""confidence"": ""QUANTITY_AND_UNIT"", ""premise_state"": ""unknown"", ""authority"": ""quantity_or_unit"", ""canonical_declaration"": ""AixLib.Utilities.HeatTransfer.HeatToRad.A""}, ""observed"": -1.0, ""required"": ""radConvertor.A > 0"", ""where"": ""declaration"", ""premise_state"": ""unknown"", ""authority"": ""quantity_or_unit"", ""canonical_declaration"": ""AixLib.Utilities.HeatTransfer.HeatToRad.A"", ""observation"": ""observed-value"", ""question"": ""`radConvertor.A` holds -1, which is unusual for an area \u2014 but nothing declares what this component is, so the analyzer cannot tell whether it is intended. Is it? If so, declare it: add a component contract, or a `[[contracts]]` entry naming the intended `sign_domain`. If not, bound the declaration.""}",/data/mrumoca/eval/results_v3/aixlib/runtime_free.jsonl
aixlib,runtime-v3,AixLib.BoundaryConditions.InternalGains.Humans.HumanSensibleHeatTemperatureDependent,5,physical-zero-is-a-supported-limit,low,True,execution-not-completed,"{""domain"": ""fluid"", ""rule"": ""fluid.area.positive"", ""rule_origin"": ""a flow cross-section is a divisor in every velocity relation; zero area admits no flow and divides by zero"", ""rule_reference"": """", ""matched_by"": {""quantity"": ""Area"", ""unit"": ""m2"", ""confidence"": ""QUANTITY_AND_UNIT"", ""premise_state"": ""unknown"", ""authority"": ""quantity_or_unit"", ""canonical_declaration"": ""AixLib.BoundaryConditions.InternalGains.Humans.HumanSensibleHeatTemperatureDependent.roomArea""}, ""required"": ""roomArea > 0"", ""declared_min"": null, ""variable_role"": ""parameter"", ""premise_state"": ""refuted"", ""authority"": ""component_contract"", ""contract"": ""AixLib.BoundaryConditions.InternalGains.Humans.HumanSensibleHeatTemperatureDependent.roomArea: feature_disabled (proven, from equation) \u2014 the parameter appears only as a multiplier, so at zero the term it scales drops out and the rest of the model is unaffected"", ""contract_behavior"": ""feature_disabled"", ""contract_confidence"": ""proven"", ""contract_source"": ""equation"", ""note"": ""the positivity rule does not apply: this component documents zero as a meaningful limit, so reporting a missing bound would contradict its contract""}",/data/mrumoca/eval/results_v3/aixlib/runtime_free.jsonl
aixlib,runtime-v3,AixLib.BoundaryConditions.InternalGains.Humans.HumanSensibleHeatTemperatureDependent,6,physical-zero-is-a-supported-limit,low,True,execution-not-completed,"{""domain"": ""fluid"", ""rule"": ""fluid.area.positive"", ""rule_origin"": ""a flow cross-section is a divisor in every velocity relation; zero area admits no flow and divides by zero"", ""rule_reference"": """", ""matched_by"": {""quantity"": ""Area"", ""unit"": ""m2"", ""confidence"": ""QUANTITY_AND_UNIT"", ""premise_state"": ""unknown"", ""authority"": ""quantity_or_unit"", ""canonical_declaration"": ""AixLib.BoundaryConditions.InternalGains.Humans.HumanSensibleHeatTemperatureDependent.surfaceAreaOnePersion""}, ""required"": ""surfaceAreaOnePersion > 0"", ""declared_min"": null, ""variable_role"": ""parameter"", ""premise_state"": ""refuted"", ""authority"": ""component_contract"", ""contract"": ""AixLib.BoundaryConditions.InternalGains.Humans.HumanSensibleHeatTemperatureDependent.surfaceAreaOnePersion: feature_disabled (proven, from equation) \u2014 the parameter appears only as a multiplier, so at zero the term it scales drops out and the rest of the model is unaffected"", ""contract_behavior"": ""feature_disabled"", ""contract_confidence"": ""proven"", ""contract_source"": ""equation"", ""note"": ""the positivity rule does not apply: this component documents zero as a meaningful limit, so reporting a missing bound would contradict its contract""}",/data/mrumoca/eval/results_v3/aixlib/runtime_free.jsonl
aixlib,runtime-v3,AixLib.BoundaryConditions.InternalGains.Humans.HumanSensibleHeatTemperatureDependent,7,physical-zero-is-a-supported-limit,low,True,execution-not-completed,"{""domain"": ""fluid"", ""rule"": ""fluid.area.positive"", ""rule_origin"": ""a flow cross-section is a divisor in every velocity relation; zero area admits no flow and divides by zero"", ""rule_reference"": """", ""matched_by"": {""quantity"": ""Area"", ""unit"": ""m2"", ""confidence"": ""QUANTITY_AND_UNIT"", ""premise_state"": ""unknown"", ""authority"": ""quantity_or_unit"", ""canonical_declaration"": ""AixLib.BoundaryConditions.InternalGains.Humans.BaseClasses.TemperatureDependentHeatOutputSIA2024.BodySurface""}, ""required"": ""temperatureDependentHeatOutputSIA2024_1.BodySurface > 0"", ""declared_min"": null, ""variable_role"": ""constant"", ""premise_state"": ""refuted"", ""authority"": ""component_contract"", ""contract"": ""AixLib.BoundaryConditions.InternalGains.Humans.BaseClasses.TemperatureDependentHeatOutputSIA2024.BodySurface: feature_disabled (proven, from equation) \u2014 the parameter appears only as a multiplier, so at zero the term it scales drops out and the rest of the model is unaffected"", ""contract_behavior"": ""feature_disabled"", ""contract_confidence"": ""proven"", ""contract_source"": ""equation"", ""note"": ""the positivity rule does not apply: this component documents zero as a meaningful limit, so reporting a missing bound would contradict its contract""}",/data/mrumoca/eval/results_v3/aixlib/runtime_free.jsonl
aixlib,runtime-v3,AixLib.BoundaryConditions.InternalGains.Humans.HumanSensibleHeatTemperatureDependent,8,network-observation-incomplete,info,True,execution-not-completed,"{""reason"": ""missing or unsynchronized connector member observations"", ""note"": ""coverage gap, not a model defect""}",/data/mrumoca/eval/results_v3/aixlib/runtime_free.jsonl
aixlib,runtime-v3,AixLib.BoundaryConditions.InternalGains.Humans.HumanSensibleHeatTemperatureDependent,9,initialization-failure,high,True,execution-not-completed,"{""failure_kind"": ""singular-system"", ""reason"": ""tTemperatureDependent to t=1 with 39 trace point(s)... \u001b[31m\u001b[0m simulation failed: DAE structural proof failed: structurally singular \u001b[31m\u2502\u001b[0m system: 38 matched out of 39 equations and 39 unknowns"", ""raw"": ""reading /tmp/tmpg9bstlbd/traced.rbc (bitcode v2, cbor) holding 1 free input(s) constant at their start values: uRel=0 Simulating AixLib.BoundaryConditions.InternalGains.Humans.HumanSensibleHeatTemperatureDependent to t=1 with 39 trace point(s)... \u001b[31m\u001b[0m simulation failed: DAE structural proof failed: structurally singular \u001b[31m\u2502\u001b[0m system: 38 matched out of 39 equations and 39 unknowns"", ""tool_side"": false}",/data/mrumoca/eval/results_v3/aixlib/runtime_free.jsonl
aixlib,runtime-v3,AixLib.BoundaryConditions.InternalGains.Machines.MachinesAreaSpecific,0,network-boundary-port,low,True,execution-not-completed,"{""node"": ""convHeat -- convectiveHeat.port"", ""boundary_connectors"": ""convHeat"", ""wired_to"": ""convectiveHeat.port"", ""note"": ""this connector belongs to the model itself, not to a component inside it: the model is an interface compiled on its own, so the node is open on one side. Nothing forces its flow, which is why a structural matching reports an unmatched unknown here. Not a defect in the model""}",/data/mrumoca/eval/results_v3/aixlib/runtime_free.jsonl
aixlib,runtime-v3,AixLib.BoundaryConditions.InternalGains.Machines.MachinesAreaSpecific,1,network-boundary-port,low,True,execution-not-completed,"{""node"": ""radConvertor.radPort -- radHeat"", ""boundary_connectors"": ""radHeat"", ""wired_to"": ""radConvertor.radPort"", ""note"": ""this connector belongs to the model itself, not to a component inside it: the model is an interface compiled on its own, so the node is open on one side. Nothing forces its flow, which is why a structural matching reports an unmatched unknown here. Not a defect in the model""}",/data/mrumoca/eval/results_v3/aixlib/runtime_free.jsonl
aixlib,runtime-v3,AixLib.BoundaryConditions.InternalGains.Machines.MachinesAreaSpecific,2,network-boundary-port,low,True,execution-not-completed,"{""node"": ""convectiveHeat -- gain -- gainConv -- gainRad -- gainSurfaces -- limiter -- productHeatOutput -- radConvertor -- radiativeHeat -- uRel"", ""boundary_connectors"": ""convectiveHeat, gain, gainConv, gainRad, gainSurfaces, limiter, productHeatOutput, radConvertor, radiativeHeat, uRel"", ""wired_to"": ""nothing"", ""note"": ""this connector belongs to the model itself, not to a component inside it: the model is an interface compiled on its own, so the node is open on one side. Nothing forces its flow, which is why a structural matching reports an unmatched unknown here. Not a defect in the model""}",/data/mrumoca/eval/results_v3/aixlib/runtime_free.jsonl
aixlib,runtime-v3,AixLib.BoundaryConditions.InternalGains.Machines.MachinesAreaSpecific,3,physical-intent-question,low,True,execution-not-completed,"{""domain"": ""fluid"", ""rule"": ""fluid.area.positive"", ""rule_origin"": ""a flow cross-section is a divisor in every velocity relation; zero area admits no flow and divides by zero"", ""rule_reference"": """", ""matched_by"": {""quantity"": ""Area"", ""unit"": ""m2"", ""confidence"": ""QUANTITY_AND_UNIT"", ""premise_state"": ""unknown"", ""authority"": ""quantity_or_unit"", ""canonical_declaration"": ""AixLib.Utilities.HeatTransfer.HeatToRad.A""}, ""observed"": -1.0, ""required"": ""radConvertor.A > 0"", ""where"": ""declaration"", ""premise_state"": ""unknown"", ""authority"": ""quantity_or_unit"", ""canonical_declaration"": ""AixLib.Utilities.HeatTransfer.HeatToRad.A"", ""observation"": ""observed-value"", ""question"": ""`radConvertor.A` holds -1, which is unusual for an area \u2014 but nothing declares what this component is, so the analyzer cannot tell whether it is intended. Is it? If so, declare it: add a component contract, or a `[[contracts]]` entry naming the intended `sign_domain`. If not, bound the declaration.""}",/data/mrumoca/eval/results_v3/aixlib/runtime_free.jsonl
aixlib,runtime-v3,AixLib.BoundaryConditions.InternalGains.Machines.MachinesAreaSpecific,4,physical-zero-is-a-supported-limit,low,True,execution-not-completed,"{""domain"": ""fluid"", ""rule"": ""fluid.area.positive"", ""rule_origin"": ""a flow cross-section is a divisor in every velocity relation; zero area admits no flow and divides by zero"", ""rule_reference"": """", ""matched_by"": {""quantity"": ""Area"", ""unit"": ""m2"", ""confidence"": ""QUANTITY_AND_UNIT"", ""premise_state"": ""unknown"", ""authority"": ""quantity_or_unit"", ""canonical_declaration"": ""AixLib.BoundaryConditions.InternalGains.Machines.MachinesAreaSpecific.areaSurfaceMachinesTotal""}, ""required"": ""areaSurfaceMachinesTotal > 0"", ""declared_min"": null, ""variable_role"": ""parameter"", ""premise_state"": ""refuted"", ""authority"": ""component_contract"", ""contract"": ""Modelica.Blocks.Math.Gain.k: feature_disabled (proven, from equation) \u2014 inherited from gainSurfaces.k, which it binds: the parameter appears only as a multiplier, so at zero the term it scales drops out and the rest of the model is unaffected"", ""contract_behavior"": ""feature_disabled"", ""contract_confidence"": ""proven"", ""contract_source"": ""equation"", ""note"": ""the positivity rule does not apply: this component documents zero as a meaningful limit, so reporting a missing bound would contradict its contract""}",/data/mrumoca/eval/results_v3/aixlib/runtime_free.jsonl
aixlib,runtime-v3,AixLib.BoundaryConditions.InternalGains.Machines.MachinesAreaSpecific,5,physical-zero-is-a-supported-limit,low,True,execution-not-completed,"{""domain"": ""fluid"", ""rule"": ""fluid.area.positive"", ""rule_origin"": ""a flow cross-section is a divisor in every velocity relation; zero area admits no flow and divides by zero"", ""rule_reference"": """", ""matched_by"": {""quantity"": ""Area"", ""unit"": ""m2"", ""confidence"": ""QUANTITY_AND_UNIT"", ""premise_state"": ""unknown"", ""authority"": ""quantity_or_unit"", ""canonical_declaration"": ""AixLib.BoundaryConditions.InternalGains.Machines.MachinesAreaSpecific.roomArea""}, ""required"": ""roomArea > 0"", ""declared_min"": null, ""variable_role"": ""parameter"", ""premise_state"": ""refuted"", ""authority"": ""component_contract"", ""contract"": ""AixLib.BoundaryConditions.InternalGains.Machines.MachinesAreaSpecific.roomArea: feature_disabled (proven, from equation) \u2014 the parameter appears only as a multiplier, so at zero the term it scales drops out and the rest of the model is unaffected"", ""contract_behavior"": ""feature_disabled"", ""contract_confidence"": ""proven"", ""contract_source"": ""equation"", ""note"": ""the positivity rule does not apply: this component documents zero as a meaningful limit, so reporting a missing bound would contradict its contract""}",/data/mrumoca/eval/results_v3/aixlib/runtime_free.jsonl
aixlib,runtime-v3,AixLib.BoundaryConditions.InternalGains.Machines.MachinesAreaSpecific,6,physical-zero-is-a-supported-limit,low,True,execution-not-completed,"{""domain"": ""fluid"", ""rule"": ""fluid.area.positive"", ""rule_origin"": ""a flow cross-section is a divisor in every velocity relation; zero area admits no flow and divides by zero"", ""rule_reference"": """", ""matched_by"": {""quantity"": ""Area"", ""unit"": ""m2"", ""confidence"": ""QUANTITY_AND_UNIT"", ""premise_state"": ""unknown"", ""authority"": ""quantity_or_unit"", ""canonical_declaration"": ""AixLib.BoundaryConditions.InternalGains.Machines.MachinesAreaSpecific.surfaceMachine""}, ""required"": ""surfaceMachine > 0"", ""declared_min"": null, ""variable_role"": ""parameter"", ""premise_state"": ""refuted"", ""authority"": ""component_contract"", ""contract"": ""AixLib.BoundaryConditions.InternalGains.Machines.MachinesAreaSpecific.surfaceMachine: feature_disabled (proven, from equation) \u2014 the parameter appears only as a multiplier, so at zero the term it scales drops out and the rest of the model is unaffected"", ""contract_behavior"": ""feature_disabled"", ""contract_confidence"": ""proven"", ""contract_source"": ""equation"", ""note"": ""the positivity rule does not apply: this component documents zero as a meaningful limit, so reporting a missing bound would contradict its contract""}",/data/mrumoca/eval/results_v3/aixlib/runtime_free.jsonl
aixlib,runtime-v3,AixLib.BoundaryConditions.InternalGains.Machines.MachinesAreaSpecific,7,network-observation-incomplete,info,True,execution-not-completed,"{""reason"": ""missing or unsynchronized connector member observations"", ""note"": ""coverage gap, not a model defect""}",/data/mrumoca/eval/results_v3/aixlib/runtime_free.jsonl
aixlib,runtime-v3,AixLib.BoundaryConditions.InternalGains.Machines.MachinesAreaSpecific,8,initialization-failure,high,True,execution-not-completed,"{""failure_kind"": ""unknown"", ""reason"": "".BoundaryConditions.InternalGains.Machines.MachinesAreaSpecific to t=1 with 30 trace point(s)... \u001b[31m\u001b[0m simulation failed: parameter `roomArea` has neither a binding nor an \u001b[31m\u2502\u001b[0m initial value"", ""raw"": ""reading /tmp/tmp0vnxv58w/traced.rbc (bitcode v2, cbor) holding 1 free input(s) constant at their start values: uRel=0 Simulating AixLib.BoundaryConditions.InternalGains.Machines.MachinesAreaSpecific to t=1 with 30 trace point(s)... \u001b[31m\u001b[0m simulation failed: parameter `roomArea` has neither a binding nor an \u001b[31m\u2502\u001b[0m initial value"", ""tool_side"": false}",/data/mrumoca/eval/results_v3/aixlib/runtime_free.jsonl
aixlib,runtime-v3,AixLib.BoundaryConditions.InternalGains.Lights.LightsAreaSpecific,0,network-boundary-port,low,True,execution-not-completed,"{""node"": ""convHeat -- convectiveHeat.port"", ""boundary_connectors"": ""convHeat"", ""wired_to"": ""convectiveHeat.port"", ""note"": ""this connector belongs to the model itself, not to a component inside it: the model is an interface compiled on its own, so the node is open on one side. Nothing forces its flow, which is why a structural matching reports an unmatched unknown here. Not a defect in the model""}",/data/mrumoca/eval/results_v3/aixlib/runtime_free.jsonl
aixlib,runtime-v3,AixLib.BoundaryConditions.InternalGains.Lights.LightsAreaSpecific,1,network-boundary-port,low,True,execution-not-completed,"{""node"": ""radConvertor.radPort -- radHeat"", ""boundary_connectors"": ""radHeat"", ""wired_to"": ""radConvertor.radPort"", ""note"": ""this connector belongs to the model itself, not to a component inside it: the model is an interface compiled on its own, so the node is open on one side. Nothing forces its flow, which is why a structural matching reports an unmatched unknown here. Not a defect in the model""}",/data/mrumoca/eval/results_v3/aixlib/runtime_free.jsonl
aixlib,runtime-v3,AixLib.BoundaryConditions.InternalGains.Lights.LightsAreaSpecific,2,network-boundary-port,low,True,execution-not-completed,"{""node"": ""convectiveHeat -- gain -- gainConv -- gainRad -- gainSurfaces -- limiter -- productHeatOutput -- radConvertor -- radiativeHeat -- uRel"", ""boundary_connectors"": ""convectiveHeat, gain, gainConv, gainRad, gainSurfaces, limiter, productHeatOutput, radConvertor, radiativeHeat, uRel"", ""wired_to"": ""nothing"", ""note"": ""this connector belongs to the model itself, not to a component inside it: the model is an interface compiled on its own, so the node is open on one side. Nothing forces its flow, which is why a structural matching reports an unmatched unknown here. Not a defect in the model""}",/data/mrumoca/eval/results_v3/aixlib/runtime_free.jsonl
aixlib,runtime-v3,AixLib.BoundaryConditions.InternalGains.Lights.LightsAreaSpecific,3,physical-intent-question,low,True,execution-not-completed,"{""domain"": ""fluid"", ""rule"": ""fluid.area.positive"", ""rule_origin"": ""a flow cross-section is a divisor in every velocity relation; zero area admits no flow and divides by zero"", ""rule_reference"": """", ""matched_by"": {""quantity"": ""Area"", ""unit"": ""m2"", ""confidence"": ""QUANTITY_AND_UNIT"", ""premise_state"": ""unknown"", ""authority"": ""quantity_or_unit"", ""canonical_declaration"": ""AixLib.Utilities.HeatTransfer.HeatToRad.A""}, ""required"": ""radConvertor.A > 0"", ""declared_min"": null, ""variable_role"": ""parameter"", ""observation"": ""permissive-declaration"", ""premise_state"": ""unknown"", ""authority"": ""quantity_or_unit"", ""canonical_declaration"": ""AixLib.Utilities.HeatTransfer.HeatToRad.A"", ""question"": ""`radConvertor.A` carries no bound that would exclude it, which is unusual for an area \u2014 but nothing declares what this component is, so the analyzer cannot tell whether it is intended. Is it? If so, declare it: add a component contract, or a `[[contracts]]` entry naming the intended `sign_domain`. If not, bound the declaration.""}",/data/mrumoca/eval/results_v3/aixlib/runtime_free.jsonl
aixlib,runtime-v3,AixLib.BoundaryConditions.InternalGains.Lights.LightsAreaSpecific,4,physical-zero-is-a-supported-limit,low,True,execution-not-completed,"{""domain"": ""fluid"", ""rule"": ""fluid.area.positive"", ""rule_origin"": ""a flow cross-section is a divisor in every velocity relation; zero area admits no flow and divides by zero"", ""rule_reference"": """", ""matched_by"": {""quantity"": ""Area"", ""unit"": ""m2"", ""confidence"": ""QUANTITY_AND_UNIT"", ""premise_state"": ""unknown"", ""authority"": ""quantity_or_unit"", ""canonical_declaration"": ""AixLib.BoundaryConditions.InternalGains.Lights.LightsAreaSpecific.roomArea""}, ""required"": ""roomArea > 0"", ""declared_min"": null, ""variable_role"": ""parameter"", ""premise_state"": ""refuted"", ""authority"": ""component_contract"", ""contract"": ""AixLib.BoundaryConditions.InternalGains.Lights.LightsAreaSpecific.roomArea: feature_disabled (proven, from equation) \u2014 the parameter appears only as a multiplier, so at zero the term it scales drops out and the rest of the model is unaffected"", ""contract_behavior"": ""feature_disabled"", ""contract_confidence"": ""proven"", ""contract_source"": ""equation"", ""note"": ""the positivity rule does not apply: this component documents zero as a meaningful limit, so reporting a missing bound would contradict its contract""}",/data/mrumoca/eval/results_v3/aixlib/runtime_free.jsonl
aixlib,runtime-v3,AixLib.BoundaryConditions.InternalGains.Lights.LightsAreaSpecific,5,physical-intent-question,low,True,execution-not-completed,"{""domain"": ""fluid"", ""rule"": ""fluid.area.positive"", ""rule_origin"": ""a flow cross-section is a divisor in every velocity relation; zero area admits no flow and divides by zero"", ""rule_reference"": """", ""matched_by"": {""quantity"": ""Area"", ""unit"": ""m2"", ""confidence"": ""QUANTITY_AND_UNIT"", ""premise_state"": ""unknown"", ""authority"": ""quantity_or_unit"", ""canonical_declaration"": ""AixLib.BoundaryConditions.InternalGains.Lights.LightsAreaSpecific.areaSurfaceLightsTotal""}, ""required"": ""areaSurfaceLightsTotal > 0"", ""declared_min"": null, ""variable_role"": ""parameter"", ""observation"": ""permissive-declaration"", ""premise_state"": ""unknown"", ""authority"": ""quantity_or_unit"", ""canonical_declaration"": ""AixLib.BoundaryConditions.InternalGains.Lights.LightsAreaSpecific.areaSurfaceLightsTotal"", ""question"": ""`areaSurfaceLightsTotal` carries no bound that would exclude it, which is unusual for an area \u2014 but nothing declares what this component is, so the analyzer cannot tell whether it is intended. Is it? If so, declare it: add a component contract, or a `[[contracts]]` entry naming the intended `sign_domain`. If not, bound the declaration.""}",/data/mrumoca/eval/results_v3/aixlib/runtime_free.jsonl
aixlib,runtime-v3,AixLib.BoundaryConditions.InternalGains.Lights.LightsAreaSpecific,6,network-observation-incomplete,info,True,execution-not-completed,"{""reason"": ""missing or unsynchronized connector member observations"", ""note"": ""coverage gap, not a model defect""}",/data/mrumoca/eval/results_v3/aixlib/runtime_free.jsonl
aixlib,runtime-v3,AixLib.BoundaryConditions.InternalGains.Lights.LightsAreaSpecific,7,initialization-failure,high,True,execution-not-completed,"{""failure_kind"": ""unknown"", ""reason"": ""xLib.BoundaryConditions.InternalGains.Lights.LightsAreaSpecific to t=1 with 30 trace point(s)... \u001b[31m\u001b[0m simulation failed: parameter `roomArea` has neither a binding nor an \u001b[31m\u2502\u001b[0m initial value"", ""raw"": ""reading /tmp/tmpdjtqkqxk/traced.rbc (bitcode v2, cbor) holding 1 free input(s) constant at their start values: uRel=0 Simulating AixLib.BoundaryConditions.InternalGains.Lights.LightsAreaSpecific to t=1 with 30 trace point(s)... \u001b[31m\u001b[0m simulation failed: parameter `roomArea` has neither a binding nor an \u001b[31m\u2502\u001b[0m initial value"", ""tool_side"": false}",/data/mrumoca/eval/results_v3/aixlib/runtime_free.jsonl
aixlib,runtime-v3,AixLib.BoundaryConditions.InternalGains.Humans.HumanTotalHeatTemperatureDependent,0,network-boundary-port,low,True,execution-not-completed,"{""node"": ""TRoom -- temperatureSensor.port"", ""boundary_connectors"": ""TRoom"", ""wired_to"": ""temperatureSensor.port"", ""note"": ""this connector belongs to the model itself, not to a component inside it: the model is an interface compiled on its own, so the node is open on one side. Nothing forces its flow, which is why a structural matching reports an unmatched unknown here. Not a defect in the model""}",/data/mrumoca/eval/results_v3/aixlib/runtime_free.jsonl
aixlib,runtime-v3,AixLib.BoundaryConditions.InternalGains.Humans.HumanTotalHeatTemperatureDependent,1,network-boundary-port,low,True,execution-not-completed,"{""node"": ""convHeat -- convectiveHeat.port"", ""boundary_connectors"": ""convHeat"", ""wired_to"": ""convectiveHeat.port"", ""note"": ""this connector belongs to the model itself, not to a component inside it: the model is an interface compiled on its own, so the node is open on one side. Nothing forces its flow, which is why a structural matching reports an unmatched unknown here. Not a defect in the model""}",/data/mrumoca/eval/results_v3/aixlib/runtime_free.jsonl
aixlib,runtime-v3,AixLib.BoundaryConditions.InternalGains.Humans.HumanTotalHeatTemperatureDependent,2,network-boundary-port,low,True,execution-not-completed,"{""node"": ""radConvertor.radPort -- radHeat"", ""boundary_connectors"": ""radHeat"", ""wired_to"": ""radConvertor.radPort"", ""note"": ""this connector belongs to the model itself, not to a component inside it: the model is an interface compiled on its own, so the node is open on one side. Nothing forces its flow, which is why a structural matching reports an unmatched unknown here. Not a defect in the model""}",/data/mrumoca/eval/results_v3/aixlib/runtime_free.jsonl
aixlib,runtime-v3,AixLib.BoundaryConditions.InternalGains.Humans.HumanTotalHeatTemperatureDependent,3,network-boundary-port,low,True,execution-not-completed,"{""node"": ""QLat_flow -- convectiveHeat -- gain -- gainConv -- gainRad -- gainSurfaces -- latentHeat -- limiter -- productHeatOutput -- productMoistureOutput -- radConvertor -- radiativeHeat -- specificLatentHeat -- temperatureDependentHeatOutputSIA2024_1 -- temperatureDependentMoistuerOutputSIA2024_1 -- temperatureDependentMoistuerOutputSIA2024_1.temperatureDependentHeatOutput_SIA2024 -- temperatureSensor -- toKgPerSecond -- to_degC -- uRel"", ""boundary_connectors"": ""QLat_flow, convectiveHeat, gain, gainConv, gainRad, gainSurfaces, latentHeat, limiter, productHeatOutput, productMoistureOutput, radConvertor, radiativeHeat, specificLatentHeat, temperatureDependentHeatOutputSIA2024_1, temperatureDependentMoistuerOutputSIA2024_1, temperatureSensor, toKgPerSecond, to_degC, uRel"", ""wired_to"": ""temperatureDependentMoistuerOutputSIA2024_1.temperatureDependentHeatOutput_SIA2024"", ""note"": ""this connector belongs to the model itself, not to a component inside it: the model is an interface compiled on its own, so the node is open on one side. Nothing forces its flow, which is why a structural matching reports an unmatched unknown here. Not a defect in the model""}",/data/mrumoca/eval/results_v3/aixlib/runtime_free.jsonl
aixlib,runtime-v3,AixLib.BoundaryConditions.InternalGains.Humans.HumanTotalHeatTemperatureDependent,4,physical-intent-question,low,True,execution-not-completed,"{""domain"": ""fluid"", ""rule"": ""fluid.area.positive"", ""rule_origin"": ""a flow cross-section is a divisor in every velocity relation; zero area admits no flow and divides by zero"", ""rule_reference"": """", ""matched_by"": {""quantity"": ""Area"", ""unit"": ""m2"", ""confidence"": ""QUANTITY_AND_UNIT"", ""premise_state"": ""unknown"", ""authority"": ""quantity_or_unit"", ""canonical_declaration"": ""AixLib.Utilities.HeatTransfer.HeatToRad.A""}, ""observed"": -1.0, ""required"": ""radConvertor.A > 0"", ""where"": ""declaration"", ""premise_state"": ""unknown"", ""authority"": ""quantity_or_unit"", ""canonical_declaration"": ""AixLib.Utilities.HeatTransfer.HeatToRad.A"", ""observation"": ""observed-value"", ""question"": ""`radConvertor.A` holds -1, which is unusual for an area \u2014 but nothing declares what this component is, so the analyzer cannot tell whether it is intended. Is it? If so, declare it: add a component contract, or a `[[contracts]]` entry naming the intended `sign_domain`. If not, bound the declaration.""}",/data/mrumoca/eval/results_v3/aixlib/runtime_free.jsonl
aixlib,runtime-v3,AixLib.BoundaryConditions.InternalGains.Humans.HumanTotalHeatTemperatureDependent,5,physical-zero-is-a-supported-limit,low,True,execution-not-completed,"{""domain"": ""fluid"", ""rule"": ""fluid.area.positive"", ""rule_origin"": ""a flow cross-section is a divisor in every velocity relation; zero area admits no flow and divides by zero"", ""rule_reference"": """", ""matched_by"": {""quantity"": ""Area"", ""unit"": ""m2"", ""confidence"": ""QUANTITY_AND_UNIT"", ""premise_state"": ""unknown"", ""authority"": ""quantity_or_unit"", ""canonical_declaration"": ""AixLib.BoundaryConditions.InternalGains.Humans.BaseClasses.TemperatureDependentHeatOutputSIA2024.BodySurface""}, ""required"": ""temperatureDependentHeatOutputSIA2024_1.BodySurface > 0"", ""declared_min"": null, ""variable_role"": ""constant"", ""premise_state"": ""refuted"", ""authority"": ""component_contract"", ""contract"": ""AixLib.BoundaryConditions.InternalGains.Humans.BaseClasses.TemperatureDependentHeatOutputSIA2024.BodySurface: feature_disabled (proven, from equation) \u2014 the parameter appears only as a multiplier, so at zero the term it scales drops out and the rest of the model is unaffected"", ""contract_behavior"": ""feature_disabled"", ""contract_confidence"": ""proven"", ""contract_source"": ""equation"", ""note"": ""the positivity rule does not apply: this component documents zero as a meaningful limit, so reporting a missing bound would contradict its contract""}",/data/mrumoca/eval/results_v3/aixlib/runtime_free.jsonl
aixlib,runtime-v3,AixLib.BoundaryConditions.InternalGains.Humans.HumanTotalHeatTemperatureDependent,6,physical-zero-is-a-supported-limit,low,True,execution-not-completed,"{""domain"": ""fluid"", ""rule"": ""fluid.area.positive"", ""rule_origin"": ""a flow cross-section is a divisor in every velocity relation; zero area admits no flow and divides by zero"", ""rule_reference"": """", ""matched_by"": {""quantity"": ""Area"", ""unit"": ""m2"", ""confidence"": ""QUANTITY_AND_UNIT"", ""premise_state"": ""unknown"", ""authority"": ""quantity_or_unit"", ""canonical_declaration"": ""AixLib.BoundaryConditions.InternalGains.Humans.HumanTotalHeatTemperatureDependent.roomArea""}, ""required"": ""roomArea > 0"", ""declared_min"": null, ""variable_role"": ""parameter"", ""premise_state"": ""refuted"", ""authority"": ""component_contract"", ""contract"": ""AixLib.BoundaryConditions.InternalGains.Humans.HumanTotalHeatTemperatureDependent.roomArea: feature_disabled (proven, from equation) \u2014 the parameter appears only as a multiplier, so at zero the term it scales drops out and the rest of the model is unaffected"", ""contract_behavior"": ""feature_disabled"", ""contract_confidence"": ""proven"", ""contract_source"": ""equation"", ""note"": ""the positivity rule does not apply: this component documents zero as a meaningful limit, so reporting a missing bound would contradict its contract""}",/data/mrumoca/eval/results_v3/aixlib/runtime_free.jsonl
aixlib,runtime-v3,AixLib.BoundaryConditions.InternalGains.Humans.HumanTotalHeatTemperatureDependent,7,physical-zero-is-a-supported-limit,low,True,execution-not-completed,"{""domain"": ""fluid"", ""rule"": ""fluid.area.positive"", ""rule_origin"": ""a flow cross-section is a divisor in every velocity relation; zero area admits no flow and divides by zero"", ""rule_reference"": """", ""matched_by"": {""quantity"": ""Area"", ""unit"": ""m2"", ""confidence"": ""QUANTITY_AND_UNIT"", ""premise_state"": ""unknown"", ""authority"": ""quantity_or_unit"", ""canonical_declaration"": ""AixLib.BoundaryConditions.InternalGains.Humans.HumanTotalHeatTemperatureDependent.surfaceAreaOnePersion""}, ""required"": ""surfaceAreaOnePersion > 0"", ""declared_min"": null, ""variable_role"": ""parameter"", ""premise_state"": ""refuted"", ""authority"": ""component_contract"", ""contract"": ""AixLib.BoundaryConditions.InternalGains.Humans.HumanTotalHeatTemperatureDependent.surfaceAreaOnePersion: feature_disabled (proven, from equation) \u2014 the parameter appears only as a multiplier, so at zero the term it scales drops out and the rest of the model is unaffected"", ""contract_behavior"": ""feature_disabled"", ""contract_confidence"": ""proven"", ""contract_source"": ""equation"", ""note"": ""the positivity rule does not apply: this component documents zero as a meaningful limit, so reporting a missing bound would contradict its contract""}",/data/mrumoca/eval/results_v3/aixlib/runtime_free.jsonl
aixlib,runtime-v3,AixLib.BoundaryConditions.InternalGains.Humans.HumanTotalHeatTemperatureDependent,8,physical-zero-is-a-supported-limit,low,True,execution-not-completed,"{""domain"": ""fluid"", ""rule"": ""fluid.area.positive"", ""rule_origin"": ""a flow cross-section is a divisor in every velocity relation; zero area admits no flow and divides by zero"", ""rule_reference"": """", ""matched_by"": {""quantity"": ""Area"", ""unit"": ""m2"", ""confidence"": ""QUANTITY_AND_UNIT"", ""premise_state"": ""unknown"", ""authority"": ""quantity_or_unit"", ""canonical_declaration"": ""AixLib.BoundaryConditions.InternalGains.Humans.BaseClasses.TemperatureDependentHeatOutputSIA2024.BodySurface""}, ""required"": ""temperatureDependentMoistuerOutputSIA2024_1.temperatureDependentHeatOutput_SIA2024.BodySurface > 0"", ""declared_min"": null, ""variable_role"": ""constant"", ""premise_state"": ""refuted"", ""authority"": ""component_contract"", ""contract"": ""AixLib.BoundaryConditions.InternalGains.Humans.BaseClasses.TemperatureDependentHeatOutputSIA2024.BodySurface: feature_disabled (proven, from equation) \u2014 the parameter appears only as a multiplier, so at zero the term it scales drops out and the rest of the model is unaffected"", ""contract_behavior"": ""feature_disabled"", ""contract_confidence"": ""proven"", ""contract_source"": ""equation"", ""note"": ""the positivity rule does not apply: this component documents zero as a meaningful limit, so reporting a missing bound would contradict its contract""}",/data/mrumoca/eval/results_v3/aixlib/runtime_free.jsonl
aixlib,runtime-v3,AixLib.BoundaryConditions.InternalGains.Humans.HumanTotalHeatTemperatureDependent,9,physical-zero-is-a-supported-limit,low,True,execution-not-completed,"{""domain"": ""fluid"", ""rule"": ""fluid.area.positive"", ""rule_origin"": ""a flow cross-section is a divisor in every velocity relation; zero area admits no flow and divides by zero"", ""rule_reference"": """", ""matched_by"": {""quantity"": ""Area"", ""unit"": ""m2"", ""confidence"": ""QUANTITY_AND_UNIT"", ""premise_state"": ""unknown"", ""authority"": ""quantity_or_unit"", ""canonical_declaration"": ""AixLib.BoundaryConditions.InternalGains.Humans.BaseClasses.TemperatureDependentMoistureOutputSIA2024.BodySurface""}, ""required"": ""temperatureDependentMoistuerOutputSIA2024_1.BodySurface > 0"", ""declared_min"": null, ""variable_role"": ""constant"", ""premise_state"": ""refuted"", ""authority"": ""component_contract"", ""contract"": ""AixLib.BoundaryConditions.InternalGains.Humans.BaseClasses.TemperatureDependentMoistureOutputSIA2024.BodySurface: feature_disabled (proven, from equation) \u2014 the parameter appears only as a multiplier, so at zero the term it scales drops out and the rest of the model is unaffected"", ""contract_behavior"": ""feature_disabled"", ""contract_confidence"": ""proven"", ""contract_source"": ""equation"", ""note"": ""the positivity rule does not apply: this component documents zero as a meaningful limit, so reporting a missing bound would contradict its contract""}",/data/mrumoca/eval/results_v3/aixlib/runtime_free.jsonl
aixlib,runtime-v3,AixLib.BoundaryConditions.InternalGains.Humans.HumanTotalHeatTemperatureDependent,10,network-observation-incomplete,info,True,execution-not-completed,"{""reason"": ""missing or unsynchronized connector member observations"", ""note"": ""coverage gap, not a model defect""}",/data/mrumoca/eval/results_v3/aixlib/runtime_free.jsonl
aixlib,runtime-v3,AixLib.BoundaryConditions.InternalGains.Humans.HumanTotalHeatTemperatureDependent,11,initialization-failure,high,True,execution-not-completed,"{""failure_kind"": ""singular-system"", ""reason"": ""tTemperatureDependent to t=1 with 52 trace point(s)... \u001b[31m\u001b[0m simulation failed: DAE structural proof failed: structurally singular \u001b[31m\u2502\u001b[0m system: 52 matched out of 53 equations and 53 unknowns"", ""raw"": ""reading /tmp/tmpcmi6kag2/traced.rbc (bitcode v2, cbor) holding 1 free input(s) constant at their start values: uRel=0 Simulating AixLib.BoundaryConditions.InternalGains.Humans.HumanTotalHeatTemperatureDependent to t=1 with 52 trace point(s)... \u001b[31m\u001b[0m simulation failed: DAE structural proof failed: structurally singular \u001b[31m\u2502\u001b[0m system: 52 matched out of 53 equations and 53 unknowns"", ""tool_side"": false}",/data/mrumoca/eval/results_v3/aixlib/runtime_free.jsonl
aixlib,runtime-v3,AixLib.BoundaryConditions.InternalGains.Lights.LightsRelToMaxValue,0,network-boundary-port,low,True,execution-not-completed,"{""node"": ""convHeat -- convectiveHeat.port"", ""boundary_connectors"": ""convHeat"", ""wired_to"": ""convectiveHeat.port"", ""note"": ""this connector belongs to the model itself, not to a component inside it: the model is an interface compiled on its own, so the node is open on one side. Nothing forces its flow, which is why a structural matching reports an unmatched unknown here. Not a defect in the model""}",/data/mrumoca/eval/results_v3/aixlib/runtime_free.jsonl
aixlib,runtime-v3,AixLib.BoundaryConditions.InternalGains.Lights.LightsRelToMaxValue,1,network-boundary-port,low,True,execution-not-completed,"{""node"": ""radConvertor.radPort -- radHeat"", ""boundary_connectors"": ""radHeat"", ""wired_to"": ""radConvertor.radPort"", ""note"": ""this connector belongs to the model itself, not to a component inside it: the model is an interface compiled on its own, so the node is open on one side. Nothing forces its flow, which is why a structural matching reports an unmatched unknown here. Not a defect in the model""}",/data/mrumoca/eval/results_v3/aixlib/runtime_free.jsonl
aixlib,runtime-v3,AixLib.BoundaryConditions.InternalGains.Lights.LightsRelToMaxValue,2,network-boundary-port,low,True,execution-not-completed,"{""node"": ""convectiveHeat -- gain -- gainConv -- gainRad -- gainSurfaces -- limiter -- productHeatOutput -- radConvertor -- radiativeHeat -- uRel"", ""boundary_connectors"": ""convectiveHeat, gain, gainConv, gainRad, gainSurfaces, limiter, productHeatOutput, radConvertor, radiativeHeat, uRel"", ""wired_to"": ""nothing"", ""note"": ""this connector belongs to the model itself, not to a component inside it: the model is an interface compiled on its own, so the node is open on one side. Nothing forces its flow, which is why a structural matching reports an unmatched unknown here. Not a defect in the model""}",/data/mrumoca/eval/results_v3/aixlib/runtime_free.jsonl
aixlib,runtime-v3,AixLib.BoundaryConditions.InternalGains.Lights.LightsRelToMaxValue,3,physical-intent-question,low,True,execution-not-completed,"{""domain"": ""fluid"", ""rule"": ""fluid.area.positive"", ""rule_origin"": ""a flow cross-section is a divisor in every velocity relation; zero area admits no flow and divides by zero"", ""rule_reference"": """", ""matched_by"": {""quantity"": ""Area"", ""unit"": ""m2"", ""confidence"": ""QUANTITY_AND_UNIT"", ""premise_state"": ""unknown"", ""authority"": ""quantity_or_unit"", ""canonical_declaration"": ""AixLib.Utilities.HeatTransfer.HeatToRad.A""}, ""observed"": -1.0, ""required"": ""radConvertor.A > 0"", ""where"": ""declaration"", ""premise_state"": ""unknown"", ""authority"": ""quantity_or_unit"", ""canonical_declaration"": ""AixLib.Utilities.HeatTransfer.HeatToRad.A"", ""observation"": ""observed-value"", ""question"": ""`radConvertor.A` holds -1, which is unusual for an area \u2014 but nothing declares what this component is, so the analyzer cannot tell whether it is intended. Is it? If so, declare it: add a component contract, or a `[[contracts]]` entry naming the intended `sign_domain`. If not, bound the declaration.""}",/data/mrumoca/eval/results_v3/aixlib/runtime_free.jsonl
aixlib,runtime-v3,AixLib.BoundaryConditions.InternalGains.Lights.LightsRelToMaxValue,4,physical-zero-is-a-supported-limit,low,True,execution-not-completed,"{""domain"": ""fluid"", ""rule"": ""fluid.area.positive"", ""rule_origin"": ""a flow cross-section is a divisor in every velocity relation; zero area admits no flow and divides by zero"", ""rule_reference"": """", ""matched_by"": {""quantity"": ""Area"", ""unit"": ""m2"", ""confidence"": ""QUANTITY_AND_UNIT"", ""premise_state"": ""unknown"", ""authority"": ""quantity_or_unit"", ""canonical_declaration"": ""AixLib.BoundaryConditions.InternalGains.Lights.LightsRelToMaxValue.areaSurfaceLightsTotal""}, ""required"": ""areaSurfaceLightsTotal > 0"", ""declared_min"": null, ""variable_role"": ""parameter"", ""premise_state"": ""refuted"", ""authority"": ""component_contract"", ""contract"": ""Modelica.Blocks.Math.Gain.k: feature_disabled (proven, from equation) \u2014 inherited from gainSurfaces.k, which it binds: the parameter appears only as a multiplier, so at zero the term it scales drops out and the rest of the model is unaffected"", ""contract_behavior"": ""feature_disabled"", ""contract_confidence"": ""proven"", ""contract_source"": ""equation"", ""note"": ""the positivity rule does not apply: this component documents zero as a meaningful limit, so reporting a missing bound would contradict its contract""}",/data/mrumoca/eval/results_v3/aixlib/runtime_free.jsonl
aixlib,runtime-v3,AixLib.BoundaryConditions.InternalGains.Lights.LightsRelToMaxValue,5,network-observation-incomplete,info,True,execution-not-completed,"{""reason"": ""missing or unsynchronized connector member observations"", ""note"": ""coverage gap, not a model defect""}",/data/mrumoca/eval/results_v3/aixlib/runtime_free.jsonl
aixlib,runtime-v3,AixLib.BoundaryConditions.InternalGains.Lights.LightsRelToMaxValue,6,initialization-failure,high,True,execution-not-completed,"{""failure_kind"": ""unknown"", ""reason"": ""yConditions.InternalGains.Lights.LightsRelToMaxValue to t=1 with 30 trace point(s)... \u001b[31m\u001b[0m simulation failed: parameter `maxHeatFlowAbsolute` has neither a binding \u001b[31m\u2502\u001b[0m nor an initial value"", ""raw"": ""reading /tmp/tmpwai7shuh/traced.rbc (bitcode v2, cbor) holding 1 free input(s) constant at their start values: uRel=0 Simulating AixLib.BoundaryConditions.InternalGains.Lights.LightsRelToMaxValue to t=1 with 30 trace point(s)... \u001b[31m\u001b[0m simulation failed: parameter `maxHeatFlowAbsolute` has neither a binding \u001b[31m\u2502\u001b[0m nor an initial value"", ""tool_side"": false}",/data/mrumoca/eval/results_v3/aixlib/runtime_free.jsonl
aixlib,runtime-v3,AixLib.BoundaryConditions.InternalGains.Machines.MachinesRelToMaxValue,0,network-boundary-port,low,True,execution-not-completed,"{""node"": ""convHeat -- convectiveHeat.port"", ""boundary_connectors"": ""convHeat"", ""wired_to"": ""convectiveHeat.port"", ""note"": ""this connector belongs to the model itself, not to a component inside it: the model is an interface compiled on its own, so the node is open on one side. Nothing forces its flow, which is why a structural matching reports an unmatched unknown here. Not a defect in the model""}",/data/mrumoca/eval/results_v3/aixlib/runtime_free.jsonl
aixlib,runtime-v3,AixLib.BoundaryConditions.InternalGains.Machines.MachinesRelToMaxValue,1,network-boundary-port,low,True,execution-not-completed,"{""node"": ""radConvertor.radPort -- radHeat"", ""boundary_connectors"": ""radHeat"", ""wired_to"": ""radConvertor.radPort"", ""note"": ""this connector belongs to the model itself, not to a component inside it: the model is an interface compiled on its own, so the node is open on one side. Nothing forces its flow, which is why a structural matching reports an unmatched unknown here. Not a defect in the model""}",/data/mrumoca/eval/results_v3/aixlib/runtime_free.jsonl
aixlib,runtime-v3,AixLib.BoundaryConditions.InternalGains.Machines.MachinesRelToMaxValue,2,network-boundary-port,low,True,execution-not-completed,"{""node"": ""convectiveHeat -- gain -- gainConv -- gainRad -- gainSurfaces -- limiter -- productHeatOutput -- radConvertor -- radiativeHeat -- uRel"", ""boundary_connectors"": ""convectiveHeat, gain, gainConv, gainRad, gainSurfaces, limiter, productHeatOutput, radConvertor, radiativeHeat, uRel"", ""wired_to"": ""nothing"", ""note"": ""this connector belongs to the model itself, not to a component inside it: the model is an interface compiled on its own, so the node is open on one side. Nothing forces its flow, which is why a structural matching reports an unmatched unknown here. Not a defect in the model""}",/data/mrumoca/eval/results_v3/aixlib/runtime_free.jsonl
aixlib,runtime-v3,AixLib.BoundaryConditions.InternalGains.Machines.MachinesRelToMaxValue,3,physical-intent-question,low,True,execution-not-completed,"{""domain"": ""fluid"", ""rule"": ""fluid.area.positive"", ""rule_origin"": ""a flow cross-section is a divisor in every velocity relation; zero area admits no flow and divides by zero"", ""rule_reference"": """", ""matched_by"": {""quantity"": ""Area"", ""unit"": ""m2"", ""confidence"": ""QUANTITY_AND_UNIT"", ""premise_state"": ""unknown"", ""authority"": ""quantity_or_unit"", ""canonical_declaration"": ""AixLib.Utilities.HeatTransfer.HeatToRad.A""}, ""observed"": -1.0, ""required"": ""radConvertor.A > 0"", ""where"": ""declaration"", ""premise_state"": ""unknown"", ""authority"": ""quantity_or_unit"", ""canonical_declaration"": ""AixLib.Utilities.HeatTransfer.HeatToRad.A"", ""observation"": ""observed-value"", ""question"": ""`radConvertor.A` holds -1, which is unusual for an area \u2014 but nothing declares what this component is, so the analyzer cannot tell whether it is intended. Is it? If so, declare it: add a component contract, or a `[[contracts]]` entry naming the intended `sign_domain`. If not, bound the declaration.""}",/data/mrumoca/eval/results_v3/aixlib/runtime_free.jsonl
aixlib,runtime-v3,AixLib.BoundaryConditions.InternalGains.Machines.MachinesRelToMaxValue,4,physical-zero-is-a-supported-limit,low,True,execution-not-completed,"{""domain"": ""fluid"", ""rule"": ""fluid.area.positive"", ""rule_origin"": ""a flow cross-section is a divisor in every velocity relation; zero area admits no flow and divides by zero"", ""rule_reference"": """", ""matched_by"": {""quantity"": ""Area"", ""unit"": ""m2"", ""confidence"": ""QUANTITY_AND_UNIT"", ""premise_state"": ""unknown"", ""authority"": ""quantity_or_unit"", ""canonical_declaration"": ""AixLib.BoundaryConditions.InternalGains.Machines.MachinesRelToMaxValue.areaSurfaceMachinesTotal""}, ""required"": ""areaSurfaceMachinesTotal > 0"", ""declared_min"": null, ""variable_role"": ""parameter"", ""premise_state"": ""refuted"", ""authority"": ""component_contract"", ""contract"": ""Modelica.Blocks.Math.Gain.k: feature_disabled (proven, from equation) \u2014 inherited from gainSurfaces.k, which it binds: the parameter appears only as a multiplier, so at zero the term it scales drops out and the rest of the model is unaffected"", ""contract_behavior"": ""feature_disabled"", ""contract_confidence"": ""proven"", ""contract_source"": ""equation"", ""note"": ""the positivity rule does not apply: this component documents zero as a meaningful limit, so reporting a missing bound would contradict its contract""}",/data/mrumoca/eval/results_v3/aixlib/runtime_free.jsonl
aixlib,runtime-v3,AixLib.BoundaryConditions.InternalGains.Machines.MachinesRelToMaxValue,5,network-observation-incomplete,info,True,execution-not-completed,"{""reason"": ""missing or unsynchronized connector member observations"", ""note"": ""coverage gap, not a model defect""}",/data/mrumoca/eval/results_v3/aixlib/runtime_free.jsonl
aixlib,runtime-v3,AixLib.BoundaryConditions.InternalGains.Machines.MachinesRelToMaxValue,6,initialization-failure,high,True,execution-not-completed,"{""failure_kind"": ""unknown"", ""reason"": ""ditions.InternalGains.Machines.MachinesRelToMaxValue to t=1 with 30 trace point(s)... \u001b[31m\u001b[0m simulation failed: parameter `maxHeatFlowAbsolute` has neither a binding \u001b[31m\u2502\u001b[0m nor an initial value"", ""raw"": ""reading /tmp/tmpy87p0vcu/traced.rbc (bitcode v2, cbor) holding 1 free input(s) constant at their start values: uRel=0 Simulating AixLib.BoundaryConditions.InternalGains.Machines.MachinesRelToMaxValue to t=1 with 30 trace point(s)... \u001b[31m\u001b[0m simulation failed: parameter `maxHeatFlowAbsolute` has neither a binding \u001b[31m\u2502\u001b[0m nor an initial value"", ""tool_side"": false}",/data/mrumoca/eval/results_v3/aixlib/runtime_free.jsonl
aixlib,runtime-v3,AixLib.BoundaryConditions.InternalGains.Moisture.MoistureGains,0,network-boundary-port,low,False,standalone-topology-not-defect-proof,"{""node"": ""QLat_flow -- moistureGain -- specificLatentHeat -- squareMetre -- toKgPerSeconds -- toLatentHeat"", ""boundary_connectors"": ""QLat_flow, moistureGain, specificLatentHeat, squareMetre, toKgPerSeconds, toLatentHeat"", ""wired_to"": ""nothing"", ""note"": ""this connector belongs to the model itself, not to a component inside it: the model is an interface compiled on its own, so the node is open on one side. Nothing forces its flow, which is why a structural matching reports an unmatched unknown here. Not a defect in the model""}",/data/mrumoca/eval/results_v3/aixlib/runtime_free.jsonl
aixlib,runtime-v3,AixLib.BoundaryConditions.InternalGains.Moisture.MoistureGains,1,physical-zero-is-a-supported-limit,low,False,advisory-or-explicit-non-defect,"{""domain"": ""fluid"", ""rule"": ""fluid.area.positive"", ""rule_origin"": ""a flow cross-section is a divisor in every velocity relation; zero area admits no flow and divides by zero"", ""rule_reference"": """", ""matched_by"": {""quantity"": ""Area"", ""unit"": ""m2"", ""confidence"": ""QUANTITY_AND_UNIT"", ""premise_state"": ""unknown"", ""authority"": ""quantity_or_unit"", ""canonical_declaration"": ""AixLib.BoundaryConditions.InternalGains.Moisture.MoistureGains.roomArea""}, ""required"": ""roomArea > 0"", ""declared_min"": null, ""variable_role"": ""parameter"", ""premise_state"": ""refuted"", ""authority"": ""component_contract"", ""contract"": ""Modelica.Blocks.Math.Gain.k: feature_disabled (proven, from equation) \u2014 inherited from squareMetre.k, which it binds: the parameter appears only as a multiplier, so at zero the term it scales drops out and the rest of the model is unaffected"", ""contract_behavior"": ""feature_disabled"", ""contract_confidence"": ""proven"", ""contract_source"": ""equation"", ""note"": ""the positivity rule does not apply: this component documents zero as a meaningful limit, so reporting a missing bound would contradict its contract""}",/data/mrumoca/eval/results_v3/aixlib/runtime_free.jsonl
aixlib,runtime-v3,AixLib.BoundaryConditions.SolarGeometry.BaseClasses.IncidenceAngle,0,initialization-failure,high,True,execution-not-completed,"{""failure_kind"": ""unknown"", ""reason"": ""g AixLib.BoundaryConditions.SolarGeometry.BaseClasses.IncidenceAngle to t=1 with 10 trace point(s)... \u001b[31m\u001b[0m simulation failed: parameter `azi` has neither a binding nor an initial \u001b[31m\u2502\u001b[0m value"", ""raw"": ""reading /tmp/tmprwy_abav/traced.rbc (bitcode v2, cbor) holding 3 free input(s) constant at their start values: solHouAng=0, decAng=0, lat=0 Simulating AixLib.BoundaryConditions.SolarGeometry.BaseClasses.IncidenceAngle to t=1 with 10 trace point(s)... \u001b[31m\u001b[0m simulation failed: parameter `azi` has neither a binding nor an initial \u001b[31m\u2502\u001b[0m value"", ""tool_side"": false}",/data/mrumoca/eval/results_v3/aixlib/runtime_free.jsonl
aixlib,runtime-v3,AixLib.BoundaryConditions.SkyTemperature.BlackBody,0,simulation-failure,high,True,execution-not-completed,"{""failure_kind"": ""non-finite-value"", ""reason"": "" point(s)... \u001b[31m\u001b[0m simulation failed: non-finite (inf) value computed for `epsSky` @ Span \u001b[31m\u2502\u001b[0m { source: SourceId(11882539764412061395), start: BytePos(1615), end: \u001b[31m\u2502\u001b[0m BytePos(1650) }"", ""raw"": ""reading /tmp/tmpkf1_bp_c/traced.rbc (bitcode v2, cbor) holding 4 free input(s) constant at their start values: TDryBul=0, TDewPoi=0, nOpa=0, HHorIR=0 Simulating AixLib.BoundaryConditions.SkyTemperature.BlackBody to t=1 with 8 trace point(s)... \u001b[31m\u001b[0m simulation failed: non-finite (inf) value computed for `epsSky` @ Span \u001b[31m\u2502\u001b[0m { source: SourceId(11882539764412061395), start: BytePos(1615), "", ""tool_side"": false}",/data/mrumoca/eval/results_v3/aixlib/runtime_free.jsonl
aixlib,runtime-v3,AixLib.BoundaryConditions.SolarGeometry.BaseClasses.SolarAzimuth,0,simulation-failure,high,True,execution-not-completed,"{""failure_kind"": ""non-finite-value"", ""reason"": ""ace point(s)... \u001b[31m\u001b[0m simulation failed: non-finite (NaN) value computed for `tmp` @ Span \u001b[31m\u2502\u001b[0m { source: SourceId(10917830144373552967), start: BytePos(1321), end: \u001b[31m\u2502\u001b[0m BytePos(1329) }"", ""raw"": ""reading /tmp/tmpiuy8tqcz/traced.rbc (bitcode v2, cbor) holding 4 free input(s) constant at their start values: zen=0, solTim=0, lat=0, decAng=0 Simulating AixLib.BoundaryConditions.SolarGeometry.BaseClasses.SolarAzimuth to t=1 with 9 trace point(s)... \u001b[31m\u001b[0m simulation failed: non-finite (NaN) value computed for `tmp` @ Span \u001b[31m\u2502\u001b[0m { source: SourceId(10917830144373552967), start: BytePos(13"", ""tool_side"": false}",/data/mrumoca/eval/results_v3/aixlib/runtime_free.jsonl
aixlib,runtime-v3,AixLib.BoundaryConditions.SolarIrradiation.BaseClasses.DiffuseIsotropic,0,initialization-failure,high,True,execution-not-completed,"{""failure_kind"": ""unknown"", ""reason"": ""xLib.BoundaryConditions.SolarIrradiation.BaseClasses.DiffuseIsotropic to t=1 with 5 trace point(s)... \u001b[31m\u001b[0m simulation failed: parameter `til` has neither a binding nor an initial \u001b[31m\u2502\u001b[0m value"", ""raw"": ""reading /tmp/tmphekkbwgp/traced.rbc (bitcode v2, cbor) holding 2 free input(s) constant at their start values: HDifHor=0, HGloHor=0 Simulating AixLib.BoundaryConditions.SolarIrradiation.BaseClasses.DiffuseIsotropic to t=1 with 5 trace point(s)... \u001b[31m\u001b[0m simulation failed: parameter `til` has neither a binding nor an initial \u001b[31m\u2502\u001b[0m value"", ""tool_side"": false}",/data/mrumoca/eval/results_v3/aixlib/runtime_free.jsonl
aixlib,runtime-v3,AixLib.BoundaryConditions.SolarIrradiation.BaseClasses.DiffusePerez,0,initialization-failure,high,True,execution-not-completed,"{""failure_kind"": ""unknown"", ""reason"": "" AixLib.BoundaryConditions.SolarIrradiation.BaseClasses.DiffusePerez to t=1 with 10 trace point(s)... \u001b[31m\u001b[0m simulation failed: parameter `til` has neither a binding nor an initial \u001b[31m\u2502\u001b[0m value"", ""raw"": ""reading /tmp/tmpjzpdttph/traced.rbc (bitcode v2, cbor) holding 6 free input(s) constant at their start values: briCof1=0, briCof2=0, HDifHor=0, HGloHor=0, zen=0, incAng=0 Simulating AixLib.BoundaryConditions.SolarIrradiation.BaseClasses.DiffusePerez to t=1 with 10 trace point(s)... \u001b[31m\u001b[0m simulation failed: parameter `til` has neither a binding nor an initial \u001b[31m\u2502\u001b[0m value"", ""tool_side"": false}",/data/mrumoca/eval/results_v3/aixlib/runtime_free.jsonl
aixlib,runtime-v3,AixLib.BoundaryConditions.WeatherData.BaseClasses.CheckBlackBodySkyTemperature,0,simulation-failure,high,True,execution-not-completed,"{""failure_kind"": ""unknown"", ""reason"": "". \u001b[31m\u001b[0m simulation failed: Modelica assert failed at t=0.000000000: In \u001b[31m\u2502\u001b[0m CheckBlackBodySkyTemperature: Weather data black-body sky temperature out \u001b[31m\u2502\u001b[0m of bounds. \u001b[31m\u2502\u001b[0m TIn = 0"", ""raw"": ""reading /tmp/tmpudd7dqa5/traced.rbc (bitcode v2, cbor) holding 1 free input(s) constant at their start values: TIn=0 Simulating AixLib.BoundaryConditions.WeatherData.BaseClasses.CheckBlackBodySkyTemperature to t=1 with 2 trace point(s)... \u001b[31m\u001b[0m simulation failed: Modelica assert failed at t=0.000000000: In \u001b[31m\u2502\u001b[0m CheckBlackBodySkyTemperature: Weather data black-body sky temperature out \u001b[3"", ""tool_side"": false}",/data/mrumoca/eval/results_v3/aixlib/runtime_free.jsonl
aixlib,runtime-v3,AixLib.BoundaryConditions.WeatherData.BaseClasses.CheckDewPointTemperature,0,simulation-failure,high,True,execution-not-completed,"{""failure_kind"": ""unknown"", ""reason"": ""oint(s)... \u001b[31m\u001b[0m simulation failed: Modelica assert failed at t=0.000000000: In \u001b[31m\u2502\u001b[0m CheckDewPointTemperature: Weather data dew point temperature out of \u001b[31m\u2502\u001b[0m bounds. \u001b[31m\u2502\u001b[0m TIn = 0"", ""raw"": ""reading /tmp/tmphty0r_i6/traced.rbc (bitcode v2, cbor) holding 1 free input(s) constant at their start values: TIn=0 Simulating AixLib.BoundaryConditions.WeatherData.BaseClasses.CheckDewPointTemperature to t=1 with 2 trace point(s)... \u001b[31m\u001b[0m simulation failed: Modelica assert failed at t=0.000000000: In \u001b[31m\u2502\u001b[0m CheckDewPointTemperature: Weather data dew point temperature out of \u001b[31m\u2502\u001b[0m bo"", ""tool_side"": false}",/data/mrumoca/eval/results_v3/aixlib/runtime_free.jsonl
aixlib,runtime-v3,AixLib.BoundaryConditions.WeatherData.BaseClasses.CheckDryBulbTemperature,0,simulation-failure,high,True,execution-not-completed,"{""failure_kind"": ""unknown"", ""reason"": ""ith 2 trace point(s)... \u001b[31m\u001b[0m simulation failed: Modelica assert failed at t=0.000000000: In \u001b[31m\u2502\u001b[0m CheckDryBulbTemperature: Weather data dry bulb temperature out of bounds. \u001b[31m\u2502\u001b[0m TIn = 0"", ""raw"": ""reading /tmp/tmp09yoyn23/traced.rbc (bitcode v2, cbor) holding 1 free input(s) constant at their start values: TIn=0 Simulating AixLib.BoundaryConditions.WeatherData.BaseClasses.CheckDryBulbTemperature to t=1 with 2 trace point(s)... \u001b[31m\u001b[0m simulation failed: Modelica assert failed at t=0.000000000: In \u001b[31m\u2502\u001b[0m CheckDryBulbTemperature: Weather data dry bulb temperature out of bounds. \u001b[31m\u2502\u001b["", ""tool_side"": false}",/data/mrumoca/eval/results_v3/aixlib/runtime_free.jsonl
aixlib,runtime-v3,AixLib.BoundaryConditions.WeatherData.BaseClasses.CheckPressure,0,simulation-failure,high,True,execution-not-completed,"{""failure_kind"": ""unknown"", ""reason"": ""e to t=1 with 2 trace point(s)... \u001b[31m\u001b[0m simulation failed: Modelica assert failed at t=0.000000000: In \u001b[31m\u2502\u001b[0m CheckPressure: Weather data atmospheric pressure out of bounds. \u001b[31m\u2502\u001b[0m PIn = 0"", ""raw"": ""reading /tmp/tmpt3uq0qzj/traced.rbc (bitcode v2, cbor) holding 1 free input(s) constant at their start values: PIn=0 Simulating AixLib.BoundaryConditions.WeatherData.BaseClasses.CheckPressure to t=1 with 2 trace point(s)... \u001b[31m\u001b[0m simulation failed: Modelica assert failed at t=0.000000000: In \u001b[31m\u2502\u001b[0m CheckPressure: Weather data atmospheric pressure out of bounds. \u001b[31m\u2502\u001b[0m PIn = 0"", ""tool_side"": false}",/data/mrumoca/eval/results_v3/aixlib/runtime_free.jsonl
aixlib,runtime-v3,AixLib.BoundaryConditions.WeatherData.BaseClasses.CheckTemperature,0,simulation-failure,high,True,execution-not-completed,"{""failure_kind"": ""unknown"", ""reason"": ""WeatherData.BaseClasses.CheckTemperature to t=1 with 2 trace point(s)... \u001b[31m\u001b[0m simulation failed: Modelica assert failed at t=0.000000000: Temperature out \u001b[31m\u2502\u001b[0m of bounds. \u001b[31m\u2502\u001b[0m TOut = 0"", ""raw"": ""reading /tmp/tmpre66pxae/traced.rbc (bitcode v2, cbor) holding 1 free input(s) constant at their start values: TIn=0 Simulating AixLib.BoundaryConditions.WeatherData.BaseClasses.CheckTemperature to t=1 with 2 trace point(s)... \u001b[31m\u001b[0m simulation failed: Modelica assert failed at t=0.000000000: Temperature out \u001b[31m\u2502\u001b[0m of bounds. \u001b[31m\u2502\u001b[0m TOut = 0"", ""tool_side"": false}",/data/mrumoca/eval/results_v3/aixlib/runtime_free.jsonl
aixlib,runtime-v3,AixLib.BoundaryConditions.WeatherData.BaseClasses.Examples.CheckBlackBodySkyTemperature,0,network-boundary-port,low,False,standalone-topology-not-defect-proof,"{""node"": ""TBlaBod -- cheSkyBlaBodTem"", ""boundary_connectors"": ""TBlaBod, cheSkyBlaBodTem"", ""wired_to"": ""nothing"", ""note"": ""this connector belongs to the model itself, not to a component inside it: the model is an interface compiled on its own, so the node is open on one side. Nothing forces its flow, which is why a structural matching reports an unmatched unknown here. Not a defect in the model""}",/data/mrumoca/eval/results_v3/aixlib/runtime_free.jsonl
aixlib,runtime-v3,AixLib.BoundaryConditions.WeatherData.BaseClasses.Examples.EquationOfTime,0,network-boundary-port,low,False,standalone-topology-not-defect-proof,"{""node"": ""eqnTim -- modTim"", ""boundary_connectors"": ""eqnTim, modTim"", ""wired_to"": ""nothing"", ""note"": ""this connector belongs to the model itself, not to a component inside it: the model is an interface compiled on its own, so the node is open on one side. Nothing forces its flow, which is why a structural matching reports an unmatched unknown here. Not a defect in the model""}",/data/mrumoca/eval/results_v3/aixlib/runtime_free.jsonl
aixlib,runtime-v3,AixLib.BoundaryConditions.WeatherData.BaseClasses.Examples.ConvertTimeNegativeStart,0,network-boundary-port,low,False,standalone-topology-not-defect-proof,"{""node"": ""conTim -- modTim"", ""boundary_connectors"": ""conTim, modTim"", ""wired_to"": ""nothing"", ""note"": ""this connector belongs to the model itself, not to a component inside it: the model is an interface compiled on its own, so the node is open on one side. Nothing forces its flow, which is why a structural matching reports an unmatched unknown here. Not a defect in the model""}",/data/mrumoca/eval/results_v3/aixlib/runtime_free.jsonl
aixlib,runtime-v3,AixLib.BoundaryConditions.WeatherData.BaseClasses.Examples.ConvertTimePositiveStart,0,network-boundary-port,low,False,standalone-topology-not-defect-proof,"{""node"": ""conTim -- modTim"", ""boundary_connectors"": ""conTim, modTim"", ""wired_to"": ""nothing"", ""note"": ""this connector belongs to the model itself, not to a component inside it: the model is an interface compiled on its own, so the node is open on one side. Nothing forces its flow, which is why a structural matching reports an unmatched unknown here. Not a defect in the model""}",/data/mrumoca/eval/results_v3/aixlib/runtime_free.jsonl
aixlib,runtime-v3,AixLib.BoundaryConditions.WeatherData.BaseClasses.Examples.ConvertTime,0,network-boundary-port,low,False,standalone-topology-not-defect-proof,"{""node"": ""conTim -- modTim"", ""boundary_connectors"": ""conTim, modTim"", ""wired_to"": ""nothing"", ""note"": ""this connector belongs to the model itself, not to a component inside it: the model is an interface compiled on its own, so the node is open on one side. Nothing forces its flow, which is why a structural matching reports an unmatched unknown here. Not a defect in the model""}",/data/mrumoca/eval/results_v3/aixlib/runtime_free.jsonl
aixlib,runtime-v3,AixLib.BoundaryConditions.WeatherData.BaseClasses.Examples.LocalCivilTime,0,network-boundary-port,low,False,standalone-topology-not-defect-proof,"{""node"": ""locTim -- modTim"", ""boundary_connectors"": ""locTim, modTim"", ""wired_to"": ""nothing"", ""note"": ""this connector belongs to the model itself, not to a component inside it: the model is an interface compiled on its own, so the node is open on one side. Nothing forces its flow, which is why a structural matching reports an unmatched unknown here. Not a defect in the model""}",/data/mrumoca/eval/results_v3/aixlib/runtime_free.jsonl
aixlib,runtime-v3,AixLib.BoundaryConditions.WeatherData.BaseClasses.Examples.SolarTime,0,network-boundary-port,low,False,standalone-topology-not-defect-proof,"{""node"": ""eqnTim -- locTim -- modTim -- solTim"", ""boundary_connectors"": ""eqnTim, locTim, modTim, solTim"", ""wired_to"": ""nothing"", ""note"": ""this connector belongs to the model itself, not to a component inside it: the model is an interface compiled on its own, so the node is open on one side. Nothing forces its flow, which is why a structural matching reports an unmatched unknown here. Not a defect in the model""}",/data/mrumoca/eval/results_v3/aixlib/runtime_free.jsonl
aixlib,runtime-v3,AixLib.BoundaryConditions.WeatherData.BaseClasses.LocalCivilTime,0,initialization-failure,high,True,execution-not-completed,"{""failure_kind"": ""unknown"", ""reason"": ""g AixLib.BoundaryConditions.WeatherData.BaseClasses.LocalCivilTime to t=1 with 5 trace point(s)... \u001b[31m\u001b[0m simulation failed: parameter `timZon` has neither a binding nor an initial \u001b[31m\u2502\u001b[0m value"", ""raw"": ""reading /tmp/tmpcbt1n1tm/traced.rbc (bitcode v2, cbor) holding 1 free input(s) constant at their start values: cloTim=0 Simulating AixLib.BoundaryConditions.WeatherData.BaseClasses.LocalCivilTime to t=1 with 5 trace point(s)... \u001b[31m\u001b[0m simulation failed: parameter `timZon` has neither a binding nor an initial \u001b[31m\u2502\u001b[0m value"", ""tool_side"": false}",/data/mrumoca/eval/results_v3/aixlib/runtime_free.jsonl
aixlib,runtime-v3,AixLib.BoundaryConditions.WeatherData.ReaderTMY3.Latitude,0,initialization-failure,high,False,execution-not-completed,"{""failure_kind"": ""unknown"", ""reason"": ""lating AixLib.BoundaryConditions.WeatherData.ReaderTMY3.Latitude to t=1 with 1 trace point(s)... \u001b[31m\u001b[0m simulation failed: parameter `latitude` has neither a binding nor an \u001b[31m\u2502\u001b[0m initial value"", ""raw"": ""reading /tmp/tmpca0e4s3p/traced.rbc (bitcode v2, cbor) Simulating AixLib.BoundaryConditions.WeatherData.ReaderTMY3.Latitude to t=1 with 1 trace point(s)... \u001b[31m\u001b[0m simulation failed: parameter `latitude` has neither a binding nor an \u001b[31m\u2502\u001b[0m initial value"", ""tool_side"": false}",/data/mrumoca/eval/results_v3/aixlib/runtime_free.jsonl
aixlib,runtime-v3,AixLib.BoundaryConditions.WeatherData.ReaderTMY3.Longitude,0,initialization-failure,high,False,execution-not-completed,"{""failure_kind"": ""unknown"", ""reason"": ""ting AixLib.BoundaryConditions.WeatherData.ReaderTMY3.Longitude to t=1 with 1 trace point(s)... \u001b[31m\u001b[0m simulation failed: parameter `longitude` has neither a binding nor an \u001b[31m\u2502\u001b[0m initial value"", ""raw"": ""reading /tmp/tmpeocnxclf/traced.rbc (bitcode v2, cbor) Simulating AixLib.BoundaryConditions.WeatherData.ReaderTMY3.Longitude to t=1 with 1 trace point(s)... \u001b[31m\u001b[0m simulation failed: parameter `longitude` has neither a binding nor an \u001b[31m\u2502\u001b[0m initial value"", ""tool_side"": false}",/data/mrumoca/eval/results_v3/aixlib/runtime_free.jsonl
aixlib,runtime-v3,AixLib.BoundaryConditions.WeatherData.Old.WeatherTRY.BaseClasses.Sun,0,initialization-failure,high,False,execution-not-completed,"{""failure_kind"": ""unknown"", ""reason"": ""b.BoundaryConditions.WeatherData.Old.WeatherTRY.BaseClasses.Sun to t=1 with 10 trace point(s)... \u001b[31m\u001b[0m simulation failed: parameter `Latitude` has neither a binding nor an \u001b[31m\u2502\u001b[0m initial value"", ""raw"": ""reading /tmp/tmpqjw9eo04/traced.rbc (bitcode v2, cbor) Simulating AixLib.BoundaryConditions.WeatherData.Old.WeatherTRY.BaseClasses.Sun to t=1 with 10 trace point(s)... \u001b[31m\u001b[0m simulation failed: parameter `Latitude` has neither a binding nor an \u001b[31m\u2502\u001b[0m initial value"", ""tool_side"": false}",/data/mrumoca/eval/results_v3/aixlib/runtime_free.jsonl
aixlib,runtime-v3,AixLib.BoundaryConditions.WeatherData.ReaderTMY3.Altitude,0,initialization-failure,high,False,execution-not-completed,"{""failure_kind"": ""unknown"", ""reason"": ""lating AixLib.BoundaryConditions.WeatherData.ReaderTMY3.Altitude to t=1 with 1 trace point(s)... \u001b[31m\u001b[0m simulation failed: parameter `Altitude` has neither a binding nor an \u001b[31m\u2502\u001b[0m initial value"", ""raw"": ""reading /tmp/tmpae85zu3l/traced.rbc (bitcode v2, cbor) Simulating AixLib.BoundaryConditions.WeatherData.ReaderTMY3.Altitude to t=1 with 1 trace point(s)... \u001b[31m\u001b[0m simulation failed: parameter `Altitude` has neither a binding nor an \u001b[31m\u2502\u001b[0m initial value"", ""tool_side"": false}",/data/mrumoca/eval/results_v3/aixlib/runtime_free.jsonl
aixlib,runtime-v3,AixLib.Controls.Continuous.Examples.OffTimer,0,network-boundary-port,low,False,standalone-topology-not-defect-proof,"{""node"": ""booleanPulse -- not1 -- offTim1 -- offTim2"", ""boundary_connectors"": ""booleanPulse, not1, offTim1, offTim2"", ""wired_to"": ""nothing"", ""note"": ""this connector belongs to the model itself, not to a component inside it: the model is an interface compiled on its own, so the node is open on one side. Nothing forces its flow, which is why a structural matching reports an unmatched unknown here. Not a defect in the model""}",/data/mrumoca/eval/results_v3/aixlib/runtime_free.jsonl
aixlib,runtime-v3,AixLib.Controls.Continuous.Validation.OffTimerNonZeroStart,0,network-boundary-port,low,False,standalone-topology-not-defect-proof,"{""node"": ""booleanPulse -- not1 -- offTim1 -- offTim2"", ""boundary_connectors"": ""booleanPulse, not1, offTim1, offTim2"", ""wired_to"": ""nothing"", ""note"": ""this connector belongs to the model itself, not to a component inside it: the model is an interface compiled on its own, so the node is open on one side. Nothing forces its flow, which is why a structural matching reports an unmatched unknown here. Not a defect in the model""}",/data/mrumoca/eval/results_v3/aixlib/runtime_free.jsonl
aixlib,runtime-v3,AixLib.Controls.HVACAgentBasedControl.CostFunctions.Exergy.Boiler_ExergyDestruction,0,simulation-failure,high,True,execution-not-completed,"{""failure_kind"": ""non-finite-value"", ""reason"": ""ce point(s)... \u001b[31m\u001b[0m simulation failed: non-finite (NaN) value computed for `m_flow` @ Span \u001b[31m\u2502\u001b[0m { source: SourceId(12579725019772322408), start: BytePos(292), end: \u001b[31m\u2502\u001b[0m BytePos(303) }"", ""raw"": ""reading /tmp/tmp4mo7tk0x/traced.rbc (bitcode v2, cbor) holding 3 free input(s) constant at their start values: capacity=0, T_in=0, T_out=0 Simulating AixLib.Controls.HVACAgentBasedControl.CostFunctions.Exergy.Boiler_ExergyDestruction to t=1 with 5 trace point(s)... \u001b[31m\u001b[0m simulation failed: non-finite (NaN) value computed for `m_flow` @ Span \u001b[31m\u2502\u001b[0m { source: SourceId(12579725019772322408), "", ""tool_side"": false}",/data/mrumoca/eval/results_v3/aixlib/runtime_free.jsonl
aixlib,runtime-v3,AixLib.Controls.HVACAgentBasedControl.CostFunctions.Economic.PV_Variable_Economic_Cost,0,network-boundary-port,low,True,hold-input-contract-validation,"{""node"": ""capacity -- cost -- electricity_free -- hold1 -- lessEqualThreshold -- periodicClock1 -- product -- rad -- realExpression -- realExpression1 -- sample1 -- switch1"", ""boundary_connectors"": ""capacity, cost, electricity_free, hold1, lessEqualThreshold, periodicClock1, product, rad, realExpression, realExpression1, sample1, switch1"", ""wired_to"": ""nothing"", ""note"": ""this connector belongs to the model itself, not to a component inside it: the model is an interface compiled on its own, so the node is open on one side. Nothing forces its flow, which is why a structural matching reports an unmatched unknown here. Not a defect in the model""}",/data/mrumoca/eval/results_v3/aixlib/runtime_free.jsonl
aixlib,runtime-v3,AixLib.Controls.HVACAgentBasedControl.CostFunctions.Exergy.HeatingRod_ExergyDestruction,0,simulation-failure,high,True,execution-not-completed,"{""failure_kind"": ""non-finite-value"", ""reason"": ""race point(s)... \u001b[31m\u001b[0m simulation failed: non-finite (NaN) value computed for `cost` @ Span \u001b[31m\u2502\u001b[0m { source: SourceId(18171651033493641830), start: BytePos(467), end: \u001b[31m\u2502\u001b[0m BytePos(509) }"", ""raw"": ""reading /tmp/tmpi0xgn01m/traced.rbc (bitcode v2, cbor) holding 3 free input(s) constant at their start values: capacity=0, T_below=0, m_flow=0.5 Simulating AixLib.Controls.HVACAgentBasedControl.CostFunctions.Exergy.HeatingRod_ExergyDestruction to t=1 with 5 trace point(s)... \u001b[31m\u001b[0m simulation failed: non-finite (NaN) value computed for `cost` @ Span \u001b[31m\u2502\u001b[0m { source: SourceId(181716510334936"", ""tool_side"": false}",/data/mrumoca/eval/results_v3/aixlib/runtime_free.jsonl
aixlib,runtime-v3,AixLib.Controls.HVACAgentBasedControl.CostFunctions.Exergy.MixingValveAndHEX_ExergyDestruction_Simplified,0,simulation-failure,high,True,execution-not-completed,"{""failure_kind"": ""non-finite-value"", ""reason"": ""race point(s)... \u001b[31m\u001b[0m simulation failed: non-finite (NaN) value computed for `cost` @ Span \u001b[31m\u2502\u001b[0m { source: SourceId(18171651033493641830), start: BytePos(467), end: \u001b[31m\u2502\u001b[0m BytePos(509) }"", ""raw"": ""reading /tmp/tmpyecax_ol/traced.rbc (bitcode v2, cbor) holding 5 free input(s) constant at their start values: capacity=0, T_cold_in=0, T_hot_in=0, T_cold_out=0, T_hot_out=0 Simulating AixLib.Controls.HVACAgentBasedControl.CostFunctions.Exergy.MixingValveAndHEX_ExergyDestruction_Simplified to t=1 with 8 trace point(s)... \u001b[31m\u001b[0m simulation failed: non-finite (NaN) value computed for `cost` @ Spa"", ""tool_side"": false}",/data/mrumoca/eval/results_v3/aixlib/runtime_free.jsonl
aixlib,runtime-v3,AixLib.Controls.HVACAgentBasedControl.CostFunctions.Exergy.MixingValveAndHEX_ExergyDestruction,0,simulation-failure,high,True,execution-not-completed,"{""failure_kind"": ""non-finite-value"", ""reason"": ""9 trace point(s)... \u001b[31m\u001b[0m simulation failed: non-finite (NaN) value computed for `T2` @ Span \u001b[31m\u2502\u001b[0m { source: SourceId(2625093424994608353), start: BytePos(457), end: \u001b[31m\u2502\u001b[0m BytePos(464) }"", ""raw"": ""reading /tmp/tmpsl0oik4o/traced.rbc (bitcode v2, cbor) holding 3 free input(s) constant at their start values: capacity=0, T_cold_in=0, m_flow_cold=0 Simulating AixLib.Controls.HVACAgentBasedControl.CostFunctions.Exergy.MixingValveAndHEX_ExergyDestruction to t=1 with 9 trace point(s)... \u001b[31m\u001b[0m simulation failed: non-finite (NaN) value computed for `T2` @ Span \u001b[31m\u2502\u001b[0m { source: SourceId(26250"", ""tool_side"": false}",/data/mrumoca/eval/results_v3/aixlib/runtime_free.jsonl
aixlib,runtime-v3,AixLib.Controls.HVACAgentBasedControl.CostFunctions.Exergy.Boiler_ExergyDestruction_Simplified,0,network-boundary-port,low,True,hold-input-contract-validation,"{""node"": ""T_circuit -- add -- add1 -- capacity -- cost -- division -- division1 -- gain -- min -- product -- realExpression -- realExpression1 -- realExpression2 -- realExpression3"", ""boundary_connectors"": ""T_circuit, add, add1, capacity, cost, division, division1, gain, min, product, realExpression, realExpression1, realExpression2, realExpression3"", ""wired_to"": ""nothing"", ""note"": ""this connector belongs to the model itself, not to a component inside it: the model is an interface compiled on its own, so the node is open on one side. Nothing forces its flow, which is why a structural matching reports an unmatched unknown here. Not a defect in the model""}",/data/mrumoca/eval/results_v3/aixlib/runtime_free.jsonl
aixlib,runtime-v3,AixLib.Controls.HVACAgentBasedControl.CostFunctions.Exergy.HeatingRod_ExergyDestruction_Simplified,0,network-boundary-port,low,True,hold-input-contract-validation,"{""node"": ""T_circuit -- add -- add1 -- capacity -- cost -- division -- division1 -- gain -- min -- product -- realExpression -- realExpression1 -- realExpression2 -- realExpression3"", ""boundary_connectors"": ""T_circuit, add, add1, capacity, cost, division, division1, gain, min, product, realExpression, realExpression1, realExpression2, realExpression3"", ""wired_to"": ""nothing"", ""note"": ""this connector belongs to the model itself, not to a component inside it: the model is an interface compiled on its own, so the node is open on one side. Nothing forces its flow, which is why a structural matching reports an unmatched unknown here. Not a defect in the model""}",/data/mrumoca/eval/results_v3/aixlib/runtime_free.jsonl
aixlib,runtime-v3,AixLib.Controls.HVACAgentBasedControl.CostFunctions.PrimaryExergy.Boiler_PrimaryExergyDestruction_Simplified,0,network-boundary-port,low,True,hold-input-contract-validation,"{""node"": ""T_circuit -- add -- add1 -- capacity -- cost -- division -- division1 -- gain -- min -- product -- realExpression -- realExpression1 -- realExpression2 -- realExpression3"", ""boundary_connectors"": ""T_circuit, add, add1, capacity, cost, division, division1, gain, min, product, realExpression, realExpression1, realExpression2, realExpression3"", ""wired_to"": ""nothing"", ""note"": ""this connector belongs to the model itself, not to a component inside it: the model is an interface compiled on its own, so the node is open on one side. Nothing forces its flow, which is why a structural matching reports an unmatched unknown here. Not a defect in the model""}",/data/mrumoca/eval/results_v3/aixlib/runtime_free.jsonl
aixlib,runtime-v3,AixLib.Controls.HeatPump.Examples.TwoPointControlledHeatPump,0,network-boundary-port,low,False,standalone-topology-not-defect-proof,"{""node"": ""TMea -- TSet -- T_meas -- T_set -- hPController -- hPController.andHeaLim -- hPController.booleanConstant -- hPController.conOne -- hPController.conZer -- hPController.onOffController -- hPController.swiNullHP -- nSet"", ""boundary_connectors"": ""TMea, TSet, T_meas, T_set, hPController, nSet"", ""wired_to"": ""hPController.andHeaLim, hPController.booleanConstant, hPController.conOne, hPController.conZer, hPController.onOffController, hPController.swiNullHP"", ""note"": ""this connector belongs to the model itself, not to a component inside it: the model is an interface compiled on its own, so the node is open on one side. Nothing forces its flow, which is why a structural matching reports an unmatched unknown here. Not a defect in the model""}",/data/mrumoca/eval/results_v3/aixlib/runtime_free.jsonl
aixlib,runtime-v3,AixLib.Controls.HeatPump.Examples.TwoPointControlledHeatPump,1,network-boundary-port,low,False,standalone-topology-not-defect-proof,"{""node"": ""T_oda -- heatPumpControlBus"", ""boundary_connectors"": ""T_oda, heatPumpControlBus"", ""wired_to"": ""nothing"", ""note"": ""this connector belongs to the model itself, not to a component inside it: the model is an interface compiled on its own, so the node is open on one side. Nothing forces its flow, which is why a structural matching reports an unmatched unknown here. Not a defect in the model""}",/data/mrumoca/eval/results_v3/aixlib/runtime_free.jsonl
aixlib,runtime-v3,AixLib.Controls.HVACAgentBasedControl.CostFunctions.PrimaryExergy.HeatingRod_PrimaryExergyDestruction_Simplified,0,network-boundary-port,low,True,hold-input-contract-validation,"{""node"": ""T_circuit -- add -- add1 -- capacity -- cost -- division -- division1 -- gain -- min -- product -- realExpression -- realExpression1 -- realExpression2 -- realExpression3"", ""boundary_connectors"": ""T_circuit, add, add1, capacity, cost, division, division1, gain, min, product, realExpression, realExpression1, realExpression2, realExpression3"", ""wired_to"": ""nothing"", ""note"": ""this connector belongs to the model itself, not to a component inside it: the model is an interface compiled on its own, so the node is open on one side. Nothing forces its flow, which is why a structural matching reports an unmatched unknown here. Not a defect in the model""}",/data/mrumoca/eval/results_v3/aixlib/runtime_free.jsonl
aixlib,runtime-v3,AixLib.Controls.HeatPump.Examples.InverterControlledHeatPump,0,network-boundary-port,low,False,standalone-topology-not-defect-proof,"{""node"": ""T_oda -- heatPumpControlBus"", ""boundary_connectors"": ""T_oda, heatPumpControlBus"", ""wired_to"": ""nothing"", ""note"": ""this connector belongs to the model itself, not to a component inside it: the model is an interface compiled on its own, so the node is open on one side. Nothing forces its flow, which is why a structural matching reports an unmatched unknown here. Not a defect in the model""}",/data/mrumoca/eval/results_v3/aixlib/runtime_free.jsonl
aixlib,runtime-v3,AixLib.Controls.HeatPump.Examples.InverterControlledHeatPump,1,network-boundary-port,low,False,standalone-topology-not-defect-proof,"{""node"": ""TMea -- TSet -- T_meas -- T_set -- hPController -- hPController.InverterControl -- hPController.InverterControl.Dzero -- hPController.InverterControl.FFzero -- hPController.InverterControl.I -- hPController.InverterControl.P -- hPController.InverterControl.addFF -- hPController.InverterControl.addI -- hPController.InverterControl.addP -- hPController.InverterControl.addPID -- hPController.InverterControl.addSat -- hPController.InverterControl.gainPID -- hPController.InverterControl.gainTrack -- hPController.InverterControl.limiter -- hPController.andHeaLim -- hPController.booleanConstant -- hPController.conZer -- hPController.onOffController -- hPController.swiNullHP -- nSet"", ""boundary_connectors"": ""TMea, TSet, T_meas, T_set, hPController, nSet"", ""wired_to"": ""hPController.InverterControl, hPController.InverterControl.Dzero, hPController.InverterControl.FFzero, hPController.InverterControl.I, hPController.InverterControl.P, hPController.InverterControl.addFF, hPController.InverterControl.addI, hPController.InverterControl.addP, hPController.InverterControl.addPID, hPController.InverterControl.addSat, hPController.InverterControl.gainPID, hPController.InverterControl.gainTrack, hPController.InverterControl.limiter, hPController.andHeaLim, hPController.booleanConstant, hPController.conZer, hPController.onOffController, hPController.swiNullHP"", ""note"": ""this connector belongs to the model itself, not to a component inside it: the model is an interface compiled on its own, so the node is open on one side. Nothing forces its flow, which is why a structural matching reports an unmatched unknown here. Not a defect in the model""}",/data/mrumoca/eval/results_v3/aixlib/runtime_free.jsonl
aixlib,runtime-v3,AixLib.Controls.OBC.CDL.Conversions.Validation.IntegerToReal,0,network-boundary-port,low,False,standalone-topology-not-defect-proof,"{""node"": ""intToRea -- ramp1 -- reaToInt1 -- round2"", ""boundary_connectors"": ""intToRea, ramp1, reaToInt1, round2"", ""wired_to"": ""nothing"", ""note"": ""this connector belongs to the model itself, not to a component inside it: the model is an interface compiled on its own, so the node is open on one side. Nothing forces its flow, which is why a structural matching reports an unmatched unknown here. Not a defect in the model""}",/data/mrumoca/eval/results_v3/aixlib/runtime_free.jsonl
aixlib,runtime-v3,AixLib.Controls.OBC.CDL.Conversions.Validation.RealToInteger,0,network-boundary-port,low,False,standalone-topology-not-defect-proof,"{""node"": ""ramp1 -- reaToInt"", ""boundary_connectors"": ""ramp1, reaToInt"", ""wired_to"": ""nothing"", ""note"": ""this connector belongs to the model itself, not to a component inside it: the model is an interface compiled on its own, so the node is open on one side. Nothing forces its flow, which is why a structural matching reports an unmatched unknown here. Not a defect in the model""}",/data/mrumoca/eval/results_v3/aixlib/runtime_free.jsonl
aixlib,runtime-v3,AixLib.Controls.OBC.CDL.Discrete.Validation.FirstOrderHold,0,network-boundary-port,low,False,execution-not-completed,"{""node"": ""cos1 -- firOrdHol -- ramp1"", ""boundary_connectors"": ""cos1, firOrdHol, ramp1"", ""wired_to"": ""nothing"", ""note"": ""this connector belongs to the model itself, not to a component inside it: the model is an interface compiled on its own, so the node is open on one side. Nothing forces its flow, which is why a structural matching reports an unmatched unknown here. Not a defect in the model""}",/data/mrumoca/eval/results_v3/aixlib/runtime_free.jsonl
aixlib,runtime-v3,AixLib.Controls.OBC.CDL.Discrete.Validation.FirstOrderHold,1,network-observation-incomplete,info,False,execution-not-completed,"{""reason"": ""missing or unsynchronized connector member observations"", ""note"": ""coverage gap, not a model defect""}",/data/mrumoca/eval/results_v3/aixlib/runtime_free.jsonl
aixlib,runtime-v3,AixLib.Controls.OBC.CDL.Discrete.Validation.FirstOrderHold,2,initialization-failure,high,False,execution-not-completed,"{""failure_kind"": ""nonlinear-solver-failure"", ""reason"": ""ous algebraic/output reconstructed from the continuous equations \u001b[31m\u2502\u001b[0m but not owned by the reduced initialization projection or its total \u001b[31m\u2502\u001b[0m derivative) value=-1.000000e0 norm=1.000000e0"", ""raw"": ""reading /tmp/tmppvfwktt9/traced.rbc (bitcode v2, cbor) Simulating AixLib.Controls.OBC.CDL.Discrete.Validation.FirstOrderHold to t=1 with 11 trace point(s)... \u001b[31m\u001b[0m simulation failed: initial variable projection did not satisfy the complete \u001b[31m\u2502\u001b[0m residual system: max selected residual row=2 original_row=2 owner=none(row \u001b[31m\u2502\u001b[0m reads a coordinate outside the planned initialization unkno"", ""tool_side"": false}",/data/mrumoca/eval/results_v3/aixlib/runtime_free.jsonl
aixlib,runtime-v3,AixLib.Controls.OBC.CDL.Discrete.Validation.Sampler,0,network-boundary-port,low,False,standalone-topology-not-defect-proof,"{""node"": ""ramp1 -- sampler1 -- sin1"", ""boundary_connectors"": ""ramp1, sampler1, sin1"", ""wired_to"": ""nothing"", ""note"": ""this connector belongs to the model itself, not to a component inside it: the model is an interface compiled on its own, so the node is open on one side. Nothing forces its flow, which is why a structural matching reports an unmatched unknown here. Not a defect in the model""}",/data/mrumoca/eval/results_v3/aixlib/runtime_free.jsonl
aixlib,runtime-v3,AixLib.Controls.OBC.CDL.Discrete.Validation.UnitDelay,0,network-boundary-port,low,False,standalone-topology-not-defect-proof,"{""node"": ""ramp1 -- sin1 -- unitDelay1"", ""boundary_connectors"": ""ramp1, sin1, unitDelay1"", ""wired_to"": ""nothing"", ""note"": ""this connector belongs to the model itself, not to a component inside it: the model is an interface compiled on its own, so the node is open on one side. Nothing forces its flow, which is why a structural matching reports an unmatched unknown here. Not a defect in the model""}",/data/mrumoca/eval/results_v3/aixlib/runtime_free.jsonl
aixlib,runtime-v3,AixLib.Controls.OBC.CDL.Discrete.Validation.ZeroOrderHold,0,network-boundary-port,low,False,standalone-topology-not-defect-proof,"{""node"": ""cos1 -- ramp1 -- zerOrdHol"", ""boundary_connectors"": ""cos1, ramp1, zerOrdHol"", ""wired_to"": ""nothing"", ""note"": ""this connector belongs to the model itself, not to a component inside it: the model is an interface compiled on its own, so the node is open on one side. Nothing forces its flow, which is why a structural matching reports an unmatched unknown here. Not a defect in the model""}",/data/mrumoca/eval/results_v3/aixlib/runtime_free.jsonl
aixlib,runtime-v3,AixLib.Controls.OBC.CDL.Integers.Validation.Abs,0,network-boundary-port,low,False,standalone-topology-not-defect-proof,"{""node"": ""abs1 -- ramp1 -- reaToInt -- round1"", ""boundary_connectors"": ""abs1, ramp1, reaToInt, round1"", ""wired_to"": ""nothing"", ""note"": ""this connector belongs to the model itself, not to a component inside it: the model is an interface compiled on its own, so the node is open on one side. Nothing forces its flow, which is why a structural matching reports an unmatched unknown here. Not a defect in the model""}",/data/mrumoca/eval/results_v3/aixlib/runtime_free.jsonl
aixlib,runtime-v3,AixLib.Controls.OBC.CDL.Integers.Validation.Add,0,network-boundary-port,low,False,standalone-topology-not-defect-proof,"{""node"": ""add1 -- ramp1 -- ramp2 -- reaToInt -- reaToInt1 -- round1 -- round2"", ""boundary_connectors"": ""add1, ramp1, ramp2, reaToInt, reaToInt1, round1, round2"", ""wired_to"": ""nothing"", ""note"": ""this connector belongs to the model itself, not to a component inside it: the model is an interface compiled on its own, so the node is open on one side. Nothing forces its flow, which is why a structural matching reports an unmatched unknown here. Not a defect in the model""}",/data/mrumoca/eval/results_v3/aixlib/runtime_free.jsonl
aixlib,runtime-v3,AixLib.Controls.OBC.CDL.Integers.Validation.AddParameter,0,network-boundary-port,low,False,standalone-topology-not-defect-proof,"{""node"": ""addPar -- ramp1 -- reaToInt -- round1"", ""boundary_connectors"": ""addPar, ramp1, reaToInt, round1"", ""wired_to"": ""nothing"", ""note"": ""this connector belongs to the model itself, not to a component inside it: the model is an interface compiled on its own, so the node is open on one side. Nothing forces its flow, which is why a structural matching reports an unmatched unknown here. Not a defect in the model""}",/data/mrumoca/eval/results_v3/aixlib/runtime_free.jsonl
aixlib,runtime-v3,AixLib.Controls.OBC.CDL.Integers.Validation.Greater,0,network-boundary-port,low,False,standalone-topology-not-defect-proof,"{""node"": ""intGre -- ramp1 -- ramp2 -- reaToInt -- reaToInt1 -- round1 -- round2"", ""boundary_connectors"": ""intGre, ramp1, ramp2, reaToInt, reaToInt1, round1, round2"", ""wired_to"": ""nothing"", ""note"": ""this connector belongs to the model itself, not to a component inside it: the model is an interface compiled on its own, so the node is open on one side. Nothing forces its flow, which is why a structural matching reports an unmatched unknown here. Not a defect in the model""}",/data/mrumoca/eval/results_v3/aixlib/runtime_free.jsonl
aixlib,runtime-v3,AixLib.Controls.OBC.CDL.Integers.Validation.GreaterEqualThreshold,0,network-boundary-port,low,False,standalone-topology-not-defect-proof,"{""node"": ""intGreEquThr -- ramp1 -- reaToInt -- round1"", ""boundary_connectors"": ""intGreEquThr, ramp1, reaToInt, round1"", ""wired_to"": ""nothing"", ""note"": ""this connector belongs to the model itself, not to a component inside it: the model is an interface compiled on its own, so the node is open on one side. Nothing forces its flow, which is why a structural matching reports an unmatched unknown here. Not a defect in the model""}",/data/mrumoca/eval/results_v3/aixlib/runtime_free.jsonl
aixlib,runtime-v3,AixLib.Controls.OBC.CDL.Integers.Validation.GreaterThreshold,0,network-boundary-port,low,False,standalone-topology-not-defect-proof,"{""node"": ""intGreThr -- ramp1 -- reaToInt -- round1"", ""boundary_connectors"": ""intGreThr, ramp1, reaToInt, round1"", ""wired_to"": ""nothing"", ""note"": ""this connector belongs to the model itself, not to a component inside it: the model is an interface compiled on its own, so the node is open on one side. Nothing forces its flow, which is why a structural matching reports an unmatched unknown here. Not a defect in the model""}",/data/mrumoca/eval/results_v3/aixlib/runtime_free.jsonl
aixlib,runtime-v3,AixLib.Controls.OBC.CDL.Integers.Validation.LessEqual,0,network-boundary-port,low,False,standalone-topology-not-defect-proof,"{""node"": ""intLesEqu -- ramp1 -- ramp2 -- reaToInt -- reaToInt1 -- round1 -- round2"", ""boundary_connectors"": ""intLesEqu, ramp1, ramp2, reaToInt, reaToInt1, round1, round2"", ""wired_to"": ""nothing"", ""note"": ""this connector belongs to the model itself, not to a component inside it: the model is an interface compiled on its own, so the node is open on one side. Nothing forces its flow, which is why a structural matching reports an unmatched unknown here. Not a defect in the model""}",/data/mrumoca/eval/results_v3/aixlib/runtime_free.jsonl
aixlib,runtime-v3,AixLib.Controls.OBC.CDL.Integers.Validation.LessThreshold,0,network-boundary-port,low,False,standalone-topology-not-defect-proof,"{""node"": ""intLesThr -- ramp1 -- reaToInt -- round1"", ""boundary_connectors"": ""intLesThr, ramp1, reaToInt, round1"", ""wired_to"": ""nothing"", ""note"": ""this connector belongs to the model itself, not to a component inside it: the model is an interface compiled on its own, so the node is open on one side. Nothing forces its flow, which is why a structural matching reports an unmatched unknown here. Not a defect in the model""}",/data/mrumoca/eval/results_v3/aixlib/runtime_free.jsonl
aixlib,runtime-v3,AixLib.Controls.OBC.CDL.Integers.Validation.Min,0,network-boundary-port,low,False,standalone-topology-not-defect-proof,"{""node"": ""min1 -- ramp1 -- ramp2 -- reaToInt -- reaToInt1 -- round1 -- round2"", ""boundary_connectors"": ""min1, ramp1, ramp2, reaToInt, reaToInt1, round1, round2"", ""wired_to"": ""nothing"", ""note"": ""this connector belongs to the model itself, not to a component inside it: the model is an interface compiled on its own, so the node is open on one side. Nothing forces its flow, which is why a structural matching reports an unmatched unknown here. Not a defect in the model""}",/data/mrumoca/eval/results_v3/aixlib/runtime_free.jsonl
aixlib,runtime-v3,AixLib.Controls.OBC.CDL.Integers.Validation.LessEqualThreshold,0,network-boundary-port,low,False,standalone-topology-not-defect-proof,"{""node"": ""intLesEquThr -- ramp1 -- reaToInt -- round1"", ""boundary_connectors"": ""intLesEquThr, ramp1, reaToInt, round1"", ""wired_to"": ""nothing"", ""note"": ""this connector belongs to the model itself, not to a component inside it: the model is an interface compiled on its own, so the node is open on one side. Nothing forces its flow, which is why a structural matching reports an unmatched unknown here. Not a defect in the model""}",/data/mrumoca/eval/results_v3/aixlib/runtime_free.jsonl
aixlib,runtime-v3,AixLib.Controls.OBC.CDL.Integers.Validation.Max,0,network-boundary-port,low,False,standalone-topology-not-defect-proof,"{""node"": ""max1 -- ramp1 -- ramp2 -- reaToInt -- reaToInt1 -- round1 -- round2"", ""boundary_connectors"": ""max1, ramp1, ramp2, reaToInt, reaToInt1, round1, round2"", ""wired_to"": ""nothing"", ""note"": ""this connector belongs to the model itself, not to a component inside it: the model is an interface compiled on its own, so the node is open on one side. Nothing forces its flow, which is why a structural matching reports an unmatched unknown here. Not a defect in the model""}",/data/mrumoca/eval/results_v3/aixlib/runtime_free.jsonl
aixlib,runtime-v3,AixLib.Controls.OBC.CDL.Integers.Validation.MultiSum,0,network-boundary-port,low,False,standalone-topology-not-defect-proof,"{""node"": ""add1 -- ramp1 -- ramp2 -- ramp3 -- reaToInt -- reaToInt1 -- reaToInt2 -- round1 -- round2 -- round3"", ""boundary_connectors"": ""add1, ramp1, ramp2, ramp3, reaToInt, reaToInt1, reaToInt2, round1, round2, round3"", ""wired_to"": ""nothing"", ""note"": ""this connector belongs to the model itself, not to a component inside it: the model is an interface compiled on its own, so the node is open on one side. Nothing forces its flow, which is why a structural matching reports an unmatched unknown here. Not a defect in the model""}",/data/mrumoca/eval/results_v3/aixlib/runtime_free.jsonl
aixlib,runtime-v3,AixLib.Controls.OBC.CDL.Integers.Validation.Subtract,0,network-boundary-port,low,False,standalone-topology-not-defect-proof,"{""node"": ""ramp1 -- ramp2 -- reaToInt -- reaToInt1 -- round1 -- round2 -- sub"", ""boundary_connectors"": ""ramp1, ramp2, reaToInt, reaToInt1, round1, round2, sub"", ""wired_to"": ""nothing"", ""note"": ""this connector belongs to the model itself, not to a component inside it: the model is an interface compiled on its own, so the node is open on one side. Nothing forces its flow, which is why a structural matching reports an unmatched unknown here. Not a defect in the model""}",/data/mrumoca/eval/results_v3/aixlib/runtime_free.jsonl
aixlib,runtime-v3,AixLib.Controls.OBC.CDL.Logical.Sources.Validation.SampleTriggerNegativeStartTime,0,network-boundary-port,low,False,standalone-topology-not-defect-proof,"{""node"": ""ramp -- samTri -- samTri1 -- triggeredSampler -- triggeredSampler1"", ""boundary_connectors"": ""ramp, samTri, samTri1, triggeredSampler, triggeredSampler1"", ""wired_to"": ""nothing"", ""note"": ""this connector belongs to the model itself, not to a component inside it: the model is an interface compiled on its own, so the node is open on one side. Nothing forces its flow, which is why a structural matching reports an unmatched unknown here. Not a defect in the model""}",/data/mrumoca/eval/results_v3/aixlib/runtime_free.jsonl
aixlib,runtime-v3,AixLib.Controls.OBC.CDL.Logical.Sources.Validation.SampleTrigger,0,network-boundary-port,low,False,standalone-topology-not-defect-proof,"{""node"": ""ramp -- samTri -- samTri1 -- triggeredSampler -- triggeredSampler1"", ""boundary_connectors"": ""ramp, samTri, samTri1, triggeredSampler, triggeredSampler1"", ""wired_to"": ""nothing"", ""note"": ""this connector belongs to the model itself, not to a component inside it: the model is an interface compiled on its own, so the node is open on one side. Nothing forces its flow, which is why a structural matching reports an unmatched unknown here. Not a defect in the model""}",/data/mrumoca/eval/results_v3/aixlib/runtime_free.jsonl
aixlib,runtime-v3,AixLib.Controls.OBC.CDL.Logical.VariablePulse.Cycle,0,simulation-failure,high,True,execution-not-completed,"{""failure_kind"": ""non-finite-value"", ""reason"": ""e point(s)... \u001b[31m\u001b[0m simulation failed: non-finite (NaN) value computed for `t_sta` @ Span \u001b[31m\u2502\u001b[0m { source: SourceId(10915271677108486728), start: BytePos(3868), end: \u001b[31m\u2502\u001b[0m BytePos(3878) }"", ""raw"": ""reading /tmp/tmpq5kfteeq/traced.rbc (bitcode v2, cbor) holding 2 free input(s) constant at their start values: go=0, u=0 Simulating AixLib.Controls.OBC.CDL.Logical.VariablePulse.Cycle to t=1 with 6 trace point(s)... \u001b[31m\u001b[0m simulation failed: non-finite (NaN) value computed for `t_sta` @ Span \u001b[31m\u2502\u001b[0m { source: SourceId(10915271677108486728), start: BytePos(3868), end: \u001b[31m\u2502\u001b[0m BytePos(3878)"", ""tool_side"": false}",/data/mrumoca/eval/results_v3/aixlib/runtime_free.jsonl
aixlib,runtime-v3,AixLib.Controls.OBC.CDL.Logical.Sources.Validation.SampleTriggerPositiveStartTime,0,network-boundary-port,low,False,standalone-topology-not-defect-proof,"{""node"": ""ramp -- samTri -- samTri1 -- triggeredSampler -- triggeredSampler1"", ""boundary_connectors"": ""ramp, samTri, samTri1, triggeredSampler, triggeredSampler1"", ""wired_to"": ""nothing"", ""note"": ""this connector belongs to the model itself, not to a component inside it: the model is an interface compiled on its own, so the node is open on one side. Nothing forces its flow, which is why a structural matching reports an unmatched unknown here. Not a defect in the model""}",/data/mrumoca/eval/results_v3/aixlib/runtime_free.jsonl
aixlib,runtime-v3,AixLib.Controls.OBC.CDL.Psychrometrics.DewPoint_TDryBulPhi,0,simulation-failure,high,True,execution-not-completed,"{""failure_kind"": ""non-finite-value"", ""reason"": ""trace point(s)... \u001b[31m\u001b[0m simulation failed: non-finite (NaN) value computed for `p_w` @ Span \u001b[31m\u2502\u001b[0m { source: SourceId(13243623120708593403), start: BytePos(851), end: \u001b[31m\u2502\u001b[0m BytePos(859) }"", ""raw"": ""reading /tmp/tmpaejn5t80/traced.rbc (bitcode v2, cbor) holding 2 free input(s) constant at their start values: TDryBul=0, phi=0 Simulating AixLib.Controls.OBC.CDL.Psychrometrics.DewPoint_TDryBulPhi to t=1 with 5 trace point(s)... \u001b[31m\u001b[0m simulation failed: non-finite (NaN) value computed for `p_w` @ Span \u001b[31m\u2502\u001b[0m { source: SourceId(13243623120708593403), start: BytePos(851), end: \u001b[31m\u2502\u001b[0m By"", ""tool_side"": false}",/data/mrumoca/eval/results_v3/aixlib/runtime_free.jsonl
aixlib,runtime-v3,AixLib.Controls.OBC.CDL.Psychrometrics.SpecificEnthalpy_TDryBulPhi,0,simulation-failure,high,True,execution-not-completed,"{""failure_kind"": ""non-finite-value"", ""reason"": ""race point(s)... \u001b[31m\u001b[0m simulation failed: non-finite (NaN) value computed for `p_w` @ Span \u001b[31m\u2502\u001b[0m { source: SourceId(3422158834262620488), start: BytePos(1129), end: \u001b[31m\u2502\u001b[0m BytePos(1137) }"", ""raw"": ""reading /tmp/tmplafln_zh/traced.rbc (bitcode v2, cbor) holding 2 free input(s) constant at their start values: TDryBul=0, phi=0 Simulating AixLib.Controls.OBC.CDL.Psychrometrics.SpecificEnthalpy_TDryBulPhi to t=1 with 6 trace point(s)... \u001b[31m\u001b[0m simulation failed: non-finite (NaN) value computed for `p_w` @ Span \u001b[31m\u2502\u001b[0m { source: SourceId(3422158834262620488), start: BytePos(1129), end: \u001b[31m"", ""tool_side"": false}",/data/mrumoca/eval/results_v3/aixlib/runtime_free.jsonl
aixlib,runtime-v3,AixLib.Controls.OBC.CDL.Psychrometrics.Validation.WetBulb_TDryBulPhi,0,network-boundary-port,low,False,standalone-topology-not-defect-proof,"{""node"": ""TDryBul -- phi -- wetBulPhi"", ""boundary_connectors"": ""TDryBul, phi, wetBulPhi"", ""wired_to"": ""nothing"", ""note"": ""this connector belongs to the model itself, not to a component inside it: the model is an interface compiled on its own, so the node is open on one side. Nothing forces its flow, which is why a structural matching reports an unmatched unknown here. Not a defect in the model""}",/data/mrumoca/eval/results_v3/aixlib/runtime_free.jsonl
aixlib,runtime-v3,AixLib.Controls.OBC.CDL.Psychrometrics.Validation.WetBulb_TDryBulPhi,1,network-boundary-port,low,False,standalone-topology-not-defect-proof,"{""node"": ""TDryBul1 -- phi2 -- wetBulPhi1"", ""boundary_connectors"": ""TDryBul1, phi2, wetBulPhi1"", ""wired_to"": ""nothing"", ""note"": ""this connector belongs to the model itself, not to a component inside it: the model is an interface compiled on its own, so the node is open on one side. Nothing forces its flow, which is why a structural matching reports an unmatched unknown here. Not a defect in the model""}",/data/mrumoca/eval/results_v3/aixlib/runtime_free.jsonl
aixlib,runtime-v3,AixLib.Controls.OBC.CDL.Psychrometrics.Validation.DewPoint_TDryBulPhi,0,network-boundary-port,low,False,standalone-topology-not-defect-proof,"{""node"": ""TDryBul -- dewBulPhi -- phi"", ""boundary_connectors"": ""TDryBul, dewBulPhi, phi"", ""wired_to"": ""nothing"", ""note"": ""this connector belongs to the model itself, not to a component inside it: the model is an interface compiled on its own, so the node is open on one side. Nothing forces its flow, which is why a structural matching reports an unmatched unknown here. Not a defect in the model""}",/data/mrumoca/eval/results_v3/aixlib/runtime_free.jsonl
aixlib,runtime-v3,AixLib.Controls.OBC.CDL.Psychrometrics.Validation.DewPoint_TDryBulPhi,1,network-boundary-port,low,False,standalone-topology-not-defect-proof,"{""node"": ""TDryBul2 -- dewBulPhi1 -- phi2"", ""boundary_connectors"": ""TDryBul2, dewBulPhi1, phi2"", ""wired_to"": ""nothing"", ""note"": ""this connector belongs to the model itself, not to a component inside it: the model is an interface compiled on its own, so the node is open on one side. Nothing forces its flow, which is why a structural matching reports an unmatched unknown here. Not a defect in the model""}",/data/mrumoca/eval/results_v3/aixlib/runtime_free.jsonl
aixlib,runtime-v3,AixLib.Controls.OBC.CDL.Psychrometrics.Validation.DewPoint_TDryBulPhi,2,above-max,medium,False,source-validation-input-range-review,"{""variable"": ""dewBulPhi.phi"", ""bound"": ""max"", ""limit"": 1, ""value"": 1.001, ""excess"": 0.0009999999999998899, ""anchor_quality"": ""canonical""}",/data/mrumoca/eval/results_v3/aixlib/runtime_free.jsonl
aixlib,runtime-v3,AixLib.Controls.OBC.CDL.Psychrometrics.Validation.SpecificEnthalpy_TDryBulPhi,0,network-boundary-port,low,False,standalone-topology-not-defect-proof,"{""node"": ""TDryBul -- hBulPhi -- phi"", ""boundary_connectors"": ""TDryBul, hBulPhi, phi"", ""wired_to"": ""nothing"", ""note"": ""this connector belongs to the model itself, not to a component inside it: the model is an interface compiled on its own, so the node is open on one side. Nothing forces its flow, which is why a structural matching reports an unmatched unknown here. Not a defect in the model""}",/data/mrumoca/eval/results_v3/aixlib/runtime_free.jsonl
aixlib,runtime-v3,AixLib.Controls.OBC.CDL.Psychrometrics.Validation.SpecificEnthalpy_TDryBulPhi,1,above-max,medium,False,source-validation-input-range-review,"{""variable"": ""hBulPhi.phi"", ""bound"": ""max"", ""limit"": 1, ""value"": 1.001, ""excess"": 0.0009999999999998899, ""anchor_quality"": ""canonical""}",/data/mrumoca/eval/results_v3/aixlib/runtime_free.jsonl
aixlib,runtime-v3,AixLib.Controls.OBC.CDL.Psychrometrics.WetBulb_TDryBulPhi,0,below-min,medium,True,hold-input-contract-validation,"{""variable"": ""TDryBul"", ""bound"": ""min"", ""limit"": 100, ""value"": 0.0, ""excess"": 100.0, ""anchor_quality"": ""canonical""}",/data/mrumoca/eval/results_v3/aixlib/runtime_free.jsonl
aixlib,runtime-v3,AixLib.Controls.OBC.CDL.Reals.Divide,0,simulation-failure,high,True,execution-not-completed,"{""failure_kind"": ""non-finite-value"", ""reason"": ""to t=1 with 3 trace point(s)... \u001b[31m\u001b[0m simulation failed: non-finite (NaN) value computed for `y` @ Span { source: \u001b[31m\u2502\u001b[0m SourceId(8269952011015012356), start: BytePos(397), end: BytePos(444) }"", ""raw"": ""reading /tmp/tmpfpw9ud8k/traced.rbc (bitcode v2, cbor) holding 2 free input(s) constant at their start values: u1=0, u2=0 Simulating AixLib.Controls.OBC.CDL.Reals.Divide to t=1 with 3 trace point(s)... \u001b[31m\u001b[0m simulation failed: non-finite (NaN) value computed for `y` @ Span { source: \u001b[31m\u2502\u001b[0m SourceId(8269952011015012356), start: BytePos(397), end: BytePos(444) }"", ""tool_side"": false}",/data/mrumoca/eval/results_v3/aixlib/runtime_free.jsonl
aixlib,runtime-v3,AixLib.Controls.OBC.CDL.Reals.Greater,0,network-boundary-port,low,True,hold-input-contract-validation,"{""node"": ""greNoHys -- u1 -- u2 -- y"", ""boundary_connectors"": ""greNoHys, u1, u2, y"", ""wired_to"": ""nothing"", ""note"": ""this connector belongs to the model itself, not to a component inside it: the model is an interface compiled on its own, so the node is open on one side. Nothing forces its flow, which is why a structural matching reports an unmatched unknown here. Not a defect in the model""}",/data/mrumoca/eval/results_v3/aixlib/runtime_free.jsonl
aixlib,runtime-v3,AixLib.Controls.OBC.CDL.Reals.Hysteresis,0,simulation-failure,high,True,execution-not-completed,"{""failure_kind"": ""unknown"", ""reason"": ""ntrols.OBC.CDL.Reals.Hysteresis to t=1 with 2 trace point(s)... \u001b[31m\u001b[0m simulation failed: Modelica assert failed at t=0.000000000: Hysteresis \u001b[31m\u2502\u001b[0m limits wrong. uHigh must be larger than uLow"", ""raw"": ""reading /tmp/tmpo37ykghf/traced.rbc (bitcode v2, cbor) holding 1 free input(s) constant at their start values: u=0 Simulating AixLib.Controls.OBC.CDL.Reals.Hysteresis to t=1 with 2 trace point(s)... \u001b[31m\u001b[0m simulation failed: Modelica assert failed at t=0.000000000: Hysteresis \u001b[31m\u2502\u001b[0m limits wrong. uHigh must be larger than uLow"", ""tool_side"": false}",/data/mrumoca/eval/results_v3/aixlib/runtime_free.jsonl
aixlib,runtime-v3,AixLib.Controls.OBC.CDL.Reals.GreaterThreshold,0,network-boundary-port,low,True,hold-input-contract-validation,"{""node"": ""greNoHys -- u -- y"", ""boundary_connectors"": ""greNoHys, u, y"", ""wired_to"": ""nothing"", ""note"": ""this connector belongs to the model itself, not to a component inside it: the model is an interface compiled on its own, so the node is open on one side. Nothing forces its flow, which is why a structural matching reports an unmatched unknown here. Not a defect in the model""}",/data/mrumoca/eval/results_v3/aixlib/runtime_free.jsonl
aixlib,runtime-v3,AixLib.Controls.OBC.CDL.Reals.Less,0,network-boundary-port,low,True,hold-input-contract-validation,"{""node"": ""lesNoHys -- u1 -- u2 -- y"", ""boundary_connectors"": ""lesNoHys, u1, u2, y"", ""wired_to"": ""nothing"", ""note"": ""this connector belongs to the model itself, not to a component inside it: the model is an interface compiled on its own, so the node is open on one side. Nothing forces its flow, which is why a structural matching reports an unmatched unknown here. Not a defect in the model""}",/data/mrumoca/eval/results_v3/aixlib/runtime_free.jsonl
aixlib,runtime-v3,AixLib.Controls.OBC.CDL.Reals.Line,0,simulation-failure,high,True,execution-not-completed,"{""failure_kind"": ""non-finite-value"", ""reason"": "" t=1 with 9 trace point(s)... \u001b[31m\u001b[0m simulation failed: non-finite (NaN) value computed for `b` @ Span { source: \u001b[31m\u2502\u001b[0m SourceId(8466736702463269509), start: BytePos(1425), end: BytePos(1431) }"", ""raw"": ""reading /tmp/tmp3vllz9c4/traced.rbc (bitcode v2, cbor) holding 5 free input(s) constant at their start values: x1=0, f1=0, x2=0, f2=0, u=0 Simulating AixLib.Controls.OBC.CDL.Reals.Line to t=1 with 9 trace point(s)... \u001b[31m\u001b[0m simulation failed: non-finite (NaN) value computed for `b` @ Span { source: \u001b[31m\u2502\u001b[0m SourceId(8466736702463269509), start: BytePos(1425), end: BytePos(1431) }"", ""tool_side"": false}",/data/mrumoca/eval/results_v3/aixlib/runtime_free.jsonl
aixlib,runtime-v3,AixLib.Controls.OBC.CDL.Reals.LimitSlewRate,0,simulation-failure,high,True,execution-not-completed,"{""failure_kind"": ""non-finite-value"", ""reason"": ""simulation failed: solve-IR evaluation failed: non-finite (NaN) value \u001b[31m\u2502\u001b[0m computed for `thr` @ Span { source: SourceId(12431880092535800083), start: \u001b[31m\u2502\u001b[0m BytePos(936), end: BytePos(944) }"", ""raw"": ""reading /tmp/tmp_jjjoc1p/traced.rbc (bitcode v2, cbor) holding 1 free input(s) constant at their start values: u=0 Simulating AixLib.Controls.OBC.CDL.Reals.LimitSlewRate to t=1 with 3 trace point(s)... \u001b[31m\u001b[0m simulation failed: solve-IR evaluation failed: non-finite (NaN) value \u001b[31m\u2502\u001b[0m computed for `thr` @ Span { source: SourceId(12431880092535800083), start: \u001b[31m\u2502\u001b[0m BytePos(936), end: By"", ""tool_side"": false}",/data/mrumoca/eval/results_v3/aixlib/runtime_free.jsonl
aixlib,runtime-v3,AixLib.Controls.OBC.CDL.Reals.LessThreshold,0,network-boundary-port,low,True,hold-input-contract-validation,"{""node"": ""lesNoHys -- u -- y"", ""boundary_connectors"": ""lesNoHys, u, y"", ""wired_to"": ""nothing"", ""note"": ""this connector belongs to the model itself, not to a component inside it: the model is an interface compiled on its own, so the node is open on one side. Nothing forces its flow, which is why a structural matching reports an unmatched unknown here. Not a defect in the model""}",/data/mrumoca/eval/results_v3/aixlib/runtime_free.jsonl
aixlib,runtime-v3,AixLib.Controls.OBC.CDL.Reals.Log10,0,simulation-failure,high,True,execution-not-completed,"{""failure_kind"": ""non-finite-value"", ""reason"": ""to t=1 with 2 trace point(s)... \u001b[31m\u001b[0m simulation failed: non-finite (inf) value computed for `y` @ Span { source: \u001b[31m\u2502\u001b[0m SourceId(2733882171602848652), start: BytePos(277), end: BytePos(324) }"", ""raw"": ""reading /tmp/tmp8x6d1jaf/traced.rbc (bitcode v2, cbor) holding 1 free input(s) constant at their start values: u=0 Simulating AixLib.Controls.OBC.CDL.Reals.Log10 to t=1 with 2 trace point(s)... \u001b[31m\u001b[0m simulation failed: non-finite (inf) value computed for `y` @ Span { source: \u001b[31m\u2502\u001b[0m SourceId(2733882171602848652), start: BytePos(277), end: BytePos(324) }"", ""tool_side"": false}",/data/mrumoca/eval/results_v3/aixlib/runtime_free.jsonl
aixlib,runtime-v3,AixLib.Controls.OBC.CDL.Reals.Log,0,simulation-failure,high,True,execution-not-completed,"{""failure_kind"": ""non-finite-value"", ""reason"": ""o t=1 with 2 trace point(s)... \u001b[31m\u001b[0m simulation failed: non-finite (inf) value computed for `y` @ Span { source: \u001b[31m\u2502\u001b[0m SourceId(15002634706222210979), start: BytePos(283), end: BytePos(330) }"", ""raw"": ""reading /tmp/tmp93uffq44/traced.rbc (bitcode v2, cbor) holding 1 free input(s) constant at their start values: u=0 Simulating AixLib.Controls.OBC.CDL.Reals.Log to t=1 with 2 trace point(s)... \u001b[31m\u001b[0m simulation failed: non-finite (inf) value computed for `y` @ Span { source: \u001b[31m\u2502\u001b[0m SourceId(15002634706222210979), start: BytePos(283), end: BytePos(330) }"", ""tool_side"": false}",/data/mrumoca/eval/results_v3/aixlib/runtime_free.jsonl
aixlib,runtime-v3,AixLib.Controls.OBC.CDL.Reals.MultiMin,0,simulation-failure,high,False,execution-not-completed,"{""failure_kind"": ""unknown"", ""reason"": ""n failed: DAE system is not computable: continuous algebraic row 0 \u001b[31m\u2502\u001b[0m cannot resolve its derivative reads: DAE system is not computable: minimum \u001b[31m\u2502\u001b[0m and maximum require a nonempty array"", ""raw"": ""reading /tmp/tmpg2tdn8zz/traced.rbc (bitcode v2, cbor) Simulating AixLib.Controls.OBC.CDL.Reals.MultiMin to t=1 with 1 trace point(s)... \u001b[31m\u001b[0m simulation failed: DAE system is not computable: continuous algebraic row 0 \u001b[31m\u2502\u001b[0m cannot resolve its derivative reads: DAE system is not computable: minimum \u001b[31m\u2502\u001b[0m and maximum require a nonempty array"", ""tool_side"": false}",/data/mrumoca/eval/results_v3/aixlib/runtime_free.jsonl
aixlib,runtime-v3,AixLib.Controls.OBC.CDL.Reals.Limiter,0,simulation-failure,high,True,execution-not-completed,"{""failure_kind"": ""unknown"", ""reason"": ""AixLib.Controls.OBC.CDL.Reals.Limiter to t=1 with 2 trace point(s)... \u001b[31m\u001b[0m simulation failed: Modelica assert failed at t=0.000000000: uMin must be \u001b[31m\u2502\u001b[0m smaller than uMax. Check parameters."", ""raw"": ""reading /tmp/tmpxfbc7to2/traced.rbc (bitcode v2, cbor) holding 1 free input(s) constant at their start values: u=0 Simulating AixLib.Controls.OBC.CDL.Reals.Limiter to t=1 with 2 trace point(s)... \u001b[31m\u001b[0m simulation failed: Modelica assert failed at t=0.000000000: uMin must be \u001b[31m\u2502\u001b[0m smaller than uMax. Check parameters."", ""tool_side"": false}",/data/mrumoca/eval/results_v3/aixlib/runtime_free.jsonl
aixlib,runtime-v3,AixLib.Controls.OBC.CDL.Reals.MultiMax,0,simulation-failure,high,False,execution-not-completed,"{""failure_kind"": ""unknown"", ""reason"": ""n failed: DAE system is not computable: continuous algebraic row 0 \u001b[31m\u2502\u001b[0m cannot resolve its derivative reads: DAE system is not computable: minimum \u001b[31m\u2502\u001b[0m and maximum require a nonempty array"", ""raw"": ""reading /tmp/tmp9ugcwd0r/traced.rbc (bitcode v2, cbor) Simulating AixLib.Controls.OBC.CDL.Reals.MultiMax to t=1 with 1 trace point(s)... \u001b[31m\u001b[0m simulation failed: DAE system is not computable: continuous algebraic row 0 \u001b[31m\u2502\u001b[0m cannot resolve its derivative reads: DAE system is not computable: minimum \u001b[31m\u2502\u001b[0m and maximum require a nonempty array"", ""tool_side"": false}",/data/mrumoca/eval/results_v3/aixlib/runtime_free.jsonl
aixlib,runtime-v3,AixLib.Controls.OBC.CDL.Reals.Ramp,0,simulation-failure,high,True,execution-not-completed,"{""failure_kind"": ""non-finite-value"", ""reason"": ""mulation failed: solve-IR evaluation failed: non-finite (NaN) value \u001b[31m\u2502\u001b[0m computed for `thr` @ Span { source: SourceId(13858840761988644307), start: \u001b[31m\u2502\u001b[0m BytePos(1123), end: BytePos(1131) }"", ""raw"": ""reading /tmp/tmpe384f22q/traced.rbc (bitcode v2, cbor) holding 2 free input(s) constant at their start values: u=0, active=0 Simulating AixLib.Controls.OBC.CDL.Reals.Ramp to t=1 with 5 trace point(s)... \u001b[31m\u001b[0m simulation failed: solve-IR evaluation failed: non-finite (NaN) value \u001b[31m\u2502\u001b[0m computed for `thr` @ Span { source: SourceId(13858840761988644307), start: \u001b[31m\u2502\u001b[0m BytePos(1123), end: "", ""tool_side"": false}",/data/mrumoca/eval/results_v3/aixlib/runtime_free.jsonl
aixlib,runtime-v3,AixLib.Controls.OBC.CDL.Reals.Validation.Abs,0,network-boundary-port,low,False,standalone-topology-not-defect-proof,"{""node"": ""abs1 -- ramp"", ""boundary_connectors"": ""abs1, ramp"", ""wired_to"": ""nothing"", ""note"": ""this connector belongs to the model itself, not to a component inside it: the model is an interface compiled on its own, so the node is open on one side. Nothing forces its flow, which is why a structural matching reports an unmatched unknown here. Not a defect in the model""}",/data/mrumoca/eval/results_v3/aixlib/runtime_free.jsonl
aixlib,runtime-v3,AixLib.Controls.OBC.CDL.Reals.Validation.AddParameter,0,network-boundary-port,low,False,standalone-topology-not-defect-proof,"{""node"": ""addPar -- ramp1"", ""boundary_connectors"": ""addPar, ramp1"", ""wired_to"": ""nothing"", ""note"": ""this connector belongs to the model itself, not to a component inside it: the model is an interface compiled on its own, so the node is open on one side. Nothing forces its flow, which is why a structural matching reports an unmatched unknown here. Not a defect in the model""}",/data/mrumoca/eval/results_v3/aixlib/runtime_free.jsonl
aixlib,runtime-v3,AixLib.Controls.OBC.CDL.Reals.Validation.Add,0,network-boundary-port,low,False,standalone-topology-not-defect-proof,"{""node"": ""add1 -- ramp1 -- ramp2"", ""boundary_connectors"": ""add1, ramp1, ramp2"", ""wired_to"": ""nothing"", ""note"": ""this connector belongs to the model itself, not to a component inside it: the model is an interface compiled on its own, so the node is open on one side. Nothing forces its flow, which is why a structural matching reports an unmatched unknown here. Not a defect in the model""}",/data/mrumoca/eval/results_v3/aixlib/runtime_free.jsonl
aixlib,runtime-v3,AixLib.Controls.OBC.CDL.Reals.Validation.Acos,0,network-boundary-port,low,False,standalone-topology-not-defect-proof,"{""node"": ""arcCos -- ramp1"", ""boundary_connectors"": ""arcCos, ramp1"", ""wired_to"": ""nothing"", ""note"": ""this connector belongs to the model itself, not to a component inside it: the model is an interface compiled on its own, so the node is open on one side. Nothing forces its flow, which is why a structural matching reports an unmatched unknown here. Not a defect in the model""}",/data/mrumoca/eval/results_v3/aixlib/runtime_free.jsonl
aixlib,runtime-v3,AixLib.Controls.OBC.CDL.Reals.Validation.Atan,0,network-boundary-port,low,False,standalone-topology-not-defect-proof,"{""node"": ""atan1 -- ramp1"", ""boundary_connectors"": ""atan1, ramp1"", ""wired_to"": ""nothing"", ""note"": ""this connector belongs to the model itself, not to a component inside it: the model is an interface compiled on its own, so the node is open on one side. Nothing forces its flow, which is why a structural matching reports an unmatched unknown here. Not a defect in the model""}",/data/mrumoca/eval/results_v3/aixlib/runtime_free.jsonl
aixlib,runtime-v3,AixLib.Controls.OBC.CDL.Reals.Validation.Asin,0,network-boundary-port,low,False,standalone-topology-not-defect-proof,"{""node"": ""arcSin -- ramp1"", ""boundary_connectors"": ""arcSin, ramp1"", ""wired_to"": ""nothing"", ""note"": ""this connector belongs to the model itself, not to a component inside it: the model is an interface compiled on its own, so the node is open on one side. Nothing forces its flow, which is why a structural matching reports an unmatched unknown here. Not a defect in the model""}",/data/mrumoca/eval/results_v3/aixlib/runtime_free.jsonl
aixlib,runtime-v3,AixLib.Controls.OBC.CDL.Reals.Validation.Atan2,0,network-boundary-port,low,False,standalone-topology-not-defect-proof,"{""node"": ""atan2_1 -- ramp1 -- ramp2"", ""boundary_connectors"": ""atan2_1, ramp1, ramp2"", ""wired_to"": ""nothing"", ""note"": ""this connector belongs to the model itself, not to a component inside it: the model is an interface compiled on its own, so the node is open on one side. Nothing forces its flow, which is why a structural matching reports an unmatched unknown here. Not a defect in the model""}",/data/mrumoca/eval/results_v3/aixlib/runtime_free.jsonl
aixlib,runtime-v3,AixLib.Controls.OBC.CDL.Reals.Validation.Average,0,network-boundary-port,low,False,standalone-topology-not-defect-proof,"{""node"": ""avg1 -- ramp1 -- ramp2"", ""boundary_connectors"": ""avg1, ramp1, ramp2"", ""wired_to"": ""nothing"", ""note"": ""this connector belongs to the model itself, not to a component inside it: the model is an interface compiled on its own, so the node is open on one side. Nothing forces its flow, which is why a structural matching reports an unmatched unknown here. Not a defect in the model""}",/data/mrumoca/eval/results_v3/aixlib/runtime_free.jsonl
aixlib,runtime-v3,AixLib.Controls.OBC.CDL.Reals.Validation.Cos,0,network-boundary-port,low,False,standalone-topology-not-defect-proof,"{""node"": ""cos1 -- ramp1"", ""boundary_connectors"": ""cos1, ramp1"", ""wired_to"": ""nothing"", ""note"": ""this connector belongs to the model itself, not to a component inside it: the model is an interface compiled on its own, so the node is open on one side. Nothing forces its flow, which is why a structural matching reports an unmatched unknown here. Not a defect in the model""}",/data/mrumoca/eval/results_v3/aixlib/runtime_free.jsonl
aixlib,runtime-v3,AixLib.Controls.OBC.CDL.Reals.Validation.Exp,0,network-boundary-port,low,False,standalone-topology-not-defect-proof,"{""node"": ""Exp1 -- ramp1"", ""boundary_connectors"": ""Exp1, ramp1"", ""wired_to"": ""nothing"", ""note"": ""this connector belongs to the model itself, not to a component inside it: the model is an interface compiled on its own, so the node is open on one side. Nothing forces its flow, which is why a structural matching reports an unmatched unknown here. Not a defect in the model""}",/data/mrumoca/eval/results_v3/aixlib/runtime_free.jsonl
aixlib,runtime-v3,AixLib.Controls.OBC.CDL.Reals.Validation.Divide,0,network-boundary-port,low,False,standalone-topology-not-defect-proof,"{""node"": ""div1 -- ramp1 -- ramp2"", ""boundary_connectors"": ""div1, ramp1, ramp2"", ""wired_to"": ""nothing"", ""note"": ""this connector belongs to the model itself, not to a component inside it: the model is an interface compiled on its own, so the node is open on one side. Nothing forces its flow, which is why a structural matching reports an unmatched unknown here. Not a defect in the model""}",/data/mrumoca/eval/results_v3/aixlib/runtime_free.jsonl
aixlib,runtime-v3,AixLib.Controls.OBC.CDL.Reals.Validation.Greater,0,network-boundary-port,low,False,standalone-topology-not-defect-proof,"{""node"": ""gre -- gre.greNoHys -- greHys -- greHys.greHys -- ram1 -- sin"", ""boundary_connectors"": ""gre, greHys, ram1, sin"", ""wired_to"": ""gre.greNoHys, greHys.greHys"", ""note"": ""this connector belongs to the model itself, not to a component inside it: the model is an interface compiled on its own, so the node is open on one side. Nothing forces its flow, which is why a structural matching reports an unmatched unknown here. Not a defect in the model""}",/data/mrumoca/eval/results_v3/aixlib/runtime_free.jsonl
aixlib,runtime-v3,AixLib.Controls.OBC.CDL.Reals.Validation.GreaterThreshold,0,network-boundary-port,low,False,standalone-topology-not-defect-proof,"{""node"": ""gre -- gre.greNoHys -- greHys -- greHys.greHys -- sin"", ""boundary_connectors"": ""gre, greHys, sin"", ""wired_to"": ""gre.greNoHys, greHys.greHys"", ""note"": ""this connector belongs to the model itself, not to a component inside it: the model is an interface compiled on its own, so the node is open on one side. Nothing forces its flow, which is why a structural matching reports an unmatched unknown here. Not a defect in the model""}",/data/mrumoca/eval/results_v3/aixlib/runtime_free.jsonl
aixlib,runtime-v3,AixLib.Controls.OBC.CDL.Reals.Validation.Derivative,0,network-boundary-port,low,False,standalone-topology-not-defect-proof,"{""node"": ""T -- abs -- assMes -- booSig -- con -- con2 -- cos -- der1 -- der2 -- gai -- intWitRes -- lesThr -- lesThr.lesHys -- modTim -- ram -- sub"", ""boundary_connectors"": ""T, abs, assMes, booSig, con, con2, cos, der1, der2, gai, intWitRes, lesThr, modTim, ram, sub"", ""wired_to"": ""lesThr.lesHys"", ""note"": ""this connector belongs to the model itself, not to a component inside it: the model is an interface compiled on its own, so the node is open on one side. Nothing forces its flow, which is why a structural matching reports an unmatched unknown here. Not a defect in the model""}",/data/mrumoca/eval/results_v3/aixlib/runtime_free.jsonl
aixlib,runtime-v3,AixLib.Controls.OBC.CDL.Reals.Validation.LessThreshold,0,network-boundary-port,low,False,standalone-topology-not-defect-proof,"{""node"": ""les -- les.lesNoHys -- lesHys -- lesHys.lesHys -- sin"", ""boundary_connectors"": ""les, lesHys, sin"", ""wired_to"": ""les.lesNoHys, lesHys.lesHys"", ""note"": ""this connector belongs to the model itself, not to a component inside it: the model is an interface compiled on its own, so the node is open on one side. Nothing forces its flow, which is why a structural matching reports an unmatched unknown here. Not a defect in the model""}",/data/mrumoca/eval/results_v3/aixlib/runtime_free.jsonl
aixlib,runtime-v3,AixLib.Controls.OBC.CDL.Reals.Validation.Hysteresis,0,network-boundary-port,low,False,standalone-topology-not-defect-proof,"{""node"": ""gain1 -- hysteresis -- ramp1 -- sin1"", ""boundary_connectors"": ""gain1, hysteresis, ramp1, sin1"", ""wired_to"": ""nothing"", ""note"": ""this connector belongs to the model itself, not to a component inside it: the model is an interface compiled on its own, so the node is open on one side. Nothing forces its flow, which is why a structural matching reports an unmatched unknown here. Not a defect in the model""}",/data/mrumoca/eval/results_v3/aixlib/runtime_free.jsonl
aixlib,runtime-v3,AixLib.Controls.OBC.CDL.Reals.Validation.Hysteresis,1,network-boundary-port,low,False,standalone-topology-not-defect-proof,"{""node"": ""hysteresis1 -- sin"", ""boundary_connectors"": ""hysteresis1, sin"", ""wired_to"": ""nothing"", ""note"": ""this connector belongs to the model itself, not to a component inside it: the model is an interface compiled on its own, so the node is open on one side. Nothing forces its flow, which is why a structural matching reports an unmatched unknown here. Not a defect in the model""}",/data/mrumoca/eval/results_v3/aixlib/runtime_free.jsonl
aixlib,runtime-v3,AixLib.Controls.OBC.CDL.Reals.Validation.Hysteresis,2,network-boundary-port,low,False,standalone-topology-not-defect-proof,"{""node"": ""hysteresis2 -- sin2"", ""boundary_connectors"": ""hysteresis2, sin2"", ""wired_to"": ""nothing"", ""note"": ""this connector belongs to the model itself, not to a component inside it: the model is an interface compiled on its own, so the node is open on one side. Nothing forces its flow, which is why a structural matching reports an unmatched unknown here. Not a defect in the model""}",/data/mrumoca/eval/results_v3/aixlib/runtime_free.jsonl
aixlib,runtime-v3,AixLib.Controls.OBC.CDL.Reals.Validation.Limiter,0,network-boundary-port,low,False,standalone-topology-not-defect-proof,"{""node"": ""limiter1 -- ramp1"", ""boundary_connectors"": ""limiter1, ramp1"", ""wired_to"": ""nothing"", ""note"": ""this connector belongs to the model itself, not to a component inside it: the model is an interface compiled on its own, so the node is open on one side. Nothing forces its flow, which is why a structural matching reports an unmatched unknown here. Not a defect in the model""}",/data/mrumoca/eval/results_v3/aixlib/runtime_free.jsonl
aixlib,runtime-v3,AixLib.Controls.OBC.CDL.Reals.Validation.Less,0,network-boundary-port,low,False,standalone-topology-not-defect-proof,"{""node"": ""les -- les.lesNoHys -- lesHys -- lesHys.lesHys -- ram1 -- sin"", ""boundary_connectors"": ""les, lesHys, ram1, sin"", ""wired_to"": ""les.lesNoHys, lesHys.lesHys"", ""note"": ""this connector belongs to the model itself, not to a component inside it: the model is an interface compiled on its own, so the node is open on one side. Nothing forces its flow, which is why a structural matching reports an unmatched unknown here. Not a defect in the model""}",/data/mrumoca/eval/results_v3/aixlib/runtime_free.jsonl
aixlib,runtime-v3,AixLib.Controls.OBC.CDL.Reals.Validation.LimitSlewRate,0,network-boundary-port,low,False,standalone-topology-not-defect-proof,"{""node"": ""add -- add1 -- add2 -- add3 -- add4 -- add5 -- add6 -- ramp1 -- ramp2 -- ramp3 -- ramp4 -- ramp5 -- ramp6 -- ramp7 -- ramp8 -- sleRatLim"", ""boundary_connectors"": ""add, add1, add2, add3, add4, add5, add6, ramp1, ramp2, ramp3, ramp4, ramp5, ramp6, ramp7, ramp8, sleRatLim"", ""wired_to"": ""nothing"", ""note"": ""this connector belongs to the model itself, not to a component inside it: the model is an interface compiled on its own, so the node is open on one side. Nothing forces its flow, which is why a structural matching reports an unmatched unknown here. Not a defect in the model""}",/data/mrumoca/eval/results_v3/aixlib/runtime_free.jsonl
aixlib,runtime-v3,AixLib.Controls.OBC.CDL.Reals.Validation.Line,0,network-boundary-port,low,False,standalone-topology-not-defect-proof,"{""node"": ""f1 -- f2 -- line1 -- line2 -- line3 -- ramp1 -- x1 -- x2"", ""boundary_connectors"": ""f1, f2, line1, line2, line3, ramp1, x1, x2"", ""wired_to"": ""nothing"", ""note"": ""this connector belongs to the model itself, not to a component inside it: the model is an interface compiled on its own, so the node is open on one side. Nothing forces its flow, which is why a structural matching reports an unmatched unknown here. Not a defect in the model""}",/data/mrumoca/eval/results_v3/aixlib/runtime_free.jsonl
aixlib,runtime-v3,AixLib.Controls.OBC.CDL.Reals.Validation.Log,0,network-boundary-port,low,False,standalone-topology-not-defect-proof,"{""node"": ""log1 -- ramp1"", ""boundary_connectors"": ""log1, ramp1"", ""wired_to"": ""nothing"", ""note"": ""this connector belongs to the model itself, not to a component inside it: the model is an interface compiled on its own, so the node is open on one side. Nothing forces its flow, which is why a structural matching reports an unmatched unknown here. Not a defect in the model""}",/data/mrumoca/eval/results_v3/aixlib/runtime_free.jsonl
aixlib,runtime-v3,AixLib.Controls.OBC.CDL.Reals.Validation.Log10,0,network-boundary-port,low,False,standalone-topology-not-defect-proof,"{""node"": ""log10_1 -- ramp1"", ""boundary_connectors"": ""log10_1, ramp1"", ""wired_to"": ""nothing"", ""note"": ""this connector belongs to the model itself, not to a component inside it: the model is an interface compiled on its own, so the node is open on one side. Nothing forces its flow, which is why a structural matching reports an unmatched unknown here. Not a defect in the model""}",/data/mrumoca/eval/results_v3/aixlib/runtime_free.jsonl
aixlib,runtime-v3,AixLib.Controls.OBC.CDL.Reals.Validation.Min,0,network-boundary-port,low,False,standalone-topology-not-defect-proof,"{""node"": ""min1 -- ramp1 -- ramp2"", ""boundary_connectors"": ""min1, ramp1, ramp2"", ""wired_to"": ""nothing"", ""note"": ""this connector belongs to the model itself, not to a component inside it: the model is an interface compiled on its own, so the node is open on one side. Nothing forces its flow, which is why a structural matching reports an unmatched unknown here. Not a defect in the model""}",/data/mrumoca/eval/results_v3/aixlib/runtime_free.jsonl
aixlib,runtime-v3,AixLib.Controls.OBC.CDL.Reals.Validation.MatrixGain,0,network-boundary-port,low,False,standalone-topology-not-defect-proof,"{""node"": ""matGai -- ramp"", ""boundary_connectors"": ""matGai, ramp"", ""wired_to"": ""nothing"", ""note"": ""this connector belongs to the model itself, not to a component inside it: the model is an interface compiled on its own, so the node is open on one side. Nothing forces its flow, which is why a structural matching reports an unmatched unknown here. Not a defect in the model""}",/data/mrumoca/eval/results_v3/aixlib/runtime_free.jsonl
aixlib,runtime-v3,AixLib.Controls.OBC.CDL.Reals.Validation.MatrixGain,1,network-boundary-port,low,False,standalone-topology-not-defect-proof,"{""node"": ""matGai1 -- ramp1 -- ramp2"", ""boundary_connectors"": ""matGai1, ramp1, ramp2"", ""wired_to"": ""nothing"", ""note"": ""this connector belongs to the model itself, not to a component inside it: the model is an interface compiled on its own, so the node is open on one side. Nothing forces its flow, which is why a structural matching reports an unmatched unknown here. Not a defect in the model""}",/data/mrumoca/eval/results_v3/aixlib/runtime_free.jsonl
aixlib,runtime-v3,AixLib.Controls.OBC.CDL.Reals.Validation.MultiMax,0,network-boundary-port,low,False,standalone-topology-not-defect-proof,"{""node"": ""con[1] -- con[2] -- con[3] -- con[4] -- con[5] -- maxVal"", ""boundary_connectors"": ""con[1], con[2], con[3], con[4], con[5], maxVal"", ""wired_to"": ""nothing"", ""note"": ""this connector belongs to the model itself, not to a component inside it: the model is an interface compiled on its own, so the node is open on one side. Nothing forces its flow, which is why a structural matching reports an unmatched unknown here. Not a defect in the model""}",/data/mrumoca/eval/results_v3/aixlib/runtime_free.jsonl
aixlib,runtime-v3,AixLib.Controls.OBC.CDL.Reals.Validation.Max,0,network-boundary-port,low,False,standalone-topology-not-defect-proof,"{""node"": ""max1 -- ramp1 -- ramp2"", ""boundary_connectors"": ""max1, ramp1, ramp2"", ""wired_to"": ""nothing"", ""note"": ""this connector belongs to the model itself, not to a component inside it: the model is an interface compiled on its own, so the node is open on one side. Nothing forces its flow, which is why a structural matching reports an unmatched unknown here. Not a defect in the model""}",/data/mrumoca/eval/results_v3/aixlib/runtime_free.jsonl
aixlib,runtime-v3,AixLib.Controls.OBC.CDL.Reals.Validation.MatrixMin,0,network-boundary-port,low,False,standalone-topology-not-defect-proof,"{""node"": ""con1[1,1] -- con1[1,2] -- con1[1,3] -- con1[2,1] -- con1[2,2] -- con1[2,3] -- matMin1"", ""boundary_connectors"": ""con1[1,1], con1[1,2], con1[1,3], con1[2,1], con1[2,2], con1[2,3], matMin1"", ""wired_to"": ""nothing"", ""note"": ""this connector belongs to the model itself, not to a component inside it: the model is an interface compiled on its own, so the node is open on one side. Nothing forces its flow, which is why a structural matching reports an unmatched unknown here. Not a defect in the model""}",/data/mrumoca/eval/results_v3/aixlib/runtime_free.jsonl
aixlib,runtime-v3,AixLib.Controls.OBC.CDL.Reals.Validation.MatrixMin,1,network-boundary-port,low,False,standalone-topology-not-defect-proof,"{""node"": ""con2[1,1] -- con2[1,2] -- con2[1,3] -- con2[2,1] -- con2[2,2] -- con2[2,3] -- matMin2"", ""boundary_connectors"": ""con2[1,1], con2[1,2], con2[1,3], con2[2,1], con2[2,2], con2[2,3], matMin2"", ""wired_to"": ""nothing"", ""note"": ""this connector belongs to the model itself, not to a component inside it: the model is an interface compiled on its own, so the node is open on one side. Nothing forces its flow, which is why a structural matching reports an unmatched unknown here. Not a defect in the model""}",/data/mrumoca/eval/results_v3/aixlib/runtime_free.jsonl
aixlib,runtime-v3,AixLib.Controls.OBC.CDL.Reals.Validation.MatrixMin,2,network-boundary-port,low,False,standalone-topology-not-defect-proof,"{""node"": ""con[1,1] -- con[1,2] -- con[1,3] -- con[2,1] -- con[2,2] -- con[2,3] -- con[3,1] -- con[3,2] -- con[3,3] -- matMin"", ""boundary_connectors"": ""con[1,1], con[1,2], con[1,3], con[2,1], con[2,2], con[2,3], con[3,1], con[3,2], con[3,3], matMin"", ""wired_to"": ""nothing"", ""note"": ""this connector belongs to the model itself, not to a component inside it: the model is an interface compiled on its own, so the node is open on one side. Nothing forces its flow, which is why a structural matching reports an unmatched unknown here. Not a defect in the model""}",/data/mrumoca/eval/results_v3/aixlib/runtime_free.jsonl
aixlib,runtime-v3,AixLib.Controls.OBC.CDL.Reals.Validation.MatrixMax,0,network-boundary-port,low,False,standalone-topology-not-defect-proof,"{""node"": ""con1[1,1] -- con1[1,2] -- con1[1,3] -- con1[2,1] -- con1[2,2] -- con1[2,3] -- matMax1"", ""boundary_connectors"": ""con1[1,1], con1[1,2], con1[1,3], con1[2,1], con1[2,2], con1[2,3], matMax1"", ""wired_to"": ""nothing"", ""note"": ""this connector belongs to the model itself, not to a component inside it: the model is an interface compiled on its own, so the node is open on one side. Nothing forces its flow, which is why a structural matching reports an unmatched unknown here. Not a defect in the model""}",/data/mrumoca/eval/results_v3/aixlib/runtime_free.jsonl
aixlib,runtime-v3,AixLib.Controls.OBC.CDL.Reals.Validation.MatrixMax,1,network-boundary-port,low,False,standalone-topology-not-defect-proof,"{""node"": ""con2[1,1] -- con2[1,2] -- con2[1,3] -- con2[2,1] -- con2[2,2] -- con2[2,3] -- matMax2"", ""boundary_connectors"": ""con2[1,1], con2[1,2], con2[1,3], con2[2,1], con2[2,2], con2[2,3], matMax2"", ""wired_to"": ""nothing"", ""note"": ""this connector belongs to the model itself, not to a component inside it: the model is an interface compiled on its own, so the node is open on one side. Nothing forces its flow, which is why a structural matching reports an unmatched unknown here. Not a defect in the model""}",/data/mrumoca/eval/results_v3/aixlib/runtime_free.jsonl
aixlib,runtime-v3,AixLib.Controls.OBC.CDL.Reals.Validation.MatrixMax,2,network-boundary-port,low,False,standalone-topology-not-defect-proof,"{""node"": ""con[1,1] -- con[1,2] -- con[1,3] -- con[2,1] -- con[2,2] -- con[2,3] -- con[3,1] -- con[3,2] -- con[3,3] -- matMax"", ""boundary_connectors"": ""con[1,1], con[1,2], con[1,3], con[2,1], con[2,2], con[2,3], con[3,1], con[3,2], con[3,3], matMax"", ""wired_to"": ""nothing"", ""note"": ""this connector belongs to the model itself, not to a component inside it: the model is an interface compiled on its own, so the node is open on one side. Nothing forces its flow, which is why a structural matching reports an unmatched unknown here. Not a defect in the model""}",/data/mrumoca/eval/results_v3/aixlib/runtime_free.jsonl
aixlib,runtime-v3,AixLib.Controls.OBC.CDL.Reals.Validation.MultiplyByParameter,0,network-boundary-port,low,False,standalone-topology-not-defect-proof,"{""node"": ""gain1 -- ramp1"", ""boundary_connectors"": ""gain1, ramp1"", ""wired_to"": ""nothing"", ""note"": ""this connector belongs to the model itself, not to a component inside it: the model is an interface compiled on its own, so the node is open on one side. Nothing forces its flow, which is why a structural matching reports an unmatched unknown here. Not a defect in the model""}",/data/mrumoca/eval/results_v3/aixlib/runtime_free.jsonl
aixlib,runtime-v3,AixLib.Controls.OBC.CDL.Reals.Validation.MultiMin,0,network-boundary-port,low,False,standalone-topology-not-defect-proof,"{""node"": ""con[1] -- con[2] -- con[3] -- con[4] -- con[5] -- minVal"", ""boundary_connectors"": ""con[1], con[2], con[3], con[4], con[5], minVal"", ""wired_to"": ""nothing"", ""note"": ""this connector belongs to the model itself, not to a component inside it: the model is an interface compiled on its own, so the node is open on one side. Nothing forces its flow, which is why a structural matching reports an unmatched unknown here. Not a defect in the model""}",/data/mrumoca/eval/results_v3/aixlib/runtime_free.jsonl
aixlib,runtime-v3,AixLib.Controls.OBC.CDL.Reals.Validation.Multiply,0,network-boundary-port,low,False,standalone-topology-not-defect-proof,"{""node"": ""product1 -- ramp1 -- ramp2"", ""boundary_connectors"": ""product1, ramp1, ramp2"", ""wired_to"": ""nothing"", ""note"": ""this connector belongs to the model itself, not to a component inside it: the model is an interface compiled on its own, so the node is open on one side. Nothing forces its flow, which is why a structural matching reports an unmatched unknown here. Not a defect in the model""}",/data/mrumoca/eval/results_v3/aixlib/runtime_free.jsonl
aixlib,runtime-v3,AixLib.Controls.OBC.CDL.Reals.Validation.MultiSum,0,network-boundary-port,low,False,standalone-topology-not-defect-proof,"{""node"": ""mulSum_1 -- mulSum_2 -- mulSum_3 -- mulSum_5 -- ramp1 -- ramp2 -- ramp3 -- ramp4 -- ramp5"", ""boundary_connectors"": ""mulSum_1, mulSum_2, mulSum_3, mulSum_5, ramp1, ramp2, ramp3, ramp4, ramp5"", ""wired_to"": ""nothing"", ""note"": ""this connector belongs to the model itself, not to a component inside it: the model is an interface compiled on its own, so the node is open on one side. Nothing forces its flow, which is why a structural matching reports an unmatched unknown here. Not a defect in the model""}",/data/mrumoca/eval/results_v3/aixlib/runtime_free.jsonl
aixlib,runtime-v3,AixLib.Controls.OBC.CDL.Reals.Validation.Round,0,network-boundary-port,low,False,standalone-topology-not-defect-proof,"{""node"": ""gai -- gai1 -- ramp1 -- round1 -- round2 -- round3"", ""boundary_connectors"": ""gai, gai1, ramp1, round1, round2, round3"", ""wired_to"": ""nothing"", ""note"": ""this connector belongs to the model itself, not to a component inside it: the model is an interface compiled on its own, so the node is open on one side. Nothing forces its flow, which is why a structural matching reports an unmatched unknown here. Not a defect in the model""}",/data/mrumoca/eval/results_v3/aixlib/runtime_free.jsonl
aixlib,runtime-v3,AixLib.Controls.OBC.CDL.Reals.Validation.Sin,0,network-boundary-port,low,False,standalone-topology-not-defect-proof,"{""node"": ""ramp1 -- sin1"", ""boundary_connectors"": ""ramp1, sin1"", ""wired_to"": ""nothing"", ""note"": ""this connector belongs to the model itself, not to a component inside it: the model is an interface compiled on its own, so the node is open on one side. Nothing forces its flow, which is why a structural matching reports an unmatched unknown here. Not a defect in the model""}",/data/mrumoca/eval/results_v3/aixlib/runtime_free.jsonl
aixlib,runtime-v3,AixLib.Controls.OBC.CDL.Reals.Validation.Sqrt,0,network-boundary-port,low,False,standalone-topology-not-defect-proof,"{""node"": ""ramp1 -- sqrt1"", ""boundary_connectors"": ""ramp1, sqrt1"", ""wired_to"": ""nothing"", ""note"": ""this connector belongs to the model itself, not to a component inside it: the model is an interface compiled on its own, so the node is open on one side. Nothing forces its flow, which is why a structural matching reports an unmatched unknown here. Not a defect in the model""}",/data/mrumoca/eval/results_v3/aixlib/runtime_free.jsonl
aixlib,runtime-v3,AixLib.Controls.OBC.CDL.Reals.Validation.Subtract,0,network-boundary-port,low,False,standalone-topology-not-defect-proof,"{""node"": ""ramp1 -- ramp2 -- sub"", ""boundary_connectors"": ""ramp1, ramp2, sub"", ""wired_to"": ""nothing"", ""note"": ""this connector belongs to the model itself, not to a component inside it: the model is an interface compiled on its own, so the node is open on one side. Nothing forces its flow, which is why a structural matching reports an unmatched unknown here. Not a defect in the model""}",/data/mrumoca/eval/results_v3/aixlib/runtime_free.jsonl
aixlib,runtime-v3,AixLib.Controls.OBC.CDL.Reals.Validation.Tan,0,network-boundary-port,low,False,standalone-topology-not-defect-proof,"{""node"": ""ramp1 -- tan1"", ""boundary_connectors"": ""ramp1, tan1"", ""wired_to"": ""nothing"", ""note"": ""this connector belongs to the model itself, not to a component inside it: the model is an interface compiled on its own, so the node is open on one side. Nothing forces its flow, which is why a structural matching reports an unmatched unknown here. Not a defect in the model""}",/data/mrumoca/eval/results_v3/aixlib/runtime_free.jsonl
aixlib,runtime-v3,AixLib.Controls.OBC.CDL.Utilities.Assert,0,simulation-failure,high,True,execution-not-completed,"{""failure_kind"": ""unknown"", ""reason"": ""lating AixLib.Controls.OBC.CDL.Utilities.Assert to t=1 with 1 trace point(s)... \u001b[31m\u001b[0m simulation failed: unsupported checked DAE semantics: event message String \u001b[31m\u2502\u001b[0m parameter has no binding"", ""raw"": ""reading /tmp/tmp69rpz74r/traced.rbc (bitcode v2, cbor) holding 1 free input(s) constant at their start values: u=0 Simulating AixLib.Controls.OBC.CDL.Utilities.Assert to t=1 with 1 trace point(s)... \u001b[31m\u001b[0m simulation failed: unsupported checked DAE semantics: event message String \u001b[31m\u2502\u001b[0m parameter has no binding"", ""tool_side"": false}",/data/mrumoca/eval/results_v3/aixlib/runtime_free.jsonl
aixlib,runtime-v3,AixLib.Controls.OBC.CDL.Routing.Validation.RealScalarReplicator,0,network-boundary-port,low,False,standalone-topology-not-defect-proof,"{""node"": ""ram -- reaRep"", ""boundary_connectors"": ""ram, reaRep"", ""wired_to"": ""nothing"", ""note"": ""this connector belongs to the model itself, not to a component inside it: the model is an interface compiled on its own, so the node is open on one side. Nothing forces its flow, which is why a structural matching reports an unmatched unknown here. Not a defect in the model""}",/data/mrumoca/eval/results_v3/aixlib/runtime_free.jsonl
aixlib,runtime-v3,AixLib.Controls.OBC.CDL.Routing.Validation.IntegerScalarReplicator,0,network-boundary-port,low,False,standalone-topology-not-defect-proof,"{""node"": ""intRep -- ram -- reaToInt"", ""boundary_connectors"": ""intRep, ram, reaToInt"", ""wired_to"": ""nothing"", ""note"": ""this connector belongs to the model itself, not to a component inside it: the model is an interface compiled on its own, so the node is open on one side. Nothing forces its flow, which is why a structural matching reports an unmatched unknown here. Not a defect in the model""}",/data/mrumoca/eval/results_v3/aixlib/runtime_free.jsonl
aixlib,runtime-v3,AixLib.Controls.OBC.Utilities.OptimalStart,0,network-boundary-port,low,True,hold-input-contract-validation,"{""node"": ""addPar -- falEdg -- hysSta -- hysSta.greHys -- tNexOcc"", ""boundary_connectors"": ""addPar, falEdg, hysSta, tNexOcc"", ""wired_to"": ""hysSta.greHys"", ""note"": ""this connector belongs to the model itself, not to a component inside it: the model is an interface compiled on its own, so the node is open on one side. Nothing forces its flow, which is why a structural matching reports an unmatched unknown here. Not a defect in the model""}",/data/mrumoca/eval/results_v3/aixlib/runtime_free.jsonl
aixlib,runtime-v3,AixLib.Controls.OBC.Utilities.OptimalStart,1,network-boundary-port,low,True,hold-input-contract-validation,"{""node"": ""con -- con3 -- optOn -- or2"", ""boundary_connectors"": ""con, con3, optOn, or2"", ""wired_to"": ""nothing"", ""note"": ""this connector belongs to the model itself, not to a component inside it: the model is an interface compiled on its own, so the node is open on one side. Nothing forces its flow, which is why a structural matching reports an unmatched unknown here. Not a defect in the model""}",/data/mrumoca/eval/results_v3/aixlib/runtime_free.jsonl
aixlib,runtime-v3,AixLib.Controls.OBC.Utilities.OptimalStart,2,network-boundary-port,low,True,hold-input-contract-validation,"{""node"": ""con1 -- con2 -- max -- tOpt"", ""boundary_connectors"": ""con1, con2, max, tOpt"", ""wired_to"": ""nothing"", ""note"": ""this connector belongs to the model itself, not to a component inside it: the model is an interface compiled on its own, so the node is open on one side. Nothing forces its flow, which is why a structural matching reports an unmatched unknown here. Not a defect in the model""}",/data/mrumoca/eval/results_v3/aixlib/runtime_free.jsonl
aixlib,runtime-v3,AixLib.Controls.OBC.Utilities.OptimalStart,3,below-min,medium,True,hold-input-contract-validation,"{""variable"": ""TZon"", ""bound"": ""min"", ""limit"": 200, ""value"": 0.0, ""excess"": 200.0, ""anchor_quality"": ""canonical""}",/data/mrumoca/eval/results_v3/aixlib/runtime_free.jsonl
aixlib,runtime-v3,AixLib.Controls.SetPoints.Examples.SupplyReturnTemperatureReset,0,network-boundary-port,low,False,standalone-topology-not-defect-proof,"{""node"": ""TOut2 -- TRoo -- heaCur1"", ""boundary_connectors"": ""TOut2, TRoo, heaCur1"", ""wired_to"": ""nothing"", ""note"": ""this connector belongs to the model itself, not to a component inside it: the model is an interface compiled on its own, so the node is open on one side. Nothing forces its flow, which is why a structural matching reports an unmatched unknown here. Not a defect in the model""}",/data/mrumoca/eval/results_v3/aixlib/runtime_free.jsonl
aixlib,runtime-v3,AixLib.Controls.SetPoints.Examples.SupplyReturnTemperatureReset,1,network-boundary-port,low,False,standalone-topology-not-defect-proof,"{""node"": ""TOut -- heaCur"", ""boundary_connectors"": ""TOut, heaCur"", ""wired_to"": ""nothing"", ""note"": ""this connector belongs to the model itself, not to a component inside it: the model is an interface compiled on its own, so the node is open on one side. Nothing forces its flow, which is why a structural matching reports an unmatched unknown here. Not a defect in the model""}",/data/mrumoca/eval/results_v3/aixlib/runtime_free.jsonl
aixlib,runtime-v3,AixLib.Controls.SetPoints.SupplyReturnTemperatureReset,0,initialization-failure,high,True,execution-not-completed,"{""failure_kind"": ""unknown"", ""reason"": ""ating AixLib.Controls.SetPoints.SupplyReturnTemperatureReset to t=1 with 6 trace point(s)... \u001b[31m\u001b[0m simulation failed: parameter `TSup_nominal` has neither a binding nor an \u001b[31m\u2502\u001b[0m initial value"", ""raw"": ""reading /tmp/tmphb5axx_g/traced.rbc (bitcode v2, cbor) holding 1 free input(s) constant at their start values: TOut=0 Simulating AixLib.Controls.SetPoints.SupplyReturnTemperatureReset to t=1 with 6 trace point(s)... \u001b[31m\u001b[0m simulation failed: parameter `TSup_nominal` has neither a binding nor an \u001b[31m\u2502\u001b[0m initial value"", ""tool_side"": false}",/data/mrumoca/eval/results_v3/aixlib/runtime_free.jsonl
aixlib,runtime-v3,AixLib.Controls.VentilationController.BaseClasses.DEMA,0,network-boundary-port,low,True,hold-input-contract-validation,"{""node"": ""DEMAcont -- ExpAVG -- ExpAVG1 -- gain -- sampler -- u -- y[1] -- y[2]"", ""boundary_connectors"": ""DEMAcont, ExpAVG, ExpAVG1, gain, sampler, u, y[1], y[2]"", ""wired_to"": ""nothing"", ""note"": ""this connector belongs to the model itself, not to a component inside it: the model is an interface compiled on its own, so the node is open on one side. Nothing forces its flow, which is why a structural matching reports an unmatched unknown here. Not a defect in the model""}",/data/mrumoca/eval/results_v3/aixlib/runtime_free.jsonl
aixlib,runtime-v3,AixLib.Controls.OBC.Utilities.SetPoints.Validation.SupplyReturnTemperatureResetExponent,0,network-boundary-port,low,False,standalone-topology-not-defect-proof,"{""node"": ""TOut -- TRoo -- heaCur -- heaCur.TAve -- heaCur.TFluAve_nominal -- heaCur.TOutOffSet -- heaCur.TOutOffSet_nominal -- heaCur.TOut_nom -- heaCur.TRetCur -- heaCur.TRet_nom -- heaCur.TSupCur -- heaCur.TSup_nom -- heaCur.TZon_nom -- heaCur.dTFlu -- heaCur.dTFlu2_nom -- heaCur.dTFluAve_nominal -- heaCur.dTOutHeaBal_nominal -- heaCur.dTQ -- heaCur.expM -- heaCur.gai -- heaCur.log1 -- heaCur.mInv -- heaCur.one -- heaCur.pro -- heaCur.qRaiInvM -- heaCur.qRel -- heaCur.qRel0 -- heaCur.qRelDen -- heaCur.qRelNum -- heaCur.zer -- heaCurM -- heaCurM.TAve -- heaCurM.TFluAve_nominal -- heaCurM.TOutOffSet -- heaCurM.TOutOffSet_nominal -- heaCurM.TOut_nom -- heaCurM.TRetCur -- heaCurM.TRet_nom -- heaCurM.TSupCur -- heaCurM.TSup_nom -- heaCurM.TZon_nom -- heaCurM.dTFlu -- heaCurM.dTFlu2_nom -- heaCurM.dTFluAve_nominal -- heaCurM.dTOutHeaBal_nominal -- heaCurM.dTQ -- heaCurM.expM -- heaCurM.gai -- heaCurM.log1 -- heaCurM.mInv -- heaCurM.one -- heaCurM.pro -- heaCurM.qRaiInvM -- heaCurM.qRel -- heaCurM.qRel0 -- heaCurM.qRelDen -- heaCurM.qRelNum -- heaCurM.zer"", ""boundary_connectors"": ""TOut, TRoo, heaCur, heaCurM"", ""wired_to"": ""heaCur.TAve, heaCur.TFluAve_nominal, heaCur.TOutOffSet, heaCur.TOutOffSet_nominal, heaCur.TOut_nom, heaCur.TRetCur, heaCur.TRet_nom, heaCur.TSupCur, heaCur.TSup_nom, heaCur.TZon_nom, heaCur.dTFlu, heaCur.dTFlu2_nom, heaCur.dTFluAve_nominal, heaCur.dTOutHeaBal_nominal, heaCur.dTQ, heaCur.expM, heaCur.gai, heaCur.log1, heaCur.mInv, heaCur.one, heaCur.pro, heaCur.qRaiInvM, heaCur.qRel, heaCur.qRel0, heaCur.qRelDen, heaCur.qRelNum, heaCur.zer, heaCurM.TAve, heaCurM.TFluAve_nominal, heaCurM.TOutOffSet, heaCurM.TOutOffSet_nominal, heaCurM.TOut_nom, heaCurM.TRetCur, heaCurM.TRet_nom, heaCurM.TSupCur, heaCurM.TSup_nom, heaCurM.TZon_nom, heaCurM.dTFlu, heaCurM.dTFlu2_nom, heaCurM.dTFluAve_nominal, heaCurM.dTOutHeaBal_nominal, heaCurM.dTQ, heaCurM.expM, heaCurM.gai, heaCurM.log1, heaCurM.mInv, heaCurM.one, heaCurM.pro, heaCurM.qRaiInvM, heaCurM.qRel, heaCurM.qRel0, heaCurM.qRelDen, heaCurM.qRelNum, heaCurM.zer"", ""note"": ""this connector belongs to the model itself, not to a component inside it: the model is an interface compiled on its own, so the node is open on one side. Nothing forces its flow, which is why a structural matching reports an unmatched unknown here. Not a defect in the model""}",/data/mrumoca/eval/results_v3/aixlib/runtime_free.jsonl
aixlib,runtime-v3,AixLib.Controls.OBC.Utilities.SetPoints.SupplyReturnTemperatureReset,0,network-boundary-port,low,True,hold-input-contract-validation,"{""node"": ""TAve -- TFluAve_nominal -- TOut -- TOutOffSet -- TOutOffSet_nominal -- TOut_nom -- TRet -- TRetCur -- TRet_nom -- TSetZon -- TSup -- TSupCur -- TSup_nom -- TZon_nom -- dTFlu -- dTFlu2_nom -- dTFluAve_nominal -- dTOutHeaBal_nominal -- dTQ -- expM -- gai -- log1 -- mInv -- one -- pro -- qRaiInvM -- qRel -- qRel0 -- qRelDen -- qRelNum -- zer"", ""boundary_connectors"": ""TAve, TFluAve_nominal, TOut, TOutOffSet, TOutOffSet_nominal, TOut_nom, TRet, TRetCur, TRet_nom, TSetZon, TSup, TSupCur, TSup_nom, TZon_nom, dTFlu, dTFlu2_nom, dTFluAve_nominal, dTOutHeaBal_nominal, dTQ, expM, gai, log1, mInv, one, pro, qRaiInvM, qRel, qRel0, qRelDen, qRelNum, zer"", ""wired_to"": ""nothing"", ""note"": ""this connector belongs to the model itself, not to a component inside it: the model is an interface compiled on its own, so the node is open on one side. Nothing forces its flow, which is why a structural matching reports an unmatched unknown here. Not a defect in the model""}",/data/mrumoca/eval/results_v3/aixlib/runtime_free.jsonl
aixlib,runtime-v3,AixLib.Controls.OBC.Utilities.SetPoints.SupplyReturnTemperatureReset,1,physical-invariant-violated,high,True,hold-input-contract-validation,"{""domain"": ""thermal"", ""rule"": ""thermal.temperature.above_absolute_zero"", ""rule_origin"": ""absolute temperature cannot be negative; below 0 K the thermal equations lose physical meaning"", ""rule_reference"": ""MLS Modelica.Units.SI.ThermodynamicTemperature"", ""matched_by"": {""quantity"": ""ThermodynamicTemperature"", ""unit"": ""K"", ""connector_role"": ""potential"", ""confidence"": ""QUANTITY_AND_UNIT"", ""premise_state"": ""unknown"", ""authority"": ""quantity_or_unit"", ""canonical_declaration"": ""AixLib.Controls.OBC.Utilities.SetPoints.SupplyReturnTemperatureReset.TSup""}, ""observed"": -3.499556225185917e-75, ""required"": ""TSup >= 0"", ""excess"": 3.499556225185917e-75, ""where"": ""runtime""}",/data/mrumoca/eval/results_v3/aixlib/runtime_free.jsonl
aixlib,runtime-v3,AixLib.Controls.OBC.Utilities.SetPoints.SupplyReturnTemperatureReset,2,physical-invariant-violated,high,True,hold-input-contract-validation,"{""domain"": ""thermal"", ""rule"": ""thermal.temperature.above_absolute_zero"", ""rule_origin"": ""absolute temperature cannot be negative; below 0 K the thermal equations lose physical meaning"", ""rule_reference"": ""MLS Modelica.Units.SI.ThermodynamicTemperature"", ""matched_by"": {""quantity"": ""ThermodynamicTemperature"", ""unit"": ""K"", ""connector_role"": ""potential"", ""confidence"": ""QUANTITY_AND_UNIT"", ""premise_state"": ""unknown"", ""authority"": ""quantity_or_unit"", ""canonical_declaration"": ""AixLib.Controls.OBC.Utilities.SetPoints.SupplyReturnTemperatureReset.TRet""}, ""observed"": -3.499556225185917e-75, ""required"": ""TRet >= 0"", ""excess"": 3.499556225185917e-75, ""where"": ""runtime""}",/data/mrumoca/eval/results_v3/aixlib/runtime_free.jsonl
aixlib,runtime-v3,AixLib.Controls.OBC.Utilities.SetPoints.SupplyReturnTemperatureReset,3,below-min,medium,True,hold-input-contract-validation,"{""variable"": ""TSetZon"", ""bound"": ""min"", ""limit"": 200, ""value"": 0.0, ""excess"": 200.0, ""anchor_quality"": ""canonical""}",/data/mrumoca/eval/results_v3/aixlib/runtime_free.jsonl
aixlib,runtime-v3,AixLib.Controls.OBC.Utilities.SetPoints.SupplyReturnTemperatureReset,4,below-min,medium,True,hold-input-contract-validation,"{""variable"": ""TOut"", ""bound"": ""min"", ""limit"": 200, ""value"": 0.0, ""excess"": 200.0, ""anchor_quality"": ""canonical""}",/data/mrumoca/eval/results_v3/aixlib/runtime_free.jsonl
aixlib,runtime-v3,AixLib.Controls.OBC.Utilities.SetPoints.SupplyReturnTemperatureReset,5,below-min,medium,True,hold-input-contract-validation,"{""variable"": ""TSup"", ""bound"": ""min"", ""limit"": 200, ""value"": -3.499556225185917e-75, ""excess"": 200.0, ""anchor_quality"": ""canonical""}",/data/mrumoca/eval/results_v3/aixlib/runtime_free.jsonl
aixlib,runtime-v3,AixLib.Controls.OBC.Utilities.SetPoints.SupplyReturnTemperatureReset,6,below-min,medium,True,hold-input-contract-validation,"{""variable"": ""TRet"", ""bound"": ""min"", ""limit"": 200, ""value"": -3.499556225185917e-75, ""excess"": 200.0, ""anchor_quality"": ""canonical""}",/data/mrumoca/eval/results_v3/aixlib/runtime_free.jsonl
aixlib,runtime-v3,AixLib.Electrical.DC.Sources.BaseClasses.WindCorrection,0,initialization-failure,high,True,execution-not-completed,"{""failure_kind"": ""unknown"", ""reason"": "" values: vRef=0 Simulating AixLib.Electrical.DC.Sources.BaseClasses.WindCorrection to t=1 with 2 trace point(s)... \u001b[31m\u001b[0m simulation failed: parameter `h` has neither a binding nor an initial value"", ""raw"": ""reading /tmp/tmps10_dcci/traced.rbc (bitcode v2, cbor) holding 1 free input(s) constant at their start values: vRef=0 Simulating AixLib.Electrical.DC.Sources.BaseClasses.WindCorrection to t=1 with 2 trace point(s)... \u001b[31m\u001b[0m simulation failed: parameter `h` has neither a binding nor an initial value"", ""tool_side"": false}",/data/mrumoca/eval/results_v3/aixlib/runtime_free.jsonl
aixlib,runtime-v3,AixLib.Controls.VentilationController.VentilationController,0,network-boundary-port,low,True,hold-input-contract-validation,"{""node"": ""Tamb_mean -- Tambient -- Top -- dEMA -- dEMA.DEMAcont -- dEMA.ExpAVG -- dEMA.ExpAVG1 -- dEMA.gain -- dEMA.sampler -- optimalTemp"", ""boundary_connectors"": ""Tamb_mean, Tambient, Top, dEMA, optimalTemp"", ""wired_to"": ""dEMA.DEMAcont, dEMA.ExpAVG, dEMA.ExpAVG1, dEMA.gain, dEMA.sampler"", ""note"": ""this connector belongs to the model itself, not to a component inside it: the model is an interface compiled on its own, so the node is open on one side. Nothing forces its flow, which is why a structural matching reports an unmatched unknown here. Not a defect in the model""}",/data/mrumoca/eval/results_v3/aixlib/runtime_free.jsonl
aixlib,runtime-v3,AixLib.Electrical.PVSystem.BaseClasses.CellTemperatureMountingContactToGround,0,physical-zero-is-a-supported-limit,low,True,execution-not-completed,"{""domain"": ""fluid"", ""rule"": ""fluid.area.positive"", ""rule_origin"": ""a flow cross-section is a divisor in every velocity relation; zero area admits no flow and divides by zero"", ""rule_reference"": """", ""matched_by"": {""quantity"": ""Area"", ""unit"": ""m2"", ""confidence"": ""QUANTITY_AND_UNIT"", ""premise_state"": ""unknown"", ""authority"": ""quantity_or_unit"", ""canonical_declaration"": ""AixLib.DataBase.SolarElectric.PVBaseDataDefinition.A_cel""}, ""required"": ""data.A_cel > 0"", ""declared_min"": null, ""variable_role"": ""parameter"", ""premise_state"": ""refuted"", ""authority"": ""component_contract"", ""contract"": ""AixLib.DataBase.SolarElectric.PVBaseDataDefinition.A_cel: feature_disabled (proven, from equation) \u2014 the parameter appears only as a multiplier, so at zero the term it scales drops out and the rest of the model is unaffected"", ""contract_behavior"": ""feature_disabled"", ""contract_confidence"": ""proven"", ""contract_source"": ""equation"", ""note"": ""the positivity rule does not apply: this component documents zero as a meaningful limit, so reporting a missing bound would contradict its contract""}",/data/mrumoca/eval/results_v3/aixlib/runtime_free.jsonl
aixlib,runtime-v3,AixLib.Electrical.PVSystem.BaseClasses.CellTemperatureMountingContactToGround,1,physical-intent-question,low,True,execution-not-completed,"{""domain"": ""fluid"", ""rule"": ""fluid.area.positive"", ""rule_origin"": ""a flow cross-section is a divisor in every velocity relation; zero area admits no flow and divides by zero"", ""rule_reference"": """", ""matched_by"": {""quantity"": ""Area"", ""unit"": ""m2"", ""confidence"": ""QUANTITY_AND_UNIT"", ""premise_state"": ""unknown"", ""authority"": ""quantity_or_unit"", ""canonical_declaration"": ""AixLib.DataBase.SolarElectric.PVBaseDataDefinition.A_pan""}, ""required"": ""data.A_pan > 0"", ""declared_min"": null, ""variable_role"": ""parameter"", ""observation"": ""permissive-declaration"", ""premise_state"": ""unknown"", ""authority"": ""quantity_or_unit"", ""canonical_declaration"": ""AixLib.DataBase.SolarElectric.PVBaseDataDefinition.A_pan"", ""question"": ""`data.A_pan` carries no bound that would exclude it, which is unusual for an area \u2014 but nothing declares what this component is, so the analyzer cannot tell whether it is intended. Is it? If so, declare it: add a component contract, or a `[[contracts]]` entry naming the intended `sign_domain`. If not, bound the declaration.""}",/data/mrumoca/eval/results_v3/aixlib/runtime_free.jsonl
aixlib,runtime-v3,AixLib.Electrical.PVSystem.BaseClasses.CellTemperatureMountingContactToGround,2,physical-intent-question,low,True,execution-not-completed,"{""domain"": ""fluid"", ""rule"": ""fluid.area.positive"", ""rule_origin"": ""a flow cross-section is a divisor in every velocity relation; zero area admits no flow and divides by zero"", ""rule_reference"": """", ""matched_by"": {""quantity"": ""Area"", ""unit"": ""m2"", ""confidence"": ""QUANTITY_AND_UNIT"", ""premise_state"": ""unknown"", ""authority"": ""quantity_or_unit"", ""canonical_declaration"": ""AixLib.DataBase.SolarElectric.PVBaseDataDefinition.A_mod""}, ""required"": ""data.A_mod > 0"", ""declared_min"": null, ""variable_role"": ""parameter"", ""observation"": ""permissive-declaration"", ""premise_state"": ""unknown"", ""authority"": ""quantity_or_unit"", ""canonical_declaration"": ""AixLib.DataBase.SolarElectric.PVBaseDataDefinition.A_mod"", ""question"": ""`data.A_mod` carries no bound that would exclude it, which is unusual for an area \u2014 but nothing declares what this component is, so the analyzer cannot tell whether it is intended. Is it? If so, declare it: add a component contract, or a `[[contracts]]` entry naming the intended `sign_domain`. If not, bound the declaration.""}",/data/mrumoca/eval/results_v3/aixlib/runtime_free.jsonl
aixlib,runtime-v3,AixLib.Electrical.PVSystem.BaseClasses.CellTemperatureMountingContactToGround,3,initialization-failure,high,True,execution-not-completed,"{""failure_kind"": ""unknown"", ""reason"": ""al.PVSystem.BaseClasses.CellTemperatureMountingContactToGround to t=1 with 5 trace point(s)... \u001b[31m\u001b[0m simulation failed: parameter `data.eta_0` has neither a binding nor an \u001b[31m\u2502\u001b[0m initial value"", ""raw"": ""reading /tmp/tmp7n5ze53d/traced.rbc (bitcode v2, cbor) holding 4 free input(s) constant at their start values: T_a=0, winVel=0, eta=0, radTil=0 Simulating AixLib.Electrical.PVSystem.BaseClasses.CellTemperatureMountingContactToGround to t=1 with 5 trace point(s)... \u001b[31m\u001b[0m simulation failed: parameter `data.eta_0` has neither a binding nor an \u001b[31m\u2502\u001b[0m initial value"", ""tool_side"": false}",/data/mrumoca/eval/results_v3/aixlib/runtime_free.jsonl
aixlib,runtime-v3,AixLib.Electrical.Machines.InductionMachine,0,network-boundary-port,low,True,hold-input-contract-validation,"{""node"": ""flange_Machine -- transmission.flange_a"", ""boundary_connectors"": ""flange_Machine"", ""wired_to"": ""transmission.flange_a"", ""note"": ""this connector belongs to the model itself, not to a component inside it: the model is an interface compiled on its own, so the node is open on one side. Nothing forces its flow, which is why a structural matching reports an unmatched unknown here. Not a defect in the model""}",/data/mrumoca/eval/results_v3/aixlib/runtime_free.jsonl
aixlib,runtime-v3,AixLib.Electrical.Machines.InductionMachine,1,network-boundary-port,low,True,hold-input-contract-validation,"{""node"": ""current -- electricCurrent"", ""boundary_connectors"": ""current, electricCurrent"", ""wired_to"": ""nothing"", ""note"": ""this connector belongs to the model itself, not to a component inside it: the model is an interface compiled on its own, so the node is open on one side. Nothing forces its flow, which is why a structural matching reports an unmatched unknown here. Not a defect in the model""}",/data/mrumoca/eval/results_v3/aixlib/runtime_free.jsonl
aixlib,runtime-v3,AixLib.Electrical.Machines.InductionMachine,2,network-boundary-port,low,True,hold-input-contract-validation,"{""node"": ""electricPower -- power"", ""boundary_connectors"": ""electricPower, power"", ""wired_to"": ""nothing"", ""note"": ""this connector belongs to the model itself, not to a component inside it: the model is an interface compiled on its own, so the node is open on one side. Nothing forces its flow, which is why a structural matching reports an unmatched unknown here. Not a defect in the model""}",/data/mrumoca/eval/results_v3/aixlib/runtime_free.jsonl
aixlib,runtime-v3,AixLib.Electrical.Machines.InductionMachine,3,network-boundary-port,low,True,hold-input-contract-validation,"{""node"": ""rotationalSpeed -- speed"", ""boundary_connectors"": ""rotationalSpeed, speed"", ""wired_to"": ""nothing"", ""note"": ""this connector belongs to the model itself, not to a component inside it: the model is an interface compiled on its own, so the node is open on one side. Nothing forces its flow, which is why a structural matching reports an unmatched unknown here. Not a defect in the model""}",/data/mrumoca/eval/results_v3/aixlib/runtime_free.jsonl
aixlib,runtime-v3,AixLib.Electrical.Machines.InductionMachine,4,network-boundary-port,low,True,hold-input-contract-validation,"{""node"": ""electricTorque -- torque"", ""boundary_connectors"": ""electricTorque, torque"", ""wired_to"": ""nothing"", ""note"": ""this connector belongs to the model itself, not to a component inside it: the model is an interface compiled on its own, so the node is open on one side. Nothing forces its flow, which is why a structural matching reports an unmatched unknown here. Not a defect in the model""}",/data/mrumoca/eval/results_v3/aixlib/runtime_free.jsonl
aixlib,runtime-v3,AixLib.Electrical.Machines.InductionMachine,5,physical-zero-is-a-supported-limit,low,True,hold-input-contract-validation,"{""domain"": ""mechanical"", ""rule"": ""mech.inertia.positive"", ""rule_origin"": ""the rotational analogue of mass; J = 0 leaves angular acceleration undetermined"", ""rule_reference"": ""MSL Mechanics.Rotational.Components.Inertia"", ""matched_by"": {""quantity"": ""MomentOfInertia"", ""unit"": ""kg.m2"", ""confidence"": ""QUANTITY_AND_UNIT"", ""premise_state"": ""unknown"", ""authority"": ""quantity_or_unit"", ""canonical_declaration"": ""AixLib.Electrical.Machines.InductionMachine.J_Gen""}, ""required"": ""J_Gen > 0"", ""declared_min"": null, ""variable_role"": ""parameter"", ""premise_state"": ""refuted"", ""authority"": ""component_contract"", ""contract"": ""Modelica.Mechanics.Rotational.Components.Inertia.J: algebraic_limit (proven, from equation) \u2014 inherited from inertia.J, which it binds: the parameter multiplies a derivative, so at zero the differential relation becomes an algebraic constraint rather than an undefined quotient"", ""contract_behavior"": ""algebraic_limit"", ""contract_confidence"": ""proven"", ""contract_source"": ""equation"", ""note"": ""the positivity rule does not apply: this component documents zero as a meaningful limit, so reporting a missing bound would contradict its contract""}",/data/mrumoca/eval/results_v3/aixlib/runtime_free.jsonl
aixlib,runtime-v3,AixLib.Electrical.Machines.InductionMachine,6,physical-zero-is-a-supported-limit,low,True,hold-input-contract-validation,"{""domain"": ""mechanical"", ""rule"": ""mech.inertia.positive"", ""rule_origin"": ""the rotational analogue of mass; J = 0 leaves angular acceleration undetermined"", ""rule_reference"": ""MSL Mechanics.Rotational.Components.Inertia"", ""matched_by"": {""quantity"": ""MomentOfInertia"", ""unit"": ""kg.m2"", ""semantic_role"": ""component.rotational.inertia"", ""binding_source"": ""component_type"", ""confidence"": ""QUANTITY_AND_UNIT"", ""declaring_class"": ""Modelica.Mechanics.Rotational.Components.Inertia"", ""member"": ""J"", ""premise_state"": ""established"", ""authority"": ""component_contract"", ""canonical_declaration"": ""Modelica.Mechanics.Rotational.Components.Inertia.J""}, ""required"": ""inertia.J > 0"", ""declared_min"": 0.0, ""variable_role"": ""parameter"", ""premise_state"": ""refuted"", ""authority"": ""component_contract"", ""contract"": ""Modelica.Mechanics.Rotational.Components.Inertia.J: algebraic_limit (proven, from equation) \u2014 the parameter multiplies a derivative, so at zero the differential relation becomes an algebraic constraint rather than an undefined quotient"", ""contract_behavior"": ""algebraic_limit"", ""contract_confidence"": ""proven"", ""contract_source"": ""equation"", ""note"": ""the positivity rule does not apply: this component documents zero as a meaningful limit, so reporting a missing bound would contradict its contract""}",/data/mrumoca/eval/results_v3/aixlib/runtime_free.jsonl
aixlib,runtime-v3,AixLib.Electrical.PVSystem.BaseClasses.CellTemperatureMountingCloseToGround,0,physical-zero-is-a-supported-limit,low,True,execution-not-completed,"{""domain"": ""fluid"", ""rule"": ""fluid.area.positive"", ""rule_origin"": ""a flow cross-section is a divisor in every velocity relation; zero area admits no flow and divides by zero"", ""rule_reference"": """", ""matched_by"": {""quantity"": ""Area"", ""unit"": ""m2"", ""confidence"": ""QUANTITY_AND_UNIT"", ""premise_state"": ""unknown"", ""authority"": ""quantity_or_unit"", ""canonical_declaration"": ""AixLib.DataBase.SolarElectric.PVBaseDataDefinition.A_cel""}, ""required"": ""data.A_cel > 0"", ""declared_min"": null, ""variable_role"": ""parameter"", ""premise_state"": ""refuted"", ""authority"": ""component_contract"", ""contract"": ""AixLib.DataBase.SolarElectric.PVBaseDataDefinition.A_cel: feature_disabled (proven, from equation) \u2014 the parameter appears only as a multiplier, so at zero the term it scales drops out and the rest of the model is unaffected"", ""contract_behavior"": ""feature_disabled"", ""contract_confidence"": ""proven"", ""contract_source"": ""equation"", ""note"": ""the positivity rule does not apply: this component documents zero as a meaningful limit, so reporting a missing bound would contradict its contract""}",/data/mrumoca/eval/results_v3/aixlib/runtime_free.jsonl
aixlib,runtime-v3,AixLib.Electrical.PVSystem.BaseClasses.CellTemperatureMountingCloseToGround,1,physical-intent-question,low,True,execution-not-completed,"{""domain"": ""fluid"", ""rule"": ""fluid.area.positive"", ""rule_origin"": ""a flow cross-section is a divisor in every velocity relation; zero area admits no flow and divides by zero"", ""rule_reference"": """", ""matched_by"": {""quantity"": ""Area"", ""unit"": ""m2"", ""confidence"": ""QUANTITY_AND_UNIT"", ""premise_state"": ""unknown"", ""authority"": ""quantity_or_unit"", ""canonical_declaration"": ""AixLib.DataBase.SolarElectric.PVBaseDataDefinition.A_pan""}, ""required"": ""data.A_pan > 0"", ""declared_min"": null, ""variable_role"": ""parameter"", ""observation"": ""permissive-declaration"", ""premise_state"": ""unknown"", ""authority"": ""quantity_or_unit"", ""canonical_declaration"": ""AixLib.DataBase.SolarElectric.PVBaseDataDefinition.A_pan"", ""question"": ""`data.A_pan` carries no bound that would exclude it, which is unusual for an area \u2014 but nothing declares what this component is, so the analyzer cannot tell whether it is intended. Is it? If so, declare it: add a component contract, or a `[[contracts]]` entry naming the intended `sign_domain`. If not, bound the declaration.""}",/data/mrumoca/eval/results_v3/aixlib/runtime_free.jsonl
aixlib,runtime-v3,AixLib.Electrical.PVSystem.BaseClasses.CellTemperatureMountingCloseToGround,2,physical-intent-question,low,True,execution-not-completed,"{""domain"": ""fluid"", ""rule"": ""fluid.area.positive"", ""rule_origin"": ""a flow cross-section is a divisor in every velocity relation; zero area admits no flow and divides by zero"", ""rule_reference"": """", ""matched_by"": {""quantity"": ""Area"", ""unit"": ""m2"", ""confidence"": ""QUANTITY_AND_UNIT"", ""premise_state"": ""unknown"", ""authority"": ""quantity_or_unit"", ""canonical_declaration"": ""AixLib.DataBase.SolarElectric.PVBaseDataDefinition.A_mod""}, ""required"": ""data.A_mod > 0"", ""declared_min"": null, ""variable_role"": ""parameter"", ""observation"": ""permissive-declaration"", ""premise_state"": ""unknown"", ""authority"": ""quantity_or_unit"", ""canonical_declaration"": ""AixLib.DataBase.SolarElectric.PVBaseDataDefinition.A_mod"", ""question"": ""`data.A_mod` carries no bound that would exclude it, which is unusual for an area \u2014 but nothing declares what this component is, so the analyzer cannot tell whether it is intended. Is it? If so, declare it: add a component contract, or a `[[contracts]]` entry naming the intended `sign_domain`. If not, bound the declaration.""}",/data/mrumoca/eval/results_v3/aixlib/runtime_free.jsonl
aixlib,runtime-v3,AixLib.Electrical.PVSystem.BaseClasses.CellTemperatureMountingCloseToGround,3,initialization-failure,high,True,execution-not-completed,"{""failure_kind"": ""unknown"", ""reason"": ""ical.PVSystem.BaseClasses.CellTemperatureMountingCloseToGround to t=1 with 5 trace point(s)... \u001b[31m\u001b[0m simulation failed: parameter `data.eta_0` has neither a binding nor an \u001b[31m\u2502\u001b[0m initial value"", ""raw"": ""reading /tmp/tmpn1b9xtx3/traced.rbc (bitcode v2, cbor) holding 4 free input(s) constant at their start values: T_a=0, winVel=0, eta=0, radTil=0 Simulating AixLib.Electrical.PVSystem.BaseClasses.CellTemperatureMountingCloseToGround to t=1 with 5 trace point(s)... \u001b[31m\u001b[0m simulation failed: parameter `data.eta_0` has neither a binding nor an \u001b[31m\u2502\u001b[0m initial value"", ""tool_side"": false}",/data/mrumoca/eval/results_v3/aixlib/runtime_free.jsonl
aixlib,runtime-v3,AixLib.Electrical.Machines.Examples.InductionMotor,0,network-boundary-port,low,False,execution-not-completed,"{""node"": ""booleanPulse -- inductionMachine -- inductionMachine.current -- inductionMachine.power -- inductionMachine.speed"", ""boundary_connectors"": ""booleanPulse, inductionMachine"", ""wired_to"": ""inductionMachine.current, inductionMachine.power, inductionMachine.speed"", ""note"": ""this connector belongs to the model itself, not to a component inside it: the model is an interface compiled on its own, so the node is open on one side. Nothing forces its flow, which is why a structural matching reports an unmatched unknown here. Not a defect in the model""}",/data/mrumoca/eval/results_v3/aixlib/runtime_free.jsonl
aixlib,runtime-v3,AixLib.Electrical.Machines.Examples.InductionMotor,1,physical-zero-is-a-supported-limit,low,False,execution-not-completed,"{""domain"": ""mechanical"", ""rule"": ""mech.inertia.positive"", ""rule_origin"": ""the rotational analogue of mass; J = 0 leaves angular acceleration undetermined"", ""rule_reference"": ""MSL Mechanics.Rotational.Components.Inertia"", ""matched_by"": {""quantity"": ""MomentOfInertia"", ""unit"": ""kg.m2"", ""confidence"": ""QUANTITY_AND_UNIT"", ""premise_state"": ""unknown"", ""authority"": ""quantity_or_unit"", ""canonical_declaration"": ""AixLib.Electrical.Machines.InductionMachine.J_Gen""}, ""required"": ""inductionMachine.J_Gen > 0"", ""declared_min"": null, ""variable_role"": ""parameter"", ""premise_state"": ""refuted"", ""authority"": ""component_contract"", ""contract"": ""Modelica.Mechanics.Rotational.Components.Inertia.J: algebraic_limit (proven, from equation) \u2014 inherited from inductionMachine.inertia.J, which it binds: the parameter multiplies a derivative, so at zero the differential relation becomes an algebraic constraint rather than an undefined quotient"", ""contract_behavior"": ""algebraic_limit"", ""contract_confidence"": ""proven"", ""contract_source"": ""equation"", ""note"": ""the positivity rule does not apply: this component documents zero as a meaningful limit, so reporting a missing bound would contradict its contract""}",/data/mrumoca/eval/results_v3/aixlib/runtime_free.jsonl
aixlib,runtime-v3,AixLib.Electrical.Machines.Examples.InductionMotor,2,physical-zero-is-a-supported-limit,low,False,execution-not-completed,"{""domain"": ""mechanical"", ""rule"": ""mech.inertia.positive"", ""rule_origin"": ""the rotational analogue of mass; J = 0 leaves angular acceleration undetermined"", ""rule_reference"": ""MSL Mechanics.Rotational.Components.Inertia"", ""matched_by"": {""quantity"": ""MomentOfInertia"", ""unit"": ""kg.m2"", ""semantic_role"": ""component.rotational.inertia"", ""binding_source"": ""component_type"", ""confidence"": ""QUANTITY_AND_UNIT"", ""declaring_class"": ""Modelica.Mechanics.Rotational.Components.Inertia"", ""member"": ""J"", ""premise_state"": ""established"", ""authority"": ""component_contract"", ""canonical_declaration"": ""Modelica.Mechanics.Rotational.Components.Inertia.J""}, ""required"": ""inductionMachine.inertia.J > 0"", ""declared_min"": 0.0, ""variable_role"": ""parameter"", ""premise_state"": ""refuted"", ""authority"": ""component_contract"", ""contract"": ""Modelica.Mechanics.Rotational.Components.Inertia.J: algebraic_limit (proven, from equation) \u2014 the parameter multiplies a derivative, so at zero the differential relation becomes an algebraic constraint rather than an undefined quotient"", ""contract_behavior"": ""algebraic_limit"", ""contract_confidence"": ""proven"", ""contract_source"": ""equation"", ""note"": ""the positivity rule does not apply: this component documents zero as a meaningful limit, so reporting a missing bound would contradict its contract""}",/data/mrumoca/eval/results_v3/aixlib/runtime_free.jsonl
aixlib,runtime-v3,AixLib.Electrical.Machines.Examples.InductionMotor,3,network-observation-incomplete,info,False,execution-not-completed,"{""reason"": ""missing or unsynchronized connector member observations"", ""note"": ""coverage gap, not a model defect""}",/data/mrumoca/eval/results_v3/aixlib/runtime_free.jsonl
aixlib,runtime-v3,AixLib.Electrical.Machines.Examples.InductionMotor,4,initialization-failure,high,False,execution-not-completed,"{""failure_kind"": ""unknown"", ""reason"": ""m inductionMachine.inertia.phi.start` to the initialization equations for a \u001b[31m\u2502\u001b[0m `fixed = true` variable, and demoting `inductionMachine.inertia.phi` \u001b[31m\u2502\u001b[0m leaves no equation that states it"", ""raw"": ""reading /tmp/tmpn9cavinf/traced.rbc (bitcode v2, cbor) Simulating AixLib.Electrical.Machines.Examples.InductionMotor to t=1 with 47 trace point(s)... \u001b[31m\u001b[0m simulation failed: DAE structural proof failed: index reduction would \u001b[31m\u2502\u001b[0m discard the stated initial value of `inductionMachine.inertia.phi`: MLS \u001b[31m\u2502\u001b[0m 3.6 section 8.6 adds `inductionMachine.inertia.phi = \u001b[31m\u2502\u001b[0m inductionMac"", ""tool_side"": false}",/data/mrumoca/eval/results_v3/aixlib/runtime_free.jsonl
aixlib,runtime-v3,AixLib.Electrical.PVSystem.BaseClasses.IVCharacteristics5pAnalytical,0,physical-zero-is-a-supported-limit,low,True,execution-not-completed,"{""domain"": ""fluid"", ""rule"": ""fluid.area.positive"", ""rule_origin"": ""a flow cross-section is a divisor in every velocity relation; zero area admits no flow and divides by zero"", ""rule_reference"": """", ""matched_by"": {""quantity"": ""Area"", ""unit"": ""m2"", ""confidence"": ""QUANTITY_AND_UNIT"", ""premise_state"": ""unknown"", ""authority"": ""quantity_or_unit"", ""canonical_declaration"": ""AixLib.DataBase.SolarElectric.PVBaseDataDefinition.A_cel""}, ""required"": ""data.A_cel > 0"", ""declared_min"": null, ""variable_role"": ""parameter"", ""premise_state"": ""refuted"", ""authority"": ""component_contract"", ""contract"": ""AixLib.DataBase.SolarElectric.PVBaseDataDefinition.A_cel: feature_disabled (proven, from equation) \u2014 the parameter appears only as a multiplier, so at zero the term it scales drops out and the rest of the model is unaffected"", ""contract_behavior"": ""feature_disabled"", ""contract_confidence"": ""proven"", ""contract_source"": ""equation"", ""note"": ""the positivity rule does not apply: this component documents zero as a meaningful limit, so reporting a missing bound would contradict its contract""}",/data/mrumoca/eval/results_v3/aixlib/runtime_free.jsonl
aixlib,runtime-v3,AixLib.Electrical.PVSystem.BaseClasses.IVCharacteristics5pAnalytical,1,physical-intent-question,low,True,execution-not-completed,"{""domain"": ""fluid"", ""rule"": ""fluid.area.positive"", ""rule_origin"": ""a flow cross-section is a divisor in every velocity relation; zero area admits no flow and divides by zero"", ""rule_reference"": """", ""matched_by"": {""quantity"": ""Area"", ""unit"": ""m2"", ""confidence"": ""QUANTITY_AND_UNIT"", ""premise_state"": ""unknown"", ""authority"": ""quantity_or_unit"", ""canonical_declaration"": ""AixLib.DataBase.SolarElectric.PVBaseDataDefinition.A_pan""}, ""required"": ""data.A_pan > 0"", ""declared_min"": null, ""variable_role"": ""parameter"", ""observation"": ""permissive-declaration"", ""premise_state"": ""unknown"", ""authority"": ""quantity_or_unit"", ""canonical_declaration"": ""AixLib.DataBase.SolarElectric.PVBaseDataDefinition.A_pan"", ""question"": ""`data.A_pan` carries no bound that would exclude it, which is unusual for an area \u2014 but nothing declares what this component is, so the analyzer cannot tell whether it is intended. Is it? If so, declare it: add a component contract, or a `[[contracts]]` entry naming the intended `sign_domain`. If not, bound the declaration.""}",/data/mrumoca/eval/results_v3/aixlib/runtime_free.jsonl
aixlib,runtime-v3,AixLib.Electrical.PVSystem.BaseClasses.IVCharacteristics5pAnalytical,2,physical-intent-question,low,True,execution-not-completed,"{""domain"": ""fluid"", ""rule"": ""fluid.area.positive"", ""rule_origin"": ""a flow cross-section is a divisor in every velocity relation; zero area admits no flow and divides by zero"", ""rule_reference"": """", ""matched_by"": {""quantity"": ""Area"", ""unit"": ""m2"", ""confidence"": ""QUANTITY_AND_UNIT"", ""premise_state"": ""unknown"", ""authority"": ""quantity_or_unit"", ""canonical_declaration"": ""AixLib.DataBase.SolarElectric.PVBaseDataDefinition.A_mod""}, ""required"": ""data.A_mod > 0"", ""declared_min"": null, ""variable_role"": ""parameter"", ""observation"": ""permissive-declaration"", ""premise_state"": ""unknown"", ""authority"": ""quantity_or_unit"", ""canonical_declaration"": ""AixLib.DataBase.SolarElectric.PVBaseDataDefinition.A_mod"", ""question"": ""`data.A_mod` carries no bound that would exclude it, which is unusual for an area \u2014 but nothing declares what this component is, so the analyzer cannot tell whether it is intended. Is it? If so, declare it: add a component contract, or a `[[contracts]]` entry naming the intended `sign_domain`. If not, bound the declaration.""}",/data/mrumoca/eval/results_v3/aixlib/runtime_free.jsonl
aixlib,runtime-v3,AixLib.Electrical.PVSystem.BaseClasses.IVCharacteristics5pAnalytical,3,physical-domain-unenforced,medium,True,execution-not-completed,"{""domain"": ""fluid"", ""rule"": ""fluid.area.positive"", ""rule_origin"": ""a flow cross-section is a divisor in every velocity relation; zero area admits no flow and divides by zero"", ""rule_reference"": """", ""matched_by"": {""quantity"": ""Area"", ""unit"": ""m2"", ""confidence"": ""QUANTITY_AND_UNIT"", ""premise_state"": ""unknown"", ""authority"": ""quantity_or_unit"", ""canonical_declaration"": ""AixLib.Electrical.PVSystem.BaseClasses.IVCharacteristics5pAnalytical.A_pan""}, ""required"": ""A_pan > 0"", ""declared_min"": null, ""variable_role"": ""parameter"", ""premise_state"": ""established"", ""authority"": ""source_arithmetic"", ""canonical_declaration"": ""AixLib.Electrical.PVSystem.BaseClasses.IVCharacteristics5pAnalytical.A_pan"", ""contract_source"": ""equation"", ""premise_reason"": ""a source equation divides by this parameter, so the value is excluded by arithmetic rather than by intent"", ""note"": ""nothing bounds this declaration, so it permits values the component's own contract forbids""}",/data/mrumoca/eval/results_v3/aixlib/runtime_free.jsonl
aixlib,runtime-v3,AixLib.Electrical.PVSystem.BaseClasses.IVCharacteristics5pAnalytical,4,physical-intent-question,low,True,execution-not-completed,"{""domain"": ""fluid"", ""rule"": ""fluid.area.positive"", ""rule_origin"": ""a flow cross-section is a divisor in every velocity relation; zero area admits no flow and divides by zero"", ""rule_reference"": """", ""matched_by"": {""quantity"": ""Area"", ""unit"": ""m2"", ""confidence"": ""QUANTITY_AND_UNIT"", ""premise_state"": ""unknown"", ""authority"": ""quantity_or_unit"", ""canonical_declaration"": ""AixLib.Electrical.PVSystem.BaseClasses.IVCharacteristics5pAnalytical.A_mod""}, ""required"": ""A_mod > 0"", ""declared_min"": null, ""variable_role"": ""parameter"", ""observation"": ""permissive-declaration"", ""premise_state"": ""unknown"", ""authority"": ""quantity_or_unit"", ""canonical_declaration"": ""AixLib.Electrical.PVSystem.BaseClasses.IVCharacteristics5pAnalytical.A_mod"", ""question"": ""`A_mod` carries no bound that would exclude it, which is unusual for an area \u2014 but nothing declares what this component is, so the analyzer cannot tell whether it is intended. Is it? If so, declare it: add a component contract, or a `[[contracts]]` entry naming the intended `sign_domain`. If not, bound the declaration.""}",/data/mrumoca/eval/results_v3/aixlib/runtime_free.jsonl
aixlib,runtime-v3,AixLib.Electrical.PVSystem.BaseClasses.IVCharacteristics5pAnalytical,5,initialization-failure,high,True,execution-not-completed,"{""failure_kind"": ""unknown"", ""reason"": ""Electrical.PVSystem.BaseClasses.IVCharacteristics5pAnalytical to t=1 with 22 trace point(s)... \u001b[31m\u001b[0m simulation failed: parameter `data.eta_0` has neither a binding nor an \u001b[31m\u2502\u001b[0m initial value"", ""raw"": ""reading /tmp/tmpb2k4iroj/traced.rbc (bitcode v2, cbor) holding 3 free input(s) constant at their start values: T_c=0, absRadRat=0, radTil=0 Simulating AixLib.Electrical.PVSystem.BaseClasses.IVCharacteristics5pAnalytical to t=1 with 22 trace point(s)... \u001b[31m\u001b[0m simulation failed: parameter `data.eta_0` has neither a binding nor an \u001b[31m\u2502\u001b[0m initial value"", ""tool_side"": false}",/data/mrumoca/eval/results_v3/aixlib/runtime_free.jsonl
aixlib,runtime-v3,AixLib.Electrical.PVSystem.BaseClasses.CellTemperatureOpenRack,0,physical-zero-is-a-supported-limit,low,True,execution-not-completed,"{""domain"": ""fluid"", ""rule"": ""fluid.area.positive"", ""rule_origin"": ""a flow cross-section is a divisor in every velocity relation; zero area admits no flow and divides by zero"", ""rule_reference"": """", ""matched_by"": {""quantity"": ""Area"", ""unit"": ""m2"", ""confidence"": ""QUANTITY_AND_UNIT"", ""premise_state"": ""unknown"", ""authority"": ""quantity_or_unit"", ""canonical_declaration"": ""AixLib.DataBase.SolarElectric.PVBaseDataDefinition.A_cel""}, ""required"": ""data.A_cel > 0"", ""declared_min"": null, ""variable_role"": ""parameter"", ""premise_state"": ""refuted"", ""authority"": ""component_contract"", ""contract"": ""AixLib.DataBase.SolarElectric.PVBaseDataDefinition.A_cel: feature_disabled (proven, from equation) \u2014 the parameter appears only as a multiplier, so at zero the term it scales drops out and the rest of the model is unaffected"", ""contract_behavior"": ""feature_disabled"", ""contract_confidence"": ""proven"", ""contract_source"": ""equation"", ""note"": ""the positivity rule does not apply: this component documents zero as a meaningful limit, so reporting a missing bound would contradict its contract""}",/data/mrumoca/eval/results_v3/aixlib/runtime_free.jsonl
aixlib,runtime-v3,AixLib.Electrical.PVSystem.BaseClasses.CellTemperatureOpenRack,1,physical-intent-question,low,True,execution-not-completed,"{""domain"": ""fluid"", ""rule"": ""fluid.area.positive"", ""rule_origin"": ""a flow cross-section is a divisor in every velocity relation; zero area admits no flow and divides by zero"", ""rule_reference"": """", ""matched_by"": {""quantity"": ""Area"", ""unit"": ""m2"", ""confidence"": ""QUANTITY_AND_UNIT"", ""premise_state"": ""unknown"", ""authority"": ""quantity_or_unit"", ""canonical_declaration"": ""AixLib.DataBase.SolarElectric.PVBaseDataDefinition.A_pan""}, ""required"": ""data.A_pan > 0"", ""declared_min"": null, ""variable_role"": ""parameter"", ""observation"": ""permissive-declaration"", ""premise_state"": ""unknown"", ""authority"": ""quantity_or_unit"", ""canonical_declaration"": ""AixLib.DataBase.SolarElectric.PVBaseDataDefinition.A_pan"", ""question"": ""`data.A_pan` carries no bound that would exclude it, which is unusual for an area \u2014 but nothing declares what this component is, so the analyzer cannot tell whether it is intended. Is it? If so, declare it: add a component contract, or a `[[contracts]]` entry naming the intended `sign_domain`. If not, bound the declaration.""}",/data/mrumoca/eval/results_v3/aixlib/runtime_free.jsonl
aixlib,runtime-v3,AixLib.Electrical.PVSystem.BaseClasses.CellTemperatureOpenRack,2,physical-intent-question,low,True,execution-not-completed,"{""domain"": ""fluid"", ""rule"": ""fluid.area.positive"", ""rule_origin"": ""a flow cross-section is a divisor in every velocity relation; zero area admits no flow and divides by zero"", ""rule_reference"": """", ""matched_by"": {""quantity"": ""Area"", ""unit"": ""m2"", ""confidence"": ""QUANTITY_AND_UNIT"", ""premise_state"": ""unknown"", ""authority"": ""quantity_or_unit"", ""canonical_declaration"": ""AixLib.DataBase.SolarElectric.PVBaseDataDefinition.A_mod""}, ""required"": ""data.A_mod > 0"", ""declared_min"": null, ""variable_role"": ""parameter"", ""observation"": ""permissive-declaration"", ""premise_state"": ""unknown"", ""authority"": ""quantity_or_unit"", ""canonical_declaration"": ""AixLib.DataBase.SolarElectric.PVBaseDataDefinition.A_mod"", ""question"": ""`data.A_mod` carries no bound that would exclude it, which is unusual for an area \u2014 but nothing declares what this component is, so the analyzer cannot tell whether it is intended. Is it? If so, declare it: add a component contract, or a `[[contracts]]` entry naming the intended `sign_domain`. If not, bound the declaration.""}",/data/mrumoca/eval/results_v3/aixlib/runtime_free.jsonl
aixlib,runtime-v3,AixLib.Electrical.PVSystem.BaseClasses.CellTemperatureOpenRack,3,initialization-failure,high,True,execution-not-completed,"{""failure_kind"": ""unknown"", ""reason"": ""AixLib.Electrical.PVSystem.BaseClasses.CellTemperatureOpenRack to t=1 with 5 trace point(s)... \u001b[31m\u001b[0m simulation failed: parameter `data.eta_0` has neither a binding nor an \u001b[31m\u2502\u001b[0m initial value"", ""raw"": ""reading /tmp/tmpskaakyeo/traced.rbc (bitcode v2, cbor) holding 4 free input(s) constant at their start values: T_a=0, winVel=0, eta=0, radTil=0 Simulating AixLib.Electrical.PVSystem.BaseClasses.CellTemperatureOpenRack to t=1 with 5 trace point(s)... \u001b[31m\u001b[0m simulation failed: parameter `data.eta_0` has neither a binding nor an \u001b[31m\u2502\u001b[0m initial value"", ""tool_side"": false}",/data/mrumoca/eval/results_v3/aixlib/runtime_free.jsonl
aixlib,runtime-v3,AixLib.Fluid.Actuators.BaseClasses.ActuatorSignal,0,network-boundary-port,low,True,hold-input-contract-validation,"{""node"": ""actPos -- y -- y_actual -- y_filtered -- y_internal"", ""boundary_connectors"": ""actPos, y, y_actual, y_filtered, y_internal"", ""wired_to"": ""nothing"", ""note"": ""this connector belongs to the model itself, not to a component inside it: the model is an interface compiled on its own, so the node is open on one side. Nothing forces its flow, which is why a structural matching reports an unmatched unknown here. Not a defect in the model""}",/data/mrumoca/eval/results_v3/aixlib/runtime_free.jsonl
aixlib,runtime-v3,AixLib.Fluid.Actuators.Motors.IdealMotor,0,network-boundary-port,low,True,hold-input-contract-validation,"{""node"": ""add -- feeBac -- int -- lowHys -- lowSwi -- u -- uppHys -- uppSwi -- vClo -- vOpe -- y -- zer"", ""boundary_connectors"": ""add, feeBac, int, lowHys, lowSwi, u, uppHys, uppSwi, vClo, vOpe, y, zer"", ""wired_to"": ""nothing"", ""note"": ""this connector belongs to the model itself, not to a component inside it: the model is an interface compiled on its own, so the node is open on one side. Nothing forces its flow, which is why a structural matching reports an unmatched unknown here. Not a defect in the model""}",/data/mrumoca/eval/results_v3/aixlib/runtime_free.jsonl
aixlib,runtime-v3,AixLib.Electrical.PVSystem.BaseClasses.PVRadiationHorizontal,0,network-boundary-port,low,True,hold-input-contract-validation,"{""node"": ""decAng -- eqnTim -- incAng -- locTim -- solHouAng -- solTim -- zenAng"", ""boundary_connectors"": ""decAng, eqnTim, incAng, locTim, solHouAng, solTim, zenAng"", ""wired_to"": ""nothing"", ""note"": ""this connector belongs to the model itself, not to a component inside it: the model is an interface compiled on its own, so the node is open on one side. Nothing forces its flow, which is why a structural matching reports an unmatched unknown here. Not a defect in the model""}",/data/mrumoca/eval/results_v3/aixlib/runtime_free.jsonl
aixlib,runtime-v3,AixLib.Fluid.Actuators.Valves.ExpansionValves.Utilities.FlowCoefficient.SpecifiedFlowCoefficients.ConstantFlowCoefficient,0,physical-runtime-invariant-unobserved,low,True,hold-input-contract-validation,"{""domain"": ""fluid"", ""rule"": ""fluid.density.positive"", ""rule_origin"": ""mass per volume of a real fluid; density appears as a divisor throughout the Fluid library"", ""rule_reference"": """", ""matched_by"": {""quantity"": ""Density"", ""unit"": ""kg/m3"", ""confidence"": ""QUANTITY_AND_UNIT"", ""premise_state"": ""unknown"", ""authority"": ""quantity_or_unit"", ""canonical_declaration"": ""Modelica.Media.R134a.R134a_ph.ThermodynamicState.d""}, ""required"": ""staInl.d > 0"", ""variable_role"": ""input"", ""note"": ""this is a runtime property of a input variable, not a declaration a user can bound; deciding it needs an observation""}",/data/mrumoca/eval/results_v3/aixlib/runtime_free.jsonl
aixlib,runtime-v3,AixLib.Fluid.Actuators.Valves.ExpansionValves.Utilities.FlowCoefficient.SpecifiedFlowCoefficients.ConstantFlowCoefficient,1,physical-runtime-invariant-unobserved,low,True,hold-input-contract-validation,"{""domain"": ""fluid"", ""rule"": ""fluid.density.positive"", ""rule_origin"": ""mass per volume of a real fluid; density appears as a divisor throughout the Fluid library"", ""rule_reference"": """", ""matched_by"": {""quantity"": ""Density"", ""unit"": ""kg/m3"", ""confidence"": ""QUANTITY_AND_UNIT"", ""premise_state"": ""unknown"", ""authority"": ""quantity_or_unit"", ""canonical_declaration"": ""Modelica.Media.R134a.R134a_ph.ThermodynamicState.d""}, ""required"": ""staOut.d > 0"", ""variable_role"": ""input"", ""note"": ""this is a runtime property of a input variable, not a declaration a user can bound; deciding it needs an observation""}",/data/mrumoca/eval/results_v3/aixlib/runtime_free.jsonl
aixlib,runtime-v3,AixLib.Fluid.Actuators.Valves.ExpansionValves.Utilities.FlowCoefficient.SpecifiedFlowCoefficients.ConstantFlowCoefficient,2,physical-invariant-violated,high,True,hold-input-contract-validation,"{""domain"": ""fluid"", ""rule"": ""fluid.density.positive"", ""rule_origin"": ""mass per volume of a real fluid; density appears as a divisor throughout the Fluid library"", ""rule_reference"": """", ""matched_by"": {""quantity"": ""Density"", ""unit"": ""kg/m3"", ""confidence"": ""QUANTITY_AND_UNIT"", ""premise_state"": ""unknown"", ""authority"": ""quantity_or_unit"", ""canonical_declaration"": ""Modelica.Media.R134a.R134a_ph.ThermodynamicState.d""}, ""observed"": 0.0, ""required"": ""staInl.d > 0"", ""excess"": 0.0, ""where"": ""runtime""}",/data/mrumoca/eval/results_v3/aixlib/runtime_free.jsonl
aixlib,runtime-v3,AixLib.Fluid.Actuators.Valves.ExpansionValves.Utilities.FlowCoefficient.SpecifiedFlowCoefficients.ConstantFlowCoefficient,3,physical-invariant-violated,high,True,hold-input-contract-validation,"{""domain"": ""fluid"", ""rule"": ""fluid.density.positive"", ""rule_origin"": ""mass per volume of a real fluid; density appears as a divisor throughout the Fluid library"", ""rule_reference"": """", ""matched_by"": {""quantity"": ""Density"", ""unit"": ""kg/m3"", ""confidence"": ""QUANTITY_AND_UNIT"", ""premise_state"": ""unknown"", ""authority"": ""quantity_or_unit"", ""canonical_declaration"": ""Modelica.Media.R134a.R134a_ph.ThermodynamicState.d""}, ""observed"": 0.0, ""required"": ""staOut.d > 0"", ""excess"": 0.0, ""where"": ""runtime""}",/data/mrumoca/eval/results_v3/aixlib/runtime_free.jsonl
aixlib,runtime-v3,AixLib.Fluid.Actuators.Valves.ExpansionValves.Utilities.FlowCoefficient.SpecifiedFlowCoefficients.ConstantFlowCoefficient,4,below-min,medium,True,hold-input-contract-validation,"{""variable"": ""staInl.T"", ""bound"": ""min"", ""limit"": 1, ""value"": 0.0, ""excess"": 1.0, ""anchor_quality"": ""canonical""}",/data/mrumoca/eval/results_v3/aixlib/runtime_free.jsonl
aixlib,runtime-v3,AixLib.Fluid.Actuators.Valves.ExpansionValves.Utilities.FlowCoefficient.SpecifiedFlowCoefficients.ConstantFlowCoefficient,5,below-min,medium,True,hold-input-contract-validation,"{""variable"": ""staOut.T"", ""bound"": ""min"", ""limit"": 1, ""value"": 0.0, ""excess"": 1.0, ""anchor_quality"": ""canonical""}",/data/mrumoca/eval/results_v3/aixlib/runtime_free.jsonl
aixlib,runtime-v3,AixLib.Fluid.BaseClasses.Validation.ActuatorFilter,0,network-boundary-port,low,False,execution-not-completed,"{""node"": ""act_1 -- act_2 -- act_y_start05 -- act_y_start1 -- gain -- step"", ""boundary_connectors"": ""act_1, act_2, act_y_start05, act_y_start1, gain, step"", ""wired_to"": ""nothing"", ""note"": ""this connector belongs to the model itself, not to a component inside it: the model is an interface compiled on its own, so the node is open on one side. Nothing forces its flow, which is why a structural matching reports an unmatched unknown here. Not a defect in the model""}",/data/mrumoca/eval/results_v3/aixlib/runtime_free.jsonl
aixlib,runtime-v3,AixLib.Fluid.BaseClasses.Validation.ActuatorFilter,1,network-observation-incomplete,info,False,execution-not-completed,"{""reason"": ""missing or unsynchronized connector member observations"", ""note"": ""coverage gap, not a model defect""}",/data/mrumoca/eval/results_v3/aixlib/runtime_free.jsonl
aixlib,runtime-v3,AixLib.Fluid.BaseClasses.Validation.ActuatorFilter,2,simulation-failure,high,False,execution-not-completed,"{""failure_kind"": ""nonlinear-solver-failure"", ""reason"": ""rplus-check(every coordinate this row reads is \u001b[31m\u2502\u001b[0m determined elsewhere, so the row is an MLS 3.6 \u00a78.6 consistency check the \u001b[31m\u2502\u001b[0m model does not satisfy) value=-1.000000e0 norm=1.000000e0"", ""raw"": ""reading /tmp/tmphb_pz4gm/traced.rbc (bitcode v2, cbor) Simulating AixLib.Fluid.BaseClasses.Validation.ActuatorFilter to t=1 with 19 trace point(s)... \u001b[31m\u001b[0m simulation failed: solve-IR evaluation failed: initial variable projection \u001b[31m\u2502\u001b[0m did not satisfy the complete residual system: max selected residual row=1 \u001b[31m\u2502\u001b[0m original_row=1 owner=surplus-check(every coordinate this row reads is"", ""tool_side"": false}",/data/mrumoca/eval/results_v3/aixlib/runtime_free.jsonl
aixlib,runtime-v3,AixLib.Fluid.BoilerCHP.ModularCHP.BaseClasses.BaseClassComponents.GasolineEngineChp_EngineHousing_CylToInnerWall,0,network-boundary-port,low,True,execution-not-completed,"{""node"": ""T1 -- tempInnerWall"", ""boundary_connectors"": ""T1, tempInnerWall"", ""wired_to"": ""nothing"", ""note"": ""this connector belongs to the model itself, not to a component inside it: the model is an interface compiled on its own, so the node is open on one side. Nothing forces its flow, which is why a structural matching reports an unmatched unknown here. Not a defect in the model""}",/data/mrumoca/eval/results_v3/aixlib/runtime_free.jsonl
aixlib,runtime-v3,AixLib.Fluid.BoilerCHP.ModularCHP.BaseClasses.BaseClassComponents.GasolineEngineChp_EngineHousing_CylToInnerWall,1,network-boundary-port,low,True,execution-not-completed,"{""node"": ""T -- meanTempCylWall"", ""boundary_connectors"": ""T, meanTempCylWall"", ""wired_to"": ""nothing"", ""note"": ""this connector belongs to the model itself, not to a component inside it: the model is an interface compiled on its own, so the node is open on one side. Nothing forces its flow, which is why a structural matching reports an unmatched unknown here. Not a defect in the model""}",/data/mrumoca/eval/results_v3/aixlib/runtime_free.jsonl
aixlib,runtime-v3,AixLib.Fluid.BoilerCHP.ModularCHP.BaseClasses.BaseClassComponents.GasolineEngineChp_EngineHousing_CylToInnerWall,2,network-boundary-port,low,True,execution-not-completed,"{""node"": ""const -- heatFlowEngine -- heatLimit -- maximumEngineHeat -- y"", ""boundary_connectors"": ""const, heatFlowEngine, heatLimit, maximumEngineHeat, y"", ""wired_to"": ""nothing"", ""note"": ""this connector belongs to the model itself, not to a component inside it: the model is an interface compiled on its own, so the node is open on one side. Nothing forces its flow, which is why a structural matching reports an unmatched unknown here. Not a defect in the model""}",/data/mrumoca/eval/results_v3/aixlib/runtime_free.jsonl
aixlib,runtime-v3,AixLib.Fluid.BoilerCHP.ModularCHP.BaseClasses.BaseClassComponents.GasolineEngineChp_EngineHousing_CylToInnerWall,3,physical-zero-is-a-supported-limit,low,True,execution-not-completed,"{""domain"": ""thermal"", ""rule"": ""thermal.conductance.positive"", ""rule_origin"": ""heat flows from hot to cold; G <= 0 reverses the second law"", ""rule_reference"": """", ""matched_by"": {""quantity"": ""ThermalConductance"", ""unit"": ""W/K"", ""confidence"": ""QUANTITY_AND_UNIT"", ""premise_state"": ""unknown"", ""authority"": ""quantity_or_unit"", ""canonical_declaration"": ""AixLib.Fluid.BoilerCHP.ModularCHP.BaseClasses.BaseClassComponents.GasolineEngineChp_EngineHousing_CylToInnerWall.GInnWall""}, ""required"": ""GInnWall > 0"", ""declared_min"": null, ""variable_role"": ""parameter"", ""premise_state"": ""refuted"", ""authority"": ""component_contract"", ""contract"": ""Modelica.Thermal.HeatTransfer.Components.ThermalConductor.G: feature_disabled (proven, from equation) \u2014 inherited from innerThermalConductor1.G, which it binds: the parameter appears only as a multiplier, so at zero the term it scales drops out and the rest of the model is unaffected"", ""contract_behavior"": ""feature_disabled"", ""contract_confidence"": ""proven"", ""contract_source"": ""equation"", ""note"": ""the positivity rule does not apply: this component documents zero as a meaningful limit, so reporting a missing bound would contradict its contract""}",/data/mrumoca/eval/results_v3/aixlib/runtime_free.jsonl
aixlib,runtime-v3,AixLib.Fluid.BoilerCHP.ModularCHP.BaseClasses.BaseClassComponents.GasolineEngineChp_EngineHousing_CylToInnerWall,4,physical-zero-is-a-supported-limit,low,True,execution-not-completed,"{""domain"": ""fluid"", ""rule"": ""fluid.area.positive"", ""rule_origin"": ""a flow cross-section is a divisor in every velocity relation; zero area admits no flow and divides by zero"", ""rule_reference"": """", ""matched_by"": {""quantity"": ""Area"", ""unit"": ""m2"", ""confidence"": ""QUANTITY_AND_UNIT"", ""premise_state"": ""unknown"", ""authority"": ""quantity_or_unit"", ""canonical_declaration"": ""AixLib.Fluid.BoilerCHP.ModularCHP.BaseClasses.BaseClassComponents.GasolineEngineChp_EngineHousing_CylToInnerWall.A_WInn""}, ""required"": ""A_WInn > 0"", ""declared_min"": null, ""variable_role"": ""parameter"", ""premise_state"": ""refuted"", ""authority"": ""component_contract"", ""contract"": ""AixLib.Fluid.BoilerCHP.ModularCHP.BaseClasses.BaseClassComponents.GasolineEngineChp_EngineHousing_CylToInnerWall.A_WInn: feature_disabled (proven, from equation) \u2014 the parameter appears only as a multiplier, so at zero the term it scales drops out and the rest of the model is unaffected"", ""contract_behavior"": ""feature_disabled"", ""contract_confidence"": ""proven"", ""contract_source"": ""equation"", ""note"": ""the positivity rule does not apply: this component documents zero as a meaningful limit, so reporting a missing bound would contradict its contract""}",/data/mrumoca/eval/results_v3/aixlib/runtime_free.jsonl
aixlib,runtime-v3,AixLib.Fluid.BoilerCHP.ModularCHP.BaseClasses.BaseClassComponents.GasolineEngineChp_EngineHousing_CylToInnerWall,5,physical-zero-is-a-supported-limit,low,True,execution-not-completed,"{""domain"": ""thermal"", ""rule"": ""thermal.conductance.positive"", ""rule_origin"": ""heat flows from hot to cold; G <= 0 reverses the second law"", ""rule_reference"": """", ""matched_by"": {""quantity"": ""ThermalConductance"", ""unit"": ""W/K"", ""confidence"": ""QUANTITY_AND_UNIT"", ""premise_state"": ""unknown"", ""authority"": ""quantity_or_unit"", ""canonical_declaration"": ""Modelica.Thermal.HeatTransfer.Components.ThermalConductor.G""}, ""required"": ""innerThermalConductor1.G > 0"", ""declared_min"": null, ""variable_role"": ""parameter"", ""premise_state"": ""refuted"", ""authority"": ""component_contract"", ""contract"": ""Modelica.Thermal.HeatTransfer.Components.ThermalConductor.G: feature_disabled (proven, from equation) \u2014 the parameter appears only as a multiplier, so at zero the term it scales drops out and the rest of the model is unaffected"", ""contract_behavior"": ""feature_disabled"", ""contract_confidence"": ""proven"", ""contract_source"": ""equation"", ""note"": ""the positivity rule does not apply: this component documents zero as a meaningful limit, so reporting a missing bound would contradict its contract""}",/data/mrumoca/eval/results_v3/aixlib/runtime_free.jsonl
aixlib,runtime-v3,AixLib.Fluid.BoilerCHP.ModularCHP.BaseClasses.BaseClassComponents.GasolineEngineChp_EngineHousing_CylToInnerWall,6,network-observation-incomplete,info,True,execution-not-completed,"{""reason"": ""missing or unsynchronized connector member observations"", ""note"": ""coverage gap, not a model defect""}",/data/mrumoca/eval/results_v3/aixlib/runtime_free.jsonl
aixlib,runtime-v3,AixLib.Fluid.BoilerCHP.ModularCHP.BaseClasses.BaseClassComponents.GasolineEngineChp_EngineHousing_CylToInnerWall,7,initialization-failure,high,True,execution-not-completed,"{""failure_kind"": ""unknown"", ""reason"": ""aseClassComponents.GasolineEngineChp_EngineHousing_CylToInnerWall to t=1 with 27 trace point(s)... \u001b[31m\u001b[0m simulation failed: parameter `A_WInn` has neither a binding nor an initial \u001b[31m\u2502\u001b[0m value"", ""raw"": ""reading /tmp/tmpp_5u7_64/traced.rbc (bitcode v2, cbor) holding 2 free input(s) constant at their start values: T=0, T1=0 Simulating AixLib.Fluid.BoilerCHP.ModularCHP.BaseClasses.BaseClassComponents.GasolineEngineChp_EngineHousing_CylToInnerWall to t=1 with 27 trace point(s)... \u001b[31m\u001b[0m simulation failed: parameter `A_WInn` has neither a binding nor an initial \u001b[31m\u2502\u001b[0m value"", ""tool_side"": false}",/data/mrumoca/eval/results_v3/aixlib/runtime_free.jsonl
aixlib,runtime-v3,AixLib.Fluid.DistrictHeatingCooling.Pipes.BaseClassesStatic.StaticTransportDelay,0,physical-bound-permits-zero,low,True,execution-not-completed,"{""domain"": ""fluid"", ""rule"": ""fluid.density.positive"", ""rule_origin"": ""mass per volume of a real fluid; density appears as a divisor throughout the Fluid library"", ""rule_reference"": """", ""matched_by"": {""quantity"": ""Density"", ""unit"": ""kg/m3"", ""confidence"": ""QUANTITY_AND_UNIT"", ""premise_state"": ""unknown"", ""authority"": ""quantity_or_unit"", ""canonical_declaration"": ""AixLib.Fluid.DistrictHeatingCooling.Pipes.BaseClassesStatic.StaticTransportDelay.rho""}, ""required"": ""rho > 0"", ""declared_min"": 0.0, ""variable_role"": ""parameter"", ""premise_state"": ""established"", ""authority"": ""source_arithmetic"", ""canonical_declaration"": ""AixLib.Fluid.DistrictHeatingCooling.Pipes.BaseClassesStatic.StaticTransportDelay.rho"", ""contract_source"": ""equation"", ""premise_reason"": ""a source equation divides by this parameter, so the value is excluded by arithmetic rather than by intent"", ""note"": ""the declaration explicitly permits zero (`min=0`); whether zero is actually admissible needs execution, and for Mass/Inertia it is not""}",/data/mrumoca/eval/results_v3/aixlib/runtime_free.jsonl
aixlib,runtime-v3,AixLib.Fluid.DistrictHeatingCooling.Pipes.BaseClassesStatic.StaticTransportDelay,1,initialization-failure,high,True,execution-not-completed,"{""failure_kind"": ""unknown"", ""reason"": ""istrictHeatingCooling.Pipes.BaseClassesStatic.StaticTransportDelay to t=1 with 4 trace point(s)... \u001b[31m\u001b[0m simulation failed: parameter `length` has neither a binding nor an initial \u001b[31m\u2502\u001b[0m value"", ""raw"": ""reading /tmp/tmpnmr1wwgx/traced.rbc (bitcode v2, cbor) holding 1 free input(s) constant at their start values: m_flow=0 Simulating AixLib.Fluid.DistrictHeatingCooling.Pipes.BaseClassesStatic.StaticTransportDelay to t=1 with 4 trace point(s)... \u001b[31m\u001b[0m simulation failed: parameter `length` has neither a binding nor an initial \u001b[31m\u2502\u001b[0m value"", ""tool_side"": false}",/data/mrumoca/eval/results_v3/aixlib/runtime_free.jsonl
aixlib,runtime-v3,AixLib.Fluid.BoilerCHP.ModularCHP.BaseClasses.BaseClassComponents.GasolineEngineChp_EngineHousing_EngineBlock,0,network-boundary-port,low,False,execution-not-completed,"{""node"": ""innerThermalCond2.port_a -- port_a"", ""boundary_connectors"": ""port_a"", ""wired_to"": ""innerThermalCond2.port_a"", ""note"": ""this connector belongs to the model itself, not to a component inside it: the model is an interface compiled on its own, so the node is open on one side. Nothing forces its flow, which is why a structural matching reports an unmatched unknown here. Not a defect in the model""}",/data/mrumoca/eval/results_v3/aixlib/runtime_free.jsonl
aixlib,runtime-v3,AixLib.Fluid.BoilerCHP.ModularCHP.BaseClasses.BaseClassComponents.GasolineEngineChp_EngineHousing_EngineBlock,1,network-boundary-port,low,False,execution-not-completed,"{""node"": ""port_a1 -- toAmbient.port_a"", ""boundary_connectors"": ""port_a1"", ""wired_to"": ""toAmbient.port_a"", ""note"": ""this connector belongs to the model itself, not to a component inside it: the model is an interface compiled on its own, so the node is open on one side. Nothing forces its flow, which is why a structural matching reports an unmatched unknown here. Not a defect in the model""}",/data/mrumoca/eval/results_v3/aixlib/runtime_free.jsonl
aixlib,runtime-v3,AixLib.Fluid.BoilerCHP.ModularCHP.BaseClasses.BaseClassComponents.GasolineEngineChp_EngineHousing_EngineBlock,2,physical-zero-is-a-supported-limit,low,False,execution-not-completed,"{""domain"": ""thermal"", ""rule"": ""thermal.heat_capacity.positive"", ""rule_origin"": ""C*dT = dQ; a non-positive heat capacity makes a body cool when heated"", ""rule_reference"": """", ""matched_by"": {""quantity"": ""HeatCapacity"", ""unit"": ""J/K"", ""confidence"": ""QUANTITY_AND_UNIT"", ""premise_state"": ""unknown"", ""authority"": ""quantity_or_unit"", ""canonical_declaration"": ""AixLib.Fluid.BoilerCHP.ModularCHP.BaseClasses.BaseClassComponents.GasolineEngineChp_EngineHousing_EngineBlock.CEngBlo""}, ""required"": ""CEngBlo > 0"", ""declared_min"": null, ""variable_role"": ""parameter"", ""premise_state"": ""refuted"", ""authority"": ""component_contract"", ""contract"": ""Modelica.Thermal.HeatTransfer.Components.HeatCapacitor.C: algebraic_limit (proven, from equation) \u2014 inherited from outerEngineBlock.C, which it binds: the parameter multiplies a derivative, so at zero the differential relation becomes an algebraic constraint rather than an undefined quotient"", ""contract_behavior"": ""algebraic_limit"", ""contract_confidence"": ""proven"", ""contract_source"": ""equation"", ""note"": ""the positivity rule does not apply: this component documents zero as a meaningful limit, so reporting a missing bound would contradict its contract""}",/data/mrumoca/eval/results_v3/aixlib/runtime_free.jsonl
aixlib,runtime-v3,AixLib.Fluid.BoilerCHP.ModularCHP.BaseClasses.BaseClassComponents.GasolineEngineChp_EngineHousing_EngineBlock,3,physical-zero-is-a-supported-limit,low,False,execution-not-completed,"{""domain"": ""thermal"", ""rule"": ""thermal.conductance.positive"", ""rule_origin"": ""heat flows from hot to cold; G <= 0 reverses the second law"", ""rule_reference"": """", ""matched_by"": {""quantity"": ""ThermalConductance"", ""unit"": ""W/K"", ""confidence"": ""QUANTITY_AND_UNIT"", ""premise_state"": ""unknown"", ""authority"": ""quantity_or_unit"", ""canonical_declaration"": ""AixLib.Fluid.BoilerCHP.ModularCHP.BaseClasses.BaseClassComponents.GasolineEngineChp_EngineHousing_EngineBlock.GEngToAmb""}, ""required"": ""GEngToAmb > 0"", ""declared_min"": null, ""variable_role"": ""parameter"", ""premise_state"": ""refuted"", ""authority"": ""component_contract"", ""contract"": ""Modelica.Thermal.HeatTransfer.Components.ThermalConductor.G: feature_disabled (proven, from equation) \u2014 inherited from toAmbient.G, which it binds: the parameter appears only as a multiplier, so at zero the term it scales drops out and the rest of the model is unaffected"", ""contract_behavior"": ""feature_disabled"", ""contract_confidence"": ""proven"", ""contract_source"": ""equation"", ""note"": ""the positivity rule does not apply: this component documents zero as a meaningful limit, so reporting a missing bound would contradict its contract""}",/data/mrumoca/eval/results_v3/aixlib/runtime_free.jsonl
aixlib,runtime-v3,AixLib.Fluid.BoilerCHP.ModularCHP.BaseClasses.BaseClassComponents.GasolineEngineChp_EngineHousing_EngineBlock,4,physical-zero-is-a-supported-limit,low,False,execution-not-completed,"{""domain"": ""thermal"", ""rule"": ""thermal.conductance.positive"", ""rule_origin"": ""heat flows from hot to cold; G <= 0 reverses the second law"", ""rule_reference"": """", ""matched_by"": {""quantity"": ""ThermalConductance"", ""unit"": ""W/K"", ""confidence"": ""QUANTITY_AND_UNIT"", ""premise_state"": ""unknown"", ""authority"": ""quantity_or_unit"", ""canonical_declaration"": ""AixLib.Fluid.BoilerCHP.ModularCHP.BaseClasses.BaseClassComponents.GasolineEngineChp_EngineHousing_EngineBlock.GInnWall""}, ""required"": ""GInnWall > 0"", ""declared_min"": null, ""variable_role"": ""parameter"", ""premise_state"": ""refuted"", ""authority"": ""component_contract"", ""contract"": ""Modelica.Thermal.HeatTransfer.Components.ThermalConductor.G: feature_disabled (proven, from equation) \u2014 inherited from innerThermalCond2.G, which it binds: the parameter appears only as a multiplier, so at zero the term it scales drops out and the rest of the model is unaffected"", ""contract_behavior"": ""feature_disabled"", ""contract_confidence"": ""proven"", ""contract_source"": ""equation"", ""note"": ""the positivity rule does not apply: this component documents zero as a meaningful limit, so reporting a missing bound would contradict its contract""}",/data/mrumoca/eval/results_v3/aixlib/runtime_free.jsonl
aixlib,runtime-v3,AixLib.Fluid.BoilerCHP.ModularCHP.BaseClasses.BaseClassComponents.GasolineEngineChp_EngineHousing_EngineBlock,5,physical-zero-is-a-supported-limit,low,False,execution-not-completed,"{""domain"": ""thermal"", ""rule"": ""thermal.conductance.positive"", ""rule_origin"": ""heat flows from hot to cold; G <= 0 reverses the second law"", ""rule_reference"": """", ""matched_by"": {""quantity"": ""ThermalConductance"", ""unit"": ""W/K"", ""confidence"": ""QUANTITY_AND_UNIT"", ""premise_state"": ""unknown"", ""authority"": ""quantity_or_unit"", ""canonical_declaration"": ""AixLib.Fluid.BoilerCHP.ModularCHP.BaseClasses.BaseClassComponents.GasolineEngineChp_EngineHousing_EngineBlock.GEngBlo""}, ""required"": ""GEngBlo > 0"", ""declared_min"": null, ""variable_role"": ""parameter"", ""premise_state"": ""refuted"", ""authority"": ""component_contract"", ""contract"": ""Modelica.Thermal.HeatTransfer.Components.ThermalConductor.G: feature_disabled (proven, from equation) \u2014 inherited from outerThermalCond.G, which it binds: the parameter appears only as a multiplier, so at zero the term it scales drops out and the rest of the model is unaffected"", ""contract_behavior"": ""feature_disabled"", ""contract_confidence"": ""proven"", ""contract_source"": ""equation"", ""note"": ""the positivity rule does not apply: this component documents zero as a meaningful limit, so reporting a missing bound would contradict its contract""}",/data/mrumoca/eval/results_v3/aixlib/runtime_free.jsonl
aixlib,runtime-v3,AixLib.Fluid.BoilerCHP.ModularCHP.BaseClasses.BaseClassComponents.GasolineEngineChp_EngineHousing_EngineBlock,6,physical-bound-permits-zero,low,False,execution-not-completed,"{""domain"": ""fluid"", ""rule"": ""fluid.density.positive"", ""rule_origin"": ""mass per volume of a real fluid; density appears as a divisor throughout the Fluid library"", ""rule_reference"": """", ""matched_by"": {""quantity"": ""Density"", ""unit"": ""kg/m3"", ""confidence"": ""QUANTITY_AND_UNIT"", ""premise_state"": ""unknown"", ""authority"": ""quantity_or_unit"", ""canonical_declaration"": ""AixLib.Fluid.BoilerCHP.ModularCHP.BaseClasses.BaseClassComponents.GasolineEngineChp_EngineHousing_EngineBlock.rhoEngWall""}, ""required"": ""rhoEngWall > 0"", ""declared_min"": 0.0, ""variable_role"": ""parameter"", ""premise_state"": ""established"", ""authority"": ""source_arithmetic"", ""canonical_declaration"": ""AixLib.Fluid.BoilerCHP.ModularCHP.BaseClasses.BaseClassComponents.GasolineEngineChp_EngineHousing_EngineBlock.rhoEngWall"", ""contract_source"": ""equation"", ""premise_reason"": ""a source equation divides by this parameter, so the value is excluded by arithmetic rather than by intent"", ""note"": ""the declaration explicitly permits zero (`min=0`); whether zero is actually admissible needs execution, and for Mass/Inertia it is not""}",/data/mrumoca/eval/results_v3/aixlib/runtime_free.jsonl
aixlib,runtime-v3,AixLib.Fluid.BoilerCHP.ModularCHP.BaseClasses.BaseClassComponents.GasolineEngineChp_EngineHousing_EngineBlock,7,physical-domain-unenforced,medium,False,execution-not-completed,"{""domain"": ""fluid"", ""rule"": ""fluid.area.positive"", ""rule_origin"": ""a flow cross-section is a divisor in every velocity relation; zero area admits no flow and divides by zero"", ""rule_reference"": """", ""matched_by"": {""quantity"": ""Area"", ""unit"": ""m2"", ""confidence"": ""QUANTITY_AND_UNIT"", ""premise_state"": ""unknown"", ""authority"": ""quantity_or_unit"", ""canonical_declaration"": ""AixLib.Fluid.BoilerCHP.ModularCHP.BaseClasses.BaseClassComponents.GasolineEngineChp_EngineHousing_EngineBlock.A_WInn""}, ""required"": ""A_WInn > 0"", ""declared_min"": null, ""variable_role"": ""parameter"", ""premise_state"": ""established"", ""authority"": ""source_arithmetic"", ""canonical_declaration"": ""AixLib.Fluid.BoilerCHP.ModularCHP.BaseClasses.BaseClassComponents.GasolineEngineChp_EngineHousing_EngineBlock.A_WInn"", ""contract_source"": ""equation"", ""premise_reason"": ""a source equation divides by this parameter, so the value is excluded by arithmetic rather than by intent"", ""note"": ""nothing bounds this declaration, so it permits values the component's own contract forbids""}",/data/mrumoca/eval/results_v3/aixlib/runtime_free.jsonl
aixlib,runtime-v3,AixLib.Fluid.BoilerCHP.ModularCHP.BaseClasses.BaseClassComponents.GasolineEngineChp_EngineHousing_EngineBlock,8,physical-intent-question,low,False,execution-not-completed,"{""domain"": ""mechanical"", ""rule"": ""mech.mass.positive"", ""rule_origin"": ""m*a = f determines acceleration only for m > 0; negative mass is not a physical body"", ""rule_reference"": ""MSL Mechanics.Translational.Components.Mass"", ""matched_by"": {""quantity"": ""Mass"", ""unit"": ""kg"", ""confidence"": ""QUANTITY_AND_UNIT"", ""premise_state"": ""unknown"", ""authority"": ""quantity_or_unit"", ""canonical_declaration"": ""AixLib.Fluid.BoilerCHP.ModularCHP.BaseClasses.BaseClassComponents.GasolineEngineChp_EngineHousing_EngineBlock.mEngBlo""}, ""required"": ""mEngBlo > 0"", ""declared_min"": 0.0, ""variable_role"": ""parameter"", ""observation"": ""permissive-declaration"", ""premise_state"": ""unknown"", ""authority"": ""quantity_or_unit"", ""canonical_declaration"": ""AixLib.Fluid.BoilerCHP.ModularCHP.BaseClasses.BaseClassComponents.GasolineEngineChp_EngineHousing_EngineBlock.mEngBlo"", ""question"": ""`mEngBlo` is bounded only by min=0, which is unusual for a mass \u2014 but nothing declares what this component is, so the analyzer cannot tell whether it is intended. Is it? If so, declare it: add a component contract, or a `[[contracts]]` entry naming the intended `sign_domain`. If not, bound the declaration.""}",/data/mrumoca/eval/results_v3/aixlib/runtime_free.jsonl
aixlib,runtime-v3,AixLib.Fluid.BoilerCHP.ModularCHP.BaseClasses.BaseClassComponents.GasolineEngineChp_EngineHousing_EngineBlock,9,physical-intent-question,low,False,execution-not-completed,"{""domain"": ""mechanical"", ""rule"": ""mech.mass.positive"", ""rule_origin"": ""m*a = f determines acceleration only for m > 0; negative mass is not a physical body"", ""rule_reference"": ""MSL Mechanics.Translational.Components.Mass"", ""matched_by"": {""quantity"": ""Mass"", ""unit"": ""kg"", ""confidence"": ""QUANTITY_AND_UNIT"", ""premise_state"": ""unknown"", ""authority"": ""quantity_or_unit"", ""canonical_declaration"": ""AixLib.Fluid.BoilerCHP.ModularCHP.BaseClasses.BaseClassComponents.GasolineEngineChp_EngineHousing_EngineBlock.mEng""}, ""required"": ""mEng > 0"", ""declared_min"": 0.0, ""variable_role"": ""parameter"", ""observation"": ""permissive-declaration"", ""premise_state"": ""unknown"", ""authority"": ""quantity_or_unit"", ""canonical_declaration"": ""AixLib.Fluid.BoilerCHP.ModularCHP.BaseClasses.BaseClassComponents.GasolineEngineChp_EngineHousing_EngineBlock.mEng"", ""question"": ""`mEng` is bounded only by min=0, which is unusual for a mass \u2014 but nothing declares what this component is, so the analyzer cannot tell whether it is intended. Is it? If so, declare it: add a component contract, or a `[[contracts]]` entry naming the intended `sign_domain`. If not, bound the declaration.""}",/data/mrumoca/eval/results_v3/aixlib/runtime_free.jsonl
aixlib,runtime-v3,AixLib.Fluid.BoilerCHP.ModularCHP.BaseClasses.BaseClassComponents.GasolineEngineChp_EngineHousing_EngineBlock,10,physical-intent-question,low,False,execution-not-completed,"{""domain"": ""mechanical"", ""rule"": ""mech.mass.positive"", ""rule_origin"": ""m*a = f determines acceleration only for m > 0; negative mass is not a physical body"", ""rule_reference"": ""MSL Mechanics.Translational.Components.Mass"", ""matched_by"": {""quantity"": ""Mass"", ""unit"": ""kg"", ""confidence"": ""QUANTITY_AND_UNIT"", ""premise_state"": ""unknown"", ""authority"": ""quantity_or_unit"", ""canonical_declaration"": ""AixLib.Fluid.BoilerCHP.ModularCHP.BaseClasses.BaseClassComponents.GasolineEngineChp_EngineHousing_EngineBlock.mEngWall""}, ""required"": ""mEngWall > 0"", ""declared_min"": 0.0, ""variable_role"": ""parameter"", ""observation"": ""permissive-declaration"", ""premise_state"": ""unknown"", ""authority"": ""quantity_or_unit"", ""canonical_declaration"": ""AixLib.Fluid.BoilerCHP.ModularCHP.BaseClasses.BaseClassComponents.GasolineEngineChp_EngineHousing_EngineBlock.mEngWall"", ""question"": ""`mEngWall` is bounded only by min=0, which is unusual for a mass \u2014 but nothing declares what this component is, so the analyzer cannot tell whether it is intended. Is it? If so, declare it: add a component contract, or a `[[contracts]]` entry naming the intended `sign_domain`. If not, bound the declaration.""}",/data/mrumoca/eval/results_v3/aixlib/runtime_free.jsonl
aixlib,runtime-v3,AixLib.Fluid.BoilerCHP.ModularCHP.BaseClasses.BaseClassComponents.GasolineEngineChp_EngineHousing_EngineBlock,11,physical-zero-is-a-supported-limit,low,False,execution-not-completed,"{""domain"": ""thermal"", ""rule"": ""thermal.conductance.positive"", ""rule_origin"": ""heat flows from hot to cold; G <= 0 reverses the second law"", ""rule_reference"": """", ""matched_by"": {""quantity"": ""ThermalConductance"", ""unit"": ""W/K"", ""confidence"": ""QUANTITY_AND_UNIT"", ""premise_state"": ""unknown"", ""authority"": ""quantity_or_unit"", ""canonical_declaration"": ""Modelica.Thermal.HeatTransfer.Components.ThermalConductor.G""}, ""required"": ""innerThermalCond2.G > 0"", ""declared_min"": null, ""variable_role"": ""parameter"", ""premise_state"": ""refuted"", ""authority"": ""component_contract"", ""contract"": ""Modelica.Thermal.HeatTransfer.Components.ThermalConductor.G: feature_disabled (proven, from equation) \u2014 the parameter appears only as a multiplier, so at zero the term it scales drops out and the rest of the model is unaffected"", ""contract_behavior"": ""feature_disabled"", ""contract_confidence"": ""proven"", ""contract_source"": ""equation"", ""note"": ""the positivity rule does not apply: this component documents zero as a meaningful limit, so reporting a missing bound would contradict its contract""}",/data/mrumoca/eval/results_v3/aixlib/runtime_free.jsonl
aixlib,runtime-v3,AixLib.Fluid.BoilerCHP.ModularCHP.BaseClasses.BaseClassComponents.GasolineEngineChp_EngineHousing_EngineBlock,12,physical-zero-is-a-supported-limit,low,False,execution-not-completed,"{""domain"": ""thermal"", ""rule"": ""thermal.conductance.positive"", ""rule_origin"": ""heat flows from hot to cold; G <= 0 reverses the second law"", ""rule_reference"": """", ""matched_by"": {""quantity"": ""ThermalConductance"", ""unit"": ""W/K"", ""confidence"": ""QUANTITY_AND_UNIT"", ""premise_state"": ""unknown"", ""authority"": ""quantity_or_unit"", ""canonical_declaration"": ""Modelica.Thermal.HeatTransfer.Components.ThermalConductor.G""}, ""required"": ""outerThermalCond.G > 0"", ""declared_min"": null, ""variable_role"": ""parameter"", ""premise_state"": ""refuted"", ""authority"": ""component_contract"", ""contract"": ""Modelica.Thermal.HeatTransfer.Components.ThermalConductor.G: feature_disabled (proven, from equation) \u2014 the parameter appears only as a multiplier, so at zero the term it scales drops out and the rest of the model is unaffected"", ""contract_behavior"": ""feature_disabled"", ""contract_confidence"": ""proven"", ""contract_source"": ""equation"", ""note"": ""the positivity rule does not apply: this component documents zero as a meaningful limit, so reporting a missing bound would contradict its contract""}",/data/mrumoca/eval/results_v3/aixlib/runtime_free.jsonl
aixlib,runtime-v3,AixLib.Fluid.BoilerCHP.ModularCHP.BaseClasses.BaseClassComponents.GasolineEngineChp_EngineHousing_EngineBlock,13,physical-zero-is-a-supported-limit,low,False,execution-not-completed,"{""domain"": ""thermal"", ""rule"": ""thermal.heat_capacity.positive"", ""rule_origin"": ""C*dT = dQ; a non-positive heat capacity makes a body cool when heated"", ""rule_reference"": """", ""matched_by"": {""quantity"": ""HeatCapacity"", ""unit"": ""J/K"", ""confidence"": ""QUANTITY_AND_UNIT"", ""premise_state"": ""unknown"", ""authority"": ""quantity_or_unit"", ""canonical_declaration"": ""Modelica.Thermal.HeatTransfer.Components.HeatCapacitor.C""}, ""required"": ""outerEngineBlock.C > 0"", ""declared_min"": null, ""variable_role"": ""parameter"", ""premise_state"": ""refuted"", ""authority"": ""component_contract"", ""contract"": ""Modelica.Thermal.HeatTransfer.Components.HeatCapacitor.C: algebraic_limit (proven, from equation) \u2014 the parameter multiplies a derivative, so at zero the differential relation becomes an algebraic constraint rather than an undefined quotient"", ""contract_behavior"": ""algebraic_limit"", ""contract_confidence"": ""proven"", ""contract_source"": ""equation"", ""note"": ""the positivity rule does not apply: this component documents zero as a meaningful limit, so reporting a missing bound would contradict its contract""}",/data/mrumoca/eval/results_v3/aixlib/runtime_free.jsonl
aixlib,runtime-v3,AixLib.Fluid.BoilerCHP.ModularCHP.BaseClasses.BaseClassComponents.GasolineEngineChp_EngineHousing_EngineBlock,14,physical-zero-is-a-supported-limit,low,False,execution-not-completed,"{""domain"": ""thermal"", ""rule"": ""thermal.conductance.positive"", ""rule_origin"": ""heat flows from hot to cold; G <= 0 reverses the second law"", ""rule_reference"": """", ""matched_by"": {""quantity"": ""ThermalConductance"", ""unit"": ""W/K"", ""confidence"": ""QUANTITY_AND_UNIT"", ""premise_state"": ""unknown"", ""authority"": ""quantity_or_unit"", ""canonical_declaration"": ""Modelica.Thermal.HeatTransfer.Components.ThermalConductor.G""}, ""required"": ""outerThermalCond2.G > 0"", ""declared_min"": null, ""variable_role"": ""parameter"", ""premise_state"": ""refuted"", ""authority"": ""component_contract"", ""contract"": ""Modelica.Thermal.HeatTransfer.Components.ThermalConductor.G: feature_disabled (proven, from equation) \u2014 the parameter appears only as a multiplier, so at zero the term it scales drops out and the rest of the model is unaffected"", ""contract_behavior"": ""feature_disabled"", ""contract_confidence"": ""proven"", ""contract_source"": ""equation"", ""note"": ""the positivity rule does not apply: this component documents zero as a meaningful limit, so reporting a missing bound would contradict its contract""}",/data/mrumoca/eval/results_v3/aixlib/runtime_free.jsonl
aixlib,runtime-v3,AixLib.Fluid.BoilerCHP.ModularCHP.BaseClasses.BaseClassComponents.GasolineEngineChp_EngineHousing_EngineBlock,15,physical-zero-is-a-supported-limit,low,False,execution-not-completed,"{""domain"": ""thermal"", ""rule"": ""thermal.conductance.positive"", ""rule_origin"": ""heat flows from hot to cold; G <= 0 reverses the second law"", ""rule_reference"": """", ""matched_by"": {""quantity"": ""ThermalConductance"", ""unit"": ""W/K"", ""confidence"": ""QUANTITY_AND_UNIT"", ""premise_state"": ""unknown"", ""authority"": ""quantity_or_unit"", ""canonical_declaration"": ""Modelica.Thermal.HeatTransfer.Components.ThermalConductor.G""}, ""required"": ""toAmbient.G > 0"", ""declared_min"": null, ""variable_role"": ""parameter"", ""premise_state"": ""refuted"", ""authority"": ""component_contract"", ""contract"": ""Modelica.Thermal.HeatTransfer.Components.ThermalConductor.G: feature_disabled (proven, from equation) \u2014 the parameter appears only as a multiplier, so at zero the term it scales drops out and the rest of the model is unaffected"", ""contract_behavior"": ""feature_disabled"", ""contract_confidence"": ""proven"", ""contract_source"": ""equation"", ""note"": ""the positivity rule does not apply: this component documents zero as a meaningful limit, so reporting a missing bound would contradict its contract""}",/data/mrumoca/eval/results_v3/aixlib/runtime_free.jsonl
aixlib,runtime-v3,AixLib.Fluid.BoilerCHP.ModularCHP.BaseClasses.BaseClassComponents.GasolineEngineChp_EngineHousing_EngineBlock,16,network-observation-incomplete,info,False,execution-not-completed,"{""reason"": ""missing or unsynchronized connector member observations"", ""note"": ""coverage gap, not a model defect""}",/data/mrumoca/eval/results_v3/aixlib/runtime_free.jsonl
aixlib,runtime-v3,AixLib.Fluid.BoilerCHP.ModularCHP.BaseClasses.BaseClassComponents.GasolineEngineChp_EngineHousing_EngineBlock,17,initialization-failure,high,False,execution-not-completed,"{""failure_kind"": ""unknown"", ""reason"": ""ses.BaseClassComponents.GasolineEngineChp_EngineHousing_EngineBlock to t=1 with 32 trace point(s)... \u001b[31m\u001b[0m simulation failed: parameter `mEng` has neither a binding nor an initial \u001b[31m\u2502\u001b[0m value"", ""raw"": ""reading /tmp/tmp7dzhue9z/traced.rbc (bitcode v2, cbor) Simulating AixLib.Fluid.BoilerCHP.ModularCHP.BaseClasses.BaseClassComponents.GasolineEngineChp_EngineHousing_EngineBlock to t=1 with 32 trace point(s)... \u001b[31m\u001b[0m simulation failed: parameter `mEng` has neither a binding nor an initial \u001b[31m\u2502\u001b[0m value"", ""tool_side"": false}",/data/mrumoca/eval/results_v3/aixlib/runtime_free.jsonl
aixlib,runtime-v3,AixLib.Fluid.Geothermal.Borefields.BaseClasses.HeatTransfer.LoadAggregation.Validation.AggregationCellTimes,0,initialization-failure,high,False,execution-not-completed,"{""failure_kind"": ""nonlinear-solver-failure"", ""reason"": ""d initialization unknown space: a \u001b[31m\u2502\u001b[0m coordinate the lowering cannot read per scalar (array element, multi- \u001b[31m\u2502\u001b[0m scalar row, or structured family point)) value=-1.200000e2 norm=1.200000e2"", ""raw"": ""reading /tmp/tmptpy1fipt/traced.rbc (bitcode v2, cbor) Simulating AixLib.Fluid.Geothermal.Borefields.BaseClasses.HeatTransfer.LoadAggregation.Validation.AggregationCellTimes to t=1 with 2 trace point(s)... \u001b[31m\u001b[0m simulation failed: initial variable projection did not satisfy the complete \u001b[31m\u2502\u001b[0m residual system: max selected residual row=5 original_row=5 owner=none(row \u001b[31m\u2502\u001b[0m reads a coo"", ""tool_side"": false}",/data/mrumoca/eval/results_v3/aixlib/runtime_free.jsonl
aixlib,runtime-v3,AixLib.Fluid.Geothermal.Borefields.BaseClasses.HeatTransfer.ThermalResponseFactors.Validation.ShaGFunction,0,simulation-failure,high,False,execution-not-completed,"{""failure_kind"": ""unknown"", ""reason"": ""ansfer.ThermalResponseFactors.Validation.ShaGFunction to t=1 with 1 trace point(s)... \u001b[31m\u001b[0m simulation failed: invalid Solve IR contract: pure-call argument or slot \u001b[31m\u2502\u001b[0m interface is invalid"", ""raw"": ""reading /tmp/tmp009zillw/traced.rbc (bitcode v2, cbor) Simulating AixLib.Fluid.Geothermal.Borefields.BaseClasses.HeatTransfer.ThermalResponseFactors.Validation.ShaGFunction to t=1 with 1 trace point(s)... \u001b[31m\u001b[0m simulation failed: invalid Solve IR contract: pure-call argument or slot \u001b[31m\u2502\u001b[0m interface is invalid"", ""tool_side"": false}",/data/mrumoca/eval/results_v3/aixlib/runtime_free.jsonl
aixlib,runtime-v3,AixLib.Fluid.HeatExchangers.ActiveWalls.BaseClasses.HeatConductionSegment,0,network-boundary-port,low,False,execution-not-completed,"{""node"": ""port_a -- thermalConductor1.port_a"", ""boundary_connectors"": ""port_a"", ""wired_to"": ""thermalConductor1.port_a"", ""note"": ""this connector belongs to the model itself, not to a component inside it: the model is an interface compiled on its own, so the node is open on one side. Nothing forces its flow, which is why a structural matching reports an unmatched unknown here. Not a defect in the model""}",/data/mrumoca/eval/results_v3/aixlib/runtime_free.jsonl
aixlib,runtime-v3,AixLib.Fluid.HeatExchangers.ActiveWalls.BaseClasses.HeatConductionSegment,1,network-boundary-port,low,False,execution-not-completed,"{""node"": ""port_b -- thermalConductor2.port_b"", ""boundary_connectors"": ""port_b"", ""wired_to"": ""thermalConductor2.port_b"", ""note"": ""this connector belongs to the model itself, not to a component inside it: the model is an interface compiled on its own, so the node is open on one side. Nothing forces its flow, which is why a structural matching reports an unmatched unknown here. Not a defect in the model""}",/data/mrumoca/eval/results_v3/aixlib/runtime_free.jsonl
aixlib,runtime-v3,AixLib.Fluid.HeatExchangers.ActiveWalls.BaseClasses.HeatConductionSegment,2,physical-zero-is-a-supported-limit,low,False,execution-not-completed,"{""domain"": ""thermal"", ""rule"": ""thermal.conductance.positive"", ""rule_origin"": ""heat flows from hot to cold; G <= 0 reverses the second law"", ""rule_reference"": """", ""matched_by"": {""quantity"": ""ThermalConductance"", ""unit"": ""W/K"", ""confidence"": ""QUANTITY_AND_UNIT"", ""premise_state"": ""unknown"", ""authority"": ""quantity_or_unit"", ""canonical_declaration"": ""AixLib.Fluid.HeatExchangers.ActiveWalls.BaseClasses.HeatConductionSegment.kA""}, ""required"": ""kA > 0"", ""declared_min"": null, ""variable_role"": ""parameter"", ""premise_state"": ""refuted"", ""authority"": ""component_contract"", ""contract"": ""AixLib.Fluid.HeatExchangers.ActiveWalls.BaseClasses.HeatConductionSegment.kA: feature_disabled (proven, from equation) \u2014 the parameter appears only as a multiplier, so at zero the term it scales drops out and the rest of the model is unaffected"", ""contract_behavior"": ""feature_disabled"", ""contract_confidence"": ""proven"", ""contract_source"": ""equation"", ""note"": ""the positivity rule does not apply: this component documents zero as a meaningful limit, so reporting a missing bound would contradict its contract""}",/data/mrumoca/eval/results_v3/aixlib/runtime_free.jsonl
aixlib,runtime-v3,AixLib.Fluid.HeatExchangers.ActiveWalls.BaseClasses.HeatConductionSegment,3,physical-zero-is-a-supported-limit,low,False,execution-not-completed,"{""domain"": ""thermal"", ""rule"": ""thermal.heat_capacity.positive"", ""rule_origin"": ""C*dT = dQ; a non-positive heat capacity makes a body cool when heated"", ""rule_reference"": """", ""matched_by"": {""quantity"": ""HeatCapacity"", ""unit"": ""J/K"", ""confidence"": ""QUANTITY_AND_UNIT"", ""premise_state"": ""unknown"", ""authority"": ""quantity_or_unit"", ""canonical_declaration"": ""AixLib.Fluid.HeatExchangers.ActiveWalls.BaseClasses.HeatConductionSegment.mc_p""}, ""required"": ""mc_p > 0"", ""declared_min"": null, ""variable_role"": ""parameter"", ""premise_state"": ""refuted"", ""authority"": ""component_contract"", ""contract"": ""Modelica.Thermal.HeatTransfer.Components.HeatCapacitor.C: algebraic_limit (proven, from equation) \u2014 inherited from heatCapacitor.C, which it binds: the parameter multiplies a derivative, so at zero the differential relation becomes an algebraic constraint rather than an undefined quotient"", ""contract_behavior"": ""algebraic_limit"", ""contract_confidence"": ""proven"", ""contract_source"": ""equation"", ""note"": ""the positivity rule does not apply: this component documents zero as a meaningful limit, so reporting a missing bound would contradict its contract""}",/data/mrumoca/eval/results_v3/aixlib/runtime_free.jsonl
aixlib,runtime-v3,AixLib.Fluid.HeatExchangers.ActiveWalls.BaseClasses.HeatConductionSegment,4,physical-zero-is-a-supported-limit,low,False,execution-not-completed,"{""domain"": ""thermal"", ""rule"": ""thermal.conductance.positive"", ""rule_origin"": ""heat flows from hot to cold; G <= 0 reverses the second law"", ""rule_reference"": """", ""matched_by"": {""quantity"": ""ThermalConductance"", ""unit"": ""W/K"", ""confidence"": ""QUANTITY_AND_UNIT"", ""premise_state"": ""unknown"", ""authority"": ""quantity_or_unit"", ""canonical_declaration"": ""Modelica.Thermal.HeatTransfer.Components.ThermalConductor.G""}, ""required"": ""thermalConductor1.G > 0"", ""declared_min"": null, ""variable_role"": ""parameter"", ""premise_state"": ""refuted"", ""authority"": ""component_contract"", ""contract"": ""Modelica.Thermal.HeatTransfer.Components.ThermalConductor.G: feature_disabled (proven, from equation) \u2014 the parameter appears only as a multiplier, so at zero the term it scales drops out and the rest of the model is unaffected"", ""contract_behavior"": ""feature_disabled"", ""contract_confidence"": ""proven"", ""contract_source"": ""equation"", ""note"": ""the positivity rule does not apply: this component documents zero as a meaningful limit, so reporting a missing bound would contradict its contract""}",/data/mrumoca/eval/results_v3/aixlib/runtime_free.jsonl
aixlib,runtime-v3,AixLib.Fluid.HeatExchangers.ActiveWalls.BaseClasses.HeatConductionSegment,5,physical-zero-is-a-supported-limit,low,False,execution-not-completed,"{""domain"": ""thermal"", ""rule"": ""thermal.conductance.positive"", ""rule_origin"": ""heat flows from hot to cold; G <= 0 reverses the second law"", ""rule_reference"": """", ""matched_by"": {""quantity"": ""ThermalConductance"", ""unit"": ""W/K"", ""confidence"": ""QUANTITY_AND_UNIT"", ""premise_state"": ""unknown"", ""authority"": ""quantity_or_unit"", ""canonical_declaration"": ""Modelica.Thermal.HeatTransfer.Components.ThermalConductor.G""}, ""required"": ""thermalConductor2.G > 0"", ""declared_min"": null, ""variable_role"": ""parameter"", ""premise_state"": ""refuted"", ""authority"": ""component_contract"", ""contract"": ""Modelica.Thermal.HeatTransfer.Components.ThermalConductor.G: feature_disabled (proven, from equation) \u2014 the parameter appears only as a multiplier, so at zero the term it scales drops out and the rest of the model is unaffected"", ""contract_behavior"": ""feature_disabled"", ""contract_confidence"": ""proven"", ""contract_source"": ""equation"", ""note"": ""the positivity rule does not apply: this component documents zero as a meaningful limit, so reporting a missing bound would contradict its contract""}",/data/mrumoca/eval/results_v3/aixlib/runtime_free.jsonl
aixlib,runtime-v3,AixLib.Fluid.HeatExchangers.ActiveWalls.BaseClasses.HeatConductionSegment,6,physical-zero-is-a-supported-limit,low,False,execution-not-completed,"{""domain"": ""thermal"", ""rule"": ""thermal.heat_capacity.positive"", ""rule_origin"": ""C*dT = dQ; a non-positive heat capacity makes a body cool when heated"", ""rule_reference"": """", ""matched_by"": {""quantity"": ""HeatCapacity"", ""unit"": ""J/K"", ""confidence"": ""QUANTITY_AND_UNIT"", ""premise_state"": ""unknown"", ""authority"": ""quantity_or_unit"", ""canonical_declaration"": ""Modelica.Thermal.HeatTransfer.Components.HeatCapacitor.C""}, ""required"": ""heatCapacitor.C > 0"", ""declared_min"": null, ""variable_role"": ""parameter"", ""premise_state"": ""refuted"", ""authority"": ""component_contract"", ""contract"": ""Modelica.Thermal.HeatTransfer.Components.HeatCapacitor.C: algebraic_limit (proven, from equation) \u2014 the parameter multiplies a derivative, so at zero the differential relation becomes an algebraic constraint rather than an undefined quotient"", ""contract_behavior"": ""algebraic_limit"", ""contract_confidence"": ""proven"", ""contract_source"": ""equation"", ""note"": ""the positivity rule does not apply: this component documents zero as a meaningful limit, so reporting a missing bound would contradict its contract""}",/data/mrumoca/eval/results_v3/aixlib/runtime_free.jsonl
aixlib,runtime-v3,AixLib.Fluid.HeatExchangers.ActiveWalls.BaseClasses.HeatConductionSegment,7,network-observation-incomplete,info,False,execution-not-completed,"{""reason"": ""missing or unsynchronized connector member observations"", ""note"": ""coverage gap, not a model defect""}",/data/mrumoca/eval/results_v3/aixlib/runtime_free.jsonl
aixlib,runtime-v3,AixLib.Fluid.HeatExchangers.ActiveWalls.BaseClasses.HeatConductionSegment,8,initialization-failure,high,False,execution-not-completed,"{""failure_kind"": ""unknown"", ""reason"": ""ib.Fluid.HeatExchangers.ActiveWalls.BaseClasses.HeatConductionSegment to t=1 with 20 trace point(s)... \u001b[31m\u001b[0m simulation failed: parameter `kA` has neither a binding nor an initial \u001b[31m\u2502\u001b[0m value"", ""raw"": ""reading /tmp/tmp8gchgq6v/traced.rbc (bitcode v2, cbor) Simulating AixLib.Fluid.HeatExchangers.ActiveWalls.BaseClasses.HeatConductionSegment to t=1 with 20 trace point(s)... \u001b[31m\u001b[0m simulation failed: parameter `kA` has neither a binding nor an initial \u001b[31m\u2502\u001b[0m value"", ""tool_side"": false}",/data/mrumoca/eval/results_v3/aixlib/runtime_free.jsonl
aixlib,runtime-v3,AixLib.Fluid.HeatExchangers.Radiators.BaseClasses.HeatConvRadiator,0,network-port-unconnected,low,False,execution-not-completed,"{""connector"": ""port_a"", ""component"": ""<top level>"", ""component_class"": ""unknown"", ""flows_forced_to_zero"": ""port_a.Q_flow"", ""note"": ""nothing is connected to this port, so MLS \u00a79.2 forces its flow to zero. That is correct for a component compiled on its own and is not a defect; it is recorded because it is the commonest reason a model looks structurally singular""}",/data/mrumoca/eval/results_v3/aixlib/runtime_free.jsonl
aixlib,runtime-v3,AixLib.Fluid.HeatExchangers.Radiators.BaseClasses.HeatConvRadiator,1,network-port-unconnected,low,False,execution-not-completed,"{""connector"": ""port_b"", ""component"": ""<top level>"", ""component_class"": ""unknown"", ""flows_forced_to_zero"": ""port_b.Q_flow"", ""note"": ""nothing is connected to this port, so MLS \u00a79.2 forces its flow to zero. That is correct for a component compiled on its own and is not a defect; it is recorded because it is the commonest reason a model looks structurally singular""}",/data/mrumoca/eval/results_v3/aixlib/runtime_free.jsonl
aixlib,runtime-v3,AixLib.Fluid.HeatExchangers.Radiators.BaseClasses.HeatConvRadiator,2,network-component-isolated,low,False,execution-not-completed,"{""component"": ""<top level>"", ""component_class"": ""unknown"", ""ports"": ""port_a, port_b"", ""note"": ""every port of this instance is unconnected, so it exchanges nothing with the rest of the model while still contributing its equations""}",/data/mrumoca/eval/results_v3/aixlib/runtime_free.jsonl
aixlib,runtime-v3,AixLib.Fluid.HeatExchangers.Radiators.BaseClasses.HeatConvRadiator,3,network-observation-incomplete,info,False,execution-not-completed,"{""reason"": ""missing or unsynchronized connector member observations"", ""note"": ""coverage gap, not a model defect""}",/data/mrumoca/eval/results_v3/aixlib/runtime_free.jsonl
aixlib,runtime-v3,AixLib.Fluid.HeatExchangers.Radiators.BaseClasses.HeatConvRadiator,4,initialization-failure,high,False,execution-not-completed,"{""failure_kind"": ""singular-system"", ""reason"": ""eClasses.HeatConvRadiator to t=1 with 6 trace point(s)... \u001b[31m\u001b[0m simulation failed: DAE structural proof failed: structurally singular \u001b[31m\u2502\u001b[0m system: 5 matched out of 6 equations and 6 unknowns"", ""raw"": ""reading /tmp/tmpc7vsz6rt/traced.rbc (bitcode v2, cbor) Simulating AixLib.Fluid.HeatExchangers.Radiators.BaseClasses.HeatConvRadiator to t=1 with 6 trace point(s)... \u001b[31m\u001b[0m simulation failed: DAE structural proof failed: structurally singular \u001b[31m\u2502\u001b[0m system: 5 matched out of 6 equations and 6 unknowns"", ""tool_side"": false}",/data/mrumoca/eval/results_v3/aixlib/runtime_free.jsonl
aixlib,runtime-v3,AixLib.Fluid.HeatPumps.ModularReversible.Controls.Defrost.BaseClasses.OptimalDefrostWangEtAl,0,network-boundary-port,low,True,hold-input-contract-validation,"{""node"": ""TOda -- TOdaDegC"", ""boundary_connectors"": ""TOda, TOdaDegC"", ""wired_to"": ""nothing"", ""note"": ""this connector belongs to the model itself, not to a component inside it: the model is an interface compiled on its own, so the node is open on one side. Nothing forces its flow, which is why a structural matching reports an unmatched unknown here. Not a defect in the model""}",/data/mrumoca/eval/results_v3/aixlib/runtime_free.jsonl
aixlib,runtime-v3,AixLib.Fluid.HeatPumps.ModularReversible.Controls.Defrost.BaseClasses.OptimalDefrostWangEtAl,1,network-boundary-port,low,True,hold-input-contract-validation,"{""node"": ""minIceFac -- minIceFac_internal"", ""boundary_connectors"": ""minIceFac, minIceFac_internal"", ""wired_to"": ""nothing"", ""note"": ""this connector belongs to the model itself, not to a component inside it: the model is an interface compiled on its own, so the node is open on one side. Nothing forces its flow, which is why a structural matching reports an unmatched unknown here. Not a defect in the model""}",/data/mrumoca/eval/results_v3/aixlib/runtime_free.jsonl
aixlib,runtime-v3,AixLib.Fluid.HeatPumps.ModularReversible.Controls.Defrost.BaseClasses.OptimalDefrostWangEtAl,2,network-boundary-port,low,True,hold-input-contract-validation,"{""node"": ""relHum -- relHumInPer"", ""boundary_connectors"": ""relHum, relHumInPer"", ""wired_to"": ""nothing"", ""note"": ""this connector belongs to the model itself, not to a component inside it: the model is an interface compiled on its own, so the node is open on one side. Nothing forces its flow, which is why a structural matching reports an unmatched unknown here. Not a defect in the model""}",/data/mrumoca/eval/results_v3/aixlib/runtime_free.jsonl
aixlib,runtime-v3,AixLib.Fluid.HeatPumps.ModularReversible.Controls.Defrost.BaseClasses.OptimalDefrostWangEtAl,3,above-max,medium,True,hold-input-contract-validation,"{""variable"": ""epsNL"", ""bound"": ""max"", ""limit"": 100, ""value"": 98779.19438687497, ""excess"": 98679.19438687497, ""anchor_quality"": ""canonical""}",/data/mrumoca/eval/results_v3/aixlib/runtime_free.jsonl
aixlib,runtime-v3,AixLib.Fluid.HeatPumps.ModularReversible.Controls.Defrost.BaseClasses.OptimalDefrostWangEtAl,4,below-min,medium,True,hold-input-contract-validation,"{""variable"": ""minIceFac"", ""bound"": ""min"", ""limit"": 0, ""value"": -986.7919438687496, ""excess"": 986.7919438687496, ""anchor_quality"": ""canonical""}",/data/mrumoca/eval/results_v3/aixlib/runtime_free.jsonl
aixlib,runtime-v3,AixLib.Fluid.HeatPumps.ModularReversible.Controls.Defrost.NoDefrost,0,network-boundary-port,low,False,standalone-topology-not-defect-proof,"{""node"": ""booCon -- hea"", ""boundary_connectors"": ""booCon, hea"", ""wired_to"": ""nothing"", ""note"": ""this connector belongs to the model itself, not to a component inside it: the model is an interface compiled on its own, so the node is open on one side. Nothing forces its flow, which is why a structural matching reports an unmatched unknown here. Not a defect in the model""}",/data/mrumoca/eval/results_v3/aixlib/runtime_free.jsonl
aixlib,runtime-v3,AixLib.Fluid.HeatPumps.ModularReversible.Controls.Safety.Examples.AntiFreeze,0,network-boundary-port,low,False,standalone-topology-not-defect-proof,"{""node"": ""TConInEmu -- TEvaOutEmu -- antFre -- antFre.booPasThr -- antFre.disErr -- antFre.errAndSetOn -- antFre.hys -- antFre.intConOne -- antFre.min -- antFre.notVal -- antFre.sigBus -- conZer -- hys -- sigBus -- swiErr -- yOut -- ySet -- ySetOn -- ySetPul"", ""boundary_connectors"": ""TConInEmu, TEvaOutEmu, antFre, conZer, hys, sigBus, swiErr, yOut, ySet, ySetOn, ySetPul"", ""wired_to"": ""antFre.booPasThr, antFre.disErr, antFre.errAndSetOn, antFre.hys, antFre.intConOne, antFre.min, antFre.notVal, antFre.sigBus"", ""note"": ""this connector belongs to the model itself, not to a component inside it: the model is an interface compiled on its own, so the node is open on one side. Nothing forces its flow, which is why a structural matching reports an unmatched unknown here. Not a defect in the model""}",/data/mrumoca/eval/results_v3/aixlib/runtime_free.jsonl
aixlib,runtime-v3,AixLib.Fluid.HeatPumps.ModularReversible.Controls.Safety.Examples.MinimalFlowRate,0,network-boundary-port,low,False,standalone-topology-not-defect-proof,"{""node"": ""conZer -- hys -- mConEmu_flow -- mEvaEmu_flow -- minFloRatSaf -- minFloRatSaf.and1 -- minFloRatSaf.booPasThr -- minFloRatSaf.disErr -- minFloRatSaf.errAndSetOn -- minFloRatSaf.hysCon -- minFloRatSaf.hysEva -- minFloRatSaf.intConOne -- minFloRatSaf.notVal -- minFloRatSaf.sigBus -- sigBus -- swiErr -- yOut -- ySet -- ySetOn -- ySetPul"", ""boundary_connectors"": ""conZer, hys, mConEmu_flow, mEvaEmu_flow, minFloRatSaf, sigBus, swiErr, yOut, ySet, ySetOn, ySetPul"", ""wired_to"": ""minFloRatSaf.and1, minFloRatSaf.booPasThr, minFloRatSaf.disErr, minFloRatSaf.errAndSetOn, minFloRatSaf.hysCon, minFloRatSaf.hysEva, minFloRatSaf.intConOne, minFloRatSaf.notVal, minFloRatSaf.sigBus"", ""note"": ""this connector belongs to the model itself, not to a component inside it: the model is an interface compiled on its own, so the node is open on one side. Nothing forces its flow, which is why a structural matching reports an unmatched unknown here. Not a defect in the model""}",/data/mrumoca/eval/results_v3/aixlib/runtime_free.jsonl
aixlib,runtime-v3,AixLib.Fluid.HeatPumps.ModularReversible.RefrigerantCycle.Frosting.BaseClasses.FrostDensityKorn,0,network-boundary-port,low,True,hold-input-contract-validation,"{""node"": ""froDen -- froDen_internal"", ""boundary_connectors"": ""froDen, froDen_internal"", ""wired_to"": ""nothing"", ""note"": ""this connector belongs to the model itself, not to a component inside it: the model is an interface compiled on its own, so the node is open on one side. Nothing forces its flow, which is why a structural matching reports an unmatched unknown here. Not a defect in the model""}",/data/mrumoca/eval/results_v3/aixlib/runtime_free.jsonl
aixlib,runtime-v3,AixLib.Fluid.HeatPumps.ModularReversible.Examples.BaseClasses.OneRoomRadiatorHeatPumpControl,0,network-boundary-port,low,True,hold-input-contract-validation,"{""node"": ""PIDCoo -- PIDCoo.Dzero -- PIDCoo.FFzero -- PIDCoo.I -- PIDCoo.P -- PIDCoo.addFF -- PIDCoo.addI -- PIDCoo.addP -- PIDCoo.addPID -- PIDCoo.addSat -- PIDCoo.gainPID -- PIDCoo.gainTrack -- PIDCoo.limiter -- PIDHea -- PIDHea.Dzero -- PIDHea.FFzero -- PIDHea.I -- PIDHea.P -- PIDHea.addFF -- PIDHea.addI -- PIDHea.addP -- PIDHea.addPID -- PIDHea.addSat -- PIDHea.gainPID -- PIDHea.gainTrack -- PIDHea.limiter -- TRadSup -- TRooMea -- booPasThrCoo -- constTSetRooCoo -- constTSetRooHea -- constYSetZer -- cooValOrHea -- hea -- heaIsOn -- heaOrCooIsOn -- hysCoo -- hysHea -- hysSecCoo -- swiHeaCooYSet -- swiSecForCoo -- swiYSet -- ySet"", ""boundary_connectors"": ""PIDCoo, PIDHea, TRadSup, TRooMea, booPasThrCoo, constTSetRooCoo, constTSetRooHea, constYSetZer, cooValOrHea, hea, heaIsOn, heaOrCooIsOn, hysCoo, hysHea, hysSecCoo, swiHeaCooYSet, swiSecForCoo, swiYSet, ySet"", ""wired_to"": ""PIDCoo.Dzero, PIDCoo.FFzero, PIDCoo.I, PIDCoo.P, PIDCoo.addFF, PIDCoo.addI, PIDCoo.addP, PIDCoo.addPID, PIDCoo.addSat, PIDCoo.gainPID, PIDCoo.gainTrack, PIDCoo.limiter, PIDHea.Dzero, PIDHea.FFzero, PIDHea.I, PIDHea.P, PIDHea.addFF, PIDHea.addI, PIDHea.addP, PIDHea.addPID, PIDHea.addSat, PIDHea.gainPID, PIDHea.gainTrack, PIDHea.limiter"", ""note"": ""this connector belongs to the model itself, not to a component inside it: the model is an interface compiled on its own, so the node is open on one side. Nothing forces its flow, which is why a structural matching reports an unmatched unknown here. Not a defect in the model""}",/data/mrumoca/eval/results_v3/aixlib/runtime_free.jsonl
aixlib,runtime-v3,AixLib.Fluid.HeatPumps.ModularReversible.RefrigerantCycle.Frosting.BaseClasses.IceMassIntegrator,0,physical-intent-question,low,True,execution-not-completed,"{""domain"": ""mechanical"", ""rule"": ""mech.mass.positive"", ""rule_origin"": ""m*a = f determines acceleration only for m > 0; negative mass is not a physical body"", ""rule_reference"": ""MSL Mechanics.Translational.Components.Mass"", ""matched_by"": {""quantity"": ""Mass"", ""unit"": ""kg"", ""confidence"": ""QUANTITY_AND_UNIT"", ""premise_state"": ""unknown"", ""authority"": ""quantity_or_unit"", ""canonical_declaration"": ""AixLib.Fluid.HeatPumps.ModularReversible.RefrigerantCycle.Frosting.BaseClasses.IceMassIntegrator.mIce_max""}, ""required"": ""mIce_max > 0"", ""declared_min"": 0.0, ""variable_role"": ""parameter"", ""observation"": ""permissive-declaration"", ""premise_state"": ""unknown"", ""authority"": ""quantity_or_unit"", ""canonical_declaration"": ""AixLib.Fluid.HeatPumps.ModularReversible.RefrigerantCycle.Frosting.BaseClasses.IceMassIntegrator.mIce_max"", ""question"": ""`mIce_max` is bounded only by min=0, which is unusual for a mass \u2014 but nothing declares what this component is, so the analyzer cannot tell whether it is intended. Is it? If so, declare it: add a component contract, or a `[[contracts]]` entry naming the intended `sign_domain`. If not, bound the declaration.""}",/data/mrumoca/eval/results_v3/aixlib/runtime_free.jsonl
aixlib,runtime-v3,AixLib.Fluid.HeatPumps.ModularReversible.RefrigerantCycle.Frosting.BaseClasses.IceMassIntegrator,1,initialization-failure,high,True,execution-not-completed,"{""failure_kind"": ""unknown"", ""reason"": ""versible.RefrigerantCycle.Frosting.BaseClasses.IceMassIntegrator to t=1 with 4 trace point(s)... \u001b[31m\u001b[0m simulation failed: parameter `mIce_max` has neither a binding nor an \u001b[31m\u2502\u001b[0m initial value"", ""raw"": ""reading /tmp/tmpyr4twxej/traced.rbc (bitcode v2, cbor) holding 1 free input(s) constant at their start values: mIceGro=0 Simulating AixLib.Fluid.HeatPumps.ModularReversible.RefrigerantCycle.Frosting.BaseClasses.IceMassIntegrator to t=1 with 4 trace point(s)... \u001b[31m\u001b[0m simulation failed: parameter `mIce_max` has neither a binding nor an \u001b[31m\u2502\u001b[0m initial value"", ""tool_side"": false}",/data/mrumoca/eval/results_v3/aixlib/runtime_free.jsonl
aixlib,runtime-v3,AixLib.Fluid.HeatPumps.ModularReversible.RefrigerantCycle.Frosting.NoFrosting,0,network-boundary-port,low,False,execution-not-completed,"{""node"": ""conIsAirSource -- constNoFro -- constNoFroAlw -- iceFac -- swi"", ""boundary_connectors"": ""conIsAirSource, constNoFro, constNoFroAlw, iceFac, swi"", ""wired_to"": ""nothing"", ""note"": ""this connector belongs to the model itself, not to a component inside it: the model is an interface compiled on its own, so the node is open on one side. Nothing forces its flow, which is why a structural matching reports an unmatched unknown here. Not a defect in the model""}",/data/mrumoca/eval/results_v3/aixlib/runtime_free.jsonl
aixlib,runtime-v3,AixLib.Fluid.HeatPumps.ModularReversible.RefrigerantCycle.Frosting.NoFrosting,1,network-observation-incomplete,info,False,execution-not-completed,"{""reason"": ""missing or unsynchronized connector member observations"", ""note"": ""coverage gap, not a model defect""}",/data/mrumoca/eval/results_v3/aixlib/runtime_free.jsonl
aixlib,runtime-v3,AixLib.Fluid.HeatPumps.ModularReversible.RefrigerantCycle.Frosting.NoFrosting,2,initialization-failure,high,False,execution-not-completed,"{""failure_kind"": ""unknown"", ""reason"": ""id.HeatPumps.ModularReversible.RefrigerantCycle.Frosting.NoFrosting to t=1 with 8 trace point(s)... \u001b[31m\u001b[0m simulation failed: parameter `cpEva` has neither a binding nor an initial \u001b[31m\u2502\u001b[0m value"", ""raw"": ""reading /tmp/tmp0486p9mw/traced.rbc (bitcode v2, cbor) Simulating AixLib.Fluid.HeatPumps.ModularReversible.RefrigerantCycle.Frosting.NoFrosting to t=1 with 8 trace point(s)... \u001b[31m\u001b[0m simulation failed: parameter `cpEva` has neither a binding nor an initial \u001b[31m\u2502\u001b[0m value"", ""tool_side"": false}",/data/mrumoca/eval/results_v3/aixlib/runtime_free.jsonl
aixlib,runtime-v3,AixLib.Fluid.MassExchangers.MembraneBasedEnthalpyExchangers.BaseClasses.HeatTransfer.AdsorptionEnthalpy,0,physical-runtime-invariant-unobserved,low,True,execution-not-completed,"{""domain"": ""fluid"", ""rule"": ""fluid.density.positive"", ""rule_origin"": ""mass per volume of a real fluid; density appears as a divisor throughout the Fluid library"", ""rule_reference"": """", ""matched_by"": {""quantity"": ""Density"", ""unit"": ""kg/m3"", ""confidence"": ""QUANTITY_AND_UNIT"", ""premise_state"": ""unknown"", ""authority"": ""quantity_or_unit"", ""canonical_declaration"": ""AixLib.Fluid.MassExchangers.MembraneBasedEnthalpyExchangers.BaseClasses.HeatTransfer.AdsorptionEnthalpy.rho""}, ""required"": ""rho > 0"", ""variable_role"": ""algebraic"", ""note"": ""this is a runtime property of a algebraic variable, not a declaration a user can bound; deciding it needs an observation""}",/data/mrumoca/eval/results_v3/aixlib/runtime_free.jsonl
aixlib,runtime-v3,AixLib.Fluid.MassExchangers.MembraneBasedEnthalpyExchangers.BaseClasses.HeatTransfer.AdsorptionEnthalpy,1,initialization-failure,high,True,execution-not-completed,"{""failure_kind"": ""unknown"", ""reason"": ""neBasedEnthalpyExchangers.BaseClasses.HeatTransfer.AdsorptionEnthalpy to t=1 with 9 trace point(s)... \u001b[31m\u001b[0m simulation failed: parameter `v_0` has neither a binding nor an initial \u001b[31m\u2502\u001b[0m value"", ""raw"": ""reading /tmp/tmprj7pjys5/traced.rbc (bitcode v2, cbor) holding 2 free input(s) constant at their start values: T=0, phi=0 Simulating AixLib.Fluid.MassExchangers.MembraneBasedEnthalpyExchangers.BaseClasses.HeatTransfer.AdsorptionEnthalpy to t=1 with 9 trace point(s)... \u001b[31m\u001b[0m simulation failed: parameter `v_0` has neither a binding nor an initial \u001b[31m\u2502\u001b[0m value"", ""tool_side"": false}",/data/mrumoca/eval/results_v3/aixlib/runtime_free.jsonl
aixlib,runtime-v3,AixLib.Fluid.HeatPumps.ModularReversible.RefrigerantCycle.Inertias.NoInertia,0,network-boundary-port,low,True,hold-input-contract-validation,"{""node"": ""u -- y"", ""boundary_connectors"": ""u, y"", ""wired_to"": ""nothing"", ""note"": ""this connector belongs to the model itself, not to a component inside it: the model is an interface compiled on its own, so the node is open on one side. Nothing forces its flow, which is why a structural matching reports an unmatched unknown here. Not a defect in the model""}",/data/mrumoca/eval/results_v3/aixlib/runtime_free.jsonl
aixlib,runtime-v3,AixLib.Fluid.HeatPumps.ModularReversible.RefrigerantCycle.Inertias.NoInertia,1,network-observation-incomplete,info,True,hold-input-contract-validation,"{""reason"": ""missing or unsynchronized connector member observations"", ""note"": ""coverage gap, not a model defect""}",/data/mrumoca/eval/results_v3/aixlib/runtime_free.jsonl
aixlib,runtime-v3,AixLib.Fluid.HeatPumps.ModularReversible.RefrigerantCycle.Inertias.VariableOrder,0,network-boundary-port,low,True,execution-not-completed,"{""node"": ""criDam -- u -- y"", ""boundary_connectors"": ""criDam, u, y"", ""wired_to"": ""nothing"", ""note"": ""this connector belongs to the model itself, not to a component inside it: the model is an interface compiled on its own, so the node is open on one side. Nothing forces its flow, which is why a structural matching reports an unmatched unknown here. Not a defect in the model""}",/data/mrumoca/eval/results_v3/aixlib/runtime_free.jsonl
aixlib,runtime-v3,AixLib.Fluid.HeatPumps.ModularReversible.RefrigerantCycle.Inertias.VariableOrder,1,network-observation-incomplete,info,True,execution-not-completed,"{""reason"": ""missing or unsynchronized connector member observations"", ""note"": ""coverage gap, not a model defect""}",/data/mrumoca/eval/results_v3/aixlib/runtime_free.jsonl
aixlib,runtime-v3,AixLib.Fluid.HeatPumps.ModularReversible.RefrigerantCycle.Inertias.VariableOrder,2,initialization-failure,high,True,execution-not-completed,"{""failure_kind"": ""unknown"", ""reason"": "".ModularReversible.RefrigerantCycle.Inertias.VariableOrder to t=1 with 5 trace point(s)... \u001b[31m\u001b[0m simulation failed: parameter `refIneFreConst` has neither a binding nor an \u001b[31m\u2502\u001b[0m initial value"", ""raw"": ""reading /tmp/tmptfk3738y/traced.rbc (bitcode v2, cbor) holding 1 free input(s) constant at their start values: u=0 Simulating AixLib.Fluid.HeatPumps.ModularReversible.RefrigerantCycle.Inertias.VariableOrder to t=1 with 5 trace point(s)... \u001b[31m\u001b[0m simulation failed: parameter `refIneFreConst` has neither a binding nor an \u001b[31m\u2502\u001b[0m initial value"", ""tool_side"": false}",/data/mrumoca/eval/results_v3/aixlib/runtime_free.jsonl
aixlib,runtime-v3,AixLib.Fluid.MassExchangers.MembraneBasedEnthalpyExchangers.BaseClasses.HeatTransfer.CrossFlowReduction,0,physical-intent-question,low,True,execution-not-completed,"{""domain"": ""fluid"", ""rule"": ""fluid.area.positive"", ""rule_origin"": ""a flow cross-section is a divisor in every velocity relation; zero area admits no flow and divides by zero"", ""rule_reference"": """", ""matched_by"": {""quantity"": ""Area"", ""unit"": ""m2"", ""confidence"": ""QUANTITY_AND_UNIT"", ""premise_state"": ""unknown"", ""authority"": ""quantity_or_unit"", ""canonical_declaration"": ""AixLib.Fluid.MassExchangers.MembraneBasedEnthalpyExchangers.BaseClasses.HeatTransfer.CrossFlowReduction.surfaceAreas""}, ""required"": ""surfaceAreas > 0"", ""declared_min"": null, ""variable_role"": ""parameter"", ""observation"": ""permissive-declaration"", ""premise_state"": ""unknown"", ""authority"": ""quantity_or_unit"", ""canonical_declaration"": ""AixLib.Fluid.MassExchangers.MembraneBasedEnthalpyExchangers.BaseClasses.HeatTransfer.CrossFlowReduction.surfaceAreas"", ""question"": ""`surfaceAreas` carries no bound that would exclude it, which is unusual for an area \u2014 but nothing declares what this component is, so the analyzer cannot tell whether it is intended. Is it? If so, declare it: add a component contract, or a `[[contracts]]` entry naming the intended `sign_domain`. If not, bound the declaration.""}",/data/mrumoca/eval/results_v3/aixlib/runtime_free.jsonl
aixlib,runtime-v3,AixLib.Fluid.MassExchangers.MembraneBasedEnthalpyExchangers.BaseClasses.HeatTransfer.CrossFlowReduction,1,initialization-failure,high,True,execution-not-completed,"{""failure_kind"": ""unknown"", ""reason"": ""thalpyExchangers.BaseClasses.HeatTransfer.CrossFlowReduction to t=1 with 9 trace point(s)... \u001b[31m\u001b[0m simulation failed: parameter `thicknessMem` has neither a binding nor an \u001b[31m\u2502\u001b[0m initial value"", ""raw"": ""reading /tmp/tmp7n7jgv9m/traced.rbc (bitcode v2, cbor) holding 6 free input(s) constant at their start values: cp1=0, cp2=0, hCons1[1]=0, hCons2[1]=0, m_flow1=0, m_flow2=0 Simulating AixLib.Fluid.MassExchangers.MembraneBasedEnthalpyExchangers.BaseClasses.HeatTransfer.CrossFlowReduction to t=1 with 9 trace point(s)... \u001b[31m\u001b[0m simulation failed: parameter `thicknessMem` has neither a binding nor a"", ""tool_side"": false}",/data/mrumoca/eval/results_v3/aixlib/runtime_free.jsonl
aixlib,runtime-v3,AixLib.Fluid.MassExchangers.MembraneBasedEnthalpyExchangers.BaseClasses.HeatTransfer.MembraneHeatTransfer,0,network-port-unconnected,low,True,execution-not-completed,"{""connector"": ""heatPorts_a[1]"", ""component"": ""<top level>"", ""component_class"": ""unknown"", ""flows_forced_to_zero"": ""heatPorts_a[1].Q_flow"", ""note"": ""nothing is connected to this port, so MLS \u00a79.2 forces its flow to zero. That is correct for a component compiled on its own and is not a defect; it is recorded because it is the commonest reason a model looks structurally singular""}",/data/mrumoca/eval/results_v3/aixlib/runtime_free.jsonl
aixlib,runtime-v3,AixLib.Fluid.MassExchangers.MembraneBasedEnthalpyExchangers.BaseClasses.HeatTransfer.MembraneHeatTransfer,1,network-port-unconnected,low,True,execution-not-completed,"{""connector"": ""heatPorts_a[2]"", ""component"": ""<top level>"", ""component_class"": ""unknown"", ""flows_forced_to_zero"": ""heatPorts_a[2].Q_flow"", ""note"": ""nothing is connected to this port, so MLS \u00a79.2 forces its flow to zero. That is correct for a component compiled on its own and is not a defect; it is recorded because it is the commonest reason a model looks structurally singular""}",/data/mrumoca/eval/results_v3/aixlib/runtime_free.jsonl
aixlib,runtime-v3,AixLib.Fluid.MassExchangers.MembraneBasedEnthalpyExchangers.BaseClasses.HeatTransfer.MembraneHeatTransfer,2,network-port-unconnected,low,True,execution-not-completed,"{""connector"": ""heatPorts_b[1]"", ""component"": ""<top level>"", ""component_class"": ""unknown"", ""flows_forced_to_zero"": ""heatPorts_b[1].Q_flow"", ""note"": ""nothing is connected to this port, so MLS \u00a79.2 forces its flow to zero. That is correct for a component compiled on its own and is not a defect; it is recorded because it is the commonest reason a model looks structurally singular""}",/data/mrumoca/eval/results_v3/aixlib/runtime_free.jsonl
aixlib,runtime-v3,AixLib.Fluid.MassExchangers.MembraneBasedEnthalpyExchangers.BaseClasses.HeatTransfer.MembraneHeatTransfer,3,network-port-unconnected,low,True,execution-not-completed,"{""connector"": ""heatPorts_b[2]"", ""component"": ""<top level>"", ""component_class"": ""unknown"", ""flows_forced_to_zero"": ""heatPorts_b[2].Q_flow"", ""note"": ""nothing is connected to this port, so MLS \u00a79.2 forces its flow to zero. That is correct for a component compiled on its own and is not a defect; it is recorded because it is the commonest reason a model looks structurally singular""}",/data/mrumoca/eval/results_v3/aixlib/runtime_free.jsonl
aixlib,runtime-v3,AixLib.Fluid.MassExchangers.MembraneBasedEnthalpyExchangers.BaseClasses.HeatTransfer.MembraneHeatTransfer,4,network-component-isolated,low,True,execution-not-completed,"{""component"": ""<top level>"", ""component_class"": ""unknown"", ""ports"": ""heatPorts_a[1], heatPorts_a[2], heatPorts_b[1], heatPorts_b[2]"", ""note"": ""every port of this instance is unconnected, so it exchanges nothing with the rest of the model while still contributing its equations""}",/data/mrumoca/eval/results_v3/aixlib/runtime_free.jsonl
aixlib,runtime-v3,AixLib.Fluid.MassExchangers.MembraneBasedEnthalpyExchangers.BaseClasses.HeatTransfer.MembraneHeatTransfer,5,physical-zero-is-a-supported-limit,low,True,execution-not-completed,"{""domain"": ""fluid"", ""rule"": ""fluid.density.positive"", ""rule_origin"": ""mass per volume of a real fluid; density appears as a divisor throughout the Fluid library"", ""rule_reference"": """", ""matched_by"": {""quantity"": ""Density"", ""unit"": ""kg/m3"", ""confidence"": ""QUANTITY_AND_UNIT"", ""premise_state"": ""unknown"", ""authority"": ""quantity_or_unit"", ""canonical_declaration"": ""AixLib.Fluid.MassExchangers.MembraneBasedEnthalpyExchangers.BaseClasses.HeatTransfer.MembraneHeatTransfer.rhoMem""}, ""required"": ""rhoMem > 0"", ""declared_min"": 0.0, ""variable_role"": ""parameter"", ""premise_state"": ""refuted"", ""authority"": ""component_contract"", ""contract"": ""AixLib.Fluid.MassExchangers.MembraneBasedEnthalpyExchangers.BaseClasses.HeatTransfer.MembraneHeatTransfer.rhoMem: feature_disabled (proven, from equation) \u2014 the parameter appears only as a multiplier, so at zero the term it scales drops out and the rest of the model is unaffected"", ""contract_behavior"": ""feature_disabled"", ""contract_confidence"": ""proven"", ""contract_source"": ""equation"", ""note"": ""the positivity rule does not apply: this component documents zero as a meaningful limit, so reporting a missing bound would contradict its contract""}",/data/mrumoca/eval/results_v3/aixlib/runtime_free.jsonl
aixlib,runtime-v3,AixLib.Fluid.MassExchangers.MembraneBasedEnthalpyExchangers.BaseClasses.HeatTransfer.MembraneHeatTransfer,6,physical-intent-question,low,True,execution-not-completed,"{""domain"": ""mechanical"", ""rule"": ""mech.mass.positive"", ""rule_origin"": ""m*a = f determines acceleration only for m > 0; negative mass is not a physical body"", ""rule_reference"": ""MSL Mechanics.Translational.Components.Mass"", ""matched_by"": {""quantity"": ""Mass"", ""unit"": ""kg"", ""confidence"": ""QUANTITY_AND_UNIT"", ""premise_state"": ""unknown"", ""authority"": ""quantity_or_unit"", ""canonical_declaration"": ""AixLib.Fluid.MassExchangers.MembraneBasedEnthalpyExchangers.BaseClasses.HeatTransfer.MembraneHeatTransfer.mMem""}, ""required"": ""mMem > 0"", ""declared_min"": 0.0, ""variable_role"": ""parameter"", ""observation"": ""permissive-declaration"", ""premise_state"": ""unknown"", ""authority"": ""quantity_or_unit"", ""canonical_declaration"": ""AixLib.Fluid.MassExchangers.MembraneBasedEnthalpyExchangers.BaseClasses.HeatTransfer.MembraneHeatTransfer.mMem"", ""question"": ""`mMem` is bounded only by min=0, which is unusual for a mass \u2014 but nothing declares what this component is, so the analyzer cannot tell whether it is intended. Is it? If so, declare it: add a component contract, or a `[[contracts]]` entry naming the intended `sign_domain`. If not, bound the declaration.""}",/data/mrumoca/eval/results_v3/aixlib/runtime_free.jsonl
aixlib,runtime-v3,AixLib.Fluid.MassExchangers.MembraneBasedEnthalpyExchangers.BaseClasses.HeatTransfer.MembraneHeatTransfer,7,physical-zero-is-a-supported-limit,low,True,execution-not-completed,"{""domain"": ""fluid"", ""rule"": ""fluid.area.positive"", ""rule_origin"": ""a flow cross-section is a divisor in every velocity relation; zero area admits no flow and divides by zero"", ""rule_reference"": """", ""matched_by"": {""quantity"": ""Area"", ""unit"": ""m2"", ""confidence"": ""QUANTITY_AND_UNIT"", ""premise_state"": ""unknown"", ""authority"": ""quantity_or_unit"", ""canonical_declaration"": ""AixLib.Fluid.MassExchangers.MembraneBasedEnthalpyExchangers.BaseClasses.HeatTransfer.MembraneHeatTransfer.areaMem""}, ""required"": ""areaMem > 0"", ""declared_min"": null, ""variable_role"": ""parameter"", ""premise_state"": ""refuted"", ""authority"": ""component_contract"", ""contract"": ""AixLib.Fluid.MassExchangers.MembraneBasedEnthalpyExchangers.BaseClasses.HeatTransfer.MembraneHeatTransfer.areaMem: feature_disabled (proven, from equation) \u2014 the parameter appears only as a multiplier, so at zero the term it scales drops out and the rest of the model is unaffected"", ""contract_behavior"": ""feature_disabled"", ""contract_confidence"": ""proven"", ""contract_source"": ""equation"", ""note"": ""the positivity rule does not apply: this component documents zero as a meaningful limit, so reporting a missing bound would contradict its contract""}",/data/mrumoca/eval/results_v3/aixlib/runtime_free.jsonl
aixlib,runtime-v3,AixLib.Fluid.MassExchangers.MembraneBasedEnthalpyExchangers.BaseClasses.HeatTransfer.MembraneHeatTransfer,8,network-observation-incomplete,info,True,execution-not-completed,"{""reason"": ""missing or unsynchronized connector member observations"", ""note"": ""coverage gap, not a model defect""}",/data/mrumoca/eval/results_v3/aixlib/runtime_free.jsonl
aixlib,runtime-v3,AixLib.Fluid.MassExchangers.MembraneBasedEnthalpyExchangers.BaseClasses.HeatTransfer.MembraneHeatTransfer,9,initialization-failure,high,True,execution-not-completed,"{""failure_kind"": ""unknown"", ""reason"": ""thalpyExchangers.BaseClasses.HeatTransfer.MembraneHeatTransfer to t=1 with 13 trace point(s)... \u001b[31m\u001b[0m simulation failed: parameter `lengthMem` has neither a binding nor an \u001b[31m\u2502\u001b[0m initial value"", ""raw"": ""reading /tmp/tmpkm4okgm4/traced.rbc (bitcode v2, cbor) holding 2 free input(s) constant at their start values: coeCroCous[1]=0, coeCroCous[2]=0 Simulating AixLib.Fluid.MassExchangers.MembraneBasedEnthalpyExchangers.BaseClasses.HeatTransfer.MembraneHeatTransfer to t=1 with 13 trace point(s)... \u001b[31m\u001b[0m simulation failed: parameter `lengthMem` has neither a binding nor an \u001b[31m\u2502\u001b[0m initial value"", ""tool_side"": false}",/data/mrumoca/eval/results_v3/aixlib/runtime_free.jsonl
aixlib,runtime-v3,AixLib.Fluid.MassExchangers.MembraneBasedEnthalpyExchangers.BaseClasses.MassTransfer.CrossFlowReduction,0,physical-intent-question,low,True,execution-not-completed,"{""domain"": ""fluid"", ""rule"": ""fluid.area.positive"", ""rule_origin"": ""a flow cross-section is a divisor in every velocity relation; zero area admits no flow and divides by zero"", ""rule_reference"": """", ""matched_by"": {""quantity"": ""Area"", ""unit"": ""m2"", ""confidence"": ""QUANTITY_AND_UNIT"", ""premise_state"": ""unknown"", ""authority"": ""quantity_or_unit"", ""canonical_declaration"": ""AixLib.Fluid.MassExchangers.MembraneBasedEnthalpyExchangers.BaseClasses.MassTransfer.CrossFlowReduction.surfaceAreas""}, ""required"": ""surfaceAreas > 0"", ""declared_min"": null, ""variable_role"": ""parameter"", ""observation"": ""permissive-declaration"", ""premise_state"": ""unknown"", ""authority"": ""quantity_or_unit"", ""canonical_declaration"": ""AixLib.Fluid.MassExchangers.MembraneBasedEnthalpyExchangers.BaseClasses.MassTransfer.CrossFlowReduction.surfaceAreas"", ""question"": ""`surfaceAreas` carries no bound that would exclude it, which is unusual for an area \u2014 but nothing declares what this component is, so the analyzer cannot tell whether it is intended. Is it? If so, declare it: add a component contract, or a `[[contracts]]` entry naming the intended `sign_domain`. If not, bound the declaration.""}",/data/mrumoca/eval/results_v3/aixlib/runtime_free.jsonl
aixlib,runtime-v3,AixLib.Fluid.MassExchangers.MembraneBasedEnthalpyExchangers.BaseClasses.MassTransfer.CrossFlowReduction,1,initialization-failure,high,True,execution-not-completed,"{""failure_kind"": ""unknown"", ""reason"": ""thalpyExchangers.BaseClasses.MassTransfer.CrossFlowReduction to t=1 with 8 trace point(s)... \u001b[31m\u001b[0m simulation failed: parameter `thicknessMem` has neither a binding nor an \u001b[31m\u2502\u001b[0m initial value"", ""raw"": ""reading /tmp/tmpnwtjmn_k/traced.rbc (bitcode v2, cbor) holding 5 free input(s) constant at their start values: perMem=0, kCons1[1]=0, kCons2[1]=0, m_flow1=0, m_flow2=0 Simulating AixLib.Fluid.MassExchangers.MembraneBasedEnthalpyExchangers.BaseClasses.MassTransfer.CrossFlowReduction to t=1 with 8 trace point(s)... \u001b[31m\u001b[0m simulation failed: parameter `thicknessMem` has neither a binding nor an \u001b["", ""tool_side"": false}",/data/mrumoca/eval/results_v3/aixlib/runtime_free.jsonl
aixlib,runtime-v3,AixLib.Fluid.MassExchangers.MembraneBasedEnthalpyExchangers.BaseClasses.MassTransfer.MembraneMassTransfer,0,network-port-unconnected,low,True,execution-not-completed,"{""connector"": ""massPorts_a[1]"", ""component"": ""<top level>"", ""component_class"": ""unknown"", ""flows_forced_to_zero"": ""massPorts_a[1].m_flow"", ""note"": ""nothing is connected to this port, so MLS \u00a79.2 forces its flow to zero. That is correct for a component compiled on its own and is not a defect; it is recorded because it is the commonest reason a model looks structurally singular""}",/data/mrumoca/eval/results_v3/aixlib/runtime_free.jsonl
aixlib,runtime-v3,AixLib.Fluid.MassExchangers.MembraneBasedEnthalpyExchangers.BaseClasses.MassTransfer.MembraneMassTransfer,1,network-port-unconnected,low,True,execution-not-completed,"{""connector"": ""massPorts_a[2]"", ""component"": ""<top level>"", ""component_class"": ""unknown"", ""flows_forced_to_zero"": ""massPorts_a[2].m_flow"", ""note"": ""nothing is connected to this port, so MLS \u00a79.2 forces its flow to zero. That is correct for a component compiled on its own and is not a defect; it is recorded because it is the commonest reason a model looks structurally singular""}",/data/mrumoca/eval/results_v3/aixlib/runtime_free.jsonl
aixlib,runtime-v3,AixLib.Fluid.MassExchangers.MembraneBasedEnthalpyExchangers.BaseClasses.MassTransfer.MembraneMassTransfer,2,network-port-unconnected,low,True,execution-not-completed,"{""connector"": ""massPorts_b[1]"", ""component"": ""<top level>"", ""component_class"": ""unknown"", ""flows_forced_to_zero"": ""massPorts_b[1].m_flow"", ""note"": ""nothing is connected to this port, so MLS \u00a79.2 forces its flow to zero. That is correct for a component compiled on its own and is not a defect; it is recorded because it is the commonest reason a model looks structurally singular""}",/data/mrumoca/eval/results_v3/aixlib/runtime_free.jsonl
aixlib,runtime-v3,AixLib.Fluid.MassExchangers.MembraneBasedEnthalpyExchangers.BaseClasses.MassTransfer.MembraneMassTransfer,3,network-port-unconnected,low,True,execution-not-completed,"{""connector"": ""massPorts_b[2]"", ""component"": ""<top level>"", ""component_class"": ""unknown"", ""flows_forced_to_zero"": ""massPorts_b[2].m_flow"", ""note"": ""nothing is connected to this port, so MLS \u00a79.2 forces its flow to zero. That is correct for a component compiled on its own and is not a defect; it is recorded because it is the commonest reason a model looks structurally singular""}",/data/mrumoca/eval/results_v3/aixlib/runtime_free.jsonl
aixlib,runtime-v3,AixLib.Fluid.MassExchangers.MembraneBasedEnthalpyExchangers.BaseClasses.MassTransfer.MembraneMassTransfer,4,network-component-isolated,low,True,execution-not-completed,"{""component"": ""<top level>"", ""component_class"": ""unknown"", ""ports"": ""massPorts_a[1], massPorts_a[2], massPorts_b[1], massPorts_b[2]"", ""note"": ""every port of this instance is unconnected, so it exchanges nothing with the rest of the model while still contributing its equations""}",/data/mrumoca/eval/results_v3/aixlib/runtime_free.jsonl
aixlib,runtime-v3,AixLib.Fluid.MassExchangers.MembraneBasedEnthalpyExchangers.BaseClasses.MassTransfer.MembraneMassTransfer,5,physical-intent-question,low,True,execution-not-completed,"{""domain"": ""fluid"", ""rule"": ""fluid.density.positive"", ""rule_origin"": ""mass per volume of a real fluid; density appears as a divisor throughout the Fluid library"", ""rule_reference"": """", ""matched_by"": {""quantity"": ""Density"", ""unit"": ""kg/m3"", ""confidence"": ""QUANTITY_AND_UNIT"", ""premise_state"": ""unknown"", ""authority"": ""quantity_or_unit"", ""canonical_declaration"": ""AixLib.Fluid.MassExchangers.MembraneBasedEnthalpyExchangers.BaseClasses.MassTransfer.MembraneMassTransfer.rhoMem""}, ""required"": ""rhoMem > 0"", ""declared_min"": 0.0, ""variable_role"": ""parameter"", ""observation"": ""permissive-declaration"", ""premise_state"": ""unknown"", ""authority"": ""quantity_or_unit"", ""canonical_declaration"": ""AixLib.Fluid.MassExchangers.MembraneBasedEnthalpyExchangers.BaseClasses.MassTransfer.MembraneMassTransfer.rhoMem"", ""question"": ""`rhoMem` is bounded only by min=0, which is unusual for a density \u2014 but nothing declares what this component is, so the analyzer cannot tell whether it is intended. Is it? If so, declare it: add a component contract, or a `[[contracts]]` entry naming the intended `sign_domain`. If not, bound the declaration.""}",/data/mrumoca/eval/results_v3/aixlib/runtime_free.jsonl
aixlib,runtime-v3,AixLib.Fluid.MassExchangers.MembraneBasedEnthalpyExchangers.BaseClasses.MassTransfer.MembraneMassTransfer,6,physical-zero-is-a-supported-limit,low,True,execution-not-completed,"{""domain"": ""fluid"", ""rule"": ""fluid.area.positive"", ""rule_origin"": ""a flow cross-section is a divisor in every velocity relation; zero area admits no flow and divides by zero"", ""rule_reference"": """", ""matched_by"": {""quantity"": ""Area"", ""unit"": ""m2"", ""confidence"": ""QUANTITY_AND_UNIT"", ""premise_state"": ""unknown"", ""authority"": ""quantity_or_unit"", ""canonical_declaration"": ""AixLib.Fluid.MassExchangers.MembraneBasedEnthalpyExchangers.BaseClasses.MassTransfer.MembraneMassTransfer.areaMem""}, ""required"": ""areaMem > 0"", ""declared_min"": null, ""variable_role"": ""parameter"", ""premise_state"": ""refuted"", ""authority"": ""component_contract"", ""contract"": ""AixLib.Fluid.MassExchangers.MembraneBasedEnthalpyExchangers.BaseClasses.MassTransfer.MembraneMassTransfer.areaMem: feature_disabled (proven, from equation) \u2014 the parameter appears only as a multiplier, so at zero the term it scales drops out and the rest of the model is unaffected"", ""contract_behavior"": ""feature_disabled"", ""contract_confidence"": ""proven"", ""contract_source"": ""equation"", ""note"": ""the positivity rule does not apply: this component documents zero as a meaningful limit, so reporting a missing bound would contradict its contract""}",/data/mrumoca/eval/results_v3/aixlib/runtime_free.jsonl
aixlib,runtime-v3,AixLib.Fluid.MassExchangers.MembraneBasedEnthalpyExchangers.BaseClasses.MassTransfer.MembraneMassTransfer,7,network-observation-incomplete,info,True,execution-not-completed,"{""reason"": ""missing or unsynchronized connector member observations"", ""note"": ""coverage gap, not a model defect""}",/data/mrumoca/eval/results_v3/aixlib/runtime_free.jsonl
aixlib,runtime-v3,AixLib.Fluid.MassExchangers.MembraneBasedEnthalpyExchangers.BaseClasses.MassTransfer.MembraneMassTransfer,8,initialization-failure,high,True,execution-not-completed,"{""failure_kind"": ""singular-system"", ""reason"": ""fer.MembraneMassTransfer to t=1 with 10 trace point(s)... \u001b[31m\u001b[0m simulation failed: DAE structural proof failed: structurally singular \u001b[31m\u2502\u001b[0m system: 6 matched out of 8 equations and 8 unknowns"", ""raw"": ""reading /tmp/tmp6uphls2q/traced.rbc (bitcode v2, cbor) holding 3 free input(s) constant at their start values: perMem=0, coeCroCous[1]=0, coeCroCous[2]=0 Simulating AixLib.Fluid.MassExchangers.MembraneBasedEnthalpyExchangers.BaseClasses.MassTransfer.MembraneMassTransfer to t=1 with 10 trace point(s)... \u001b[31m\u001b[0m simulation failed: DAE structural proof failed: structurally singular \u001b[31m\u2502\u001b[0m syste"", ""tool_side"": false}",/data/mrumoca/eval/results_v3/aixlib/runtime_free.jsonl
aixlib,runtime-v3,AixLib.Fluid.MassExchangers.MembraneBasedEnthalpyExchangers.BaseClasses.Membrane,0,network-boundary-port,low,False,execution-not-completed,"{""node"": ""heatPorts_a[1] -- heatTransfer.heatPorts_a[1]"", ""boundary_connectors"": ""heatPorts_a[1]"", ""wired_to"": ""heatTransfer.heatPorts_a[1]"", ""note"": ""this connector belongs to the model itself, not to a component inside it: the model is an interface compiled on its own, so the node is open on one side. Nothing forces its flow, which is why a structural matching reports an unmatched unknown here. Not a defect in the model""}",/data/mrumoca/eval/results_v3/aixlib/runtime_free.jsonl
aixlib,runtime-v3,AixLib.Fluid.MassExchangers.MembraneBasedEnthalpyExchangers.BaseClasses.Membrane,1,network-boundary-port,low,False,execution-not-completed,"{""node"": ""heatPorts_a[2] -- heatTransfer.heatPorts_a[2]"", ""boundary_connectors"": ""heatPorts_a[2]"", ""wired_to"": ""heatTransfer.heatPorts_a[2]"", ""note"": ""this connector belongs to the model itself, not to a component inside it: the model is an interface compiled on its own, so the node is open on one side. Nothing forces its flow, which is why a structural matching reports an unmatched unknown here. Not a defect in the model""}",/data/mrumoca/eval/results_v3/aixlib/runtime_free.jsonl
aixlib,runtime-v3,AixLib.Fluid.MassExchangers.MembraneBasedEnthalpyExchangers.BaseClasses.Membrane,2,network-boundary-port,low,False,execution-not-completed,"{""node"": ""heatPorts_b[1] -- heatTransfer.heatPorts_b[1]"", ""boundary_connectors"": ""heatPorts_b[1]"", ""wired_to"": ""heatTransfer.heatPorts_b[1]"", ""note"": ""this connector belongs to the model itself, not to a component inside it: the model is an interface compiled on its own, so the node is open on one side. Nothing forces its flow, which is why a structural matching reports an unmatched unknown here. Not a defect in the model""}",/data/mrumoca/eval/results_v3/aixlib/runtime_free.jsonl
aixlib,runtime-v3,AixLib.Fluid.MassExchangers.MembraneBasedEnthalpyExchangers.BaseClasses.Membrane,3,network-boundary-port,low,False,execution-not-completed,"{""node"": ""heatPorts_b[2] -- heatTransfer.heatPorts_b[2]"", ""boundary_connectors"": ""heatPorts_b[2]"", ""wired_to"": ""heatTransfer.heatPorts_b[2]"", ""note"": ""this connector belongs to the model itself, not to a component inside it: the model is an interface compiled on its own, so the node is open on one side. Nothing forces its flow, which is why a structural matching reports an unmatched unknown here. Not a defect in the model""}",/data/mrumoca/eval/results_v3/aixlib/runtime_free.jsonl
aixlib,runtime-v3,AixLib.Fluid.MassExchangers.MembraneBasedEnthalpyExchangers.BaseClasses.Membrane,4,network-boundary-port,low,False,execution-not-completed,"{""node"": ""massPorts_a[1] -- massTransfer.massPorts_a[1]"", ""boundary_connectors"": ""massPorts_a[1]"", ""wired_to"": ""massTransfer.massPorts_a[1]"", ""note"": ""this connector belongs to the model itself, not to a component inside it: the model is an interface compiled on its own, so the node is open on one side. Nothing forces its flow, which is why a structural matching reports an unmatched unknown here. Not a defect in the model""}",/data/mrumoca/eval/results_v3/aixlib/runtime_free.jsonl
aixlib,runtime-v3,AixLib.Fluid.MassExchangers.MembraneBasedEnthalpyExchangers.BaseClasses.Membrane,5,network-boundary-port,low,False,execution-not-completed,"{""node"": ""massPorts_a[2] -- massTransfer.massPorts_a[2]"", ""boundary_connectors"": ""massPorts_a[2]"", ""wired_to"": ""massTransfer.massPorts_a[2]"", ""note"": ""this connector belongs to the model itself, not to a component inside it: the model is an interface compiled on its own, so the node is open on one side. Nothing forces its flow, which is why a structural matching reports an unmatched unknown here. Not a defect in the model""}",/data/mrumoca/eval/results_v3/aixlib/runtime_free.jsonl
aixlib,runtime-v3,AixLib.Fluid.MassExchangers.MembraneBasedEnthalpyExchangers.BaseClasses.Membrane,6,network-boundary-port,low,False,execution-not-completed,"{""node"": ""massPorts_b[1] -- massTransfer.massPorts_b[1]"", ""boundary_connectors"": ""massPorts_b[1]"", ""wired_to"": ""massTransfer.massPorts_b[1]"", ""note"": ""this connector belongs to the model itself, not to a component inside it: the model is an interface compiled on its own, so the node is open on one side. Nothing forces its flow, which is why a structural matching reports an unmatched unknown here. Not a defect in the model""}",/data/mrumoca/eval/results_v3/aixlib/runtime_free.jsonl
aixlib,runtime-v3,AixLib.Fluid.MassExchangers.MembraneBasedEnthalpyExchangers.BaseClasses.Membrane,7,network-boundary-port,low,False,execution-not-completed,"{""node"": ""massPorts_b[2] -- massTransfer.massPorts_b[2]"", ""boundary_connectors"": ""massPorts_b[2]"", ""wired_to"": ""massTransfer.massPorts_b[2]"", ""note"": ""this connector belongs to the model itself, not to a component inside it: the model is an interface compiled on its own, so the node is open on one side. Nothing forces its flow, which is why a structural matching reports an unmatched unknown here. Not a defect in the model""}",/data/mrumoca/eval/results_v3/aixlib/runtime_free.jsonl
aixlib,runtime-v3,AixLib.Fluid.MassExchangers.MembraneBasedEnthalpyExchangers.BaseClasses.Membrane,8,physical-intent-question,low,False,execution-not-completed,"{""domain"": ""fluid"", ""rule"": ""fluid.density.positive"", ""rule_origin"": ""mass per volume of a real fluid; density appears as a divisor throughout the Fluid library"", ""rule_reference"": """", ""matched_by"": {""quantity"": ""Density"", ""unit"": ""kg/m3"", ""confidence"": ""QUANTITY_AND_UNIT"", ""premise_state"": ""unknown"", ""authority"": ""quantity_or_unit"", ""canonical_declaration"": ""AixLib.Fluid.MassExchangers.MembraneBasedEnthalpyExchangers.BaseClasses.Membrane.rhoMem""}, ""required"": ""rhoMem > 0"", ""declared_min"": 0.0, ""variable_role"": ""parameter"", ""observation"": ""permissive-declaration"", ""premise_state"": ""unknown"", ""authority"": ""quantity_or_unit"", ""canonical_declaration"": ""AixLib.Fluid.MassExchangers.MembraneBasedEnthalpyExchangers.BaseClasses.Membrane.rhoMem"", ""question"": ""`rhoMem` is bounded only by min=0, which is unusual for a density \u2014 but nothing declares what this component is, so the analyzer cannot tell whether it is intended. Is it? If so, declare it: add a component contract, or a `[[contracts]]` entry naming the intended `sign_domain`. If not, bound the declaration.""}",/data/mrumoca/eval/results_v3/aixlib/runtime_free.jsonl
aixlib,runtime-v3,AixLib.Fluid.MassExchangers.MembraneBasedEnthalpyExchangers.BaseClasses.Membrane,9,physical-zero-is-a-supported-limit,low,False,execution-not-completed,"{""domain"": ""fluid"", ""rule"": ""fluid.density.positive"", ""rule_origin"": ""mass per volume of a real fluid; density appears as a divisor throughout the Fluid library"", ""rule_reference"": """", ""matched_by"": {""quantity"": ""Density"", ""unit"": ""kg/m3"", ""confidence"": ""QUANTITY_AND_UNIT"", ""premise_state"": ""unknown"", ""authority"": ""quantity_or_unit"", ""canonical_declaration"": ""AixLib.Fluid.MassExchangers.MembraneBasedEnthalpyExchangers.BaseClasses.Membrane.HeatTransfer.rhoMem""}, ""required"": ""heatTransfer.rhoMem > 0"", ""declared_min"": 0.0, ""variable_role"": ""parameter"", ""premise_state"": ""refuted"", ""authority"": ""component_contract"", ""contract"": ""AixLib.Fluid.MassExchangers.MembraneBasedEnthalpyExchangers.BaseClasses.Membrane.HeatTransfer.rhoMem: feature_disabled (proven, from equation) \u2014 the parameter appears only as a multiplier, so at zero the term it scales drops out and the rest of the model is unaffected"", ""contract_behavior"": ""feature_disabled"", ""contract_confidence"": ""proven"", ""contract_source"": ""equation"", ""note"": ""the positivity rule does not apply: this component documents zero as a meaningful limit, so reporting a missing bound would contradict its contract""}",/data/mrumoca/eval/results_v3/aixlib/runtime_free.jsonl
aixlib,runtime-v3,AixLib.Fluid.MassExchangers.MembraneBasedEnthalpyExchangers.BaseClasses.Membrane,10,physical-intent-question,low,False,execution-not-completed,"{""domain"": ""mechanical"", ""rule"": ""mech.mass.positive"", ""rule_origin"": ""m*a = f determines acceleration only for m > 0; negative mass is not a physical body"", ""rule_reference"": ""MSL Mechanics.Translational.Components.Mass"", ""matched_by"": {""quantity"": ""Mass"", ""unit"": ""kg"", ""confidence"": ""QUANTITY_AND_UNIT"", ""premise_state"": ""unknown"", ""authority"": ""quantity_or_unit"", ""canonical_declaration"": ""AixLib.Fluid.MassExchangers.MembraneBasedEnthalpyExchangers.BaseClasses.Membrane.HeatTransfer.mMem""}, ""required"": ""heatTransfer.mMem > 0"", ""declared_min"": 0.0, ""variable_role"": ""parameter"", ""observation"": ""permissive-declaration"", ""premise_state"": ""unknown"", ""authority"": ""quantity_or_unit"", ""canonical_declaration"": ""AixLib.Fluid.MassExchangers.MembraneBasedEnthalpyExchangers.BaseClasses.Membrane.HeatTransfer.mMem"", ""question"": ""`heatTransfer.mMem` is bounded only by min=0, which is unusual for a mass \u2014 but nothing declares what this component is, so the analyzer cannot tell whether it is intended. Is it? If so, declare it: add a component contract, or a `[[contracts]]` entry naming the intended `sign_domain`. If not, bound the declaration.""}",/data/mrumoca/eval/results_v3/aixlib/runtime_free.jsonl
aixlib,runtime-v3,AixLib.Fluid.MassExchangers.MembraneBasedEnthalpyExchangers.BaseClasses.Membrane,11,physical-zero-is-a-supported-limit,low,False,execution-not-completed,"{""domain"": ""fluid"", ""rule"": ""fluid.area.positive"", ""rule_origin"": ""a flow cross-section is a divisor in every velocity relation; zero area admits no flow and divides by zero"", ""rule_reference"": """", ""matched_by"": {""quantity"": ""Area"", ""unit"": ""m2"", ""confidence"": ""QUANTITY_AND_UNIT"", ""premise_state"": ""unknown"", ""authority"": ""quantity_or_unit"", ""canonical_declaration"": ""AixLib.Fluid.MassExchangers.MembraneBasedEnthalpyExchangers.BaseClasses.Membrane.HeatTransfer.areaMem""}, ""required"": ""heatTransfer.areaMem > 0"", ""declared_min"": null, ""variable_role"": ""parameter"", ""premise_state"": ""refuted"", ""authority"": ""component_contract"", ""contract"": ""AixLib.Fluid.MassExchangers.MembraneBasedEnthalpyExchangers.BaseClasses.Membrane.HeatTransfer.areaMem: feature_disabled (proven, from equation) \u2014 the parameter appears only as a multiplier, so at zero the term it scales drops out and the rest of the model is unaffected"", ""contract_behavior"": ""feature_disabled"", ""contract_confidence"": ""proven"", ""contract_source"": ""equation"", ""note"": ""the positivity rule does not apply: this component documents zero as a meaningful limit, so reporting a missing bound would contradict its contract""}",/data/mrumoca/eval/results_v3/aixlib/runtime_free.jsonl
aixlib,runtime-v3,AixLib.Fluid.MassExchangers.MembraneBasedEnthalpyExchangers.BaseClasses.Membrane,12,physical-intent-question,low,False,execution-not-completed,"{""domain"": ""fluid"", ""rule"": ""fluid.density.positive"", ""rule_origin"": ""mass per volume of a real fluid; density appears as a divisor throughout the Fluid library"", ""rule_reference"": """", ""matched_by"": {""quantity"": ""Density"", ""unit"": ""kg/m3"", ""confidence"": ""QUANTITY_AND_UNIT"", ""premise_state"": ""unknown"", ""authority"": ""quantity_or_unit"", ""canonical_declaration"": ""AixLib.Fluid.MassExchangers.MembraneBasedEnthalpyExchangers.BaseClasses.Membrane.MassTransfer.rhoMem""}, ""required"": ""massTransfer.rhoMem > 0"", ""declared_min"": 0.0, ""variable_role"": ""parameter"", ""observation"": ""permissive-declaration"", ""premise_state"": ""unknown"", ""authority"": ""quantity_or_unit"", ""canonical_declaration"": ""AixLib.Fluid.MassExchangers.MembraneBasedEnthalpyExchangers.BaseClasses.Membrane.MassTransfer.rhoMem"", ""question"": ""`massTransfer.rhoMem` is bounded only by min=0, which is unusual for a density \u2014 but nothing declares what this component is, so the analyzer cannot tell whether it is intended. Is it? If so, declare it: add a component contract, or a `[[contracts]]` entry naming the intended `sign_domain`. If not, bound the declaration.""}",/data/mrumoca/eval/results_v3/aixlib/runtime_free.jsonl
aixlib,runtime-v3,AixLib.Fluid.MassExchangers.MembraneBasedEnthalpyExchangers.BaseClasses.Membrane,13,physical-zero-is-a-supported-limit,low,False,execution-not-completed,"{""domain"": ""fluid"", ""rule"": ""fluid.area.positive"", ""rule_origin"": ""a flow cross-section is a divisor in every velocity relation; zero area admits no flow and divides by zero"", ""rule_reference"": """", ""matched_by"": {""quantity"": ""Area"", ""unit"": ""m2"", ""confidence"": ""QUANTITY_AND_UNIT"", ""premise_state"": ""unknown"", ""authority"": ""quantity_or_unit"", ""canonical_declaration"": ""AixLib.Fluid.MassExchangers.MembraneBasedEnthalpyExchangers.BaseClasses.Membrane.MassTransfer.areaMem""}, ""required"": ""massTransfer.areaMem > 0"", ""declared_min"": null, ""variable_role"": ""parameter"", ""premise_state"": ""refuted"", ""authority"": ""component_contract"", ""contract"": ""AixLib.Fluid.MassExchangers.MembraneBasedEnthalpyExchangers.BaseClasses.Membrane.MassTransfer.areaMem: feature_disabled (proven, from equation) \u2014 the parameter appears only as a multiplier, so at zero the term it scales drops out and the rest of the model is unaffected"", ""contract_behavior"": ""feature_disabled"", ""contract_confidence"": ""proven"", ""contract_source"": ""equation"", ""note"": ""the positivity rule does not apply: this component documents zero as a meaningful limit, so reporting a missing bound would contradict its contract""}",/data/mrumoca/eval/results_v3/aixlib/runtime_free.jsonl
aixlib,runtime-v3,AixLib.Fluid.MassExchangers.MembraneBasedEnthalpyExchangers.BaseClasses.Membrane,14,network-observation-incomplete,info,False,execution-not-completed,"{""reason"": ""missing or unsynchronized connector member observations"", ""note"": ""coverage gap, not a model defect""}",/data/mrumoca/eval/results_v3/aixlib/runtime_free.jsonl
aixlib,runtime-v3,AixLib.Fluid.MassExchangers.MembraneBasedEnthalpyExchangers.BaseClasses.Membrane,15,initialization-failure,high,False,execution-not-completed,"{""failure_kind"": ""singular-system"", ""reason"": "".BaseClasses.Membrane to t=1 with 42 trace point(s)... \u001b[31m\u001b[0m simulation failed: DAE structural proof failed: structurally singular \u001b[31m\u2502\u001b[0m system: 48 matched out of 50 equations and 50 unknowns"", ""raw"": ""reading /tmp/tmpjxyxzdj2/traced.rbc (bitcode v2, cbor) Simulating AixLib.Fluid.MassExchangers.MembraneBasedEnthalpyExchangers.BaseClasses.Membrane to t=1 with 42 trace point(s)... \u001b[31m\u001b[0m simulation failed: DAE structural proof failed: structurally singular \u001b[31m\u2502\u001b[0m system: 48 matched out of 50 equations and 50 unknowns"", ""tool_side"": false}",/data/mrumoca/eval/results_v3/aixlib/runtime_free.jsonl
aixlib,runtime-v3,AixLib.Fluid.Movers.Compressors.Utilities.HeatTransfer.SimpleFictitiousWall,0,network-port-unconnected,low,False,standalone-topology-not-defect-proof,"{""connector"": ""heaPorComInl"", ""component"": ""<top level>"", ""component_class"": ""unknown"", ""flows_forced_to_zero"": ""heaPorComInl.Q_flow"", ""note"": ""nothing is connected to this port, so MLS \u00a79.2 forces its flow to zero. That is correct for a component compiled on its own and is not a defect; it is recorded because it is the commonest reason a model looks structurally singular""}",/data/mrumoca/eval/results_v3/aixlib/runtime_free.jsonl
aixlib,runtime-v3,AixLib.Fluid.Movers.Compressors.Utilities.HeatTransfer.SimpleFictitiousWall,1,network-port-unconnected,low,False,standalone-topology-not-defect-proof,"{""connector"": ""heaPorCom"", ""component"": ""<top level>"", ""component_class"": ""unknown"", ""flows_forced_to_zero"": ""heaPorCom.Q_flow"", ""note"": ""nothing is connected to this port, so MLS \u00a79.2 forces its flow to zero. That is correct for a component compiled on its own and is not a defect; it is recorded because it is the commonest reason a model looks structurally singular""}",/data/mrumoca/eval/results_v3/aixlib/runtime_free.jsonl
aixlib,runtime-v3,AixLib.Fluid.Movers.Compressors.Utilities.HeatTransfer.SimpleFictitiousWall,2,network-port-unconnected,low,False,standalone-topology-not-defect-proof,"{""connector"": ""heaPorComOut"", ""component"": ""<top level>"", ""component_class"": ""unknown"", ""flows_forced_to_zero"": ""heaPorComOut.Q_flow"", ""note"": ""nothing is connected to this port, so MLS \u00a79.2 forces its flow to zero. That is correct for a component compiled on its own and is not a defect; it is recorded because it is the commonest reason a model looks structurally singular""}",/data/mrumoca/eval/results_v3/aixlib/runtime_free.jsonl
aixlib,runtime-v3,AixLib.Fluid.Movers.Compressors.Utilities.HeatTransfer.SimpleFictitiousWall,3,network-port-unconnected,low,False,standalone-topology-not-defect-proof,"{""connector"": ""heaPorAmb"", ""component"": ""<top level>"", ""component_class"": ""unknown"", ""flows_forced_to_zero"": ""heaPorAmb.Q_flow"", ""note"": ""nothing is connected to this port, so MLS \u00a79.2 forces its flow to zero. That is correct for a component compiled on its own and is not a defect; it is recorded because it is the commonest reason a model looks structurally singular""}",/data/mrumoca/eval/results_v3/aixlib/runtime_free.jsonl
aixlib,runtime-v3,AixLib.Fluid.Movers.Compressors.Utilities.HeatTransfer.SimpleFictitiousWall,4,network-component-isolated,low,False,standalone-topology-not-defect-proof,"{""component"": ""<top level>"", ""component_class"": ""unknown"", ""ports"": ""heaPorComInl, heaPorCom, heaPorComOut, heaPorAmb"", ""note"": ""every port of this instance is unconnected, so it exchanges nothing with the rest of the model while still contributing its equations""}",/data/mrumoca/eval/results_v3/aixlib/runtime_free.jsonl
aixlib,runtime-v3,AixLib.Fluid.Movers.Compressors.Utilities.HeatTransfer.SimpleFictitiousWall,5,physical-zero-is-a-supported-limit,low,False,advisory-or-explicit-non-defect,"{""domain"": ""mechanical"", ""rule"": ""mech.mass.positive"", ""rule_origin"": ""m*a = f determines acceleration only for m > 0; negative mass is not a physical body"", ""rule_reference"": ""MSL Mechanics.Translational.Components.Mass"", ""matched_by"": {""quantity"": ""Mass"", ""unit"": ""kg"", ""confidence"": ""QUANTITY_AND_UNIT"", ""premise_state"": ""unknown"", ""authority"": ""quantity_or_unit"", ""canonical_declaration"": ""AixLib.Fluid.Movers.Compressors.Utilities.HeatTransfer.SimpleFictitiousWall.mWal""}, ""required"": ""mWal > 0"", ""declared_min"": 0.0, ""variable_role"": ""parameter"", ""premise_state"": ""refuted"", ""authority"": ""component_contract"", ""contract"": ""AixLib.Fluid.Movers.Compressors.Utilities.HeatTransfer.SimpleFictitiousWall.mWal: feature_disabled (proven, from equation) \u2014 the parameter appears only as a multiplier, so at zero the term it scales drops out and the rest of the model is unaffected"", ""contract_behavior"": ""feature_disabled"", ""contract_confidence"": ""proven"", ""contract_source"": ""equation"", ""note"": ""the positivity rule does not apply: this component documents zero as a meaningful limit, so reporting a missing bound would contradict its contract""}",/data/mrumoca/eval/results_v3/aixlib/runtime_free.jsonl
aixlib,runtime-v3,AixLib.Fluid.Movers.Compressors.Utilities.HeatTransfer.SimpleFictitiousWall,6,physical-zero-is-a-supported-limit,low,False,advisory-or-explicit-non-defect,"{""domain"": ""thermal"", ""rule"": ""thermal.conductance.positive"", ""rule_origin"": ""heat flows from hot to cold; G <= 0 reverses the second law"", ""rule_reference"": """", ""matched_by"": {""quantity"": ""ThermalConductance"", ""unit"": ""W/K"", ""confidence"": ""QUANTITY_AND_UNIT"", ""premise_state"": ""unknown"", ""authority"": ""quantity_or_unit"", ""canonical_declaration"": ""AixLib.Fluid.Movers.Compressors.Utilities.HeatTransfer.SimpleFictitiousWall.kAMeaAmb""}, ""required"": ""kAMeaAmb > 0"", ""declared_min"": null, ""variable_role"": ""parameter"", ""premise_state"": ""refuted"", ""authority"": ""component_contract"", ""contract"": ""AixLib.Fluid.Movers.Compressors.Utilities.HeatTransfer.SimpleFictitiousWall.kAMeaAmb: feature_disabled (proven, from equation) \u2014 the parameter appears only as a multiplier, so at zero the term it scales drops out and the rest of the model is unaffected"", ""contract_behavior"": ""feature_disabled"", ""contract_confidence"": ""proven"", ""contract_source"": ""equation"", ""note"": ""the positivity rule does not apply: this component documents zero as a meaningful limit, so reporting a missing bound would contradict its contract""}",/data/mrumoca/eval/results_v3/aixlib/runtime_free.jsonl
aixlib,runtime-v3,AixLib.Fluid.Movers.Compressors.Utilities.EngineEfficiency.SpecifiedEfficiencies.ConstantEfficiency,0,physical-runtime-invariant-unobserved,low,True,hold-input-contract-validation,"{""domain"": ""fluid"", ""rule"": ""fluid.density.positive"", ""rule_origin"": ""mass per volume of a real fluid; density appears as a divisor throughout the Fluid library"", ""rule_reference"": """", ""matched_by"": {""quantity"": ""Density"", ""unit"": ""kg/m3"", ""confidence"": ""QUANTITY_AND_UNIT"", ""premise_state"": ""unknown"", ""authority"": ""quantity_or_unit"", ""canonical_declaration"": ""Modelica.Media.R134a.R134a_ph.ThermodynamicState.d""}, ""required"": ""staInl.d > 0"", ""variable_role"": ""input"", ""note"": ""this is a runtime property of a input variable, not a declaration a user can bound; deciding it needs an observation""}",/data/mrumoca/eval/results_v3/aixlib/runtime_free.jsonl
aixlib,runtime-v3,AixLib.Fluid.Movers.Compressors.Utilities.EngineEfficiency.SpecifiedEfficiencies.ConstantEfficiency,1,physical-runtime-invariant-unobserved,low,True,hold-input-contract-validation,"{""domain"": ""fluid"", ""rule"": ""fluid.density.positive"", ""rule_origin"": ""mass per volume of a real fluid; density appears as a divisor throughout the Fluid library"", ""rule_reference"": """", ""matched_by"": {""quantity"": ""Density"", ""unit"": ""kg/m3"", ""confidence"": ""QUANTITY_AND_UNIT"", ""premise_state"": ""unknown"", ""authority"": ""quantity_or_unit"", ""canonical_declaration"": ""Modelica.Media.R134a.R134a_ph.ThermodynamicState.d""}, ""required"": ""staOut.d > 0"", ""variable_role"": ""input"", ""note"": ""this is a runtime property of a input variable, not a declaration a user can bound; deciding it needs an observation""}",/data/mrumoca/eval/results_v3/aixlib/runtime_free.jsonl
aixlib,runtime-v3,AixLib.Fluid.Movers.Compressors.Utilities.EngineEfficiency.SpecifiedEfficiencies.ConstantEfficiency,2,physical-invariant-violated,high,True,hold-input-contract-validation,"{""domain"": ""fluid"", ""rule"": ""fluid.density.positive"", ""rule_origin"": ""mass per volume of a real fluid; density appears as a divisor throughout the Fluid library"", ""rule_reference"": """", ""matched_by"": {""quantity"": ""Density"", ""unit"": ""kg/m3"", ""confidence"": ""QUANTITY_AND_UNIT"", ""premise_state"": ""unknown"", ""authority"": ""quantity_or_unit"", ""canonical_declaration"": ""Modelica.Media.R134a.R134a_ph.ThermodynamicState.d""}, ""observed"": 0.0, ""required"": ""staInl.d > 0"", ""excess"": 0.0, ""where"": ""runtime""}",/data/mrumoca/eval/results_v3/aixlib/runtime_free.jsonl
aixlib,runtime-v3,AixLib.Fluid.Movers.Compressors.Utilities.EngineEfficiency.SpecifiedEfficiencies.ConstantEfficiency,3,physical-invariant-violated,high,True,hold-input-contract-validation,"{""domain"": ""fluid"", ""rule"": ""fluid.density.positive"", ""rule_origin"": ""mass per volume of a real fluid; density appears as a divisor throughout the Fluid library"", ""rule_reference"": """", ""matched_by"": {""quantity"": ""Density"", ""unit"": ""kg/m3"", ""confidence"": ""QUANTITY_AND_UNIT"", ""premise_state"": ""unknown"", ""authority"": ""quantity_or_unit"", ""canonical_declaration"": ""Modelica.Media.R134a.R134a_ph.ThermodynamicState.d""}, ""observed"": 0.0, ""required"": ""staOut.d > 0"", ""excess"": 0.0, ""where"": ""runtime""}",/data/mrumoca/eval/results_v3/aixlib/runtime_free.jsonl
aixlib,runtime-v3,AixLib.Fluid.Movers.Compressors.Utilities.EngineEfficiency.SpecifiedEfficiencies.ConstantEfficiency,4,below-min,medium,True,hold-input-contract-validation,"{""variable"": ""staInl.T"", ""bound"": ""min"", ""limit"": 1, ""value"": 0.0, ""excess"": 1.0, ""anchor_quality"": ""canonical""}",/data/mrumoca/eval/results_v3/aixlib/runtime_free.jsonl
aixlib,runtime-v3,AixLib.Fluid.Movers.Compressors.Utilities.EngineEfficiency.SpecifiedEfficiencies.ConstantEfficiency,5,below-min,medium,True,hold-input-contract-validation,"{""variable"": ""staOut.T"", ""bound"": ""min"", ""limit"": 1, ""value"": 0.0, ""excess"": 1.0, ""anchor_quality"": ""canonical""}",/data/mrumoca/eval/results_v3/aixlib/runtime_free.jsonl
aixlib,runtime-v3,AixLib.Fluid.Movers.Compressors.Utilities.EngineEfficiency.SpecifiedEfficiencies.Generic_VarRef_VarDisVol_RotaryScroll,0,physical-runtime-invariant-unobserved,low,True,hold-input-contract-validation,"{""domain"": ""fluid"", ""rule"": ""fluid.density.positive"", ""rule_origin"": ""mass per volume of a real fluid; density appears as a divisor throughout the Fluid library"", ""rule_reference"": """", ""matched_by"": {""quantity"": ""Density"", ""unit"": ""kg/m3"", ""confidence"": ""QUANTITY_AND_UNIT"", ""premise_state"": ""unknown"", ""authority"": ""quantity_or_unit"", ""canonical_declaration"": ""Modelica.Media.R134a.R134a_ph.ThermodynamicState.d""}, ""required"": ""staInl.d > 0"", ""variable_role"": ""input"", ""note"": ""this is a runtime property of a input variable, not a declaration a user can bound; deciding it needs an observation""}",/data/mrumoca/eval/results_v3/aixlib/runtime_free.jsonl
aixlib,runtime-v3,AixLib.Fluid.Movers.Compressors.Utilities.EngineEfficiency.SpecifiedEfficiencies.Generic_VarRef_VarDisVol_RotaryScroll,1,physical-runtime-invariant-unobserved,low,True,hold-input-contract-validation,"{""domain"": ""fluid"", ""rule"": ""fluid.density.positive"", ""rule_origin"": ""mass per volume of a real fluid; density appears as a divisor throughout the Fluid library"", ""rule_reference"": """", ""matched_by"": {""quantity"": ""Density"", ""unit"": ""kg/m3"", ""confidence"": ""QUANTITY_AND_UNIT"", ""premise_state"": ""unknown"", ""authority"": ""quantity_or_unit"", ""canonical_declaration"": ""Modelica.Media.R134a.R134a_ph.ThermodynamicState.d""}, ""required"": ""staOut.d > 0"", ""variable_role"": ""input"", ""note"": ""this is a runtime property of a input variable, not a declaration a user can bound; deciding it needs an observation""}",/data/mrumoca/eval/results_v3/aixlib/runtime_free.jsonl
aixlib,runtime-v3,AixLib.Fluid.Movers.Compressors.Utilities.EngineEfficiency.SpecifiedEfficiencies.Generic_VarRef_VarDisVol_RotaryScroll,2,physical-invariant-violated,high,True,hold-input-contract-validation,"{""domain"": ""fluid"", ""rule"": ""fluid.density.positive"", ""rule_origin"": ""mass per volume of a real fluid; density appears as a divisor throughout the Fluid library"", ""rule_reference"": """", ""matched_by"": {""quantity"": ""Density"", ""unit"": ""kg/m3"", ""confidence"": ""QUANTITY_AND_UNIT"", ""premise_state"": ""unknown"", ""authority"": ""quantity_or_unit"", ""canonical_declaration"": ""Modelica.Media.R134a.R134a_ph.ThermodynamicState.d""}, ""observed"": 0.0, ""required"": ""staInl.d > 0"", ""excess"": 0.0, ""where"": ""runtime""}",/data/mrumoca/eval/results_v3/aixlib/runtime_free.jsonl
aixlib,runtime-v3,AixLib.Fluid.Movers.Compressors.Utilities.EngineEfficiency.SpecifiedEfficiencies.Generic_VarRef_VarDisVol_RotaryScroll,3,physical-invariant-violated,high,True,hold-input-contract-validation,"{""domain"": ""fluid"", ""rule"": ""fluid.density.positive"", ""rule_origin"": ""mass per volume of a real fluid; density appears as a divisor throughout the Fluid library"", ""rule_reference"": """", ""matched_by"": {""quantity"": ""Density"", ""unit"": ""kg/m3"", ""confidence"": ""QUANTITY_AND_UNIT"", ""premise_state"": ""unknown"", ""authority"": ""quantity_or_unit"", ""canonical_declaration"": ""Modelica.Media.R134a.R134a_ph.ThermodynamicState.d""}, ""observed"": 0.0, ""required"": ""staOut.d > 0"", ""excess"": 0.0, ""where"": ""runtime""}",/data/mrumoca/eval/results_v3/aixlib/runtime_free.jsonl
aixlib,runtime-v3,AixLib.Fluid.Movers.Compressors.Utilities.EngineEfficiency.SpecifiedEfficiencies.Generic_VarRef_VarDisVol_RotaryScroll,4,below-min,medium,True,hold-input-contract-validation,"{""variable"": ""staInl.T"", ""bound"": ""min"", ""limit"": 1, ""value"": 0.0, ""excess"": 1.0, ""anchor_quality"": ""canonical""}",/data/mrumoca/eval/results_v3/aixlib/runtime_free.jsonl
aixlib,runtime-v3,AixLib.Fluid.Movers.Compressors.Utilities.EngineEfficiency.SpecifiedEfficiencies.Generic_VarRef_VarDisVol_RotaryScroll,5,below-min,medium,True,hold-input-contract-validation,"{""variable"": ""staOut.T"", ""bound"": ""min"", ""limit"": 1, ""value"": 0.0, ""excess"": 1.0, ""anchor_quality"": ""canonical""}",/data/mrumoca/eval/results_v3/aixlib/runtime_free.jsonl
aixlib,runtime-v3,AixLib.Fluid.Movers.Compressors.Utilities.IsentropicEfficiency.SpecifiedEfficiencies.ConstantEfficiency,0,physical-runtime-invariant-unobserved,low,True,hold-input-contract-validation,"{""domain"": ""fluid"", ""rule"": ""fluid.density.positive"", ""rule_origin"": ""mass per volume of a real fluid; density appears as a divisor throughout the Fluid library"", ""rule_reference"": """", ""matched_by"": {""quantity"": ""Density"", ""unit"": ""kg/m3"", ""confidence"": ""QUANTITY_AND_UNIT"", ""premise_state"": ""unknown"", ""authority"": ""quantity_or_unit"", ""canonical_declaration"": ""Modelica.Media.R134a.R134a_ph.ThermodynamicState.d""}, ""required"": ""staInl.d > 0"", ""variable_role"": ""input"", ""note"": ""this is a runtime property of a input variable, not a declaration a user can bound; deciding it needs an observation""}",/data/mrumoca/eval/results_v3/aixlib/runtime_free.jsonl
aixlib,runtime-v3,AixLib.Fluid.Movers.Compressors.Utilities.IsentropicEfficiency.SpecifiedEfficiencies.ConstantEfficiency,1,physical-runtime-invariant-unobserved,low,True,hold-input-contract-validation,"{""domain"": ""fluid"", ""rule"": ""fluid.density.positive"", ""rule_origin"": ""mass per volume of a real fluid; density appears as a divisor throughout the Fluid library"", ""rule_reference"": """", ""matched_by"": {""quantity"": ""Density"", ""unit"": ""kg/m3"", ""confidence"": ""QUANTITY_AND_UNIT"", ""premise_state"": ""unknown"", ""authority"": ""quantity_or_unit"", ""canonical_declaration"": ""Modelica.Media.R134a.R134a_ph.ThermodynamicState.d""}, ""required"": ""staOut.d > 0"", ""variable_role"": ""input"", ""note"": ""this is a runtime property of a input variable, not a declaration a user can bound; deciding it needs an observation""}",/data/mrumoca/eval/results_v3/aixlib/runtime_free.jsonl
aixlib,runtime-v3,AixLib.Fluid.Movers.Compressors.Utilities.IsentropicEfficiency.SpecifiedEfficiencies.ConstantEfficiency,2,physical-invariant-violated,high,True,hold-input-contract-validation,"{""domain"": ""fluid"", ""rule"": ""fluid.density.positive"", ""rule_origin"": ""mass per volume of a real fluid; density appears as a divisor throughout the Fluid library"", ""rule_reference"": """", ""matched_by"": {""quantity"": ""Density"", ""unit"": ""kg/m3"", ""confidence"": ""QUANTITY_AND_UNIT"", ""premise_state"": ""unknown"", ""authority"": ""quantity_or_unit"", ""canonical_declaration"": ""Modelica.Media.R134a.R134a_ph.ThermodynamicState.d""}, ""observed"": 0.0, ""required"": ""staInl.d > 0"", ""excess"": 0.0, ""where"": ""runtime""}",/data/mrumoca/eval/results_v3/aixlib/runtime_free.jsonl
aixlib,runtime-v3,AixLib.Fluid.Movers.Compressors.Utilities.IsentropicEfficiency.SpecifiedEfficiencies.ConstantEfficiency,3,physical-invariant-violated,high,True,hold-input-contract-validation,"{""domain"": ""fluid"", ""rule"": ""fluid.density.positive"", ""rule_origin"": ""mass per volume of a real fluid; density appears as a divisor throughout the Fluid library"", ""rule_reference"": """", ""matched_by"": {""quantity"": ""Density"", ""unit"": ""kg/m3"", ""confidence"": ""QUANTITY_AND_UNIT"", ""premise_state"": ""unknown"", ""authority"": ""quantity_or_unit"", ""canonical_declaration"": ""Modelica.Media.R134a.R134a_ph.ThermodynamicState.d""}, ""observed"": 0.0, ""required"": ""staOut.d > 0"", ""excess"": 0.0, ""where"": ""runtime""}",/data/mrumoca/eval/results_v3/aixlib/runtime_free.jsonl
aixlib,runtime-v3,AixLib.Fluid.Movers.Compressors.Utilities.IsentropicEfficiency.SpecifiedEfficiencies.ConstantEfficiency,4,below-min,medium,True,hold-input-contract-validation,"{""variable"": ""staInl.T"", ""bound"": ""min"", ""limit"": 1, ""value"": 0.0, ""excess"": 1.0, ""anchor_quality"": ""canonical""}",/data/mrumoca/eval/results_v3/aixlib/runtime_free.jsonl
aixlib,runtime-v3,AixLib.Fluid.Movers.Compressors.Utilities.IsentropicEfficiency.SpecifiedEfficiencies.ConstantEfficiency,5,below-min,medium,True,hold-input-contract-validation,"{""variable"": ""staOut.T"", ""bound"": ""min"", ""limit"": 1, ""value"": 0.0, ""excess"": 1.0, ""anchor_quality"": ""canonical""}",/data/mrumoca/eval/results_v3/aixlib/runtime_free.jsonl
aixlib,runtime-v3,AixLib.Fluid.Movers.Compressors.Utilities.IsentropicEfficiency.SpecifiedEfficiencies.Generic_VarRef_VarDisVol_RotaryScroll,0,physical-runtime-invariant-unobserved,low,True,hold-input-contract-validation,"{""domain"": ""fluid"", ""rule"": ""fluid.density.positive"", ""rule_origin"": ""mass per volume of a real fluid; density appears as a divisor throughout the Fluid library"", ""rule_reference"": """", ""matched_by"": {""quantity"": ""Density"", ""unit"": ""kg/m3"", ""confidence"": ""QUANTITY_AND_UNIT"", ""premise_state"": ""unknown"", ""authority"": ""quantity_or_unit"", ""canonical_declaration"": ""Modelica.Media.R134a.R134a_ph.ThermodynamicState.d""}, ""required"": ""staInl.d > 0"", ""variable_role"": ""input"", ""note"": ""this is a runtime property of a input variable, not a declaration a user can bound; deciding it needs an observation""}",/data/mrumoca/eval/results_v3/aixlib/runtime_free.jsonl
aixlib,runtime-v3,AixLib.Fluid.Movers.Compressors.Utilities.IsentropicEfficiency.SpecifiedEfficiencies.Generic_VarRef_VarDisVol_RotaryScroll,1,physical-runtime-invariant-unobserved,low,True,hold-input-contract-validation,"{""domain"": ""fluid"", ""rule"": ""fluid.density.positive"", ""rule_origin"": ""mass per volume of a real fluid; density appears as a divisor throughout the Fluid library"", ""rule_reference"": """", ""matched_by"": {""quantity"": ""Density"", ""unit"": ""kg/m3"", ""confidence"": ""QUANTITY_AND_UNIT"", ""premise_state"": ""unknown"", ""authority"": ""quantity_or_unit"", ""canonical_declaration"": ""Modelica.Media.R134a.R134a_ph.ThermodynamicState.d""}, ""required"": ""staOut.d > 0"", ""variable_role"": ""input"", ""note"": ""this is a runtime property of a input variable, not a declaration a user can bound; deciding it needs an observation""}",/data/mrumoca/eval/results_v3/aixlib/runtime_free.jsonl
aixlib,runtime-v3,AixLib.Fluid.Movers.Compressors.Utilities.IsentropicEfficiency.SpecifiedEfficiencies.Generic_VarRef_VarDisVol_RotaryScroll,2,physical-invariant-violated,high,True,hold-input-contract-validation,"{""domain"": ""fluid"", ""rule"": ""fluid.density.positive"", ""rule_origin"": ""mass per volume of a real fluid; density appears as a divisor throughout the Fluid library"", ""rule_reference"": """", ""matched_by"": {""quantity"": ""Density"", ""unit"": ""kg/m3"", ""confidence"": ""QUANTITY_AND_UNIT"", ""premise_state"": ""unknown"", ""authority"": ""quantity_or_unit"", ""canonical_declaration"": ""Modelica.Media.R134a.R134a_ph.ThermodynamicState.d""}, ""observed"": 0.0, ""required"": ""staInl.d > 0"", ""excess"": 0.0, ""where"": ""runtime""}",/data/mrumoca/eval/results_v3/aixlib/runtime_free.jsonl
aixlib,runtime-v3,AixLib.Fluid.Movers.Compressors.Utilities.IsentropicEfficiency.SpecifiedEfficiencies.Generic_VarRef_VarDisVol_RotaryScroll,3,physical-invariant-violated,high,True,hold-input-contract-validation,"{""domain"": ""fluid"", ""rule"": ""fluid.density.positive"", ""rule_origin"": ""mass per volume of a real fluid; density appears as a divisor throughout the Fluid library"", ""rule_reference"": """", ""matched_by"": {""quantity"": ""Density"", ""unit"": ""kg/m3"", ""confidence"": ""QUANTITY_AND_UNIT"", ""premise_state"": ""unknown"", ""authority"": ""quantity_or_unit"", ""canonical_declaration"": ""Modelica.Media.R134a.R134a_ph.ThermodynamicState.d""}, ""observed"": 0.0, ""required"": ""staOut.d > 0"", ""excess"": 0.0, ""where"": ""runtime""}",/data/mrumoca/eval/results_v3/aixlib/runtime_free.jsonl
aixlib,runtime-v3,AixLib.Fluid.Movers.Compressors.Utilities.IsentropicEfficiency.SpecifiedEfficiencies.Generic_VarRef_VarDisVol_RotaryScroll,4,below-min,medium,True,hold-input-contract-validation,"{""variable"": ""staInl.T"", ""bound"": ""min"", ""limit"": 1, ""value"": 0.0, ""excess"": 1.0, ""anchor_quality"": ""canonical""}",/data/mrumoca/eval/results_v3/aixlib/runtime_free.jsonl
aixlib,runtime-v3,AixLib.Fluid.Movers.Compressors.Utilities.IsentropicEfficiency.SpecifiedEfficiencies.Generic_VarRef_VarDisVol_RotaryScroll,5,below-min,medium,True,hold-input-contract-validation,"{""variable"": ""staOut.T"", ""bound"": ""min"", ""limit"": 1, ""value"": 0.0, ""excess"": 1.0, ""anchor_quality"": ""canonical""}",/data/mrumoca/eval/results_v3/aixlib/runtime_free.jsonl
aixlib,runtime-v3,AixLib.Fluid.Movers.Compressors.Utilities.IsentropicEfficiency.SpecifiedEfficiencies.Poly_R407C_Unknown_Scroll,0,physical-runtime-invariant-unobserved,low,True,hold-input-contract-validation,"{""domain"": ""fluid"", ""rule"": ""fluid.density.positive"", ""rule_origin"": ""mass per volume of a real fluid; density appears as a divisor throughout the Fluid library"", ""rule_reference"": """", ""matched_by"": {""quantity"": ""Density"", ""unit"": ""kg/m3"", ""confidence"": ""QUANTITY_AND_UNIT"", ""premise_state"": ""unknown"", ""authority"": ""quantity_or_unit"", ""canonical_declaration"": ""Modelica.Media.R134a.R134a_ph.ThermodynamicState.d""}, ""required"": ""staInl.d > 0"", ""variable_role"": ""input"", ""note"": ""this is a runtime property of a input variable, not a declaration a user can bound; deciding it needs an observation""}",/data/mrumoca/eval/results_v3/aixlib/runtime_free.jsonl
aixlib,runtime-v3,AixLib.Fluid.Movers.Compressors.Utilities.IsentropicEfficiency.SpecifiedEfficiencies.Poly_R407C_Unknown_Scroll,1,physical-runtime-invariant-unobserved,low,True,hold-input-contract-validation,"{""domain"": ""fluid"", ""rule"": ""fluid.density.positive"", ""rule_origin"": ""mass per volume of a real fluid; density appears as a divisor throughout the Fluid library"", ""rule_reference"": """", ""matched_by"": {""quantity"": ""Density"", ""unit"": ""kg/m3"", ""confidence"": ""QUANTITY_AND_UNIT"", ""premise_state"": ""unknown"", ""authority"": ""quantity_or_unit"", ""canonical_declaration"": ""Modelica.Media.R134a.R134a_ph.ThermodynamicState.d""}, ""required"": ""staOut.d > 0"", ""variable_role"": ""input"", ""note"": ""this is a runtime property of a input variable, not a declaration a user can bound; deciding it needs an observation""}",/data/mrumoca/eval/results_v3/aixlib/runtime_free.jsonl
aixlib,runtime-v3,AixLib.Fluid.Movers.Compressors.Utilities.IsentropicEfficiency.SpecifiedEfficiencies.Poly_R407C_Unknown_Scroll,2,physical-invariant-violated,high,True,hold-input-contract-validation,"{""domain"": ""fluid"", ""rule"": ""fluid.density.positive"", ""rule_origin"": ""mass per volume of a real fluid; density appears as a divisor throughout the Fluid library"", ""rule_reference"": """", ""matched_by"": {""quantity"": ""Density"", ""unit"": ""kg/m3"", ""confidence"": ""QUANTITY_AND_UNIT"", ""premise_state"": ""unknown"", ""authority"": ""quantity_or_unit"", ""canonical_declaration"": ""Modelica.Media.R134a.R134a_ph.ThermodynamicState.d""}, ""observed"": 0.0, ""required"": ""staInl.d > 0"", ""excess"": 0.0, ""where"": ""runtime""}",/data/mrumoca/eval/results_v3/aixlib/runtime_free.jsonl
aixlib,runtime-v3,AixLib.Fluid.Movers.Compressors.Utilities.IsentropicEfficiency.SpecifiedEfficiencies.Poly_R407C_Unknown_Scroll,3,physical-invariant-violated,high,True,hold-input-contract-validation,"{""domain"": ""fluid"", ""rule"": ""fluid.density.positive"", ""rule_origin"": ""mass per volume of a real fluid; density appears as a divisor throughout the Fluid library"", ""rule_reference"": """", ""matched_by"": {""quantity"": ""Density"", ""unit"": ""kg/m3"", ""confidence"": ""QUANTITY_AND_UNIT"", ""premise_state"": ""unknown"", ""authority"": ""quantity_or_unit"", ""canonical_declaration"": ""Modelica.Media.R134a.R134a_ph.ThermodynamicState.d""}, ""observed"": 0.0, ""required"": ""staOut.d > 0"", ""excess"": 0.0, ""where"": ""runtime""}",/data/mrumoca/eval/results_v3/aixlib/runtime_free.jsonl
aixlib,runtime-v3,AixLib.Fluid.Movers.Compressors.Utilities.IsentropicEfficiency.SpecifiedEfficiencies.Poly_R407C_Unknown_Scroll,4,below-min,medium,True,hold-input-contract-validation,"{""variable"": ""staInl.T"", ""bound"": ""min"", ""limit"": 1, ""value"": 0.0, ""excess"": 1.0, ""anchor_quality"": ""canonical""}",/data/mrumoca/eval/results_v3/aixlib/runtime_free.jsonl
aixlib,runtime-v3,AixLib.Fluid.Movers.Compressors.Utilities.IsentropicEfficiency.SpecifiedEfficiencies.Poly_R407C_Unknown_Scroll,5,below-min,medium,True,hold-input-contract-validation,"{""variable"": ""staOut.T"", ""bound"": ""min"", ""limit"": 1, ""value"": 0.0, ""excess"": 1.0, ""anchor_quality"": ""canonical""}",/data/mrumoca/eval/results_v3/aixlib/runtime_free.jsonl
aixlib,runtime-v3,AixLib.Fluid.Movers.Compressors.Utilities.VolumetricEfficiency.SpecifiedEfficiencies.ConstantEfficiency,0,physical-runtime-invariant-unobserved,low,True,hold-input-contract-validation,"{""domain"": ""fluid"", ""rule"": ""fluid.density.positive"", ""rule_origin"": ""mass per volume of a real fluid; density appears as a divisor throughout the Fluid library"", ""rule_reference"": """", ""matched_by"": {""quantity"": ""Density"", ""unit"": ""kg/m3"", ""confidence"": ""QUANTITY_AND_UNIT"", ""premise_state"": ""unknown"", ""authority"": ""quantity_or_unit"", ""canonical_declaration"": ""Modelica.Media.R134a.R134a_ph.ThermodynamicState.d""}, ""required"": ""staInl.d > 0"", ""variable_role"": ""input"", ""note"": ""this is a runtime property of a input variable, not a declaration a user can bound; deciding it needs an observation""}",/data/mrumoca/eval/results_v3/aixlib/runtime_free.jsonl
aixlib,runtime-v3,AixLib.Fluid.Movers.Compressors.Utilities.VolumetricEfficiency.SpecifiedEfficiencies.ConstantEfficiency,1,physical-runtime-invariant-unobserved,low,True,hold-input-contract-validation,"{""domain"": ""fluid"", ""rule"": ""fluid.density.positive"", ""rule_origin"": ""mass per volume of a real fluid; density appears as a divisor throughout the Fluid library"", ""rule_reference"": """", ""matched_by"": {""quantity"": ""Density"", ""unit"": ""kg/m3"", ""confidence"": ""QUANTITY_AND_UNIT"", ""premise_state"": ""unknown"", ""authority"": ""quantity_or_unit"", ""canonical_declaration"": ""Modelica.Media.R134a.R134a_ph.ThermodynamicState.d""}, ""required"": ""staOut.d > 0"", ""variable_role"": ""input"", ""note"": ""this is a runtime property of a input variable, not a declaration a user can bound; deciding it needs an observation""}",/data/mrumoca/eval/results_v3/aixlib/runtime_free.jsonl
aixlib,runtime-v3,AixLib.Fluid.Movers.Compressors.Utilities.VolumetricEfficiency.SpecifiedEfficiencies.ConstantEfficiency,2,physical-invariant-violated,high,True,hold-input-contract-validation,"{""domain"": ""fluid"", ""rule"": ""fluid.density.positive"", ""rule_origin"": ""mass per volume of a real fluid; density appears as a divisor throughout the Fluid library"", ""rule_reference"": """", ""matched_by"": {""quantity"": ""Density"", ""unit"": ""kg/m3"", ""confidence"": ""QUANTITY_AND_UNIT"", ""premise_state"": ""unknown"", ""authority"": ""quantity_or_unit"", ""canonical_declaration"": ""Modelica.Media.R134a.R134a_ph.ThermodynamicState.d""}, ""observed"": 0.0, ""required"": ""staInl.d > 0"", ""excess"": 0.0, ""where"": ""runtime""}",/data/mrumoca/eval/results_v3/aixlib/runtime_free.jsonl
aixlib,runtime-v3,AixLib.Fluid.Movers.Compressors.Utilities.VolumetricEfficiency.SpecifiedEfficiencies.ConstantEfficiency,3,physical-invariant-violated,high,True,hold-input-contract-validation,"{""domain"": ""fluid"", ""rule"": ""fluid.density.positive"", ""rule_origin"": ""mass per volume of a real fluid; density appears as a divisor throughout the Fluid library"", ""rule_reference"": """", ""matched_by"": {""quantity"": ""Density"", ""unit"": ""kg/m3"", ""confidence"": ""QUANTITY_AND_UNIT"", ""premise_state"": ""unknown"", ""authority"": ""quantity_or_unit"", ""canonical_declaration"": ""Modelica.Media.R134a.R134a_ph.ThermodynamicState.d""}, ""observed"": 0.0, ""required"": ""staOut.d > 0"", ""excess"": 0.0, ""where"": ""runtime""}",/data/mrumoca/eval/results_v3/aixlib/runtime_free.jsonl
aixlib,runtime-v3,AixLib.Fluid.Movers.Compressors.Utilities.VolumetricEfficiency.SpecifiedEfficiencies.ConstantEfficiency,4,below-min,medium,True,hold-input-contract-validation,"{""variable"": ""staInl.T"", ""bound"": ""min"", ""limit"": 1, ""value"": 0.0, ""excess"": 1.0, ""anchor_quality"": ""canonical""}",/data/mrumoca/eval/results_v3/aixlib/runtime_free.jsonl
aixlib,runtime-v3,AixLib.Fluid.Movers.Compressors.Utilities.VolumetricEfficiency.SpecifiedEfficiencies.ConstantEfficiency,5,below-min,medium,True,hold-input-contract-validation,"{""variable"": ""staOut.T"", ""bound"": ""min"", ""limit"": 1, ""value"": 0.0, ""excess"": 1.0, ""anchor_quality"": ""canonical""}",/data/mrumoca/eval/results_v3/aixlib/runtime_free.jsonl
aixlib,runtime-v3,AixLib.Fluid.Movers.Compressors.Utilities.VolumetricEfficiency.SpecifiedEfficiencies.Poly_R410a_130_Rotary,0,physical-runtime-invariant-unobserved,low,True,hold-input-contract-validation,"{""domain"": ""fluid"", ""rule"": ""fluid.density.positive"", ""rule_origin"": ""mass per volume of a real fluid; density appears as a divisor throughout the Fluid library"", ""rule_reference"": """", ""matched_by"": {""quantity"": ""Density"", ""unit"": ""kg/m3"", ""confidence"": ""QUANTITY_AND_UNIT"", ""premise_state"": ""unknown"", ""authority"": ""quantity_or_unit"", ""canonical_declaration"": ""Modelica.Media.R134a.R134a_ph.ThermodynamicState.d""}, ""required"": ""staInl.d > 0"", ""variable_role"": ""input"", ""note"": ""this is a runtime property of a input variable, not a declaration a user can bound; deciding it needs an observation""}",/data/mrumoca/eval/results_v3/aixlib/runtime_free.jsonl
aixlib,runtime-v3,AixLib.Fluid.Movers.Compressors.Utilities.VolumetricEfficiency.SpecifiedEfficiencies.Poly_R410a_130_Rotary,1,physical-runtime-invariant-unobserved,low,True,hold-input-contract-validation,"{""domain"": ""fluid"", ""rule"": ""fluid.density.positive"", ""rule_origin"": ""mass per volume of a real fluid; density appears as a divisor throughout the Fluid library"", ""rule_reference"": """", ""matched_by"": {""quantity"": ""Density"", ""unit"": ""kg/m3"", ""confidence"": ""QUANTITY_AND_UNIT"", ""premise_state"": ""unknown"", ""authority"": ""quantity_or_unit"", ""canonical_declaration"": ""Modelica.Media.R134a.R134a_ph.ThermodynamicState.d""}, ""required"": ""staOut.d > 0"", ""variable_role"": ""input"", ""note"": ""this is a runtime property of a input variable, not a declaration a user can bound; deciding it needs an observation""}",/data/mrumoca/eval/results_v3/aixlib/runtime_free.jsonl
aixlib,runtime-v3,AixLib.Fluid.Movers.Compressors.Utilities.VolumetricEfficiency.SpecifiedEfficiencies.Poly_R410a_130_Rotary,2,physical-invariant-violated,high,True,hold-input-contract-validation,"{""domain"": ""fluid"", ""rule"": ""fluid.density.positive"", ""rule_origin"": ""mass per volume of a real fluid; density appears as a divisor throughout the Fluid library"", ""rule_reference"": """", ""matched_by"": {""quantity"": ""Density"", ""unit"": ""kg/m3"", ""confidence"": ""QUANTITY_AND_UNIT"", ""premise_state"": ""unknown"", ""authority"": ""quantity_or_unit"", ""canonical_declaration"": ""Modelica.Media.R134a.R134a_ph.ThermodynamicState.d""}, ""observed"": 0.0, ""required"": ""staInl.d > 0"", ""excess"": 0.0, ""where"": ""runtime""}",/data/mrumoca/eval/results_v3/aixlib/runtime_free.jsonl
aixlib,runtime-v3,AixLib.Fluid.Movers.Compressors.Utilities.VolumetricEfficiency.SpecifiedEfficiencies.Poly_R410a_130_Rotary,3,physical-invariant-violated,high,True,hold-input-contract-validation,"{""domain"": ""fluid"", ""rule"": ""fluid.density.positive"", ""rule_origin"": ""mass per volume of a real fluid; density appears as a divisor throughout the Fluid library"", ""rule_reference"": """", ""matched_by"": {""quantity"": ""Density"", ""unit"": ""kg/m3"", ""confidence"": ""QUANTITY_AND_UNIT"", ""premise_state"": ""unknown"", ""authority"": ""quantity_or_unit"", ""canonical_declaration"": ""Modelica.Media.R134a.R134a_ph.ThermodynamicState.d""}, ""observed"": 0.0, ""required"": ""staOut.d > 0"", ""excess"": 0.0, ""where"": ""runtime""}",/data/mrumoca/eval/results_v3/aixlib/runtime_free.jsonl
aixlib,runtime-v3,AixLib.Fluid.Movers.Compressors.Utilities.VolumetricEfficiency.SpecifiedEfficiencies.Poly_R410a_130_Rotary,4,below-min,medium,True,hold-input-contract-validation,"{""variable"": ""staInl.T"", ""bound"": ""min"", ""limit"": 1, ""value"": 0.0, ""excess"": 1.0, ""anchor_quality"": ""canonical""}",/data/mrumoca/eval/results_v3/aixlib/runtime_free.jsonl
aixlib,runtime-v3,AixLib.Fluid.Movers.Compressors.Utilities.VolumetricEfficiency.SpecifiedEfficiencies.Poly_R410a_130_Rotary,5,below-min,medium,True,hold-input-contract-validation,"{""variable"": ""staOut.T"", ""bound"": ""min"", ""limit"": 1, ""value"": 0.0, ""excess"": 1.0, ""anchor_quality"": ""canonical""}",/data/mrumoca/eval/results_v3/aixlib/runtime_free.jsonl
aixlib,runtime-v3,AixLib.Fluid.Sensors.Conversions.To_VolumeFraction,0,initialization-failure,high,True,execution-not-completed,"{""failure_kind"": ""unknown"", ""reason"": "": m=0 Simulating AixLib.Fluid.Sensors.Conversions.To_VolumeFraction to t=1 with 2 trace point(s)... \u001b[31m\u001b[0m simulation failed: parameter `MMMea` has neither a binding nor an initial \u001b[31m\u2502\u001b[0m value"", ""raw"": ""reading /tmp/tmpxbw14_dt/traced.rbc (bitcode v2, cbor) holding 1 free input(s) constant at their start values: m=0 Simulating AixLib.Fluid.Sensors.Conversions.To_VolumeFraction to t=1 with 2 trace point(s)... \u001b[31m\u001b[0m simulation failed: parameter `MMMea` has neither a binding nor an initial \u001b[31m\u2502\u001b[0m value"", ""tool_side"": false}",/data/mrumoca/eval/results_v3/aixlib/runtime_free.jsonl
aixlib,runtime-v3,AixLib.Fluid.Sensors.RelativePressure,0,network-port-unconnected,low,False,execution-not-completed,"{""connector"": ""port_a"", ""component"": ""<top level>"", ""component_class"": ""unknown"", ""flows_forced_to_zero"": ""port_a.m_flow"", ""note"": ""nothing is connected to this port, so MLS \u00a79.2 forces its flow to zero. That is correct for a component compiled on its own and is not a defect; it is recorded because it is the commonest reason a model looks structurally singular""}",/data/mrumoca/eval/results_v3/aixlib/runtime_free.jsonl
aixlib,runtime-v3,AixLib.Fluid.Sensors.RelativePressure,1,network-port-unconnected,low,False,execution-not-completed,"{""connector"": ""port_b"", ""component"": ""<top level>"", ""component_class"": ""unknown"", ""flows_forced_to_zero"": ""port_b.m_flow"", ""note"": ""nothing is connected to this port, so MLS \u00a79.2 forces its flow to zero. That is correct for a component compiled on its own and is not a defect; it is recorded because it is the commonest reason a model looks structurally singular""}",/data/mrumoca/eval/results_v3/aixlib/runtime_free.jsonl
aixlib,runtime-v3,AixLib.Fluid.Sensors.RelativePressure,2,network-component-isolated,low,False,execution-not-completed,"{""component"": ""<top level>"", ""component_class"": ""unknown"", ""ports"": ""port_a, port_b"", ""note"": ""every port of this instance is unconnected, so it exchanges nothing with the rest of the model while still contributing its equations""}",/data/mrumoca/eval/results_v3/aixlib/runtime_free.jsonl
aixlib,runtime-v3,AixLib.Fluid.Sensors.RelativePressure,3,network-observation-incomplete,info,False,execution-not-completed,"{""reason"": ""missing or unsynchronized connector member observations"", ""note"": ""coverage gap, not a model defect""}",/data/mrumoca/eval/results_v3/aixlib/runtime_free.jsonl
aixlib,runtime-v3,AixLib.Fluid.Sensors.RelativePressure,4,initialization-failure,high,False,execution-not-completed,"{""failure_kind"": ""singular-system"", ""reason"": "".Sensors.RelativePressure to t=1 with 7 trace point(s)... \u001b[31m\u001b[0m simulation failed: DAE structural proof failed: structurally singular \u001b[31m\u2502\u001b[0m system: 5 matched out of 7 equations and 7 unknowns"", ""raw"": ""reading /tmp/tmppuo6gpdf/traced.rbc (bitcode v2, cbor) Simulating AixLib.Fluid.Sensors.RelativePressure to t=1 with 7 trace point(s)... \u001b[31m\u001b[0m simulation failed: DAE structural proof failed: structurally singular \u001b[31m\u2502\u001b[0m system: 5 matched out of 7 equations and 7 unknowns"", ""tool_side"": false}",/data/mrumoca/eval/results_v3/aixlib/runtime_free.jsonl
aixlib,runtime-v3,AixLib.Fluid.SolarCollectors.Controls.BaseClasses.GCritCalc,0,initialization-failure,high,True,execution-not-completed,"{""failure_kind"": ""unknown"", ""reason"": ""ulating AixLib.Fluid.SolarCollectors.Controls.BaseClasses.GCritCalc to t=1 with 3 trace point(s)... \u001b[31m\u001b[0m simulation failed: parameter `slope` has neither a binding nor an initial \u001b[31m\u2502\u001b[0m value"", ""raw"": ""reading /tmp/tmpfy9ewicx/traced.rbc (bitcode v2, cbor) holding 2 free input(s) constant at their start values: TIn=0, TEnv=0 Simulating AixLib.Fluid.SolarCollectors.Controls.BaseClasses.GCritCalc to t=1 with 3 trace point(s)... \u001b[31m\u001b[0m simulation failed: parameter `slope` has neither a binding nor an initial \u001b[31m\u2502\u001b[0m value"", ""tool_side"": false}",/data/mrumoca/eval/results_v3/aixlib/runtime_free.jsonl
aixlib,runtime-v3,AixLib.Fluid.Storage.BaseClasses.Bouyancy,0,network-port-unconnected,low,False,execution-not-completed,"{""connector"": ""port_a"", ""component"": ""<top level>"", ""component_class"": ""unknown"", ""flows_forced_to_zero"": ""port_a.Q_flow"", ""note"": ""nothing is connected to this port, so MLS \u00a79.2 forces its flow to zero. That is correct for a component compiled on its own and is not a defect; it is recorded because it is the commonest reason a model looks structurally singular""}",/data/mrumoca/eval/results_v3/aixlib/runtime_free.jsonl
aixlib,runtime-v3,AixLib.Fluid.Storage.BaseClasses.Bouyancy,1,network-port-unconnected,low,False,execution-not-completed,"{""connector"": ""port_b"", ""component"": ""<top level>"", ""component_class"": ""unknown"", ""flows_forced_to_zero"": ""port_b.Q_flow"", ""note"": ""nothing is connected to this port, so MLS \u00a79.2 forces its flow to zero. That is correct for a component compiled on its own and is not a defect; it is recorded because it is the commonest reason a model looks structurally singular""}",/data/mrumoca/eval/results_v3/aixlib/runtime_free.jsonl
aixlib,runtime-v3,AixLib.Fluid.Storage.BaseClasses.Bouyancy,2,network-component-isolated,low,False,execution-not-completed,"{""component"": ""<top level>"", ""component_class"": ""unknown"", ""ports"": ""port_a, port_b"", ""note"": ""every port of this instance is unconnected, so it exchanges nothing with the rest of the model while still contributing its equations""}",/data/mrumoca/eval/results_v3/aixlib/runtime_free.jsonl
aixlib,runtime-v3,AixLib.Fluid.Storage.BaseClasses.Bouyancy,3,physical-zero-is-a-supported-limit,low,False,execution-not-completed,"{""domain"": ""fluid"", ""rule"": ""fluid.area.positive"", ""rule_origin"": ""a flow cross-section is a divisor in every velocity relation; zero area admits no flow and divides by zero"", ""rule_reference"": """", ""matched_by"": {""quantity"": ""Area"", ""unit"": ""m2"", ""confidence"": ""QUANTITY_AND_UNIT"", ""premise_state"": ""unknown"", ""authority"": ""quantity_or_unit"", ""canonical_declaration"": ""AixLib.Fluid.Storage.BaseClasses.Bouyancy.A""}, ""required"": ""A > 0"", ""declared_min"": null, ""variable_role"": ""parameter"", ""premise_state"": ""refuted"", ""authority"": ""component_contract"", ""contract"": ""AixLib.Fluid.Storage.BaseClasses.Bouyancy.A: feature_disabled (proven, from equation) \u2014 the parameter appears only as a multiplier, so at zero the term it scales drops out and the rest of the model is unaffected"", ""contract_behavior"": ""feature_disabled"", ""contract_confidence"": ""proven"", ""contract_source"": ""equation"", ""note"": ""the positivity rule does not apply: this component documents zero as a meaningful limit, so reporting a missing bound would contradict its contract""}",/data/mrumoca/eval/results_v3/aixlib/runtime_free.jsonl
aixlib,runtime-v3,AixLib.Fluid.Storage.BaseClasses.Bouyancy,4,physical-runtime-invariant-unobserved,low,False,execution-not-completed,"{""domain"": ""fluid"", ""rule"": ""fluid.density.positive"", ""rule_origin"": ""mass per volume of a real fluid; density appears as a divisor throughout the Fluid library"", ""rule_reference"": """", ""matched_by"": {""quantity"": ""Density"", ""unit"": ""kg/m3"", ""confidence"": ""QUANTITY_AND_UNIT"", ""premise_state"": ""unknown"", ""authority"": ""quantity_or_unit"", ""canonical_declaration"": ""AixLib.Fluid.Storage.BaseClasses.Bouyancy.rho""}, ""required"": ""rho > 0"", ""variable_role"": ""algebraic"", ""note"": ""this is a runtime property of a algebraic variable, not a declaration a user can bound; deciding it needs an observation""}",/data/mrumoca/eval/results_v3/aixlib/runtime_free.jsonl
aixlib,runtime-v3,AixLib.Fluid.Storage.BaseClasses.Bouyancy,5,network-observation-incomplete,info,False,execution-not-completed,"{""reason"": ""missing or unsynchronized connector member observations"", ""note"": ""coverage gap, not a model defect""}",/data/mrumoca/eval/results_v3/aixlib/runtime_free.jsonl
aixlib,runtime-v3,AixLib.Fluid.Storage.BaseClasses.Bouyancy,6,initialization-failure,high,False,execution-not-completed,"{""failure_kind"": ""singular-system"", ""reason"": ""rage.BaseClasses.Bouyancy to t=1 with 9 trace point(s)... \u001b[31m\u001b[0m simulation failed: DAE structural proof failed: structurally singular \u001b[31m\u2502\u001b[0m system: 8 matched out of 9 equations and 9 unknowns"", ""raw"": ""reading /tmp/tmp1mtu8fck/traced.rbc (bitcode v2, cbor) Simulating AixLib.Fluid.Storage.BaseClasses.Bouyancy to t=1 with 9 trace point(s)... \u001b[31m\u001b[0m simulation failed: DAE structural proof failed: structurally singular \u001b[31m\u2502\u001b[0m system: 8 matched out of 9 equations and 9 unknowns"", ""tool_side"": false}",/data/mrumoca/eval/results_v3/aixlib/runtime_free.jsonl
aixlib,runtime-v3,AixLib.Fluid.Storage.BaseClasses.HeatTransferBuoyancyWetter,0,network-port-unconnected,low,False,execution-not-completed,"{""connector"": ""therm[1]"", ""component"": ""<top level>"", ""component_class"": ""unknown"", ""flows_forced_to_zero"": ""therm[1].Q_flow"", ""note"": ""nothing is connected to this port, so MLS \u00a79.2 forces its flow to zero. That is correct for a component compiled on its own and is not a defect; it is recorded because it is the commonest reason a model looks structurally singular""}",/data/mrumoca/eval/results_v3/aixlib/runtime_free.jsonl
aixlib,runtime-v3,AixLib.Fluid.Storage.BaseClasses.HeatTransferBuoyancyWetter,1,network-port-unconnected,low,False,execution-not-completed,"{""connector"": ""therm[2]"", ""component"": ""<top level>"", ""component_class"": ""unknown"", ""flows_forced_to_zero"": ""therm[2].Q_flow"", ""note"": ""nothing is connected to this port, so MLS \u00a79.2 forces its flow to zero. That is correct for a component compiled on its own and is not a defect; it is recorded because it is the commonest reason a model looks structurally singular""}",/data/mrumoca/eval/results_v3/aixlib/runtime_free.jsonl
aixlib,runtime-v3,AixLib.Fluid.Storage.BaseClasses.HeatTransferBuoyancyWetter,2,network-port-unconnected,low,False,execution-not-completed,"{""connector"": ""therm[3]"", ""component"": ""<top level>"", ""component_class"": ""unknown"", ""flows_forced_to_zero"": ""therm[3].Q_flow"", ""note"": ""nothing is connected to this port, so MLS \u00a79.2 forces its flow to zero. That is correct for a component compiled on its own and is not a defect; it is recorded because it is the commonest reason a model looks structurally singular""}",/data/mrumoca/eval/results_v3/aixlib/runtime_free.jsonl
aixlib,runtime-v3,AixLib.Fluid.Storage.BaseClasses.HeatTransferBuoyancyWetter,3,network-component-isolated,low,False,execution-not-completed,"{""component"": ""<top level>"", ""component_class"": ""unknown"", ""ports"": ""therm[1], therm[2], therm[3]"", ""note"": ""every port of this instance is unconnected, so it exchanges nothing with the rest of the model while still contributing its equations""}",/data/mrumoca/eval/results_v3/aixlib/runtime_free.jsonl
aixlib,runtime-v3,AixLib.Fluid.Storage.BaseClasses.HeatTransferBuoyancyWetter,4,physical-intent-question,low,False,execution-not-completed,"{""domain"": ""fluid"", ""rule"": ""fluid.density.positive"", ""rule_origin"": ""mass per volume of a real fluid; density appears as a divisor throughout the Fluid library"", ""rule_reference"": """", ""matched_by"": {""quantity"": ""Density"", ""unit"": ""kg/m3"", ""confidence"": ""QUANTITY_AND_UNIT"", ""premise_state"": ""unknown"", ""authority"": ""quantity_or_unit"", ""canonical_declaration"": ""AixLib.DataBase.Storage.StorageDetailedBaseDataDefinition.rhoIns""}, ""required"": ""data.rhoIns > 0"", ""declared_min"": 0.0, ""variable_role"": ""parameter"", ""observation"": ""permissive-declaration"", ""premise_state"": ""unknown"", ""authority"": ""quantity_or_unit"", ""canonical_declaration"": ""AixLib.DataBase.Storage.StorageDetailedBaseDataDefinition.rhoIns"", ""question"": ""`data.rhoIns` is bounded only by min=0, which is unusual for a density \u2014 but nothing declares what this component is, so the analyzer cannot tell whether it is intended. Is it? If so, declare it: add a component contract, or a `[[contracts]]` entry naming the intended `sign_domain`. If not, bound the declaration.""}",/data/mrumoca/eval/results_v3/aixlib/runtime_free.jsonl
aixlib,runtime-v3,AixLib.Fluid.Storage.BaseClasses.HeatTransferBuoyancyWetter,5,physical-intent-question,low,False,execution-not-completed,"{""domain"": ""fluid"", ""rule"": ""fluid.density.positive"", ""rule_origin"": ""mass per volume of a real fluid; density appears as a divisor throughout the Fluid library"", ""rule_reference"": """", ""matched_by"": {""quantity"": ""Density"", ""unit"": ""kg/m3"", ""confidence"": ""QUANTITY_AND_UNIT"", ""premise_state"": ""unknown"", ""authority"": ""quantity_or_unit"", ""canonical_declaration"": ""AixLib.DataBase.Storage.StorageDetailedBaseDataDefinition.rhoWall""}, ""required"": ""data.rhoWall > 0"", ""declared_min"": 0.0, ""variable_role"": ""parameter"", ""observation"": ""permissive-declaration"", ""premise_state"": ""unknown"", ""authority"": ""quantity_or_unit"", ""canonical_declaration"": ""AixLib.DataBase.Storage.StorageDetailedBaseDataDefinition.rhoWall"", ""question"": ""`data.rhoWall` is bounded only by min=0, which is unusual for a density \u2014 but nothing declares what this component is, so the analyzer cannot tell whether it is intended. Is it? If so, declare it: add a component contract, or a `[[contracts]]` entry naming the intended `sign_domain`. If not, bound the declaration.""}",/data/mrumoca/eval/results_v3/aixlib/runtime_free.jsonl
aixlib,runtime-v3,AixLib.Fluid.Storage.BaseClasses.HeatTransferBuoyancyWetter,6,physical-intent-question,low,False,execution-not-completed,"{""domain"": ""fluid"", ""rule"": ""fluid.density.positive"", ""rule_origin"": ""mass per volume of a real fluid; density appears as a divisor throughout the Fluid library"", ""rule_reference"": """", ""matched_by"": {""quantity"": ""Density"", ""unit"": ""kg/m3"", ""confidence"": ""QUANTITY_AND_UNIT"", ""premise_state"": ""unknown"", ""authority"": ""quantity_or_unit"", ""canonical_declaration"": ""AixLib.DataBase.Pipes.PipeBaseDataDefinition.d""}, ""required"": ""data.pipeHC1.d > 0"", ""declared_min"": 0.0, ""variable_role"": ""parameter"", ""observation"": ""permissive-declaration"", ""premise_state"": ""unknown"", ""authority"": ""quantity_or_unit"", ""canonical_declaration"": ""AixLib.DataBase.Pipes.PipeBaseDataDefinition.d"", ""question"": ""`data.pipeHC1.d` is bounded only by min=0, which is unusual for a density \u2014 but nothing declares what this component is, so the analyzer cannot tell whether it is intended. Is it? If so, declare it: add a component contract, or a `[[contracts]]` entry naming the intended `sign_domain`. If not, bound the declaration.""}",/data/mrumoca/eval/results_v3/aixlib/runtime_free.jsonl
aixlib,runtime-v3,AixLib.Fluid.Storage.BaseClasses.HeatTransferBuoyancyWetter,7,physical-intent-question,low,False,execution-not-completed,"{""domain"": ""fluid"", ""rule"": ""fluid.density.positive"", ""rule_origin"": ""mass per volume of a real fluid; density appears as a divisor throughout the Fluid library"", ""rule_reference"": """", ""matched_by"": {""quantity"": ""Density"", ""unit"": ""kg/m3"", ""confidence"": ""QUANTITY_AND_UNIT"", ""premise_state"": ""unknown"", ""authority"": ""quantity_or_unit"", ""canonical_declaration"": ""AixLib.DataBase.Pipes.PipeBaseDataDefinition.d""}, ""required"": ""data.pipeHC2.d > 0"", ""declared_min"": 0.0, ""variable_role"": ""parameter"", ""observation"": ""permissive-declaration"", ""premise_state"": ""unknown"", ""authority"": ""quantity_or_unit"", ""canonical_declaration"": ""AixLib.DataBase.Pipes.PipeBaseDataDefinition.d"", ""question"": ""`data.pipeHC2.d` is bounded only by min=0, which is unusual for a density \u2014 but nothing declares what this component is, so the analyzer cannot tell whether it is intended. Is it? If so, declare it: add a component contract, or a `[[contracts]]` entry naming the intended `sign_domain`. If not, bound the declaration.""}",/data/mrumoca/eval/results_v3/aixlib/runtime_free.jsonl
aixlib,runtime-v3,AixLib.Fluid.Storage.BaseClasses.HeatTransferBuoyancyWetter,8,physical-zero-is-a-supported-limit,low,False,execution-not-completed,"{""domain"": ""fluid"", ""rule"": ""fluid.density.positive"", ""rule_origin"": ""mass per volume of a real fluid; density appears as a divisor throughout the Fluid library"", ""rule_reference"": """", ""matched_by"": {""quantity"": ""Density"", ""unit"": ""kg/m3"", ""confidence"": ""QUANTITY_AND_UNIT"", ""premise_state"": ""unknown"", ""authority"": ""quantity_or_unit"", ""canonical_declaration"": ""AixLib.Fluid.Storage.BaseClasses.HeatTransferBuoyancyWetter.rho0""}, ""required"": ""rho0 > 0"", ""declared_min"": 0.0, ""variable_role"": ""parameter"", ""premise_state"": ""refuted"", ""authority"": ""component_contract"", ""contract"": ""AixLib.Fluid.Storage.BaseClasses.HeatTransferBuoyancyWetter.rho0: feature_disabled (proven, from equation) \u2014 the parameter appears only as a multiplier, so at zero the term it scales drops out and the rest of the model is unaffected"", ""contract_behavior"": ""feature_disabled"", ""contract_confidence"": ""proven"", ""contract_source"": ""equation"", ""note"": ""the positivity rule does not apply: this component documents zero as a meaningful limit, so reporting a missing bound would contradict its contract""}",/data/mrumoca/eval/results_v3/aixlib/runtime_free.jsonl
aixlib,runtime-v3,AixLib.Fluid.Storage.BaseClasses.HeatTransferBuoyancyWetter,9,network-observation-incomplete,info,False,execution-not-completed,"{""reason"": ""missing or unsynchronized connector member observations"", ""note"": ""coverage gap, not a model defect""}",/data/mrumoca/eval/results_v3/aixlib/runtime_free.jsonl
aixlib,runtime-v3,AixLib.Fluid.Storage.BaseClasses.HeatTransferBuoyancyWetter,10,initialization-failure,high,False,execution-not-completed,"{""failure_kind"": ""singular-system"", ""reason"": ""tTransferBuoyancyWetter to t=1 with 8 trace point(s)... \u001b[31m\u001b[0m simulation failed: DAE structural proof failed: structurally singular \u001b[31m\u2502\u001b[0m system: 9 matched out of 10 equations and 10 unknowns"", ""raw"": ""reading /tmp/tmp614y8psf/traced.rbc (bitcode v2, cbor) Simulating AixLib.Fluid.Storage.BaseClasses.HeatTransferBuoyancyWetter to t=1 with 8 trace point(s)... \u001b[31m\u001b[0m simulation failed: DAE structural proof failed: structurally singular \u001b[31m\u2502\u001b[0m system: 9 matched out of 10 equations and 10 unknowns"", ""tool_side"": false}",/data/mrumoca/eval/results_v3/aixlib/runtime_free.jsonl
aixlib,runtime-v3,AixLib.Fluid.SolarCollectors.Controls.BaseClasses.Examples.GCritCalc,0,network-boundary-port,low,False,standalone-topology-not-defect-proof,"{""node"": ""TEnv -- TIn -- criSol"", ""boundary_connectors"": ""TEnv, TIn, criSol"", ""wired_to"": ""nothing"", ""note"": ""this connector belongs to the model itself, not to a component inside it: the model is an interface compiled on its own, so the node is open on one side. Nothing forces its flow, which is why a structural matching reports an unmatched unknown here. Not a defect in the model""}",/data/mrumoca/eval/results_v3/aixlib/runtime_free.jsonl
aixlib,runtime-v3,AixLib.Fluid.Storage.BaseClasses.HeatTransferLambdaEff,0,network-port-unconnected,low,False,execution-not-completed,"{""connector"": ""therm[1]"", ""component"": ""<top level>"", ""component_class"": ""unknown"", ""flows_forced_to_zero"": ""therm[1].Q_flow"", ""note"": ""nothing is connected to this port, so MLS \u00a79.2 forces its flow to zero. That is correct for a component compiled on its own and is not a defect; it is recorded because it is the commonest reason a model looks structurally singular""}",/data/mrumoca/eval/results_v3/aixlib/runtime_free.jsonl
aixlib,runtime-v3,AixLib.Fluid.Storage.BaseClasses.HeatTransferLambdaEff,1,network-port-unconnected,low,False,execution-not-completed,"{""connector"": ""therm[2]"", ""component"": ""<top level>"", ""component_class"": ""unknown"", ""flows_forced_to_zero"": ""therm[2].Q_flow"", ""note"": ""nothing is connected to this port, so MLS \u00a79.2 forces its flow to zero. That is correct for a component compiled on its own and is not a defect; it is recorded because it is the commonest reason a model looks structurally singular""}",/data/mrumoca/eval/results_v3/aixlib/runtime_free.jsonl
aixlib,runtime-v3,AixLib.Fluid.Storage.BaseClasses.HeatTransferLambdaEff,2,network-port-unconnected,low,False,execution-not-completed,"{""connector"": ""therm[3]"", ""component"": ""<top level>"", ""component_class"": ""unknown"", ""flows_forced_to_zero"": ""therm[3].Q_flow"", ""note"": ""nothing is connected to this port, so MLS \u00a79.2 forces its flow to zero. That is correct for a component compiled on its own and is not a defect; it is recorded because it is the commonest reason a model looks structurally singular""}",/data/mrumoca/eval/results_v3/aixlib/runtime_free.jsonl
aixlib,runtime-v3,AixLib.Fluid.Storage.BaseClasses.HeatTransferLambdaEff,3,network-component-isolated,low,False,execution-not-completed,"{""component"": ""<top level>"", ""component_class"": ""unknown"", ""ports"": ""therm[1], therm[2], therm[3]"", ""note"": ""every port of this instance is unconnected, so it exchanges nothing with the rest of the model while still contributing its equations""}",/data/mrumoca/eval/results_v3/aixlib/runtime_free.jsonl
aixlib,runtime-v3,AixLib.Fluid.Storage.BaseClasses.HeatTransferLambdaEff,4,physical-intent-question,low,False,execution-not-completed,"{""domain"": ""fluid"", ""rule"": ""fluid.density.positive"", ""rule_origin"": ""mass per volume of a real fluid; density appears as a divisor throughout the Fluid library"", ""rule_reference"": """", ""matched_by"": {""quantity"": ""Density"", ""unit"": ""kg/m3"", ""confidence"": ""QUANTITY_AND_UNIT"", ""premise_state"": ""unknown"", ""authority"": ""quantity_or_unit"", ""canonical_declaration"": ""AixLib.DataBase.Storage.StorageDetailedBaseDataDefinition.rhoIns""}, ""required"": ""data.rhoIns > 0"", ""declared_min"": 0.0, ""variable_role"": ""parameter"", ""observation"": ""permissive-declaration"", ""premise_state"": ""unknown"", ""authority"": ""quantity_or_unit"", ""canonical_declaration"": ""AixLib.DataBase.Storage.StorageDetailedBaseDataDefinition.rhoIns"", ""question"": ""`data.rhoIns` is bounded only by min=0, which is unusual for a density \u2014 but nothing declares what this component is, so the analyzer cannot tell whether it is intended. Is it? If so, declare it: add a component contract, or a `[[contracts]]` entry naming the intended `sign_domain`. If not, bound the declaration.""}",/data/mrumoca/eval/results_v3/aixlib/runtime_free.jsonl
aixlib,runtime-v3,AixLib.Fluid.Storage.BaseClasses.HeatTransferLambdaEff,5,physical-intent-question,low,False,execution-not-completed,"{""domain"": ""fluid"", ""rule"": ""fluid.density.positive"", ""rule_origin"": ""mass per volume of a real fluid; density appears as a divisor throughout the Fluid library"", ""rule_reference"": """", ""matched_by"": {""quantity"": ""Density"", ""unit"": ""kg/m3"", ""confidence"": ""QUANTITY_AND_UNIT"", ""premise_state"": ""unknown"", ""authority"": ""quantity_or_unit"", ""canonical_declaration"": ""AixLib.DataBase.Storage.StorageDetailedBaseDataDefinition.rhoWall""}, ""required"": ""data.rhoWall > 0"", ""declared_min"": 0.0, ""variable_role"": ""parameter"", ""observation"": ""permissive-declaration"", ""premise_state"": ""unknown"", ""authority"": ""quantity_or_unit"", ""canonical_declaration"": ""AixLib.DataBase.Storage.StorageDetailedBaseDataDefinition.rhoWall"", ""question"": ""`data.rhoWall` is bounded only by min=0, which is unusual for a density \u2014 but nothing declares what this component is, so the analyzer cannot tell whether it is intended. Is it? If so, declare it: add a component contract, or a `[[contracts]]` entry naming the intended `sign_domain`. If not, bound the declaration.""}",/data/mrumoca/eval/results_v3/aixlib/runtime_free.jsonl
aixlib,runtime-v3,AixLib.Fluid.Storage.BaseClasses.HeatTransferLambdaEff,6,physical-intent-question,low,False,execution-not-completed,"{""domain"": ""fluid"", ""rule"": ""fluid.density.positive"", ""rule_origin"": ""mass per volume of a real fluid; density appears as a divisor throughout the Fluid library"", ""rule_reference"": """", ""matched_by"": {""quantity"": ""Density"", ""unit"": ""kg/m3"", ""confidence"": ""QUANTITY_AND_UNIT"", ""premise_state"": ""unknown"", ""authority"": ""quantity_or_unit"", ""canonical_declaration"": ""AixLib.DataBase.Pipes.PipeBaseDataDefinition.d""}, ""required"": ""data.pipeHC1.d > 0"", ""declared_min"": 0.0, ""variable_role"": ""parameter"", ""observation"": ""permissive-declaration"", ""premise_state"": ""unknown"", ""authority"": ""quantity_or_unit"", ""canonical_declaration"": ""AixLib.DataBase.Pipes.PipeBaseDataDefinition.d"", ""question"": ""`data.pipeHC1.d` is bounded only by min=0, which is unusual for a density \u2014 but nothing declares what this component is, so the analyzer cannot tell whether it is intended. Is it? If so, declare it: add a component contract, or a `[[contracts]]` entry naming the intended `sign_domain`. If not, bound the declaration.""}",/data/mrumoca/eval/results_v3/aixlib/runtime_free.jsonl
aixlib,runtime-v3,AixLib.Fluid.Storage.BaseClasses.HeatTransferLambdaEff,7,physical-intent-question,low,False,execution-not-completed,"{""domain"": ""fluid"", ""rule"": ""fluid.density.positive"", ""rule_origin"": ""mass per volume of a real fluid; density appears as a divisor throughout the Fluid library"", ""rule_reference"": """", ""matched_by"": {""quantity"": ""Density"", ""unit"": ""kg/m3"", ""confidence"": ""QUANTITY_AND_UNIT"", ""premise_state"": ""unknown"", ""authority"": ""quantity_or_unit"", ""canonical_declaration"": ""AixLib.DataBase.Pipes.PipeBaseDataDefinition.d""}, ""required"": ""data.pipeHC2.d > 0"", ""declared_min"": 0.0, ""variable_role"": ""parameter"", ""observation"": ""permissive-declaration"", ""premise_state"": ""unknown"", ""authority"": ""quantity_or_unit"", ""canonical_declaration"": ""AixLib.DataBase.Pipes.PipeBaseDataDefinition.d"", ""question"": ""`data.pipeHC2.d` is bounded only by min=0, which is unusual for a density \u2014 but nothing declares what this component is, so the analyzer cannot tell whether it is intended. Is it? If so, declare it: add a component contract, or a `[[contracts]]` entry naming the intended `sign_domain`. If not, bound the declaration.""}",/data/mrumoca/eval/results_v3/aixlib/runtime_free.jsonl
aixlib,runtime-v3,AixLib.Fluid.Storage.BaseClasses.HeatTransferLambdaEff,8,physical-zero-is-a-supported-limit,low,False,execution-not-completed,"{""domain"": ""fluid"", ""rule"": ""fluid.area.positive"", ""rule_origin"": ""a flow cross-section is a divisor in every velocity relation; zero area admits no flow and divides by zero"", ""rule_reference"": """", ""matched_by"": {""quantity"": ""Area"", ""unit"": ""m2"", ""confidence"": ""QUANTITY_AND_UNIT"", ""premise_state"": ""unknown"", ""authority"": ""quantity_or_unit"", ""canonical_declaration"": ""AixLib.Fluid.Storage.BaseClasses.HeatTransferLambdaEff.A""}, ""required"": ""A > 0"", ""declared_min"": null, ""variable_role"": ""parameter"", ""premise_state"": ""refuted"", ""authority"": ""component_contract"", ""contract"": ""AixLib.Fluid.Storage.BaseClasses.HeatTransferLambdaEff.A: feature_disabled (proven, from equation) \u2014 the parameter appears only as a multiplier, so at zero the term it scales drops out and the rest of the model is unaffected"", ""contract_behavior"": ""feature_disabled"", ""contract_confidence"": ""proven"", ""contract_source"": ""equation"", ""note"": ""the positivity rule does not apply: this component documents zero as a meaningful limit, so reporting a missing bound would contradict its contract""}",/data/mrumoca/eval/results_v3/aixlib/runtime_free.jsonl
aixlib,runtime-v3,AixLib.Fluid.Storage.BaseClasses.HeatTransferLambdaEff,9,physical-zero-is-a-supported-limit,low,False,execution-not-completed,"{""domain"": ""fluid"", ""rule"": ""fluid.density.positive"", ""rule_origin"": ""mass per volume of a real fluid; density appears as a divisor throughout the Fluid library"", ""rule_reference"": """", ""matched_by"": {""quantity"": ""Density"", ""unit"": ""kg/m3"", ""confidence"": ""QUANTITY_AND_UNIT"", ""premise_state"": ""unknown"", ""authority"": ""quantity_or_unit"", ""canonical_declaration"": ""AixLib.Fluid.Storage.BaseClasses.HeatTransferLambdaEff.rho""}, ""required"": ""rho > 0"", ""declared_min"": 0.0, ""variable_role"": ""parameter"", ""premise_state"": ""refuted"", ""authority"": ""component_contract"", ""contract"": ""AixLib.Fluid.Storage.BaseClasses.HeatTransferLambdaEff.rho: feature_disabled (proven, from equation) \u2014 the parameter appears only as a multiplier, so at zero the term it scales drops out and the rest of the model is unaffected"", ""contract_behavior"": ""feature_disabled"", ""contract_confidence"": ""proven"", ""contract_source"": ""equation"", ""note"": ""the positivity rule does not apply: this component documents zero as a meaningful limit, so reporting a missing bound would contradict its contract""}",/data/mrumoca/eval/results_v3/aixlib/runtime_free.jsonl
aixlib,runtime-v3,AixLib.Fluid.Storage.BaseClasses.HeatTransferLambdaEff,10,network-observation-incomplete,info,False,execution-not-completed,"{""reason"": ""missing or unsynchronized connector member observations"", ""note"": ""coverage gap, not a model defect""}",/data/mrumoca/eval/results_v3/aixlib/runtime_free.jsonl
aixlib,runtime-v3,AixLib.Fluid.Storage.BaseClasses.HeatTransferLambdaEff,11,initialization-failure,high,False,execution-not-completed,"{""failure_kind"": ""singular-system"", ""reason"": ""HeatTransferLambdaEff to t=1 with 10 trace point(s)... \u001b[31m\u001b[0m simulation failed: DAE structural proof failed: structurally singular \u001b[31m\u2502\u001b[0m system: 13 matched out of 14 equations and 14 unknowns"", ""raw"": ""reading /tmp/tmp5mc3f1nj/traced.rbc (bitcode v2, cbor) Simulating AixLib.Fluid.Storage.BaseClasses.HeatTransferLambdaEff to t=1 with 10 trace point(s)... \u001b[31m\u001b[0m simulation failed: DAE structural proof failed: structurally singular \u001b[31m\u2502\u001b[0m system: 13 matched out of 14 equations and 14 unknowns"", ""tool_side"": false}",/data/mrumoca/eval/results_v3/aixlib/runtime_free.jsonl
aixlib,runtime-v3,AixLib.Fluid.Storage.BaseClasses.HeatTransferLambdaEffSmooth,0,network-port-unconnected,low,False,execution-not-completed,"{""connector"": ""therm[1]"", ""component"": ""<top level>"", ""component_class"": ""unknown"", ""flows_forced_to_zero"": ""therm[1].Q_flow"", ""note"": ""nothing is connected to this port, so MLS \u00a79.2 forces its flow to zero. That is correct for a component compiled on its own and is not a defect; it is recorded because it is the commonest reason a model looks structurally singular""}",/data/mrumoca/eval/results_v3/aixlib/runtime_free.jsonl
aixlib,runtime-v3,AixLib.Fluid.Storage.BaseClasses.HeatTransferLambdaEffSmooth,1,network-port-unconnected,low,False,execution-not-completed,"{""connector"": ""therm[2]"", ""component"": ""<top level>"", ""component_class"": ""unknown"", ""flows_forced_to_zero"": ""therm[2].Q_flow"", ""note"": ""nothing is connected to this port, so MLS \u00a79.2 forces its flow to zero. That is correct for a component compiled on its own and is not a defect; it is recorded because it is the commonest reason a model looks structurally singular""}",/data/mrumoca/eval/results_v3/aixlib/runtime_free.jsonl
aixlib,runtime-v3,AixLib.Fluid.Storage.BaseClasses.HeatTransferLambdaEffSmooth,2,network-port-unconnected,low,False,execution-not-completed,"{""connector"": ""therm[3]"", ""component"": ""<top level>"", ""component_class"": ""unknown"", ""flows_forced_to_zero"": ""therm[3].Q_flow"", ""note"": ""nothing is connected to this port, so MLS \u00a79.2 forces its flow to zero. That is correct for a component compiled on its own and is not a defect; it is recorded because it is the commonest reason a model looks structurally singular""}",/data/mrumoca/eval/results_v3/aixlib/runtime_free.jsonl
aixlib,runtime-v3,AixLib.Fluid.Storage.BaseClasses.HeatTransferLambdaEffSmooth,3,network-component-isolated,low,False,execution-not-completed,"{""component"": ""<top level>"", ""component_class"": ""unknown"", ""ports"": ""therm[1], therm[2], therm[3]"", ""note"": ""every port of this instance is unconnected, so it exchanges nothing with the rest of the model while still contributing its equations""}",/data/mrumoca/eval/results_v3/aixlib/runtime_free.jsonl
aixlib,runtime-v3,AixLib.Fluid.Storage.BaseClasses.HeatTransferLambdaEffSmooth,4,physical-intent-question,low,False,execution-not-completed,"{""domain"": ""fluid"", ""rule"": ""fluid.density.positive"", ""rule_origin"": ""mass per volume of a real fluid; density appears as a divisor throughout the Fluid library"", ""rule_reference"": """", ""matched_by"": {""quantity"": ""Density"", ""unit"": ""kg/m3"", ""confidence"": ""QUANTITY_AND_UNIT"", ""premise_state"": ""unknown"", ""authority"": ""quantity_or_unit"", ""canonical_declaration"": ""AixLib.DataBase.Storage.StorageDetailedBaseDataDefinition.rhoIns""}, ""required"": ""data.rhoIns > 0"", ""declared_min"": 0.0, ""variable_role"": ""parameter"", ""observation"": ""permissive-declaration"", ""premise_state"": ""unknown"", ""authority"": ""quantity_or_unit"", ""canonical_declaration"": ""AixLib.DataBase.Storage.StorageDetailedBaseDataDefinition.rhoIns"", ""question"": ""`data.rhoIns` is bounded only by min=0, which is unusual for a density \u2014 but nothing declares what this component is, so the analyzer cannot tell whether it is intended. Is it? If so, declare it: add a component contract, or a `[[contracts]]` entry naming the intended `sign_domain`. If not, bound the declaration.""}",/data/mrumoca/eval/results_v3/aixlib/runtime_free.jsonl
aixlib,runtime-v3,AixLib.Fluid.Storage.BaseClasses.HeatTransferLambdaEffSmooth,5,physical-intent-question,low,False,execution-not-completed,"{""domain"": ""fluid"", ""rule"": ""fluid.density.positive"", ""rule_origin"": ""mass per volume of a real fluid; density appears as a divisor throughout the Fluid library"", ""rule_reference"": """", ""matched_by"": {""quantity"": ""Density"", ""unit"": ""kg/m3"", ""confidence"": ""QUANTITY_AND_UNIT"", ""premise_state"": ""unknown"", ""authority"": ""quantity_or_unit"", ""canonical_declaration"": ""AixLib.DataBase.Storage.StorageDetailedBaseDataDefinition.rhoWall""}, ""required"": ""data.rhoWall > 0"", ""declared_min"": 0.0, ""variable_role"": ""parameter"", ""observation"": ""permissive-declaration"", ""premise_state"": ""unknown"", ""authority"": ""quantity_or_unit"", ""canonical_declaration"": ""AixLib.DataBase.Storage.StorageDetailedBaseDataDefinition.rhoWall"", ""question"": ""`data.rhoWall` is bounded only by min=0, which is unusual for a density \u2014 but nothing declares what this component is, so the analyzer cannot tell whether it is intended. Is it? If so, declare it: add a component contract, or a `[[contracts]]` entry naming the intended `sign_domain`. If not, bound the declaration.""}",/data/mrumoca/eval/results_v3/aixlib/runtime_free.jsonl
aixlib,runtime-v3,AixLib.Fluid.Storage.BaseClasses.HeatTransferLambdaEffSmooth,6,physical-intent-question,low,False,execution-not-completed,"{""domain"": ""fluid"", ""rule"": ""fluid.density.positive"", ""rule_origin"": ""mass per volume of a real fluid; density appears as a divisor throughout the Fluid library"", ""rule_reference"": """", ""matched_by"": {""quantity"": ""Density"", ""unit"": ""kg/m3"", ""confidence"": ""QUANTITY_AND_UNIT"", ""premise_state"": ""unknown"", ""authority"": ""quantity_or_unit"", ""canonical_declaration"": ""AixLib.DataBase.Pipes.PipeBaseDataDefinition.d""}, ""required"": ""data.pipeHC1.d > 0"", ""declared_min"": 0.0, ""variable_role"": ""parameter"", ""observation"": ""permissive-declaration"", ""premise_state"": ""unknown"", ""authority"": ""quantity_or_unit"", ""canonical_declaration"": ""AixLib.DataBase.Pipes.PipeBaseDataDefinition.d"", ""question"": ""`data.pipeHC1.d` is bounded only by min=0, which is unusual for a density \u2014 but nothing declares what this component is, so the analyzer cannot tell whether it is intended. Is it? If so, declare it: add a component contract, or a `[[contracts]]` entry naming the intended `sign_domain`. If not, bound the declaration.""}",/data/mrumoca/eval/results_v3/aixlib/runtime_free.jsonl
aixlib,runtime-v3,AixLib.Fluid.Storage.BaseClasses.HeatTransferLambdaEffSmooth,7,physical-intent-question,low,False,execution-not-completed,"{""domain"": ""fluid"", ""rule"": ""fluid.density.positive"", ""rule_origin"": ""mass per volume of a real fluid; density appears as a divisor throughout the Fluid library"", ""rule_reference"": """", ""matched_by"": {""quantity"": ""Density"", ""unit"": ""kg/m3"", ""confidence"": ""QUANTITY_AND_UNIT"", ""premise_state"": ""unknown"", ""authority"": ""quantity_or_unit"", ""canonical_declaration"": ""AixLib.DataBase.Pipes.PipeBaseDataDefinition.d""}, ""required"": ""data.pipeHC2.d > 0"", ""declared_min"": 0.0, ""variable_role"": ""parameter"", ""observation"": ""permissive-declaration"", ""premise_state"": ""unknown"", ""authority"": ""quantity_or_unit"", ""canonical_declaration"": ""AixLib.DataBase.Pipes.PipeBaseDataDefinition.d"", ""question"": ""`data.pipeHC2.d` is bounded only by min=0, which is unusual for a density \u2014 but nothing declares what this component is, so the analyzer cannot tell whether it is intended. Is it? If so, declare it: add a component contract, or a `[[contracts]]` entry naming the intended `sign_domain`. If not, bound the declaration.""}",/data/mrumoca/eval/results_v3/aixlib/runtime_free.jsonl
aixlib,runtime-v3,AixLib.Fluid.Storage.BaseClasses.HeatTransferLambdaEffSmooth,8,physical-zero-is-a-supported-limit,low,False,execution-not-completed,"{""domain"": ""fluid"", ""rule"": ""fluid.area.positive"", ""rule_origin"": ""a flow cross-section is a divisor in every velocity relation; zero area admits no flow and divides by zero"", ""rule_reference"": """", ""matched_by"": {""quantity"": ""Area"", ""unit"": ""m2"", ""confidence"": ""QUANTITY_AND_UNIT"", ""premise_state"": ""unknown"", ""authority"": ""quantity_or_unit"", ""canonical_declaration"": ""AixLib.Fluid.Storage.BaseClasses.HeatTransferLambdaEffSmooth.A""}, ""required"": ""A > 0"", ""declared_min"": null, ""variable_role"": ""parameter"", ""premise_state"": ""refuted"", ""authority"": ""component_contract"", ""contract"": ""AixLib.Fluid.Storage.BaseClasses.HeatTransferLambdaEffSmooth.A: feature_disabled (proven, from equation) \u2014 the parameter appears only as a multiplier, so at zero the term it scales drops out and the rest of the model is unaffected"", ""contract_behavior"": ""feature_disabled"", ""contract_confidence"": ""proven"", ""contract_source"": ""equation"", ""note"": ""the positivity rule does not apply: this component documents zero as a meaningful limit, so reporting a missing bound would contradict its contract""}",/data/mrumoca/eval/results_v3/aixlib/runtime_free.jsonl
aixlib,runtime-v3,AixLib.Fluid.Storage.BaseClasses.HeatTransferLambdaEffSmooth,9,physical-zero-is-a-supported-limit,low,False,execution-not-completed,"{""domain"": ""fluid"", ""rule"": ""fluid.density.positive"", ""rule_origin"": ""mass per volume of a real fluid; density appears as a divisor throughout the Fluid library"", ""rule_reference"": """", ""matched_by"": {""quantity"": ""Density"", ""unit"": ""kg/m3"", ""confidence"": ""QUANTITY_AND_UNIT"", ""premise_state"": ""unknown"", ""authority"": ""quantity_or_unit"", ""canonical_declaration"": ""AixLib.Fluid.Storage.BaseClasses.HeatTransferLambdaEffSmooth.rho""}, ""required"": ""rho > 0"", ""declared_min"": 0.0, ""variable_role"": ""parameter"", ""premise_state"": ""refuted"", ""authority"": ""component_contract"", ""contract"": ""AixLib.Fluid.Storage.BaseClasses.HeatTransferLambdaEffSmooth.rho: feature_disabled (proven, from equation) \u2014 the parameter appears only as a multiplier, so at zero the term it scales drops out and the rest of the model is unaffected"", ""contract_behavior"": ""feature_disabled"", ""contract_confidence"": ""proven"", ""contract_source"": ""equation"", ""note"": ""the positivity rule does not apply: this component documents zero as a meaningful limit, so reporting a missing bound would contradict its contract""}",/data/mrumoca/eval/results_v3/aixlib/runtime_free.jsonl
aixlib,runtime-v3,AixLib.Fluid.Storage.BaseClasses.HeatTransferLambdaEffSmooth,10,network-observation-incomplete,info,False,execution-not-completed,"{""reason"": ""missing or unsynchronized connector member observations"", ""note"": ""coverage gap, not a model defect""}",/data/mrumoca/eval/results_v3/aixlib/runtime_free.jsonl
aixlib,runtime-v3,AixLib.Fluid.Storage.BaseClasses.HeatTransferLambdaEffSmooth,11,initialization-failure,high,False,execution-not-completed,"{""failure_kind"": ""singular-system"", ""reason"": ""ansferLambdaEffSmooth to t=1 with 10 trace point(s)... \u001b[31m\u001b[0m simulation failed: DAE structural proof failed: structurally singular \u001b[31m\u2502\u001b[0m system: 13 matched out of 14 equations and 14 unknowns"", ""raw"": ""reading /tmp/tmpfduj4n_5/traced.rbc (bitcode v2, cbor) Simulating AixLib.Fluid.Storage.BaseClasses.HeatTransferLambdaEffSmooth to t=1 with 10 trace point(s)... \u001b[31m\u001b[0m simulation failed: DAE structural proof failed: structurally singular \u001b[31m\u2502\u001b[0m system: 13 matched out of 14 equations and 14 unknowns"", ""tool_side"": false}",/data/mrumoca/eval/results_v3/aixlib/runtime_free.jsonl
aixlib,runtime-v3,AixLib.Fluid.Storage.BaseClasses.HeatTransferOnlyConduction,0,network-port-unconnected,low,False,execution-not-completed,"{""connector"": ""therm[1]"", ""component"": ""<top level>"", ""component_class"": ""unknown"", ""flows_forced_to_zero"": ""therm[1].Q_flow"", ""note"": ""nothing is connected to this port, so MLS \u00a79.2 forces its flow to zero. That is correct for a component compiled on its own and is not a defect; it is recorded because it is the commonest reason a model looks structurally singular""}",/data/mrumoca/eval/results_v3/aixlib/runtime_free.jsonl
aixlib,runtime-v3,AixLib.Fluid.Storage.BaseClasses.HeatTransferOnlyConduction,1,network-port-unconnected,low,False,execution-not-completed,"{""connector"": ""therm[2]"", ""component"": ""<top level>"", ""component_class"": ""unknown"", ""flows_forced_to_zero"": ""therm[2].Q_flow"", ""note"": ""nothing is connected to this port, so MLS \u00a79.2 forces its flow to zero. That is correct for a component compiled on its own and is not a defect; it is recorded because it is the commonest reason a model looks structurally singular""}",/data/mrumoca/eval/results_v3/aixlib/runtime_free.jsonl
aixlib,runtime-v3,AixLib.Fluid.Storage.BaseClasses.HeatTransferOnlyConduction,2,network-port-unconnected,low,False,execution-not-completed,"{""connector"": ""therm[3]"", ""component"": ""<top level>"", ""component_class"": ""unknown"", ""flows_forced_to_zero"": ""therm[3].Q_flow"", ""note"": ""nothing is connected to this port, so MLS \u00a79.2 forces its flow to zero. That is correct for a component compiled on its own and is not a defect; it is recorded because it is the commonest reason a model looks structurally singular""}",/data/mrumoca/eval/results_v3/aixlib/runtime_free.jsonl
aixlib,runtime-v3,AixLib.Fluid.Storage.BaseClasses.HeatTransferOnlyConduction,3,network-component-isolated,low,False,execution-not-completed,"{""component"": ""<top level>"", ""component_class"": ""unknown"", ""ports"": ""therm[1], therm[2], therm[3]"", ""note"": ""every port of this instance is unconnected, so it exchanges nothing with the rest of the model while still contributing its equations""}",/data/mrumoca/eval/results_v3/aixlib/runtime_free.jsonl
aixlib,runtime-v3,AixLib.Fluid.Storage.BaseClasses.HeatTransferOnlyConduction,4,physical-intent-question,low,False,execution-not-completed,"{""domain"": ""fluid"", ""rule"": ""fluid.density.positive"", ""rule_origin"": ""mass per volume of a real fluid; density appears as a divisor throughout the Fluid library"", ""rule_reference"": """", ""matched_by"": {""quantity"": ""Density"", ""unit"": ""kg/m3"", ""confidence"": ""QUANTITY_AND_UNIT"", ""premise_state"": ""unknown"", ""authority"": ""quantity_or_unit"", ""canonical_declaration"": ""AixLib.DataBase.Storage.StorageDetailedBaseDataDefinition.rhoIns""}, ""required"": ""data.rhoIns > 0"", ""declared_min"": 0.0, ""variable_role"": ""parameter"", ""observation"": ""permissive-declaration"", ""premise_state"": ""unknown"", ""authority"": ""quantity_or_unit"", ""canonical_declaration"": ""AixLib.DataBase.Storage.StorageDetailedBaseDataDefinition.rhoIns"", ""question"": ""`data.rhoIns` is bounded only by min=0, which is unusual for a density \u2014 but nothing declares what this component is, so the analyzer cannot tell whether it is intended. Is it? If so, declare it: add a component contract, or a `[[contracts]]` entry naming the intended `sign_domain`. If not, bound the declaration.""}",/data/mrumoca/eval/results_v3/aixlib/runtime_free.jsonl
aixlib,runtime-v3,AixLib.Fluid.Storage.BaseClasses.HeatTransferOnlyConduction,5,physical-intent-question,low,False,execution-not-completed,"{""domain"": ""fluid"", ""rule"": ""fluid.density.positive"", ""rule_origin"": ""mass per volume of a real fluid; density appears as a divisor throughout the Fluid library"", ""rule_reference"": """", ""matched_by"": {""quantity"": ""Density"", ""unit"": ""kg/m3"", ""confidence"": ""QUANTITY_AND_UNIT"", ""premise_state"": ""unknown"", ""authority"": ""quantity_or_unit"", ""canonical_declaration"": ""AixLib.DataBase.Storage.StorageDetailedBaseDataDefinition.rhoWall""}, ""required"": ""data.rhoWall > 0"", ""declared_min"": 0.0, ""variable_role"": ""parameter"", ""observation"": ""permissive-declaration"", ""premise_state"": ""unknown"", ""authority"": ""quantity_or_unit"", ""canonical_declaration"": ""AixLib.DataBase.Storage.StorageDetailedBaseDataDefinition.rhoWall"", ""question"": ""`data.rhoWall` is bounded only by min=0, which is unusual for a density \u2014 but nothing declares what this component is, so the analyzer cannot tell whether it is intended. Is it? If so, declare it: add a component contract, or a `[[contracts]]` entry naming the intended `sign_domain`. If not, bound the declaration.""}",/data/mrumoca/eval/results_v3/aixlib/runtime_free.jsonl
aixlib,runtime-v3,AixLib.Fluid.Storage.BaseClasses.HeatTransferOnlyConduction,6,physical-intent-question,low,False,execution-not-completed,"{""domain"": ""fluid"", ""rule"": ""fluid.density.positive"", ""rule_origin"": ""mass per volume of a real fluid; density appears as a divisor throughout the Fluid library"", ""rule_reference"": """", ""matched_by"": {""quantity"": ""Density"", ""unit"": ""kg/m3"", ""confidence"": ""QUANTITY_AND_UNIT"", ""premise_state"": ""unknown"", ""authority"": ""quantity_or_unit"", ""canonical_declaration"": ""AixLib.DataBase.Pipes.PipeBaseDataDefinition.d""}, ""required"": ""data.pipeHC1.d > 0"", ""declared_min"": 0.0, ""variable_role"": ""parameter"", ""observation"": ""permissive-declaration"", ""premise_state"": ""unknown"", ""authority"": ""quantity_or_unit"", ""canonical_declaration"": ""AixLib.DataBase.Pipes.PipeBaseDataDefinition.d"", ""question"": ""`data.pipeHC1.d` is bounded only by min=0, which is unusual for a density \u2014 but nothing declares what this component is, so the analyzer cannot tell whether it is intended. Is it? If so, declare it: add a component contract, or a `[[contracts]]` entry naming the intended `sign_domain`. If not, bound the declaration.""}",/data/mrumoca/eval/results_v3/aixlib/runtime_free.jsonl
aixlib,runtime-v3,AixLib.Fluid.Storage.BaseClasses.HeatTransferOnlyConduction,7,physical-intent-question,low,False,execution-not-completed,"{""domain"": ""fluid"", ""rule"": ""fluid.density.positive"", ""rule_origin"": ""mass per volume of a real fluid; density appears as a divisor throughout the Fluid library"", ""rule_reference"": """", ""matched_by"": {""quantity"": ""Density"", ""unit"": ""kg/m3"", ""confidence"": ""QUANTITY_AND_UNIT"", ""premise_state"": ""unknown"", ""authority"": ""quantity_or_unit"", ""canonical_declaration"": ""AixLib.DataBase.Pipes.PipeBaseDataDefinition.d""}, ""required"": ""data.pipeHC2.d > 0"", ""declared_min"": 0.0, ""variable_role"": ""parameter"", ""observation"": ""permissive-declaration"", ""premise_state"": ""unknown"", ""authority"": ""quantity_or_unit"", ""canonical_declaration"": ""AixLib.DataBase.Pipes.PipeBaseDataDefinition.d"", ""question"": ""`data.pipeHC2.d` is bounded only by min=0, which is unusual for a density \u2014 but nothing declares what this component is, so the analyzer cannot tell whether it is intended. Is it? If so, declare it: add a component contract, or a `[[contracts]]` entry naming the intended `sign_domain`. If not, bound the declaration.""}",/data/mrumoca/eval/results_v3/aixlib/runtime_free.jsonl
aixlib,runtime-v3,AixLib.Fluid.Storage.BaseClasses.HeatTransferOnlyConduction,8,physical-zero-is-a-supported-limit,low,False,execution-not-completed,"{""domain"": ""fluid"", ""rule"": ""fluid.area.positive"", ""rule_origin"": ""a flow cross-section is a divisor in every velocity relation; zero area admits no flow and divides by zero"", ""rule_reference"": """", ""matched_by"": {""quantity"": ""Area"", ""unit"": ""m2"", ""confidence"": ""QUANTITY_AND_UNIT"", ""premise_state"": ""unknown"", ""authority"": ""quantity_or_unit"", ""canonical_declaration"": ""AixLib.Fluid.Storage.BaseClasses.HeatTransferOnlyConduction.A""}, ""required"": ""A > 0"", ""declared_min"": null, ""variable_role"": ""parameter"", ""premise_state"": ""refuted"", ""authority"": ""component_contract"", ""contract"": ""AixLib.Fluid.Storage.BaseClasses.HeatTransferOnlyConduction.A: feature_disabled (proven, from equation) \u2014 the parameter appears only as a multiplier, so at zero the term it scales drops out and the rest of the model is unaffected"", ""contract_behavior"": ""feature_disabled"", ""contract_confidence"": ""proven"", ""contract_source"": ""equation"", ""note"": ""the positivity rule does not apply: this component documents zero as a meaningful limit, so reporting a missing bound would contradict its contract""}",/data/mrumoca/eval/results_v3/aixlib/runtime_free.jsonl
aixlib,runtime-v3,AixLib.Fluid.Storage.BaseClasses.HeatTransferOnlyConduction,9,network-observation-incomplete,info,False,execution-not-completed,"{""reason"": ""missing or unsynchronized connector member observations"", ""note"": ""coverage gap, not a model defect""}",/data/mrumoca/eval/results_v3/aixlib/runtime_free.jsonl
aixlib,runtime-v3,AixLib.Fluid.Storage.BaseClasses.HeatTransferOnlyConduction,10,initialization-failure,high,False,execution-not-completed,"{""failure_kind"": ""singular-system"", ""reason"": ""tTransferOnlyConduction to t=1 with 8 trace point(s)... \u001b[31m\u001b[0m simulation failed: DAE structural proof failed: structurally singular \u001b[31m\u2502\u001b[0m system: 9 matched out of 10 equations and 10 unknowns"", ""raw"": ""reading /tmp/tmpplo33py_/traced.rbc (bitcode v2, cbor) Simulating AixLib.Fluid.Storage.BaseClasses.HeatTransferOnlyConduction to t=1 with 8 trace point(s)... \u001b[31m\u001b[0m simulation failed: DAE structural proof failed: structurally singular \u001b[31m\u2502\u001b[0m system: 9 matched out of 10 equations and 10 unknowns"", ""tool_side"": false}",/data/mrumoca/eval/results_v3/aixlib/runtime_free.jsonl
aixlib,runtime-v3,AixLib.Media.Specialized.Air.Examples.PerfectGasDerivativeCheck,0,simulation-failure,high,False,execution-not-completed,"{""failure_kind"": ""unknown"", ""reason"": ""ting AixLib.Media.Specialized.Air.Examples.PerfectGasDerivativeCheck to t=1 with 7 trace point(s)... \u001b[31m\u001b[0m simulation failed: Modelica assert failed at t=0.000000000: Model has an \u001b[31m\u2502\u001b[0m error"", ""raw"": ""reading /tmp/tmprk2xmmtq/traced.rbc (bitcode v2, cbor) Simulating AixLib.Media.Specialized.Air.Examples.PerfectGasDerivativeCheck to t=1 with 7 trace point(s)... \u001b[31m\u001b[0m simulation failed: Modelica assert failed at t=0.000000000: Model has an \u001b[31m\u2502\u001b[0m error"", ""tool_side"": false}",/data/mrumoca/eval/results_v3/aixlib/runtime_free.jsonl
aixlib,runtime-v3,AixLib.Fluid.Storage.BaseClasses.StorageCover,0,network-boundary-port,low,False,standalone-topology-not-defect-proof,"{""node"": ""convOutside.port_a -- heatportOuter"", ""boundary_connectors"": ""heatportOuter"", ""wired_to"": ""convOutside.port_a"", ""note"": ""this connector belongs to the model itself, not to a component inside it: the model is an interface compiled on its own, so the node is open on one side. Nothing forces its flow, which is why a structural matching reports an unmatched unknown here. Not a defect in the model""}",/data/mrumoca/eval/results_v3/aixlib/runtime_free.jsonl
aixlib,runtime-v3,AixLib.Fluid.Storage.BaseClasses.StorageCover,1,network-boundary-port,low,False,standalone-topology-not-defect-proof,"{""node"": ""convInside.port_a -- heatportInner"", ""boundary_connectors"": ""heatportInner"", ""wired_to"": ""convInside.port_a"", ""note"": ""this connector belongs to the model itself, not to a component inside it: the model is an interface compiled on its own, so the node is open on one side. Nothing forces its flow, which is why a structural matching reports an unmatched unknown here. Not a defect in the model""}",/data/mrumoca/eval/results_v3/aixlib/runtime_free.jsonl
aixlib,runtime-v3,AixLib.Fluid.Storage.BaseClasses.StorageCover,2,physical-zero-is-a-supported-limit,low,False,advisory-or-explicit-non-defect,"{""domain"": ""fluid"", ""rule"": ""fluid.area.positive"", ""rule_origin"": ""a flow cross-section is a divisor in every velocity relation; zero area admits no flow and divides by zero"", ""rule_reference"": """", ""matched_by"": {""quantity"": ""Area"", ""unit"": ""m2"", ""confidence"": ""QUANTITY_AND_UNIT"", ""premise_state"": ""unknown"", ""authority"": ""quantity_or_unit"", ""canonical_declaration"": ""AixLib.Fluid.Storage.BaseClasses.StorageCover.AWall""}, ""required"": ""AWall > 0"", ""declared_min"": null, ""variable_role"": ""parameter"", ""premise_state"": ""refuted"", ""authority"": ""component_contract"", ""contract"": ""AixLib.Fluid.Storage.BaseClasses.StorageCover.AWall: feature_disabled (proven, from equation) \u2014 the parameter appears only as a multiplier, so at zero the term it scales drops out and the rest of the model is unaffected"", ""contract_behavior"": ""feature_disabled"", ""contract_confidence"": ""proven"", ""contract_source"": ""equation"", ""note"": ""the positivity rule does not apply: this component documents zero as a meaningful limit, so reporting a missing bound would contradict its contract""}",/data/mrumoca/eval/results_v3/aixlib/runtime_free.jsonl
aixlib,runtime-v3,AixLib.Fluid.Storage.BaseClasses.StorageCover,3,physical-zero-is-a-supported-limit,low,False,advisory-or-explicit-non-defect,"{""domain"": ""fluid"", ""rule"": ""fluid.density.positive"", ""rule_origin"": ""mass per volume of a real fluid; density appears as a divisor throughout the Fluid library"", ""rule_reference"": """", ""matched_by"": {""quantity"": ""Density"", ""unit"": ""kg/m3"", ""confidence"": ""QUANTITY_AND_UNIT"", ""premise_state"": ""unknown"", ""authority"": ""quantity_or_unit"", ""canonical_declaration"": ""AixLib.Fluid.Storage.BaseClasses.StorageCover.rhoIns""}, ""required"": ""rhoIns > 0"", ""declared_min"": 0.0, ""variable_role"": ""parameter"", ""premise_state"": ""refuted"", ""authority"": ""component_contract"", ""contract"": ""AixLib.Fluid.Storage.BaseClasses.StorageCover.rhoIns: feature_disabled (proven, from equation) \u2014 the parameter appears only as a multiplier, so at zero the term it scales drops out and the rest of the model is unaffected"", ""contract_behavior"": ""feature_disabled"", ""contract_confidence"": ""proven"", ""contract_source"": ""equation"", ""note"": ""the positivity rule does not apply: this component documents zero as a meaningful limit, so reporting a missing bound would contradict its contract""}",/data/mrumoca/eval/results_v3/aixlib/runtime_free.jsonl
aixlib,runtime-v3,AixLib.Fluid.Storage.BaseClasses.StorageCover,4,physical-zero-is-a-supported-limit,low,False,advisory-or-explicit-non-defect,"{""domain"": ""fluid"", ""rule"": ""fluid.density.positive"", ""rule_origin"": ""mass per volume of a real fluid; density appears as a divisor throughout the Fluid library"", ""rule_reference"": """", ""matched_by"": {""quantity"": ""Density"", ""unit"": ""kg/m3"", ""confidence"": ""QUANTITY_AND_UNIT"", ""premise_state"": ""unknown"", ""authority"": ""quantity_or_unit"", ""canonical_declaration"": ""AixLib.Fluid.Storage.BaseClasses.StorageCover.rhoWall""}, ""required"": ""rhoWall > 0"", ""declared_min"": 0.0, ""variable_role"": ""parameter"", ""premise_state"": ""refuted"", ""authority"": ""component_contract"", ""contract"": ""AixLib.Fluid.Storage.BaseClasses.StorageCover.rhoWall: feature_disabled (proven, from equation) \u2014 the parameter appears only as a multiplier, so at zero the term it scales drops out and the rest of the model is unaffected"", ""contract_behavior"": ""feature_disabled"", ""contract_confidence"": ""proven"", ""contract_source"": ""equation"", ""note"": ""the positivity rule does not apply: this component documents zero as a meaningful limit, so reporting a missing bound would contradict its contract""}",/data/mrumoca/eval/results_v3/aixlib/runtime_free.jsonl
aixlib,runtime-v3,AixLib.Fluid.Storage.BaseClasses.StorageCover,5,physical-zero-is-a-supported-limit,low,False,advisory-or-explicit-non-defect,"{""domain"": ""fluid"", ""rule"": ""fluid.area.positive"", ""rule_origin"": ""a flow cross-section is a divisor in every velocity relation; zero area admits no flow and divides by zero"", ""rule_reference"": """", ""matched_by"": {""quantity"": ""Area"", ""unit"": ""m2"", ""confidence"": ""QUANTITY_AND_UNIT"", ""premise_state"": ""unknown"", ""authority"": ""quantity_or_unit"", ""canonical_declaration"": ""AixLib.Utilities.HeatTransfer.HeatConv.A""}, ""required"": ""convInside.A > 0"", ""declared_min"": 0.0, ""variable_role"": ""parameter"", ""premise_state"": ""refuted"", ""authority"": ""component_contract"", ""contract"": ""AixLib.Utilities.HeatTransfer.HeatConv.A: feature_disabled (proven, from equation) \u2014 the parameter appears only as a multiplier, so at zero the term it scales drops out and the rest of the model is unaffected"", ""contract_behavior"": ""feature_disabled"", ""contract_confidence"": ""proven"", ""contract_source"": ""equation"", ""note"": ""the positivity rule does not apply: this component documents zero as a meaningful limit, so reporting a missing bound would contradict its contract""}",/data/mrumoca/eval/results_v3/aixlib/runtime_free.jsonl
aixlib,runtime-v3,AixLib.Fluid.Storage.BaseClasses.StorageCover,6,physical-zero-is-a-supported-limit,low,False,advisory-or-explicit-non-defect,"{""domain"": ""thermal"", ""rule"": ""thermal.conductance.positive"", ""rule_origin"": ""heat flows from hot to cold; G <= 0 reverses the second law"", ""rule_reference"": """", ""matched_by"": {""quantity"": ""ThermalConductance"", ""unit"": ""W/K"", ""confidence"": ""QUANTITY_AND_UNIT"", ""premise_state"": ""unknown"", ""authority"": ""quantity_or_unit"", ""canonical_declaration"": ""Modelica.Thermal.HeatTransfer.Components.ThermalConductor.G""}, ""required"": ""condWall1.G > 0"", ""declared_min"": null, ""variable_role"": ""parameter"", ""premise_state"": ""refuted"", ""authority"": ""component_contract"", ""contract"": ""Modelica.Thermal.HeatTransfer.Components.ThermalConductor.G: feature_disabled (proven, from equation) \u2014 the parameter appears only as a multiplier, so at zero the term it scales drops out and the rest of the model is unaffected"", ""contract_behavior"": ""feature_disabled"", ""contract_confidence"": ""proven"", ""contract_source"": ""equation"", ""note"": ""the positivity rule does not apply: this component documents zero as a meaningful limit, so reporting a missing bound would contradict its contract""}",/data/mrumoca/eval/results_v3/aixlib/runtime_free.jsonl
aixlib,runtime-v3,AixLib.Fluid.Storage.BaseClasses.StorageCover,7,physical-zero-is-a-supported-limit,low,False,advisory-or-explicit-non-defect,"{""domain"": ""thermal"", ""rule"": ""thermal.heat_capacity.positive"", ""rule_origin"": ""C*dT = dQ; a non-positive heat capacity makes a body cool when heated"", ""rule_reference"": """", ""matched_by"": {""quantity"": ""HeatCapacity"", ""unit"": ""J/K"", ""confidence"": ""QUANTITY_AND_UNIT"", ""premise_state"": ""unknown"", ""authority"": ""quantity_or_unit"", ""canonical_declaration"": ""Modelica.Thermal.HeatTransfer.Components.HeatCapacitor.C""}, ""required"": ""loadWall.C > 0"", ""declared_min"": null, ""variable_role"": ""parameter"", ""premise_state"": ""refuted"", ""authority"": ""component_contract"", ""contract"": ""Modelica.Thermal.HeatTransfer.Components.HeatCapacitor.C: algebraic_limit (proven, from equation) \u2014 the parameter multiplies a derivative, so at zero the differential relation becomes an algebraic constraint rather than an undefined quotient"", ""contract_behavior"": ""algebraic_limit"", ""contract_confidence"": ""proven"", ""contract_source"": ""equation"", ""note"": ""the positivity rule does not apply: this component documents zero as a meaningful limit, so reporting a missing bound would contradict its contract""}",/data/mrumoca/eval/results_v3/aixlib/runtime_free.jsonl
aixlib,runtime-v3,AixLib.Fluid.Storage.BaseClasses.StorageCover,8,physical-zero-is-a-supported-limit,low,False,advisory-or-explicit-non-defect,"{""domain"": ""thermal"", ""rule"": ""thermal.conductance.positive"", ""rule_origin"": ""heat flows from hot to cold; G <= 0 reverses the second law"", ""rule_reference"": """", ""matched_by"": {""quantity"": ""ThermalConductance"", ""unit"": ""W/K"", ""confidence"": ""QUANTITY_AND_UNIT"", ""premise_state"": ""unknown"", ""authority"": ""quantity_or_unit"", ""canonical_declaration"": ""Modelica.Thermal.HeatTransfer.Components.ThermalConductor.G""}, ""required"": ""condWall2.G > 0"", ""declared_min"": null, ""variable_role"": ""parameter"", ""premise_state"": ""refuted"", ""authority"": ""component_contract"", ""contract"": ""Modelica.Thermal.HeatTransfer.Components.ThermalConductor.G: feature_disabled (proven, from equation) \u2014 the parameter appears only as a multiplier, so at zero the term it scales drops out and the rest of the model is unaffected"", ""contract_behavior"": ""feature_disabled"", ""contract_confidence"": ""proven"", ""contract_source"": ""equation"", ""note"": ""the positivity rule does not apply: this component documents zero as a meaningful limit, so reporting a missing bound would contradict its contract""}",/data/mrumoca/eval/results_v3/aixlib/runtime_free.jsonl
aixlib,runtime-v3,AixLib.Fluid.Storage.BaseClasses.StorageCover,9,physical-zero-is-a-supported-limit,low,False,advisory-or-explicit-non-defect,"{""domain"": ""thermal"", ""rule"": ""thermal.conductance.positive"", ""rule_origin"": ""heat flows from hot to cold; G <= 0 reverses the second law"", ""rule_reference"": """", ""matched_by"": {""quantity"": ""ThermalConductance"", ""unit"": ""W/K"", ""confidence"": ""QUANTITY_AND_UNIT"", ""premise_state"": ""unknown"", ""authority"": ""quantity_or_unit"", ""canonical_declaration"": ""Modelica.Thermal.HeatTransfer.Components.ThermalConductor.G""}, ""required"": ""condIns1.G > 0"", ""declared_min"": null, ""variable_role"": ""parameter"", ""premise_state"": ""refuted"", ""authority"": ""component_contract"", ""contract"": ""Modelica.Thermal.HeatTransfer.Components.ThermalConductor.G: feature_disabled (proven, from equation) \u2014 the parameter appears only as a multiplier, so at zero the term it scales drops out and the rest of the model is unaffected"", ""contract_behavior"": ""feature_disabled"", ""contract_confidence"": ""proven"", ""contract_source"": ""equation"", ""note"": ""the positivity rule does not apply: this component documents zero as a meaningful limit, so reporting a missing bound would contradict its contract""}",/data/mrumoca/eval/results_v3/aixlib/runtime_free.jsonl
aixlib,runtime-v3,AixLib.Fluid.Storage.BaseClasses.StorageCover,10,physical-zero-is-a-supported-limit,low,False,advisory-or-explicit-non-defect,"{""domain"": ""thermal"", ""rule"": ""thermal.heat_capacity.positive"", ""rule_origin"": ""C*dT = dQ; a non-positive heat capacity makes a body cool when heated"", ""rule_reference"": """", ""matched_by"": {""quantity"": ""HeatCapacity"", ""unit"": ""J/K"", ""confidence"": ""QUANTITY_AND_UNIT"", ""premise_state"": ""unknown"", ""authority"": ""quantity_or_unit"", ""canonical_declaration"": ""Modelica.Thermal.HeatTransfer.Components.HeatCapacitor.C""}, ""required"": ""loadIns.C > 0"", ""declared_min"": null, ""variable_role"": ""parameter"", ""premise_state"": ""refuted"", ""authority"": ""component_contract"", ""contract"": ""Modelica.Thermal.HeatTransfer.Components.HeatCapacitor.C: algebraic_limit (proven, from equation) \u2014 the parameter multiplies a derivative, so at zero the differential relation becomes an algebraic constraint rather than an undefined quotient"", ""contract_behavior"": ""algebraic_limit"", ""contract_confidence"": ""proven"", ""contract_source"": ""equation"", ""note"": ""the positivity rule does not apply: this component documents zero as a meaningful limit, so reporting a missing bound would contradict its contract""}",/data/mrumoca/eval/results_v3/aixlib/runtime_free.jsonl
aixlib,runtime-v3,AixLib.Fluid.Storage.BaseClasses.StorageCover,11,physical-zero-is-a-supported-limit,low,False,advisory-or-explicit-non-defect,"{""domain"": ""thermal"", ""rule"": ""thermal.conductance.positive"", ""rule_origin"": ""heat flows from hot to cold; G <= 0 reverses the second law"", ""rule_reference"": """", ""matched_by"": {""quantity"": ""ThermalConductance"", ""unit"": ""W/K"", ""confidence"": ""QUANTITY_AND_UNIT"", ""premise_state"": ""unknown"", ""authority"": ""quantity_or_unit"", ""canonical_declaration"": ""Modelica.Thermal.HeatTransfer.Components.ThermalConductor.G""}, ""required"": ""condIns2.G > 0"", ""declared_min"": null, ""variable_role"": ""parameter"", ""premise_state"": ""refuted"", ""authority"": ""component_contract"", ""contract"": ""Modelica.Thermal.HeatTransfer.Components.ThermalConductor.G: feature_disabled (proven, from equation) \u2014 the parameter appears only as a multiplier, so at zero the term it scales drops out and the rest of the model is unaffected"", ""contract_behavior"": ""feature_disabled"", ""contract_confidence"": ""proven"", ""contract_source"": ""equation"", ""note"": ""the positivity rule does not apply: this component documents zero as a meaningful limit, so reporting a missing bound would contradict its contract""}",/data/mrumoca/eval/results_v3/aixlib/runtime_free.jsonl
aixlib,runtime-v3,AixLib.Fluid.Storage.BaseClasses.StorageCover,12,physical-zero-is-a-supported-limit,low,False,advisory-or-explicit-non-defect,"{""domain"": ""fluid"", ""rule"": ""fluid.area.positive"", ""rule_origin"": ""a flow cross-section is a divisor in every velocity relation; zero area admits no flow and divides by zero"", ""rule_reference"": """", ""matched_by"": {""quantity"": ""Area"", ""unit"": ""m2"", ""confidence"": ""QUANTITY_AND_UNIT"", ""premise_state"": ""unknown"", ""authority"": ""quantity_or_unit"", ""canonical_declaration"": ""AixLib.Utilities.HeatTransfer.HeatConv.A""}, ""required"": ""convOutside.A > 0"", ""declared_min"": 0.0, ""variable_role"": ""parameter"", ""premise_state"": ""refuted"", ""authority"": ""component_contract"", ""contract"": ""AixLib.Utilities.HeatTransfer.HeatConv.A: feature_disabled (proven, from equation) \u2014 the parameter appears only as a multiplier, so at zero the term it scales drops out and the rest of the model is unaffected"", ""contract_behavior"": ""feature_disabled"", ""contract_confidence"": ""proven"", ""contract_source"": ""equation"", ""note"": ""the positivity rule does not apply: this component documents zero as a meaningful limit, so reporting a missing bound would contradict its contract""}",/data/mrumoca/eval/results_v3/aixlib/runtime_free.jsonl
aixlib,runtime-v3,AixLib.Fluid.Storage.BaseClasses.StorageMantle,0,network-boundary-port,low,False,standalone-topology-not-defect-proof,"{""node"": ""convInside.port_a -- heatportInner"", ""boundary_connectors"": ""heatportInner"", ""wired_to"": ""convInside.port_a"", ""note"": ""this connector belongs to the model itself, not to a component inside it: the model is an interface compiled on its own, so the node is open on one side. Nothing forces its flow, which is why a structural matching reports an unmatched unknown here. Not a defect in the model""}",/data/mrumoca/eval/results_v3/aixlib/runtime_free.jsonl
aixlib,runtime-v3,AixLib.Fluid.Storage.BaseClasses.StorageMantle,1,network-boundary-port,low,False,standalone-topology-not-defect-proof,"{""node"": ""convOutside.port_a -- heatportOuter"", ""boundary_connectors"": ""heatportOuter"", ""wired_to"": ""convOutside.port_a"", ""note"": ""this connector belongs to the model itself, not to a component inside it: the model is an interface compiled on its own, so the node is open on one side. Nothing forces its flow, which is why a structural matching reports an unmatched unknown here. Not a defect in the model""}",/data/mrumoca/eval/results_v3/aixlib/runtime_free.jsonl
aixlib,runtime-v3,AixLib.Fluid.Storage.BaseClasses.StorageMantle,2,physical-zero-is-a-supported-limit,low,False,advisory-or-explicit-non-defect,"{""domain"": ""fluid"", ""rule"": ""fluid.area.positive"", ""rule_origin"": ""a flow cross-section is a divisor in every velocity relation; zero area admits no flow and divides by zero"", ""rule_reference"": """", ""matched_by"": {""quantity"": ""Area"", ""unit"": ""m2"", ""confidence"": ""QUANTITY_AND_UNIT"", ""premise_state"": ""unknown"", ""authority"": ""quantity_or_unit"", ""canonical_declaration"": ""AixLib.Fluid.Storage.BaseClasses.StorageMantle.AInside""}, ""required"": ""AInside > 0"", ""declared_min"": null, ""variable_role"": ""parameter"", ""premise_state"": ""refuted"", ""authority"": ""component_contract"", ""contract"": ""AixLib.Utilities.HeatTransfer.HeatConv.A: feature_disabled (proven, from equation) \u2014 inherited from convInside.A, which it binds: the parameter appears only as a multiplier, so at zero the term it scales drops out and the rest of the model is unaffected"", ""contract_behavior"": ""feature_disabled"", ""contract_confidence"": ""proven"", ""contract_source"": ""equation"", ""note"": ""the positivity rule does not apply: this component documents zero as a meaningful limit, so reporting a missing bound would contradict its contract""}",/data/mrumoca/eval/results_v3/aixlib/runtime_free.jsonl
aixlib,runtime-v3,AixLib.Fluid.Storage.BaseClasses.StorageMantle,3,physical-zero-is-a-supported-limit,low,False,advisory-or-explicit-non-defect,"{""domain"": ""fluid"", ""rule"": ""fluid.area.positive"", ""rule_origin"": ""a flow cross-section is a divisor in every velocity relation; zero area admits no flow and divides by zero"", ""rule_reference"": """", ""matched_by"": {""quantity"": ""Area"", ""unit"": ""m2"", ""confidence"": ""QUANTITY_AND_UNIT"", ""premise_state"": ""unknown"", ""authority"": ""quantity_or_unit"", ""canonical_declaration"": ""AixLib.Fluid.Storage.BaseClasses.StorageMantle.AOutside""}, ""required"": ""AOutside > 0"", ""declared_min"": null, ""variable_role"": ""parameter"", ""premise_state"": ""refuted"", ""authority"": ""component_contract"", ""contract"": ""AixLib.Utilities.HeatTransfer.HeatConv.A: feature_disabled (proven, from equation) \u2014 inherited from convOutside.A, which it binds: the parameter appears only as a multiplier, so at zero the term it scales drops out and the rest of the model is unaffected"", ""contract_behavior"": ""feature_disabled"", ""contract_confidence"": ""proven"", ""contract_source"": ""equation"", ""note"": ""the positivity rule does not apply: this component documents zero as a meaningful limit, so reporting a missing bound would contradict its contract""}",/data/mrumoca/eval/results_v3/aixlib/runtime_free.jsonl
aixlib,runtime-v3,AixLib.Fluid.Storage.BaseClasses.StorageMantle,4,physical-intent-question,low,False,advisory-or-explicit-non-defect,"{""domain"": ""fluid"", ""rule"": ""fluid.density.positive"", ""rule_origin"": ""mass per volume of a real fluid; density appears as a divisor throughout the Fluid library"", ""rule_reference"": """", ""matched_by"": {""quantity"": ""Density"", ""unit"": ""kg/m3"", ""confidence"": ""QUANTITY_AND_UNIT"", ""premise_state"": ""unknown"", ""authority"": ""quantity_or_unit"", ""canonical_declaration"": ""AixLib.Fluid.Storage.BaseClasses.StorageMantle.rhoIns""}, ""required"": ""rhoIns > 0"", ""declared_min"": 0.0, ""variable_role"": ""parameter"", ""observation"": ""permissive-declaration"", ""premise_state"": ""unknown"", ""authority"": ""quantity_or_unit"", ""canonical_declaration"": ""AixLib.Fluid.Storage.BaseClasses.StorageMantle.rhoIns"", ""question"": ""`rhoIns` is bounded only by min=0, which is unusual for a density \u2014 but nothing declares what this component is, so the analyzer cannot tell whether it is intended. Is it? If so, declare it: add a component contract, or a `[[contracts]]` entry naming the intended `sign_domain`. If not, bound the declaration.""}",/data/mrumoca/eval/results_v3/aixlib/runtime_free.jsonl
aixlib,runtime-v3,AixLib.Fluid.Storage.BaseClasses.StorageMantle,5,physical-intent-question,low,False,advisory-or-explicit-non-defect,"{""domain"": ""fluid"", ""rule"": ""fluid.density.positive"", ""rule_origin"": ""mass per volume of a real fluid; density appears as a divisor throughout the Fluid library"", ""rule_reference"": """", ""matched_by"": {""quantity"": ""Density"", ""unit"": ""kg/m3"", ""confidence"": ""QUANTITY_AND_UNIT"", ""premise_state"": ""unknown"", ""authority"": ""quantity_or_unit"", ""canonical_declaration"": ""AixLib.Fluid.Storage.BaseClasses.StorageMantle.rhoWall""}, ""required"": ""rhoWall > 0"", ""declared_min"": 0.0, ""variable_role"": ""parameter"", ""observation"": ""permissive-declaration"", ""premise_state"": ""unknown"", ""authority"": ""quantity_or_unit"", ""canonical_declaration"": ""AixLib.Fluid.Storage.BaseClasses.StorageMantle.rhoWall"", ""question"": ""`rhoWall` is bounded only by min=0, which is unusual for a density \u2014 but nothing declares what this component is, so the analyzer cannot tell whether it is intended. Is it? If so, declare it: add a component contract, or a `[[contracts]]` entry naming the intended `sign_domain`. If not, bound the declaration.""}",/data/mrumoca/eval/results_v3/aixlib/runtime_free.jsonl
aixlib,runtime-v3,AixLib.Fluid.Storage.BaseClasses.StorageMantle,6,physical-intent-question,low,False,advisory-or-explicit-non-defect,"{""domain"": ""fluid"", ""rule"": ""fluid.density.positive"", ""rule_origin"": ""mass per volume of a real fluid; density appears as a divisor throughout the Fluid library"", ""rule_reference"": """", ""matched_by"": {""quantity"": ""Density"", ""unit"": ""kg/m3"", ""confidence"": ""QUANTITY_AND_UNIT"", ""premise_state"": ""unknown"", ""authority"": ""quantity_or_unit"", ""canonical_declaration"": ""AixLib.Utilities.HeatTransfer.CylindricHeatTransfer.rho""}, ""required"": ""Insulation.rho > 0"", ""declared_min"": 0.0, ""variable_role"": ""parameter"", ""observation"": ""permissive-declaration"", ""premise_state"": ""unknown"", ""authority"": ""quantity_or_unit"", ""canonical_declaration"": ""AixLib.Utilities.HeatTransfer.CylindricHeatTransfer.rho"", ""question"": ""`Insulation.rho` is bounded only by min=0, which is unusual for a density \u2014 but nothing declares what this component is, so the analyzer cannot tell whether it is intended. Is it? If so, declare it: add a component contract, or a `[[contracts]]` entry naming the intended `sign_domain`. If not, bound the declaration.""}",/data/mrumoca/eval/results_v3/aixlib/runtime_free.jsonl
aixlib,runtime-v3,AixLib.Fluid.Storage.BaseClasses.StorageMantle,7,physical-zero-is-a-supported-limit,low,False,advisory-or-explicit-non-defect,"{""domain"": ""fluid"", ""rule"": ""fluid.density.positive"", ""rule_origin"": ""mass per volume of a real fluid; density appears as a divisor throughout the Fluid library"", ""rule_reference"": """", ""matched_by"": {""quantity"": ""Density"", ""unit"": ""kg/m3"", ""confidence"": ""QUANTITY_AND_UNIT"", ""premise_state"": ""unknown"", ""authority"": ""quantity_or_unit"", ""canonical_declaration"": ""AixLib.Utilities.HeatTransfer.CylindricLoad.rho""}, ""required"": ""Insulation.CylindricLoad1.rho > 0"", ""declared_min"": 0.0, ""variable_role"": ""parameter"", ""premise_state"": ""refuted"", ""authority"": ""component_contract"", ""contract"": ""AixLib.Utilities.HeatTransfer.CylindricLoad.rho: feature_disabled (proven, from equation) \u2014 the parameter appears only as a multiplier, so at zero the term it scales drops out and the rest of the model is unaffected"", ""contract_behavior"": ""feature_disabled"", ""contract_confidence"": ""proven"", ""contract_source"": ""equation"", ""note"": ""the positivity rule does not apply: this component documents zero as a meaningful limit, so reporting a missing bound would contradict its contract""}",/data/mrumoca/eval/results_v3/aixlib/runtime_free.jsonl
aixlib,runtime-v3,AixLib.Fluid.Storage.BaseClasses.StorageMantle,8,physical-zero-is-a-supported-limit,low,False,advisory-or-explicit-non-defect,"{""domain"": ""mechanical"", ""rule"": ""mech.mass.positive"", ""rule_origin"": ""m*a = f determines acceleration only for m > 0; negative mass is not a physical body"", ""rule_reference"": ""MSL Mechanics.Translational.Components.Mass"", ""matched_by"": {""quantity"": ""Mass"", ""unit"": ""kg"", ""confidence"": ""QUANTITY_AND_UNIT"", ""premise_state"": ""unknown"", ""authority"": ""quantity_or_unit"", ""canonical_declaration"": ""AixLib.Utilities.HeatTransfer.CylindricLoad.m""}, ""required"": ""Insulation.CylindricLoad1.m > 0"", ""declared_min"": 0.0, ""variable_role"": ""parameter"", ""premise_state"": ""refuted"", ""authority"": ""component_contract"", ""contract"": ""AixLib.Utilities.HeatTransfer.CylindricLoad.m: feature_disabled (proven, from equation) \u2014 the parameter appears only as a multiplier, so at zero the term it scales drops out and the rest of the model is unaffected"", ""contract_behavior"": ""feature_disabled"", ""contract_confidence"": ""proven"", ""contract_source"": ""equation"", ""note"": ""the positivity rule does not apply: this component documents zero as a meaningful limit, so reporting a missing bound would contradict its contract""}",/data/mrumoca/eval/results_v3/aixlib/runtime_free.jsonl
aixlib,runtime-v3,AixLib.Fluid.Storage.BaseClasses.StorageMantle,9,physical-zero-is-a-supported-limit,low,False,advisory-or-explicit-non-defect,"{""domain"": ""thermal"", ""rule"": ""thermal.heat_capacity.positive"", ""rule_origin"": ""C*dT = dQ; a non-positive heat capacity makes a body cool when heated"", ""rule_reference"": """", ""matched_by"": {""quantity"": ""HeatCapacity"", ""unit"": ""J/K"", ""confidence"": ""QUANTITY_AND_UNIT"", ""premise_state"": ""unknown"", ""authority"": ""quantity_or_unit"", ""canonical_declaration"": ""Modelica.Thermal.HeatTransfer.Components.HeatCapacitor.C""}, ""required"": ""Insulation.CylindricLoad1.heatCapacitor.C > 0"", ""declared_min"": null, ""variable_role"": ""parameter"", ""premise_state"": ""refuted"", ""authority"": ""component_contract"", ""contract"": ""Modelica.Thermal.HeatTransfer.Components.HeatCapacitor.C: algebraic_limit (proven, from equation) \u2014 the parameter multiplies a derivative, so at zero the differential relation becomes an algebraic constraint rather than an undefined quotient"", ""contract_behavior"": ""algebraic_limit"", ""contract_confidence"": ""proven"", ""contract_source"": ""equation"", ""note"": ""the positivity rule does not apply: this component documents zero as a meaningful limit, so reporting a missing bound would contradict its contract""}",/data/mrumoca/eval/results_v3/aixlib/runtime_free.jsonl
aixlib,runtime-v3,AixLib.Fluid.Storage.BaseClasses.StorageMantle,10,physical-intent-question,low,False,advisory-or-explicit-non-defect,"{""domain"": ""fluid"", ""rule"": ""fluid.density.positive"", ""rule_origin"": ""mass per volume of a real fluid; density appears as a divisor throughout the Fluid library"", ""rule_reference"": """", ""matched_by"": {""quantity"": ""Density"", ""unit"": ""kg/m3"", ""confidence"": ""QUANTITY_AND_UNIT"", ""premise_state"": ""unknown"", ""authority"": ""quantity_or_unit"", ""canonical_declaration"": ""AixLib.Utilities.HeatTransfer.CylindricHeatTransfer.rho""}, ""required"": ""Wall.rho > 0"", ""declared_min"": 0.0, ""variable_role"": ""parameter"", ""observation"": ""permissive-declaration"", ""premise_state"": ""unknown"", ""authority"": ""quantity_or_unit"", ""canonical_declaration"": ""AixLib.Utilities.HeatTransfer.CylindricHeatTransfer.rho"", ""question"": ""`Wall.rho` is bounded only by min=0, which is unusual for a density \u2014 but nothing declares what this component is, so the analyzer cannot tell whether it is intended. Is it? If so, declare it: add a component contract, or a `[[contracts]]` entry naming the intended `sign_domain`. If not, bound the declaration.""}",/data/mrumoca/eval/results_v3/aixlib/runtime_free.jsonl
aixlib,runtime-v3,AixLib.Fluid.Storage.BaseClasses.StorageMantle,11,physical-zero-is-a-supported-limit,low,False,advisory-or-explicit-non-defect,"{""domain"": ""fluid"", ""rule"": ""fluid.density.positive"", ""rule_origin"": ""mass per volume of a real fluid; density appears as a divisor throughout the Fluid library"", ""rule_reference"": """", ""matched_by"": {""quantity"": ""Density"", ""unit"": ""kg/m3"", ""confidence"": ""QUANTITY_AND_UNIT"", ""premise_state"": ""unknown"", ""authority"": ""quantity_or_unit"", ""canonical_declaration"": ""AixLib.Utilities.HeatTransfer.CylindricLoad.rho""}, ""required"": ""Wall.CylindricLoad1.rho > 0"", ""declared_min"": 0.0, ""variable_role"": ""parameter"", ""premise_state"": ""refuted"", ""authority"": ""component_contract"", ""contract"": ""AixLib.Utilities.HeatTransfer.CylindricLoad.rho: feature_disabled (proven, from equation) \u2014 the parameter appears only as a multiplier, so at zero the term it scales drops out and the rest of the model is unaffected"", ""contract_behavior"": ""feature_disabled"", ""contract_confidence"": ""proven"", ""contract_source"": ""equation"", ""note"": ""the positivity rule does not apply: this component documents zero as a meaningful limit, so reporting a missing bound would contradict its contract""}",/data/mrumoca/eval/results_v3/aixlib/runtime_free.jsonl
aixlib,runtime-v3,AixLib.Fluid.Storage.BaseClasses.StorageMantle,12,physical-zero-is-a-supported-limit,low,False,advisory-or-explicit-non-defect,"{""domain"": ""mechanical"", ""rule"": ""mech.mass.positive"", ""rule_origin"": ""m*a = f determines acceleration only for m > 0; negative mass is not a physical body"", ""rule_reference"": ""MSL Mechanics.Translational.Components.Mass"", ""matched_by"": {""quantity"": ""Mass"", ""unit"": ""kg"", ""confidence"": ""QUANTITY_AND_UNIT"", ""premise_state"": ""unknown"", ""authority"": ""quantity_or_unit"", ""canonical_declaration"": ""AixLib.Utilities.HeatTransfer.CylindricLoad.m""}, ""required"": ""Wall.CylindricLoad1.m > 0"", ""declared_min"": 0.0, ""variable_role"": ""parameter"", ""premise_state"": ""refuted"", ""authority"": ""component_contract"", ""contract"": ""AixLib.Utilities.HeatTransfer.CylindricLoad.m: feature_disabled (proven, from equation) \u2014 the parameter appears only as a multiplier, so at zero the term it scales drops out and the rest of the model is unaffected"", ""contract_behavior"": ""feature_disabled"", ""contract_confidence"": ""proven"", ""contract_source"": ""equation"", ""note"": ""the positivity rule does not apply: this component documents zero as a meaningful limit, so reporting a missing bound would contradict its contract""}",/data/mrumoca/eval/results_v3/aixlib/runtime_free.jsonl
aixlib,runtime-v3,AixLib.Fluid.Storage.BaseClasses.StorageMantle,13,physical-zero-is-a-supported-limit,low,False,advisory-or-explicit-non-defect,"{""domain"": ""thermal"", ""rule"": ""thermal.heat_capacity.positive"", ""rule_origin"": ""C*dT = dQ; a non-positive heat capacity makes a body cool when heated"", ""rule_reference"": """", ""matched_by"": {""quantity"": ""HeatCapacity"", ""unit"": ""J/K"", ""confidence"": ""QUANTITY_AND_UNIT"", ""premise_state"": ""unknown"", ""authority"": ""quantity_or_unit"", ""canonical_declaration"": ""Modelica.Thermal.HeatTransfer.Components.HeatCapacitor.C""}, ""required"": ""Wall.CylindricLoad1.heatCapacitor.C > 0"", ""declared_min"": null, ""variable_role"": ""parameter"", ""premise_state"": ""refuted"", ""authority"": ""component_contract"", ""contract"": ""Modelica.Thermal.HeatTransfer.Components.HeatCapacitor.C: algebraic_limit (proven, from equation) \u2014 the parameter multiplies a derivative, so at zero the differential relation becomes an algebraic constraint rather than an undefined quotient"", ""contract_behavior"": ""algebraic_limit"", ""contract_confidence"": ""proven"", ""contract_source"": ""equation"", ""note"": ""the positivity rule does not apply: this component documents zero as a meaningful limit, so reporting a missing bound would contradict its contract""}",/data/mrumoca/eval/results_v3/aixlib/runtime_free.jsonl
aixlib,runtime-v3,AixLib.Fluid.Storage.BaseClasses.StorageMantle,14,physical-zero-is-a-supported-limit,low,False,advisory-or-explicit-non-defect,"{""domain"": ""fluid"", ""rule"": ""fluid.area.positive"", ""rule_origin"": ""a flow cross-section is a divisor in every velocity relation; zero area admits no flow and divides by zero"", ""rule_reference"": """", ""matched_by"": {""quantity"": ""Area"", ""unit"": ""m2"", ""confidence"": ""QUANTITY_AND_UNIT"", ""premise_state"": ""unknown"", ""authority"": ""quantity_or_unit"", ""canonical_declaration"": ""AixLib.Utilities.HeatTransfer.HeatConv.A""}, ""required"": ""convInside.A > 0"", ""declared_min"": 0.0, ""variable_role"": ""parameter"", ""premise_state"": ""refuted"", ""authority"": ""component_contract"", ""contract"": ""AixLib.Utilities.HeatTransfer.HeatConv.A: feature_disabled (proven, from equation) \u2014 the parameter appears only as a multiplier, so at zero the term it scales drops out and the rest of the model is unaffected"", ""contract_behavior"": ""feature_disabled"", ""contract_confidence"": ""proven"", ""contract_source"": ""equation"", ""note"": ""the positivity rule does not apply: this component documents zero as a meaningful limit, so reporting a missing bound would contradict its contract""}",/data/mrumoca/eval/results_v3/aixlib/runtime_free.jsonl
aixlib,runtime-v3,AixLib.Fluid.Storage.BaseClasses.StorageMantle,15,physical-zero-is-a-supported-limit,low,False,advisory-or-explicit-non-defect,"{""domain"": ""fluid"", ""rule"": ""fluid.area.positive"", ""rule_origin"": ""a flow cross-section is a divisor in every velocity relation; zero area admits no flow and divides by zero"", ""rule_reference"": """", ""matched_by"": {""quantity"": ""Area"", ""unit"": ""m2"", ""confidence"": ""QUANTITY_AND_UNIT"", ""premise_state"": ""unknown"", ""authority"": ""quantity_or_unit"", ""canonical_declaration"": ""AixLib.Utilities.HeatTransfer.HeatConv.A""}, ""required"": ""convOutside.A > 0"", ""declared_min"": 0.0, ""variable_role"": ""parameter"", ""premise_state"": ""refuted"", ""authority"": ""component_contract"", ""contract"": ""AixLib.Utilities.HeatTransfer.HeatConv.A: feature_disabled (proven, from equation) \u2014 the parameter appears only as a multiplier, so at zero the term it scales drops out and the rest of the model is unaffected"", ""contract_behavior"": ""feature_disabled"", ""contract_confidence"": ""proven"", ""contract_source"": ""equation"", ""note"": ""the positivity rule does not apply: this component documents zero as a meaningful limit, so reporting a missing bound would contradict its contract""}",/data/mrumoca/eval/results_v3/aixlib/runtime_free.jsonl
aixlib,runtime-v3,AixLib.Obsolete.Year2019.Utilities.HeatTransfer.HeatToStar,0,network-port-unconnected,low,False,execution-not-completed,"{""connector"": ""Therm"", ""component"": ""<top level>"", ""component_class"": ""unknown"", ""flows_forced_to_zero"": ""Therm.Q_flow"", ""note"": ""nothing is connected to this port, so MLS \u00a79.2 forces its flow to zero. That is correct for a component compiled on its own and is not a defect; it is recorded because it is the commonest reason a model looks structurally singular""}",/data/mrumoca/eval/results_v3/aixlib/runtime_free.jsonl
aixlib,runtime-v3,AixLib.Obsolete.Year2019.Utilities.HeatTransfer.HeatToStar,1,network-port-unconnected,low,False,execution-not-completed,"{""connector"": ""Star"", ""component"": ""<top level>"", ""component_class"": ""unknown"", ""flows_forced_to_zero"": ""Star.Q_flow"", ""note"": ""nothing is connected to this port, so MLS \u00a79.2 forces its flow to zero. That is correct for a component compiled on its own and is not a defect; it is recorded because it is the commonest reason a model looks structurally singular""}",/data/mrumoca/eval/results_v3/aixlib/runtime_free.jsonl
aixlib,runtime-v3,AixLib.Obsolete.Year2019.Utilities.HeatTransfer.HeatToStar,2,network-component-isolated,low,False,execution-not-completed,"{""component"": ""<top level>"", ""component_class"": ""unknown"", ""ports"": ""Therm, Star"", ""note"": ""every port of this instance is unconnected, so it exchanges nothing with the rest of the model while still contributing its equations""}",/data/mrumoca/eval/results_v3/aixlib/runtime_free.jsonl
aixlib,runtime-v3,AixLib.Obsolete.Year2019.Utilities.HeatTransfer.HeatToStar,3,physical-zero-is-a-supported-limit,low,False,execution-not-completed,"{""domain"": ""fluid"", ""rule"": ""fluid.area.positive"", ""rule_origin"": ""a flow cross-section is a divisor in every velocity relation; zero area admits no flow and divides by zero"", ""rule_reference"": """", ""matched_by"": {""quantity"": ""Area"", ""unit"": ""m2"", ""confidence"": ""QUANTITY_AND_UNIT"", ""premise_state"": ""unknown"", ""authority"": ""quantity_or_unit"", ""canonical_declaration"": ""AixLib.Obsolete.Year2019.Utilities.HeatTransfer.HeatToStar.A""}, ""required"": ""A > 0"", ""declared_min"": 0.0, ""variable_role"": ""parameter"", ""premise_state"": ""refuted"", ""authority"": ""component_contract"", ""contract"": ""AixLib.Obsolete.Year2019.Utilities.HeatTransfer.HeatToStar.A: feature_disabled (proven, from equation) \u2014 the parameter appears only as a multiplier, so at zero the term it scales drops out and the rest of the model is unaffected"", ""contract_behavior"": ""feature_disabled"", ""contract_confidence"": ""proven"", ""contract_source"": ""equation"", ""note"": ""the positivity rule does not apply: this component documents zero as a meaningful limit, so reporting a missing bound would contradict its contract""}",/data/mrumoca/eval/results_v3/aixlib/runtime_free.jsonl
aixlib,runtime-v3,AixLib.Obsolete.Year2019.Utilities.HeatTransfer.HeatToStar,4,network-observation-incomplete,info,False,execution-not-completed,"{""reason"": ""missing or unsynchronized connector member observations"", ""note"": ""coverage gap, not a model defect""}",/data/mrumoca/eval/results_v3/aixlib/runtime_free.jsonl
aixlib,runtime-v3,AixLib.Obsolete.Year2019.Utilities.HeatTransfer.HeatToStar,5,initialization-failure,high,False,execution-not-completed,"{""failure_kind"": ""singular-system"", ""reason"": ""s.HeatTransfer.HeatToStar to t=1 with 4 trace point(s)... \u001b[31m\u001b[0m simulation failed: DAE structural proof failed: structurally singular \u001b[31m\u2502\u001b[0m system: 3 matched out of 4 equations and 4 unknowns"", ""raw"": ""reading /tmp/tmplecv5ds1/traced.rbc (bitcode v2, cbor) Simulating AixLib.Obsolete.Year2019.Utilities.HeatTransfer.HeatToStar to t=1 with 4 trace point(s)... \u001b[31m\u001b[0m simulation failed: DAE structural proof failed: structurally singular \u001b[31m\u2502\u001b[0m system: 3 matched out of 4 equations and 4 unknowns"", ""tool_side"": false}",/data/mrumoca/eval/results_v3/aixlib/runtime_free.jsonl
aixlib,runtime-v3,AixLib.Obsolete.Year2019.Fluid.Storage.StorageWall,0,network-boundary-port,low,False,standalone-topology-not-defect-proof,"{""node"": ""convOutside.port_a -- heatportOuter"", ""boundary_connectors"": ""heatportOuter"", ""wired_to"": ""convOutside.port_a"", ""note"": ""this connector belongs to the model itself, not to a component inside it: the model is an interface compiled on its own, so the node is open on one side. Nothing forces its flow, which is why a structural matching reports an unmatched unknown here. Not a defect in the model""}",/data/mrumoca/eval/results_v3/aixlib/runtime_free.jsonl
aixlib,runtime-v3,AixLib.Obsolete.Year2019.Fluid.Storage.StorageWall,1,network-boundary-port,low,False,standalone-topology-not-defect-proof,"{""node"": ""convInside.port_a -- heatportInner"", ""boundary_connectors"": ""heatportInner"", ""wired_to"": ""convInside.port_a"", ""note"": ""this connector belongs to the model itself, not to a component inside it: the model is an interface compiled on its own, so the node is open on one side. Nothing forces its flow, which is why a structural matching reports an unmatched unknown here. Not a defect in the model""}",/data/mrumoca/eval/results_v3/aixlib/runtime_free.jsonl
aixlib,runtime-v3,AixLib.Obsolete.Year2019.Fluid.Storage.StorageWall,2,physical-zero-is-a-supported-limit,low,False,advisory-or-explicit-non-defect,"{""domain"": ""fluid"", ""rule"": ""fluid.area.positive"", ""rule_origin"": ""a flow cross-section is a divisor in every velocity relation; zero area admits no flow and divides by zero"", ""rule_reference"": """", ""matched_by"": {""quantity"": ""Area"", ""unit"": ""m2"", ""confidence"": ""QUANTITY_AND_UNIT"", ""premise_state"": ""unknown"", ""authority"": ""quantity_or_unit"", ""canonical_declaration"": ""AixLib.Obsolete.Year2019.Fluid.Storage.StorageWall.AWall""}, ""required"": ""AWall > 0"", ""declared_min"": null, ""variable_role"": ""parameter"", ""premise_state"": ""refuted"", ""authority"": ""component_contract"", ""contract"": ""AixLib.Obsolete.Year2019.Fluid.Storage.StorageWall.AWall: feature_disabled (proven, from equation) \u2014 the parameter appears only as a multiplier, so at zero the term it scales drops out and the rest of the model is unaffected"", ""contract_behavior"": ""feature_disabled"", ""contract_confidence"": ""proven"", ""contract_source"": ""equation"", ""note"": ""the positivity rule does not apply: this component documents zero as a meaningful limit, so reporting a missing bound would contradict its contract""}",/data/mrumoca/eval/results_v3/aixlib/runtime_free.jsonl
aixlib,runtime-v3,AixLib.Obsolete.Year2019.Fluid.Storage.StorageWall,3,physical-zero-is-a-supported-limit,low,False,advisory-or-explicit-non-defect,"{""domain"": ""fluid"", ""rule"": ""fluid.density.positive"", ""rule_origin"": ""mass per volume of a real fluid; density appears as a divisor throughout the Fluid library"", ""rule_reference"": """", ""matched_by"": {""quantity"": ""Density"", ""unit"": ""kg/m3"", ""confidence"": ""QUANTITY_AND_UNIT"", ""premise_state"": ""unknown"", ""authority"": ""quantity_or_unit"", ""canonical_declaration"": ""AixLib.Obsolete.Year2019.Fluid.Storage.StorageWall.rhoIns""}, ""required"": ""rhoIns > 0"", ""declared_min"": 0.0, ""variable_role"": ""parameter"", ""premise_state"": ""refuted"", ""authority"": ""component_contract"", ""contract"": ""AixLib.Obsolete.Year2019.Fluid.Storage.StorageWall.rhoIns: feature_disabled (proven, from equation) \u2014 the parameter appears only as a multiplier, so at zero the term it scales drops out and the rest of the model is unaffected"", ""contract_behavior"": ""feature_disabled"", ""contract_confidence"": ""proven"", ""contract_source"": ""equation"", ""note"": ""the positivity rule does not apply: this component documents zero as a meaningful limit, so reporting a missing bound would contradict its contract""}",/data/mrumoca/eval/results_v3/aixlib/runtime_free.jsonl
aixlib,runtime-v3,AixLib.Obsolete.Year2019.Fluid.Storage.StorageWall,4,physical-zero-is-a-supported-limit,low,False,advisory-or-explicit-non-defect,"{""domain"": ""fluid"", ""rule"": ""fluid.density.positive"", ""rule_origin"": ""mass per volume of a real fluid; density appears as a divisor throughout the Fluid library"", ""rule_reference"": """", ""matched_by"": {""quantity"": ""Density"", ""unit"": ""kg/m3"", ""confidence"": ""QUANTITY_AND_UNIT"", ""premise_state"": ""unknown"", ""authority"": ""quantity_or_unit"", ""canonical_declaration"": ""AixLib.Obsolete.Year2019.Fluid.Storage.StorageWall.rhoWall""}, ""required"": ""rhoWall > 0"", ""declared_min"": 0.0, ""variable_role"": ""parameter"", ""premise_state"": ""refuted"", ""authority"": ""component_contract"", ""contract"": ""AixLib.Obsolete.Year2019.Fluid.Storage.StorageWall.rhoWall: feature_disabled (proven, from equation) \u2014 the parameter appears only as a multiplier, so at zero the term it scales drops out and the rest of the model is unaffected"", ""contract_behavior"": ""feature_disabled"", ""contract_confidence"": ""proven"", ""contract_source"": ""equation"", ""note"": ""the positivity rule does not apply: this component documents zero as a meaningful limit, so reporting a missing bound would contradict its contract""}",/data/mrumoca/eval/results_v3/aixlib/runtime_free.jsonl
aixlib,runtime-v3,AixLib.Obsolete.Year2019.Fluid.Storage.StorageWall,5,physical-zero-is-a-supported-limit,low,False,advisory-or-explicit-non-defect,"{""domain"": ""fluid"", ""rule"": ""fluid.area.positive"", ""rule_origin"": ""a flow cross-section is a divisor in every velocity relation; zero area admits no flow and divides by zero"", ""rule_reference"": """", ""matched_by"": {""quantity"": ""Area"", ""unit"": ""m2"", ""confidence"": ""QUANTITY_AND_UNIT"", ""premise_state"": ""unknown"", ""authority"": ""quantity_or_unit"", ""canonical_declaration"": ""AixLib.Utilities.HeatTransfer.HeatConv.A""}, ""required"": ""convInside.A > 0"", ""declared_min"": 0.0, ""variable_role"": ""parameter"", ""premise_state"": ""refuted"", ""authority"": ""component_contract"", ""contract"": ""AixLib.Utilities.HeatTransfer.HeatConv.A: feature_disabled (proven, from equation) \u2014 the parameter appears only as a multiplier, so at zero the term it scales drops out and the rest of the model is unaffected"", ""contract_behavior"": ""feature_disabled"", ""contract_confidence"": ""proven"", ""contract_source"": ""equation"", ""note"": ""the positivity rule does not apply: this component documents zero as a meaningful limit, so reporting a missing bound would contradict its contract""}",/data/mrumoca/eval/results_v3/aixlib/runtime_free.jsonl
aixlib,runtime-v3,AixLib.Obsolete.Year2019.Fluid.Storage.StorageWall,6,physical-zero-is-a-supported-limit,low,False,advisory-or-explicit-non-defect,"{""domain"": ""thermal"", ""rule"": ""thermal.conductance.positive"", ""rule_origin"": ""heat flows from hot to cold; G <= 0 reverses the second law"", ""rule_reference"": """", ""matched_by"": {""quantity"": ""ThermalConductance"", ""unit"": ""W/K"", ""confidence"": ""QUANTITY_AND_UNIT"", ""premise_state"": ""unknown"", ""authority"": ""quantity_or_unit"", ""canonical_declaration"": ""Modelica.Thermal.HeatTransfer.Components.ThermalConductor.G""}, ""required"": ""condWall1.G > 0"", ""declared_min"": null, ""variable_role"": ""parameter"", ""premise_state"": ""refuted"", ""authority"": ""component_contract"", ""contract"": ""Modelica.Thermal.HeatTransfer.Components.ThermalConductor.G: feature_disabled (proven, from equation) \u2014 the parameter appears only as a multiplier, so at zero the term it scales drops out and the rest of the model is unaffected"", ""contract_behavior"": ""feature_disabled"", ""contract_confidence"": ""proven"", ""contract_source"": ""equation"", ""note"": ""the positivity rule does not apply: this component documents zero as a meaningful limit, so reporting a missing bound would contradict its contract""}",/data/mrumoca/eval/results_v3/aixlib/runtime_free.jsonl
aixlib,runtime-v3,AixLib.Obsolete.Year2019.Fluid.Storage.StorageWall,7,physical-zero-is-a-supported-limit,low,False,advisory-or-explicit-non-defect,"{""domain"": ""thermal"", ""rule"": ""thermal.heat_capacity.positive"", ""rule_origin"": ""C*dT = dQ; a non-positive heat capacity makes a body cool when heated"", ""rule_reference"": """", ""matched_by"": {""quantity"": ""HeatCapacity"", ""unit"": ""J/K"", ""confidence"": ""QUANTITY_AND_UNIT"", ""premise_state"": ""unknown"", ""authority"": ""quantity_or_unit"", ""canonical_declaration"": ""Modelica.Thermal.HeatTransfer.Components.HeatCapacitor.C""}, ""required"": ""loadWall.C > 0"", ""declared_min"": null, ""variable_role"": ""parameter"", ""premise_state"": ""refuted"", ""authority"": ""component_contract"", ""contract"": ""Modelica.Thermal.HeatTransfer.Components.HeatCapacitor.C: algebraic_limit (proven, from equation) \u2014 the parameter multiplies a derivative, so at zero the differential relation becomes an algebraic constraint rather than an undefined quotient"", ""contract_behavior"": ""algebraic_limit"", ""contract_confidence"": ""proven"", ""contract_source"": ""equation"", ""note"": ""the positivity rule does not apply: this component documents zero as a meaningful limit, so reporting a missing bound would contradict its contract""}",/data/mrumoca/eval/results_v3/aixlib/runtime_free.jsonl
aixlib,runtime-v3,AixLib.Obsolete.Year2019.Fluid.Storage.StorageWall,8,physical-zero-is-a-supported-limit,low,False,advisory-or-explicit-non-defect,"{""domain"": ""thermal"", ""rule"": ""thermal.conductance.positive"", ""rule_origin"": ""heat flows from hot to cold; G <= 0 reverses the second law"", ""rule_reference"": """", ""matched_by"": {""quantity"": ""ThermalConductance"", ""unit"": ""W/K"", ""confidence"": ""QUANTITY_AND_UNIT"", ""premise_state"": ""unknown"", ""authority"": ""quantity_or_unit"", ""canonical_declaration"": ""Modelica.Thermal.HeatTransfer.Components.ThermalConductor.G""}, ""required"": ""condWall2.G > 0"", ""declared_min"": null, ""variable_role"": ""parameter"", ""premise_state"": ""refuted"", ""authority"": ""component_contract"", ""contract"": ""Modelica.Thermal.HeatTransfer.Components.ThermalConductor.G: feature_disabled (proven, from equation) \u2014 the parameter appears only as a multiplier, so at zero the term it scales drops out and the rest of the model is unaffected"", ""contract_behavior"": ""feature_disabled"", ""contract_confidence"": ""proven"", ""contract_source"": ""equation"", ""note"": ""the positivity rule does not apply: this component documents zero as a meaningful limit, so reporting a missing bound would contradict its contract""}",/data/mrumoca/eval/results_v3/aixlib/runtime_free.jsonl
aixlib,runtime-v3,AixLib.Obsolete.Year2019.Fluid.Storage.StorageWall,9,physical-zero-is-a-supported-limit,low,False,advisory-or-explicit-non-defect,"{""domain"": ""thermal"", ""rule"": ""thermal.conductance.positive"", ""rule_origin"": ""heat flows from hot to cold; G <= 0 reverses the second law"", ""rule_reference"": """", ""matched_by"": {""quantity"": ""ThermalConductance"", ""unit"": ""W/K"", ""confidence"": ""QUANTITY_AND_UNIT"", ""premise_state"": ""unknown"", ""authority"": ""quantity_or_unit"", ""canonical_declaration"": ""Modelica.Thermal.HeatTransfer.Components.ThermalConductor.G""}, ""required"": ""condIns1.G > 0"", ""declared_min"": null, ""variable_role"": ""parameter"", ""premise_state"": ""refuted"", ""authority"": ""component_contract"", ""contract"": ""Modelica.Thermal.HeatTransfer.Components.ThermalConductor.G: feature_disabled (proven, from equation) \u2014 the parameter appears only as a multiplier, so at zero the term it scales drops out and the rest of the model is unaffected"", ""contract_behavior"": ""feature_disabled"", ""contract_confidence"": ""proven"", ""contract_source"": ""equation"", ""note"": ""the positivity rule does not apply: this component documents zero as a meaningful limit, so reporting a missing bound would contradict its contract""}",/data/mrumoca/eval/results_v3/aixlib/runtime_free.jsonl
aixlib,runtime-v3,AixLib.Obsolete.Year2019.Fluid.Storage.StorageWall,10,physical-zero-is-a-supported-limit,low,False,advisory-or-explicit-non-defect,"{""domain"": ""thermal"", ""rule"": ""thermal.heat_capacity.positive"", ""rule_origin"": ""C*dT = dQ; a non-positive heat capacity makes a body cool when heated"", ""rule_reference"": """", ""matched_by"": {""quantity"": ""HeatCapacity"", ""unit"": ""J/K"", ""confidence"": ""QUANTITY_AND_UNIT"", ""premise_state"": ""unknown"", ""authority"": ""quantity_or_unit"", ""canonical_declaration"": ""Modelica.Thermal.HeatTransfer.Components.HeatCapacitor.C""}, ""required"": ""loadIns.C > 0"", ""declared_min"": null, ""variable_role"": ""parameter"", ""premise_state"": ""refuted"", ""authority"": ""component_contract"", ""contract"": ""Modelica.Thermal.HeatTransfer.Components.HeatCapacitor.C: algebraic_limit (proven, from equation) \u2014 the parameter multiplies a derivative, so at zero the differential relation becomes an algebraic constraint rather than an undefined quotient"", ""contract_behavior"": ""algebraic_limit"", ""contract_confidence"": ""proven"", ""contract_source"": ""equation"", ""note"": ""the positivity rule does not apply: this component documents zero as a meaningful limit, so reporting a missing bound would contradict its contract""}",/data/mrumoca/eval/results_v3/aixlib/runtime_free.jsonl
aixlib,runtime-v3,AixLib.Obsolete.Year2019.Fluid.Storage.StorageWall,11,physical-zero-is-a-supported-limit,low,False,advisory-or-explicit-non-defect,"{""domain"": ""thermal"", ""rule"": ""thermal.conductance.positive"", ""rule_origin"": ""heat flows from hot to cold; G <= 0 reverses the second law"", ""rule_reference"": """", ""matched_by"": {""quantity"": ""ThermalConductance"", ""unit"": ""W/K"", ""confidence"": ""QUANTITY_AND_UNIT"", ""premise_state"": ""unknown"", ""authority"": ""quantity_or_unit"", ""canonical_declaration"": ""Modelica.Thermal.HeatTransfer.Components.ThermalConductor.G""}, ""required"": ""condIns2.G > 0"", ""declared_min"": null, ""variable_role"": ""parameter"", ""premise_state"": ""refuted"", ""authority"": ""component_contract"", ""contract"": ""Modelica.Thermal.HeatTransfer.Components.ThermalConductor.G: feature_disabled (proven, from equation) \u2014 the parameter appears only as a multiplier, so at zero the term it scales drops out and the rest of the model is unaffected"", ""contract_behavior"": ""feature_disabled"", ""contract_confidence"": ""proven"", ""contract_source"": ""equation"", ""note"": ""the positivity rule does not apply: this component documents zero as a meaningful limit, so reporting a missing bound would contradict its contract""}",/data/mrumoca/eval/results_v3/aixlib/runtime_free.jsonl
aixlib,runtime-v3,AixLib.Obsolete.Year2019.Fluid.Storage.StorageWall,12,physical-zero-is-a-supported-limit,low,False,advisory-or-explicit-non-defect,"{""domain"": ""fluid"", ""rule"": ""fluid.area.positive"", ""rule_origin"": ""a flow cross-section is a divisor in every velocity relation; zero area admits no flow and divides by zero"", ""rule_reference"": """", ""matched_by"": {""quantity"": ""Area"", ""unit"": ""m2"", ""confidence"": ""QUANTITY_AND_UNIT"", ""premise_state"": ""unknown"", ""authority"": ""quantity_or_unit"", ""canonical_declaration"": ""AixLib.Utilities.HeatTransfer.HeatConv.A""}, ""required"": ""convOutside.A > 0"", ""declared_min"": 0.0, ""variable_role"": ""parameter"", ""premise_state"": ""refuted"", ""authority"": ""component_contract"", ""contract"": ""AixLib.Utilities.HeatTransfer.HeatConv.A: feature_disabled (proven, from equation) \u2014 the parameter appears only as a multiplier, so at zero the term it scales drops out and the rest of the model is unaffected"", ""contract_behavior"": ""feature_disabled"", ""contract_confidence"": ""proven"", ""contract_source"": ""equation"", ""note"": ""the positivity rule does not apply: this component documents zero as a meaningful limit, so reporting a missing bound would contradict its contract""}",/data/mrumoca/eval/results_v3/aixlib/runtime_free.jsonl
aixlib,runtime-v3,AixLib.Obsolete.Year2019.Fluid.Storage.StorageWall,13,physical-zero-is-a-supported-limit,low,False,advisory-or-explicit-non-defect,"{""domain"": ""fluid"", ""rule"": ""fluid.area.positive"", ""rule_origin"": ""a flow cross-section is a divisor in every velocity relation; zero area admits no flow and divides by zero"", ""rule_reference"": """", ""matched_by"": {""quantity"": ""Area"", ""unit"": ""m2"", ""confidence"": ""QUANTITY_AND_UNIT"", ""premise_state"": ""unknown"", ""authority"": ""quantity_or_unit"", ""canonical_declaration"": ""AixLib.Obsolete.Year2019.Fluid.Storage.StorageWall.AIns""}, ""required"": ""AIns > 0"", ""declared_min"": null, ""variable_role"": ""parameter"", ""premise_state"": ""refuted"", ""authority"": ""component_contract"", ""contract"": ""AixLib.Obsolete.Year2019.Fluid.Storage.StorageWall.AIns: feature_disabled (proven, from equation) \u2014 the parameter appears only as a multiplier, so at zero the term it scales drops out and the rest of the model is unaffected"", ""contract_behavior"": ""feature_disabled"", ""contract_confidence"": ""proven"", ""contract_source"": ""equation"", ""note"": ""the positivity rule does not apply: this component documents zero as a meaningful limit, so reporting a missing bound would contradict its contract""}",/data/mrumoca/eval/results_v3/aixlib/runtime_free.jsonl
aixlib,runtime-v3,AixLib.Obsolete.Year2019.Fluid.Storage.StorageWall,14,physical-zero-is-a-supported-limit,low,False,advisory-or-explicit-non-defect,"{""domain"": ""fluid"", ""rule"": ""fluid.area.positive"", ""rule_origin"": ""a flow cross-section is a divisor in every velocity relation; zero area admits no flow and divides by zero"", ""rule_reference"": """", ""matched_by"": {""quantity"": ""Area"", ""unit"": ""m2"", ""confidence"": ""QUANTITY_AND_UNIT"", ""premise_state"": ""unknown"", ""authority"": ""quantity_or_unit"", ""canonical_declaration"": ""AixLib.Obsolete.Year2019.Fluid.Storage.StorageWall.AOutside""}, ""required"": ""AOutside > 0"", ""declared_min"": null, ""variable_role"": ""parameter"", ""premise_state"": ""refuted"", ""authority"": ""component_contract"", ""contract"": ""AixLib.Utilities.HeatTransfer.HeatConv.A: feature_disabled (proven, from equation) \u2014 inherited from convOutside.A, which it binds: the parameter appears only as a multiplier, so at zero the term it scales drops out and the rest of the model is unaffected"", ""contract_behavior"": ""feature_disabled"", ""contract_confidence"": ""proven"", ""contract_source"": ""equation"", ""note"": ""the positivity rule does not apply: this component documents zero as a meaningful limit, so reporting a missing bound would contradict its contract""}",/data/mrumoca/eval/results_v3/aixlib/runtime_free.jsonl
aixlib,runtime-v3,AixLib.Obsolete.Year2021.Electrical.PVSystem.BaseClasses.PVModuleDC,0,physical-zero-is-a-supported-limit,low,True,execution-not-completed,"{""domain"": ""fluid"", ""rule"": ""fluid.area.positive"", ""rule_origin"": ""a flow cross-section is a divisor in every velocity relation; zero area admits no flow and divides by zero"", ""rule_reference"": """", ""matched_by"": {""quantity"": ""Area"", ""unit"": ""m2"", ""confidence"": ""QUANTITY_AND_UNIT"", ""premise_state"": ""unknown"", ""authority"": ""quantity_or_unit"", ""canonical_declaration"": ""AixLib.Obsolete.Year2021.Electrical.PVSystem.BaseClasses.PVModuleDC.Area""}, ""required"": ""Area > 0"", ""declared_min"": null, ""variable_role"": ""parameter"", ""premise_state"": ""refuted"", ""authority"": ""component_contract"", ""contract"": ""AixLib.Obsolete.Year2021.Electrical.PVSystem.BaseClasses.PVModuleDC.Area: feature_disabled (proven, from equation) \u2014 the parameter appears only as a multiplier, so at zero the term it scales drops out and the rest of the model is unaffected"", ""contract_behavior"": ""feature_disabled"", ""contract_confidence"": ""proven"", ""contract_source"": ""equation"", ""note"": ""the positivity rule does not apply: this component documents zero as a meaningful limit, so reporting a missing bound would contradict its contract""}",/data/mrumoca/eval/results_v3/aixlib/runtime_free.jsonl
aixlib,runtime-v3,AixLib.Obsolete.Year2021.Electrical.PVSystem.BaseClasses.PVModuleDC,1,initialization-failure,high,True,execution-not-completed,"{""failure_kind"": ""unknown"", ""reason"": "" AixLib.Obsolete.Year2021.Electrical.PVSystem.BaseClasses.PVModuleDC to t=1 with 6 trace point(s)... \u001b[31m\u001b[0m simulation failed: parameter `Area` has neither a binding nor an initial \u001b[31m\u2502\u001b[0m value"", ""raw"": ""reading /tmp/tmp0uz6095y/traced.rbc (bitcode v2, cbor) holding 2 free input(s) constant at their start values: T_amb=0, SolarIrradiationPerSquareMeter=0 Simulating AixLib.Obsolete.Year2021.Electrical.PVSystem.BaseClasses.PVModuleDC to t=1 with 6 trace point(s)... \u001b[31m\u001b[0m simulation failed: parameter `Area` has neither a binding nor an initial \u001b[31m\u2502\u001b[0m value"", ""tool_side"": false}",/data/mrumoca/eval/results_v3/aixlib/runtime_free.jsonl
aixlib,runtime-v3,AixLib.Obsolete.Year2019.Utilities.Sources.InternalGains.Humans.HumanSensibleHeatAreaSpecific,0,network-boundary-port,low,True,hold-input-contract-validation,"{""node"": ""ConvHeat -- ConvectiveHeat.port"", ""boundary_connectors"": ""ConvHeat"", ""wired_to"": ""ConvectiveHeat.port"", ""note"": ""this connector belongs to the model itself, not to a component inside it: the model is an interface compiled on its own, so the node is open on one side. Nothing forces its flow, which is why a structural matching reports an unmatched unknown here. Not a defect in the model""}",/data/mrumoca/eval/results_v3/aixlib/runtime_free.jsonl
aixlib,runtime-v3,AixLib.Obsolete.Year2019.Utilities.Sources.InternalGains.Humans.HumanSensibleHeatAreaSpecific,1,network-boundary-port,low,True,hold-input-contract-validation,"{""node"": ""RadHeat -- RadiationConvertor.radPort"", ""boundary_connectors"": ""RadHeat"", ""wired_to"": ""RadiationConvertor.radPort"", ""note"": ""this connector belongs to the model itself, not to a component inside it: the model is an interface compiled on its own, so the node is open on one side. Nothing forces its flow, which is why a structural matching reports an unmatched unknown here. Not a defect in the model""}",/data/mrumoca/eval/results_v3/aixlib/runtime_free.jsonl
aixlib,runtime-v3,AixLib.Obsolete.Year2019.Utilities.Sources.InternalGains.Humans.HumanSensibleHeatAreaSpecific,2,network-boundary-port,low,True,hold-input-contract-validation,"{""node"": ""Area -- ConvectiveHeat -- PersonHeat -- RadiationConvertor -- RadiativeHeat -- Schedule -- SurfaceArea_People -- gain -- gain1 -- internalGainsPeopleSpecific -- limiter -- productHeatOutput"", ""boundary_connectors"": ""Area, ConvectiveHeat, PersonHeat, RadiationConvertor, RadiativeHeat, Schedule, SurfaceArea_People, gain, gain1, internalGainsPeopleSpecific, limiter, productHeatOutput"", ""wired_to"": ""nothing"", ""note"": ""this connector belongs to the model itself, not to a component inside it: the model is an interface compiled on its own, so the node is open on one side. Nothing forces its flow, which is why a structural matching reports an unmatched unknown here. Not a defect in the model""}",/data/mrumoca/eval/results_v3/aixlib/runtime_free.jsonl
aixlib,runtime-v3,AixLib.Obsolete.Year2019.Utilities.Sources.InternalGains.Humans.HumanSensibleHeatAreaSpecific,3,physical-intent-question,low,True,hold-input-contract-validation,"{""domain"": ""fluid"", ""rule"": ""fluid.area.positive"", ""rule_origin"": ""a flow cross-section is a divisor in every velocity relation; zero area admits no flow and divides by zero"", ""rule_reference"": """", ""matched_by"": {""quantity"": ""Area"", ""unit"": ""m2"", ""confidence"": ""QUANTITY_AND_UNIT"", ""premise_state"": ""unknown"", ""authority"": ""quantity_or_unit"", ""canonical_declaration"": ""AixLib.Utilities.HeatTransfer.HeatToRad.A""}, ""observed"": -1.0, ""required"": ""RadiationConvertor.A > 0"", ""where"": ""declaration"", ""premise_state"": ""unknown"", ""authority"": ""quantity_or_unit"", ""canonical_declaration"": ""AixLib.Utilities.HeatTransfer.HeatToRad.A"", ""observation"": ""observed-value"", ""question"": ""`RadiationConvertor.A` holds -1, which is unusual for an area \u2014 but nothing declares what this component is, so the analyzer cannot tell whether it is intended. Is it? If so, declare it: add a component contract, or a `[[contracts]]` entry naming the intended `sign_domain`. If not, bound the declaration.""}",/data/mrumoca/eval/results_v3/aixlib/runtime_free.jsonl
aixlib,runtime-v3,AixLib.Obsolete.Year2019.Utilities.Sources.InternalGains.Humans.HumanSensibleHeatAreaSpecific,4,physical-intent-question,low,True,hold-input-contract-validation,"{""domain"": ""fluid"", ""rule"": ""fluid.area.positive"", ""rule_origin"": ""a flow cross-section is a divisor in every velocity relation; zero area admits no flow and divides by zero"", ""rule_reference"": """", ""matched_by"": {""quantity"": ""Area"", ""unit"": ""m2"", ""confidence"": ""QUANTITY_AND_UNIT"", ""premise_state"": ""unknown"", ""authority"": ""quantity_or_unit"", ""canonical_declaration"": ""AixLib.Obsolete.Year2019.Utilities.Sources.InternalGains.Humans.HumanSensibleHeatAreaSpecific.RoomArea""}, ""required"": ""RoomArea > 0"", ""declared_min"": null, ""variable_role"": ""parameter"", ""observation"": ""permissive-declaration"", ""premise_state"": ""unknown"", ""authority"": ""quantity_or_unit"", ""canonical_declaration"": ""AixLib.Obsolete.Year2019.Utilities.Sources.InternalGains.Humans.HumanSensibleHeatAreaSpecific.RoomArea"", ""question"": ""`RoomArea` carries no bound that would exclude it, which is unusual for an area \u2014 but nothing declares what this component is, so the analyzer cannot tell whether it is intended. Is it? If so, declare it: add a component contract, or a `[[contracts]]` entry naming the intended `sign_domain`. If not, bound the declaration.""}",/data/mrumoca/eval/results_v3/aixlib/runtime_free.jsonl
aixlib,runtime-v3,AixLib.Obsolete.Year2019.Utilities.Sources.InternalGains.Humans.HumanSensibleHeatAreaSpecific,5,physical-zero-is-a-supported-limit,low,True,hold-input-contract-validation,"{""domain"": ""fluid"", ""rule"": ""fluid.area.positive"", ""rule_origin"": ""a flow cross-section is a divisor in every velocity relation; zero area admits no flow and divides by zero"", ""rule_reference"": """", ""matched_by"": {""quantity"": ""Area"", ""unit"": ""m2"", ""confidence"": ""QUANTITY_AND_UNIT"", ""premise_state"": ""unknown"", ""authority"": ""quantity_or_unit"", ""canonical_declaration"": ""AixLib.Obsolete.Year2019.Utilities.Sources.InternalGains.Humans.HumanSensibleHeatAreaSpecific.SurfaceArea_Human""}, ""required"": ""SurfaceArea_Human > 0"", ""declared_min"": null, ""variable_role"": ""parameter"", ""premise_state"": ""refuted"", ""authority"": ""component_contract"", ""contract"": ""Modelica.Blocks.Math.Gain.k: feature_disabled (proven, from equation) \u2014 inherited from SurfaceArea_People.k, which it binds: the parameter appears only as a multiplier, so at zero the term it scales drops out and the rest of the model is unaffected"", ""contract_behavior"": ""feature_disabled"", ""contract_confidence"": ""proven"", ""contract_source"": ""equation"", ""note"": ""the positivity rule does not apply: this component documents zero as a meaningful limit, so reporting a missing bound would contradict its contract""}",/data/mrumoca/eval/results_v3/aixlib/runtime_free.jsonl
aixlib,runtime-v3,AixLib.Obsolete.YearIndependent.FastHVAC.Components.Pumps.FluidSource,0,physical-intent-question,low,True,hold-input-contract-validation,"{""domain"": ""fluid"", ""rule"": ""fluid.density.positive"", ""rule_origin"": ""mass per volume of a real fluid; density appears as a divisor throughout the Fluid library"", ""rule_reference"": """", ""matched_by"": {""quantity"": ""Density"", ""unit"": ""kg/m3"", ""confidence"": ""QUANTITY_AND_UNIT"", ""premise_state"": ""unknown"", ""authority"": ""quantity_or_unit"", ""canonical_declaration"": ""AixLib.Obsolete.YearIndependent.FastHVAC.Media.BaseClasses.MediumSimple.rho""}, ""required"": ""medium.rho > 0"", ""declared_min"": 0.0, ""variable_role"": ""parameter"", ""observation"": ""permissive-declaration"", ""premise_state"": ""unknown"", ""authority"": ""quantity_or_unit"", ""canonical_declaration"": ""AixLib.Obsolete.YearIndependent.FastHVAC.Media.BaseClasses.MediumSimple.rho"", ""question"": ""`medium.rho` is bounded only by min=0, which is unusual for a density \u2014 but nothing declares what this component is, so the analyzer cannot tell whether it is intended. Is it? If so, declare it: add a component contract, or a `[[contracts]]` entry naming the intended `sign_domain`. If not, bound the declaration.""}",/data/mrumoca/eval/results_v3/aixlib/runtime_free.jsonl
aixlib,runtime-v3,AixLib.Obsolete.YearIndependent.FastHVAC.Components.HeatExchangers.BaseClasses.PseudoRadiator,0,network-boundary-port,low,True,hold-input-contract-validation,"{""node"": ""prescribedConvHeatFlow.port -- therm"", ""boundary_connectors"": ""therm"", ""wired_to"": ""prescribedConvHeatFlow.port"", ""note"": ""this connector belongs to the model itself, not to a component inside it: the model is an interface compiled on its own, so the node is open on one side. Nothing forces its flow, which is why a structural matching reports an unmatched unknown here. Not a defect in the model""}",/data/mrumoca/eval/results_v3/aixlib/runtime_free.jsonl
aixlib,runtime-v3,AixLib.Obsolete.YearIndependent.FastHVAC.Components.HeatExchangers.BaseClasses.PseudoRadiator,1,network-boundary-port,low,True,hold-input-contract-validation,"{""node"": ""prescribedRadHeatFlow.port -- star"", ""boundary_connectors"": ""star"", ""wired_to"": ""prescribedRadHeatFlow.port"", ""note"": ""this connector belongs to the model itself, not to a component inside it: the model is an interface compiled on its own, so the node is open on one side. Nothing forces its flow, which is why a structural matching reports an unmatched unknown here. Not a defect in the model""}",/data/mrumoca/eval/results_v3/aixlib/runtime_free.jsonl
aixlib,runtime-v3,AixLib.Obsolete.YearIndependent.FastHVAC.Components.HeatExchangers.BaseClasses.PseudoRadiator,2,network-boundary-port,low,True,hold-input-contract-validation,"{""node"": ""dotQ_conv -- prescribedConvHeatFlow"", ""boundary_connectors"": ""dotQ_conv, prescribedConvHeatFlow"", ""wired_to"": ""nothing"", ""note"": ""this connector belongs to the model itself, not to a component inside it: the model is an interface compiled on its own, so the node is open on one side. Nothing forces its flow, which is why a structural matching reports an unmatched unknown here. Not a defect in the model""}",/data/mrumoca/eval/results_v3/aixlib/runtime_free.jsonl
aixlib,runtime-v3,AixLib.Obsolete.YearIndependent.FastHVAC.Components.HeatExchangers.BaseClasses.PseudoRadiator,3,network-boundary-port,low,True,hold-input-contract-validation,"{""node"": ""dotQ_rad -- prescribedRadHeatFlow"", ""boundary_connectors"": ""dotQ_rad, prescribedRadHeatFlow"", ""wired_to"": ""nothing"", ""note"": ""this connector belongs to the model itself, not to a component inside it: the model is an interface compiled on its own, so the node is open on one side. Nothing forces its flow, which is why a structural matching reports an unmatched unknown here. Not a defect in the model""}",/data/mrumoca/eval/results_v3/aixlib/runtime_free.jsonl
aixlib,runtime-v3,AixLib.Obsolete.YearIndependent.FastHVAC.Components.Valves.ThermostaticValve,0,network-boundary-port,low,True,execution-not-completed,"{""node"": ""T_room -- temperatureSensor.port"", ""boundary_connectors"": ""T_room"", ""wired_to"": ""temperatureSensor.port"", ""note"": ""this connector belongs to the model itself, not to a component inside it: the model is an interface compiled on its own, so the node is open on one side. Nothing forces its flow, which is why a structural matching reports an unmatched unknown here. Not a defect in the model""}",/data/mrumoca/eval/results_v3/aixlib/runtime_free.jsonl
aixlib,runtime-v3,AixLib.Obsolete.YearIndependent.FastHVAC.Components.Valves.ThermostaticValve,1,network-boundary-port,low,True,execution-not-completed,"{""node"": ""PID -- PID.Dzero -- PID.FFzero -- PID.I -- PID.P -- PID.addFF -- PID.addI -- PID.addP -- PID.addPID -- PID.addSat -- PID.gainPID -- PID.gainTrack -- PID.limiter -- T_set -- dotm_set -- hysteresisValve -- hysteresisValve.limiter1 -- product -- realExpression -- temperatureSensor"", ""boundary_connectors"": ""PID, T_set, dotm_set, hysteresisValve, product, realExpression, temperatureSensor"", ""wired_to"": ""PID.Dzero, PID.FFzero, PID.I, PID.P, PID.addFF, PID.addI, PID.addP, PID.addPID, PID.addSat, PID.gainPID, PID.gainTrack, PID.limiter, hysteresisValve.limiter1"", ""note"": ""this connector belongs to the model itself, not to a component inside it: the model is an interface compiled on its own, so the node is open on one side. Nothing forces its flow, which is why a structural matching reports an unmatched unknown here. Not a defect in the model""}",/data/mrumoca/eval/results_v3/aixlib/runtime_free.jsonl
aixlib,runtime-v3,AixLib.Obsolete.YearIndependent.FastHVAC.Components.Valves.ThermostaticValve,2,network-observation-incomplete,info,True,execution-not-completed,"{""reason"": ""missing or unsynchronized connector member observations"", ""note"": ""coverage gap, not a model defect""}",/data/mrumoca/eval/results_v3/aixlib/runtime_free.jsonl
aixlib,runtime-v3,AixLib.Obsolete.YearIndependent.FastHVAC.Components.Valves.ThermostaticValve,3,initialization-failure,high,True,execution-not-completed,"{""failure_kind"": ""singular-system"", ""reason"": ""ves.ThermostaticValve to t=1 with 52 trace point(s)... \u001b[31m\u001b[0m simulation failed: DAE structural proof failed: structurally singular \u001b[31m\u2502\u001b[0m system: 49 matched out of 50 equations and 50 unknowns"", ""raw"": ""reading /tmp/tmp8kygjppx/traced.rbc (bitcode v2, cbor) holding 1 free input(s) constant at their start values: T_set=0 Simulating AixLib.Obsolete.YearIndependent.FastHVAC.Components.Valves.ThermostaticValve to t=1 with 52 trace point(s)... \u001b[31m\u001b[0m simulation failed: DAE structural proof failed: structurally singular \u001b[31m\u2502\u001b[0m system: 49 matched out of 50 equations and 50 unknowns"", ""tool_side"": false}",/data/mrumoca/eval/results_v3/aixlib/runtime_free.jsonl
aixlib,runtime-v3,AixLib.Obsolete.YearIndependent.FastHVAC.Examples.Pumps.FluidSource,0,network-boundary-port,low,False,standalone-topology-not-defect-proof,"{""node"": ""T_source -- dotm_source -- fluidSource"", ""boundary_connectors"": ""T_source, dotm_source, fluidSource"", ""wired_to"": ""nothing"", ""note"": ""this connector belongs to the model itself, not to a component inside it: the model is an interface compiled on its own, so the node is open on one side. Nothing forces its flow, which is why a structural matching reports an unmatched unknown here. Not a defect in the model""}",/data/mrumoca/eval/results_v3/aixlib/runtime_free.jsonl
aixlib,runtime-v3,AixLib.Obsolete.YearIndependent.FastHVAC.Examples.Pumps.FluidSource,1,physical-intent-question,low,False,advisory-or-explicit-non-defect,"{""domain"": ""fluid"", ""rule"": ""fluid.density.positive"", ""rule_origin"": ""mass per volume of a real fluid; density appears as a divisor throughout the Fluid library"", ""rule_reference"": """", ""matched_by"": {""quantity"": ""Density"", ""unit"": ""kg/m3"", ""confidence"": ""QUANTITY_AND_UNIT"", ""premise_state"": ""unknown"", ""authority"": ""quantity_or_unit"", ""canonical_declaration"": ""AixLib.Obsolete.YearIndependent.FastHVAC.Media.BaseClasses.MediumSimple.rho""}, ""required"": ""fluidSource.medium.rho > 0"", ""declared_min"": 0.0, ""variable_role"": ""parameter"", ""observation"": ""permissive-declaration"", ""premise_state"": ""unknown"", ""authority"": ""quantity_or_unit"", ""canonical_declaration"": ""AixLib.Obsolete.YearIndependent.FastHVAC.Media.BaseClasses.MediumSimple.rho"", ""question"": ""`fluidSource.medium.rho` is bounded only by min=0, which is unusual for a density \u2014 but nothing declares what this component is, so the analyzer cannot tell whether it is intended. Is it? If so, declare it: add a component contract, or a `[[contracts]]` entry naming the intended `sign_domain`. If not, bound the declaration.""}",/data/mrumoca/eval/results_v3/aixlib/runtime_free.jsonl
aixlib,runtime-v3,AixLib.Obsolete.YearIndependent.FastHVAC.Examples.Valves.ThermostaticValve,0,network-boundary-port,low,False,standalone-topology-not-defect-proof,"{""node"": ""T_actually -- ramp -- varTemp"", ""boundary_connectors"": ""T_actually, ramp, varTemp"", ""wired_to"": ""nothing"", ""note"": ""this connector belongs to the model itself, not to a component inside it: the model is an interface compiled on its own, so the node is open on one side. Nothing forces its flow, which is why a structural matching reports an unmatched unknown here. Not a defect in the model""}",/data/mrumoca/eval/results_v3/aixlib/runtime_free.jsonl
aixlib,runtime-v3,AixLib.Obsolete.YearIndependent.FastHVAC.Examples.Valves.ThermostaticValve,1,network-boundary-port,low,False,standalone-topology-not-defect-proof,"{""node"": ""T_setRoom -- dotm_pump -- setTemperature -- thermostaticValve -- thermostaticValve.PID -- thermostaticValve.PID.Dzero -- thermostaticValve.PID.FFzero -- thermostaticValve.PID.I -- thermostaticValve.PID.P -- thermostaticValve.PID.addFF -- thermostaticValve.PID.addI -- thermostaticValve.PID.addP -- thermostaticValve.PID.addPID -- thermostaticValve.PID.addSat -- thermostaticValve.PID.gainPID -- thermostaticValve.PID.gainTrack -- thermostaticValve.PID.limiter -- thermostaticValve.hysteresisValve -- thermostaticValve.hysteresisValve.limiter1 -- thermostaticValve.product -- thermostaticValve.realExpression -- thermostaticValve.temperatureSensor"", ""boundary_connectors"": ""T_setRoom, dotm_pump, setTemperature, thermostaticValve"", ""wired_to"": ""thermostaticValve.PID, thermostaticValve.PID.Dzero, thermostaticValve.PID.FFzero, thermostaticValve.PID.I, thermostaticValve.PID.P, thermostaticValve.PID.addFF, thermostaticValve.PID.addI, thermostaticValve.PID.addP, thermostaticValve.PID.addPID, thermostaticValve.PID.addSat, thermostaticValve.PID.gainPID, thermostaticValve.PID.gainTrack, thermostaticValve.PID.limiter, thermostaticValve.hysteresisValve, thermostaticValve.hysteresisValve.limiter1, thermostaticValve.product, thermostaticValve.realExpression, thermostaticValve.temperatureSensor"", ""note"": ""this connector belongs to the model itself, not to a component inside it: the model is an interface compiled on its own, so the node is open on one side. Nothing forces its flow, which is why a structural matching reports an unmatched unknown here. Not a defect in the model""}",/data/mrumoca/eval/results_v3/aixlib/runtime_free.jsonl
aixlib,runtime-v3,AixLib.Obsolete.YearIndependent.FastHVAC.Examples.Sinks.SinkSourceVesselTest,0,network-boundary-port,low,False,standalone-topology-not-defect-proof,"{""node"": ""T_source -- dotm -- fluidSource"", ""boundary_connectors"": ""T_source, dotm, fluidSource"", ""wired_to"": ""nothing"", ""note"": ""this connector belongs to the model itself, not to a component inside it: the model is an interface compiled on its own, so the node is open on one side. Nothing forces its flow, which is why a structural matching reports an unmatched unknown here. Not a defect in the model""}",/data/mrumoca/eval/results_v3/aixlib/runtime_free.jsonl
aixlib,runtime-v3,AixLib.Obsolete.YearIndependent.FastHVAC.Examples.Sinks.SinkSourceVesselTest,1,network-boundary-port,low,False,standalone-topology-not-defect-proof,"{""node"": ""sink -- sink.gain -- sink.varHeatFlow -- sink_heatFlow"", ""boundary_connectors"": ""sink, sink_heatFlow"", ""wired_to"": ""sink.gain, sink.varHeatFlow"", ""note"": ""this connector belongs to the model itself, not to a component inside it: the model is an interface compiled on its own, so the node is open on one side. Nothing forces its flow, which is why a structural matching reports an unmatched unknown here. Not a defect in the model""}",/data/mrumoca/eval/results_v3/aixlib/runtime_free.jsonl
aixlib,runtime-v3,AixLib.Obsolete.YearIndependent.FastHVAC.Examples.Sinks.SinkSourceVesselTest,2,network-boundary-port,low,False,standalone-topology-not-defect-proof,"{""node"": ""source -- source.gain -- source.varHeatFlow -- source_heatFlow"", ""boundary_connectors"": ""source, source_heatFlow"", ""wired_to"": ""source.gain, source.varHeatFlow"", ""note"": ""this connector belongs to the model itself, not to a component inside it: the model is an interface compiled on its own, so the node is open on one side. Nothing forces its flow, which is why a structural matching reports an unmatched unknown here. Not a defect in the model""}",/data/mrumoca/eval/results_v3/aixlib/runtime_free.jsonl
aixlib,runtime-v3,AixLib.Obsolete.YearIndependent.FastHVAC.Examples.Sinks.SinkSourceVesselTest,3,physical-intent-question,low,False,advisory-or-explicit-non-defect,"{""domain"": ""fluid"", ""rule"": ""fluid.density.positive"", ""rule_origin"": ""mass per volume of a real fluid; density appears as a divisor throughout the Fluid library"", ""rule_reference"": """", ""matched_by"": {""quantity"": ""Density"", ""unit"": ""kg/m3"", ""confidence"": ""QUANTITY_AND_UNIT"", ""premise_state"": ""unknown"", ""authority"": ""quantity_or_unit"", ""canonical_declaration"": ""AixLib.Obsolete.YearIndependent.FastHVAC.Media.BaseClasses.MediumSimple.rho""}, ""required"": ""sink.medium.rho > 0"", ""declared_min"": 0.0, ""variable_role"": ""parameter"", ""observation"": ""permissive-declaration"", ""premise_state"": ""unknown"", ""authority"": ""quantity_or_unit"", ""canonical_declaration"": ""AixLib.Obsolete.YearIndependent.FastHVAC.Media.BaseClasses.MediumSimple.rho"", ""question"": ""`sink.medium.rho` is bounded only by min=0, which is unusual for a density \u2014 but nothing declares what this component is, so the analyzer cannot tell whether it is intended. Is it? If so, declare it: add a component contract, or a `[[contracts]]` entry naming the intended `sign_domain`. If not, bound the declaration.""}",/data/mrumoca/eval/results_v3/aixlib/runtime_free.jsonl
aixlib,runtime-v3,AixLib.Obsolete.YearIndependent.FastHVAC.Examples.Sinks.SinkSourceVesselTest,4,physical-intent-question,low,False,advisory-or-explicit-non-defect,"{""domain"": ""fluid"", ""rule"": ""fluid.density.positive"", ""rule_origin"": ""mass per volume of a real fluid; density appears as a divisor throughout the Fluid library"", ""rule_reference"": """", ""matched_by"": {""quantity"": ""Density"", ""unit"": ""kg/m3"", ""confidence"": ""QUANTITY_AND_UNIT"", ""premise_state"": ""unknown"", ""authority"": ""quantity_or_unit"", ""canonical_declaration"": ""AixLib.Obsolete.YearIndependent.FastHVAC.Media.BaseClasses.MediumSimple.rho""}, ""required"": ""sink.fluid.medium.rho > 0"", ""declared_min"": 0.0, ""variable_role"": ""parameter"", ""observation"": ""permissive-declaration"", ""premise_state"": ""unknown"", ""authority"": ""quantity_or_unit"", ""canonical_declaration"": ""AixLib.Obsolete.YearIndependent.FastHVAC.Media.BaseClasses.MediumSimple.rho"", ""question"": ""`sink.fluid.medium.rho` is bounded only by min=0, which is unusual for a density \u2014 but nothing declares what this component is, so the analyzer cannot tell whether it is intended. Is it? If so, declare it: add a component contract, or a `[[contracts]]` entry naming the intended `sign_domain`. If not, bound the declaration.""}",/data/mrumoca/eval/results_v3/aixlib/runtime_free.jsonl
aixlib,runtime-v3,AixLib.Obsolete.YearIndependent.FastHVAC.Examples.Sinks.SinkSourceVesselTest,5,physical-zero-is-a-supported-limit,low,False,advisory-or-explicit-non-defect,"{""domain"": ""mechanical"", ""rule"": ""mech.mass.positive"", ""rule_origin"": ""m*a = f determines acceleration only for m > 0; negative mass is not a physical body"", ""rule_reference"": ""MSL Mechanics.Translational.Components.Mass"", ""matched_by"": {""quantity"": ""Mass"", ""unit"": ""kg"", ""confidence"": ""QUANTITY_AND_UNIT"", ""premise_state"": ""unknown"", ""authority"": ""quantity_or_unit"", ""canonical_declaration"": ""AixLib.Obsolete.YearIndependent.FastHVAC.BaseClasses.WorkingFluid.m_fluid""}, ""required"": ""sink.fluid.m_fluid > 0"", ""declared_min"": 0.0, ""variable_role"": ""parameter"", ""premise_state"": ""refuted"", ""authority"": ""component_contract"", ""contract"": ""AixLib.Obsolete.YearIndependent.FastHVAC.BaseClasses.WorkingFluid.m_fluid: feature_disabled (proven, from equation) \u2014 the parameter appears only as a multiplier, so at zero the term it scales drops out and the rest of the model is unaffected"", ""contract_behavior"": ""feature_disabled"", ""contract_confidence"": ""proven"", ""contract_source"": ""equation"", ""note"": ""the positivity rule does not apply: this component documents zero as a meaningful limit, so reporting a missing bound would contradict its contract""}",/data/mrumoca/eval/results_v3/aixlib/runtime_free.jsonl
aixlib,runtime-v3,AixLib.Obsolete.YearIndependent.FastHVAC.Examples.Sinks.SinkSourceVesselTest,6,physical-zero-is-a-supported-limit,low,False,advisory-or-explicit-non-defect,"{""domain"": ""thermal"", ""rule"": ""thermal.heat_capacity.positive"", ""rule_origin"": ""C*dT = dQ; a non-positive heat capacity makes a body cool when heated"", ""rule_reference"": """", ""matched_by"": {""quantity"": ""HeatCapacity"", ""unit"": ""J/K"", ""confidence"": ""QUANTITY_AND_UNIT"", ""premise_state"": ""unknown"", ""authority"": ""quantity_or_unit"", ""canonical_declaration"": ""Modelica.Thermal.HeatTransfer.Components.HeatCapacitor.C""}, ""required"": ""sink.fluid.heatCapacitor.C > 0"", ""declared_min"": null, ""variable_role"": ""parameter"", ""premise_state"": ""refuted"", ""authority"": ""component_contract"", ""contract"": ""Modelica.Thermal.HeatTransfer.Components.HeatCapacitor.C: algebraic_limit (proven, from equation) \u2014 the parameter multiplies a derivative, so at zero the differential relation becomes an algebraic constraint rather than an undefined quotient"", ""contract_behavior"": ""algebraic_limit"", ""contract_confidence"": ""proven"", ""contract_source"": ""equation"", ""note"": ""the positivity rule does not apply: this component documents zero as a meaningful limit, so reporting a missing bound would contradict its contract""}",/data/mrumoca/eval/results_v3/aixlib/runtime_free.jsonl
aixlib,runtime-v3,AixLib.Obsolete.YearIndependent.FastHVAC.Examples.Sinks.SinkSourceVesselTest,7,physical-intent-question,low,False,advisory-or-explicit-non-defect,"{""domain"": ""fluid"", ""rule"": ""fluid.density.positive"", ""rule_origin"": ""mass per volume of a real fluid; density appears as a divisor throughout the Fluid library"", ""rule_reference"": """", ""matched_by"": {""quantity"": ""Density"", ""unit"": ""kg/m3"", ""confidence"": ""QUANTITY_AND_UNIT"", ""premise_state"": ""unknown"", ""authority"": ""quantity_or_unit"", ""canonical_declaration"": ""AixLib.Obsolete.YearIndependent.FastHVAC.Media.BaseClasses.MediumSimple.rho""}, ""required"": ""fluidSource.medium.rho > 0"", ""declared_min"": 0.0, ""variable_role"": ""parameter"", ""observation"": ""permissive-declaration"", ""premise_state"": ""unknown"", ""authority"": ""quantity_or_unit"", ""canonical_declaration"": ""AixLib.Obsolete.YearIndependent.FastHVAC.Media.BaseClasses.MediumSimple.rho"", ""question"": ""`fluidSource.medium.rho` is bounded only by min=0, which is unusual for a density \u2014 but nothing declares what this component is, so the analyzer cannot tell whether it is intended. Is it? If so, declare it: add a component contract, or a `[[contracts]]` entry naming the intended `sign_domain`. If not, bound the declaration.""}",/data/mrumoca/eval/results_v3/aixlib/runtime_free.jsonl
aixlib,runtime-v3,AixLib.Obsolete.YearIndependent.FastHVAC.Examples.Sinks.SinkSourceVesselTest,8,physical-intent-question,low,False,advisory-or-explicit-non-defect,"{""domain"": ""fluid"", ""rule"": ""fluid.density.positive"", ""rule_origin"": ""mass per volume of a real fluid; density appears as a divisor throughout the Fluid library"", ""rule_reference"": """", ""matched_by"": {""quantity"": ""Density"", ""unit"": ""kg/m3"", ""confidence"": ""QUANTITY_AND_UNIT"", ""premise_state"": ""unknown"", ""authority"": ""quantity_or_unit"", ""canonical_declaration"": ""AixLib.Obsolete.YearIndependent.FastHVAC.Media.BaseClasses.MediumSimple.rho""}, ""required"": ""source.medium.rho > 0"", ""declared_min"": 0.0, ""variable_role"": ""parameter"", ""observation"": ""permissive-declaration"", ""premise_state"": ""unknown"", ""authority"": ""quantity_or_unit"", ""canonical_declaration"": ""AixLib.Obsolete.YearIndependent.FastHVAC.Media.BaseClasses.MediumSimple.rho"", ""question"": ""`source.medium.rho` is bounded only by min=0, which is unusual for a density \u2014 but nothing declares what this component is, so the analyzer cannot tell whether it is intended. Is it? If so, declare it: add a component contract, or a `[[contracts]]` entry naming the intended `sign_domain`. If not, bound the declaration.""}",/data/mrumoca/eval/results_v3/aixlib/runtime_free.jsonl
aixlib,runtime-v3,AixLib.Obsolete.YearIndependent.FastHVAC.Examples.Sinks.SinkSourceVesselTest,9,physical-intent-question,low,False,advisory-or-explicit-non-defect,"{""domain"": ""fluid"", ""rule"": ""fluid.density.positive"", ""rule_origin"": ""mass per volume of a real fluid; density appears as a divisor throughout the Fluid library"", ""rule_reference"": """", ""matched_by"": {""quantity"": ""Density"", ""unit"": ""kg/m3"", ""confidence"": ""QUANTITY_AND_UNIT"", ""premise_state"": ""unknown"", ""authority"": ""quantity_or_unit"", ""canonical_declaration"": ""AixLib.Obsolete.YearIndependent.FastHVAC.Media.BaseClasses.MediumSimple.rho""}, ""required"": ""source.fluid.medium.rho > 0"", ""declared_min"": 0.0, ""variable_role"": ""parameter"", ""observation"": ""permissive-declaration"", ""premise_state"": ""unknown"", ""authority"": ""quantity_or_unit"", ""canonical_declaration"": ""AixLib.Obsolete.YearIndependent.FastHVAC.Media.BaseClasses.MediumSimple.rho"", ""question"": ""`source.fluid.medium.rho` is bounded only by min=0, which is unusual for a density \u2014 but nothing declares what this component is, so the analyzer cannot tell whether it is intended. Is it? If so, declare it: add a component contract, or a `[[contracts]]` entry naming the intended `sign_domain`. If not, bound the declaration.""}",/data/mrumoca/eval/results_v3/aixlib/runtime_free.jsonl
aixlib,runtime-v3,AixLib.Obsolete.YearIndependent.FastHVAC.Examples.Sinks.SinkSourceVesselTest,10,physical-zero-is-a-supported-limit,low,False,advisory-or-explicit-non-defect,"{""domain"": ""mechanical"", ""rule"": ""mech.mass.positive"", ""rule_origin"": ""m*a = f determines acceleration only for m > 0; negative mass is not a physical body"", ""rule_reference"": ""MSL Mechanics.Translational.Components.Mass"", ""matched_by"": {""quantity"": ""Mass"", ""unit"": ""kg"", ""confidence"": ""QUANTITY_AND_UNIT"", ""premise_state"": ""unknown"", ""authority"": ""quantity_or_unit"", ""canonical_declaration"": ""AixLib.Obsolete.YearIndependent.FastHVAC.BaseClasses.WorkingFluid.m_fluid""}, ""required"": ""source.fluid.m_fluid > 0"", ""declared_min"": 0.0, ""variable_role"": ""parameter"", ""premise_state"": ""refuted"", ""authority"": ""component_contract"", ""contract"": ""AixLib.Obsolete.YearIndependent.FastHVAC.BaseClasses.WorkingFluid.m_fluid: feature_disabled (proven, from equation) \u2014 the parameter appears only as a multiplier, so at zero the term it scales drops out and the rest of the model is unaffected"", ""contract_behavior"": ""feature_disabled"", ""contract_confidence"": ""proven"", ""contract_source"": ""equation"", ""note"": ""the positivity rule does not apply: this component documents zero as a meaningful limit, so reporting a missing bound would contradict its contract""}",/data/mrumoca/eval/results_v3/aixlib/runtime_free.jsonl
aixlib,runtime-v3,AixLib.Obsolete.YearIndependent.FastHVAC.Examples.Sinks.SinkSourceVesselTest,11,physical-zero-is-a-supported-limit,low,False,advisory-or-explicit-non-defect,"{""domain"": ""thermal"", ""rule"": ""thermal.heat_capacity.positive"", ""rule_origin"": ""C*dT = dQ; a non-positive heat capacity makes a body cool when heated"", ""rule_reference"": """", ""matched_by"": {""quantity"": ""HeatCapacity"", ""unit"": ""J/K"", ""confidence"": ""QUANTITY_AND_UNIT"", ""premise_state"": ""unknown"", ""authority"": ""quantity_or_unit"", ""canonical_declaration"": ""Modelica.Thermal.HeatTransfer.Components.HeatCapacitor.C""}, ""required"": ""source.fluid.heatCapacitor.C > 0"", ""declared_min"": null, ""variable_role"": ""parameter"", ""premise_state"": ""refuted"", ""authority"": ""component_contract"", ""contract"": ""Modelica.Thermal.HeatTransfer.Components.HeatCapacitor.C: algebraic_limit (proven, from equation) \u2014 the parameter multiplies a derivative, so at zero the differential relation becomes an algebraic constraint rather than an undefined quotient"", ""contract_behavior"": ""algebraic_limit"", ""contract_confidence"": ""proven"", ""contract_source"": ""equation"", ""note"": ""the positivity rule does not apply: this component documents zero as a meaningful limit, so reporting a missing bound would contradict its contract""}",/data/mrumoca/eval/results_v3/aixlib/runtime_free.jsonl
aixlib,runtime-v3,AixLib.Obsolete.YearIndependent.Utilities.HeatTransfer.HeatConvPipeInside,0,network-port-unconnected,low,True,execution-not-completed,"{""connector"": ""port_a"", ""component"": ""<top level>"", ""component_class"": ""unknown"", ""flows_forced_to_zero"": ""port_a.Q_flow"", ""note"": ""nothing is connected to this port, so MLS \u00a79.2 forces its flow to zero. That is correct for a component compiled on its own and is not a defect; it is recorded because it is the commonest reason a model looks structurally singular""}",/data/mrumoca/eval/results_v3/aixlib/runtime_free.jsonl
aixlib,runtime-v3,AixLib.Obsolete.YearIndependent.Utilities.HeatTransfer.HeatConvPipeInside,1,network-port-unconnected,low,True,execution-not-completed,"{""connector"": ""port_b"", ""component"": ""<top level>"", ""component_class"": ""unknown"", ""flows_forced_to_zero"": ""port_b.Q_flow"", ""note"": ""nothing is connected to this port, so MLS \u00a79.2 forces its flow to zero. That is correct for a component compiled on its own and is not a defect; it is recorded because it is the commonest reason a model looks structurally singular""}",/data/mrumoca/eval/results_v3/aixlib/runtime_free.jsonl
aixlib,runtime-v3,AixLib.Obsolete.YearIndependent.Utilities.HeatTransfer.HeatConvPipeInside,2,network-component-isolated,low,True,execution-not-completed,"{""component"": ""<top level>"", ""component_class"": ""unknown"", ""ports"": ""port_a, port_b"", ""note"": ""every port of this instance is unconnected, so it exchanges nothing with the rest of the model while still contributing its equations""}",/data/mrumoca/eval/results_v3/aixlib/runtime_free.jsonl
aixlib,runtime-v3,AixLib.Obsolete.YearIndependent.Utilities.HeatTransfer.HeatConvPipeInside,3,physical-zero-is-a-supported-limit,low,True,execution-not-completed,"{""domain"": ""fluid"", ""rule"": ""fluid.area.positive"", ""rule_origin"": ""a flow cross-section is a divisor in every velocity relation; zero area admits no flow and divides by zero"", ""rule_reference"": """", ""matched_by"": {""quantity"": ""Area"", ""unit"": ""m2"", ""confidence"": ""QUANTITY_AND_UNIT"", ""premise_state"": ""unknown"", ""authority"": ""quantity_or_unit"", ""canonical_declaration"": ""AixLib.Obsolete.YearIndependent.Utilities.HeatTransfer.HeatConvPipeInside.A_sur""}, ""required"": ""A_sur > 0"", ""declared_min"": 0.0, ""variable_role"": ""parameter"", ""premise_state"": ""refuted"", ""authority"": ""component_contract"", ""contract"": ""AixLib.Obsolete.YearIndependent.Utilities.HeatTransfer.HeatConvPipeInside.A_sur: feature_disabled (proven, from equation) \u2014 the parameter appears only as a multiplier, so at zero the term it scales drops out and the rest of the model is unaffected"", ""contract_behavior"": ""feature_disabled"", ""contract_confidence"": ""proven"", ""contract_source"": ""equation"", ""note"": ""the positivity rule does not apply: this component documents zero as a meaningful limit, so reporting a missing bound would contradict its contract""}",/data/mrumoca/eval/results_v3/aixlib/runtime_free.jsonl
aixlib,runtime-v3,AixLib.Obsolete.YearIndependent.Utilities.HeatTransfer.HeatConvPipeInside,4,physical-bound-permits-zero,low,True,execution-not-completed,"{""domain"": ""fluid"", ""rule"": ""fluid.density.positive"", ""rule_origin"": ""mass per volume of a real fluid; density appears as a divisor throughout the Fluid library"", ""rule_reference"": """", ""matched_by"": {""quantity"": ""Density"", ""unit"": ""kg/m3"", ""confidence"": ""QUANTITY_AND_UNIT"", ""premise_state"": ""unknown"", ""authority"": ""quantity_or_unit"", ""canonical_declaration"": ""AixLib.Obsolete.YearIndependent.FastHVAC.Media.BaseClasses.MediumSimple.rho""}, ""required"": ""medium.rho > 0"", ""declared_min"": 0.0, ""variable_role"": ""parameter"", ""premise_state"": ""established"", ""authority"": ""source_arithmetic"", ""canonical_declaration"": ""AixLib.Obsolete.YearIndependent.FastHVAC.Media.BaseClasses.MediumSimple.rho"", ""contract_source"": ""equation"", ""premise_reason"": ""a source equation divides by this parameter, so the value is excluded by arithmetic rather than by intent"", ""note"": ""the declaration explicitly permits zero (`min=0`); whether zero is actually admissible needs execution, and for Mass/Inertia it is not""}",/data/mrumoca/eval/results_v3/aixlib/runtime_free.jsonl
aixlib,runtime-v3,AixLib.Obsolete.YearIndependent.Utilities.HeatTransfer.HeatConvPipeInside,5,network-observation-incomplete,info,True,execution-not-completed,"{""reason"": ""missing or unsynchronized connector member observations"", ""note"": ""coverage gap, not a model defect""}",/data/mrumoca/eval/results_v3/aixlib/runtime_free.jsonl
aixlib,runtime-v3,AixLib.Obsolete.YearIndependent.Utilities.HeatTransfer.HeatConvPipeInside,6,initialization-failure,high,True,execution-not-completed,"{""failure_kind"": ""singular-system"", ""reason"": ""er.HeatConvPipeInside to t=1 with 17 trace point(s)... \u001b[31m\u001b[0m simulation failed: DAE structural proof failed: structurally singular \u001b[31m\u2502\u001b[0m system: 15 matched out of 16 equations and 16 unknowns"", ""raw"": ""reading /tmp/tmp_vv7_qhc/traced.rbc (bitcode v2, cbor) holding 1 free input(s) constant at their start values: m_flow=0 Simulating AixLib.Obsolete.YearIndependent.Utilities.HeatTransfer.HeatConvPipeInside to t=1 with 17 trace point(s)... \u001b[31m\u001b[0m simulation failed: DAE structural proof failed: structurally singular \u001b[31m\u2502\u001b[0m system: 15 matched out of 16 equations and 16 unknowns"", ""tool_side"": false}",/data/mrumoca/eval/results_v3/aixlib/runtime_free.jsonl
aixlib,runtime-v3,AixLib.Obsolete.YearIndependent.FastHVAC.Examples.Valves.ThreeWayValve,0,network-boundary-port,low,False,standalone-topology-not-defect-proof,"{""node"": ""dotm -- fluidSource -- temp"", ""boundary_connectors"": ""dotm, fluidSource, temp"", ""wired_to"": ""nothing"", ""note"": ""this connector belongs to the model itself, not to a component inside it: the model is an interface compiled on its own, so the node is open on one side. Nothing forces its flow, which is why a structural matching reports an unmatched unknown here. Not a defect in the model""}",/data/mrumoca/eval/results_v3/aixlib/runtime_free.jsonl
aixlib,runtime-v3,AixLib.Obsolete.YearIndependent.FastHVAC.Examples.Valves.ThreeWayValve,1,network-boundary-port,low,False,standalone-topology-not-defect-proof,"{""node"": ""sine -- threeWayValve"", ""boundary_connectors"": ""sine, threeWayValve"", ""wired_to"": ""nothing"", ""note"": ""this connector belongs to the model itself, not to a component inside it: the model is an interface compiled on its own, so the node is open on one side. Nothing forces its flow, which is why a structural matching reports an unmatched unknown here. Not a defect in the model""}",/data/mrumoca/eval/results_v3/aixlib/runtime_free.jsonl
aixlib,runtime-v3,AixLib.Obsolete.YearIndependent.FastHVAC.Examples.Valves.ThreeWayValve,2,physical-intent-question,low,False,advisory-or-explicit-non-defect,"{""domain"": ""fluid"", ""rule"": ""fluid.density.positive"", ""rule_origin"": ""mass per volume of a real fluid; density appears as a divisor throughout the Fluid library"", ""rule_reference"": """", ""matched_by"": {""quantity"": ""Density"", ""unit"": ""kg/m3"", ""confidence"": ""QUANTITY_AND_UNIT"", ""premise_state"": ""unknown"", ""authority"": ""quantity_or_unit"", ""canonical_declaration"": ""AixLib.Obsolete.YearIndependent.FastHVAC.Media.BaseClasses.MediumSimple.rho""}, ""required"": ""fluidSource.medium.rho > 0"", ""declared_min"": 0.0, ""variable_role"": ""parameter"", ""observation"": ""permissive-declaration"", ""premise_state"": ""unknown"", ""authority"": ""quantity_or_unit"", ""canonical_declaration"": ""AixLib.Obsolete.YearIndependent.FastHVAC.Media.BaseClasses.MediumSimple.rho"", ""question"": ""`fluidSource.medium.rho` is bounded only by min=0, which is unusual for a density \u2014 but nothing declares what this component is, so the analyzer cannot tell whether it is intended. Is it? If so, declare it: add a component contract, or a `[[contracts]]` entry naming the intended `sign_domain`. If not, bound the declaration.""}",/data/mrumoca/eval/results_v3/aixlib/runtime_free.jsonl
aixlib,runtime-v3,AixLib.Systems.HydraulicModules.Controller.CtrPump,0,network-boundary-port,low,False,standalone-topology-not-defect-proof,"{""node"": ""booleanConstant -- constRpmPump -- hydraulicBus.pumpBus"", ""boundary_connectors"": ""booleanConstant, constRpmPump"", ""wired_to"": ""hydraulicBus.pumpBus"", ""note"": ""this connector belongs to the model itself, not to a component inside it: the model is an interface compiled on its own, so the node is open on one side. Nothing forces its flow, which is why a structural matching reports an unmatched unknown here. Not a defect in the model""}",/data/mrumoca/eval/results_v3/aixlib/runtime_free.jsonl
aixlib,runtime-v3,AixLib.Systems.ScalableGenerationModules.ScalableBoiler.Controls.FeedbackControl,0,network-boundary-port,low,True,execution-not-completed,"{""node"": ""PIValve -- PIValve.Dzero -- PIValve.FFzero -- PIValve.I -- PIValve.P -- PIValve.addFF -- PIValve.addI -- PIValve.addP -- PIValve.addPID -- PIValve.addSat -- PIValve.gainPID -- PIValve.gainTrack -- PIValve.limiter -- TRetMea -- TSetReturn -- gain1 -- gain2 -- yValve"", ""boundary_connectors"": ""PIValve, TRetMea, TSetReturn, gain1, gain2, yValve"", ""wired_to"": ""PIValve.Dzero, PIValve.FFzero, PIValve.I, PIValve.P, PIValve.addFF, PIValve.addI, PIValve.addP, PIValve.addPID, PIValve.addSat, PIValve.gainPID, PIValve.gainTrack, PIValve.limiter"", ""note"": ""this connector belongs to the model itself, not to a component inside it: the model is an interface compiled on its own, so the node is open on one side. Nothing forces its flow, which is why a structural matching reports an unmatched unknown here. Not a defect in the model""}",/data/mrumoca/eval/results_v3/aixlib/runtime_free.jsonl
aixlib,runtime-v3,AixLib.Systems.ScalableGenerationModules.ScalableBoiler.Controls.FeedbackControl,1,network-observation-incomplete,info,True,execution-not-completed,"{""reason"": ""missing or unsynchronized connector member observations"", ""note"": ""coverage gap, not a model defect""}",/data/mrumoca/eval/results_v3/aixlib/runtime_free.jsonl
aixlib,runtime-v3,AixLib.Systems.ScalableGenerationModules.ScalableBoiler.Controls.FeedbackControl,2,initialization-failure,high,True,execution-not-completed,"{""failure_kind"": ""unknown"", ""reason"": ""calableGenerationModules.ScalableBoiler.Controls.FeedbackControl to t=1 with 43 trace point(s)... \u001b[31m\u001b[0m simulation failed: parameter `TRetNom` has neither a binding nor an initial \u001b[31m\u2502\u001b[0m value"", ""raw"": ""reading /tmp/tmpqfohdoej/traced.rbc (bitcode v2, cbor) holding 1 free input(s) constant at their start values: TRetMea=0 Simulating AixLib.Systems.ScalableGenerationModules.ScalableBoiler.Controls.FeedbackControl to t=1 with 43 trace point(s)... \u001b[31m\u001b[0m simulation failed: parameter `TRetNom` has neither a binding nor an initial \u001b[31m\u2502\u001b[0m value"", ""tool_side"": false}",/data/mrumoca/eval/results_v3/aixlib/runtime_free.jsonl
aixlib,runtime-v3,AixLib.Systems.ScalableGenerationModules.ScalableBoiler.Controls.InternalFirRatControl,0,network-boundary-port,low,True,hold-input-contract-validation,"{""node"": ""PID -- PID.Dzero -- PID.FFzero -- PID.I -- PID.P -- PID.addFF -- PID.addI -- PID.addP -- PID.addPID -- PID.addSat -- PID.gainPID -- PID.gainTrack -- PID.limiter -- TFlowMea -- TSupSet -- yFirRatSet"", ""boundary_connectors"": ""PID, TFlowMea, TSupSet, yFirRatSet"", ""wired_to"": ""PID.Dzero, PID.FFzero, PID.I, PID.P, PID.addFF, PID.addI, PID.addP, PID.addPID, PID.addSat, PID.gainPID, PID.gainTrack, PID.limiter"", ""note"": ""this connector belongs to the model itself, not to a component inside it: the model is an interface compiled on its own, so the node is open on one side. Nothing forces its flow, which is why a structural matching reports an unmatched unknown here. Not a defect in the model""}",/data/mrumoca/eval/results_v3/aixlib/runtime_free.jsonl
aixlib,runtime-v3,AixLib.Systems.ScalableGenerationModules.ScalableBoiler.Controls.SafetyControl,0,network-boundary-port,low,True,hold-input-contract-validation,"{""node"": ""TSupMaxExp -- TSupMea -- devStaDel -- devStaDel.and1 -- devStaDel.and2 -- devStaDel.change_input -- devStaDel.change_output -- devStaDel.logicalSwitch_hold -- devStaDel.logicalSwitch_onOffTimer -- devStaDel.minOff -- devStaDel.minOn -- devStaDel.not1 -- devStaDel.or1 -- devStaDel.or2 -- devStaDel.pre_hold -- devStaDel.pre_onHold -- devStaDel.pre_reset -- devStaDel.rSFlipFlop -- devStaDel.rSFlipFlop.nor -- devStaDel.rSFlipFlop.nor1 -- devStaDel.rSFlipFlop.pre -- devStaDel.timer -- greater -- isOn -- isOnSet"", ""boundary_connectors"": ""TSupMaxExp, TSupMea, devStaDel, greater, isOn, isOnSet"", ""wired_to"": ""devStaDel.and1, devStaDel.and2, devStaDel.change_input, devStaDel.change_output, devStaDel.logicalSwitch_hold, devStaDel.logicalSwitch_onOffTimer, devStaDel.minOff, devStaDel.minOn, devStaDel.not1, devStaDel.or1, devStaDel.or2, devStaDel.pre_hold, devStaDel.pre_onHold, devStaDel.pre_reset, devStaDel.rSFlipFlop, devStaDel.rSFlipFlop.nor, devStaDel.rSFlipFlop.nor1, devStaDel.rSFlipFlop.pre, devStaDel.timer"", ""note"": ""this connector belongs to the model itself, not to a component inside it: the model is an interface compiled on its own, so the node is open on one side. Nothing forces its flow, which is why a structural matching reports an unmatched unknown here. Not a defect in the model""}",/data/mrumoca/eval/results_v3/aixlib/runtime_free.jsonl
aixlib,runtime-v3,AixLib.ThermalZones.HighOrder.Components.DryAir.Airload,0,network-port-unconnected,low,False,execution-not-completed,"{""connector"": ""port"", ""component"": ""<top level>"", ""component_class"": ""unknown"", ""flows_forced_to_zero"": ""port.Q_flow"", ""note"": ""nothing is connected to this port, so MLS \u00a79.2 forces its flow to zero. That is correct for a component compiled on its own and is not a defect; it is recorded because it is the commonest reason a model looks structurally singular""}",/data/mrumoca/eval/results_v3/aixlib/runtime_free.jsonl
aixlib,runtime-v3,AixLib.ThermalZones.HighOrder.Components.DryAir.Airload,1,network-component-isolated,low,False,execution-not-completed,"{""component"": ""<top level>"", ""component_class"": ""unknown"", ""ports"": ""port"", ""note"": ""every port of this instance is unconnected, so it exchanges nothing with the rest of the model while still contributing its equations""}",/data/mrumoca/eval/results_v3/aixlib/runtime_free.jsonl
aixlib,runtime-v3,AixLib.ThermalZones.HighOrder.Components.DryAir.Airload,2,physical-zero-is-a-supported-limit,low,False,execution-not-completed,"{""domain"": ""thermal"", ""rule"": ""thermal.heat_capacity.positive"", ""rule_origin"": ""C*dT = dQ; a non-positive heat capacity makes a body cool when heated"", ""rule_reference"": """", ""matched_by"": {""quantity"": ""HeatCapacity"", ""unit"": ""J/K"", ""confidence"": ""QUANTITY_AND_UNIT"", ""premise_state"": ""unknown"", ""authority"": ""quantity_or_unit"", ""canonical_declaration"": ""AixLib.ThermalZones.HighOrder.Components.DryAir.Airload.C""}, ""required"": ""C > 0"", ""declared_min"": null, ""variable_role"": ""parameter"", ""premise_state"": ""refuted"", ""authority"": ""component_contract"", ""contract"": ""AixLib.ThermalZones.HighOrder.Components.DryAir.Airload.C: algebraic_limit (proven, from equation) \u2014 the parameter multiplies a derivative, so at zero the differential relation becomes an algebraic constraint rather than an undefined quotient"", ""contract_behavior"": ""algebraic_limit"", ""contract_confidence"": ""proven"", ""contract_source"": ""equation"", ""note"": ""the positivity rule does not apply: this component documents zero as a meaningful limit, so reporting a missing bound would contradict its contract""}",/data/mrumoca/eval/results_v3/aixlib/runtime_free.jsonl
aixlib,runtime-v3,AixLib.ThermalZones.HighOrder.Components.DryAir.Airload,3,physical-zero-is-a-supported-limit,low,False,execution-not-completed,"{""domain"": ""fluid"", ""rule"": ""fluid.density.positive"", ""rule_origin"": ""mass per volume of a real fluid; density appears as a divisor throughout the Fluid library"", ""rule_reference"": """", ""matched_by"": {""quantity"": ""Density"", ""unit"": ""kg/m3"", ""confidence"": ""QUANTITY_AND_UNIT"", ""premise_state"": ""unknown"", ""authority"": ""quantity_or_unit"", ""canonical_declaration"": ""AixLib.ThermalZones.HighOrder.Components.DryAir.Airload.rho""}, ""required"": ""rho > 0"", ""declared_min"": 0.0, ""variable_role"": ""parameter"", ""premise_state"": ""refuted"", ""authority"": ""component_contract"", ""contract"": ""AixLib.ThermalZones.HighOrder.Components.DryAir.Airload.rho: feature_disabled (proven, from equation) \u2014 the parameter appears only as a multiplier, so at zero the term it scales drops out and the rest of the model is unaffected"", ""contract_behavior"": ""feature_disabled"", ""contract_confidence"": ""proven"", ""contract_source"": ""equation"", ""note"": ""the positivity rule does not apply: this component documents zero as a meaningful limit, so reporting a missing bound would contradict its contract""}",/data/mrumoca/eval/results_v3/aixlib/runtime_free.jsonl
aixlib,runtime-v3,AixLib.ThermalZones.HighOrder.Components.DryAir.Airload,4,network-observation-incomplete,info,False,execution-not-completed,"{""reason"": ""missing or unsynchronized connector member observations"", ""note"": ""coverage gap, not a model defect""}",/data/mrumoca/eval/results_v3/aixlib/runtime_free.jsonl
aixlib,runtime-v3,AixLib.ThermalZones.HighOrder.Components.DryAir.Airload,5,initialization-failure,high,False,execution-not-completed,"{""failure_kind"": ""unknown"", ""reason"": ""tcode v2, cbor) Simulating AixLib.ThermalZones.HighOrder.Components.DryAir.Airload to t=1 with 4 trace point(s)... \u001b[31m\u001b[0m simulation failed: parameter `V` has neither a binding nor an initial value"", ""raw"": ""reading /tmp/tmpl63j7z6b/traced.rbc (bitcode v2, cbor) Simulating AixLib.ThermalZones.HighOrder.Components.DryAir.Airload to t=1 with 4 trace point(s)... \u001b[31m\u001b[0m simulation failed: parameter `V` has neither a binding nor an initial value"", ""tool_side"": false}",/data/mrumoca/eval/results_v3/aixlib/runtime_free.jsonl
aixlib,runtime-v3,AixLib.ThermalZones.HighOrder.Components.DryAir.InfiltrationRate_DIN12831,0,network-port-unconnected,low,False,execution-not-completed,"{""connector"": ""port_a"", ""component"": ""<top level>"", ""component_class"": ""unknown"", ""flows_forced_to_zero"": ""port_a.Q_flow"", ""note"": ""nothing is connected to this port, so MLS \u00a79.2 forces its flow to zero. That is correct for a component compiled on its own and is not a defect; it is recorded because it is the commonest reason a model looks structurally singular""}",/data/mrumoca/eval/results_v3/aixlib/runtime_free.jsonl
aixlib,runtime-v3,AixLib.ThermalZones.HighOrder.Components.DryAir.InfiltrationRate_DIN12831,1,network-port-unconnected,low,False,execution-not-completed,"{""connector"": ""port_b"", ""component"": ""<top level>"", ""component_class"": ""unknown"", ""flows_forced_to_zero"": ""port_b.Q_flow"", ""note"": ""nothing is connected to this port, so MLS \u00a79.2 forces its flow to zero. That is correct for a component compiled on its own and is not a defect; it is recorded because it is the commonest reason a model looks structurally singular""}",/data/mrumoca/eval/results_v3/aixlib/runtime_free.jsonl
aixlib,runtime-v3,AixLib.ThermalZones.HighOrder.Components.DryAir.InfiltrationRate_DIN12831,2,network-component-isolated,low,False,execution-not-completed,"{""component"": ""<top level>"", ""component_class"": ""unknown"", ""ports"": ""port_a, port_b"", ""note"": ""every port of this instance is unconnected, so it exchanges nothing with the rest of the model while still contributing its equations""}",/data/mrumoca/eval/results_v3/aixlib/runtime_free.jsonl
aixlib,runtime-v3,AixLib.ThermalZones.HighOrder.Components.DryAir.InfiltrationRate_DIN12831,3,physical-zero-is-a-supported-limit,low,False,execution-not-completed,"{""domain"": ""fluid"", ""rule"": ""fluid.density.positive"", ""rule_origin"": ""mass per volume of a real fluid; density appears as a divisor throughout the Fluid library"", ""rule_reference"": """", ""matched_by"": {""quantity"": ""Density"", ""unit"": ""kg/m3"", ""confidence"": ""QUANTITY_AND_UNIT"", ""premise_state"": ""unknown"", ""authority"": ""quantity_or_unit"", ""canonical_declaration"": ""AixLib.ThermalZones.HighOrder.Components.DryAir.InfiltrationRate_DIN12831.rho""}, ""required"": ""rho > 0"", ""declared_min"": 0.0, ""variable_role"": ""parameter"", ""premise_state"": ""refuted"", ""authority"": ""component_contract"", ""contract"": ""AixLib.ThermalZones.HighOrder.Components.DryAir.InfiltrationRate_DIN12831.rho: feature_disabled (proven, from equation) \u2014 the parameter appears only as a multiplier, so at zero the term it scales drops out and the rest of the model is unaffected"", ""contract_behavior"": ""feature_disabled"", ""contract_confidence"": ""proven"", ""contract_source"": ""equation"", ""note"": ""the positivity rule does not apply: this component documents zero as a meaningful limit, so reporting a missing bound would contradict its contract""}",/data/mrumoca/eval/results_v3/aixlib/runtime_free.jsonl
aixlib,runtime-v3,AixLib.ThermalZones.HighOrder.Components.DryAir.InfiltrationRate_DIN12831,4,network-observation-incomplete,info,False,execution-not-completed,"{""reason"": ""missing or unsynchronized connector member observations"", ""note"": ""coverage gap, not a model defect""}",/data/mrumoca/eval/results_v3/aixlib/runtime_free.jsonl
aixlib,runtime-v3,AixLib.ThermalZones.HighOrder.Components.DryAir.InfiltrationRate_DIN12831,5,initialization-failure,high,False,execution-not-completed,"{""failure_kind"": ""singular-system"", ""reason"": ""InfiltrationRate_DIN12831 to t=1 with 6 trace point(s)... \u001b[31m\u001b[0m simulation failed: DAE structural proof failed: structurally singular \u001b[31m\u2502\u001b[0m system: 5 matched out of 6 equations and 6 unknowns"", ""raw"": ""reading /tmp/tmpaxjec0xz/traced.rbc (bitcode v2, cbor) Simulating AixLib.ThermalZones.HighOrder.Components.DryAir.InfiltrationRate_DIN12831 to t=1 with 6 trace point(s)... \u001b[31m\u001b[0m simulation failed: DAE structural proof failed: structurally singular \u001b[31m\u2502\u001b[0m system: 5 matched out of 6 equations and 6 unknowns"", ""tool_side"": false}",/data/mrumoca/eval/results_v3/aixlib/runtime_free.jsonl
aixlib,runtime-v3,AixLib.ThermalZones.HighOrder.Components.DryAir.DynamicVentilation,0,network-boundary-port,low,False,execution-not-completed,"{""node"": ""Sensor_Tinside.port -- pITemp.heatPort -- pITemp.temperatureSensor.port -- port_inside -- varAirExchange.port_b"", ""boundary_connectors"": ""port_inside"", ""wired_to"": ""Sensor_Tinside.port, pITemp.heatPort, pITemp.temperatureSensor.port, varAirExchange.port_b"", ""note"": ""this connector belongs to the model itself, not to a component inside it: the model is an interface compiled on its own, so the node is open on one side. Nothing forces its flow, which is why a structural matching reports an unmatched unknown here. Not a defect in the model""}",/data/mrumoca/eval/results_v3/aixlib/runtime_free.jsonl
aixlib,runtime-v3,AixLib.ThermalZones.HighOrder.Components.DryAir.DynamicVentilation,1,network-boundary-port,low,False,execution-not-completed,"{""node"": ""Sensor_Toutside.port -- port_outside -- varAirExchange.port_a"", ""boundary_connectors"": ""port_outside"", ""wired_to"": ""Sensor_Toutside.port, varAirExchange.port_a"", ""note"": ""this connector belongs to the model itself, not to a component inside it: the model is an interface compiled on its own, so the node is open on one side. Nothing forces its flow, which is why a structural matching reports an unmatched unknown here. Not a defect in the model""}",/data/mrumoca/eval/results_v3/aixlib/runtime_free.jsonl
aixlib,runtime-v3,AixLib.ThermalZones.HighOrder.Components.DryAir.DynamicVentilation,2,network-boundary-port,low,False,execution-not-completed,"{""node"": ""Colder_and_HeatingLimit -- Higher_HeatingLimit -- Input_Tset -- Inverter -- Sensor_Tinside -- Sensor_Toutside -- Source_Tdiff -- less -- multiSum -- pITemp -- pITemp.PI -- pITemp.PI.Dzero -- pITemp.PI.FFzero -- pITemp.PI.I -- pITemp.PI.P -- pITemp.PI.addFF -- pITemp.PI.addI -- pITemp.PI.addP -- pITemp.PI.addPID -- pITemp.PI.addSat -- pITemp.PI.gainPID -- pITemp.PI.gainTrack -- pITemp.PI.limiter -- pITemp.product -- pITemp.switch1 -- pITemp.switch2 -- pITemp.temperatureSensor -- pITemp.triggeredTrapezoid -- varAirExchange"", ""boundary_connectors"": ""Colder_and_HeatingLimit, Higher_HeatingLimit, Input_Tset, Inverter, Sensor_Tinside, Sensor_Toutside, Source_Tdiff, less, multiSum, pITemp, varAirExchange"", ""wired_to"": ""pITemp.PI, pITemp.PI.Dzero, pITemp.PI.FFzero, pITemp.PI.I, pITemp.PI.P, pITemp.PI.addFF, pITemp.PI.addI, pITemp.PI.addP, pITemp.PI.addPID, pITemp.PI.addSat, pITemp.PI.gainPID, pITemp.PI.gainTrack, pITemp.PI.limiter, pITemp.product, pITemp.switch1, pITemp.switch2, pITemp.temperatureSensor, pITemp.triggeredTrapezoid"", ""note"": ""this connector belongs to the model itself, not to a component inside it: the model is an interface compiled on its own, so the node is open on one side. Nothing forces its flow, which is why a structural matching reports an unmatched unknown here. Not a defect in the model""}",/data/mrumoca/eval/results_v3/aixlib/runtime_free.jsonl
aixlib,runtime-v3,AixLib.ThermalZones.HighOrder.Components.DryAir.DynamicVentilation,3,physical-zero-is-a-supported-limit,low,False,execution-not-completed,"{""domain"": ""fluid"", ""rule"": ""fluid.density.positive"", ""rule_origin"": ""mass per volume of a real fluid; density appears as a divisor throughout the Fluid library"", ""rule_reference"": """", ""matched_by"": {""quantity"": ""Density"", ""unit"": ""kg/m3"", ""confidence"": ""QUANTITY_AND_UNIT"", ""premise_state"": ""unknown"", ""authority"": ""quantity_or_unit"", ""canonical_declaration"": ""AixLib.ThermalZones.HighOrder.Components.DryAir.VarAirExchange.rho""}, ""required"": ""varAirExchange.rho > 0"", ""declared_min"": 0.0, ""variable_role"": ""parameter"", ""premise_state"": ""refuted"", ""authority"": ""component_contract"", ""contract"": ""AixLib.ThermalZones.HighOrder.Components.DryAir.VarAirExchange.rho: feature_disabled (proven, from equation) \u2014 the parameter appears only as a multiplier, so at zero the term it scales drops out and the rest of the model is unaffected"", ""contract_behavior"": ""feature_disabled"", ""contract_confidence"": ""proven"", ""contract_source"": ""equation"", ""note"": ""the positivity rule does not apply: this component documents zero as a meaningful limit, so reporting a missing bound would contradict its contract""}",/data/mrumoca/eval/results_v3/aixlib/runtime_free.jsonl
aixlib,runtime-v3,AixLib.ThermalZones.HighOrder.Components.DryAir.DynamicVentilation,4,network-observation-incomplete,info,False,execution-not-completed,"{""reason"": ""missing or unsynchronized connector member observations"", ""note"": ""coverage gap, not a model defect""}",/data/mrumoca/eval/results_v3/aixlib/runtime_free.jsonl
aixlib,runtime-v3,AixLib.ThermalZones.HighOrder.Components.DryAir.DynamicVentilation,5,initialization-failure,high,False,execution-not-completed,"{""failure_kind"": ""singular-system"", ""reason"": ""ir.DynamicVentilation to t=1 with 91 trace point(s)... \u001b[31m\u001b[0m simulation failed: DAE structural proof failed: structurally singular \u001b[31m\u2502\u001b[0m system: 78 matched out of 79 equations and 79 unknowns"", ""raw"": ""reading /tmp/tmp5o0xlf15/traced.rbc (bitcode v2, cbor) Simulating AixLib.ThermalZones.HighOrder.Components.DryAir.DynamicVentilation to t=1 with 91 trace point(s)... \u001b[31m\u001b[0m simulation failed: DAE structural proof failed: structurally singular \u001b[31m\u2502\u001b[0m system: 78 matched out of 79 equations and 79 unknowns"", ""tool_side"": false}",/data/mrumoca/eval/results_v3/aixlib/runtime_free.jsonl
aixlib,runtime-v3,AixLib.ThermalZones.HighOrder.Components.DryAir.VarAirExchange,0,network-port-unconnected,low,True,execution-not-completed,"{""connector"": ""port_a"", ""component"": ""<top level>"", ""component_class"": ""unknown"", ""flows_forced_to_zero"": ""port_a.Q_flow"", ""note"": ""nothing is connected to this port, so MLS \u00a79.2 forces its flow to zero. That is correct for a component compiled on its own and is not a defect; it is recorded because it is the commonest reason a model looks structurally singular""}",/data/mrumoca/eval/results_v3/aixlib/runtime_free.jsonl
aixlib,runtime-v3,AixLib.ThermalZones.HighOrder.Components.DryAir.VarAirExchange,1,network-port-unconnected,low,True,execution-not-completed,"{""connector"": ""port_b"", ""component"": ""<top level>"", ""component_class"": ""unknown"", ""flows_forced_to_zero"": ""port_b.Q_flow"", ""note"": ""nothing is connected to this port, so MLS \u00a79.2 forces its flow to zero. That is correct for a component compiled on its own and is not a defect; it is recorded because it is the commonest reason a model looks structurally singular""}",/data/mrumoca/eval/results_v3/aixlib/runtime_free.jsonl
aixlib,runtime-v3,AixLib.ThermalZones.HighOrder.Components.DryAir.VarAirExchange,2,network-component-isolated,low,True,execution-not-completed,"{""component"": ""<top level>"", ""component_class"": ""unknown"", ""ports"": ""port_a, port_b"", ""note"": ""every port of this instance is unconnected, so it exchanges nothing with the rest of the model while still contributing its equations""}",/data/mrumoca/eval/results_v3/aixlib/runtime_free.jsonl
aixlib,runtime-v3,AixLib.ThermalZones.HighOrder.Components.DryAir.VarAirExchange,3,physical-zero-is-a-supported-limit,low,True,execution-not-completed,"{""domain"": ""fluid"", ""rule"": ""fluid.density.positive"", ""rule_origin"": ""mass per volume of a real fluid; density appears as a divisor throughout the Fluid library"", ""rule_reference"": """", ""matched_by"": {""quantity"": ""Density"", ""unit"": ""kg/m3"", ""confidence"": ""QUANTITY_AND_UNIT"", ""premise_state"": ""unknown"", ""authority"": ""quantity_or_unit"", ""canonical_declaration"": ""AixLib.ThermalZones.HighOrder.Components.DryAir.VarAirExchange.rho""}, ""required"": ""rho > 0"", ""declared_min"": 0.0, ""variable_role"": ""parameter"", ""premise_state"": ""refuted"", ""authority"": ""component_contract"", ""contract"": ""AixLib.ThermalZones.HighOrder.Components.DryAir.VarAirExchange.rho: feature_disabled (proven, from equation) \u2014 the parameter appears only as a multiplier, so at zero the term it scales drops out and the rest of the model is unaffected"", ""contract_behavior"": ""feature_disabled"", ""contract_confidence"": ""proven"", ""contract_source"": ""equation"", ""note"": ""the positivity rule does not apply: this component documents zero as a meaningful limit, so reporting a missing bound would contradict its contract""}",/data/mrumoca/eval/results_v3/aixlib/runtime_free.jsonl
aixlib,runtime-v3,AixLib.ThermalZones.HighOrder.Components.DryAir.VarAirExchange,4,network-observation-incomplete,info,True,execution-not-completed,"{""reason"": ""missing or unsynchronized connector member observations"", ""note"": ""coverage gap, not a model defect""}",/data/mrumoca/eval/results_v3/aixlib/runtime_free.jsonl
aixlib,runtime-v3,AixLib.ThermalZones.HighOrder.Components.DryAir.VarAirExchange,5,initialization-failure,high,True,execution-not-completed,"{""failure_kind"": ""singular-system"", ""reason"": ""nts.DryAir.VarAirExchange to t=1 with 7 trace point(s)... \u001b[31m\u001b[0m simulation failed: DAE structural proof failed: structurally singular \u001b[31m\u2502\u001b[0m system: 5 matched out of 6 equations and 6 unknowns"", ""raw"": ""reading /tmp/tmpreu04vfw/traced.rbc (bitcode v2, cbor) holding 1 free input(s) constant at their start values: ventRate=0 Simulating AixLib.ThermalZones.HighOrder.Components.DryAir.VarAirExchange to t=1 with 7 trace point(s)... \u001b[31m\u001b[0m simulation failed: DAE structural proof failed: structurally singular \u001b[31m\u2502\u001b[0m system: 5 matched out of 6 equations and 6 unknowns"", ""tool_side"": false}",/data/mrumoca/eval/results_v3/aixlib/runtime_free.jsonl
aixlib,runtime-v3,AixLib.ThermalZones.HighOrder.Components.Examples.WindowsDoors.DoorSimple,0,physical-zero-is-a-supported-limit,low,False,advisory-or-explicit-non-defect,"{""domain"": ""fluid"", ""rule"": ""fluid.area.positive"", ""rule_origin"": ""a flow cross-section is a divisor in every velocity relation; zero area admits no flow and divides by zero"", ""rule_reference"": """", ""matched_by"": {""quantity"": ""Area"", ""unit"": ""m2"", ""confidence"": ""QUANTITY_AND_UNIT"", ""premise_state"": ""unknown"", ""authority"": ""quantity_or_unit"", ""canonical_declaration"": ""AixLib.ThermalZones.HighOrder.Components.WindowsDoors.Door.door_area""}, ""required"": ""doorSimple.door_area > 0"", ""declared_min"": null, ""variable_role"": ""parameter"", ""premise_state"": ""refuted"", ""authority"": ""component_contract"", ""contract"": ""AixLib.ThermalZones.HighOrder.Components.WindowsDoors.Door.door_area: feature_disabled (proven, from equation) \u2014 the parameter appears only as a multiplier, so at zero the term it scales drops out and the rest of the model is unaffected"", ""contract_behavior"": ""feature_disabled"", ""contract_confidence"": ""proven"", ""contract_source"": ""equation"", ""note"": ""the positivity rule does not apply: this component documents zero as a meaningful limit, so reporting a missing bound would contradict its contract""}",/data/mrumoca/eval/results_v3/aixlib/runtime_free.jsonl
aixlib,runtime-v3,AixLib.ThermalZones.HighOrder.Components.Examples.WindowsDoors.DoorSimple,1,physical-intent-question,low,False,advisory-or-explicit-non-defect,"{""domain"": ""fluid"", ""rule"": ""fluid.area.positive"", ""rule_origin"": ""a flow cross-section is a divisor in every velocity relation; zero area admits no flow and divides by zero"", ""rule_reference"": """", ""matched_by"": {""quantity"": ""Area"", ""unit"": ""m2"", ""confidence"": ""QUANTITY_AND_UNIT"", ""premise_state"": ""unknown"", ""authority"": ""quantity_or_unit"", ""canonical_declaration"": ""AixLib.Utilities.HeatTransfer.HeatToRad.A""}, ""required"": ""doorSimple.twoStar_RadEx.A > 0"", ""declared_min"": null, ""variable_role"": ""parameter"", ""observation"": ""permissive-declaration"", ""premise_state"": ""unknown"", ""authority"": ""quantity_or_unit"", ""canonical_declaration"": ""AixLib.Utilities.HeatTransfer.HeatToRad.A"", ""question"": ""`doorSimple.twoStar_RadEx.A` carries no bound that would exclude it, which is unusual for an area \u2014 but nothing declares what this component is, so the analyzer cannot tell whether it is intended. Is it? If so, declare it: add a component contract, or a `[[contracts]]` entry naming the intended `sign_domain`. If not, bound the declaration.""}",/data/mrumoca/eval/results_v3/aixlib/runtime_free.jsonl
aixlib,runtime-v3,AixLib.ThermalZones.HighOrder.Components.Examples.WindowsDoors.DoorSimple,2,physical-zero-is-a-supported-limit,low,False,advisory-or-explicit-non-defect,"{""domain"": ""thermal"", ""rule"": ""thermal.conductance.positive"", ""rule_origin"": ""heat flows from hot to cold; G <= 0 reverses the second law"", ""rule_reference"": """", ""matched_by"": {""quantity"": ""ThermalConductance"", ""unit"": ""W/K"", ""confidence"": ""QUANTITY_AND_UNIT"", ""premise_state"": ""unknown"", ""authority"": ""quantity_or_unit"", ""canonical_declaration"": ""Modelica.Thermal.HeatTransfer.Components.ThermalConductor.G""}, ""required"": ""doorSimple.HeatTrans.G > 0"", ""declared_min"": null, ""variable_role"": ""parameter"", ""premise_state"": ""refuted"", ""authority"": ""component_contract"", ""contract"": ""Modelica.Thermal.HeatTransfer.Components.ThermalConductor.G: feature_disabled (proven, from equation) \u2014 the parameter appears only as a multiplier, so at zero the term it scales drops out and the rest of the model is unaffected"", ""contract_behavior"": ""feature_disabled"", ""contract_confidence"": ""proven"", ""contract_source"": ""equation"", ""note"": ""the positivity rule does not apply: this component documents zero as a meaningful limit, so reporting a missing bound would contradict its contract""}",/data/mrumoca/eval/results_v3/aixlib/runtime_free.jsonl
aixlib,runtime-v3,AixLib.ThermalZones.HighOrder.Components.Examples.WindowsDoors.DoorSimple,3,physical-intent-question,low,False,advisory-or-explicit-non-defect,"{""domain"": ""fluid"", ""rule"": ""fluid.area.positive"", ""rule_origin"": ""a flow cross-section is a divisor in every velocity relation; zero area admits no flow and divides by zero"", ""rule_reference"": """", ""matched_by"": {""quantity"": ""Area"", ""unit"": ""m2"", ""confidence"": ""QUANTITY_AND_UNIT"", ""premise_state"": ""unknown"", ""authority"": ""quantity_or_unit"", ""canonical_declaration"": ""AixLib.Utilities.HeatTransfer.HeatToRad.A""}, ""required"": ""doorSimple.twoStar_RadEx1.A > 0"", ""declared_min"": null, ""variable_role"": ""parameter"", ""observation"": ""permissive-declaration"", ""premise_state"": ""unknown"", ""authority"": ""quantity_or_unit"", ""canonical_declaration"": ""AixLib.Utilities.HeatTransfer.HeatToRad.A"", ""question"": ""`doorSimple.twoStar_RadEx1.A` carries no bound that would exclude it, which is unusual for an area \u2014 but nothing declares what this component is, so the analyzer cannot tell whether it is intended. Is it? If so, declare it: add a component contract, or a `[[contracts]]` entry naming the intended `sign_domain`. If not, bound the declaration.""}",/data/mrumoca/eval/results_v3/aixlib/runtime_free.jsonl
aixlib,runtime-v3,AixLib.ThermalZones.HighOrder.Components.Examples.WindowsDoors.WindowSimple,0,network-boundary-port,low,False,execution-not-completed,"{""node"": ""SolarRadiation -- varRad"", ""boundary_connectors"": ""SolarRadiation, varRad"", ""wired_to"": ""nothing"", ""note"": ""this connector belongs to the model itself, not to a component inside it: the model is an interface compiled on its own, so the node is open on one side. Nothing forces its flow, which is why a structural matching reports an unmatched unknown here. Not a defect in the model""}",/data/mrumoca/eval/results_v3/aixlib/runtime_free.jsonl
aixlib,runtime-v3,AixLib.ThermalZones.HighOrder.Components.Examples.WindowsDoors.WindowSimple,1,physical-zero-is-a-supported-limit,low,False,execution-not-completed,"{""domain"": ""fluid"", ""rule"": ""fluid.area.positive"", ""rule_origin"": ""a flow cross-section is a divisor in every velocity relation; zero area admits no flow and divides by zero"", ""rule_reference"": """", ""matched_by"": {""quantity"": ""Area"", ""unit"": ""m2"", ""confidence"": ""QUANTITY_AND_UNIT"", ""premise_state"": ""unknown"", ""authority"": ""quantity_or_unit"", ""canonical_declaration"": ""AixLib.ThermalZones.HighOrder.Components.WindowsDoors.WindowSimple.windowarea""}, ""required"": ""windowSimple.windowarea > 0"", ""declared_min"": null, ""variable_role"": ""parameter"", ""premise_state"": ""refuted"", ""authority"": ""component_contract"", ""contract"": ""AixLib.ThermalZones.HighOrder.Components.WindowsDoors.WindowSimple.windowarea: feature_disabled (proven, from equation) \u2014 the parameter appears only as a multiplier, so at zero the term it scales drops out and the rest of the model is unaffected"", ""contract_behavior"": ""feature_disabled"", ""contract_confidence"": ""proven"", ""contract_source"": ""equation"", ""note"": ""the positivity rule does not apply: this component documents zero as a meaningful limit, so reporting a missing bound would contradict its contract""}",/data/mrumoca/eval/results_v3/aixlib/runtime_free.jsonl
aixlib,runtime-v3,AixLib.ThermalZones.HighOrder.Components.Examples.WindowsDoors.WindowSimple,2,physical-zero-is-a-supported-limit,low,False,execution-not-completed,"{""domain"": ""thermal"", ""rule"": ""thermal.conductance.positive"", ""rule_origin"": ""heat flows from hot to cold; G <= 0 reverses the second law"", ""rule_reference"": """", ""matched_by"": {""quantity"": ""ThermalConductance"", ""unit"": ""W/K"", ""confidence"": ""QUANTITY_AND_UNIT"", ""premise_state"": ""unknown"", ""authority"": ""quantity_or_unit"", ""canonical_declaration"": ""Modelica.Thermal.HeatTransfer.Components.ThermalConductor.G""}, ""required"": ""windowSimple.HeatTrans.G > 0"", ""declared_min"": null, ""variable_role"": ""parameter"", ""premise_state"": ""refuted"", ""authority"": ""component_contract"", ""contract"": ""Modelica.Thermal.HeatTransfer.Components.ThermalConductor.G: feature_disabled (proven, from equation) \u2014 the parameter appears only as a multiplier, so at zero the term it scales drops out and the rest of the model is unaffected"", ""contract_behavior"": ""feature_disabled"", ""contract_confidence"": ""proven"", ""contract_source"": ""equation"", ""note"": ""the positivity rule does not apply: this component documents zero as a meaningful limit, so reporting a missing bound would contradict its contract""}",/data/mrumoca/eval/results_v3/aixlib/runtime_free.jsonl
aixlib,runtime-v3,AixLib.ThermalZones.HighOrder.Components.Examples.WindowsDoors.WindowSimple,3,network-observation-incomplete,info,False,execution-not-completed,"{""reason"": ""missing or unsynchronized connector member observations"", ""note"": ""coverage gap, not a model defect""}",/data/mrumoca/eval/results_v3/aixlib/runtime_free.jsonl
aixlib,runtime-v3,AixLib.ThermalZones.HighOrder.Components.Examples.WindowsDoors.WindowSimple,4,initialization-failure,high,False,execution-not-completed,"{""failure_kind"": ""unknown"", ""reason"": ""Components.Examples.WindowsDoors.WindowSimple to t=1 with 46 trace point(s)... \u001b[31m\u001b[0m simulation failed: parameter `windowSimple.WindowType.Uw` has neither a \u001b[31m\u2502\u001b[0m binding nor an initial value"", ""raw"": ""reading /tmp/tmp4nfs53v6/traced.rbc (bitcode v2, cbor) Simulating AixLib.ThermalZones.HighOrder.Components.Examples.WindowsDoors.WindowSimple to t=1 with 46 trace point(s)... \u001b[31m\u001b[0m simulation failed: parameter `windowSimple.WindowType.Uw` has neither a \u001b[31m\u2502\u001b[0m binding nor an initial value"", ""tool_side"": false}",/data/mrumoca/eval/results_v3/aixlib/runtime_free.jsonl
aixlib,runtime-v3,AixLib.ThermalZones.HighOrder.Components.MoistAir.VarMoistAirExchange,0,network-port-unconnected,low,True,execution-not-completed,"{""connector"": ""port_a"", ""component"": ""<top level>"", ""component_class"": ""unknown"", ""flows_forced_to_zero"": ""port_a.Q_flow"", ""note"": ""nothing is connected to this port, so MLS \u00a79.2 forces its flow to zero. That is correct for a component compiled on its own and is not a defect; it is recorded because it is the commonest reason a model looks structurally singular""}",/data/mrumoca/eval/results_v3/aixlib/runtime_free.jsonl
aixlib,runtime-v3,AixLib.ThermalZones.HighOrder.Components.MoistAir.VarMoistAirExchange,1,network-port-unconnected,low,True,execution-not-completed,"{""connector"": ""port_b"", ""component"": ""<top level>"", ""component_class"": ""unknown"", ""flows_forced_to_zero"": ""port_b.Q_flow"", ""note"": ""nothing is connected to this port, so MLS \u00a79.2 forces its flow to zero. That is correct for a component compiled on its own and is not a defect; it is recorded because it is the commonest reason a model looks structurally singular""}",/data/mrumoca/eval/results_v3/aixlib/runtime_free.jsonl
aixlib,runtime-v3,AixLib.ThermalZones.HighOrder.Components.MoistAir.VarMoistAirExchange,2,network-component-isolated,low,True,execution-not-completed,"{""component"": ""<top level>"", ""component_class"": ""unknown"", ""ports"": ""port_a, port_b"", ""note"": ""every port of this instance is unconnected, so it exchanges nothing with the rest of the model while still contributing its equations""}",/data/mrumoca/eval/results_v3/aixlib/runtime_free.jsonl
aixlib,runtime-v3,AixLib.ThermalZones.HighOrder.Components.MoistAir.VarMoistAirExchange,3,physical-zero-is-a-supported-limit,low,True,execution-not-completed,"{""domain"": ""fluid"", ""rule"": ""fluid.density.positive"", ""rule_origin"": ""mass per volume of a real fluid; density appears as a divisor throughout the Fluid library"", ""rule_reference"": """", ""matched_by"": {""quantity"": ""Density"", ""unit"": ""kg/m3"", ""confidence"": ""QUANTITY_AND_UNIT"", ""premise_state"": ""unknown"", ""authority"": ""quantity_or_unit"", ""canonical_declaration"": ""AixLib.ThermalZones.HighOrder.Components.MoistAir.VarMoistAirExchange.rho""}, ""required"": ""rho > 0"", ""declared_min"": 0.0, ""variable_role"": ""parameter"", ""premise_state"": ""refuted"", ""authority"": ""component_contract"", ""contract"": ""AixLib.ThermalZones.HighOrder.Components.MoistAir.VarMoistAirExchange.rho: feature_disabled (proven, from equation) \u2014 the parameter appears only as a multiplier, so at zero the term it scales drops out and the rest of the model is unaffected"", ""contract_behavior"": ""feature_disabled"", ""contract_confidence"": ""proven"", ""contract_source"": ""equation"", ""note"": ""the positivity rule does not apply: this component documents zero as a meaningful limit, so reporting a missing bound would contradict its contract""}",/data/mrumoca/eval/results_v3/aixlib/runtime_free.jsonl
aixlib,runtime-v3,AixLib.ThermalZones.HighOrder.Components.MoistAir.VarMoistAirExchange,4,network-observation-incomplete,info,True,execution-not-completed,"{""reason"": ""missing or unsynchronized connector member observations"", ""note"": ""coverage gap, not a model defect""}",/data/mrumoca/eval/results_v3/aixlib/runtime_free.jsonl
aixlib,runtime-v3,AixLib.ThermalZones.HighOrder.Components.MoistAir.VarMoistAirExchange,5,initialization-failure,high,True,execution-not-completed,"{""failure_kind"": ""singular-system"", ""reason"": ""tAir.VarMoistAirExchange to t=1 with 10 trace point(s)... \u001b[31m\u001b[0m simulation failed: DAE structural proof failed: structurally singular \u001b[31m\u2502\u001b[0m system: 6 matched out of 7 equations and 7 unknowns"", ""raw"": ""reading /tmp/tmp51lz4tbx/traced.rbc (bitcode v2, cbor) holding 3 free input(s) constant at their start values: ventRate=0, HumIn=0, HumOut=0 Simulating AixLib.ThermalZones.HighOrder.Components.MoistAir.VarMoistAirExchange to t=1 with 10 trace point(s)... \u001b[31m\u001b[0m simulation failed: DAE structural proof failed: structurally singular \u001b[31m\u2502\u001b[0m system: 6 matched out of 7 equations and 7 unknowns"", ""tool_side"": false}",/data/mrumoca/eval/results_v3/aixlib/runtime_free.jsonl
aixlib,runtime-v3,AixLib.ThermalZones.HighOrder.Components.Examples.DryAir.DryAir_test,0,network-boundary-port,low,False,standalone-topology-not-defect-proof,"{""node"": ""TempOutsideDaycurve -- sine"", ""boundary_connectors"": ""TempOutsideDaycurve, sine"", ""wired_to"": ""nothing"", ""note"": ""this connector belongs to the model itself, not to a component inside it: the model is an interface compiled on its own, so the node is open on one side. Nothing forces its flow, which is why a structural matching reports an unmatched unknown here. Not a defect in the model""}",/data/mrumoca/eval/results_v3/aixlib/runtime_free.jsonl
aixlib,runtime-v3,AixLib.ThermalZones.HighOrder.Components.Examples.DryAir.DryAir_test,1,network-boundary-port,low,False,standalone-topology-not-defect-proof,"{""node"": ""sine1 -- varAirExchange"", ""boundary_connectors"": ""sine1, varAirExchange"", ""wired_to"": ""nothing"", ""note"": ""this connector belongs to the model itself, not to a component inside it: the model is an interface compiled on its own, so the node is open on one side. Nothing forces its flow, which is why a structural matching reports an unmatched unknown here. Not a defect in the model""}",/data/mrumoca/eval/results_v3/aixlib/runtime_free.jsonl
aixlib,runtime-v3,AixLib.ThermalZones.HighOrder.Components.Examples.DryAir.DryAir_test,2,physical-zero-is-a-supported-limit,low,False,advisory-or-explicit-non-defect,"{""domain"": ""fluid"", ""rule"": ""fluid.density.positive"", ""rule_origin"": ""mass per volume of a real fluid; density appears as a divisor throughout the Fluid library"", ""rule_reference"": """", ""matched_by"": {""quantity"": ""Density"", ""unit"": ""kg/m3"", ""confidence"": ""QUANTITY_AND_UNIT"", ""premise_state"": ""unknown"", ""authority"": ""quantity_or_unit"", ""canonical_declaration"": ""AixLib.ThermalZones.HighOrder.Components.DryAir.VarAirExchange.rho""}, ""required"": ""dynamicVentilation.varAirExchange.rho > 0"", ""declared_min"": 0.0, ""variable_role"": ""parameter"", ""premise_state"": ""refuted"", ""authority"": ""component_contract"", ""contract"": ""AixLib.ThermalZones.HighOrder.Components.DryAir.VarAirExchange.rho: feature_disabled (proven, from equation) \u2014 the parameter appears only as a multiplier, so at zero the term it scales drops out and the rest of the model is unaffected"", ""contract_behavior"": ""feature_disabled"", ""contract_confidence"": ""proven"", ""contract_source"": ""equation"", ""note"": ""the positivity rule does not apply: this component documents zero as a meaningful limit, so reporting a missing bound would contradict its contract""}",/data/mrumoca/eval/results_v3/aixlib/runtime_free.jsonl
aixlib,runtime-v3,AixLib.ThermalZones.HighOrder.Components.Examples.DryAir.DryAir_test,3,physical-zero-is-a-supported-limit,low,False,advisory-or-explicit-non-defect,"{""domain"": ""thermal"", ""rule"": ""thermal.heat_capacity.positive"", ""rule_origin"": ""C*dT = dQ; a non-positive heat capacity makes a body cool when heated"", ""rule_reference"": """", ""matched_by"": {""quantity"": ""HeatCapacity"", ""unit"": ""J/K"", ""confidence"": ""QUANTITY_AND_UNIT"", ""premise_state"": ""unknown"", ""authority"": ""quantity_or_unit"", ""canonical_declaration"": ""AixLib.ThermalZones.HighOrder.Components.DryAir.Airload.C""}, ""required"": ""airload.C > 0"", ""declared_min"": null, ""variable_role"": ""parameter"", ""premise_state"": ""refuted"", ""authority"": ""component_contract"", ""contract"": ""AixLib.ThermalZones.HighOrder.Components.DryAir.Airload.C: algebraic_limit (proven, from equation) \u2014 the parameter multiplies a derivative, so at zero the differential relation becomes an algebraic constraint rather than an undefined quotient"", ""contract_behavior"": ""algebraic_limit"", ""contract_confidence"": ""proven"", ""contract_source"": ""equation"", ""note"": ""the positivity rule does not apply: this component documents zero as a meaningful limit, so reporting a missing bound would contradict its contract""}",/data/mrumoca/eval/results_v3/aixlib/runtime_free.jsonl
aixlib,runtime-v3,AixLib.ThermalZones.HighOrder.Components.Examples.DryAir.DryAir_test,4,physical-zero-is-a-supported-limit,low,False,advisory-or-explicit-non-defect,"{""domain"": ""fluid"", ""rule"": ""fluid.density.positive"", ""rule_origin"": ""mass per volume of a real fluid; density appears as a divisor throughout the Fluid library"", ""rule_reference"": """", ""matched_by"": {""quantity"": ""Density"", ""unit"": ""kg/m3"", ""confidence"": ""QUANTITY_AND_UNIT"", ""premise_state"": ""unknown"", ""authority"": ""quantity_or_unit"", ""canonical_declaration"": ""AixLib.ThermalZones.HighOrder.Components.DryAir.Airload.rho""}, ""required"": ""airload.rho > 0"", ""declared_min"": 0.0, ""variable_role"": ""parameter"", ""premise_state"": ""refuted"", ""authority"": ""component_contract"", ""contract"": ""AixLib.ThermalZones.HighOrder.Components.DryAir.Airload.rho: feature_disabled (proven, from equation) \u2014 the parameter appears only as a multiplier, so at zero the term it scales drops out and the rest of the model is unaffected"", ""contract_behavior"": ""feature_disabled"", ""contract_confidence"": ""proven"", ""contract_source"": ""equation"", ""note"": ""the positivity rule does not apply: this component documents zero as a meaningful limit, so reporting a missing bound would contradict its contract""}",/data/mrumoca/eval/results_v3/aixlib/runtime_free.jsonl
aixlib,runtime-v3,AixLib.ThermalZones.HighOrder.Components.Examples.DryAir.DryAir_test,5,physical-zero-is-a-supported-limit,low,False,advisory-or-explicit-non-defect,"{""domain"": ""thermal"", ""rule"": ""thermal.heat_capacity.positive"", ""rule_origin"": ""C*dT = dQ; a non-positive heat capacity makes a body cool when heated"", ""rule_reference"": """", ""matched_by"": {""quantity"": ""HeatCapacity"", ""unit"": ""J/K"", ""confidence"": ""QUANTITY_AND_UNIT"", ""premise_state"": ""unknown"", ""authority"": ""quantity_or_unit"", ""canonical_declaration"": ""AixLib.ThermalZones.HighOrder.Components.DryAir.Airload.C""}, ""required"": ""airload1.C > 0"", ""declared_min"": null, ""variable_role"": ""parameter"", ""premise_state"": ""refuted"", ""authority"": ""component_contract"", ""contract"": ""AixLib.ThermalZones.HighOrder.Components.DryAir.Airload.C: algebraic_limit (proven, from equation) \u2014 the parameter multiplies a derivative, so at zero the differential relation becomes an algebraic constraint rather than an undefined quotient"", ""contract_behavior"": ""algebraic_limit"", ""contract_confidence"": ""proven"", ""contract_source"": ""equation"", ""note"": ""the positivity rule does not apply: this component documents zero as a meaningful limit, so reporting a missing bound would contradict its contract""}",/data/mrumoca/eval/results_v3/aixlib/runtime_free.jsonl
aixlib,runtime-v3,AixLib.ThermalZones.HighOrder.Components.Examples.DryAir.DryAir_test,6,physical-zero-is-a-supported-limit,low,False,advisory-or-explicit-non-defect,"{""domain"": ""fluid"", ""rule"": ""fluid.density.positive"", ""rule_origin"": ""mass per volume of a real fluid; density appears as a divisor throughout the Fluid library"", ""rule_reference"": """", ""matched_by"": {""quantity"": ""Density"", ""unit"": ""kg/m3"", ""confidence"": ""QUANTITY_AND_UNIT"", ""premise_state"": ""unknown"", ""authority"": ""quantity_or_unit"", ""canonical_declaration"": ""AixLib.ThermalZones.HighOrder.Components.DryAir.Airload.rho""}, ""required"": ""airload1.rho > 0"", ""declared_min"": 0.0, ""variable_role"": ""parameter"", ""premise_state"": ""refuted"", ""authority"": ""component_contract"", ""contract"": ""AixLib.ThermalZones.HighOrder.Components.DryAir.Airload.rho: feature_disabled (proven, from equation) \u2014 the parameter appears only as a multiplier, so at zero the term it scales drops out and the rest of the model is unaffected"", ""contract_behavior"": ""feature_disabled"", ""contract_confidence"": ""proven"", ""contract_source"": ""equation"", ""note"": ""the positivity rule does not apply: this component documents zero as a meaningful limit, so reporting a missing bound would contradict its contract""}",/data/mrumoca/eval/results_v3/aixlib/runtime_free.jsonl
aixlib,runtime-v3,AixLib.ThermalZones.HighOrder.Components.Examples.DryAir.DryAir_test,7,physical-zero-is-a-supported-limit,low,False,advisory-or-explicit-non-defect,"{""domain"": ""fluid"", ""rule"": ""fluid.density.positive"", ""rule_origin"": ""mass per volume of a real fluid; density appears as a divisor throughout the Fluid library"", ""rule_reference"": """", ""matched_by"": {""quantity"": ""Density"", ""unit"": ""kg/m3"", ""confidence"": ""QUANTITY_AND_UNIT"", ""premise_state"": ""unknown"", ""authority"": ""quantity_or_unit"", ""canonical_declaration"": ""AixLib.ThermalZones.HighOrder.Components.DryAir.VarAirExchange.rho""}, ""required"": ""varAirExchange.rho > 0"", ""declared_min"": 0.0, ""variable_role"": ""parameter"", ""premise_state"": ""refuted"", ""authority"": ""component_contract"", ""contract"": ""AixLib.ThermalZones.HighOrder.Components.DryAir.VarAirExchange.rho: feature_disabled (proven, from equation) \u2014 the parameter appears only as a multiplier, so at zero the term it scales drops out and the rest of the model is unaffected"", ""contract_behavior"": ""feature_disabled"", ""contract_confidence"": ""proven"", ""contract_source"": ""equation"", ""note"": ""the positivity rule does not apply: this component documents zero as a meaningful limit, so reporting a missing bound would contradict its contract""}",/data/mrumoca/eval/results_v3/aixlib/runtime_free.jsonl
aixlib,runtime-v3,AixLib.ThermalZones.HighOrder.Components.Examples.DryAir.DryAir_test,8,physical-zero-is-a-supported-limit,low,False,advisory-or-explicit-non-defect,"{""domain"": ""fluid"", ""rule"": ""fluid.density.positive"", ""rule_origin"": ""mass per volume of a real fluid; density appears as a divisor throughout the Fluid library"", ""rule_reference"": """", ""matched_by"": {""quantity"": ""Density"", ""unit"": ""kg/m3"", ""confidence"": ""QUANTITY_AND_UNIT"", ""premise_state"": ""unknown"", ""authority"": ""quantity_or_unit"", ""canonical_declaration"": ""AixLib.ThermalZones.HighOrder.Components.DryAir.InfiltrationRate_DIN12831.rho""}, ""required"": ""infiltrationRate_DIN12831.rho > 0"", ""declared_min"": 0.0, ""variable_role"": ""parameter"", ""premise_state"": ""refuted"", ""authority"": ""component_contract"", ""contract"": ""AixLib.ThermalZones.HighOrder.Components.DryAir.InfiltrationRate_DIN12831.rho: feature_disabled (proven, from equation) \u2014 the parameter appears only as a multiplier, so at zero the term it scales drops out and the rest of the model is unaffected"", ""contract_behavior"": ""feature_disabled"", ""contract_confidence"": ""proven"", ""contract_source"": ""equation"", ""note"": ""the positivity rule does not apply: this component documents zero as a meaningful limit, so reporting a missing bound would contradict its contract""}",/data/mrumoca/eval/results_v3/aixlib/runtime_free.jsonl
aixlib,runtime-v3,AixLib.ThermalZones.HighOrder.Components.Sunblinds.Sunblind,0,initialization-failure,high,True,execution-not-completed,"{""failure_kind"": ""unknown"", ""reason"": ""lating AixLib.ThermalZones.HighOrder.Components.Sunblinds.Sunblind to t=1 with 42 trace point(s)... \u001b[31m\u001b[0m simulation failed: parameter `H_max` has neither a binding nor an initial \u001b[31m\u2502\u001b[0m value"", ""raw"": ""reading /tmp/tmpunkxmn5m/traced.rbc (bitcode v2, cbor) holding 21 free input(s) constant at their start values: Rad_In[1].H=0, Rad_In[1].HDir=0, Rad_In[1].HDif=0, Rad_In[1].HGrd=0, Rad_In[1].incAng=0, Rad_In[2].H=0, Rad_In[2].HDir=0, Rad_In[2].HDif=0, Rad_In[2].HGrd=0, Rad_In[2].incAng=0, Rad_In[3].H=0, Rad_In[3].HDir=0, Rad_In[3].HDif=0, Rad_In[3].HGrd=0, Rad_In[3].incAng=0, Rad_In[4].H=0, Rad_In"", ""tool_side"": false}",/data/mrumoca/eval/results_v3/aixlib/runtime_free.jsonl
aixlib,runtime-v3,AixLib.ThermalZones.HighOrder.Components.WindowsDoors.Door,0,network-boundary-port,low,False,execution-not-completed,"{""node"": ""radPort -- twoStar_RadEx.radPort"", ""boundary_connectors"": ""radPort"", ""wired_to"": ""twoStar_RadEx.radPort"", ""note"": ""this connector belongs to the model itself, not to a component inside it: the model is an interface compiled on its own, so the node is open on one side. Nothing forces its flow, which is why a structural matching reports an unmatched unknown here. Not a defect in the model""}",/data/mrumoca/eval/results_v3/aixlib/runtime_free.jsonl
aixlib,runtime-v3,AixLib.ThermalZones.HighOrder.Components.WindowsDoors.Door,1,network-boundary-port,low,False,execution-not-completed,"{""node"": ""radPort1 -- twoStar_RadEx1.radPort"", ""boundary_connectors"": ""radPort1"", ""wired_to"": ""twoStar_RadEx1.radPort"", ""note"": ""this connector belongs to the model itself, not to a component inside it: the model is an interface compiled on its own, so the node is open on one side. Nothing forces its flow, which is why a structural matching reports an unmatched unknown here. Not a defect in the model""}",/data/mrumoca/eval/results_v3/aixlib/runtime_free.jsonl
aixlib,runtime-v3,AixLib.ThermalZones.HighOrder.Components.WindowsDoors.Door,2,network-boundary-port,low,False,execution-not-completed,"{""node"": ""HeatTrans.port_b -- port_b -- twoStar_RadEx.convPort"", ""boundary_connectors"": ""port_b"", ""wired_to"": ""HeatTrans.port_b, twoStar_RadEx.convPort"", ""note"": ""this connector belongs to the model itself, not to a component inside it: the model is an interface compiled on its own, so the node is open on one side. Nothing forces its flow, which is why a structural matching reports an unmatched unknown here. Not a defect in the model""}",/data/mrumoca/eval/results_v3/aixlib/runtime_free.jsonl
aixlib,runtime-v3,AixLib.ThermalZones.HighOrder.Components.WindowsDoors.Door,3,network-boundary-port,low,False,execution-not-completed,"{""node"": ""HeatTrans.port_a -- port_a -- twoStar_RadEx1.convPort"", ""boundary_connectors"": ""port_a"", ""wired_to"": ""HeatTrans.port_a, twoStar_RadEx1.convPort"", ""note"": ""this connector belongs to the model itself, not to a component inside it: the model is an interface compiled on its own, so the node is open on one side. Nothing forces its flow, which is why a structural matching reports an unmatched unknown here. Not a defect in the model""}",/data/mrumoca/eval/results_v3/aixlib/runtime_free.jsonl
aixlib,runtime-v3,AixLib.ThermalZones.HighOrder.Components.WindowsDoors.Door,4,physical-zero-is-a-supported-limit,low,False,execution-not-completed,"{""domain"": ""fluid"", ""rule"": ""fluid.area.positive"", ""rule_origin"": ""a flow cross-section is a divisor in every velocity relation; zero area admits no flow and divides by zero"", ""rule_reference"": """", ""matched_by"": {""quantity"": ""Area"", ""unit"": ""m2"", ""confidence"": ""QUANTITY_AND_UNIT"", ""premise_state"": ""unknown"", ""authority"": ""quantity_or_unit"", ""canonical_declaration"": ""AixLib.ThermalZones.HighOrder.Components.WindowsDoors.Door.door_area""}, ""required"": ""door_area > 0"", ""declared_min"": null, ""variable_role"": ""parameter"", ""premise_state"": ""refuted"", ""authority"": ""component_contract"", ""contract"": ""AixLib.ThermalZones.HighOrder.Components.WindowsDoors.Door.door_area: feature_disabled (proven, from equation) \u2014 the parameter appears only as a multiplier, so at zero the term it scales drops out and the rest of the model is unaffected"", ""contract_behavior"": ""feature_disabled"", ""contract_confidence"": ""proven"", ""contract_source"": ""equation"", ""note"": ""the positivity rule does not apply: this component documents zero as a meaningful limit, so reporting a missing bound would contradict its contract""}",/data/mrumoca/eval/results_v3/aixlib/runtime_free.jsonl
aixlib,runtime-v3,AixLib.ThermalZones.HighOrder.Components.WindowsDoors.Door,5,physical-intent-question,low,False,execution-not-completed,"{""domain"": ""fluid"", ""rule"": ""fluid.area.positive"", ""rule_origin"": ""a flow cross-section is a divisor in every velocity relation; zero area admits no flow and divides by zero"", ""rule_reference"": """", ""matched_by"": {""quantity"": ""Area"", ""unit"": ""m2"", ""confidence"": ""QUANTITY_AND_UNIT"", ""premise_state"": ""unknown"", ""authority"": ""quantity_or_unit"", ""canonical_declaration"": ""AixLib.Utilities.HeatTransfer.HeatToRad.A""}, ""required"": ""twoStar_RadEx.A > 0"", ""declared_min"": null, ""variable_role"": ""parameter"", ""observation"": ""permissive-declaration"", ""premise_state"": ""unknown"", ""authority"": ""quantity_or_unit"", ""canonical_declaration"": ""AixLib.Utilities.HeatTransfer.HeatToRad.A"", ""question"": ""`twoStar_RadEx.A` carries no bound that would exclude it, which is unusual for an area \u2014 but nothing declares what this component is, so the analyzer cannot tell whether it is intended. Is it? If so, declare it: add a component contract, or a `[[contracts]]` entry naming the intended `sign_domain`. If not, bound the declaration.""}",/data/mrumoca/eval/results_v3/aixlib/runtime_free.jsonl
aixlib,runtime-v3,AixLib.ThermalZones.HighOrder.Components.WindowsDoors.Door,6,physical-zero-is-a-supported-limit,low,False,execution-not-completed,"{""domain"": ""thermal"", ""rule"": ""thermal.conductance.positive"", ""rule_origin"": ""heat flows from hot to cold; G <= 0 reverses the second law"", ""rule_reference"": """", ""matched_by"": {""quantity"": ""ThermalConductance"", ""unit"": ""W/K"", ""confidence"": ""QUANTITY_AND_UNIT"", ""premise_state"": ""unknown"", ""authority"": ""quantity_or_unit"", ""canonical_declaration"": ""Modelica.Thermal.HeatTransfer.Components.ThermalConductor.G""}, ""required"": ""HeatTrans.G > 0"", ""declared_min"": null, ""variable_role"": ""parameter"", ""premise_state"": ""refuted"", ""authority"": ""component_contract"", ""contract"": ""Modelica.Thermal.HeatTransfer.Components.ThermalConductor.G: feature_disabled (proven, from equation) \u2014 the parameter appears only as a multiplier, so at zero the term it scales drops out and the rest of the model is unaffected"", ""contract_behavior"": ""feature_disabled"", ""contract_confidence"": ""proven"", ""contract_source"": ""equation"", ""note"": ""the positivity rule does not apply: this component documents zero as a meaningful limit, so reporting a missing bound would contradict its contract""}",/data/mrumoca/eval/results_v3/aixlib/runtime_free.jsonl
aixlib,runtime-v3,AixLib.ThermalZones.HighOrder.Components.WindowsDoors.Door,7,physical-intent-question,low,False,execution-not-completed,"{""domain"": ""fluid"", ""rule"": ""fluid.area.positive"", ""rule_origin"": ""a flow cross-section is a divisor in every velocity relation; zero area admits no flow and divides by zero"", ""rule_reference"": """", ""matched_by"": {""quantity"": ""Area"", ""unit"": ""m2"", ""confidence"": ""QUANTITY_AND_UNIT"", ""premise_state"": ""unknown"", ""authority"": ""quantity_or_unit"", ""canonical_declaration"": ""AixLib.Utilities.HeatTransfer.HeatToRad.A""}, ""required"": ""twoStar_RadEx1.A > 0"", ""declared_min"": null, ""variable_role"": ""parameter"", ""observation"": ""permissive-declaration"", ""premise_state"": ""unknown"", ""authority"": ""quantity_or_unit"", ""canonical_declaration"": ""AixLib.Utilities.HeatTransfer.HeatToRad.A"", ""question"": ""`twoStar_RadEx1.A` carries no bound that would exclude it, which is unusual for an area \u2014 but nothing declares what this component is, so the analyzer cannot tell whether it is intended. Is it? If so, declare it: add a component contract, or a `[[contracts]]` entry naming the intended `sign_domain`. If not, bound the declaration.""}",/data/mrumoca/eval/results_v3/aixlib/runtime_free.jsonl
aixlib,runtime-v3,AixLib.ThermalZones.HighOrder.Components.WindowsDoors.Door,8,network-observation-incomplete,info,False,execution-not-completed,"{""reason"": ""missing or unsynchronized connector member observations"", ""note"": ""coverage gap, not a model defect""}",/data/mrumoca/eval/results_v3/aixlib/runtime_free.jsonl
aixlib,runtime-v3,AixLib.ThermalZones.HighOrder.Components.WindowsDoors.Door,9,initialization-failure,high,False,execution-not-completed,"{""failure_kind"": ""singular-system"", ""reason"": ""nts.WindowsDoors.Door to t=1 with 24 trace point(s)... \u001b[31m\u001b[0m simulation failed: DAE structural proof failed: structurally singular \u001b[31m\u2502\u001b[0m system: 23 matched out of 24 equations and 24 unknowns"", ""raw"": ""reading /tmp/tmp5_zwyckn/traced.rbc (bitcode v2, cbor) Simulating AixLib.ThermalZones.HighOrder.Components.WindowsDoors.Door to t=1 with 24 trace point(s)... \u001b[31m\u001b[0m simulation failed: DAE structural proof failed: structurally singular \u001b[31m\u2502\u001b[0m system: 23 matched out of 24 equations and 24 unknowns"", ""tool_side"": false}",/data/mrumoca/eval/results_v3/aixlib/runtime_free.jsonl
aixlib,runtime-v3,AixLib.Fluid.Examples.Performance.Example7,0,initialization-failure,high,False,execution-not-completed,"{""failure_kind"": ""nonlinear-solver-failure"", ""reason"": ""ed initialization unknown space: a coordinate the lowering cannot \u001b[31m\u2502\u001b[0m read per scalar (array element, multi-scalar row, or structured family \u001b[31m\u2502\u001b[0m point)) value=-2.731500e2 norm=2.731500e2"", ""raw"": ""reading /tmp/tmpom3z2i19/traced.rbc (bitcode v2, cbor) Simulating AixLib.Fluid.Examples.Performance.Example7 to t=1 with 1 trace point(s)... \u001b[31m\u001b[0m simulation failed: solve-IR evaluation failed: initial variable projection \u001b[31m\u2502\u001b[0m did not satisfy the complete residual system: max selected residual \u001b[31m\u2502\u001b[0m row=499 original_row=499 owner=none(row reads a coordinate outside the \u001b[31m\u2502\u001b[0m pl"", ""tool_side"": false}",/data/mrumoca/eval/results_v3/aixlib/runtime_free.jsonl
aixlib,runtime-v3,AixLib.Fluid.Examples.Performance.Example6,0,initialization-failure,high,False,execution-not-completed,"{""failure_kind"": ""nonlinear-solver-failure"", ""reason"": ""ed initialization unknown space: a coordinate the lowering cannot \u001b[31m\u2502\u001b[0m read per scalar (array element, multi-scalar row, or structured family \u001b[31m\u2502\u001b[0m point)) value=-2.731500e2 norm=2.731500e2"", ""raw"": ""reading /tmp/tmpyd4mx74t/traced.rbc (bitcode v2, cbor) Simulating AixLib.Fluid.Examples.Performance.Example6 to t=1 with 2 trace point(s)... \u001b[31m\u001b[0m simulation failed: solve-IR evaluation failed: initial variable projection \u001b[31m\u2502\u001b[0m did not satisfy the complete residual system: max selected residual \u001b[31m\u2502\u001b[0m row=499 original_row=499 owner=none(row reads a coordinate outside the \u001b[31m\u2502\u001b[0m pl"", ""tool_side"": false}",/data/mrumoca/eval/results_v3/aixlib/runtime_free.jsonl
aixlib,runtime-v3,AixLib.ThermalZones.HighOrder.Components.WindowsDoors.WindowSimple,0,network-boundary-port,low,True,execution-not-completed,"{""node"": ""prescribedHeatFlow.port -- radPort"", ""boundary_connectors"": ""radPort"", ""wired_to"": ""prescribedHeatFlow.port"", ""note"": ""this connector belongs to the model itself, not to a component inside it: the model is an interface compiled on its own, so the node is open on one side. Nothing forces its flow, which is why a structural matching reports an unmatched unknown here. Not a defect in the model""}",/data/mrumoca/eval/results_v3/aixlib/runtime_free.jsonl
aixlib,runtime-v3,AixLib.ThermalZones.HighOrder.Components.WindowsDoors.WindowSimple,1,network-boundary-port,low,True,execution-not-completed,"{""node"": ""HeatTrans.port_a -- port_outside"", ""boundary_connectors"": ""port_outside"", ""wired_to"": ""HeatTrans.port_a"", ""note"": ""this connector belongs to the model itself, not to a component inside it: the model is an interface compiled on its own, so the node is open on one side. Nothing forces its flow, which is why a structural matching reports an unmatched unknown here. Not a defect in the model""}",/data/mrumoca/eval/results_v3/aixlib/runtime_free.jsonl
aixlib,runtime-v3,AixLib.ThermalZones.HighOrder.Components.WindowsDoors.WindowSimple,2,network-boundary-port,low,True,execution-not-completed,"{""node"": ""HeatTrans.port_b -- port_inside"", ""boundary_connectors"": ""port_inside"", ""wired_to"": ""HeatTrans.port_b"", ""note"": ""this connector belongs to the model itself, not to a component inside it: the model is an interface compiled on its own, so the node is open on one side. Nothing forces its flow, which is why a structural matching reports an unmatched unknown here. Not a defect in the model""}",/data/mrumoca/eval/results_v3/aixlib/runtime_free.jsonl
aixlib,runtime-v3,AixLib.ThermalZones.HighOrder.Components.WindowsDoors.WindowSimple,3,network-boundary-port,low,True,execution-not-completed,"{""node"": ""corrSolGain.SR_input[1] -- solarRad_in"", ""boundary_connectors"": ""solarRad_in"", ""wired_to"": ""corrSolGain.SR_input[1]"", ""note"": ""this connector belongs to the model itself, not to a component inside it: the model is an interface compiled on its own, so the node is open on one side. Nothing forces its flow, which is why a structural matching reports an unmatched unknown here. Not a defect in the model""}",/data/mrumoca/eval/results_v3/aixlib/runtime_free.jsonl
aixlib,runtime-v3,AixLib.ThermalZones.HighOrder.Components.WindowsDoors.WindowSimple,4,network-boundary-port,low,True,execution-not-completed,"{""node"": ""A -- corrSolGain -- prescribedHeatFlow"", ""boundary_connectors"": ""A, corrSolGain, prescribedHeatFlow"", ""wired_to"": ""nothing"", ""note"": ""this connector belongs to the model itself, not to a component inside it: the model is an interface compiled on its own, so the node is open on one side. Nothing forces its flow, which is why a structural matching reports an unmatched unknown here. Not a defect in the model""}",/data/mrumoca/eval/results_v3/aixlib/runtime_free.jsonl
aixlib,runtime-v3,AixLib.ThermalZones.HighOrder.Components.WindowsDoors.WindowSimple,5,physical-zero-is-a-supported-limit,low,True,execution-not-completed,"{""domain"": ""fluid"", ""rule"": ""fluid.area.positive"", ""rule_origin"": ""a flow cross-section is a divisor in every velocity relation; zero area admits no flow and divides by zero"", ""rule_reference"": """", ""matched_by"": {""quantity"": ""Area"", ""unit"": ""m2"", ""confidence"": ""QUANTITY_AND_UNIT"", ""premise_state"": ""unknown"", ""authority"": ""quantity_or_unit"", ""canonical_declaration"": ""AixLib.ThermalZones.HighOrder.Components.WindowsDoors.WindowSimple.windowarea""}, ""required"": ""windowarea > 0"", ""declared_min"": null, ""variable_role"": ""parameter"", ""premise_state"": ""refuted"", ""authority"": ""component_contract"", ""contract"": ""AixLib.ThermalZones.HighOrder.Components.WindowsDoors.WindowSimple.windowarea: feature_disabled (proven, from equation) \u2014 the parameter appears only as a multiplier, so at zero the term it scales drops out and the rest of the model is unaffected"", ""contract_behavior"": ""feature_disabled"", ""contract_confidence"": ""proven"", ""contract_source"": ""equation"", ""note"": ""the positivity rule does not apply: this component documents zero as a meaningful limit, so reporting a missing bound would contradict its contract""}",/data/mrumoca/eval/results_v3/aixlib/runtime_free.jsonl
aixlib,runtime-v3,AixLib.ThermalZones.HighOrder.Components.WindowsDoors.WindowSimple,6,physical-zero-is-a-supported-limit,low,True,execution-not-completed,"{""domain"": ""thermal"", ""rule"": ""thermal.conductance.positive"", ""rule_origin"": ""heat flows from hot to cold; G <= 0 reverses the second law"", ""rule_reference"": """", ""matched_by"": {""quantity"": ""ThermalConductance"", ""unit"": ""W/K"", ""confidence"": ""QUANTITY_AND_UNIT"", ""premise_state"": ""unknown"", ""authority"": ""quantity_or_unit"", ""canonical_declaration"": ""Modelica.Thermal.HeatTransfer.Components.ThermalConductor.G""}, ""required"": ""HeatTrans.G > 0"", ""declared_min"": null, ""variable_role"": ""parameter"", ""premise_state"": ""refuted"", ""authority"": ""component_contract"", ""contract"": ""Modelica.Thermal.HeatTransfer.Components.ThermalConductor.G: feature_disabled (proven, from equation) \u2014 the parameter appears only as a multiplier, so at zero the term it scales drops out and the rest of the model is unaffected"", ""contract_behavior"": ""feature_disabled"", ""contract_confidence"": ""proven"", ""contract_source"": ""equation"", ""note"": ""the positivity rule does not apply: this component documents zero as a meaningful limit, so reporting a missing bound would contradict its contract""}",/data/mrumoca/eval/results_v3/aixlib/runtime_free.jsonl
aixlib,runtime-v3,AixLib.ThermalZones.HighOrder.Components.WindowsDoors.WindowSimple,7,network-observation-incomplete,info,True,execution-not-completed,"{""reason"": ""missing or unsynchronized connector member observations"", ""note"": ""coverage gap, not a model defect""}",/data/mrumoca/eval/results_v3/aixlib/runtime_free.jsonl
aixlib,runtime-v3,AixLib.ThermalZones.HighOrder.Components.WindowsDoors.WindowSimple,8,initialization-failure,high,True,execution-not-completed,"{""failure_kind"": ""singular-system"", ""reason"": ""owsDoors.WindowSimple to t=1 with 28 trace point(s)... \u001b[31m\u001b[0m simulation failed: DAE structural proof failed: structurally singular \u001b[31m\u2502\u001b[0m system: 22 matched out of 23 equations and 23 unknowns"", ""raw"": ""reading /tmp/tmpccd2eoxz/traced.rbc (bitcode v2, cbor) holding 5 free input(s) constant at their start values: solarRad_in.H=0, solarRad_in.HDir=0, solarRad_in.HDif=0, solarRad_in.HGrd=0, solarRad_in.incAng=0 Simulating AixLib.ThermalZones.HighOrder.Components.WindowsDoors.WindowSimple to t=1 with 28 trace point(s)... \u001b[31m\u001b[0m simulation failed: DAE structural proof failed: structurally singular "", ""tool_side"": false}",/data/mrumoca/eval/results_v3/aixlib/runtime_free.jsonl
aixlib,runtime-v3,AixLib.ThermalZones.HighOrder.Validation.ASHRAE140.BaseClasses.CheckResultsAccordingToASHRAE,0,initialization-failure,high,True,execution-not-completed,"{""failure_kind"": ""unknown"", ""reason"": "".Validation.ASHRAE140.BaseClasses.CheckResultsAccordingToASHRAE to t=1 with 4 trace point(s)... \u001b[31m\u001b[0m simulation failed: parameter `checkTime` has neither a binding nor an \u001b[31m\u2502\u001b[0m initial value"", ""raw"": ""reading /tmp/tmpb8ghtz9d/traced.rbc (bitcode v2, cbor) holding 3 free input(s) constant at their start values: upperLimit=0, modelResults=0, lowerLimit=0 Simulating AixLib.ThermalZones.HighOrder.Validation.ASHRAE140.BaseClasses.CheckResultsAccordingToASHRAE to t=1 with 4 trace point(s)... \u001b[31m\u001b[0m simulation failed: parameter `checkTime` has neither a binding nor an \u001b[31m\u2502\u001b[0m initial value"", ""tool_side"": false}",/data/mrumoca/eval/results_v3/aixlib/runtime_free.jsonl
aixlib,runtime-v3,AixLib.ThermalZones.ISO13790.BaseClasses.GainMass,0,physical-domain-unenforced,medium,True,execution-not-completed,"{""domain"": ""fluid"", ""rule"": ""fluid.area.positive"", ""rule_origin"": ""a flow cross-section is a divisor in every velocity relation; zero area admits no flow and divides by zero"", ""rule_reference"": """", ""matched_by"": {""quantity"": ""Area"", ""unit"": ""m2"", ""confidence"": ""QUANTITY_AND_UNIT"", ""premise_state"": ""unknown"", ""authority"": ""quantity_or_unit"", ""canonical_declaration"": ""AixLib.ThermalZones.ISO13790.BaseClasses.GainMass.ATot""}, ""required"": ""ATot > 0"", ""declared_min"": null, ""variable_role"": ""parameter"", ""premise_state"": ""established"", ""authority"": ""source_arithmetic"", ""canonical_declaration"": ""AixLib.ThermalZones.ISO13790.BaseClasses.GainMass.ATot"", ""contract_source"": ""equation"", ""premise_reason"": ""a source equation divides by this parameter, so the value is excluded by arithmetic rather than by intent"", ""note"": ""nothing bounds this declaration, so it permits values the component's own contract forbids""}",/data/mrumoca/eval/results_v3/aixlib/runtime_free.jsonl
aixlib,runtime-v3,AixLib.ThermalZones.ISO13790.BaseClasses.GainMass,1,physical-zero-is-a-supported-limit,low,True,execution-not-completed,"{""domain"": ""fluid"", ""rule"": ""fluid.area.positive"", ""rule_origin"": ""a flow cross-section is a divisor in every velocity relation; zero area admits no flow and divides by zero"", ""rule_reference"": """", ""matched_by"": {""quantity"": ""Area"", ""unit"": ""m2"", ""confidence"": ""QUANTITY_AND_UNIT"", ""premise_state"": ""unknown"", ""authority"": ""quantity_or_unit"", ""canonical_declaration"": ""AixLib.ThermalZones.ISO13790.BaseClasses.GainMass.AFlo""}, ""required"": ""AFlo > 0"", ""declared_min"": null, ""variable_role"": ""parameter"", ""premise_state"": ""refuted"", ""authority"": ""component_contract"", ""contract"": ""AixLib.ThermalZones.ISO13790.BaseClasses.GainMass.AFlo: feature_disabled (proven, from equation) \u2014 the parameter appears only as a multiplier, so at zero the term it scales drops out and the rest of the model is unaffected"", ""contract_behavior"": ""feature_disabled"", ""contract_confidence"": ""proven"", ""contract_source"": ""equation"", ""note"": ""the positivity rule does not apply: this component documents zero as a meaningful limit, so reporting a missing bound would contradict its contract""}",/data/mrumoca/eval/results_v3/aixlib/runtime_free.jsonl
aixlib,runtime-v3,AixLib.ThermalZones.ISO13790.BaseClasses.GainMass,2,initialization-failure,high,True,execution-not-completed,"{""failure_kind"": ""unknown"", ""reason"": ""olGai=0 Simulating AixLib.ThermalZones.ISO13790.BaseClasses.GainMass to t=1 with 4 trace point(s)... \u001b[31m\u001b[0m simulation failed: parameter `ATot` has neither a binding nor an initial \u001b[31m\u2502\u001b[0m value"", ""raw"": ""reading /tmp/tmp881gnkem/traced.rbc (bitcode v2, cbor) holding 2 free input(s) constant at their start values: intSenGai=0, solGai=0 Simulating AixLib.ThermalZones.ISO13790.BaseClasses.GainMass to t=1 with 4 trace point(s)... \u001b[31m\u001b[0m simulation failed: parameter `ATot` has neither a binding nor an initial \u001b[31m\u2502\u001b[0m value"", ""tool_side"": false}",/data/mrumoca/eval/results_v3/aixlib/runtime_free.jsonl
aixlib,runtime-v3,AixLib.ThermalZones.ISO13790.BaseClasses.GainSurface,0,physical-domain-unenforced,medium,True,execution-not-completed,"{""domain"": ""fluid"", ""rule"": ""fluid.area.positive"", ""rule_origin"": ""a flow cross-section is a divisor in every velocity relation; zero area admits no flow and divides by zero"", ""rule_reference"": """", ""matched_by"": {""quantity"": ""Area"", ""unit"": ""m2"", ""confidence"": ""QUANTITY_AND_UNIT"", ""premise_state"": ""unknown"", ""authority"": ""quantity_or_unit"", ""canonical_declaration"": ""AixLib.ThermalZones.ISO13790.BaseClasses.GainSurface.ATot""}, ""required"": ""ATot > 0"", ""declared_min"": null, ""variable_role"": ""parameter"", ""premise_state"": ""established"", ""authority"": ""source_arithmetic"", ""canonical_declaration"": ""AixLib.ThermalZones.ISO13790.BaseClasses.GainSurface.ATot"", ""contract_source"": ""equation"", ""premise_reason"": ""a source equation divides by this parameter, so the value is excluded by arithmetic rather than by intent"", ""note"": ""nothing bounds this declaration, so it permits values the component's own contract forbids""}",/data/mrumoca/eval/results_v3/aixlib/runtime_free.jsonl
aixlib,runtime-v3,AixLib.ThermalZones.ISO13790.BaseClasses.GainSurface,1,physical-intent-question,low,True,execution-not-completed,"{""domain"": ""thermal"", ""rule"": ""thermal.conductance.positive"", ""rule_origin"": ""heat flows from hot to cold; G <= 0 reverses the second law"", ""rule_reference"": """", ""matched_by"": {""quantity"": ""ThermalConductance"", ""unit"": ""W/K"", ""confidence"": ""QUANTITY_AND_UNIT"", ""premise_state"": ""unknown"", ""authority"": ""quantity_or_unit"", ""canonical_declaration"": ""AixLib.ThermalZones.ISO13790.BaseClasses.GainSurface.HWinGai""}, ""required"": ""HWinGai > 0"", ""declared_min"": null, ""variable_role"": ""parameter"", ""observation"": ""permissive-declaration"", ""premise_state"": ""unknown"", ""authority"": ""quantity_or_unit"", ""canonical_declaration"": ""AixLib.ThermalZones.ISO13790.BaseClasses.GainSurface.HWinGai"", ""question"": ""`HWinGai` carries no bound that would exclude it, which is unusual for a thermal conductance \u2014 but nothing declares what this component is, so the analyzer cannot tell whether it is intended. Is it? If so, declare it: add a component contract, or a `[[contracts]]` entry naming the intended `sign_domain`. If not, bound the declaration.""}",/data/mrumoca/eval/results_v3/aixlib/runtime_free.jsonl
aixlib,runtime-v3,AixLib.ThermalZones.ISO13790.BaseClasses.GainSurface,2,physical-zero-is-a-supported-limit,low,True,execution-not-completed,"{""domain"": ""fluid"", ""rule"": ""fluid.area.positive"", ""rule_origin"": ""a flow cross-section is a divisor in every velocity relation; zero area admits no flow and divides by zero"", ""rule_reference"": """", ""matched_by"": {""quantity"": ""Area"", ""unit"": ""m2"", ""confidence"": ""QUANTITY_AND_UNIT"", ""premise_state"": ""unknown"", ""authority"": ""quantity_or_unit"", ""canonical_declaration"": ""AixLib.ThermalZones.ISO13790.BaseClasses.GainSurface.AFlo""}, ""required"": ""AFlo > 0"", ""declared_min"": null, ""variable_role"": ""parameter"", ""premise_state"": ""refuted"", ""authority"": ""component_contract"", ""contract"": ""AixLib.ThermalZones.ISO13790.BaseClasses.GainSurface.AFlo: feature_disabled (proven, from equation) \u2014 the parameter appears only as a multiplier, so at zero the term it scales drops out and the rest of the model is unaffected"", ""contract_behavior"": ""feature_disabled"", ""contract_confidence"": ""proven"", ""contract_source"": ""equation"", ""note"": ""the positivity rule does not apply: this component documents zero as a meaningful limit, so reporting a missing bound would contradict its contract""}",/data/mrumoca/eval/results_v3/aixlib/runtime_free.jsonl
aixlib,runtime-v3,AixLib.ThermalZones.ISO13790.BaseClasses.GainSurface,3,initialization-failure,high,True,execution-not-completed,"{""failure_kind"": ""unknown"", ""reason"": ""ai=0 Simulating AixLib.ThermalZones.ISO13790.BaseClasses.GainSurface to t=1 with 4 trace point(s)... \u001b[31m\u001b[0m simulation failed: parameter `ATot` has neither a binding nor an initial \u001b[31m\u2502\u001b[0m value"", ""raw"": ""reading /tmp/tmp30k9wxqz/traced.rbc (bitcode v2, cbor) holding 2 free input(s) constant at their start values: intSenGai=0, solGai=0 Simulating AixLib.ThermalZones.ISO13790.BaseClasses.GainSurface to t=1 with 4 trace point(s)... \u001b[31m\u001b[0m simulation failed: parameter `ATot` has neither a binding nor an initial \u001b[31m\u2502\u001b[0m value"", ""tool_side"": false}",/data/mrumoca/eval/results_v3/aixlib/runtime_free.jsonl
aixlib,runtime-v3,AixLib.ThermalZones.ReducedOrder.Multizone.BaseClasses.FlowArrayRearranging,0,network-port-unconnected,low,False,execution-not-completed,"{""connector"": ""splPor[1]"", ""component"": ""<top level>"", ""component_class"": ""unknown"", ""flows_forced_to_zero"": ""splPor[1].Q_flow, splPor[1].Q_flow"", ""note"": ""nothing is connected to this port, so MLS \u00a79.2 forces its flow to zero. That is correct for a component compiled on its own and is not a defect; it is recorded because it is the commonest reason a model looks structurally singular""}",/data/mrumoca/eval/results_v3/aixlib/runtime_free.jsonl
aixlib,runtime-v3,AixLib.ThermalZones.ReducedOrder.Multizone.BaseClasses.FlowArrayRearranging,1,network-port-unconnected,low,False,execution-not-completed,"{""connector"": ""splPor[2]"", ""component"": ""<top level>"", ""component_class"": ""unknown"", ""flows_forced_to_zero"": ""splPor[2].Q_flow, splPor[2].Q_flow"", ""note"": ""nothing is connected to this port, so MLS \u00a79.2 forces its flow to zero. That is correct for a component compiled on its own and is not a defect; it is recorded because it is the commonest reason a model looks structurally singular""}",/data/mrumoca/eval/results_v3/aixlib/runtime_free.jsonl
aixlib,runtime-v3,AixLib.ThermalZones.ReducedOrder.Multizone.BaseClasses.FlowArrayRearranging,2,network-component-isolated,low,False,execution-not-completed,"{""component"": ""<top level>"", ""component_class"": ""unknown"", ""ports"": ""splPor[1], splPor[2]"", ""note"": ""every port of this instance is unconnected, so it exchanges nothing with the rest of the model while still contributing its equations""}",/data/mrumoca/eval/results_v3/aixlib/runtime_free.jsonl
aixlib,runtime-v3,AixLib.ThermalZones.ReducedOrder.Multizone.BaseClasses.FlowArrayRearranging,3,network-observation-incomplete,info,False,execution-not-completed,"{""reason"": ""missing or unsynchronized connector member observations"", ""note"": ""coverage gap, not a model defect""}",/data/mrumoca/eval/results_v3/aixlib/runtime_free.jsonl
aixlib,runtime-v3,AixLib.ThermalZones.ReducedOrder.Multizone.BaseClasses.FlowArrayRearranging,4,initialization-failure,high,False,execution-not-completed,"{""failure_kind"": ""singular-system"", ""reason"": ""sses.FlowArrayRearranging to t=1 with 4 trace point(s)... \u001b[31m\u001b[0m simulation failed: DAE structural proof failed: structurally singular \u001b[31m\u2502\u001b[0m system: 2 matched out of 4 equations and 4 unknowns"", ""raw"": ""reading /tmp/tmp6xmsdqg6/traced.rbc (bitcode v2, cbor) Simulating AixLib.ThermalZones.ReducedOrder.Multizone.BaseClasses.FlowArrayRearranging to t=1 with 4 trace point(s)... \u001b[31m\u001b[0m simulation failed: DAE structural proof failed: structurally singular \u001b[31m\u2502\u001b[0m system: 2 matched out of 4 equations and 4 unknowns"", ""tool_side"": false}",/data/mrumoca/eval/results_v3/aixlib/runtime_free.jsonl
aixlib,runtime-v3,AixLib.ThermalZones.ReducedOrder.Multizone.BaseClasses.AbsToRelHum,0,simulation-failure,high,True,execution-not-completed,"{""failure_kind"": ""singular-system"", ""reason"": ""imulation failed: algebraic refresh row 0 cannot isolate y[0]: singular \u001b[31m\u2502\u001b[0m coefficient -0 @ Span { source: SourceId(13596003038869979895), start: \u001b[31m\u2502\u001b[0m BytePos(1117), end: BytePos(1277) }"", ""raw"": ""reading /tmp/tmp9orjmsfq/traced.rbc (bitcode v2, cbor) holding 2 free input(s) constant at their start values: absHum=0, TDryBul=0 Simulating AixLib.ThermalZones.ReducedOrder.Multizone.BaseClasses.AbsToRelHum to t=1 with 3 trace point(s)... \u001b[31m\u001b[0m simulation failed: algebraic refresh row 0 cannot isolate y[0]: singular \u001b[31m\u2502\u001b[0m coefficient -0 @ Span { source: SourceId(13596003038869979895), s"", ""tool_side"": false}",/data/mrumoca/eval/results_v3/aixlib/runtime_free.jsonl
aixlib,runtime-v3,AixLib.ThermalZones.HighOrder.House.OFD_MiddleInnerLoadWall.EnergySystem.IdealHeaters.UpperFloor,0,network-boundary-port,low,True,hold-input-contract-validation,"{""node"": ""Con_Bedroom -- SourceConv_bedroom.port -- tempSensor_bedroom.port"", ""boundary_connectors"": ""Con_Bedroom"", ""wired_to"": ""SourceConv_bedroom.port, tempSensor_bedroom.port"", ""note"": ""this connector belongs to the model itself, not to a component inside it: the model is an interface compiled on its own, so the node is open on one side. Nothing forces its flow, which is why a structural matching reports an unmatched unknown here. Not a defect in the model""}",/data/mrumoca/eval/results_v3/aixlib/runtime_free.jsonl
aixlib,runtime-v3,AixLib.ThermalZones.HighOrder.House.OFD_MiddleInnerLoadWall.EnergySystem.IdealHeaters.UpperFloor,1,network-boundary-port,low,True,hold-input-contract-validation,"{""node"": ""Con_Chidlren1 -- SourceConv_children1.port -- tempSensor_children1.port"", ""boundary_connectors"": ""Con_Chidlren1"", ""wired_to"": ""SourceConv_children1.port, tempSensor_children1.port"", ""note"": ""this connector belongs to the model itself, not to a component inside it: the model is an interface compiled on its own, so the node is open on one side. Nothing forces its flow, which is why a structural matching reports an unmatched unknown here. Not a defect in the model""}",/data/mrumoca/eval/results_v3/aixlib/runtime_free.jsonl
aixlib,runtime-v3,AixLib.ThermalZones.HighOrder.House.OFD_MiddleInnerLoadWall.EnergySystem.IdealHeaters.UpperFloor,2,network-boundary-port,low,True,hold-input-contract-validation,"{""node"": ""Con_Bath -- SourceConv_bath.port -- tempSensor_bath.port"", ""boundary_connectors"": ""Con_Bath"", ""wired_to"": ""SourceConv_bath.port, tempSensor_bath.port"", ""note"": ""this connector belongs to the model itself, not to a component inside it: the model is an interface compiled on its own, so the node is open on one side. Nothing forces its flow, which is why a structural matching reports an unmatched unknown here. Not a defect in the model""}",/data/mrumoca/eval/results_v3/aixlib/runtime_free.jsonl
aixlib,runtime-v3,AixLib.ThermalZones.HighOrder.House.OFD_MiddleInnerLoadWall.EnergySystem.IdealHeaters.UpperFloor,3,network-boundary-port,low,True,hold-input-contract-validation,"{""node"": ""Con_Children2 -- SourceConv_children2.port -- tempSensor_children2.port"", ""boundary_connectors"": ""Con_Children2"", ""wired_to"": ""SourceConv_children2.port, tempSensor_children2.port"", ""note"": ""this connector belongs to the model itself, not to a component inside it: the model is an interface compiled on its own, so the node is open on one side. Nothing forces its flow, which is why a structural matching reports an unmatched unknown here. Not a defect in the model""}",/data/mrumoca/eval/results_v3/aixlib/runtime_free.jsonl
aixlib,runtime-v3,AixLib.ThermalZones.HighOrder.House.OFD_MiddleInnerLoadWall.EnergySystem.IdealHeaters.UpperFloor,4,network-boundary-port,low,True,hold-input-contract-validation,"{""node"": ""Rad_Children2 -- SourceRad_children2.port"", ""boundary_connectors"": ""Rad_Children2"", ""wired_to"": ""SourceRad_children2.port"", ""note"": ""this connector belongs to the model itself, not to a component inside it: the model is an interface compiled on its own, so the node is open on one side. Nothing forces its flow, which is why a structural matching reports an unmatched unknown here. Not a defect in the model""}",/data/mrumoca/eval/results_v3/aixlib/runtime_free.jsonl
aixlib,runtime-v3,AixLib.ThermalZones.HighOrder.House.OFD_MiddleInnerLoadWall.EnergySystem.IdealHeaters.UpperFloor,5,network-boundary-port,low,True,hold-input-contract-validation,"{""node"": ""Rad_Children1 -- SourceRad_children1.port"", ""boundary_connectors"": ""Rad_Children1"", ""wired_to"": ""SourceRad_children1.port"", ""note"": ""this connector belongs to the model itself, not to a component inside it: the model is an interface compiled on its own, so the node is open on one side. Nothing forces its flow, which is why a structural matching reports an unmatched unknown here. Not a defect in the model""}",/data/mrumoca/eval/results_v3/aixlib/runtime_free.jsonl
aixlib,runtime-v3,AixLib.ThermalZones.HighOrder.House.OFD_MiddleInnerLoadWall.EnergySystem.IdealHeaters.UpperFloor,6,network-boundary-port,low,True,hold-input-contract-validation,"{""node"": ""Rad_Bath -- SourceRad_bath.port"", ""boundary_connectors"": ""Rad_Bath"", ""wired_to"": ""SourceRad_bath.port"", ""note"": ""this connector belongs to the model itself, not to a component inside it: the model is an interface compiled on its own, so the node is open on one side. Nothing forces its flow, which is why a structural matching reports an unmatched unknown here. Not a defect in the model""}",/data/mrumoca/eval/results_v3/aixlib/runtime_free.jsonl
aixlib,runtime-v3,AixLib.ThermalZones.HighOrder.House.OFD_MiddleInnerLoadWall.EnergySystem.IdealHeaters.UpperFloor,7,network-boundary-port,low,True,hold-input-contract-validation,"{""node"": ""Rad_Bedroom -- SourceRad_bedroom.port"", ""boundary_connectors"": ""Rad_Bedroom"", ""wired_to"": ""SourceRad_bedroom.port"", ""note"": ""this connector belongs to the model itself, not to a component inside it: the model is an interface compiled on its own, so the node is open on one side. Nothing forces its flow, which is why a structural matching reports an unmatched unknown here. Not a defect in the model""}",/data/mrumoca/eval/results_v3/aixlib/runtime_free.jsonl
aixlib,runtime-v3,AixLib.ThermalZones.HighOrder.House.OFD_MiddleInnerLoadWall.EnergySystem.IdealHeaters.UpperFloor,8,network-boundary-port,low,True,hold-input-contract-validation,"{""node"": ""PI_bath -- PI_bath.Dzero -- PI_bath.FFzero -- PI_bath.I -- PI_bath.P -- PI_bath.addFF -- PI_bath.addI -- PI_bath.addP -- PI_bath.addPID -- PI_bath.addSat -- PI_bath.gainPID -- PI_bath.gainTrack -- PI_bath.limiter -- SourceConv_bath -- SourceRad_bath -- TSet_UF[3] -- gainConv_bath -- gainRad_bath -- tempSensor_bath"", ""boundary_connectors"": ""PI_bath, SourceConv_bath, SourceRad_bath, TSet_UF[3], gainConv_bath, gainRad_bath, tempSensor_bath"", ""wired_to"": ""PI_bath.Dzero, PI_bath.FFzero, PI_bath.I, PI_bath.P, PI_bath.addFF, PI_bath.addI, PI_bath.addP, PI_bath.addPID, PI_bath.addSat, PI_bath.gainPID, PI_bath.gainTrack, PI_bath.limiter"", ""note"": ""this connector belongs to the model itself, not to a component inside it: the model is an interface compiled on its own, so the node is open on one side. Nothing forces its flow, which is why a structural matching reports an unmatched unknown here. Not a defect in the model""}",/data/mrumoca/eval/results_v3/aixlib/runtime_free.jsonl
aixlib,runtime-v3,AixLib.ThermalZones.HighOrder.House.OFD_MiddleInnerLoadWall.EnergySystem.IdealHeaters.UpperFloor,9,network-boundary-port,low,True,hold-input-contract-validation,"{""node"": ""PI_bedroom -- PI_bedroom.Dzero -- PI_bedroom.FFzero -- PI_bedroom.I -- PI_bedroom.P -- PI_bedroom.addFF -- PI_bedroom.addI -- PI_bedroom.addP -- PI_bedroom.addPID -- PI_bedroom.addSat -- PI_bedroom.gainPID -- PI_bedroom.gainTrack -- PI_bedroom.limiter -- SourceConv_bedroom -- SourceRad_bedroom -- TSet_UF[1] -- gainConv_bedroom -- gainRad_bedroom -- tempSensor_bedroom"", ""boundary_connectors"": ""PI_bedroom, SourceConv_bedroom, SourceRad_bedroom, TSet_UF[1], gainConv_bedroom, gainRad_bedroom, tempSensor_bedroom"", ""wired_to"": ""PI_bedroom.Dzero, PI_bedroom.FFzero, PI_bedroom.I, PI_bedroom.P, PI_bedroom.addFF, PI_bedroom.addI, PI_bedroom.addP, PI_bedroom.addPID, PI_bedroom.addSat, PI_bedroom.gainPID, PI_bedroom.gainTrack, PI_bedroom.limiter"", ""note"": ""this connector belongs to the model itself, not to a component inside it: the model is an interface compiled on its own, so the node is open on one side. Nothing forces its flow, which is why a structural matching reports an unmatched unknown here. Not a defect in the model""}",/data/mrumoca/eval/results_v3/aixlib/runtime_free.jsonl
aixlib,runtime-v3,AixLib.ThermalZones.HighOrder.House.OFD_MiddleInnerLoadWall.EnergySystem.IdealHeaters.UpperFloor,10,network-boundary-port,low,True,hold-input-contract-validation,"{""node"": ""PI_children1 -- PI_children1.Dzero -- PI_children1.FFzero -- PI_children1.I -- PI_children1.P -- PI_children1.addFF -- PI_children1.addI -- PI_children1.addP -- PI_children1.addPID -- PI_children1.addSat -- PI_children1.gainPID -- PI_children1.gainTrack -- PI_children1.limiter -- SourceConv_children1 -- SourceRad_children1 -- TSet_UF[2] -- gainConv_children1 -- gainRad_children1 -- tempSensor_children1"", ""boundary_connectors"": ""PI_children1, SourceConv_children1, SourceRad_children1, TSet_UF[2], gainConv_children1, gainRad_children1, tempSensor_children1"", ""wired_to"": ""PI_children1.Dzero, PI_children1.FFzero, PI_children1.I, PI_children1.P, PI_children1.addFF, PI_children1.addI, PI_children1.addP, PI_children1.addPID, PI_children1.addSat, PI_children1.gainPID, PI_children1.gainTrack, PI_children1.limiter"", ""note"": ""this connector belongs to the model itself, not to a component inside it: the model is an interface compiled on its own, so the node is open on one side. Nothing forces its flow, which is why a structural matching reports an unmatched unknown here. Not a defect in the model""}",/data/mrumoca/eval/results_v3/aixlib/runtime_free.jsonl
aixlib,runtime-v3,AixLib.ThermalZones.HighOrder.House.OFD_MiddleInnerLoadWall.EnergySystem.IdealHeaters.UpperFloor,11,network-boundary-port,low,True,hold-input-contract-validation,"{""node"": ""PI_children2 -- PI_children2.Dzero -- PI_children2.FFzero -- PI_children2.I -- PI_children2.P -- PI_children2.addFF -- PI_children2.addI -- PI_children2.addP -- PI_children2.addPID -- PI_children2.addSat -- PI_children2.gainPID -- PI_children2.gainTrack -- PI_children2.limiter -- SourceConv_children2 -- SourceRad_children2 -- TSet_UF[4] -- gainConv_children2 -- gainRad_children2 -- tempSensor_children2"", ""boundary_connectors"": ""PI_children2, SourceConv_children2, SourceRad_children2, TSet_UF[4], gainConv_children2, gainRad_children2, tempSensor_children2"", ""wired_to"": ""PI_children2.Dzero, PI_children2.FFzero, PI_children2.I, PI_children2.P, PI_children2.addFF, PI_children2.addI, PI_children2.addP, PI_children2.addPID, PI_children2.addSat, PI_children2.gainPID, PI_children2.gainTrack, PI_children2.limiter"", ""note"": ""this connector belongs to the model itself, not to a component inside it: the model is an interface compiled on its own, so the node is open on one side. Nothing forces its flow, which is why a structural matching reports an unmatched unknown here. Not a defect in the model""}",/data/mrumoca/eval/results_v3/aixlib/runtime_free.jsonl
aixlib,runtime-v3,AixLib.ThermalZones.HighOrder.House.OFD_MiddleInnerLoadWall.EnergySystem.IdealHeaters.GroundFloor,0,network-boundary-port,low,True,hold-input-contract-validation,"{""node"": ""Con_Livingroom -- SourceConv_livingroom.port -- tempSensor_livingroom.port"", ""boundary_connectors"": ""Con_Livingroom"", ""wired_to"": ""SourceConv_livingroom.port, tempSensor_livingroom.port"", ""note"": ""this connector belongs to the model itself, not to a component inside it: the model is an interface compiled on its own, so the node is open on one side. Nothing forces its flow, which is why a structural matching reports an unmatched unknown here. Not a defect in the model""}",/data/mrumoca/eval/results_v3/aixlib/runtime_free.jsonl
aixlib,runtime-v3,AixLib.ThermalZones.HighOrder.House.OFD_MiddleInnerLoadWall.EnergySystem.IdealHeaters.GroundFloor,1,network-boundary-port,low,True,hold-input-contract-validation,"{""node"": ""Rad_Livingroom -- SourceRad_livingroom.port"", ""boundary_connectors"": ""Rad_Livingroom"", ""wired_to"": ""SourceRad_livingroom.port"", ""note"": ""this connector belongs to the model itself, not to a component inside it: the model is an interface compiled on its own, so the node is open on one side. Nothing forces its flow, which is why a structural matching reports an unmatched unknown here. Not a defect in the model""}",/data/mrumoca/eval/results_v3/aixlib/runtime_free.jsonl
aixlib,runtime-v3,AixLib.ThermalZones.HighOrder.House.OFD_MiddleInnerLoadWall.EnergySystem.IdealHeaters.GroundFloor,2,network-boundary-port,low,True,hold-input-contract-validation,"{""node"": ""Con_Kitchen -- SourceConv_kitchen.port -- tempSensor_kitchen.port"", ""boundary_connectors"": ""Con_Kitchen"", ""wired_to"": ""SourceConv_kitchen.port, tempSensor_kitchen.port"", ""note"": ""this connector belongs to the model itself, not to a component inside it: the model is an interface compiled on its own, so the node is open on one side. Nothing forces its flow, which is why a structural matching reports an unmatched unknown here. Not a defect in the model""}",/data/mrumoca/eval/results_v3/aixlib/runtime_free.jsonl
aixlib,runtime-v3,AixLib.ThermalZones.HighOrder.House.OFD_MiddleInnerLoadWall.EnergySystem.IdealHeaters.GroundFloor,3,network-boundary-port,low,True,hold-input-contract-validation,"{""node"": ""Rad_Kitchen -- SourceRad_kitchen.port"", ""boundary_connectors"": ""Rad_Kitchen"", ""wired_to"": ""SourceRad_kitchen.port"", ""note"": ""this connector belongs to the model itself, not to a component inside it: the model is an interface compiled on its own, so the node is open on one side. Nothing forces its flow, which is why a structural matching reports an unmatched unknown here. Not a defect in the model""}",/data/mrumoca/eval/results_v3/aixlib/runtime_free.jsonl
aixlib,runtime-v3,AixLib.ThermalZones.HighOrder.House.OFD_MiddleInnerLoadWall.EnergySystem.IdealHeaters.GroundFloor,4,network-boundary-port,low,True,hold-input-contract-validation,"{""node"": ""Con_Storage -- SourceConv_WC.port -- tempSensor_WC.port"", ""boundary_connectors"": ""Con_Storage"", ""wired_to"": ""SourceConv_WC.port, tempSensor_WC.port"", ""note"": ""this connector belongs to the model itself, not to a component inside it: the model is an interface compiled on its own, so the node is open on one side. Nothing forces its flow, which is why a structural matching reports an unmatched unknown here. Not a defect in the model""}",/data/mrumoca/eval/results_v3/aixlib/runtime_free.jsonl
aixlib,runtime-v3,AixLib.ThermalZones.HighOrder.House.OFD_MiddleInnerLoadWall.EnergySystem.IdealHeaters.GroundFloor,5,network-boundary-port,low,True,hold-input-contract-validation,"{""node"": ""Rad_WC -- SourceRad_WC.port"", ""boundary_connectors"": ""Rad_WC"", ""wired_to"": ""SourceRad_WC.port"", ""note"": ""this connector belongs to the model itself, not to a component inside it: the model is an interface compiled on its own, so the node is open on one side. Nothing forces its flow, which is why a structural matching reports an unmatched unknown here. Not a defect in the model""}",/data/mrumoca/eval/results_v3/aixlib/runtime_free.jsonl
aixlib,runtime-v3,AixLib.ThermalZones.HighOrder.House.OFD_MiddleInnerLoadWall.EnergySystem.IdealHeaters.GroundFloor,6,network-boundary-port,low,True,hold-input-contract-validation,"{""node"": ""Con_Corridor -- SourceConv_corridor.port -- tempSensor_corridor.port"", ""boundary_connectors"": ""Con_Corridor"", ""wired_to"": ""SourceConv_corridor.port, tempSensor_corridor.port"", ""note"": ""this connector belongs to the model itself, not to a component inside it: the model is an interface compiled on its own, so the node is open on one side. Nothing forces its flow, which is why a structural matching reports an unmatched unknown here. Not a defect in the model""}",/data/mrumoca/eval/results_v3/aixlib/runtime_free.jsonl
aixlib,runtime-v3,AixLib.ThermalZones.HighOrder.House.OFD_MiddleInnerLoadWall.EnergySystem.IdealHeaters.GroundFloor,7,network-boundary-port,low,True,hold-input-contract-validation,"{""node"": ""Rad_Corridor -- SourceRad_corridor.port"", ""boundary_connectors"": ""Rad_Corridor"", ""wired_to"": ""SourceRad_corridor.port"", ""note"": ""this connector belongs to the model itself, not to a component inside it: the model is an interface compiled on its own, so the node is open on one side. Nothing forces its flow, which is why a structural matching reports an unmatched unknown here. Not a defect in the model""}",/data/mrumoca/eval/results_v3/aixlib/runtime_free.jsonl
aixlib,runtime-v3,AixLib.ThermalZones.HighOrder.House.OFD_MiddleInnerLoadWall.EnergySystem.IdealHeaters.GroundFloor,8,network-boundary-port,low,True,hold-input-contract-validation,"{""node"": ""Con_Hobby -- SourceConv_hobby.port -- tempSensor_hobby.port"", ""boundary_connectors"": ""Con_Hobby"", ""wired_to"": ""SourceConv_hobby.port, tempSensor_hobby.port"", ""note"": ""this connector belongs to the model itself, not to a component inside it: the model is an interface compiled on its own, so the node is open on one side. Nothing forces its flow, which is why a structural matching reports an unmatched unknown here. Not a defect in the model""}",/data/mrumoca/eval/results_v3/aixlib/runtime_free.jsonl
aixlib,runtime-v3,AixLib.ThermalZones.HighOrder.House.OFD_MiddleInnerLoadWall.EnergySystem.IdealHeaters.GroundFloor,9,network-boundary-port,low,True,hold-input-contract-validation,"{""node"": ""Rad_Hobby -- SourceRad_hobby.port"", ""boundary_connectors"": ""Rad_Hobby"", ""wired_to"": ""SourceRad_hobby.port"", ""note"": ""this connector belongs to the model itself, not to a component inside it: the model is an interface compiled on its own, so the node is open on one side. Nothing forces its flow, which is why a structural matching reports an unmatched unknown here. Not a defect in the model""}",/data/mrumoca/eval/results_v3/aixlib/runtime_free.jsonl
aixlib,runtime-v3,AixLib.ThermalZones.HighOrder.House.OFD_MiddleInnerLoadWall.EnergySystem.IdealHeaters.GroundFloor,10,network-boundary-port,low,True,hold-input-contract-validation,"{""node"": ""PI_corridor -- PI_corridor.Dzero -- PI_corridor.FFzero -- PI_corridor.I -- PI_corridor.P -- PI_corridor.addFF -- PI_corridor.addI -- PI_corridor.addP -- PI_corridor.addPID -- PI_corridor.addSat -- PI_corridor.gainPID -- PI_corridor.gainTrack -- PI_corridor.limiter -- SourceConv_corridor -- SourceRad_corridor -- TSet_GF[3] -- gainConv_corridor -- gainRad_corridor -- tempSensor_corridor"", ""boundary_connectors"": ""PI_corridor, SourceConv_corridor, SourceRad_corridor, TSet_GF[3], gainConv_corridor, gainRad_corridor, tempSensor_corridor"", ""wired_to"": ""PI_corridor.Dzero, PI_corridor.FFzero, PI_corridor.I, PI_corridor.P, PI_corridor.addFF, PI_corridor.addI, PI_corridor.addP, PI_corridor.addPID, PI_corridor.addSat, PI_corridor.gainPID, PI_corridor.gainTrack, PI_corridor.limiter"", ""note"": ""this connector belongs to the model itself, not to a component inside it: the model is an interface compiled on its own, so the node is open on one side. Nothing forces its flow, which is why a structural matching reports an unmatched unknown here. Not a defect in the model""}",/data/mrumoca/eval/results_v3/aixlib/runtime_free.jsonl
aixlib,runtime-v3,AixLib.ThermalZones.HighOrder.House.OFD_MiddleInnerLoadWall.EnergySystem.IdealHeaters.GroundFloor,11,network-boundary-port,low,True,hold-input-contract-validation,"{""node"": ""PI_WC -- PI_WC.Dzero -- PI_WC.FFzero -- PI_WC.I -- PI_WC.P -- PI_WC.addFF -- PI_WC.addI -- PI_WC.addP -- PI_WC.addPID -- PI_WC.addSat -- PI_WC.gainPID -- PI_WC.gainTrack -- PI_WC.limiter -- SourceConv_WC -- SourceRad_WC -- TSet_GF[4] -- gainConv_WC -- gainRad_WC -- tempSensor_WC"", ""boundary_connectors"": ""PI_WC, SourceConv_WC, SourceRad_WC, TSet_GF[4], gainConv_WC, gainRad_WC, tempSensor_WC"", ""wired_to"": ""PI_WC.Dzero, PI_WC.FFzero, PI_WC.I, PI_WC.P, PI_WC.addFF, PI_WC.addI, PI_WC.addP, PI_WC.addPID, PI_WC.addSat, PI_WC.gainPID, PI_WC.gainTrack, PI_WC.limiter"", ""note"": ""this connector belongs to the model itself, not to a component inside it: the model is an interface compiled on its own, so the node is open on one side. Nothing forces its flow, which is why a structural matching reports an unmatched unknown here. Not a defect in the model""}",/data/mrumoca/eval/results_v3/aixlib/runtime_free.jsonl
aixlib,runtime-v3,AixLib.ThermalZones.HighOrder.House.OFD_MiddleInnerLoadWall.EnergySystem.IdealHeaters.GroundFloor,12,network-boundary-port,low,True,hold-input-contract-validation,"{""node"": ""PI_hobby -- PI_hobby.Dzero -- PI_hobby.FFzero -- PI_hobby.I -- PI_hobby.P -- PI_hobby.addFF -- PI_hobby.addI -- PI_hobby.addP -- PI_hobby.addPID -- PI_hobby.addSat -- PI_hobby.gainPID -- PI_hobby.gainTrack -- PI_hobby.limiter -- SourceConv_hobby -- SourceRad_hobby -- TSet_GF[2] -- gainConv_hobby -- gainRad_hobby -- tempSensor_hobby"", ""boundary_connectors"": ""PI_hobby, SourceConv_hobby, SourceRad_hobby, TSet_GF[2], gainConv_hobby, gainRad_hobby, tempSensor_hobby"", ""wired_to"": ""PI_hobby.Dzero, PI_hobby.FFzero, PI_hobby.I, PI_hobby.P, PI_hobby.addFF, PI_hobby.addI, PI_hobby.addP, PI_hobby.addPID, PI_hobby.addSat, PI_hobby.gainPID, PI_hobby.gainTrack, PI_hobby.limiter"", ""note"": ""this connector belongs to the model itself, not to a component inside it: the model is an interface compiled on its own, so the node is open on one side. Nothing forces its flow, which is why a structural matching reports an unmatched unknown here. Not a defect in the model""}",/data/mrumoca/eval/results_v3/aixlib/runtime_free.jsonl
aixlib,runtime-v3,AixLib.ThermalZones.HighOrder.House.OFD_MiddleInnerLoadWall.EnergySystem.IdealHeaters.GroundFloor,13,network-boundary-port,low,True,hold-input-contract-validation,"{""node"": ""PI_kitchen -- PI_kitchen.Dzero -- PI_kitchen.FFzero -- PI_kitchen.I -- PI_kitchen.P -- PI_kitchen.addFF -- PI_kitchen.addI -- PI_kitchen.addP -- PI_kitchen.addPID -- PI_kitchen.addSat -- PI_kitchen.gainPID -- PI_kitchen.gainTrack -- PI_kitchen.limiter -- SourceConv_kitchen -- SourceRad_kitchen -- TSet_GF[5] -- gainConv_kitchen -- gainRad_kitchen -- tempSensor_kitchen"", ""boundary_connectors"": ""PI_kitchen, SourceConv_kitchen, SourceRad_kitchen, TSet_GF[5], gainConv_kitchen, gainRad_kitchen, tempSensor_kitchen"", ""wired_to"": ""PI_kitchen.Dzero, PI_kitchen.FFzero, PI_kitchen.I, PI_kitchen.P, PI_kitchen.addFF, PI_kitchen.addI, PI_kitchen.addP, PI_kitchen.addPID, PI_kitchen.addSat, PI_kitchen.gainPID, PI_kitchen.gainTrack, PI_kitchen.limiter"", ""note"": ""this connector belongs to the model itself, not to a component inside it: the model is an interface compiled on its own, so the node is open on one side. Nothing forces its flow, which is why a structural matching reports an unmatched unknown here. Not a defect in the model""}",/data/mrumoca/eval/results_v3/aixlib/runtime_free.jsonl
aixlib,runtime-v3,AixLib.ThermalZones.HighOrder.House.OFD_MiddleInnerLoadWall.EnergySystem.IdealHeaters.GroundFloor,14,network-boundary-port,low,True,hold-input-contract-validation,"{""node"": ""PI_livingroom -- PI_livingroom.Dzero -- PI_livingroom.FFzero -- PI_livingroom.I -- PI_livingroom.P -- PI_livingroom.addFF -- PI_livingroom.addI -- PI_livingroom.addP -- PI_livingroom.addPID -- PI_livingroom.addSat -- PI_livingroom.gainPID -- PI_livingroom.gainTrack -- PI_livingroom.limiter -- SourceConv_livingroom -- SourceRad_livingroom -- TSet_GF[1] -- gainConv_livinrgoom -- gainRad_livinrgoom -- tempSensor_livingroom"", ""boundary_connectors"": ""PI_livingroom, SourceConv_livingroom, SourceRad_livingroom, TSet_GF[1], gainConv_livinrgoom, gainRad_livinrgoom, tempSensor_livingroom"", ""wired_to"": ""PI_livingroom.Dzero, PI_livingroom.FFzero, PI_livingroom.I, PI_livingroom.P, PI_livingroom.addFF, PI_livingroom.addI, PI_livingroom.addP, PI_livingroom.addPID, PI_livingroom.addSat, PI_livingroom.gainPID, PI_livingroom.gainTrack, PI_livingroom.limiter"", ""note"": ""this connector belongs to the model itself, not to a component inside it: the model is an interface compiled on its own, so the node is open on one side. Nothing forces its flow, which is why a structural matching reports an unmatched unknown here. Not a defect in the model""}",/data/mrumoca/eval/results_v3/aixlib/runtime_free.jsonl
aixlib,runtime-v3,AixLib.ThermalZones.ReducedOrder.Multizone.BaseClasses.RelToAbsHum,0,simulation-failure,high,True,execution-not-completed,"{""failure_kind"": ""singular-system"", ""reason"": ""simulation failed: algebraic refresh row 0 cannot isolate y[0]: singular \u001b[31m\u2502\u001b[0m coefficient 0 @ Span { source: SourceId(12030750391798279397), start: \u001b[31m\u2502\u001b[0m BytePos(1117), end: BytePos(1277) }"", ""raw"": ""reading /tmp/tmpuvwq7wxs/traced.rbc (bitcode v2, cbor) holding 2 free input(s) constant at their start values: relHum=0, TDryBul=0 Simulating AixLib.ThermalZones.ReducedOrder.Multizone.BaseClasses.RelToAbsHum to t=1 with 3 trace point(s)... \u001b[31m\u001b[0m simulation failed: algebraic refresh row 0 cannot isolate y[0]: singular \u001b[31m\u2502\u001b[0m coefficient 0 @ Span { source: SourceId(12030750391798279397), st"", ""tool_side"": false}",/data/mrumoca/eval/results_v3/aixlib/runtime_free.jsonl
aixlib,runtime-v3,AixLib.ThermalZones.ReducedOrder.Windows.BaseClasses.Conversions.to_HDirNor,0,simulation-failure,high,True,execution-not-completed,"{""failure_kind"": ""non-finite-value"", ""reason"": ""ace point(s)... \u001b[31m\u001b[0m simulation failed: non-finite (NaN) value computed for `HDirNor` @ Span \u001b[31m\u2502\u001b[0m { source: SourceId(960831454945223135), start: BytePos(794), end: \u001b[31m\u2502\u001b[0m BytePos(839) }"", ""raw"": ""reading /tmp/tmpwf_onwdn/traced.rbc (bitcode v2, cbor) holding 2 free input(s) constant at their start values: alt=0, HDirHor=0 Simulating AixLib.ThermalZones.ReducedOrder.Windows.BaseClasses.Conversions.to_HDirNor to t=1 with 3 trace point(s)... \u001b[31m\u001b[0m simulation failed: non-finite (NaN) value computed for `HDirNor` @ Span \u001b[31m\u2502\u001b[0m { source: SourceId(960831454945223135), start: BytePos(794),"", ""tool_side"": false}",/data/mrumoca/eval/results_v3/aixlib/runtime_free.jsonl
aixlib,runtime-v3,AixLib.ThermalZones.ReducedOrder.SolarGain.CorrectionGTaueDoublePane,0,initialization-failure,high,True,execution-not-completed,"{""failure_kind"": ""unknown"", ""reason"": ""ixLib.ThermalZones.ReducedOrder.SolarGain.CorrectionGTaueDoublePane to t=1 with 45 trace point(s)... \u001b[31m\u001b[0m simulation failed: parameter `UWin` has neither a binding nor an initial \u001b[31m\u2502\u001b[0m value"", ""raw"": ""reading /tmp/tmpvgljys63/traced.rbc (bitcode v2, cbor) holding 2 free input(s) constant at their start values: incAng[1]=0, sunscreen[1]=0 Simulating AixLib.ThermalZones.ReducedOrder.SolarGain.CorrectionGTaueDoublePane to t=1 with 45 trace point(s)... \u001b[31m\u001b[0m simulation failed: parameter `UWin` has neither a binding nor an initial \u001b[31m\u2502\u001b[0m value"", ""tool_side"": false}",/data/mrumoca/eval/results_v3/aixlib/runtime_free.jsonl
aixlib,runtime-v3,AixLib.ThermalZones.ReducedOrder.SolarGain.SimpleExternalShading,0,network-boundary-port,low,True,hold-input-contract-validation,"{""node"": ""corrIrr[1] -- gValueShading[1] -- greaterShadingThreshold[1] -- noShading[1] -- product[1] -- shadingFactor[1] -- solRadTot[1] -- solRadWin[1] -- switchShading[1]"", ""boundary_connectors"": ""corrIrr[1], gValueShading[1], greaterShadingThreshold[1], noShading[1], product[1], shadingFactor[1], solRadTot[1], solRadWin[1], switchShading[1]"", ""wired_to"": ""nothing"", ""note"": ""this connector belongs to the model itself, not to a component inside it: the model is an interface compiled on its own, so the node is open on one side. Nothing forces its flow, which is why a structural matching reports an unmatched unknown here. Not a defect in the model""}",/data/mrumoca/eval/results_v3/aixlib/runtime_free.jsonl
aixlib,runtime-v3,AixLib.ThermalZones.ReducedOrder.Windows.BaseClasses.HeatIllumination,0,initialization-failure,high,True,execution-not-completed,"{""failure_kind"": ""unknown"", ""reason"": ""xLib.ThermalZones.ReducedOrder.Windows.BaseClasses.HeatIllumination to t=1 with 2 trace point(s)... \u001b[31m\u001b[0m simulation failed: parameter `HIll1` has neither a binding nor an initial \u001b[31m\u2502\u001b[0m value"", ""raw"": ""reading /tmp/tmpoy4vd6d1/traced.rbc (bitcode v2, cbor) holding 1 free input(s) constant at their start values: Illumination=0 Simulating AixLib.ThermalZones.ReducedOrder.Windows.BaseClasses.HeatIllumination to t=1 with 2 trace point(s)... \u001b[31m\u001b[0m simulation failed: parameter `HIll1` has neither a binding nor an initial \u001b[31m\u2502\u001b[0m value"", ""tool_side"": false}",/data/mrumoca/eval/results_v3/aixlib/runtime_free.jsonl
aixlib,runtime-v3,AixLib.ThermalZones.ReducedOrder.Windows.BaseClasses.HVisible,0,initialization-failure,high,True,execution-not-completed,"{""failure_kind"": ""unknown"", ""reason"": ""ng AixLib.ThermalZones.ReducedOrder.Windows.BaseClasses.HVisible to t=1 with 18 trace point(s)... \u001b[31m\u001b[0m simulation failed: parameter `tau_vis` has neither a binding nor an initial \u001b[31m\u2502\u001b[0m value"", ""raw"": ""reading /tmp/tmpfej6ss7t/traced.rbc (bitcode v2, cbor) holding 12 free input(s) constant at their start values: sunscreen[1]=0, corTaue_Dir[1]=0, corTaue_DifCle[1]=0, corTaue_DifCov[1]=0, corTaue_Gro[1]=0, alt=0, HDirTil[1]=0, HDirNor=0, HDifHorCov=0, HDifHorCle=0, HDifTilCov[1]=0, HDifTilCle[1]=0 Simulating AixLib.ThermalZones.ReducedOrder.Windows.BaseClasses.HVisible to t=1 with 18 trace point(s"", ""tool_side"": false}",/data/mrumoca/eval/results_v3/aixlib/runtime_free.jsonl
aixlib,runtime-v3,AixLib.ThermalZones.ReducedOrder.Windows.BaseClasses.SkylineShadowing,0,simulation-failure,high,True,execution-not-completed,"{""failure_kind"": ""unknown"", ""reason"": ""n failed: DAE system is not computable: continuous algebraic row 0 \u001b[31m\u2502\u001b[0m cannot resolve its derivative reads: DAE system is not computable: minimum \u001b[31m\u2502\u001b[0m and maximum require a nonempty array"", ""raw"": ""reading /tmp/tmpcd6newk9/traced.rbc (bitcode v2, cbor) holding 1 free input(s) constant at their start values: solAzi=0 Simulating AixLib.ThermalZones.ReducedOrder.Windows.BaseClasses.SkylineShadowing to t=1 with 3 trace point(s)... \u001b[31m\u001b[0m simulation failed: DAE system is not computable: continuous algebraic row 0 \u001b[31m\u2502\u001b[0m cannot resolve its derivative reads: DAE system is not computable: min"", ""tool_side"": false}",/data/mrumoca/eval/results_v3/aixlib/runtime_free.jsonl
aixlib,runtime-v3,AixLib.ThermalZones.ReducedOrder.Windows.BaseClasses.SelfShadowing,0,initialization-failure,high,True,execution-not-completed,"{""failure_kind"": ""unknown"", ""reason"": ""t=0 Simulating AixLib.ThermalZones.ReducedOrder.Windows.BaseClasses.SelfShadowing to t=1 with 14 trace point(s)... \u001b[31m\u001b[0m simulation failed: parameter `b` has neither a binding nor an initial value"", ""raw"": ""reading /tmp/tmpq0ox0_x0/traced.rbc (bitcode v2, cbor) holding 3 free input(s) constant at their start values: incAng[1]=0, solAzi=0, alt=0 Simulating AixLib.ThermalZones.ReducedOrder.Windows.BaseClasses.SelfShadowing to t=1 with 14 trace point(s)... \u001b[31m\u001b[0m simulation failed: parameter `b` has neither a binding nor an initial value"", ""tool_side"": false}",/data/mrumoca/eval/results_v3/aixlib/runtime_free.jsonl
aixlib,runtime-v3,AixLib.ThermalZones.ReducedOrder.Windows.BaseClasses.Illumination,0,physical-intent-question,low,True,execution-not-completed,"{""domain"": ""fluid"", ""rule"": ""fluid.area.positive"", ""rule_origin"": ""a flow cross-section is a divisor in every velocity relation; zero area admits no flow and divides by zero"", ""rule_reference"": """", ""matched_by"": {""quantity"": ""Area"", ""unit"": ""m2"", ""confidence"": ""QUANTITY_AND_UNIT"", ""premise_state"": ""unknown"", ""authority"": ""quantity_or_unit"", ""canonical_declaration"": ""AixLib.ThermalZones.ReducedOrder.Windows.BaseClasses.Illumination.A""}, ""required"": ""A > 0"", ""declared_min"": null, ""variable_role"": ""parameter"", ""observation"": ""permissive-declaration"", ""premise_state"": ""unknown"", ""authority"": ""quantity_or_unit"", ""canonical_declaration"": ""AixLib.ThermalZones.ReducedOrder.Windows.BaseClasses.Illumination.A"", ""question"": ""`A` carries no bound that would exclude it, which is unusual for an area \u2014 but nothing declares what this component is, so the analyzer cannot tell whether it is intended. Is it? If so, declare it: add a component contract, or a `[[contracts]]` entry naming the intended `sign_domain`. If not, bound the declaration.""}",/data/mrumoca/eval/results_v3/aixlib/runtime_free.jsonl
aixlib,runtime-v3,AixLib.ThermalZones.ReducedOrder.Windows.BaseClasses.Illumination,1,initialization-failure,high,True,execution-not-completed,"{""failure_kind"": ""unknown"", ""reason"": ""ng AixLib.ThermalZones.ReducedOrder.Windows.BaseClasses.Illumination to t=1 with 10 trace point(s)... \u001b[31m\u001b[0m simulation failed: parameter `til` has neither a binding nor an initial \u001b[31m\u2502\u001b[0m value"", ""raw"": ""reading /tmp/tmpl9m0i6mm/traced.rbc (bitcode v2, cbor) holding 4 free input(s) constant at their start values: HVis[1]=0, corTaue_DifCov[1]=0, corTaue_Gro[1]=0, e_ILim=0 Simulating AixLib.ThermalZones.ReducedOrder.Windows.BaseClasses.Illumination to t=1 with 10 trace point(s)... \u001b[31m\u001b[0m simulation failed: parameter `til` has neither a binding nor an initial \u001b[31m\u2502\u001b[0m value"", ""tool_side"": false}",/data/mrumoca/eval/results_v3/aixlib/runtime_free.jsonl
aixlib,runtime-v3,AixLib.ThermalZones.ReducedOrder.Windows.BaseClasses.ShadedWindow,0,network-boundary-port,low,True,execution-not-completed,"{""node"": ""HDifHor -- HDifTil -- HDirNor -- HDirTil[1] -- HVis -- HWin -- alt -- boolToReal -- greater -- incAng -- nTot -- productSelfShadowing[1] -- productSkylineShadowing[1] -- selfShadowing -- skylineShadow -- solAzi -- window -- window.CorGTaue -- window.HVisible -- window.HWindow -- window.hDif_toClearCovered[1] -- window.sunblind[1]"", ""boundary_connectors"": ""HDifHor, HDifTil, HDirNor, HDirTil[1], HVis, HWin, alt, boolToReal, greater, incAng, nTot, productSelfShadowing[1], productSkylineShadowing[1], selfShadowing, skylineShadow, solAzi, window"", ""wired_to"": ""window.CorGTaue, window.HVisible, window.HWindow, window.hDif_toClearCovered[1], window.sunblind[1]"", ""note"": ""this connector belongs to the model itself, not to a component inside it: the model is an interface compiled on its own, so the node is open on one side. Nothing forces its flow, which is why a structural matching reports an unmatched unknown here. Not a defect in the model""}",/data/mrumoca/eval/results_v3/aixlib/runtime_free.jsonl
aixlib,runtime-v3,AixLib.ThermalZones.ReducedOrder.Windows.BaseClasses.ShadedWindow,1,network-observation-incomplete,info,True,execution-not-completed,"{""reason"": ""missing or unsynchronized connector member observations"", ""note"": ""coverage gap, not a model defect""}",/data/mrumoca/eval/results_v3/aixlib/runtime_free.jsonl
aixlib,runtime-v3,AixLib.ThermalZones.ReducedOrder.Windows.BaseClasses.ShadedWindow,2,simulation-failure,high,True,execution-not-completed,"{""failure_kind"": ""unknown"", ""reason"": ""n failed: DAE system is not computable: continuous algebraic row 7 \u001b[31m\u2502\u001b[0m cannot resolve its derivative reads: DAE system is not computable: minimum \u001b[31m\u2502\u001b[0m and maximum require a nonempty array"", ""raw"": ""reading /tmp/tmpm4r6yvee/traced.rbc (bitcode v2, cbor) holding 8 free input(s) constant at their start values: incAng[1]=0, solAzi=0, alt=0, nTot=0, HDirTil[1]=0, HDirNor=0, HDifHor=0, HDifTil[1]=0 Simulating AixLib.ThermalZones.ReducedOrder.Windows.BaseClasses.ShadedWindow to t=1 with 134 trace point(s)... \u001b[31m\u001b[0m simulation failed: DAE system is not computable: continuous algebraic row 7 \u001b[31m"", ""tool_side"": false}",/data/mrumoca/eval/results_v3/aixlib/runtime_free.jsonl
aixlib,runtime-v3,AixLib.ThermalZones.ReducedOrder.Windows.BaseClasses.Sunblind,0,initialization-failure,high,True,execution-not-completed,"{""failure_kind"": ""unknown"", ""reason"": ""ulating AixLib.ThermalZones.ReducedOrder.Windows.BaseClasses.Sunblind to t=1 with 3 trace point(s)... \u001b[31m\u001b[0m simulation failed: parameter `lim` has neither a binding nor an initial \u001b[31m\u2502\u001b[0m value"", ""raw"": ""reading /tmp/tmprq1gjkbn/traced.rbc (bitcode v2, cbor) holding 2 free input(s) constant at their start values: HDifTil=0, HDirTil=0 Simulating AixLib.ThermalZones.ReducedOrder.Windows.BaseClasses.Sunblind to t=1 with 3 trace point(s)... \u001b[31m\u001b[0m simulation failed: parameter `lim` has neither a binding nor an initial \u001b[31m\u2502\u001b[0m value"", ""tool_side"": false}",/data/mrumoca/eval/results_v3/aixlib/runtime_free.jsonl
aixlib,runtime-v3,AixLib.ThermalZones.ReducedOrder.Windows.Validation.BaseClasses.IncidenceAngleVDI6007,0,initialization-failure,high,True,execution-not-completed,"{""failure_kind"": ""unknown"", ""reason"": ""nes.ReducedOrder.Windows.Validation.BaseClasses.IncidenceAngleVDI6007 to t=1 with 3 trace point(s)... \u001b[31m\u001b[0m simulation failed: parameter `azi` has neither a binding nor an initial \u001b[31m\u2502\u001b[0m value"", ""raw"": ""reading /tmp/tmp4ev7vg4a/traced.rbc (bitcode v2, cbor) holding 2 free input(s) constant at their start values: solAzi=0, alt=0 Simulating AixLib.ThermalZones.ReducedOrder.Windows.Validation.BaseClasses.IncidenceAngleVDI6007 to t=1 with 3 trace point(s)... \u001b[31m\u001b[0m simulation failed: parameter `azi` has neither a binding nor an initial \u001b[31m\u2502\u001b[0m value"", ""tool_side"": false}",/data/mrumoca/eval/results_v3/aixlib/runtime_free.jsonl
aixlib,runtime-v3,AixLib.ThermalZones.ReducedOrder.Windows.Validation.BaseClasses.SolarHourAngleVDI6007,0,initialization-failure,high,False,execution-not-completed,"{""failure_kind"": ""unknown"", ""reason"": ""nes.ReducedOrder.Windows.Validation.BaseClasses.SolarHourAngleVDI6007 to t=1 with 4 trace point(s)... \u001b[31m\u001b[0m simulation failed: parameter `lon` has neither a binding nor an initial \u001b[31m\u2502\u001b[0m value"", ""raw"": ""reading /tmp/tmpfqsb57qu/traced.rbc (bitcode v2, cbor) Simulating AixLib.ThermalZones.ReducedOrder.Windows.Validation.BaseClasses.SolarHourAngleVDI6007 to t=1 with 4 trace point(s)... \u001b[31m\u001b[0m simulation failed: parameter `lon` has neither a binding nor an initial \u001b[31m\u2502\u001b[0m value"", ""tool_side"": false}",/data/mrumoca/eval/results_v3/aixlib/runtime_free.jsonl
aixlib,runtime-v3,AixLib.ThermalZones.ReducedOrder.Windows.BaseClasses.VentilationHeat,0,initialization-failure,high,True,execution-not-completed,"{""failure_kind"": ""unknown"", ""reason"": ""=0 Simulating AixLib.ThermalZones.ReducedOrder.Windows.BaseClasses.VentilationHeat to t=1 with 8 trace point(s)... \u001b[31m\u001b[0m simulation failed: parameter `d` has neither a binding nor an initial value"", ""raw"": ""reading /tmp/tmppnfzn1pw/traced.rbc (bitcode v2, cbor) holding 6 free input(s) constant at their start values: sunscreen=0, HDirTil=0, HDifTil=0, HDifHor=0, HDirNor=0, alt=0 Simulating AixLib.ThermalZones.ReducedOrder.Windows.BaseClasses.VentilationHeat to t=1 with 8 trace point(s)... \u001b[31m\u001b[0m simulation failed: parameter `d` has neither a binding nor an initial value"", ""tool_side"": false}",/data/mrumoca/eval/results_v3/aixlib/runtime_free.jsonl
aixlib,runtime-v3,AixLib.ThermalZones.ReducedOrder.Windows.BaseClasses.Window,0,network-boundary-port,low,True,execution-not-completed,"{""node"": ""CorGTaue -- HDifHor -- HDifTil[1] -- HDirNor -- HDirTil -- HDirTil[1] -- HVis -- HVisible -- HWin -- HWindow -- alt -- hDif_toClearCovered[1] -- incAng -- nTot -- sunblind[1]"", ""boundary_connectors"": ""CorGTaue, HDifHor, HDifTil[1], HDirNor, HDirTil, HDirTil[1], HVis, HVisible, HWin, HWindow, alt, hDif_toClearCovered[1], incAng, nTot, sunblind[1]"", ""wired_to"": ""nothing"", ""note"": ""this connector belongs to the model itself, not to a component inside it: the model is an interface compiled on its own, so the node is open on one side. Nothing forces its flow, which is why a structural matching reports an unmatched unknown here. Not a defect in the model""}",/data/mrumoca/eval/results_v3/aixlib/runtime_free.jsonl
aixlib,runtime-v3,AixLib.ThermalZones.ReducedOrder.Windows.BaseClasses.Window,1,network-observation-incomplete,info,True,execution-not-completed,"{""reason"": ""missing or unsynchronized connector member observations"", ""note"": ""coverage gap, not a model defect""}",/data/mrumoca/eval/results_v3/aixlib/runtime_free.jsonl
aixlib,runtime-v3,AixLib.ThermalZones.ReducedOrder.Windows.BaseClasses.Window,2,initialization-failure,high,True,execution-not-completed,"{""failure_kind"": ""unknown"", ""reason"": ""ulating AixLib.ThermalZones.ReducedOrder.Windows.BaseClasses.Window to t=1 with 96 trace point(s)... \u001b[31m\u001b[0m simulation failed: parameter `UWin` has neither a binding nor an initial \u001b[31m\u2502\u001b[0m value"", ""raw"": ""reading /tmp/tmp6s4eo37w/traced.rbc (bitcode v2, cbor) holding 7 free input(s) constant at their start values: incAng[1]=0, alt=0, nTot=0, HDirTil[1]=0, HDirNor=0, HDifHor=0, HDifTil[1]=0 Simulating AixLib.ThermalZones.ReducedOrder.Windows.BaseClasses.Window to t=1 with 96 trace point(s)... \u001b[31m\u001b[0m simulation failed: parameter `UWin` has neither a binding nor an initial \u001b[31m\u2502\u001b[0m value"", ""tool_side"": false}",/data/mrumoca/eval/results_v3/aixlib/runtime_free.jsonl
aixlib,runtime-v3,AixLib.ThermalZones.ReducedOrder.Windows.Validation.SelfShadowing.SelfShadowingTestLeft,0,network-boundary-port,low,False,execution-not-completed,"{""node"": ""alt -- incAng1 -- selfShadowingLeft -- solAziSine"", ""boundary_connectors"": ""alt, incAng1, selfShadowingLeft, solAziSine"", ""wired_to"": ""nothing"", ""note"": ""this connector belongs to the model itself, not to a component inside it: the model is an interface compiled on its own, so the node is open on one side. Nothing forces its flow, which is why a structural matching reports an unmatched unknown here. Not a defect in the model""}",/data/mrumoca/eval/results_v3/aixlib/runtime_free.jsonl
aixlib,runtime-v3,AixLib.ThermalZones.ReducedOrder.Windows.Validation.SelfShadowing.SelfShadowingTestLeft,1,network-observation-incomplete,info,False,execution-not-completed,"{""reason"": ""missing or unsynchronized connector member observations"", ""note"": ""coverage gap, not a model defect""}",/data/mrumoca/eval/results_v3/aixlib/runtime_free.jsonl
aixlib,runtime-v3,AixLib.ThermalZones.ReducedOrder.Windows.Validation.SelfShadowing.SelfShadowingTestLeft,2,simulation-failure,high,False,execution-not-completed,"{""failure_kind"": ""nonlinear-solver-failure"", ""reason"": "": \u001b[31m\u2502\u001b[0m worst scaled residual row=12 target=selfShadowingLeft.s_h[1] \u001b[31m\u2502\u001b[0m value=-1.000000e20 ratio=1.000000e30 norm=1.000000e20 row_scale=1.000000e0 \u001b[31m\u2502\u001b[0m scaled_tolerance=1.000000e-10"", ""raw"": ""reading /tmp/tmp39bxpjbi/traced.rbc (bitcode v2, cbor) Simulating AixLib.ThermalZones.ReducedOrder.Windows.Validation.SelfShadowing.SelfShadowingTestLeft to t=1 with 19 trace point(s)... \u001b[31m\u001b[0m simulation failed: algebraic projection did not converge at event boundary: \u001b[31m\u2502\u001b[0m worst scaled residual row=12 target=selfShadowingLeft.s_h[1] \u001b[31m\u2502\u001b[0m value=-1.000000e20 ratio=1.000000e30 norm=1."", ""tool_side"": false}",/data/mrumoca/eval/results_v3/aixlib/runtime_free.jsonl
aixlib,runtime-v3,AixLib.Utilities.Cryptographics.Validation.SHA1,0,simulation-failure,high,False,execution-not-completed,"{""failure_kind"": ""unknown"", ""reason"": ""ating AixLib.Utilities.Cryptographics.Validation.SHA1 to t=1 with 6 trace point(s)... \u001b[31m\u001b[0m simulation failed: invalid Solve IR contract: pure-call argument or slot \u001b[31m\u2502\u001b[0m interface is invalid"", ""raw"": ""reading /tmp/tmpstpj16kc/traced.rbc (bitcode v2, cbor) Simulating AixLib.Utilities.Cryptographics.Validation.SHA1 to t=1 with 6 trace point(s)... \u001b[31m\u001b[0m simulation failed: invalid Solve IR contract: pure-call argument or slot \u001b[31m\u2502\u001b[0m interface is invalid"", ""tool_side"": false}",/data/mrumoca/eval/results_v3/aixlib/runtime_free.jsonl
aixlib,runtime-v3,AixLib.Utilities.Examples.TimeUtilities_test,0,network-boundary-port,low,False,standalone-topology-not-defect-proof,"{""node"": ""hourOfDay -- hourOfDay.clock"", ""boundary_connectors"": ""hourOfDay"", ""wired_to"": ""hourOfDay.clock"", ""note"": ""this connector belongs to the model itself, not to a component inside it: the model is an interface compiled on its own, so the node is open on one side. Nothing forces its flow, which is why a structural matching reports an unmatched unknown here. Not a defect in the model""}",/data/mrumoca/eval/results_v3/aixlib/runtime_free.jsonl
aixlib,runtime-v3,AixLib.Utilities.Examples.TimeUtilities_test,1,network-boundary-port,low,False,standalone-topology-not-defect-proof,"{""node"": ""nightMode -- nightMode.IsNight -- nightMode.greaterThreshold -- nightMode.hourOfDay -- nightMode.hourOfDay.clock -- nightMode.lessEqualThreshold"", ""boundary_connectors"": ""nightMode"", ""wired_to"": ""nightMode.IsNight, nightMode.greaterThreshold, nightMode.hourOfDay, nightMode.hourOfDay.clock, nightMode.lessEqualThreshold"", ""note"": ""this connector belongs to the model itself, not to a component inside it: the model is an interface compiled on its own, so the node is open on one side. Nothing forces its flow, which is why a structural matching reports an unmatched unknown here. Not a defect in the model""}",/data/mrumoca/eval/results_v3/aixlib/runtime_free.jsonl
aixlib,runtime-v3,AixLib.Utilities.Diagnostics.Validation.CheckEquality,0,network-boundary-port,low,False,standalone-topology-not-defect-proof,"{""node"": ""add -- cheEqu -- con -- sin1"", ""boundary_connectors"": ""add, cheEqu, con, sin1"", ""wired_to"": ""nothing"", ""note"": ""this connector belongs to the model itself, not to a component inside it: the model is an interface compiled on its own, so the node is open on one side. Nothing forces its flow, which is why a structural matching reports an unmatched unknown here. Not a defect in the model""}",/data/mrumoca/eval/results_v3/aixlib/runtime_free.jsonl
aixlib,runtime-v3,AixLib.Utilities.HeatTransfer.CalcQFlow,0,network-boundary-port,low,True,execution-not-completed,"{""node"": ""Q_flow -- T_a -- T_b -- deltaT -- m_flow -- product -- specHeaCap"", ""boundary_connectors"": ""Q_flow, T_a, T_b, deltaT, m_flow, product, specHeaCap"", ""wired_to"": ""nothing"", ""note"": ""this connector belongs to the model itself, not to a component inside it: the model is an interface compiled on its own, so the node is open on one side. Nothing forces its flow, which is why a structural matching reports an unmatched unknown here. Not a defect in the model""}",/data/mrumoca/eval/results_v3/aixlib/runtime_free.jsonl
aixlib,runtime-v3,AixLib.Utilities.HeatTransfer.CalcQFlow,1,network-observation-incomplete,info,True,execution-not-completed,"{""reason"": ""missing or unsynchronized connector member observations"", ""note"": ""coverage gap, not a model defect""}",/data/mrumoca/eval/results_v3/aixlib/runtime_free.jsonl
aixlib,runtime-v3,AixLib.Utilities.HeatTransfer.CalcQFlow,2,initialization-failure,high,True,execution-not-completed,"{""failure_kind"": ""unknown"", ""reason"": ""ow=0, T_a=0, T_b=0 Simulating AixLib.Utilities.HeatTransfer.CalcQFlow to t=1 with 12 trace point(s)... \u001b[31m\u001b[0m simulation failed: parameter `cp` has neither a binding nor an initial \u001b[31m\u2502\u001b[0m value"", ""raw"": ""reading /tmp/tmpa2u2yg1e/traced.rbc (bitcode v2, cbor) holding 3 free input(s) constant at their start values: m_flow=0, T_a=0, T_b=0 Simulating AixLib.Utilities.HeatTransfer.CalcQFlow to t=1 with 12 trace point(s)... \u001b[31m\u001b[0m simulation failed: parameter `cp` has neither a binding nor an initial \u001b[31m\u2502\u001b[0m value"", ""tool_side"": false}",/data/mrumoca/eval/results_v3/aixlib/runtime_free.jsonl
aixlib,runtime-v3,AixLib.ThermalZones.ReducedOrder.Windows.Validation.SelfShadowing.SelfShadowingTestAbove,0,network-boundary-port,low,False,execution-not-completed,"{""node"": ""altSine -- incAng1 -- selfShadowingAbove -- solAzi"", ""boundary_connectors"": ""altSine, incAng1, selfShadowingAbove, solAzi"", ""wired_to"": ""nothing"", ""note"": ""this connector belongs to the model itself, not to a component inside it: the model is an interface compiled on its own, so the node is open on one side. Nothing forces its flow, which is why a structural matching reports an unmatched unknown here. Not a defect in the model""}",/data/mrumoca/eval/results_v3/aixlib/runtime_free.jsonl
aixlib,runtime-v3,AixLib.ThermalZones.ReducedOrder.Windows.Validation.SelfShadowing.SelfShadowingTestAbove,1,network-boundary-port,low,False,execution-not-completed,"{""node"": ""alt -- incAng2 -- selfShadowingAboveSin -- solAziSine"", ""boundary_connectors"": ""alt, incAng2, selfShadowingAboveSin, solAziSine"", ""wired_to"": ""nothing"", ""note"": ""this connector belongs to the model itself, not to a component inside it: the model is an interface compiled on its own, so the node is open on one side. Nothing forces its flow, which is why a structural matching reports an unmatched unknown here. Not a defect in the model""}",/data/mrumoca/eval/results_v3/aixlib/runtime_free.jsonl
aixlib,runtime-v3,AixLib.ThermalZones.ReducedOrder.Windows.Validation.SelfShadowing.SelfShadowingTestAbove,2,network-observation-incomplete,info,False,execution-not-completed,"{""reason"": ""missing or unsynchronized connector member observations"", ""note"": ""coverage gap, not a model defect""}",/data/mrumoca/eval/results_v3/aixlib/runtime_free.jsonl
aixlib,runtime-v3,AixLib.ThermalZones.ReducedOrder.Windows.Validation.SelfShadowing.SelfShadowingTestAbove,3,simulation-failure,high,False,execution-not-completed,"{""failure_kind"": ""nonlinear-solver-failure"", ""reason"": ""31m\u2502\u001b[0m worst scaled residual row=34 target=selfShadowingAboveSin.s_v[1] \u001b[31m\u2502\u001b[0m value=-1.000000e20 ratio=1.000000e30 norm=1.000000e20 row_scale=1.000000e0 \u001b[31m\u2502\u001b[0m scaled_tolerance=1.000000e-10"", ""raw"": ""reading /tmp/tmprxi906w0/traced.rbc (bitcode v2, cbor) Simulating AixLib.ThermalZones.ReducedOrder.Windows.Validation.SelfShadowing.SelfShadowingTestAbove to t=1 with 38 trace point(s)... \u001b[31m\u001b[0m simulation failed: algebraic projection did not converge at event boundary: \u001b[31m\u2502\u001b[0m worst scaled residual row=34 target=selfShadowingAboveSin.s_v[1] \u001b[31m\u2502\u001b[0m value=-1.000000e20 ratio=1.000000e30 no"", ""tool_side"": false}",/data/mrumoca/eval/results_v3/aixlib/runtime_free.jsonl
aixlib,runtime-v3,AixLib.Utilities.HeatTransfer.CylindricHeatConduction,0,network-port-unconnected,low,False,execution-not-completed,"{""connector"": ""port_a"", ""component"": ""<top level>"", ""component_class"": ""unknown"", ""flows_forced_to_zero"": ""port_a.Q_flow"", ""note"": ""nothing is connected to this port, so MLS \u00a79.2 forces its flow to zero. That is correct for a component compiled on its own and is not a defect; it is recorded because it is the commonest reason a model looks structurally singular""}",/data/mrumoca/eval/results_v3/aixlib/runtime_free.jsonl
aixlib,runtime-v3,AixLib.Utilities.HeatTransfer.CylindricHeatConduction,1,network-port-unconnected,low,False,execution-not-completed,"{""connector"": ""port_b"", ""component"": ""<top level>"", ""component_class"": ""unknown"", ""flows_forced_to_zero"": ""port_b.Q_flow"", ""note"": ""nothing is connected to this port, so MLS \u00a79.2 forces its flow to zero. That is correct for a component compiled on its own and is not a defect; it is recorded because it is the commonest reason a model looks structurally singular""}",/data/mrumoca/eval/results_v3/aixlib/runtime_free.jsonl
aixlib,runtime-v3,AixLib.Utilities.HeatTransfer.CylindricHeatConduction,2,network-component-isolated,low,False,execution-not-completed,"{""component"": ""<top level>"", ""component_class"": ""unknown"", ""ports"": ""port_a, port_b"", ""note"": ""every port of this instance is unconnected, so it exchanges nothing with the rest of the model while still contributing its equations""}",/data/mrumoca/eval/results_v3/aixlib/runtime_free.jsonl
aixlib,runtime-v3,AixLib.Utilities.HeatTransfer.CylindricHeatConduction,3,network-observation-incomplete,info,False,execution-not-completed,"{""reason"": ""missing or unsynchronized connector member observations"", ""note"": ""coverage gap, not a model defect""}",/data/mrumoca/eval/results_v3/aixlib/runtime_free.jsonl
aixlib,runtime-v3,AixLib.Utilities.HeatTransfer.CylindricHeatConduction,4,initialization-failure,high,False,execution-not-completed,"{""failure_kind"": ""singular-system"", ""reason"": ""r.CylindricHeatConduction to t=1 with 4 trace point(s)... \u001b[31m\u001b[0m simulation failed: DAE structural proof failed: structurally singular \u001b[31m\u2502\u001b[0m system: 3 matched out of 4 equations and 4 unknowns"", ""raw"": ""reading /tmp/tmp0q_qbahq/traced.rbc (bitcode v2, cbor) Simulating AixLib.Utilities.HeatTransfer.CylindricHeatConduction to t=1 with 4 trace point(s)... \u001b[31m\u001b[0m simulation failed: DAE structural proof failed: structurally singular \u001b[31m\u2502\u001b[0m system: 3 matched out of 4 equations and 4 unknowns"", ""tool_side"": false}",/data/mrumoca/eval/results_v3/aixlib/runtime_free.jsonl
aixlib,runtime-v3,AixLib.Utilities.HeatTransfer.CylindricHeatTransfer,0,network-boundary-port,low,False,execution-not-completed,"{""node"": ""CylindricHeatConductionOut.port_b -- port_b"", ""boundary_connectors"": ""port_b"", ""wired_to"": ""CylindricHeatConductionOut.port_b"", ""note"": ""this connector belongs to the model itself, not to a component inside it: the model is an interface compiled on its own, so the node is open on one side. Nothing forces its flow, which is why a structural matching reports an unmatched unknown here. Not a defect in the model""}",/data/mrumoca/eval/results_v3/aixlib/runtime_free.jsonl
aixlib,runtime-v3,AixLib.Utilities.HeatTransfer.CylindricHeatTransfer,1,network-boundary-port,low,False,execution-not-completed,"{""node"": ""CylindricHeatConductionIn.port_a -- port_a"", ""boundary_connectors"": ""port_a"", ""wired_to"": ""CylindricHeatConductionIn.port_a"", ""note"": ""this connector belongs to the model itself, not to a component inside it: the model is an interface compiled on its own, so the node is open on one side. Nothing forces its flow, which is why a structural matching reports an unmatched unknown here. Not a defect in the model""}",/data/mrumoca/eval/results_v3/aixlib/runtime_free.jsonl
aixlib,runtime-v3,AixLib.Utilities.HeatTransfer.CylindricHeatTransfer,2,physical-zero-is-a-supported-limit,low,False,execution-not-completed,"{""domain"": ""fluid"", ""rule"": ""fluid.density.positive"", ""rule_origin"": ""mass per volume of a real fluid; density appears as a divisor throughout the Fluid library"", ""rule_reference"": """", ""matched_by"": {""quantity"": ""Density"", ""unit"": ""kg/m3"", ""confidence"": ""QUANTITY_AND_UNIT"", ""premise_state"": ""unknown"", ""authority"": ""quantity_or_unit"", ""canonical_declaration"": ""AixLib.Utilities.HeatTransfer.CylindricHeatTransfer.rho""}, ""required"": ""rho > 0"", ""declared_min"": 0.0, ""variable_role"": ""parameter"", ""premise_state"": ""refuted"", ""authority"": ""component_contract"", ""contract"": ""AixLib.Utilities.HeatTransfer.CylindricLoad.rho: feature_disabled (proven, from equation) \u2014 inherited from CylindricLoad1.rho, which it binds: the parameter appears only as a multiplier, so at zero the term it scales drops out and the rest of the model is unaffected"", ""contract_behavior"": ""feature_disabled"", ""contract_confidence"": ""proven"", ""contract_source"": ""equation"", ""note"": ""the positivity rule does not apply: this component documents zero as a meaningful limit, so reporting a missing bound would contradict its contract""}",/data/mrumoca/eval/results_v3/aixlib/runtime_free.jsonl
aixlib,runtime-v3,AixLib.Utilities.HeatTransfer.CylindricHeatTransfer,3,physical-zero-is-a-supported-limit,low,False,execution-not-completed,"{""domain"": ""fluid"", ""rule"": ""fluid.density.positive"", ""rule_origin"": ""mass per volume of a real fluid; density appears as a divisor throughout the Fluid library"", ""rule_reference"": """", ""matched_by"": {""quantity"": ""Density"", ""unit"": ""kg/m3"", ""confidence"": ""QUANTITY_AND_UNIT"", ""premise_state"": ""unknown"", ""authority"": ""quantity_or_unit"", ""canonical_declaration"": ""AixLib.Utilities.HeatTransfer.CylindricLoad.rho""}, ""required"": ""CylindricLoad1.rho > 0"", ""declared_min"": 0.0, ""variable_role"": ""parameter"", ""premise_state"": ""refuted"", ""authority"": ""component_contract"", ""contract"": ""AixLib.Utilities.HeatTransfer.CylindricLoad.rho: feature_disabled (proven, from equation) \u2014 the parameter appears only as a multiplier, so at zero the term it scales drops out and the rest of the model is unaffected"", ""contract_behavior"": ""feature_disabled"", ""contract_confidence"": ""proven"", ""contract_source"": ""equation"", ""note"": ""the positivity rule does not apply: this component documents zero as a meaningful limit, so reporting a missing bound would contradict its contract""}",/data/mrumoca/eval/results_v3/aixlib/runtime_free.jsonl
aixlib,runtime-v3,AixLib.Utilities.HeatTransfer.CylindricHeatTransfer,4,physical-zero-is-a-supported-limit,low,False,execution-not-completed,"{""domain"": ""mechanical"", ""rule"": ""mech.mass.positive"", ""rule_origin"": ""m*a = f determines acceleration only for m > 0; negative mass is not a physical body"", ""rule_reference"": ""MSL Mechanics.Translational.Components.Mass"", ""matched_by"": {""quantity"": ""Mass"", ""unit"": ""kg"", ""confidence"": ""QUANTITY_AND_UNIT"", ""premise_state"": ""unknown"", ""authority"": ""quantity_or_unit"", ""canonical_declaration"": ""AixLib.Utilities.HeatTransfer.CylindricLoad.m""}, ""required"": ""CylindricLoad1.m > 0"", ""declared_min"": 0.0, ""variable_role"": ""parameter"", ""premise_state"": ""refuted"", ""authority"": ""component_contract"", ""contract"": ""AixLib.Utilities.HeatTransfer.CylindricLoad.m: feature_disabled (proven, from equation) \u2014 the parameter appears only as a multiplier, so at zero the term it scales drops out and the rest of the model is unaffected"", ""contract_behavior"": ""feature_disabled"", ""contract_confidence"": ""proven"", ""contract_source"": ""equation"", ""note"": ""the positivity rule does not apply: this component documents zero as a meaningful limit, so reporting a missing bound would contradict its contract""}",/data/mrumoca/eval/results_v3/aixlib/runtime_free.jsonl
aixlib,runtime-v3,AixLib.Utilities.HeatTransfer.CylindricHeatTransfer,5,physical-zero-is-a-supported-limit,low,False,execution-not-completed,"{""domain"": ""thermal"", ""rule"": ""thermal.heat_capacity.positive"", ""rule_origin"": ""C*dT = dQ; a non-positive heat capacity makes a body cool when heated"", ""rule_reference"": """", ""matched_by"": {""quantity"": ""HeatCapacity"", ""unit"": ""J/K"", ""confidence"": ""QUANTITY_AND_UNIT"", ""premise_state"": ""unknown"", ""authority"": ""quantity_or_unit"", ""canonical_declaration"": ""Modelica.Thermal.HeatTransfer.Components.HeatCapacitor.C""}, ""required"": ""CylindricLoad1.heatCapacitor.C > 0"", ""declared_min"": null, ""variable_role"": ""parameter"", ""premise_state"": ""refuted"", ""authority"": ""component_contract"", ""contract"": ""Modelica.Thermal.HeatTransfer.Components.HeatCapacitor.C: algebraic_limit (proven, from equation) \u2014 the parameter multiplies a derivative, so at zero the differential relation becomes an algebraic constraint rather than an undefined quotient"", ""contract_behavior"": ""algebraic_limit"", ""contract_confidence"": ""proven"", ""contract_source"": ""equation"", ""note"": ""the positivity rule does not apply: this component documents zero as a meaningful limit, so reporting a missing bound would contradict its contract""}",/data/mrumoca/eval/results_v3/aixlib/runtime_free.jsonl
aixlib,runtime-v3,AixLib.Utilities.HeatTransfer.CylindricHeatTransfer,6,network-observation-incomplete,info,False,execution-not-completed,"{""reason"": ""missing or unsynchronized connector member observations"", ""note"": ""coverage gap, not a model defect""}",/data/mrumoca/eval/results_v3/aixlib/runtime_free.jsonl
aixlib,runtime-v3,AixLib.Utilities.HeatTransfer.CylindricHeatTransfer,7,initialization-failure,high,False,execution-not-completed,"{""failure_kind"": ""unknown"", ""reason"": ""or) Simulating AixLib.Utilities.HeatTransfer.CylindricHeatTransfer to t=1 with 18 trace point(s)... \u001b[31m\u001b[0m simulation failed: parameter `d_out` has neither a binding nor an initial \u001b[31m\u2502\u001b[0m value"", ""raw"": ""reading /tmp/tmptg987xvd/traced.rbc (bitcode v2, cbor) Simulating AixLib.Utilities.HeatTransfer.CylindricHeatTransfer to t=1 with 18 trace point(s)... \u001b[31m\u001b[0m simulation failed: parameter `d_out` has neither a binding nor an initial \u001b[31m\u2502\u001b[0m value"", ""tool_side"": false}",/data/mrumoca/eval/results_v3/aixlib/runtime_free.jsonl
aixlib,runtime-v3,AixLib.Utilities.HeatTransfer.CylindricLoad,0,network-boundary-port,low,False,execution-not-completed,"{""node"": ""heatCapacitor.port -- port"", ""boundary_connectors"": ""port"", ""wired_to"": ""heatCapacitor.port"", ""note"": ""this connector belongs to the model itself, not to a component inside it: the model is an interface compiled on its own, so the node is open on one side. Nothing forces its flow, which is why a structural matching reports an unmatched unknown here. Not a defect in the model""}",/data/mrumoca/eval/results_v3/aixlib/runtime_free.jsonl
aixlib,runtime-v3,AixLib.Utilities.HeatTransfer.CylindricLoad,1,physical-zero-is-a-supported-limit,low,False,execution-not-completed,"{""domain"": ""fluid"", ""rule"": ""fluid.density.positive"", ""rule_origin"": ""mass per volume of a real fluid; density appears as a divisor throughout the Fluid library"", ""rule_reference"": """", ""matched_by"": {""quantity"": ""Density"", ""unit"": ""kg/m3"", ""confidence"": ""QUANTITY_AND_UNIT"", ""premise_state"": ""unknown"", ""authority"": ""quantity_or_unit"", ""canonical_declaration"": ""AixLib.Utilities.HeatTransfer.CylindricLoad.rho""}, ""required"": ""rho > 0"", ""declared_min"": 0.0, ""variable_role"": ""parameter"", ""premise_state"": ""refuted"", ""authority"": ""component_contract"", ""contract"": ""AixLib.Utilities.HeatTransfer.CylindricLoad.rho: feature_disabled (proven, from equation) \u2014 the parameter appears only as a multiplier, so at zero the term it scales drops out and the rest of the model is unaffected"", ""contract_behavior"": ""feature_disabled"", ""contract_confidence"": ""proven"", ""contract_source"": ""equation"", ""note"": ""the positivity rule does not apply: this component documents zero as a meaningful limit, so reporting a missing bound would contradict its contract""}",/data/mrumoca/eval/results_v3/aixlib/runtime_free.jsonl
aixlib,runtime-v3,AixLib.Utilities.HeatTransfer.CylindricLoad,2,physical-zero-is-a-supported-limit,low,False,execution-not-completed,"{""domain"": ""mechanical"", ""rule"": ""mech.mass.positive"", ""rule_origin"": ""m*a = f determines acceleration only for m > 0; negative mass is not a physical body"", ""rule_reference"": ""MSL Mechanics.Translational.Components.Mass"", ""matched_by"": {""quantity"": ""Mass"", ""unit"": ""kg"", ""confidence"": ""QUANTITY_AND_UNIT"", ""premise_state"": ""unknown"", ""authority"": ""quantity_or_unit"", ""canonical_declaration"": ""AixLib.Utilities.HeatTransfer.CylindricLoad.m""}, ""required"": ""m > 0"", ""declared_min"": 0.0, ""variable_role"": ""parameter"", ""premise_state"": ""refuted"", ""authority"": ""component_contract"", ""contract"": ""AixLib.Utilities.HeatTransfer.CylindricLoad.m: feature_disabled (proven, from equation) \u2014 the parameter appears only as a multiplier, so at zero the term it scales drops out and the rest of the model is unaffected"", ""contract_behavior"": ""feature_disabled"", ""contract_confidence"": ""proven"", ""contract_source"": ""equation"", ""note"": ""the positivity rule does not apply: this component documents zero as a meaningful limit, so reporting a missing bound would contradict its contract""}",/data/mrumoca/eval/results_v3/aixlib/runtime_free.jsonl
aixlib,runtime-v3,AixLib.Utilities.HeatTransfer.CylindricLoad,3,physical-zero-is-a-supported-limit,low,False,execution-not-completed,"{""domain"": ""thermal"", ""rule"": ""thermal.heat_capacity.positive"", ""rule_origin"": ""C*dT = dQ; a non-positive heat capacity makes a body cool when heated"", ""rule_reference"": """", ""matched_by"": {""quantity"": ""HeatCapacity"", ""unit"": ""J/K"", ""confidence"": ""QUANTITY_AND_UNIT"", ""premise_state"": ""unknown"", ""authority"": ""quantity_or_unit"", ""canonical_declaration"": ""Modelica.Thermal.HeatTransfer.Components.HeatCapacitor.C""}, ""required"": ""heatCapacitor.C > 0"", ""declared_min"": null, ""variable_role"": ""parameter"", ""premise_state"": ""refuted"", ""authority"": ""component_contract"", ""contract"": ""Modelica.Thermal.HeatTransfer.Components.HeatCapacitor.C: algebraic_limit (proven, from equation) \u2014 the parameter multiplies a derivative, so at zero the differential relation becomes an algebraic constraint rather than an undefined quotient"", ""contract_behavior"": ""algebraic_limit"", ""contract_confidence"": ""proven"", ""contract_source"": ""equation"", ""note"": ""the positivity rule does not apply: this component documents zero as a meaningful limit, so reporting a missing bound would contradict its contract""}",/data/mrumoca/eval/results_v3/aixlib/runtime_free.jsonl
aixlib,runtime-v3,AixLib.Utilities.HeatTransfer.CylindricLoad,4,network-observation-incomplete,info,False,execution-not-completed,"{""reason"": ""missing or unsynchronized connector member observations"", ""note"": ""coverage gap, not a model defect""}",/data/mrumoca/eval/results_v3/aixlib/runtime_free.jsonl
aixlib,runtime-v3,AixLib.Utilities.HeatTransfer.CylindricLoad,5,initialization-failure,high,False,execution-not-completed,"{""failure_kind"": ""unknown"", ""reason"": ""de v2, cbor) Simulating AixLib.Utilities.HeatTransfer.CylindricLoad to t=1 with 6 trace point(s)... \u001b[31m\u001b[0m simulation failed: parameter `d_out` has neither a binding nor an initial \u001b[31m\u2502\u001b[0m value"", ""raw"": ""reading /tmp/tmpfrsk2iqr/traced.rbc (bitcode v2, cbor) Simulating AixLib.Utilities.HeatTransfer.CylindricLoad to t=1 with 6 trace point(s)... \u001b[31m\u001b[0m simulation failed: parameter `d_out` has neither a binding nor an initial \u001b[31m\u2502\u001b[0m value"", ""tool_side"": false}",/data/mrumoca/eval/results_v3/aixlib/runtime_free.jsonl
aixlib,runtime-v3,AixLib.Utilities.HeatTransfer.HeatConv,0,network-port-unconnected,low,False,execution-not-completed,"{""connector"": ""port_a"", ""component"": ""<top level>"", ""component_class"": ""unknown"", ""flows_forced_to_zero"": ""port_a.Q_flow"", ""note"": ""nothing is connected to this port, so MLS \u00a79.2 forces its flow to zero. That is correct for a component compiled on its own and is not a defect; it is recorded because it is the commonest reason a model looks structurally singular""}",/data/mrumoca/eval/results_v3/aixlib/runtime_free.jsonl
aixlib,runtime-v3,AixLib.Utilities.HeatTransfer.HeatConv,1,network-port-unconnected,low,False,execution-not-completed,"{""connector"": ""port_b"", ""component"": ""<top level>"", ""component_class"": ""unknown"", ""flows_forced_to_zero"": ""port_b.Q_flow"", ""note"": ""nothing is connected to this port, so MLS \u00a79.2 forces its flow to zero. That is correct for a component compiled on its own and is not a defect; it is recorded because it is the commonest reason a model looks structurally singular""}",/data/mrumoca/eval/results_v3/aixlib/runtime_free.jsonl
aixlib,runtime-v3,AixLib.Utilities.HeatTransfer.HeatConv,2,network-component-isolated,low,False,execution-not-completed,"{""component"": ""<top level>"", ""component_class"": ""unknown"", ""ports"": ""port_a, port_b"", ""note"": ""every port of this instance is unconnected, so it exchanges nothing with the rest of the model while still contributing its equations""}",/data/mrumoca/eval/results_v3/aixlib/runtime_free.jsonl
aixlib,runtime-v3,AixLib.Utilities.HeatTransfer.HeatConv,3,physical-zero-is-a-supported-limit,low,False,execution-not-completed,"{""domain"": ""fluid"", ""rule"": ""fluid.area.positive"", ""rule_origin"": ""a flow cross-section is a divisor in every velocity relation; zero area admits no flow and divides by zero"", ""rule_reference"": """", ""matched_by"": {""quantity"": ""Area"", ""unit"": ""m2"", ""confidence"": ""QUANTITY_AND_UNIT"", ""premise_state"": ""unknown"", ""authority"": ""quantity_or_unit"", ""canonical_declaration"": ""AixLib.Utilities.HeatTransfer.HeatConv.A""}, ""required"": ""A > 0"", ""declared_min"": 0.0, ""variable_role"": ""parameter"", ""premise_state"": ""refuted"", ""authority"": ""component_contract"", ""contract"": ""AixLib.Utilities.HeatTransfer.HeatConv.A: feature_disabled (proven, from equation) \u2014 the parameter appears only as a multiplier, so at zero the term it scales drops out and the rest of the model is unaffected"", ""contract_behavior"": ""feature_disabled"", ""contract_confidence"": ""proven"", ""contract_source"": ""equation"", ""note"": ""the positivity rule does not apply: this component documents zero as a meaningful limit, so reporting a missing bound would contradict its contract""}",/data/mrumoca/eval/results_v3/aixlib/runtime_free.jsonl
aixlib,runtime-v3,AixLib.Utilities.HeatTransfer.HeatConv,4,network-observation-incomplete,info,False,execution-not-completed,"{""reason"": ""missing or unsynchronized connector member observations"", ""note"": ""coverage gap, not a model defect""}",/data/mrumoca/eval/results_v3/aixlib/runtime_free.jsonl
aixlib,runtime-v3,AixLib.Utilities.HeatTransfer.HeatConv,5,initialization-failure,high,False,execution-not-completed,"{""failure_kind"": ""singular-system"", ""reason"": ""ies.HeatTransfer.HeatConv to t=1 with 6 trace point(s)... \u001b[31m\u001b[0m simulation failed: DAE structural proof failed: structurally singular \u001b[31m\u2502\u001b[0m system: 5 matched out of 6 equations and 6 unknowns"", ""raw"": ""reading /tmp/tmp201zj25p/traced.rbc (bitcode v2, cbor) Simulating AixLib.Utilities.HeatTransfer.HeatConv to t=1 with 6 trace point(s)... \u001b[31m\u001b[0m simulation failed: DAE structural proof failed: structurally singular \u001b[31m\u2502\u001b[0m system: 5 matched out of 6 equations and 6 unknowns"", ""tool_side"": false}",/data/mrumoca/eval/results_v3/aixlib/runtime_free.jsonl
aixlib,runtime-v3,AixLib.Utilities.HeatTransfer.HeatConvOutside,0,network-port-unconnected,low,True,execution-not-completed,"{""connector"": ""port_a"", ""component"": ""<top level>"", ""component_class"": ""unknown"", ""flows_forced_to_zero"": ""port_a.Q_flow"", ""note"": ""nothing is connected to this port, so MLS \u00a79.2 forces its flow to zero. That is correct for a component compiled on its own and is not a defect; it is recorded because it is the commonest reason a model looks structurally singular""}",/data/mrumoca/eval/results_v3/aixlib/runtime_free.jsonl
aixlib,runtime-v3,AixLib.Utilities.HeatTransfer.HeatConvOutside,1,network-port-unconnected,low,True,execution-not-completed,"{""connector"": ""port_b"", ""component"": ""<top level>"", ""component_class"": ""unknown"", ""flows_forced_to_zero"": ""port_b.Q_flow"", ""note"": ""nothing is connected to this port, so MLS \u00a79.2 forces its flow to zero. That is correct for a component compiled on its own and is not a defect; it is recorded because it is the commonest reason a model looks structurally singular""}",/data/mrumoca/eval/results_v3/aixlib/runtime_free.jsonl
aixlib,runtime-v3,AixLib.Utilities.HeatTransfer.HeatConvOutside,2,network-boundary-port,low,True,execution-not-completed,"{""node"": ""WindSpeedPort -- WindSpeed_internal"", ""boundary_connectors"": ""WindSpeedPort, WindSpeed_internal"", ""wired_to"": ""nothing"", ""note"": ""this connector belongs to the model itself, not to a component inside it: the model is an interface compiled on its own, so the node is open on one side. Nothing forces its flow, which is why a structural matching reports an unmatched unknown here. Not a defect in the model""}",/data/mrumoca/eval/results_v3/aixlib/runtime_free.jsonl
aixlib,runtime-v3,AixLib.Utilities.HeatTransfer.HeatConvOutside,3,physical-zero-is-a-supported-limit,low,True,execution-not-completed,"{""domain"": ""fluid"", ""rule"": ""fluid.area.positive"", ""rule_origin"": ""a flow cross-section is a divisor in every velocity relation; zero area admits no flow and divides by zero"", ""rule_reference"": """", ""matched_by"": {""quantity"": ""Area"", ""unit"": ""m2"", ""confidence"": ""QUANTITY_AND_UNIT"", ""premise_state"": ""unknown"", ""authority"": ""quantity_or_unit"", ""canonical_declaration"": ""AixLib.Utilities.HeatTransfer.HeatConvOutside.A""}, ""required"": ""A > 0"", ""declared_min"": 0.0, ""variable_role"": ""parameter"", ""premise_state"": ""refuted"", ""authority"": ""component_contract"", ""contract"": ""AixLib.Utilities.HeatTransfer.HeatConvOutside.A: feature_disabled (proven, from equation) \u2014 the parameter appears only as a multiplier, so at zero the term it scales drops out and the rest of the model is unaffected"", ""contract_behavior"": ""feature_disabled"", ""contract_confidence"": ""proven"", ""contract_source"": ""equation"", ""note"": ""the positivity rule does not apply: this component documents zero as a meaningful limit, so reporting a missing bound would contradict its contract""}",/data/mrumoca/eval/results_v3/aixlib/runtime_free.jsonl
aixlib,runtime-v3,AixLib.Utilities.HeatTransfer.HeatConvOutside,4,network-observation-incomplete,info,True,execution-not-completed,"{""reason"": ""missing or unsynchronized connector member observations"", ""note"": ""coverage gap, not a model defect""}",/data/mrumoca/eval/results_v3/aixlib/runtime_free.jsonl
aixlib,runtime-v3,AixLib.Utilities.HeatTransfer.HeatConvOutside,5,initialization-failure,high,True,execution-not-completed,"{""failure_kind"": ""singular-system"", ""reason"": ""tTransfer.HeatConvOutside to t=1 with 9 trace point(s)... \u001b[31m\u001b[0m simulation failed: DAE structural proof failed: structurally singular \u001b[31m\u2502\u001b[0m system: 7 matched out of 8 equations and 8 unknowns"", ""raw"": ""reading /tmp/tmppce33r2_/traced.rbc (bitcode v2, cbor) holding 1 free input(s) constant at their start values: WindSpeedPort=0 Simulating AixLib.Utilities.HeatTransfer.HeatConvOutside to t=1 with 9 trace point(s)... \u001b[31m\u001b[0m simulation failed: DAE structural proof failed: structurally singular \u001b[31m\u2502\u001b[0m system: 7 matched out of 8 equations and 8 unknowns"", ""tool_side"": false}",/data/mrumoca/eval/results_v3/aixlib/runtime_free.jsonl
aixlib,runtime-v3,AixLib.Utilities.HeatTransfer.SolarRadToHeat,0,network-port-unconnected,low,True,execution-not-completed,"{""connector"": ""heatPort"", ""component"": ""<top level>"", ""component_class"": ""unknown"", ""flows_forced_to_zero"": ""heatPort.Q_flow"", ""note"": ""nothing is connected to this port, so MLS \u00a79.2 forces its flow to zero. That is correct for a component compiled on its own and is not a defect; it is recorded because it is the commonest reason a model looks structurally singular""}",/data/mrumoca/eval/results_v3/aixlib/runtime_free.jsonl
aixlib,runtime-v3,AixLib.Utilities.HeatTransfer.SolarRadToHeat,1,network-component-isolated,low,True,execution-not-completed,"{""component"": ""<top level>"", ""component_class"": ""unknown"", ""ports"": ""heatPort"", ""note"": ""every port of this instance is unconnected, so it exchanges nothing with the rest of the model while still contributing its equations""}",/data/mrumoca/eval/results_v3/aixlib/runtime_free.jsonl
aixlib,runtime-v3,AixLib.Utilities.HeatTransfer.SolarRadToHeat,2,network-observation-incomplete,info,True,execution-not-completed,"{""reason"": ""missing or unsynchronized connector member observations"", ""note"": ""coverage gap, not a model defect""}",/data/mrumoca/eval/results_v3/aixlib/runtime_free.jsonl
aixlib,runtime-v3,AixLib.Utilities.HeatTransfer.SolarRadToHeat,3,initialization-failure,high,True,execution-not-completed,"{""failure_kind"": ""singular-system"", ""reason"": ""atTransfer.SolarRadToHeat to t=1 with 7 trace point(s)... \u001b[31m\u001b[0m simulation failed: DAE structural proof failed: structurally singular \u001b[31m\u2502\u001b[0m system: 1 matched out of 2 equations and 2 unknowns"", ""raw"": ""reading /tmp/tmpsl3embev/traced.rbc (bitcode v2, cbor) holding 5 free input(s) constant at their start values: solarRad_in.H=0, solarRad_in.HDir=0, solarRad_in.HDif=0, solarRad_in.HGrd=0, solarRad_in.incAng=0 Simulating AixLib.Utilities.HeatTransfer.SolarRadToHeat to t=1 with 7 trace point(s)... \u001b[31m\u001b[0m simulation failed: DAE structural proof failed: structurally singular \u001b[31m\u2502\u001b[0m system: 1 ma"", ""tool_side"": false}",/data/mrumoca/eval/results_v3/aixlib/runtime_free.jsonl
aixlib,runtime-v3,AixLib.Utilities.HeatTransfer.HeatConvPipeInsideDynamic,0,network-port-unconnected,low,True,execution-not-completed,"{""connector"": ""port_a"", ""component"": ""<top level>"", ""component_class"": ""unknown"", ""flows_forced_to_zero"": ""port_a.Q_flow"", ""note"": ""nothing is connected to this port, so MLS \u00a79.2 forces its flow to zero. That is correct for a component compiled on its own and is not a defect; it is recorded because it is the commonest reason a model looks structurally singular""}",/data/mrumoca/eval/results_v3/aixlib/runtime_free.jsonl
aixlib,runtime-v3,AixLib.Utilities.HeatTransfer.HeatConvPipeInsideDynamic,1,network-port-unconnected,low,True,execution-not-completed,"{""connector"": ""port_b"", ""component"": ""<top level>"", ""component_class"": ""unknown"", ""flows_forced_to_zero"": ""port_b.Q_flow"", ""note"": ""nothing is connected to this port, so MLS \u00a79.2 forces its flow to zero. That is correct for a component compiled on its own and is not a defect; it is recorded because it is the commonest reason a model looks structurally singular""}",/data/mrumoca/eval/results_v3/aixlib/runtime_free.jsonl
aixlib,runtime-v3,AixLib.Utilities.HeatTransfer.HeatConvPipeInsideDynamic,2,network-component-isolated,low,True,execution-not-completed,"{""component"": ""<top level>"", ""component_class"": ""unknown"", ""ports"": ""port_a, port_b"", ""note"": ""every port of this instance is unconnected, so it exchanges nothing with the rest of the model while still contributing its equations""}",/data/mrumoca/eval/results_v3/aixlib/runtime_free.jsonl
aixlib,runtime-v3,AixLib.Utilities.HeatTransfer.HeatConvPipeInsideDynamic,3,physical-zero-is-a-supported-limit,low,True,execution-not-completed,"{""domain"": ""fluid"", ""rule"": ""fluid.area.positive"", ""rule_origin"": ""a flow cross-section is a divisor in every velocity relation; zero area admits no flow and divides by zero"", ""rule_reference"": """", ""matched_by"": {""quantity"": ""Area"", ""unit"": ""m2"", ""confidence"": ""QUANTITY_AND_UNIT"", ""premise_state"": ""unknown"", ""authority"": ""quantity_or_unit"", ""canonical_declaration"": ""AixLib.Utilities.HeatTransfer.HeatConvPipeInsideDynamic.A_sur""}, ""required"": ""A_sur > 0"", ""declared_min"": null, ""variable_role"": ""parameter"", ""premise_state"": ""refuted"", ""authority"": ""component_contract"", ""contract"": ""AixLib.Utilities.HeatTransfer.HeatConvPipeInsideDynamic.A_sur: feature_disabled (proven, from equation) \u2014 the parameter appears only as a multiplier, so at zero the term it scales drops out and the rest of the model is unaffected"", ""contract_behavior"": ""feature_disabled"", ""contract_confidence"": ""proven"", ""contract_source"": ""equation"", ""note"": ""the positivity rule does not apply: this component documents zero as a meaningful limit, so reporting a missing bound would contradict its contract""}",/data/mrumoca/eval/results_v3/aixlib/runtime_free.jsonl
aixlib,runtime-v3,AixLib.Utilities.HeatTransfer.HeatConvPipeInsideDynamic,4,physical-runtime-invariant-unobserved,low,True,execution-not-completed,"{""domain"": ""fluid"", ""rule"": ""fluid.density.positive"", ""rule_origin"": ""mass per volume of a real fluid; density appears as a divisor throughout the Fluid library"", ""rule_reference"": """", ""matched_by"": {""quantity"": ""Density"", ""unit"": ""kg/m3"", ""confidence"": ""QUANTITY_AND_UNIT"", ""premise_state"": ""unknown"", ""authority"": ""quantity_or_unit"", ""canonical_declaration"": ""AixLib.Utilities.HeatTransfer.HeatConvPipeInsideDynamic.rho""}, ""required"": ""rho > 0"", ""variable_role"": ""input"", ""note"": ""this is a runtime property of a input variable, not a declaration a user can bound; deciding it needs an observation""}",/data/mrumoca/eval/results_v3/aixlib/runtime_free.jsonl
aixlib,runtime-v3,AixLib.Utilities.HeatTransfer.HeatConvPipeInsideDynamic,5,network-observation-incomplete,info,True,execution-not-completed,"{""reason"": ""missing or unsynchronized connector member observations"", ""note"": ""coverage gap, not a model defect""}",/data/mrumoca/eval/results_v3/aixlib/runtime_free.jsonl
aixlib,runtime-v3,AixLib.Utilities.HeatTransfer.HeatConvPipeInsideDynamic,6,initialization-failure,high,True,execution-not-completed,"{""failure_kind"": ""singular-system"", ""reason"": ""ConvPipeInsideDynamic to t=1 with 21 trace point(s)... \u001b[31m\u001b[0m simulation failed: DAE structural proof failed: structurally singular \u001b[31m\u2502\u001b[0m system: 15 matched out of 16 equations and 16 unknowns"", ""raw"": ""reading /tmp/tmp85ns_2ie/traced.rbc (bitcode v2, cbor) holding 5 free input(s) constant at their start values: m_flow=0, c=0, rho=0, lambda=0, eta=0 Simulating AixLib.Utilities.HeatTransfer.HeatConvPipeInsideDynamic to t=1 with 21 trace point(s)... \u001b[31m\u001b[0m simulation failed: DAE structural proof failed: structurally singular \u001b[31m\u2502\u001b[0m system: 15 matched out of 16 equations and 16 unknowns"", ""tool_side"": false}",/data/mrumoca/eval/results_v3/aixlib/runtime_free.jsonl
aixlib,runtime-v3,AixLib.ThermalZones.ReducedOrder.Windows.Validation.SelfShadowing.SelfShadowingTestBelow,0,network-boundary-port,low,False,standalone-topology-not-defect-proof,"{""node"": ""altSine1 -- incAng2 -- selfShadowingBalkony -- solAzi1"", ""boundary_connectors"": ""altSine1, incAng2, selfShadowingBalkony, solAzi1"", ""wired_to"": ""nothing"", ""note"": ""this connector belongs to the model itself, not to a component inside it: the model is an interface compiled on its own, so the node is open on one side. Nothing forces its flow, which is why a structural matching reports an unmatched unknown here. Not a defect in the model""}",/data/mrumoca/eval/results_v3/aixlib/runtime_free.jsonl
aixlib,runtime-v3,AixLib.ThermalZones.ReducedOrder.Windows.Validation.SelfShadowing.SelfShadowingTestBelow,1,network-boundary-port,low,False,standalone-topology-not-defect-proof,"{""node"": ""altSine -- incAng1 -- selfShadowingBelow -- solAzi"", ""boundary_connectors"": ""altSine, incAng1, selfShadowingBelow, solAzi"", ""wired_to"": ""nothing"", ""note"": ""this connector belongs to the model itself, not to a component inside it: the model is an interface compiled on its own, so the node is open on one side. Nothing forces its flow, which is why a structural matching reports an unmatched unknown here. Not a defect in the model""}",/data/mrumoca/eval/results_v3/aixlib/runtime_free.jsonl
aixlib,runtime-v3,AixLib.Utilities.HeatTransfer.HeatToRad,0,network-port-unconnected,low,False,execution-not-completed,"{""connector"": ""convPort"", ""component"": ""<top level>"", ""component_class"": ""unknown"", ""flows_forced_to_zero"": ""convPort.Q_flow"", ""note"": ""nothing is connected to this port, so MLS \u00a79.2 forces its flow to zero. That is correct for a component compiled on its own and is not a defect; it is recorded because it is the commonest reason a model looks structurally singular""}",/data/mrumoca/eval/results_v3/aixlib/runtime_free.jsonl
aixlib,runtime-v3,AixLib.Utilities.HeatTransfer.HeatToRad,1,network-port-unconnected,low,False,execution-not-completed,"{""connector"": ""radPort"", ""component"": ""<top level>"", ""component_class"": ""unknown"", ""flows_forced_to_zero"": ""radPort.Q_flow"", ""note"": ""nothing is connected to this port, so MLS \u00a79.2 forces its flow to zero. That is correct for a component compiled on its own and is not a defect; it is recorded because it is the commonest reason a model looks structurally singular""}",/data/mrumoca/eval/results_v3/aixlib/runtime_free.jsonl
aixlib,runtime-v3,AixLib.Utilities.HeatTransfer.HeatToRad,2,network-component-isolated,low,False,execution-not-completed,"{""component"": ""<top level>"", ""component_class"": ""unknown"", ""ports"": ""convPort, radPort"", ""note"": ""every port of this instance is unconnected, so it exchanges nothing with the rest of the model while still contributing its equations""}",/data/mrumoca/eval/results_v3/aixlib/runtime_free.jsonl
aixlib,runtime-v3,AixLib.Utilities.HeatTransfer.HeatToRad,3,physical-intent-question,low,False,execution-not-completed,"{""domain"": ""fluid"", ""rule"": ""fluid.area.positive"", ""rule_origin"": ""a flow cross-section is a divisor in every velocity relation; zero area admits no flow and divides by zero"", ""rule_reference"": """", ""matched_by"": {""quantity"": ""Area"", ""unit"": ""m2"", ""confidence"": ""QUANTITY_AND_UNIT"", ""premise_state"": ""unknown"", ""authority"": ""quantity_or_unit"", ""canonical_declaration"": ""AixLib.Utilities.HeatTransfer.HeatToRad.A""}, ""observed"": -1.0, ""required"": ""A > 0"", ""where"": ""declaration"", ""premise_state"": ""unknown"", ""authority"": ""quantity_or_unit"", ""canonical_declaration"": ""AixLib.Utilities.HeatTransfer.HeatToRad.A"", ""observation"": ""observed-value"", ""question"": ""`A` holds -1, which is unusual for an area \u2014 but nothing declares what this component is, so the analyzer cannot tell whether it is intended. Is it? If so, declare it: add a component contract, or a `[[contracts]]` entry naming the intended `sign_domain`. If not, bound the declaration.""}",/data/mrumoca/eval/results_v3/aixlib/runtime_free.jsonl
aixlib,runtime-v3,AixLib.Utilities.HeatTransfer.HeatToRad,4,network-observation-incomplete,info,False,execution-not-completed,"{""reason"": ""missing or unsynchronized connector member observations"", ""note"": ""coverage gap, not a model defect""}",/data/mrumoca/eval/results_v3/aixlib/runtime_free.jsonl
aixlib,runtime-v3,AixLib.Utilities.HeatTransfer.HeatToRad,5,initialization-failure,high,False,execution-not-completed,"{""failure_kind"": ""singular-system"", ""reason"": ""es.HeatTransfer.HeatToRad to t=1 with 5 trace point(s)... \u001b[31m\u001b[0m simulation failed: DAE structural proof failed: structurally singular \u001b[31m\u2502\u001b[0m system: 4 matched out of 5 equations and 5 unknowns"", ""raw"": ""reading /tmp/tmp_d4smp18/traced.rbc (bitcode v2, cbor) Simulating AixLib.Utilities.HeatTransfer.HeatToRad to t=1 with 5 trace point(s)... \u001b[31m\u001b[0m simulation failed: DAE structural proof failed: structurally singular \u001b[31m\u2502\u001b[0m system: 4 matched out of 5 equations and 5 unknowns"", ""tool_side"": false}",/data/mrumoca/eval/results_v3/aixlib/runtime_free.jsonl
aixlib,runtime-v3,AixLib.ThermalZones.ReducedOrder.Windows.Validation.SkylineShadowingTest,0,network-boundary-port,low,False,standalone-topology-not-defect-proof,"{""node"": ""skylineShadow -- solAziSine"", ""boundary_connectors"": ""skylineShadow, solAziSine"", ""wired_to"": ""nothing"", ""note"": ""this connector belongs to the model itself, not to a component inside it: the model is an interface compiled on its own, so the node is open on one side. Nothing forces its flow, which is why a structural matching reports an unmatched unknown here. Not a defect in the model""}",/data/mrumoca/eval/results_v3/aixlib/runtime_free.jsonl
aixlib,runtime-v3,AixLib.Utilities.IO.SignalExchange.Overwrite,0,network-boundary-port,low,True,hold-input-contract-validation,"{""node"": ""activate -- swi -- u -- uExt -- y"", ""boundary_connectors"": ""activate, swi, u, uExt, y"", ""wired_to"": ""nothing"", ""note"": ""this connector belongs to the model itself, not to a component inside it: the model is an interface compiled on its own, so the node is open on one side. Nothing forces its flow, which is why a structural matching reports an unmatched unknown here. Not a defect in the model""}",/data/mrumoca/eval/results_v3/aixlib/runtime_free.jsonl
aixlib,runtime-v3,AixLib.Utilities.IO.SignalExchange.Examples.BaseClasses.OriginalModel,0,network-boundary-port,low,False,standalone-topology-not-defect-proof,"{""node"": ""TSet -- conPI -- conPI.Dzero -- conPI.FFzero -- conPI.I -- conPI.P -- conPI.addFF -- conPI.addI -- conPI.addP -- conPI.addPID -- conPI.addSat -- conPI.gainPID -- conPI.gainTrack -- conPI.limiter -- firOrd -- oveWriAct -- oveWriAct.activate -- oveWriAct.swi -- oveWriAct.uExt -- oveWriSet -- oveWriSet.activate -- oveWriSet.swi -- oveWriSet.uExt -- rea"", ""boundary_connectors"": ""TSet, conPI, firOrd, oveWriAct, oveWriSet, rea"", ""wired_to"": ""conPI.Dzero, conPI.FFzero, conPI.I, conPI.P, conPI.addFF, conPI.addI, conPI.addP, conPI.addPID, conPI.addSat, conPI.gainPID, conPI.gainTrack, conPI.limiter, oveWriAct.activate, oveWriAct.swi, oveWriAct.uExt, oveWriSet.activate, oveWriSet.swi, oveWriSet.uExt"", ""note"": ""this connector belongs to the model itself, not to a component inside it: the model is an interface compiled on its own, so the node is open on one side. Nothing forces its flow, which is why a structural matching reports an unmatched unknown here. Not a defect in the model""}",/data/mrumoca/eval/results_v3/aixlib/runtime_free.jsonl
aixlib,runtime-v3,AixLib.Utilities.IO.SignalExchange.Examples.FirstOrder,0,network-boundary-port,low,False,standalone-topology-not-defect-proof,"{""node"": ""actAct -- actSet -- expMod -- uAct -- uSet"", ""boundary_connectors"": ""actAct, actSet, expMod, uAct, uSet"", ""wired_to"": ""nothing"", ""note"": ""this connector belongs to the model itself, not to a component inside it: the model is an interface compiled on its own, so the node is open on one side. Nothing forces its flow, which is why a structural matching reports an unmatched unknown here. Not a defect in the model""}",/data/mrumoca/eval/results_v3/aixlib/runtime_free.jsonl
aixlib,runtime-v3,AixLib.ThermalZones.ReducedOrder.Windows.Validation.SelfShadowing.SelfShadowingTestRight,0,network-boundary-port,low,False,standalone-topology-not-defect-proof,"{""node"": ""alt -- incAng1 -- selfShadowingRight -- solAziSine"", ""boundary_connectors"": ""alt, incAng1, selfShadowingRight, solAziSine"", ""wired_to"": ""nothing"", ""note"": ""this connector belongs to the model itself, not to a component inside it: the model is an interface compiled on its own, so the node is open on one side. Nothing forces its flow, which is why a structural matching reports an unmatched unknown here. Not a defect in the model""}",/data/mrumoca/eval/results_v3/aixlib/runtime_free.jsonl
aixlib,runtime-v3,AixLib.Utilities.Interfaces.Adaptors.ConvRadToCombPort,0,network-boundary-port,low,False,execution-not-completed,"{""node"": ""portConvRadComb.rad -- portRad"", ""boundary_connectors"": ""portRad"", ""wired_to"": ""portConvRadComb.rad"", ""note"": ""this connector belongs to the model itself, not to a component inside it: the model is an interface compiled on its own, so the node is open on one side. Nothing forces its flow, which is why a structural matching reports an unmatched unknown here. Not a defect in the model""}",/data/mrumoca/eval/results_v3/aixlib/runtime_free.jsonl
aixlib,runtime-v3,AixLib.Utilities.Interfaces.Adaptors.ConvRadToCombPort,1,network-boundary-port,low,False,execution-not-completed,"{""node"": ""portConv -- portConvRadComb.conv"", ""boundary_connectors"": ""portConv"", ""wired_to"": ""portConvRadComb.conv"", ""note"": ""this connector belongs to the model itself, not to a component inside it: the model is an interface compiled on its own, so the node is open on one side. Nothing forces its flow, which is why a structural matching reports an unmatched unknown here. Not a defect in the model""}",/data/mrumoca/eval/results_v3/aixlib/runtime_free.jsonl
aixlib,runtime-v3,AixLib.Utilities.Interfaces.Adaptors.ConvRadToCombPort,2,network-observation-incomplete,info,False,execution-not-completed,"{""reason"": ""missing or unsynchronized connector member observations"", ""note"": ""coverage gap, not a model defect""}",/data/mrumoca/eval/results_v3/aixlib/runtime_free.jsonl
aixlib,runtime-v3,AixLib.Utilities.Interfaces.Adaptors.ConvRadToCombPort,3,initialization-failure,high,False,execution-not-completed,"{""failure_kind"": ""singular-system"", ""reason"": ""daptors.ConvRadToCombPort to t=1 with 8 trace point(s)... \u001b[31m\u001b[0m simulation failed: DAE structural proof failed: structurally singular \u001b[31m\u2502\u001b[0m system: 6 matched out of 8 equations and 8 unknowns"", ""raw"": ""reading /tmp/tmpsfq6gckk/traced.rbc (bitcode v2, cbor) Simulating AixLib.Utilities.Interfaces.Adaptors.ConvRadToCombPort to t=1 with 8 trace point(s)... \u001b[31m\u001b[0m simulation failed: DAE structural proof failed: structurally singular \u001b[31m\u2502\u001b[0m system: 6 matched out of 8 equations and 8 unknowns"", ""tool_side"": false}",/data/mrumoca/eval/results_v3/aixlib/runtime_free.jsonl
aixlib,runtime-v3,AixLib.Utilities.KPIs.Energy.ElectricityMeter,0,network-boundary-port,low,True,hold-input-contract-validation,"{""node"": ""E -- P -- conZero -- itg -- itg.and1 -- itg.booExpIsAct -- itg.booExpItgAct -- itg.conZero -- itg.dif -- itg.errItg -- itg.lim -- itg.swiErr"", ""boundary_connectors"": ""E, P, conZero, itg"", ""wired_to"": ""itg.and1, itg.booExpIsAct, itg.booExpItgAct, itg.conZero, itg.dif, itg.errItg, itg.lim, itg.swiErr"", ""note"": ""this connector belongs to the model itself, not to a component inside it: the model is an interface compiled on its own, so the node is open on one side. Nothing forces its flow, which is why a structural matching reports an unmatched unknown here. Not a defect in the model""}",/data/mrumoca/eval/results_v3/aixlib/runtime_free.jsonl
aixlib,runtime-v3,AixLib.Utilities.KPIs.Energy.ThermalEnergyMeterDual,0,network-boundary-port,low,True,hold-input-contract-validation,"{""node"": ""QCoo -- QHea -- Q_flow -- conZero -- itgCoo -- itgCoo.and1 -- itgCoo.booExpIsAct -- itgCoo.booExpItgAct -- itgCoo.conZero -- itgCoo.dif -- itgCoo.errItg -- itgCoo.lim -- itgCoo.swiErr -- itgHea -- itgHea.and1 -- itgHea.booExpIsAct -- itgHea.booExpItgAct -- itgHea.conZero -- itgHea.dif -- itgHea.errItg -- itgHea.lim -- itgHea.swiErr"", ""boundary_connectors"": ""QCoo, QHea, Q_flow, conZero, itgCoo, itgHea"", ""wired_to"": ""itgCoo.and1, itgCoo.booExpIsAct, itgCoo.booExpItgAct, itgCoo.conZero, itgCoo.dif, itgCoo.errItg, itgCoo.lim, itgCoo.swiErr, itgHea.and1, itgHea.booExpIsAct, itgHea.booExpItgAct, itgHea.conZero, itgHea.dif, itgHea.errItg, itgHea.lim, itgHea.swiErr"", ""note"": ""this connector belongs to the model itself, not to a component inside it: the model is an interface compiled on its own, so the node is open on one side. Nothing forces its flow, which is why a structural matching reports an unmatched unknown here. Not a defect in the model""}",/data/mrumoca/eval/results_v3/aixlib/runtime_free.jsonl
aixlib,runtime-v3,AixLib.Utilities.KPIs.Examples.IntegralErrorDualReference,0,network-boundary-port,low,False,standalone-topology-not-defect-proof,"{""node"": ""booSteItgAct -- booSteItgRes -- ied -- ied.addItgErr -- ied.booExpItgAct -- ied.itgNeg -- ied.itgNeg.and1 -- ied.itgNeg.booExpIsAct -- ied.itgNeg.booExpItgAct -- ied.itgNeg.conZero -- ied.itgNeg.dif -- ied.itgNeg.errItg -- ied.itgNeg.lim -- ied.itgNeg.swiErr -- ied.itgPos -- ied.itgPos.and1 -- ied.itgPos.booExpIsAct -- ied.itgPos.booExpItgAct -- ied.itgPos.conZero -- ied.itgPos.dif -- ied.itgPos.errItg -- ied.itgPos.lim -- ied.itgPos.swiErr -- ied.orItgAct -- iedAct -- iedAct.addItgErr -- iedAct.booExpItgAct -- iedAct.itgNeg -- iedAct.itgNeg.and1 -- iedAct.itgNeg.booExpIsAct -- iedAct.itgNeg.booExpItgAct -- iedAct.itgNeg.conZero -- iedAct.itgNeg.dif -- iedAct.itgNeg.errItg -- iedAct.itgNeg.lim -- iedAct.itgNeg.swiErr -- iedAct.itgPos -- iedAct.itgPos.and1 -- iedAct.itgPos.booExpIsAct -- iedAct.itgPos.booExpItgAct -- iedAct.itgPos.conZero -- iedAct.itgPos.dif -- iedAct.itgPos.errItg -- iedAct.itgPos.lim -- iedAct.itgPos.swiErr -- iedAct.orItgAct -- iedActRes -- iedActRes.addItgErr -- iedActRes.booExpItgAct -- iedActRes.itgNeg -- iedActRes.itgNeg.and1 -- iedActRes.itgNeg.booExpIsAct -- iedActRes.itgNeg.booExpItgAct -- iedActRes.itgNeg.conZero -- iedActRes.itgNeg.dif -- iedActRes.itgNeg.errItg -- iedActRes.itgNeg.lim -- iedActRes.itgNeg.swiErr -- iedActRes.itgPos -- iedActRes.itgPos.and1 -- iedActRes.itgPos.booExpIsAct -- iedActRes.itgPos.booExpItgAct -- iedActRes.itgPos.conZero -- iedActRes.itgPos.dif -- iedActRes.itgPos.errItg -- iedActRes.itgPos.lim -- iedActRes.itgPos.swiErr -- iedActRes.orItgAct -- pul -- ramLowBou -- ramUppBou"", ""boundary_connectors"": ""booSteItgAct, booSteItgRes, ied, iedAct, iedActRes, pul, ramLowBou, ramUppBou"", ""wired_to"": ""ied.addItgErr, ied.booExpItgAct, ied.itgNeg, ied.itgNeg.and1, ied.itgNeg.booExpIsAct, ied.itgNeg.booExpItgAct, ied.itgNeg.conZero, ied.itgNeg.dif, ied.itgNeg.errItg, ied.itgNeg.lim, ied.itgNeg.swiErr, ied.itgPos, ied.itgPos.and1, ied.itgPos.booExpIsAct, ied.itgPos.booExpItgAct, ied.itgPos.conZero, ied.itgPos.dif, ied.itgPos.errItg, ied.itgPos.lim, ied.itgPos.swiErr, ied.orItgAct, iedAct.addItgErr, iedAct.booExpItgAct, iedAct.itgNeg, iedAct.itgNeg.and1, iedAct.itgNeg.booExpIsAct, iedAct.itgNeg.booExpItgAct, iedAct.itgNeg.conZero, iedAct.itgNeg.dif, iedAct.itgNeg.errItg, iedAct.itgNeg.lim, iedAct.itgNeg.swiErr, iedAct.itgPos, iedAct.itgPos.and1, iedAct.itgPos.booExpIsAct, iedAct.itgPos.booExpItgAct, iedAct.itgPos.conZero, iedAct.itgPos.dif, iedAct.itgPos.errItg, iedAct.itgPos.lim, iedAct.itgPos.swiErr, iedAct.orItgAct, iedActRes.addItgErr, iedActRes.booExpItgAct, iedActRes.itgNeg, iedActRes.itgNeg.and1, iedActRes.itgNeg.booExpIsAct, iedActRes.itgNeg.booExpItgAct, iedActRes.itgNeg.conZero, iedActRes.itgNeg.dif, iedActRes.itgNeg.errItg, iedActRes.itgNeg.lim, iedActRes.itgNeg.swiErr, iedActRes.itgPos, iedActRes.itgPos.and1, iedActRes.itgPos.booExpIsAct, iedActRes.itgPos.booExpItgAct, iedActRes.itgPos.conZero, iedActRes.itgPos.dif, iedActRes.itgPos.errItg, iedActRes.itgPos.lim, iedActRes.itgPos.swiErr, iedActRes.orItgAct"", ""note"": ""this connector belongs to the model itself, not to a component inside it: the model is an interface compiled on its own, so the node is open on one side. Nothing forces its flow, which is why a structural matching reports an unmatched unknown here. Not a defect in the model""}",/data/mrumoca/eval/results_v3/aixlib/runtime_free.jsonl
aixlib,runtime-v3,AixLib.Utilities.KPIs.Examples.IntegralErrorSingleReference,0,network-boundary-port,low,False,standalone-topology-not-defect-proof,"{""node"": ""booSteItgAct -- booSteItgRes -- conZeroRef -- iae -- iae.abs -- iae.booExpItgAct -- iae.conZero -- iae.dif -- iae.errItg -- iae.swiErr -- iaeAct -- iaeAct.abs -- iaeAct.booExpItgAct -- iaeAct.conZero -- iaeAct.dif -- iaeAct.errItg -- iaeAct.swiErr -- iaeActRes -- iaeActRes.abs -- iaeActRes.booExpItgAct -- iaeActRes.conZero -- iaeActRes.dif -- iaeActRes.errItg -- iaeActRes.swiErr -- ise -- ise.booExpItgAct -- ise.conZero -- ise.dif -- ise.errItg -- ise.pro -- ise.swiErr -- itgErrNeg -- itgErrNeg.and1 -- itgErrNeg.booExpIsAct -- itgErrNeg.booExpItgAct -- itgErrNeg.conZero -- itgErrNeg.dif -- itgErrNeg.errItg -- itgErrNeg.lim -- itgErrNeg.swiErr -- itgErrPos -- itgErrPos.and1 -- itgErrPos.booExpIsAct -- itgErrPos.booExpItgAct -- itgErrPos.conZero -- itgErrPos.dif -- itgErrPos.errItg -- itgErrPos.lim -- itgErrPos.swiErr -- itgErrPosAct -- itgErrPosAct.and1 -- itgErrPosAct.booExpIsAct -- itgErrPosAct.booExpItgAct -- itgErrPosAct.conZero -- itgErrPosAct.dif -- itgErrPosAct.errItg -- itgErrPosAct.lim -- itgErrPosAct.swiErr -- itgErrPosActRes -- itgErrPosActRes.and1 -- itgErrPosActRes.booExpIsAct -- itgErrPosActRes.booExpItgAct -- itgErrPosActRes.conZero -- itgErrPosActRes.dif -- itgErrPosActRes.errItg -- itgErrPosActRes.lim -- itgErrPosActRes.swiErr -- itgTim -- itgTim.booExpItgAct -- itgTim.conOne -- itgTim.conZero -- itgTim.swi -- itgTim.timeItg -- itgTimRes -- itgTimRes.booExpItgAct -- itgTimRes.conOne -- itgTimRes.conZero -- itgTimRes.swi -- itgTimRes.timeItg -- not1 -- pul"", ""boundary_connectors"": ""booSteItgAct, booSteItgRes, conZeroRef, iae, iaeAct, iaeActRes, ise, itgErrNeg, itgErrPos, itgErrPosAct, itgErrPosActRes, itgTim, itgTimRes, not1, pul"", ""wired_to"": ""iae.abs, iae.booExpItgAct, iae.conZero, iae.dif, iae.errItg, iae.swiErr, iaeAct.abs, iaeAct.booExpItgAct, iaeAct.conZero, iaeAct.dif, iaeAct.errItg, iaeAct.swiErr, iaeActRes.abs, iaeActRes.booExpItgAct, iaeActRes.conZero, iaeActRes.dif, iaeActRes.errItg, iaeActRes.swiErr, ise.booExpItgAct, ise.conZero, ise.dif, ise.errItg, ise.pro, ise.swiErr, itgErrNeg.and1, itgErrNeg.booExpIsAct, itgErrNeg.booExpItgAct, itgErrNeg.conZero, itgErrNeg.dif, itgErrNeg.errItg, itgErrNeg.lim, itgErrNeg.swiErr, itgErrPos.and1, itgErrPos.booExpIsAct, itgErrPos.booExpItgAct, itgErrPos.conZero, itgErrPos.dif, itgErrPos.errItg, itgErrPos.lim, itgErrPos.swiErr, itgErrPosAct.and1, itgErrPosAct.booExpIsAct, itgErrPosAct.booExpItgAct, itgErrPosAct.conZero, itgErrPosAct.dif, itgErrPosAct.errItg, itgErrPosAct.lim, itgErrPosAct.swiErr, itgErrPosActRes.and1, itgErrPosActRes.booExpIsAct, itgErrPosActRes.booExpItgAct, itgErrPosActRes.conZero, itgErrPosActRes.dif, itgErrPosActRes.errItg, itgErrPosActRes.lim, itgErrPosActRes.swiErr, itgTim.booExpItgAct, itgTim.conOne, itgTim.conZero, itgTim.swi, itgTim.timeItg, itgTimRes.booExpItgAct, itgTimRes.conOne, itgTimRes.conZero, itgTimRes.swi, itgTimRes.timeItg"", ""note"": ""this connector belongs to the model itself, not to a component inside it: the model is an interface compiled on its own, so the node is open on one side. Nothing forces its flow, which is why a structural matching reports an unmatched unknown here. Not a defect in the model""}",/data/mrumoca/eval/results_v3/aixlib/runtime_free.jsonl
aixlib,runtime-v3,AixLib.Utilities.KPIs.Examples.EnergyKpis,0,network-boundary-port,low,False,standalone-topology-not-defect-proof,"{""node"": ""eleMtr -- eleMtr.conZero -- eleMtr.itg -- eleMtr.itg.and1 -- eleMtr.itg.booExpIsAct -- eleMtr.itg.booExpItgAct -- eleMtr.itg.conZero -- eleMtr.itg.dif -- eleMtr.itg.errItg -- eleMtr.itg.lim -- eleMtr.itg.swiErr -- eleMtrTim -- eleMtrTim.conZero -- eleMtrTim.itg -- eleMtrTim.itg.and1 -- eleMtrTim.itg.booExpIsAct -- eleMtrTim.itg.booExpItgAct -- eleMtrTim.itg.conZero -- eleMtrTim.itg.dif -- eleMtrTim.itg.errItg -- eleMtrTim.itg.lim -- eleMtrTim.itg.swiErr -- eleMtrTim.itgTim -- eleMtrTim.itgTim.booExpItgAct -- eleMtrTim.itgTim.conOne -- eleMtrTim.itgTim.conZero -- eleMtrTim.itgTim.swi -- eleMtrTim.itgTim.timeItg -- pulP"", ""boundary_connectors"": ""eleMtr, eleMtrTim, pulP"", ""wired_to"": ""eleMtr.conZero, eleMtr.itg, eleMtr.itg.and1, eleMtr.itg.booExpIsAct, eleMtr.itg.booExpItgAct, eleMtr.itg.conZero, eleMtr.itg.dif, eleMtr.itg.errItg, eleMtr.itg.lim, eleMtr.itg.swiErr, eleMtrTim.conZero, eleMtrTim.itg, eleMtrTim.itg.and1, eleMtrTim.itg.booExpIsAct, eleMtrTim.itg.booExpItgAct, eleMtrTim.itg.conZero, eleMtrTim.itg.dif, eleMtrTim.itg.errItg, eleMtrTim.itg.lim, eleMtrTim.itg.swiErr, eleMtrTim.itgTim, eleMtrTim.itgTim.booExpItgAct, eleMtrTim.itgTim.conOne, eleMtrTim.itgTim.conZero, eleMtrTim.itgTim.swi, eleMtrTim.itgTim.timeItg"", ""note"": ""this connector belongs to the model itself, not to a component inside it: the model is an interface compiled on its own, so the node is open on one side. Nothing forces its flow, which is why a structural matching reports an unmatched unknown here. Not a defect in the model""}",/data/mrumoca/eval/results_v3/aixlib/runtime_free.jsonl
aixlib,runtime-v3,AixLib.Utilities.KPIs.Examples.EnergyKpis,1,network-boundary-port,low,False,standalone-topology-not-defect-proof,"{""node"": ""pulQ_flow -- thmMtr -- thmMtr.conZero -- thmMtr.itgCoo -- thmMtr.itgCoo.and1 -- thmMtr.itgCoo.booExpIsAct -- thmMtr.itgCoo.booExpItgAct -- thmMtr.itgCoo.conZero -- thmMtr.itgCoo.dif -- thmMtr.itgCoo.errItg -- thmMtr.itgCoo.lim -- thmMtr.itgCoo.swiErr -- thmMtr.itgHea -- thmMtr.itgHea.and1 -- thmMtr.itgHea.booExpIsAct -- thmMtr.itgHea.booExpItgAct -- thmMtr.itgHea.conZero -- thmMtr.itgHea.dif -- thmMtr.itgHea.errItg -- thmMtr.itgHea.lim -- thmMtr.itgHea.swiErr -- thmMtrTim -- thmMtrTim.conZero -- thmMtrTim.itgCoo -- thmMtrTim.itgCoo.and1 -- thmMtrTim.itgCoo.booExpIsAct -- thmMtrTim.itgCoo.booExpItgAct -- thmMtrTim.itgCoo.conZero -- thmMtrTim.itgCoo.dif -- thmMtrTim.itgCoo.errItg -- thmMtrTim.itgCoo.lim -- thmMtrTim.itgCoo.swiErr -- thmMtrTim.itgHea -- thmMtrTim.itgHea.and1 -- thmMtrTim.itgHea.booExpIsAct -- thmMtrTim.itgHea.booExpItgAct -- thmMtrTim.itgHea.conZero -- thmMtrTim.itgHea.dif -- thmMtrTim.itgHea.errItg -- thmMtrTim.itgHea.lim -- thmMtrTim.itgHea.swiErr -- thmMtrTim.itgTimCoo -- thmMtrTim.itgTimCoo.booExpItgAct -- thmMtrTim.itgTimCoo.conOne -- thmMtrTim.itgTimCoo.conZero -- thmMtrTim.itgTimCoo.swi -- thmMtrTim.itgTimCoo.timeItg -- thmMtrTim.itgTimHea -- thmMtrTim.itgTimHea.booExpItgAct -- thmMtrTim.itgTimHea.conOne -- thmMtrTim.itgTimHea.conZero -- thmMtrTim.itgTimHea.swi -- thmMtrTim.itgTimHea.timeItg"", ""boundary_connectors"": ""pulQ_flow, thmMtr, thmMtrTim"", ""wired_to"": ""thmMtr.conZero, thmMtr.itgCoo, thmMtr.itgCoo.and1, thmMtr.itgCoo.booExpIsAct, thmMtr.itgCoo.booExpItgAct, thmMtr.itgCoo.conZero, thmMtr.itgCoo.dif, thmMtr.itgCoo.errItg, thmMtr.itgCoo.lim, thmMtr.itgCoo.swiErr, thmMtr.itgHea, thmMtr.itgHea.and1, thmMtr.itgHea.booExpIsAct, thmMtr.itgHea.booExpItgAct, thmMtr.itgHea.conZero, thmMtr.itgHea.dif, thmMtr.itgHea.errItg, thmMtr.itgHea.lim, thmMtr.itgHea.swiErr, thmMtrTim.conZero, thmMtrTim.itgCoo, thmMtrTim.itgCoo.and1, thmMtrTim.itgCoo.booExpIsAct, thmMtrTim.itgCoo.booExpItgAct, thmMtrTim.itgCoo.conZero, thmMtrTim.itgCoo.dif, thmMtrTim.itgCoo.errItg, thmMtrTim.itgCoo.lim, thmMtrTim.itgCoo.swiErr, thmMtrTim.itgHea, thmMtrTim.itgHea.and1, thmMtrTim.itgHea.booExpIsAct, thmMtrTim.itgHea.booExpItgAct, thmMtrTim.itgHea.conZero, thmMtrTim.itgHea.dif, thmMtrTim.itgHea.errItg, thmMtrTim.itgHea.lim, thmMtrTim.itgHea.swiErr, thmMtrTim.itgTimCoo, thmMtrTim.itgTimCoo.booExpItgAct, thmMtrTim.itgTimCoo.conOne, thmMtrTim.itgTimCoo.conZero, thmMtrTim.itgTimCoo.swi, thmMtrTim.itgTimCoo.timeItg, thmMtrTim.itgTimHea, thmMtrTim.itgTimHea.booExpItgAct, thmMtrTim.itgTimHea.conOne, thmMtrTim.itgTimHea.conZero, thmMtrTim.itgTimHea.swi, thmMtrTim.itgTimHea.timeItg"", ""note"": ""this connector belongs to the model itself, not to a component inside it: the model is an interface compiled on its own, so the node is open on one side. Nothing forces its flow, which is why a structural matching reports an unmatched unknown here. Not a defect in the model""}",/data/mrumoca/eval/results_v3/aixlib/runtime_free.jsonl
aixlib,runtime-v3,AixLib.Utilities.KPIs.IndoorAirQuality.Co2DIN16798,0,network-boundary-port,low,True,hold-input-contract-validation,"{""node"": ""co2Con -- fixLimCat1 -- fixLimCat1.conConLim -- fixLimCat1.itgErrPos -- fixLimCat1.itgErrPos.and1 -- fixLimCat1.itgErrPos.booExpIsAct -- fixLimCat1.itgErrPos.booExpItgAct -- fixLimCat1.itgErrPos.conZero -- fixLimCat1.itgErrPos.dif -- fixLimCat1.itgErrPos.errItg -- fixLimCat1.itgErrPos.lim -- fixLimCat1.itgErrPos.swiErr -- fixLimCat2 -- fixLimCat2.conConLim -- fixLimCat2.itgErrPos -- fixLimCat2.itgErrPos.and1 -- fixLimCat2.itgErrPos.booExpIsAct -- fixLimCat2.itgErrPos.booExpItgAct -- fixLimCat2.itgErrPos.conZero -- fixLimCat2.itgErrPos.dif -- fixLimCat2.itgErrPos.errItg -- fixLimCat2.itgErrPos.lim -- fixLimCat2.itgErrPos.swiErr -- fixLimCat3 -- fixLimCat3.conConLim -- fixLimCat3.itgErrPos -- fixLimCat3.itgErrPos.and1 -- fixLimCat3.itgErrPos.booExpIsAct -- fixLimCat3.itgErrPos.booExpItgAct -- fixLimCat3.itgErrPos.conZero -- fixLimCat3.itgErrPos.dif -- fixLimCat3.itgErrPos.errItg -- fixLimCat3.itgErrPos.lim -- fixLimCat3.itgErrPos.swiErr -- fixLimCat4 -- fixLimCat4.conConLim -- fixLimCat4.itgErrPos -- fixLimCat4.itgErrPos.and1 -- fixLimCat4.itgErrPos.booExpIsAct -- fixLimCat4.itgErrPos.booExpItgAct -- fixLimCat4.itgErrPos.conZero -- fixLimCat4.itgErrPos.dif -- fixLimCat4.itgErrPos.errItg -- fixLimCat4.itgErrPos.lim -- fixLimCat4.itgErrPos.swiErr -- ppmSecOutBouCat1 -- ppmSecOutBouCat2 -- ppmSecOutBouCat3 -- ppmSecOutBouCat4"", ""boundary_connectors"": ""co2Con, fixLimCat1, fixLimCat2, fixLimCat3, fixLimCat4, ppmSecOutBouCat1, ppmSecOutBouCat2, ppmSecOutBouCat3, ppmSecOutBouCat4"", ""wired_to"": ""fixLimCat1.conConLim, fixLimCat1.itgErrPos, fixLimCat1.itgErrPos.and1, fixLimCat1.itgErrPos.booExpIsAct, fixLimCat1.itgErrPos.booExpItgAct, fixLimCat1.itgErrPos.conZero, fixLimCat1.itgErrPos.dif, fixLimCat1.itgErrPos.errItg, fixLimCat1.itgErrPos.lim, fixLimCat1.itgErrPos.swiErr, fixLimCat2.conConLim, fixLimCat2.itgErrPos, fixLimCat2.itgErrPos.and1, fixLimCat2.itgErrPos.booExpIsAct, fixLimCat2.itgErrPos.booExpItgAct, fixLimCat2.itgErrPos.conZero, fixLimCat2.itgErrPos.dif, fixLimCat2.itgErrPos.errItg, fixLimCat2.itgErrPos.lim, fixLimCat2.itgErrPos.swiErr, fixLimCat3.conConLim, fixLimCat3.itgErrPos, fixLimCat3.itgErrPos.and1, fixLimCat3.itgErrPos.booExpIsAct, fixLimCat3.itgErrPos.booExpItgAct, fixLimCat3.itgErrPos.conZero, fixLimCat3.itgErrPos.dif, fixLimCat3.itgErrPos.errItg, fixLimCat3.itgErrPos.lim, fixLimCat3.itgErrPos.swiErr, fixLimCat4.conConLim, fixLimCat4.itgErrPos, fixLimCat4.itgErrPos.and1, fixLimCat4.itgErrPos.booExpIsAct, fixLimCat4.itgErrPos.booExpItgAct, fixLimCat4.itgErrPos.conZero, fixLimCat4.itgErrPos.dif, fixLimCat4.itgErrPos.errItg, fixLimCat4.itgErrPos.lim, fixLimCat4.itgErrPos.swiErr"", ""note"": ""this connector belongs to the model itself, not to a component inside it: the model is an interface compiled on its own, so the node is open on one side. Nothing forces its flow, which is why a structural matching reports an unmatched unknown here. Not a defect in the model""}",/data/mrumoca/eval/results_v3/aixlib/runtime_free.jsonl
aixlib,runtime-v3,AixLib.Utilities.KPIs.IntegralErrorDualReference.IntegralErrorDualBounds,0,network-boundary-port,low,True,execution-not-completed,"{""node"": ""addItgErr -- booExpItgAct -- isItgAct -- isItgActNeg -- isItgActPos -- itgNeg -- itgNeg.and1 -- itgNeg.booExpIsAct -- itgNeg.booExpItgAct -- itgNeg.conZero -- itgNeg.dif -- itgNeg.errItg -- itgNeg.lim -- itgNeg.swiErr -- itgPos -- itgPos.and1 -- itgPos.booExpIsAct -- itgPos.booExpItgAct -- itgPos.conZero -- itgPos.dif -- itgPos.errItg -- itgPos.lim -- itgPos.swiErr -- orItgAct -- refLow -- refUpp -- u -- y -- yNeg -- yPos"", ""boundary_connectors"": ""addItgErr, booExpItgAct, isItgAct, isItgActNeg, isItgActPos, itgNeg, itgPos, orItgAct, refLow, refUpp, u, y, yNeg, yPos"", ""wired_to"": ""itgNeg.and1, itgNeg.booExpIsAct, itgNeg.booExpItgAct, itgNeg.conZero, itgNeg.dif, itgNeg.errItg, itgNeg.lim, itgNeg.swiErr, itgPos.and1, itgPos.booExpIsAct, itgPos.booExpItgAct, itgPos.conZero, itgPos.dif, itgPos.errItg, itgPos.lim, itgPos.swiErr"", ""note"": ""this connector belongs to the model itself, not to a component inside it: the model is an interface compiled on its own, so the node is open on one side. Nothing forces its flow, which is why a structural matching reports an unmatched unknown here. Not a defect in the model""}",/data/mrumoca/eval/results_v3/aixlib/runtime_free.jsonl
aixlib,runtime-v3,AixLib.Utilities.KPIs.IntegralErrorDualReference.IntegralErrorDualBounds,1,network-observation-incomplete,info,True,execution-not-completed,"{""reason"": ""missing or unsynchronized connector member observations"", ""note"": ""coverage gap, not a model defect""}",/data/mrumoca/eval/results_v3/aixlib/runtime_free.jsonl
aixlib,runtime-v3,AixLib.Utilities.KPIs.IntegralErrorDualReference.IntegralErrorDualBounds,2,simulation-failure,high,True,execution-not-completed,"{""failure_kind"": ""unknown"", ""reason"": ""egralErrorDualReference.IntegralErrorDualBounds to t=1 with 69 trace point(s)... \u001b[31m\u001b[0m simulation failed: Modelica assert failed at t=0.000000000: Dual references \u001b[31m\u2502\u001b[0m wrong (refUpp<=refLow)"", ""raw"": ""reading /tmp/tmpwe5n72jp/traced.rbc (bitcode v2, cbor) holding 3 free input(s) constant at their start values: u=0, refUpp=0, refLow=0 Simulating AixLib.Utilities.KPIs.IntegralErrorDualReference.IntegralErrorDualBounds to t=1 with 69 trace point(s)... \u001b[31m\u001b[0m simulation failed: Modelica assert failed at t=0.000000000: Dual references \u001b[31m\u2502\u001b[0m wrong (refUpp<=refLow)"", ""tool_side"": false}",/data/mrumoca/eval/results_v3/aixlib/runtime_free.jsonl
aixlib,runtime-v3,AixLib.Utilities.KPIs.IntegralErrorSingleReference.IntegralAbsoluteError,0,network-boundary-port,low,True,hold-input-contract-validation,"{""node"": ""abs -- booExpItgAct -- conZero -- dif -- errItg -- ref -- swiErr -- u -- y"", ""boundary_connectors"": ""abs, booExpItgAct, conZero, dif, errItg, ref, swiErr, u, y"", ""wired_to"": ""nothing"", ""note"": ""this connector belongs to the model itself, not to a component inside it: the model is an interface compiled on its own, so the node is open on one side. Nothing forces its flow, which is why a structural matching reports an unmatched unknown here. Not a defect in the model""}",/data/mrumoca/eval/results_v3/aixlib/runtime_free.jsonl
aixlib,runtime-v3,AixLib.Utilities.KPIs.Examples.Co2Kpis,0,network-boundary-port,low,False,standalone-topology-not-defect-proof,"{""node"": ""booPulAct -- din16798ActTim -- din16798ActTim.fixLimCat1 -- din16798ActTim.fixLimCat1.conConLim -- din16798ActTim.fixLimCat1.itgErrPos -- din16798ActTim.fixLimCat1.itgErrPos.and1 -- din16798ActTim.fixLimCat1.itgErrPos.booExpIsAct -- din16798ActTim.fixLimCat1.itgErrPos.booExpItgAct -- din16798ActTim.fixLimCat1.itgErrPos.conZero -- din16798ActTim.fixLimCat1.itgErrPos.dif -- din16798ActTim.fixLimCat1.itgErrPos.errItg -- din16798ActTim.fixLimCat1.itgErrPos.lim -- din16798ActTim.fixLimCat1.itgErrPos.swiErr -- din16798ActTim.fixLimCat1.itgTim[1] -- din16798ActTim.fixLimCat1.itgTim[1].booExpItgAct -- din16798ActTim.fixLimCat1.itgTim[1].conOne -- din16798ActTim.fixLimCat1.itgTim[1].conZero -- din16798ActTim.fixLimCat1.itgTim[1].swi -- din16798ActTim.fixLimCat1.itgTim[1].timeItg -- din16798ActTim.fixLimCat2 -- din16798ActTim.fixLimCat2.conConLim -- din16798ActTim.fixLimCat2.itgErrPos -- din16798ActTim.fixLimCat2.itgErrPos.and1 -- din16798ActTim.fixLimCat2.itgErrPos.booExpIsAct -- din16798ActTim.fixLimCat2.itgErrPos.booExpItgAct -- din16798ActTim.fixLimCat2.itgErrPos.conZero -- din16798ActTim.fixLimCat2.itgErrPos.dif -- din16798ActTim.fixLimCat2.itgErrPos.errItg -- din16798ActTim.fixLimCat2.itgErrPos.lim -- din16798ActTim.fixLimCat2.itgErrPos.swiErr -- din16798ActTim.fixLimCat2.itgTim[1] -- din16798ActTim.fixLimCat2.itgTim[1].booExpItgAct -- din16798ActTim.fixLimCat2.itgTim[1].conOne -- din16798ActTim.fixLimCat2.itgTim[1].conZero -- din16798ActTim.fixLimCat2.itgTim[1].swi -- din16798ActTim.fixLimCat2.itgTim[1].timeItg -- din16798ActTim.fixLimCat3 -- din16798ActTim.fixLimCat3.conConLim -- din16798ActTim.fixLimCat3.itgErrPos -- din16798ActTim.fixLimCat3.itgErrPos.and1 -- din16798ActTim.fixLimCat3.itgErrPos.booExpIsAct -- din16798ActTim.fixLimCat3.itgErrPos.booExpItgAct -- din16798ActTim.fixLimCat3.itgErrPos.conZero -- din16798ActTim.fixLimCat3.itgErrPos.dif -- din16798ActTim.fixLimCat3.itgErrPos.errItg -- din16798ActTim.fixLimCat3.itgErrPos.lim -- din16798ActTim.fixLimCat3.itgErrPos.swiErr -- din16798ActTim.fixLimCat3.itgTim[1] -- din16798ActTim.fixLimCat3.itgTim[1].booExpItgAct -- din16798ActTim.fixLimCat3.itgTim[1].conOne -- din16798ActTim.fixLimCat3.itgTim[1].conZero -- din16798ActTim.fixLimCat3.itgTim[1].swi -- din16798ActTim.fixLimCat3.itgTim[1].timeItg -- din16798ActTim.fixLimCat4 -- din16798ActTim.fixLimCat4.conConLim -- din16798ActTim.fixLimCat4.itgErrPos -- din16798ActTim.fixLimCat4.itgErrPos.and1 -- din16798ActTim.fixLimCat4.itgErrPos.booExpIsAct -- din16798ActTim.fixLimCat4.itgErrPos.booExpItgAct -- din16798ActTim.fixLimCat4.itgErrPos.conZero -- din16798ActTim.fixLimCat4.itgErrPos.dif -- din16798ActTim.fixLimCat4.itgErrPos.errItg -- din16798ActTim.fixLimCat4.itgErrPos.lim -- din16798ActTim.fixLimCat4.itgErrPos.swiErr -- din16798ActTim.fixLimCat4.itgTim[1] -- din16798ActTim.fixLimCat4.itgTim[1].booExpItgAct -- din16798ActTim.fixLimCat4.itgTim[1].conOne -- din16798ActTim.fixLimCat4.itgTim[1].conZero -- din16798ActTim.fixLimCat4.itgTim[1].swi -- din16798ActTim.fixLimCat4.itgTim[1].timeItg -- din16798Tim -- din16798Tim.fixLimCat1 -- din16798Tim.fixLimCat1.conConLim -- din16798Tim.fixLimCat1.itgErrPos -- din16798Tim.fixLimCat1.itgErrPos.and1 -- din16798Tim.fixLimCat1.itgErrPos.booExpIsAct -- din16798Tim.fixLimCat1.itgErrPos.booExpItgAct -- din16798Tim.fixLimCat1.itgErrPos.conZero -- din16798Tim.fixLimCat1.itgErrPos.dif -- din16798Tim.fixLimCat1.itgErrPos.errItg -- din16798Tim.fixLimCat1.itgErrPos.lim -- din16798Tim.fixLimCat1.itgErrPos.swiErr -- din16798Tim.fixLimCat1.itgTim[1] -- din16798Tim.fixLimCat1.itgTim[1].booExpItgAct -- din16798Tim.fixLimCat1.itgTim[1].conOne -- din16798Tim.fixLimCat1.itgTim[1].conZero -- din16798Tim.fixLimCat1.itgTim[1].swi -- din16798Tim.fixLimCat1.itgTim[1].timeItg -- din16798Tim.fixLimCat2 -- din16798Tim.fixLimCat2.conConLim -- din16798Tim.fixLimCat2.itgErrPos -- din16798Tim.fixLimCat2.itgErrPos.and1 -- din16798Tim.fixLimCat2.itgErrPos.booExpIsAct -- din16798Tim.fixLimCat2.itgErrPos.booExpItgAct -- din16798Tim.fixLimCat2.itgErrPos.conZero -- din16798Tim.fixLimCat2.itgErrPos.dif -- din16798Tim.fixLimCat2.itgErrPos.errItg -- din16798Tim.fixLimCat2.itgErrPos.lim -- din16798Tim.fixLimCat2.itgErrPos.swiErr -- din16798Tim.fixLimCat2.itgTim[1] -- din16798Tim.fixLimCat2.itgTim[1].booExpItgAct -- din16798Tim.fixLimCat2.itgTim[1].conOne -- din16798Tim.fixLimCat2.itgTim[1].conZero -- din16798Tim.fixLimCat2.itgTim[1].swi -- din16798Tim.fixLimCat2.itgTim[1].timeItg -- din16798Tim.fixLimCat3 -- din16798Tim.fixLimCat3.conConLim -- din16798Tim.fixLimCat3.itgErrPos -- din16798Tim.fixLimCat3.itgErrPos.and1 -- din16798Tim.fixLimCat3.itgErrPos.booExpIsAct -- din16798Tim.fixLimCat3.itgErrPos.booExpItgAct -- din16798Tim.fixLimCat3.itgErrPos.conZero -- din16798Tim.fixLimCat3.itgErrPos.dif -- din16798Tim.fixLimCat3.itgErrPos.errItg -- din16798Tim.fixLimCat3.itgErrPos.lim -- din16798Tim.fixLimCat3.itgErrPos.swiErr -- din16798Tim.fixLimCat3.itgTim[1] -- din16798Tim.fixLimCat3.itgTim[1].booExpItgAct -- din16798Tim.fixLimCat3.itgTim[1].conOne -- din16798Tim.fixLimCat3.itgTim[1].conZero -- din16798Tim.fixLimCat3.itgTim[1].swi -- din16798Tim.fixLimCat3.itgTim[1].timeItg -- din16798Tim.fixLimCat4 -- din16798Tim.fixLimCat4.conConLim -- din16798Tim.fixLimCat4.itgErrPos -- din16798Tim.fixLimCat4.itgErrPos.and1 -- din16798Tim.fixLimCat4.itgErrPos.booExpIsAct -- din16798Tim.fixLimCat4.itgErrPos.booExpItgAct -- din16798Tim.fixLimCat4.itgErrPos.conZero -- din16798Tim.fixLimCat4.itgErrPos.dif -- din16798Tim.fixLimCat4.itgErrPos.errItg -- din16798Tim.fixLimCat4.itgErrPos.lim -- din16798Tim.fixLimCat4.itgErrPos.swiErr -- din16798Tim.fixLimCat4.itgTim[1] -- din16798Tim.fixLimCat4.itgTim[1].booExpItgAct -- din16798Tim.fixLimCat4.itgTim[1].conOne -- din16798Tim.fixLimCat4.itgTim[1].conZero -- din16798Tim.fixLimCat4.itgTim[1].swi -- din16798Tim.fixLimCat4.itgTim[1].timeItg -- fixBou -- fixBou.conConLim -- fixBou.itgErrPos -- fixBou.itgErrPos.and1 -- fixBou.itgErrPos.booExpIsAct -- fixBou.itgErrPos.booExpItgAct -- fixBou.itgErrPos.conZero -- fixBou.itgErrPos.dif -- fixBou.itgErrPos.errItg -- fixBou.itgErrPos.lim -- fixBou.itgErrPos.swiErr -- fixBouAct -- fixBouAct.conConLim -- fixBouAct.itgErrPos -- fixBouAct.itgErrPos.and1 -- fixBouAct.itgErrPos.booExpIsAct -- fixBouAct.itgErrPos.booExpItgAct -- fixBouAct.itgErrPos.conZero -- fixBouAct.itgErrPos.dif -- fixBouAct.itgErrPos.errItg -- fixBouAct.itgErrPos.lim -- fixBouAct.itgErrPos.swiErr -- fixBouRes -- fixBouRes.conConLim -- fixBouRes.itgErrPos -- fixBouRes.itgErrPos.and1 -- fixBouRes.itgErrPos.booExpIsAct -- fixBouRes.itgErrPos.booExpItgAct -- fixBouRes.itgErrPos.conZero -- fixBouRes.itgErrPos.dif -- fixBouRes.itgErrPos.errItg -- fixBouRes.itgErrPos.lim -- fixBouRes.itgErrPos.swiErr -- fixBouRes.notRes -- fixBouTim -- fixBouTim.conConLim -- fixBouTim.itgErrPos -- fixBouTim.itgErrPos.and1 -- fixBouTim.itgErrPos.booExpIsAct -- fixBouTim.itgErrPos.booExpItgAct -- fixBouTim.itgErrPos.conZero -- fixBouTim.itgErrPos.dif -- fixBouTim.itgErrPos.errItg -- fixBouTim.itgErrPos.lim -- fixBouTim.itgErrPos.swiErr -- fixBouTim.itgTim[1] -- fixBouTim.itgTim[1].booExpItgAct -- fixBouTim.itgTim[1].conOne -- fixBouTim.itgTim[1].conZero -- fixBouTim.itgTim[1].swi -- fixBouTim.itgTim[1].timeItg -- fixBouTimRes -- fixBouTimRes.conConLim -- fixBouTimRes.itgErrPos -- fixBouTimRes.itgErrPos.and1 -- fixBouTimRes.itgErrPos.booExpIsAct -- fixBouTimRes.itgErrPos.booExpItgAct -- fixBouTimRes.itgErrPos.conZero -- fixBouTimRes.itgErrPos.dif -- fixBouTimRes.itgErrPos.errItg -- fixBouTimRes.itgErrPos.lim -- fixBouTimRes.itgErrPos.swiErr -- fixBouTimRes.itgTim[1] -- fixBouTimRes.itgTim[1].booExpItgAct -- fixBouTimRes.itgTim[1].conOne -- fixBouTimRes.itgTim[1].conZero -- fixBouTimRes.itgTim[1].swi -- fixBouTimRes.itgTim[1].timeItg -- fixBouTimRes.notRes -- traCo2Con"", ""boundary_connectors"": ""booPulAct, din16798ActTim, din16798Tim, fixBou, fixBouAct, fixBouRes, fixBouTim, fixBouTimRes, traCo2Con"", ""wired_to"": ""din16798ActTim.fixLimCat1, din16798ActTim.fixLimCat1.conConLim, din16798ActTim.fixLimCat1.itgErrPos, din16798ActTim.fixLimCat1.itgErrPos.and1, din16798ActTim.fixLimCat1.itgErrPos.booExpIsAct, din16798ActTim.fixLimCat1.itgErrPos.booExpItgAct, din16798ActTim.fixLimCat1.itgErrPos.conZero, din16798ActTim.fixLimCat1.itgErrPos.dif, din16798ActTim.fixLimCat1.itgErrPos.errItg, din16798ActTim.fixLimCat1.itgErrPos.lim, din16798ActTim.fixLimCat1.itgErrPos.swiErr, din16798ActTim.fixLimCat1.itgTim[1], din16798ActTim.fixLimCat1.itgTim[1].booExpItgAct, din16798ActTim.fixLimCat1.itgTim[1].conOne, din16798ActTim.fixLimCat1.itgTim[1].conZero, din16798ActTim.fixLimCat1.itgTim[1].swi, din16798ActTim.fixLimCat1.itgTim[1].timeItg, din16798ActTim.fixLimCat2, din16798ActTim.fixLimCat2.conConLim, din16798ActTim.fixLimCat2.itgErrPos, din16798ActTim.fixLimCat2.itgErrPos.and1, din16798ActTim.fixLimCat2.itgErrPos.booExpIsAct, din16798ActTim.fixLimCat2.itgErrPos.booExpItgAct, din16798ActTim.fixLimCat2.itgErrPos.conZero, din16798ActTim.fixLimCat2.itgErrPos.dif, din16798ActTim.fixLimCat2.itgErrPos.errItg, din16798ActTim.fixLimCat2.itgErrPos.lim, din16798ActTim.fixLimCat2.itgErrPos.swiErr, din16798ActTim.fixLimCat2.itgTim[1], din16798ActTim.fixLimCat2.itgTim[1].booExpItgAct, din16798ActTim.fixLimCat2.itgTim[1].conOne, din16798ActTim.fixLimCat2.itgTim[1].conZero, din16798ActTim.fixLimCat2.itgTim[1].swi, din16798ActTim.fixLimCat2.itgTim[1].timeItg, din16798ActTim.fixLimCat3, din16798ActTim.fixLimCat3.conConLim, din16798ActTim.fixLimCat3.itgErrPos, din16798ActTim.fixLimCat3.itgErrPos.and1, din16798ActTim.fixLimCat3.itgErrPos.booExpIsAct, din16798ActTim.fixLimCat3.itgErrPos.booExpItgAct, din16798ActTim.fixLimCat3.itgErrPos.conZero, din16798ActTim.fixLimCat3.itgErrPos.dif, din16798ActTim.fixLimCat3.itgErrPos.errItg, din16798ActTim.fixLimCat3.itgErrPos.lim, din16798ActTim.fixLimCat3.itgErrPos.swiErr, din16798ActTim.fixLimCat3.itgTim[1], din16798ActTim.fixLimCat3.itgTim[1].booExpItgAct, din16798ActTim.fixLimCat3.itgTim[1].conOne, din16798ActTim.fixLimCat3.itgTim[1].conZero, din16798ActTim.fixLimCat3.itgTim[1].swi, din16798ActTim.fixLimCat3.itgTim[1].timeItg, din16798ActTim.fixLimCat4, din16798ActTim.fixLimCat4.conConLim, din16798ActTim.fixLimCat4.itgErrPos, din16798ActTim.fixLimCat4.itgErrPos.and1, din16798ActTim.fixLimCat4.itgErrPos.booExpIsAct, din16798ActTim.fixLimCat4.itgErrPos.booExpItgAct, din16798ActTim.fixLimCat4.itgErrPos.conZero, din16798ActTim.fixLimCat4.itgErrPos.dif, din16798ActTim.fixLimCat4.itgErrPos.errItg, din16798ActTim.fixLimCat4.itgErrPos.lim, din16798ActTim.fixLimCat4.itgErrPos.swiErr, din16798ActTim.fixLimCat4.itgTim[1], din16798ActTim.fixLimCat4.itgTim[1].booExpItgAct, din16798ActTim.fixLimCat4.itgTim[1].conOne, din16798ActTim.fixLimCat4.itgTim[1].conZero, din16798ActTim.fixLimCat4.itgTim[1].swi, din16798ActTim.fixLimCat4.itgTim[1].timeItg, din16798Tim.fixLimCat1, din16798Tim.fixLimCat1.conConLim, din16798Tim.fixLimCat1.itgErrPos, din16798Tim.fixLimCat1.itgErrPos.and1, din16798Tim.fixLimCat1.itgErrPos.booExpIsAct, din16798Tim.fixLimCat1.itgErrPos.booExpItgAct, din16798Tim.fixLimCat1.itgErrPos.conZero, din16798Tim.fixLimCat1.itgErrPos.dif, din16798Tim.fixLimCat1.itgErrPos.errItg, din16798Tim.fixLimCat1.itgErrPos.lim, din16798Tim.fixLimCat1.itgErrPos.swiErr, din16798Tim.fixLimCat1.itgTim[1], din16798Tim.fixLimCat1.itgTim[1].booExpItgAct, din16798Tim.fixLimCat1.itgTim[1].conOne, din16798Tim.fixLimCat1.itgTim[1].conZero, din16798Tim.fixLimCat1.itgTim[1].swi, din16798Tim.fixLimCat1.itgTim[1].timeItg, din16798Tim.fixLimCat2, din16798Tim.fixLimCat2.conConLim, din16798Tim.fixLimCat2.itgErrPos, din16798Tim.fixLimCat2.itgErrPos.and1, din16798Tim.fixLimCat2.itgErrPos.booExpIsAct, din16798Tim.fixLimCat2.itgErrPos.booExpItgAct, din16798Tim.fixLimCat2.itgErrPos.conZero, din16798Tim.fixLimCat2.itgErrPos.dif, din16798Tim.fixLimCat2.itgErrPos.errItg, din16798Tim.fixLimCat2.itgErrPos.lim, din16798Tim.fixLimCat2.itgErrPos.swiErr, din16798Tim.fixLimCat2.itgTim[1], din16798Tim.fixLimCat2.itgTim[1].booExpItgAct, din16798Tim.fixLimCat2.itgTim[1].conOne, din16798Tim.fixLimCat2.itgTim[1].conZero, din16798Tim.fixLimCat2.itgTim[1].swi, din16798Tim.fixLimCat2.itgTim[1].timeItg, din16798Tim.fixLimCat3, din16798Tim.fixLimCat3.conConLim, din16798Tim.fixLimCat3.itgErrPos, din16798Tim.fixLimCat3.itgErrPos.and1, din16798Tim.fixLimCat3.itgErrPos.booExpIsAct, din16798Tim.fixLimCat3.itgErrPos.booExpItgAct, din16798Tim.fixLimCat3.itgErrPos.conZero, din16798Tim.fixLimCat3.itgErrPos.dif, din16798Tim.fixLimCat3.itgErrPos.errItg, din16798Tim.fixLimCat3.itgErrPos.lim, din16798Tim.fixLimCat3.itgErrPos.swiErr, din16798Tim.fixLimCat3.itgTim[1], din16798Tim.fixLimCat3.itgTim[1].booExpItgAct, din16798Tim.fixLimCat3.itgTim[1].conOne, din16798Tim.fixLimCat3.itgTim[1].conZero, din16798Tim.fixLimCat3.itgTim[1].swi, din16798Tim.fixLimCat3.itgTim[1].timeItg, din16798Tim.fixLimCat4, din16798Tim.fixLimCat4.conConLim, din16798Tim.fixLimCat4.itgErrPos, din16798Tim.fixLimCat4.itgErrPos.and1, din16798Tim.fixLimCat4.itgErrPos.booExpIsAct, din16798Tim.fixLimCat4.itgErrPos.booExpItgAct, din16798Tim.fixLimCat4.itgErrPos.conZero, din16798Tim.fixLimCat4.itgErrPos.dif, din16798Tim.fixLimCat4.itgErrPos.errItg, din16798Tim.fixLimCat4.itgErrPos.lim, din16798Tim.fixLimCat4.itgErrPos.swiErr, din16798Tim.fixLimCat4.itgTim[1], din16798Tim.fixLimCat4.itgTim[1].booExpItgAct, din16798Tim.fixLimCat4.itgTim[1].conOne, din16798Tim.fixLimCat4.itgTim[1].conZero, din16798Tim.fixLimCat4.itgTim[1].swi, din16798Tim.fixLimCat4.itgTim[1].timeItg, fixBou.conConLim, fixBou.itgErrPos, fixBou.itgErrPos.and1, fixBou.itgErrPos.booExpIsAct, fixBou.itgErrPos.booExpItgAct, fixBou.itgErrPos.conZero, fixBou.itgErrPos.dif, fixBou.itgErrPos.errItg, fixBou.itgErrPos.lim, fixBou.itgErrPos.swiErr, fixBouAct.conConLim, fixBouAct.itgErrPos, fixBouAct.itgErrPos.and1, fixBouAct.itgErrPos.booExpIsAct, fixBouAct.itgErrPos.booExpItgAct, fixBouAct.itgErrPos.conZero, fixBouAct.itgErrPos.dif, fixBouAct.itgErrPos.errItg, fixBouAct.itgErrPos.lim, fixBouAct.itgErrPos.swiErr, fixBouRes.conConLim, fixBouRes.itgErrPos, fixBouRes.itgErrPos.and1, fixBouRes.itgErrPos.booExpIsAct, fixBouRes.itgErrPos.booExpItgAct, fixBouRes.itgErrPos.conZero, fixBouRes.itgErrPos.dif, fixBouRes.itgErrPos.errItg, fixBouRes.itgErrPos.lim, fixBouRes.itgErrPos.swiErr, fixBouRes.notRes, fixBouTim.conConLim, fixBouTim.itgErrPos, fixBouTim.itgErrPos.and1, fixBouTim.itgErrPos.booExpIsAct, fixBouTim.itgErrPos.booExpItgAct, fixBouTim.itgErrPos.conZero, fixBouTim.itgErrPos.dif, fixBouTim.itgErrPos.errItg, fixBouTim.itgErrPos.lim, fixBouTim.itgErrPos.swiErr, fixBouTim.itgTim[1], fixBouTim.itgTim[1].booExpItgAct, fixBouTim.itgTim[1].conOne, fixBouTim.itgTim[1].conZero, fixBouTim.itgTim[1].swi, fixBouTim.itgTim[1].timeItg, fixBouTimRes.conConLim, fixBouTimRes.itgErrPos, fixBouTimRes.itgErrPos.and1, fixBouTimRes.itgErrPos.booExpIsAct, fixBouTimRes.itgErrPos.booExpItgAct, fixBouTimRes.itgErrPos.conZero, fixBouTimRes.itgErrPos.dif, fixBouTimRes.itgErrPos.errItg, fixBouTimRes.itgErrPos.lim, fixBouTimRes.itgErrPos.swiErr, fixBouTimRes.itgTim[1], fixBouTimRes.itgTim[1].booExpItgAct, fixBouTimRes.itgTim[1].conOne, fixBouTimRes.itgTim[1].conZero, fixBouTimRes.itgTim[1].swi, fixBouTimRes.itgTim[1].timeItg, fixBouTimRes.notRes"", ""note"": ""this connector belongs to the model itself, not to a component inside it: the model is an interface compiled on its own, so the node is open on one side. Nothing forces its flow, which is why a structural matching reports an unmatched unknown here. Not a defect in the model""}",/data/mrumoca/eval/results_v3/aixlib/runtime_free.jsonl
aixlib,runtime-v3,AixLib.Utilities.KPIs.IndoorAirQuality.Co2FixedLimit,0,network-boundary-port,low,True,hold-input-contract-validation,"{""node"": ""co2Con -- conConLim -- itgErrPos -- itgErrPos.and1 -- itgErrPos.booExpIsAct -- itgErrPos.booExpItgAct -- itgErrPos.conZero -- itgErrPos.dif -- itgErrPos.errItg -- itgErrPos.lim -- itgErrPos.swiErr -- ppmSecOutBou"", ""boundary_connectors"": ""co2Con, conConLim, itgErrPos, ppmSecOutBou"", ""wired_to"": ""itgErrPos.and1, itgErrPos.booExpIsAct, itgErrPos.booExpItgAct, itgErrPos.conZero, itgErrPos.dif, itgErrPos.errItg, itgErrPos.lim, itgErrPos.swiErr"", ""note"": ""this connector belongs to the model itself, not to a component inside it: the model is an interface compiled on its own, so the node is open on one side. Nothing forces its flow, which is why a structural matching reports an unmatched unknown here. Not a defect in the model""}",/data/mrumoca/eval/results_v3/aixlib/runtime_free.jsonl
aixlib,runtime-v3,AixLib.Utilities.KPIs.IntegralErrorSingleReference.IntegralSquareError,0,network-boundary-port,low,True,hold-input-contract-validation,"{""node"": ""booExpItgAct -- conZero -- dif -- errItg -- pro -- ref -- swiErr -- u -- y"", ""boundary_connectors"": ""booExpItgAct, conZero, dif, errItg, pro, ref, swiErr, u, y"", ""wired_to"": ""nothing"", ""note"": ""this connector belongs to the model itself, not to a component inside it: the model is an interface compiled on its own, so the node is open on one side. Nothing forces its flow, which is why a structural matching reports an unmatched unknown here. Not a defect in the model""}",/data/mrumoca/eval/results_v3/aixlib/runtime_free.jsonl
aixlib,runtime-v3,AixLib.Utilities.KPIs.IntegralErrorSingleReference.IntegralErrorBySign,0,network-boundary-port,low,True,hold-input-contract-validation,"{""node"": ""and1 -- booExpIsAct -- booExpItgAct -- conZero -- dif -- errItg -- isItgAct -- lim -- ref -- swiErr -- u -- y"", ""boundary_connectors"": ""and1, booExpIsAct, booExpItgAct, conZero, dif, errItg, isItgAct, lim, ref, swiErr, u, y"", ""wired_to"": ""nothing"", ""note"": ""this connector belongs to the model itself, not to a component inside it: the model is an interface compiled on its own, so the node is open on one side. Nothing forces its flow, which is why a structural matching reports an unmatched unknown here. Not a defect in the model""}",/data/mrumoca/eval/results_v3/aixlib/runtime_free.jsonl
aixlib,runtime-v3,AixLib.Utilities.KPIs.Temperature.DIN16798,0,network-boundary-port,low,True,hold-input-contract-validation,"{""node"": ""T -- TAmb -- comT -- degSecOutLowBou -- degSecOutUppBou -- itgErrDuaBou -- itgErrDuaBou.addItgErr -- itgErrDuaBou.booExpItgAct -- itgErrDuaBou.itgNeg -- itgErrDuaBou.itgNeg.and1 -- itgErrDuaBou.itgNeg.booExpIsAct -- itgErrDuaBou.itgNeg.booExpItgAct -- itgErrDuaBou.itgNeg.conZero -- itgErrDuaBou.itgNeg.dif -- itgErrDuaBou.itgNeg.errItg -- itgErrDuaBou.itgNeg.lim -- itgErrDuaBou.itgNeg.swiErr -- itgErrDuaBou.itgPos -- itgErrDuaBou.itgPos.and1 -- itgErrDuaBou.itgPos.booExpIsAct -- itgErrDuaBou.itgPos.booExpItgAct -- itgErrDuaBou.itgPos.conZero -- itgErrDuaBou.itgPos.dif -- itgErrDuaBou.itgPos.errItg -- itgErrDuaBou.itgPos.lim -- itgErrDuaBou.itgPos.swiErr -- itgErrDuaBou.orItgAct -- totDegSecOutBou"", ""boundary_connectors"": ""T, TAmb, comT, degSecOutLowBou, degSecOutUppBou, itgErrDuaBou, totDegSecOutBou"", ""wired_to"": ""itgErrDuaBou.addItgErr, itgErrDuaBou.booExpItgAct, itgErrDuaBou.itgNeg, itgErrDuaBou.itgNeg.and1, itgErrDuaBou.itgNeg.booExpIsAct, itgErrDuaBou.itgNeg.booExpItgAct, itgErrDuaBou.itgNeg.conZero, itgErrDuaBou.itgNeg.dif, itgErrDuaBou.itgNeg.errItg, itgErrDuaBou.itgNeg.lim, itgErrDuaBou.itgNeg.swiErr, itgErrDuaBou.itgPos, itgErrDuaBou.itgPos.and1, itgErrDuaBou.itgPos.booExpIsAct, itgErrDuaBou.itgPos.booExpItgAct, itgErrDuaBou.itgPos.conZero, itgErrDuaBou.itgPos.dif, itgErrDuaBou.itgPos.errItg, itgErrDuaBou.itgPos.lim, itgErrDuaBou.itgPos.swiErr, itgErrDuaBou.orItgAct"", ""note"": ""this connector belongs to the model itself, not to a component inside it: the model is an interface compiled on its own, so the node is open on one side. Nothing forces its flow, which is why a structural matching reports an unmatched unknown here. Not a defect in the model""}",/data/mrumoca/eval/results_v3/aixlib/runtime_free.jsonl
aixlib,runtime-v3,AixLib.Utilities.KPIs.Temperature.FixedBounds,0,network-boundary-port,low,True,hold-input-contract-validation,"{""node"": ""T -- conTLowBou -- conTUppBou -- degSecOutLowBou -- degSecOutUppBou -- itgErrDuaBou -- itgErrDuaBou.addItgErr -- itgErrDuaBou.booExpItgAct -- itgErrDuaBou.itgNeg -- itgErrDuaBou.itgNeg.and1 -- itgErrDuaBou.itgNeg.booExpIsAct -- itgErrDuaBou.itgNeg.booExpItgAct -- itgErrDuaBou.itgNeg.conZero -- itgErrDuaBou.itgNeg.dif -- itgErrDuaBou.itgNeg.errItg -- itgErrDuaBou.itgNeg.lim -- itgErrDuaBou.itgNeg.swiErr -- itgErrDuaBou.itgPos -- itgErrDuaBou.itgPos.and1 -- itgErrDuaBou.itgPos.booExpIsAct -- itgErrDuaBou.itgPos.booExpItgAct -- itgErrDuaBou.itgPos.conZero -- itgErrDuaBou.itgPos.dif -- itgErrDuaBou.itgPos.errItg -- itgErrDuaBou.itgPos.lim -- itgErrDuaBou.itgPos.swiErr -- itgErrDuaBou.orItgAct -- totDegSecOutBou"", ""boundary_connectors"": ""T, conTLowBou, conTUppBou, degSecOutLowBou, degSecOutUppBou, itgErrDuaBou, totDegSecOutBou"", ""wired_to"": ""itgErrDuaBou.addItgErr, itgErrDuaBou.booExpItgAct, itgErrDuaBou.itgNeg, itgErrDuaBou.itgNeg.and1, itgErrDuaBou.itgNeg.booExpIsAct, itgErrDuaBou.itgNeg.booExpItgAct, itgErrDuaBou.itgNeg.conZero, itgErrDuaBou.itgNeg.dif, itgErrDuaBou.itgNeg.errItg, itgErrDuaBou.itgNeg.lim, itgErrDuaBou.itgNeg.swiErr, itgErrDuaBou.itgPos, itgErrDuaBou.itgPos.and1, itgErrDuaBou.itgPos.booExpIsAct, itgErrDuaBou.itgPos.booExpItgAct, itgErrDuaBou.itgPos.conZero, itgErrDuaBou.itgPos.dif, itgErrDuaBou.itgPos.errItg, itgErrDuaBou.itgPos.lim, itgErrDuaBou.itgPos.swiErr, itgErrDuaBou.orItgAct"", ""note"": ""this connector belongs to the model itself, not to a component inside it: the model is an interface compiled on its own, so the node is open on one side. Nothing forces its flow, which is why a structural matching reports an unmatched unknown here. Not a defect in the model""}",/data/mrumoca/eval/results_v3/aixlib/runtime_free.jsonl
aixlib,runtime-v3,AixLib.Utilities.KPIs.Temperature.FlexibleBounds,0,network-boundary-port,low,True,execution-not-completed,"{""node"": ""T -- degSecOutLowBou -- degSecOutUppBou -- itgErrDuaBou -- itgErrDuaBou.addItgErr -- itgErrDuaBou.booExpItgAct -- itgErrDuaBou.itgNeg -- itgErrDuaBou.itgNeg.and1 -- itgErrDuaBou.itgNeg.booExpIsAct -- itgErrDuaBou.itgNeg.booExpItgAct -- itgErrDuaBou.itgNeg.conZero -- itgErrDuaBou.itgNeg.dif -- itgErrDuaBou.itgNeg.errItg -- itgErrDuaBou.itgNeg.lim -- itgErrDuaBou.itgNeg.swiErr -- itgErrDuaBou.itgPos -- itgErrDuaBou.itgPos.and1 -- itgErrDuaBou.itgPos.booExpIsAct -- itgErrDuaBou.itgPos.booExpItgAct -- itgErrDuaBou.itgPos.conZero -- itgErrDuaBou.itgPos.dif -- itgErrDuaBou.itgPos.errItg -- itgErrDuaBou.itgPos.lim -- itgErrDuaBou.itgPos.swiErr -- itgErrDuaBou.orItgAct -- lowBou -- totDegSecOutBou -- uppBou"", ""boundary_connectors"": ""T, degSecOutLowBou, degSecOutUppBou, itgErrDuaBou, lowBou, totDegSecOutBou, uppBou"", ""wired_to"": ""itgErrDuaBou.addItgErr, itgErrDuaBou.booExpItgAct, itgErrDuaBou.itgNeg, itgErrDuaBou.itgNeg.and1, itgErrDuaBou.itgNeg.booExpIsAct, itgErrDuaBou.itgNeg.booExpItgAct, itgErrDuaBou.itgNeg.conZero, itgErrDuaBou.itgNeg.dif, itgErrDuaBou.itgNeg.errItg, itgErrDuaBou.itgNeg.lim, itgErrDuaBou.itgNeg.swiErr, itgErrDuaBou.itgPos, itgErrDuaBou.itgPos.and1, itgErrDuaBou.itgPos.booExpIsAct, itgErrDuaBou.itgPos.booExpItgAct, itgErrDuaBou.itgPos.conZero, itgErrDuaBou.itgPos.dif, itgErrDuaBou.itgPos.errItg, itgErrDuaBou.itgPos.lim, itgErrDuaBou.itgPos.swiErr, itgErrDuaBou.orItgAct"", ""note"": ""this connector belongs to the model itself, not to a component inside it: the model is an interface compiled on its own, so the node is open on one side. Nothing forces its flow, which is why a structural matching reports an unmatched unknown here. Not a defect in the model""}",/data/mrumoca/eval/results_v3/aixlib/runtime_free.jsonl
aixlib,runtime-v3,AixLib.Utilities.KPIs.Temperature.FlexibleBounds,1,network-observation-incomplete,info,True,execution-not-completed,"{""reason"": ""missing or unsynchronized connector member observations"", ""note"": ""coverage gap, not a model defect""}",/data/mrumoca/eval/results_v3/aixlib/runtime_free.jsonl
aixlib,runtime-v3,AixLib.Utilities.KPIs.Temperature.FlexibleBounds,2,simulation-failure,high,True,execution-not-completed,"{""failure_kind"": ""unknown"", ""reason"": ""ixLib.Utilities.KPIs.Temperature.FlexibleBounds to t=1 with 75 trace point(s)... \u001b[31m\u001b[0m simulation failed: Modelica assert failed at t=0.000000000: Dual references \u001b[31m\u2502\u001b[0m wrong (refUpp<=refLow)"", ""raw"": ""reading /tmp/tmpcj8hl2i6/traced.rbc (bitcode v2, cbor) holding 3 free input(s) constant at their start values: T=0, uppBou=0, lowBou=0 Simulating AixLib.Utilities.KPIs.Temperature.FlexibleBounds to t=1 with 75 trace point(s)... \u001b[31m\u001b[0m simulation failed: Modelica assert failed at t=0.000000000: Dual references \u001b[31m\u2502\u001b[0m wrong (refUpp<=refLow)"", ""tool_side"": false}",/data/mrumoca/eval/results_v3/aixlib/runtime_free.jsonl
aixlib,runtime-v3,AixLib.Utilities.MassTransfer.Convection,0,network-port-unconnected,low,True,execution-not-completed,"{""connector"": ""solid"", ""component"": ""<top level>"", ""component_class"": ""unknown"", ""flows_forced_to_zero"": ""solid.m_flow"", ""note"": ""nothing is connected to this port, so MLS \u00a79.2 forces its flow to zero. That is correct for a component compiled on its own and is not a defect; it is recorded because it is the commonest reason a model looks structurally singular""}",/data/mrumoca/eval/results_v3/aixlib/runtime_free.jsonl
aixlib,runtime-v3,AixLib.Utilities.MassTransfer.Convection,1,network-port-unconnected,low,True,execution-not-completed,"{""connector"": ""fluid"", ""component"": ""<top level>"", ""component_class"": ""unknown"", ""flows_forced_to_zero"": ""fluid.m_flow"", ""note"": ""nothing is connected to this port, so MLS \u00a79.2 forces its flow to zero. That is correct for a component compiled on its own and is not a defect; it is recorded because it is the commonest reason a model looks structurally singular""}",/data/mrumoca/eval/results_v3/aixlib/runtime_free.jsonl
aixlib,runtime-v3,AixLib.Utilities.MassTransfer.Convection,2,network-component-isolated,low,True,execution-not-completed,"{""component"": ""<top level>"", ""component_class"": ""unknown"", ""ports"": ""solid, fluid"", ""note"": ""every port of this instance is unconnected, so it exchanges nothing with the rest of the model while still contributing its equations""}",/data/mrumoca/eval/results_v3/aixlib/runtime_free.jsonl
aixlib,runtime-v3,AixLib.Utilities.MassTransfer.Convection,3,network-observation-incomplete,info,True,execution-not-completed,"{""reason"": ""missing or unsynchronized connector member observations"", ""note"": ""coverage gap, not a model defect""}",/data/mrumoca/eval/results_v3/aixlib/runtime_free.jsonl
aixlib,runtime-v3,AixLib.Utilities.MassTransfer.Convection,4,initialization-failure,high,True,execution-not-completed,"{""failure_kind"": ""singular-system"", ""reason"": ""s.MassTransfer.Convection to t=1 with 7 trace point(s)... \u001b[31m\u001b[0m simulation failed: DAE structural proof failed: structurally singular \u001b[31m\u2502\u001b[0m system: 5 matched out of 6 equations and 6 unknowns"", ""raw"": ""reading /tmp/tmp8m5vehvz/traced.rbc (bitcode v2, cbor) holding 1 free input(s) constant at their start values: Gc=0 Simulating AixLib.Utilities.MassTransfer.Convection to t=1 with 7 trace point(s)... \u001b[31m\u001b[0m simulation failed: DAE structural proof failed: structurally singular \u001b[31m\u2502\u001b[0m system: 5 matched out of 6 equations and 6 unknowns"", ""tool_side"": false}",/data/mrumoca/eval/results_v3/aixlib/runtime_free.jsonl
aixlib,runtime-v3,AixLib.Utilities.KPIs.Examples.TemperatureKpis,0,network-boundary-port,low,False,standalone-topology-not-defect-proof,"{""node"": ""booPulAct -- conLowBou -- conUppBou -- din16798_1 -- din16798_1.comT -- din16798_1.itgErrDuaBou -- din16798_1.itgErrDuaBou.addItgErr -- din16798_1.itgErrDuaBou.booExpItgAct -- din16798_1.itgErrDuaBou.itgNeg -- din16798_1.itgErrDuaBou.itgNeg.and1 -- din16798_1.itgErrDuaBou.itgNeg.booExpIsAct -- din16798_1.itgErrDuaBou.itgNeg.booExpItgAct -- din16798_1.itgErrDuaBou.itgNeg.conZero -- din16798_1.itgErrDuaBou.itgNeg.dif -- din16798_1.itgErrDuaBou.itgNeg.errItg -- din16798_1.itgErrDuaBou.itgNeg.lim -- din16798_1.itgErrDuaBou.itgNeg.swiErr -- din16798_1.itgErrDuaBou.itgPos -- din16798_1.itgErrDuaBou.itgPos.and1 -- din16798_1.itgErrDuaBou.itgPos.booExpIsAct -- din16798_1.itgErrDuaBou.itgPos.booExpItgAct -- din16798_1.itgErrDuaBou.itgPos.conZero -- din16798_1.itgErrDuaBou.itgPos.dif -- din16798_1.itgErrDuaBou.itgPos.errItg -- din16798_1.itgErrDuaBou.itgPos.lim -- din16798_1.itgErrDuaBou.itgPos.swiErr -- din16798_1.itgErrDuaBou.orItgAct -- din16798_1.itgTim[1] -- din16798_1.itgTim[1].booExpItgAct -- din16798_1.itgTim[1].conOne -- din16798_1.itgTim[1].conZero -- din16798_1.itgTim[1].swi -- din16798_1.itgTim[1].timeItg -- din16798_1.itgTim[2] -- din16798_1.itgTim[2].booExpItgAct -- din16798_1.itgTim[2].conOne -- din16798_1.itgTim[2].conZero -- din16798_1.itgTim[2].swi -- din16798_1.itgTim[2].timeItg -- din16798_1.itgTim[3] -- din16798_1.itgTim[3].booExpItgAct -- din16798_1.itgTim[3].conOne -- din16798_1.itgTim[3].conZero -- din16798_1.itgTim[3].swi -- din16798_1.itgTim[3].timeItg -- fixBou -- fixBou.conTLowBou -- fixBou.conTUppBou -- fixBou.itgErrDuaBou -- fixBou.itgErrDuaBou.addItgErr -- fixBou.itgErrDuaBou.booExpItgAct -- fixBou.itgErrDuaBou.itgNeg -- fixBou.itgErrDuaBou.itgNeg.and1 -- fixBou.itgErrDuaBou.itgNeg.booExpIsAct -- fixBou.itgErrDuaBou.itgNeg.booExpItgAct -- fixBou.itgErrDuaBou.itgNeg.conZero -- fixBou.itgErrDuaBou.itgNeg.dif -- fixBou.itgErrDuaBou.itgNeg.errItg -- fixBou.itgErrDuaBou.itgNeg.lim -- fixBou.itgErrDuaBou.itgNeg.swiErr -- fixBou.itgErrDuaBou.itgPos -- fixBou.itgErrDuaBou.itgPos.and1 -- fixBou.itgErrDuaBou.itgPos.booExpIsAct -- fixBou.itgErrDuaBou.itgPos.booExpItgAct -- fixBou.itgErrDuaBou.itgPos.conZero -- fixBou.itgErrDuaBou.itgPos.dif -- fixBou.itgErrDuaBou.itgPos.errItg -- fixBou.itgErrDuaBou.itgPos.lim -- fixBou.itgErrDuaBou.itgPos.swiErr -- fixBou.itgErrDuaBou.orItgAct -- fixBouAct -- fixBouAct.conTLowBou -- fixBouAct.conTUppBou -- fixBouAct.itgErrDuaBou -- fixBouAct.itgErrDuaBou.addItgErr -- fixBouAct.itgErrDuaBou.booExpItgAct -- fixBouAct.itgErrDuaBou.itgNeg -- fixBouAct.itgErrDuaBou.itgNeg.and1 -- fixBouAct.itgErrDuaBou.itgNeg.booExpIsAct -- fixBouAct.itgErrDuaBou.itgNeg.booExpItgAct -- fixBouAct.itgErrDuaBou.itgNeg.conZero -- fixBouAct.itgErrDuaBou.itgNeg.dif -- fixBouAct.itgErrDuaBou.itgNeg.errItg -- fixBouAct.itgErrDuaBou.itgNeg.lim -- fixBouAct.itgErrDuaBou.itgNeg.swiErr -- fixBouAct.itgErrDuaBou.itgPos -- fixBouAct.itgErrDuaBou.itgPos.and1 -- fixBouAct.itgErrDuaBou.itgPos.booExpIsAct -- fixBouAct.itgErrDuaBou.itgPos.booExpItgAct -- fixBouAct.itgErrDuaBou.itgPos.conZero -- fixBouAct.itgErrDuaBou.itgPos.dif -- fixBouAct.itgErrDuaBou.itgPos.errItg -- fixBouAct.itgErrDuaBou.itgPos.lim -- fixBouAct.itgErrDuaBou.itgPos.swiErr -- fixBouAct.itgErrDuaBou.orItgAct -- fixBouRes -- fixBouRes.conTLowBou -- fixBouRes.conTUppBou -- fixBouRes.itgErrDuaBou -- fixBouRes.itgErrDuaBou.addItgErr -- fixBouRes.itgErrDuaBou.booExpItgAct -- fixBouRes.itgErrDuaBou.itgNeg -- fixBouRes.itgErrDuaBou.itgNeg.and1 -- fixBouRes.itgErrDuaBou.itgNeg.booExpIsAct -- fixBouRes.itgErrDuaBou.itgNeg.booExpItgAct -- fixBouRes.itgErrDuaBou.itgNeg.conZero -- fixBouRes.itgErrDuaBou.itgNeg.dif -- fixBouRes.itgErrDuaBou.itgNeg.errItg -- fixBouRes.itgErrDuaBou.itgNeg.lim -- fixBouRes.itgErrDuaBou.itgNeg.swiErr -- fixBouRes.itgErrDuaBou.itgPos -- fixBouRes.itgErrDuaBou.itgPos.and1 -- fixBouRes.itgErrDuaBou.itgPos.booExpIsAct -- fixBouRes.itgErrDuaBou.itgPos.booExpItgAct -- fixBouRes.itgErrDuaBou.itgPos.conZero -- fixBouRes.itgErrDuaBou.itgPos.dif -- fixBouRes.itgErrDuaBou.itgPos.errItg -- fixBouRes.itgErrDuaBou.itgPos.lim -- fixBouRes.itgErrDuaBou.itgPos.swiErr -- fixBouRes.itgErrDuaBou.orItgAct -- fixBouRes.notRes -- fixBouTim -- fixBouTim.conTLowBou -- fixBouTim.conTUppBou -- fixBouTim.itgErrDuaBou -- fixBouTim.itgErrDuaBou.addItgErr -- fixBouTim.itgErrDuaBou.booExpItgAct -- fixBouTim.itgErrDuaBou.itgNeg -- fixBouTim.itgErrDuaBou.itgNeg.and1 -- fixBouTim.itgErrDuaBou.itgNeg.booExpIsAct -- fixBouTim.itgErrDuaBou.itgNeg.booExpItgAct -- fixBouTim.itgErrDuaBou.itgNeg.conZero -- fixBouTim.itgErrDuaBou.itgNeg.dif -- fixBouTim.itgErrDuaBou.itgNeg.errItg -- fixBouTim.itgErrDuaBou.itgNeg.lim -- fixBouTim.itgErrDuaBou.itgNeg.swiErr -- fixBouTim.itgErrDuaBou.itgPos -- fixBouTim.itgErrDuaBou.itgPos.and1 -- fixBouTim.itgErrDuaBou.itgPos.booExpIsAct -- fixBouTim.itgErrDuaBou.itgPos.booExpItgAct -- fixBouTim.itgErrDuaBou.itgPos.conZero -- fixBouTim.itgErrDuaBou.itgPos.dif -- fixBouTim.itgErrDuaBou.itgPos.errItg -- fixBouTim.itgErrDuaBou.itgPos.lim -- fixBouTim.itgErrDuaBou.itgPos.swiErr -- fixBouTim.itgErrDuaBou.orItgAct -- fixBouTim.itgTim[1] -- fixBouTim.itgTim[1].booExpItgAct -- fixBouTim.itgTim[1].conOne -- fixBouTim.itgTim[1].conZero -- fixBouTim.itgTim[1].swi -- fixBouTim.itgTim[1].timeItg -- fixBouTim.itgTim[2] -- fixBouTim.itgTim[2].booExpItgAct -- fixBouTim.itgTim[2].conOne -- fixBouTim.itgTim[2].conZero -- fixBouTim.itgTim[2].swi -- fixBouTim.itgTim[2].timeItg -- fixBouTim.itgTim[3] -- fixBouTim.itgTim[3].booExpItgAct -- fixBouTim.itgTim[3].conOne -- fixBouTim.itgTim[3].conZero -- fixBouTim.itgTim[3].swi -- fixBouTim.itgTim[3].timeItg -- fixBouTimRes -- fixBouTimRes.conTLowBou -- fixBouTimRes.conTUppBou -- fixBouTimRes.itgErrDuaBou -- fixBouTimRes.itgErrDuaBou.addItgErr -- fixBouTimRes.itgErrDuaBou.booExpItgAct -- fixBouTimRes.itgErrDuaBou.itgNeg -- fixBouTimRes.itgErrDuaBou.itgNeg.and1 -- fixBouTimRes.itgErrDuaBou.itgNeg.booExpIsAct -- fixBouTimRes.itgErrDuaBou.itgNeg.booExpItgAct -- fixBouTimRes.itgErrDuaBou.itgNeg.conZero -- fixBouTimRes.itgErrDuaBou.itgNeg.dif -- fixBouTimRes.itgErrDuaBou.itgNeg.errItg -- fixBouTimRes.itgErrDuaBou.itgNeg.lim -- fixBouTimRes.itgErrDuaBou.itgNeg.swiErr -- fixBouTimRes.itgErrDuaBou.itgPos -- fixBouTimRes.itgErrDuaBou.itgPos.and1 -- fixBouTimRes.itgErrDuaBou.itgPos.booExpIsAct -- fixBouTimRes.itgErrDuaBou.itgPos.booExpItgAct -- fixBouTimRes.itgErrDuaBou.itgPos.conZero -- fixBouTimRes.itgErrDuaBou.itgPos.dif -- fixBouTimRes.itgErrDuaBou.itgPos.errItg -- fixBouTimRes.itgErrDuaBou.itgPos.lim -- fixBouTimRes.itgErrDuaBou.itgPos.swiErr -- fixBouTimRes.itgErrDuaBou.orItgAct -- fixBouTimRes.itgTim[1] -- fixBouTimRes.itgTim[1].booExpItgAct -- fixBouTimRes.itgTim[1].conOne -- fixBouTimRes.itgTim[1].conZero -- fixBouTimRes.itgTim[1].swi -- fixBouTimRes.itgTim[1].timeItg -- fixBouTimRes.itgTim[2] -- fixBouTimRes.itgTim[2].booExpItgAct -- fixBouTimRes.itgTim[2].conOne -- fixBouTimRes.itgTim[2].conZero -- fixBouTimRes.itgTim[2].swi -- fixBouTimRes.itgTim[2].timeItg -- fixBouTimRes.itgTim[3] -- fixBouTimRes.itgTim[3].booExpItgAct -- fixBouTimRes.itgTim[3].conOne -- fixBouTimRes.itgTim[3].conZero -- fixBouTimRes.itgTim[3].swi -- fixBouTimRes.itgTim[3].timeItg -- fixBouTimRes.notRes -- flxBou -- flxBou.itgErrDuaBou -- flxBou.itgErrDuaBou.addItgErr -- flxBou.itgErrDuaBou.booExpItgAct -- flxBou.itgErrDuaBou.itgNeg -- flxBou.itgErrDuaBou.itgNeg.and1 -- flxBou.itgErrDuaBou.itgNeg.booExpIsAct -- flxBou.itgErrDuaBou.itgNeg.booExpItgAct -- flxBou.itgErrDuaBou.itgNeg.conZero -- flxBou.itgErrDuaBou.itgNeg.dif -- flxBou.itgErrDuaBou.itgNeg.errItg -- flxBou.itgErrDuaBou.itgNeg.lim -- flxBou.itgErrDuaBou.itgNeg.swiErr -- flxBou.itgErrDuaBou.itgPos -- flxBou.itgErrDuaBou.itgPos.and1 -- flxBou.itgErrDuaBou.itgPos.booExpIsAct -- flxBou.itgErrDuaBou.itgPos.booExpItgAct -- flxBou.itgErrDuaBou.itgPos.conZero -- flxBou.itgErrDuaBou.itgPos.dif -- flxBou.itgErrDuaBou.itgPos.errItg -- flxBou.itgErrDuaBou.itgPos.lim -- flxBou.itgErrDuaBou.itgPos.swiErr -- flxBou.itgErrDuaBou.orItgAct -- from_degC -- from_degC1 -- traT -- traTAmb"", ""boundary_connectors"": ""booPulAct, conLowBou, conUppBou, din16798_1, fixBou, fixBouAct, fixBouRes, fixBouTim, fixBouTimRes, flxBou, from_degC, from_degC1, traT, traTAmb"", ""wired_to"": ""din16798_1.comT, din16798_1.itgErrDuaBou, din16798_1.itgErrDuaBou.addItgErr, din16798_1.itgErrDuaBou.booExpItgAct, din16798_1.itgErrDuaBou.itgNeg, din16798_1.itgErrDuaBou.itgNeg.and1, din16798_1.itgErrDuaBou.itgNeg.booExpIsAct, din16798_1.itgErrDuaBou.itgNeg.booExpItgAct, din16798_1.itgErrDuaBou.itgNeg.conZero, din16798_1.itgErrDuaBou.itgNeg.dif, din16798_1.itgErrDuaBou.itgNeg.errItg, din16798_1.itgErrDuaBou.itgNeg.lim, din16798_1.itgErrDuaBou.itgNeg.swiErr, din16798_1.itgErrDuaBou.itgPos, din16798_1.itgErrDuaBou.itgPos.and1, din16798_1.itgErrDuaBou.itgPos.booExpIsAct, din16798_1.itgErrDuaBou.itgPos.booExpItgAct, din16798_1.itgErrDuaBou.itgPos.conZero, din16798_1.itgErrDuaBou.itgPos.dif, din16798_1.itgErrDuaBou.itgPos.errItg, din16798_1.itgErrDuaBou.itgPos.lim, din16798_1.itgErrDuaBou.itgPos.swiErr, din16798_1.itgErrDuaBou.orItgAct, din16798_1.itgTim[1], din16798_1.itgTim[1].booExpItgAct, din16798_1.itgTim[1].conOne, din16798_1.itgTim[1].conZero, din16798_1.itgTim[1].swi, din16798_1.itgTim[1].timeItg, din16798_1.itgTim[2], din16798_1.itgTim[2].booExpItgAct, din16798_1.itgTim[2].conOne, din16798_1.itgTim[2].conZero, din16798_1.itgTim[2].swi, din16798_1.itgTim[2].timeItg, din16798_1.itgTim[3], din16798_1.itgTim[3].booExpItgAct, din16798_1.itgTim[3].conOne, din16798_1.itgTim[3].conZero, din16798_1.itgTim[3].swi, din16798_1.itgTim[3].timeItg, fixBou.conTLowBou, fixBou.conTUppBou, fixBou.itgErrDuaBou, fixBou.itgErrDuaBou.addItgErr, fixBou.itgErrDuaBou.booExpItgAct, fixBou.itgErrDuaBou.itgNeg, fixBou.itgErrDuaBou.itgNeg.and1, fixBou.itgErrDuaBou.itgNeg.booExpIsAct, fixBou.itgErrDuaBou.itgNeg.booExpItgAct, fixBou.itgErrDuaBou.itgNeg.conZero, fixBou.itgErrDuaBou.itgNeg.dif, fixBou.itgErrDuaBou.itgNeg.errItg, fixBou.itgErrDuaBou.itgNeg.lim, fixBou.itgErrDuaBou.itgNeg.swiErr, fixBou.itgErrDuaBou.itgPos, fixBou.itgErrDuaBou.itgPos.and1, fixBou.itgErrDuaBou.itgPos.booExpIsAct, fixBou.itgErrDuaBou.itgPos.booExpItgAct, fixBou.itgErrDuaBou.itgPos.conZero, fixBou.itgErrDuaBou.itgPos.dif, fixBou.itgErrDuaBou.itgPos.errItg, fixBou.itgErrDuaBou.itgPos.lim, fixBou.itgErrDuaBou.itgPos.swiErr, fixBou.itgErrDuaBou.orItgAct, fixBouAct.conTLowBou, fixBouAct.conTUppBou, fixBouAct.itgErrDuaBou, fixBouAct.itgErrDuaBou.addItgErr, fixBouAct.itgErrDuaBou.booExpItgAct, fixBouAct.itgErrDuaBou.itgNeg, fixBouAct.itgErrDuaBou.itgNeg.and1, fixBouAct.itgErrDuaBou.itgNeg.booExpIsAct, fixBouAct.itgErrDuaBou.itgNeg.booExpItgAct, fixBouAct.itgErrDuaBou.itgNeg.conZero, fixBouAct.itgErrDuaBou.itgNeg.dif, fixBouAct.itgErrDuaBou.itgNeg.errItg, fixBouAct.itgErrDuaBou.itgNeg.lim, fixBouAct.itgErrDuaBou.itgNeg.swiErr, fixBouAct.itgErrDuaBou.itgPos, fixBouAct.itgErrDuaBou.itgPos.and1, fixBouAct.itgErrDuaBou.itgPos.booExpIsAct, fixBouAct.itgErrDuaBou.itgPos.booExpItgAct, fixBouAct.itgErrDuaBou.itgPos.conZero, fixBouAct.itgErrDuaBou.itgPos.dif, fixBouAct.itgErrDuaBou.itgPos.errItg, fixBouAct.itgErrDuaBou.itgPos.lim, fixBouAct.itgErrDuaBou.itgPos.swiErr, fixBouAct.itgErrDuaBou.orItgAct, fixBouRes.conTLowBou, fixBouRes.conTUppBou, fixBouRes.itgErrDuaBou, fixBouRes.itgErrDuaBou.addItgErr, fixBouRes.itgErrDuaBou.booExpItgAct, fixBouRes.itgErrDuaBou.itgNeg, fixBouRes.itgErrDuaBou.itgNeg.and1, fixBouRes.itgErrDuaBou.itgNeg.booExpIsAct, fixBouRes.itgErrDuaBou.itgNeg.booExpItgAct, fixBouRes.itgErrDuaBou.itgNeg.conZero, fixBouRes.itgErrDuaBou.itgNeg.dif, fixBouRes.itgErrDuaBou.itgNeg.errItg, fixBouRes.itgErrDuaBou.itgNeg.lim, fixBouRes.itgErrDuaBou.itgNeg.swiErr, fixBouRes.itgErrDuaBou.itgPos, fixBouRes.itgErrDuaBou.itgPos.and1, fixBouRes.itgErrDuaBou.itgPos.booExpIsAct, fixBouRes.itgErrDuaBou.itgPos.booExpItgAct, fixBouRes.itgErrDuaBou.itgPos.conZero, fixBouRes.itgErrDuaBou.itgPos.dif, fixBouRes.itgErrDuaBou.itgPos.errItg, fixBouRes.itgErrDuaBou.itgPos.lim, fixBouRes.itgErrDuaBou.itgPos.swiErr, fixBouRes.itgErrDuaBou.orItgAct, fixBouRes.notRes, fixBouTim.conTLowBou, fixBouTim.conTUppBou, fixBouTim.itgErrDuaBou, fixBouTim.itgErrDuaBou.addItgErr, fixBouTim.itgErrDuaBou.booExpItgAct, fixBouTim.itgErrDuaBou.itgNeg, fixBouTim.itgErrDuaBou.itgNeg.and1, fixBouTim.itgErrDuaBou.itgNeg.booExpIsAct, fixBouTim.itgErrDuaBou.itgNeg.booExpItgAct, fixBouTim.itgErrDuaBou.itgNeg.conZero, fixBouTim.itgErrDuaBou.itgNeg.dif, fixBouTim.itgErrDuaBou.itgNeg.errItg, fixBouTim.itgErrDuaBou.itgNeg.lim, fixBouTim.itgErrDuaBou.itgNeg.swiErr, fixBouTim.itgErrDuaBou.itgPos, fixBouTim.itgErrDuaBou.itgPos.and1, fixBouTim.itgErrDuaBou.itgPos.booExpIsAct, fixBouTim.itgErrDuaBou.itgPos.booExpItgAct, fixBouTim.itgErrDuaBou.itgPos.conZero, fixBouTim.itgErrDuaBou.itgPos.dif, fixBouTim.itgErrDuaBou.itgPos.errItg, fixBouTim.itgErrDuaBou.itgPos.lim, fixBouTim.itgErrDuaBou.itgPos.swiErr, fixBouTim.itgErrDuaBou.orItgAct, fixBouTim.itgTim[1], fixBouTim.itgTim[1].booExpItgAct, fixBouTim.itgTim[1].conOne, fixBouTim.itgTim[1].conZero, fixBouTim.itgTim[1].swi, fixBouTim.itgTim[1].timeItg, fixBouTim.itgTim[2], fixBouTim.itgTim[2].booExpItgAct, fixBouTim.itgTim[2].conOne, fixBouTim.itgTim[2].conZero, fixBouTim.itgTim[2].swi, fixBouTim.itgTim[2].timeItg, fixBouTim.itgTim[3], fixBouTim.itgTim[3].booExpItgAct, fixBouTim.itgTim[3].conOne, fixBouTim.itgTim[3].conZero, fixBouTim.itgTim[3].swi, fixBouTim.itgTim[3].timeItg, fixBouTimRes.conTLowBou, fixBouTimRes.conTUppBou, fixBouTimRes.itgErrDuaBou, fixBouTimRes.itgErrDuaBou.addItgErr, fixBouTimRes.itgErrDuaBou.booExpItgAct, fixBouTimRes.itgErrDuaBou.itgNeg, fixBouTimRes.itgErrDuaBou.itgNeg.and1, fixBouTimRes.itgErrDuaBou.itgNeg.booExpIsAct, fixBouTimRes.itgErrDuaBou.itgNeg.booExpItgAct, fixBouTimRes.itgErrDuaBou.itgNeg.conZero, fixBouTimRes.itgErrDuaBou.itgNeg.dif, fixBouTimRes.itgErrDuaBou.itgNeg.errItg, fixBouTimRes.itgErrDuaBou.itgNeg.lim, fixBouTimRes.itgErrDuaBou.itgNeg.swiErr, fixBouTimRes.itgErrDuaBou.itgPos, fixBouTimRes.itgErrDuaBou.itgPos.and1, fixBouTimRes.itgErrDuaBou.itgPos.booExpIsAct, fixBouTimRes.itgErrDuaBou.itgPos.booExpItgAct, fixBouTimRes.itgErrDuaBou.itgPos.conZero, fixBouTimRes.itgErrDuaBou.itgPos.dif, fixBouTimRes.itgErrDuaBou.itgPos.errItg, fixBouTimRes.itgErrDuaBou.itgPos.lim, fixBouTimRes.itgErrDuaBou.itgPos.swiErr, fixBouTimRes.itgErrDuaBou.orItgAct, fixBouTimRes.itgTim[1], fixBouTimRes.itgTim[1].booExpItgAct, fixBouTimRes.itgTim[1].conOne, fixBouTimRes.itgTim[1].conZero, fixBouTimRes.itgTim[1].swi, fixBouTimRes.itgTim[1].timeItg, fixBouTimRes.itgTim[2], fixBouTimRes.itgTim[2].booExpItgAct, fixBouTimRes.itgTim[2].conOne, fixBouTimRes.itgTim[2].conZero, fixBouTimRes.itgTim[2].swi, fixBouTimRes.itgTim[2].timeItg, fixBouTimRes.itgTim[3], fixBouTimRes.itgTim[3].booExpItgAct, fixBouTimRes.itgTim[3].conOne, fixBouTimRes.itgTim[3].conZero, fixBouTimRes.itgTim[3].swi, fixBouTimRes.itgTim[3].timeItg, fixBouTimRes.notRes, flxBou.itgErrDuaBou, flxBou.itgErrDuaBou.addItgErr, flxBou.itgErrDuaBou.booExpItgAct, flxBou.itgErrDuaBou.itgNeg, flxBou.itgErrDuaBou.itgNeg.and1, flxBou.itgErrDuaBou.itgNeg.booExpIsAct, flxBou.itgErrDuaBou.itgNeg.booExpItgAct, flxBou.itgErrDuaBou.itgNeg.conZero, flxBou.itgErrDuaBou.itgNeg.dif, flxBou.itgErrDuaBou.itgNeg.errItg, flxBou.itgErrDuaBou.itgNeg.lim, flxBou.itgErrDuaBou.itgNeg.swiErr, flxBou.itgErrDuaBou.itgPos, flxBou.itgErrDuaBou.itgPos.and1, flxBou.itgErrDuaBou.itgPos.booExpIsAct, flxBou.itgErrDuaBou.itgPos.booExpItgAct, flxBou.itgErrDuaBou.itgPos.conZero, flxBou.itgErrDuaBou.itgPos.dif, flxBou.itgErrDuaBou.itgPos.errItg, flxBou.itgErrDuaBou.itgPos.lim, flxBou.itgErrDuaBou.itgPos.swiErr, flxBou.itgErrDuaBou.orItgAct"", ""note"": ""this connector belongs to the model itself, not to a component inside it: the model is an interface compiled on its own, so the node is open on one side. Nothing forces its flow, which is why a structural matching reports an unmatched unknown here. Not a defect in the model""}",/data/mrumoca/eval/results_v3/aixlib/runtime_free.jsonl
aixlib,runtime-v3,AixLib.Utilities.Logical.DynamicHysteresis,0,simulation-failure,high,True,execution-not-completed,"{""failure_kind"": ""unknown"", ""reason"": ""Lib.Utilities.Logical.DynamicHysteresis to t=1 with 4 trace point(s)... \u001b[31m\u001b[0m simulation failed: Modelica assert failed at t=0.000000000: Hysteresis \u001b[31m\u2502\u001b[0m limits wrong (uHigh = 0 <= uLow = 0)"", ""raw"": ""reading /tmp/tmp6qypar_n/traced.rbc (bitcode v2, cbor) holding 3 free input(s) constant at their start values: u=0, uHigh=0, uLow=0 Simulating AixLib.Utilities.Logical.DynamicHysteresis to t=1 with 4 trace point(s)... \u001b[31m\u001b[0m simulation failed: Modelica assert failed at t=0.000000000: Hysteresis \u001b[31m\u2502\u001b[0m limits wrong (uHigh = 0 <= uLow = 0)"", ""tool_side"": false}",/data/mrumoca/eval/results_v3/aixlib/runtime_free.jsonl
aixlib,runtime-v3,AixLib.Utilities.MassTransfer.MassDiffusion,0,network-port-unconnected,low,True,execution-not-completed,"{""connector"": ""solid"", ""component"": ""<top level>"", ""component_class"": ""unknown"", ""flows_forced_to_zero"": ""solid.m_flow"", ""note"": ""nothing is connected to this port, so MLS \u00a79.2 forces its flow to zero. That is correct for a component compiled on its own and is not a defect; it is recorded because it is the commonest reason a model looks structurally singular""}",/data/mrumoca/eval/results_v3/aixlib/runtime_free.jsonl
aixlib,runtime-v3,AixLib.Utilities.MassTransfer.MassDiffusion,1,network-port-unconnected,low,True,execution-not-completed,"{""connector"": ""fluid"", ""component"": ""<top level>"", ""component_class"": ""unknown"", ""flows_forced_to_zero"": ""fluid.m_flow"", ""note"": ""nothing is connected to this port, so MLS \u00a79.2 forces its flow to zero. That is correct for a component compiled on its own and is not a defect; it is recorded because it is the commonest reason a model looks structurally singular""}",/data/mrumoca/eval/results_v3/aixlib/runtime_free.jsonl
aixlib,runtime-v3,AixLib.Utilities.MassTransfer.MassDiffusion,2,network-component-isolated,low,True,execution-not-completed,"{""component"": ""<top level>"", ""component_class"": ""unknown"", ""ports"": ""solid, fluid"", ""note"": ""every port of this instance is unconnected, so it exchanges nothing with the rest of the model while still contributing its equations""}",/data/mrumoca/eval/results_v3/aixlib/runtime_free.jsonl
aixlib,runtime-v3,AixLib.Utilities.MassTransfer.MassDiffusion,3,physical-zero-is-a-supported-limit,low,True,execution-not-completed,"{""domain"": ""fluid"", ""rule"": ""fluid.density.positive"", ""rule_origin"": ""mass per volume of a real fluid; density appears as a divisor throughout the Fluid library"", ""rule_reference"": """", ""matched_by"": {""quantity"": ""Density"", ""unit"": ""kg/m3"", ""confidence"": ""QUANTITY_AND_UNIT"", ""premise_state"": ""unknown"", ""authority"": ""quantity_or_unit"", ""canonical_declaration"": ""AixLib.Utilities.MassTransfer.MassDiffusion.rho""}, ""required"": ""rho > 0"", ""declared_min"": 0.0, ""variable_role"": ""constant"", ""premise_state"": ""refuted"", ""authority"": ""component_contract"", ""contract"": ""AixLib.Utilities.MassTransfer.MassDiffusion.rho: feature_disabled (proven, from equation) \u2014 the parameter appears only as a multiplier, so at zero the term it scales drops out and the rest of the model is unaffected"", ""contract_behavior"": ""feature_disabled"", ""contract_confidence"": ""proven"", ""contract_source"": ""equation"", ""note"": ""the positivity rule does not apply: this component documents zero as a meaningful limit, so reporting a missing bound would contradict its contract""}",/data/mrumoca/eval/results_v3/aixlib/runtime_free.jsonl
aixlib,runtime-v3,AixLib.Utilities.MassTransfer.MassDiffusion,4,network-observation-incomplete,info,True,execution-not-completed,"{""reason"": ""missing or unsynchronized connector member observations"", ""note"": ""coverage gap, not a model defect""}",/data/mrumoca/eval/results_v3/aixlib/runtime_free.jsonl
aixlib,runtime-v3,AixLib.Utilities.MassTransfer.MassDiffusion,5,initialization-failure,high,True,execution-not-completed,"{""failure_kind"": ""singular-system"", ""reason"": ""assTransfer.MassDiffusion to t=1 with 7 trace point(s)... \u001b[31m\u001b[0m simulation failed: DAE structural proof failed: structurally singular \u001b[31m\u2502\u001b[0m system: 5 matched out of 6 equations and 6 unknowns"", ""raw"": ""reading /tmp/tmpcm60px6_/traced.rbc (bitcode v2, cbor) holding 1 free input(s) constant at their start values: Gd=0 Simulating AixLib.Utilities.MassTransfer.MassDiffusion to t=1 with 7 trace point(s)... \u001b[31m\u001b[0m simulation failed: DAE structural proof failed: structurally singular \u001b[31m\u2502\u001b[0m system: 5 matched out of 6 equations and 6 unknowns"", ""tool_side"": false}",/data/mrumoca/eval/results_v3/aixlib/runtime_free.jsonl
aixlib,runtime-v3,AixLib.Utilities.MassTransfer.MassFlowSensor,0,network-port-unconnected,low,False,execution-not-completed,"{""connector"": ""port_a"", ""component"": ""<top level>"", ""component_class"": ""unknown"", ""flows_forced_to_zero"": ""port_a.m_flow"", ""note"": ""nothing is connected to this port, so MLS \u00a79.2 forces its flow to zero. That is correct for a component compiled on its own and is not a defect; it is recorded because it is the commonest reason a model looks structurally singular""}",/data/mrumoca/eval/results_v3/aixlib/runtime_free.jsonl
aixlib,runtime-v3,AixLib.Utilities.MassTransfer.MassFlowSensor,1,network-port-unconnected,low,False,execution-not-completed,"{""connector"": ""port_b"", ""component"": ""<top level>"", ""component_class"": ""unknown"", ""flows_forced_to_zero"": ""port_b.m_flow"", ""note"": ""nothing is connected to this port, so MLS \u00a79.2 forces its flow to zero. That is correct for a component compiled on its own and is not a defect; it is recorded because it is the commonest reason a model looks structurally singular""}",/data/mrumoca/eval/results_v3/aixlib/runtime_free.jsonl
aixlib,runtime-v3,AixLib.Utilities.MassTransfer.MassFlowSensor,2,network-component-isolated,low,False,execution-not-completed,"{""component"": ""<top level>"", ""component_class"": ""unknown"", ""ports"": ""port_a, port_b"", ""note"": ""every port of this instance is unconnected, so it exchanges nothing with the rest of the model while still contributing its equations""}",/data/mrumoca/eval/results_v3/aixlib/runtime_free.jsonl
aixlib,runtime-v3,AixLib.Utilities.MassTransfer.MassFlowSensor,3,network-observation-incomplete,info,False,execution-not-completed,"{""reason"": ""missing or unsynchronized connector member observations"", ""note"": ""coverage gap, not a model defect""}",/data/mrumoca/eval/results_v3/aixlib/runtime_free.jsonl
aixlib,runtime-v3,AixLib.Utilities.MassTransfer.MassFlowSensor,4,initialization-failure,high,False,execution-not-completed,"{""failure_kind"": ""singular-system"", ""reason"": ""ssTransfer.MassFlowSensor to t=1 with 5 trace point(s)... \u001b[31m\u001b[0m simulation failed: DAE structural proof failed: structurally singular \u001b[31m\u2502\u001b[0m system: 4 matched out of 5 equations and 5 unknowns"", ""raw"": ""reading /tmp/tmpqw5japd9/traced.rbc (bitcode v2, cbor) Simulating AixLib.Utilities.MassTransfer.MassFlowSensor to t=1 with 5 trace point(s)... \u001b[31m\u001b[0m simulation failed: DAE structural proof failed: structurally singular \u001b[31m\u2502\u001b[0m system: 4 matched out of 5 equations and 5 unknowns"", ""tool_side"": false}",/data/mrumoca/eval/results_v3/aixlib/runtime_free.jsonl
aixlib,runtime-v3,AixLib.Utilities.MassTransfer.PrescribedPartialPressure,0,network-port-unconnected,low,True,hold-input-contract-validation,"{""connector"": ""port"", ""component"": ""<top level>"", ""component_class"": ""unknown"", ""flows_forced_to_zero"": ""port.m_flow"", ""note"": ""nothing is connected to this port, so MLS \u00a79.2 forces its flow to zero. That is correct for a component compiled on its own and is not a defect; it is recorded because it is the commonest reason a model looks structurally singular""}",/data/mrumoca/eval/results_v3/aixlib/runtime_free.jsonl
aixlib,runtime-v3,AixLib.Utilities.MassTransfer.PrescribedPartialPressure,1,network-component-isolated,low,True,hold-input-contract-validation,"{""component"": ""<top level>"", ""component_class"": ""unknown"", ""ports"": ""port"", ""note"": ""every port of this instance is unconnected, so it exchanges nothing with the rest of the model while still contributing its equations""}",/data/mrumoca/eval/results_v3/aixlib/runtime_free.jsonl
aixlib,runtime-v3,AixLib.Utilities.Math.Examples.Biquadratic,0,network-boundary-port,low,False,standalone-topology-not-defect-proof,"{""node"": ""biquadratic -- x1 -- x2"", ""boundary_connectors"": ""biquadratic, x1, x2"", ""wired_to"": ""nothing"", ""note"": ""this connector belongs to the model itself, not to a component inside it: the model is an interface compiled on its own, so the node is open on one side. Nothing forces its flow, which is why a structural matching reports an unmatched unknown here. Not a defect in the model""}",/data/mrumoca/eval/results_v3/aixlib/runtime_free.jsonl
aixlib,runtime-v3,AixLib.Utilities.Math.Examples.Bicubic,0,network-boundary-port,low,False,standalone-topology-not-defect-proof,"{""node"": ""bicubic -- x1 -- x2"", ""boundary_connectors"": ""bicubic, x1, x2"", ""wired_to"": ""nothing"", ""note"": ""this connector belongs to the model itself, not to a component inside it: the model is an interface compiled on its own, so the node is open on one side. Nothing forces its flow, which is why a structural matching reports an unmatched unknown here. Not a defect in the model""}",/data/mrumoca/eval/results_v3/aixlib/runtime_free.jsonl
aixlib,runtime-v3,AixLib.Utilities.Math.Examples.ExponentialIntegralE1,0,network-boundary-port,low,False,standalone-topology-not-defect-proof,"{""node"": ""E1 -- x"", ""boundary_connectors"": ""E1, x"", ""wired_to"": ""nothing"", ""note"": ""this connector belongs to the model itself, not to a component inside it: the model is an interface compiled on its own, so the node is open on one side. Nothing forces its flow, which is why a structural matching reports an unmatched unknown here. Not a defect in the model""}",/data/mrumoca/eval/results_v3/aixlib/runtime_free.jsonl
aixlib,runtime-v3,AixLib.Utilities.Math.Examples.Average,0,network-boundary-port,low,False,standalone-topology-not-defect-proof,"{""node"": ""average -- multiplex2_1 -- x1 -- x2"", ""boundary_connectors"": ""average, multiplex2_1, x1, x2"", ""wired_to"": ""nothing"", ""note"": ""this connector belongs to the model itself, not to a component inside it: the model is an interface compiled on its own, so the node is open on one side. Nothing forces its flow, which is why a structural matching reports an unmatched unknown here. Not a defect in the model""}",/data/mrumoca/eval/results_v3/aixlib/runtime_free.jsonl
aixlib,runtime-v3,AixLib.Utilities.Math.Examples.Average,1,network-observation-incomplete,info,False,coverage-gap,"{""reason"": ""duplicate member publication time"", ""note"": ""coverage gap, not a model defect""}",/data/mrumoca/eval/results_v3/aixlib/runtime_free.jsonl
aixlib,runtime-v3,AixLib.Utilities.Math.Examples.Polynomial,0,network-boundary-port,low,False,standalone-topology-not-defect-proof,"{""node"": ""polynominal -- x1"", ""boundary_connectors"": ""polynominal, x1"", ""wired_to"": ""nothing"", ""note"": ""this connector belongs to the model itself, not to a component inside it: the model is an interface compiled on its own, so the node is open on one side. Nothing forces its flow, which is why a structural matching reports an unmatched unknown here. Not a defect in the model""}",/data/mrumoca/eval/results_v3/aixlib/runtime_free.jsonl
aixlib,runtime-v3,AixLib.Utilities.Math.Examples.InverseXRegularized,0,network-boundary-port,low,False,standalone-topology-not-defect-proof,"{""node"": ""inverseXRegularized -- x1"", ""boundary_connectors"": ""inverseXRegularized, x1"", ""wired_to"": ""nothing"", ""note"": ""this connector belongs to the model itself, not to a component inside it: the model is an interface compiled on its own, so the node is open on one side. Nothing forces its flow, which is why a structural matching reports an unmatched unknown here. Not a defect in the model""}",/data/mrumoca/eval/results_v3/aixlib/runtime_free.jsonl
aixlib,runtime-v3,AixLib.Utilities.Math.Examples.PowerLinearized,0,network-boundary-port,low,False,standalone-topology-not-defect-proof,"{""node"": ""powerLinearized -- x1"", ""boundary_connectors"": ""powerLinearized, x1"", ""wired_to"": ""nothing"", ""note"": ""this connector belongs to the model itself, not to a component inside it: the model is an interface compiled on its own, so the node is open on one side. Nothing forces its flow, which is why a structural matching reports an unmatched unknown here. Not a defect in the model""}",/data/mrumoca/eval/results_v3/aixlib/runtime_free.jsonl
aixlib,runtime-v3,AixLib.Utilities.Math.Examples.SmoothHeaviside,0,network-boundary-port,low,False,standalone-topology-not-defect-proof,"{""node"": ""smoothHeaviside -- x1"", ""boundary_connectors"": ""smoothHeaviside, x1"", ""wired_to"": ""nothing"", ""note"": ""this connector belongs to the model itself, not to a component inside it: the model is an interface compiled on its own, so the node is open on one side. Nothing forces its flow, which is why a structural matching reports an unmatched unknown here. Not a defect in the model""}",/data/mrumoca/eval/results_v3/aixlib/runtime_free.jsonl
aixlib,runtime-v3,AixLib.Utilities.Math.Examples.SmoothExponential,0,network-boundary-port,low,False,standalone-topology-not-defect-proof,"{""node"": ""smoothExponential -- x1"", ""boundary_connectors"": ""smoothExponential, x1"", ""wired_to"": ""nothing"", ""note"": ""this connector belongs to the model itself, not to a component inside it: the model is an interface compiled on its own, so the node is open on one side. Nothing forces its flow, which is why a structural matching reports an unmatched unknown here. Not a defect in the model""}",/data/mrumoca/eval/results_v3/aixlib/runtime_free.jsonl
aixlib,runtime-v3,AixLib.Utilities.Math.Examples.QuadraticLinear,0,network-boundary-port,low,False,standalone-topology-not-defect-proof,"{""node"": ""quadraticLinear -- x1 -- x2"", ""boundary_connectors"": ""quadraticLinear, x1, x2"", ""wired_to"": ""nothing"", ""note"": ""this connector belongs to the model itself, not to a component inside it: the model is an interface compiled on its own, so the node is open on one side. Nothing forces its flow, which is why a structural matching reports an unmatched unknown here. Not a defect in the model""}",/data/mrumoca/eval/results_v3/aixlib/runtime_free.jsonl
aixlib,runtime-v3,AixLib.Utilities.Math.Examples.SmoothLimit,0,network-boundary-port,low,False,standalone-topology-not-defect-proof,"{""node"": ""sine -- smoLim"", ""boundary_connectors"": ""sine, smoLim"", ""wired_to"": ""nothing"", ""note"": ""this connector belongs to the model itself, not to a component inside it: the model is an interface compiled on its own, so the node is open on one side. Nothing forces its flow, which is why a structural matching reports an unmatched unknown here. Not a defect in the model""}",/data/mrumoca/eval/results_v3/aixlib/runtime_free.jsonl
aixlib,runtime-v3,AixLib.Utilities.Math.Examples.SmoothBlocks,0,network-boundary-port,low,False,standalone-topology-not-defect-proof,"{""node"": ""Min -- assEquMax -- assEquMin -- max -- sine -- sine1 -- smoMax -- smoMin"", ""boundary_connectors"": ""Min, assEquMax, assEquMin, max, sine, sine1, smoMax, smoMin"", ""wired_to"": ""nothing"", ""note"": ""this connector belongs to the model itself, not to a component inside it: the model is an interface compiled on its own, so the node is open on one side. Nothing forces its flow, which is why a structural matching reports an unmatched unknown here. Not a defect in the model""}",/data/mrumoca/eval/results_v3/aixlib/runtime_free.jsonl
aixlib,runtime-v3,AixLib.Utilities.Math.Examples.SmoothMin,0,network-boundary-port,low,False,standalone-topology-not-defect-proof,"{""node"": ""const -- ramp -- smoLim[1] -- smoLim[2]"", ""boundary_connectors"": ""const, ramp, smoLim[1], smoLim[2]"", ""wired_to"": ""nothing"", ""note"": ""this connector belongs to the model itself, not to a component inside it: the model is an interface compiled on its own, so the node is open on one side. Nothing forces its flow, which is why a structural matching reports an unmatched unknown here. Not a defect in the model""}",/data/mrumoca/eval/results_v3/aixlib/runtime_free.jsonl
aixlib,runtime-v3,AixLib.Utilities.Math.ExponentialIntegralE1,0,simulation-failure,high,True,execution-not-completed,"{""failure_kind"": ""non-finite-value"", ""reason"": ""race point(s)... \u001b[31m\u001b[0m simulation failed: non-finite (inf) value computed for `y` @ Span { source: \u001b[31m\u2502\u001b[0m SourceId(6832497664377395004), start: BytePos(11356), end: \u001b[31m\u2502\u001b[0m BytePos(11368) }"", ""raw"": ""reading /tmp/tmpaulq_j6x/traced.rbc (bitcode v2, cbor) holding 1 free input(s) constant at their start values: u=0 Simulating AixLib.Utilities.Math.ExponentialIntegralE1 to t=1 with 2 trace point(s)... \u001b[31m\u001b[0m simulation failed: non-finite (inf) value computed for `y` @ Span { source: \u001b[31m\u2502\u001b[0m SourceId(6832497664377395004), start: BytePos(11356), end: \u001b[31m\u2502\u001b[0m BytePos(11368) }"", ""tool_side"": false}",/data/mrumoca/eval/results_v3/aixlib/runtime_free.jsonl
aixlib,runtime-v3,AixLib.Utilities.Math.Examples.Splice,0,network-boundary-port,low,False,standalone-topology-not-defect-proof,"{""node"": ""const -- const1 -- sine -- splice"", ""boundary_connectors"": ""const, const1, sine, splice"", ""wired_to"": ""nothing"", ""note"": ""this connector belongs to the model itself, not to a component inside it: the model is an interface compiled on its own, so the node is open on one side. Nothing forces its flow, which is why a structural matching reports an unmatched unknown here. Not a defect in the model""}",/data/mrumoca/eval/results_v3/aixlib/runtime_free.jsonl
aixlib,runtime-v3,AixLib.Utilities.Math.Examples.VectorFunctions,0,network-boundary-port,low,False,standalone-topology-not-defect-proof,"{""node"": ""aveVec -- maxVec -- minVec -- sine -- sine1 -- sine2"", ""boundary_connectors"": ""aveVec, maxVec, minVec, sine, sine1, sine2"", ""wired_to"": ""nothing"", ""note"": ""this connector belongs to the model itself, not to a component inside it: the model is an interface compiled on its own, so the node is open on one side. Nothing forces its flow, which is why a structural matching reports an unmatched unknown here. Not a defect in the model""}",/data/mrumoca/eval/results_v3/aixlib/runtime_free.jsonl
aixlib,runtime-v3,AixLib.Utilities.Math.Functions.Examples.SpliceFunctionDerivativeCheck,0,simulation-failure,high,False,execution-not-completed,"{""failure_kind"": ""non-finite-value"", ""reason"": "" trace point(s)... \u001b[31m\u001b[0m simulation failed: non-finite (NaN) value computed for `d3y` @ Span \u001b[31m\u2502\u001b[0m { source: SourceId(5706186061637008924), start: BytePos(422), end: \u001b[31m\u2502\u001b[0m BytePos(430) }"", ""raw"": ""reading /tmp/tmp5ib99zop/traced.rbc (bitcode v2, cbor) Simulating AixLib.Utilities.Math.Functions.Examples.SpliceFunctionDerivativeCheck to t=0 with 8 trace point(s)... \u001b[31m\u001b[0m simulation failed: non-finite (NaN) value computed for `d3y` @ Span \u001b[31m\u2502\u001b[0m { source: SourceId(5706186061637008924), start: BytePos(422), end: \u001b[31m\u2502\u001b[0m BytePos(430) }"", ""tool_side"": false}",/data/mrumoca/eval/results_v3/aixlib/runtime_free.jsonl
aixlib,runtime-v3,AixLib.Utilities.Math.Functions.Examples.SmoothHeavisideDerivatives,0,initialization-failure,high,False,execution-not-completed,"{""failure_kind"": ""singular-system"", ""reason"": ""moothHeavisideDerivatives to t=0 with 3 trace point(s)... \u001b[31m\u001b[0m simulation failed: DAE structural proof failed: structurally singular \u001b[31m\u2502\u001b[0m system: 2 matched out of 3 equations and 3 unknowns"", ""raw"": ""reading /tmp/tmpypv33r87/traced.rbc (bitcode v2, cbor) Simulating AixLib.Utilities.Math.Functions.Examples.SmoothHeavisideDerivatives to t=0 with 3 trace point(s)... \u001b[31m\u001b[0m simulation failed: DAE structural proof failed: structurally singular \u001b[31m\u2502\u001b[0m system: 2 matched out of 3 equations and 3 unknowns"", ""tool_side"": false}",/data/mrumoca/eval/results_v3/aixlib/runtime_free.jsonl
aixlib,runtime-v3,AixLib.Utilities.Math.InverseXRegularized,0,simulation-failure,high,True,execution-not-completed,"{""failure_kind"": ""non-finite-value"", ""reason"": ""race point(s)... \u001b[31m\u001b[0m simulation failed: non-finite (NaN) value computed for `y` @ Span { source: \u001b[31m\u2502\u001b[0m SourceId(6832497664377395004), start: BytePos(11356), end: \u001b[31m\u2502\u001b[0m BytePos(11368) }"", ""raw"": ""reading /tmp/tmpyobyeden/traced.rbc (bitcode v2, cbor) holding 1 free input(s) constant at their start values: u=0 Simulating AixLib.Utilities.Math.InverseXRegularized to t=1 with 2 trace point(s)... \u001b[31m\u001b[0m simulation failed: non-finite (NaN) value computed for `y` @ Span { source: \u001b[31m\u2502\u001b[0m SourceId(6832497664377395004), start: BytePos(11356), end: \u001b[31m\u2502\u001b[0m BytePos(11368) }"", ""tool_side"": false}",/data/mrumoca/eval/results_v3/aixlib/runtime_free.jsonl
aixlib,runtime-v3,AixLib.Utilities.Math.PowerLinearized,0,simulation-failure,high,True,execution-not-completed,"{""failure_kind"": ""non-finite-value"", ""reason"": ""race point(s)... \u001b[31m\u001b[0m simulation failed: non-finite (NaN) value computed for `y` @ Span { source: \u001b[31m\u2502\u001b[0m SourceId(6832497664377395004), start: BytePos(11356), end: \u001b[31m\u2502\u001b[0m BytePos(11368) }"", ""raw"": ""reading /tmp/tmptti_458b/traced.rbc (bitcode v2, cbor) holding 1 free input(s) constant at their start values: u=0 Simulating AixLib.Utilities.Math.PowerLinearized to t=1 with 2 trace point(s)... \u001b[31m\u001b[0m simulation failed: non-finite (NaN) value computed for `y` @ Span { source: \u001b[31m\u2502\u001b[0m SourceId(6832497664377395004), start: BytePos(11356), end: \u001b[31m\u2502\u001b[0m BytePos(11368) }"", ""tool_side"": false}",/data/mrumoca/eval/results_v3/aixlib/runtime_free.jsonl
aixlib,runtime-v3,AixLib.Utilities.Math.SmoothExponential,0,simulation-failure,high,True,execution-not-completed,"{""failure_kind"": ""non-finite-value"", ""reason"": ""race point(s)... \u001b[31m\u001b[0m simulation failed: non-finite (NaN) value computed for `y` @ Span { source: \u001b[31m\u2502\u001b[0m SourceId(6832497664377395004), start: BytePos(11356), end: \u001b[31m\u2502\u001b[0m BytePos(11368) }"", ""raw"": ""reading /tmp/tmpk__om_y2/traced.rbc (bitcode v2, cbor) holding 1 free input(s) constant at their start values: u=0 Simulating AixLib.Utilities.Math.SmoothExponential to t=1 with 2 trace point(s)... \u001b[31m\u001b[0m simulation failed: non-finite (NaN) value computed for `y` @ Span { source: \u001b[31m\u2502\u001b[0m SourceId(6832497664377395004), start: BytePos(11356), end: \u001b[31m\u2502\u001b[0m BytePos(11368) }"", ""tool_side"": false}",/data/mrumoca/eval/results_v3/aixlib/runtime_free.jsonl
aixlib,runtime-v3,AixLib.Utilities.Math.Splice,0,simulation-failure,high,True,execution-not-completed,"{""failure_kind"": ""non-finite-value"", ""reason"": ""o t=1 with 4 trace point(s)... \u001b[31m\u001b[0m simulation failed: non-finite (NaN) value computed for `y` @ Span { source: \u001b[31m\u2502\u001b[0m SourceId(13869792415179766075), start: BytePos(546), end: BytePos(585) }"", ""raw"": ""reading /tmp/tmpz_hcqgmc/traced.rbc (bitcode v2, cbor) holding 3 free input(s) constant at their start values: x=0, u1=0, u2=0 Simulating AixLib.Utilities.Math.Splice to t=1 with 4 trace point(s)... \u001b[31m\u001b[0m simulation failed: non-finite (NaN) value computed for `y` @ Span { source: \u001b[31m\u2502\u001b[0m SourceId(13869792415179766075), start: BytePos(546), end: BytePos(585) }"", ""tool_side"": false}",/data/mrumoca/eval/results_v3/aixlib/runtime_free.jsonl
aixlib,runtime-v3,AixLib.Utilities.Psychrometrics.Density_pTX,0,physical-runtime-invariant-unobserved,low,True,execution-not-completed,"{""domain"": ""fluid"", ""rule"": ""fluid.density.positive"", ""rule_origin"": ""mass per volume of a real fluid; density appears as a divisor throughout the Fluid library"", ""rule_reference"": """", ""matched_by"": {""quantity"": ""Density"", ""unit"": ""kg/m3"", ""confidence"": ""QUANTITY_AND_UNIT"", ""premise_state"": ""unknown"", ""authority"": ""quantity_or_unit"", ""canonical_declaration"": ""AixLib.Utilities.Psychrometrics.Density_pTX.d""}, ""required"": ""d > 0"", ""variable_role"": ""output"", ""note"": ""this is a runtime property of a output variable, not a declaration a user can bound; deciding it needs an observation""}",/data/mrumoca/eval/results_v3/aixlib/runtime_free.jsonl
aixlib,runtime-v3,AixLib.Utilities.Psychrometrics.Density_pTX,1,simulation-failure,high,True,execution-not-completed,"{""failure_kind"": ""non-finite-value"", ""reason"": ""to t=1 with 4 trace point(s)... \u001b[31m\u001b[0m simulation failed: non-finite (NaN) value computed for `d` @ Span { source: \u001b[31m\u2502\u001b[0m SourceId(7092241518049452897), start: BytePos(944), end: BytePos(983) }"", ""raw"": ""reading /tmp/tmp55dl30b2/traced.rbc (bitcode v2, cbor) holding 3 free input(s) constant at their start values: T=0, X_w=0, p=0 Simulating AixLib.Utilities.Psychrometrics.Density_pTX to t=1 with 4 trace point(s)... \u001b[31m\u001b[0m simulation failed: non-finite (NaN) value computed for `d` @ Span { source: \u001b[31m\u2502\u001b[0m SourceId(7092241518049452897), start: BytePos(944), end: BytePos(983) }"", ""tool_side"": false}",/data/mrumoca/eval/results_v3/aixlib/runtime_free.jsonl
aixlib,runtime-v3,AixLib.Utilities.Psychrometrics.Examples.SaturationPressureLiquid,0,network-boundary-port,low,False,standalone-topology-not-defect-proof,"{""node"": ""T -- pSat"", ""boundary_connectors"": ""T, pSat"", ""wired_to"": ""nothing"", ""note"": ""this connector belongs to the model itself, not to a component inside it: the model is an interface compiled on its own, so the node is open on one side. Nothing forces its flow, which is why a structural matching reports an unmatched unknown here. Not a defect in the model""}",/data/mrumoca/eval/results_v3/aixlib/runtime_free.jsonl
aixlib,runtime-v3,AixLib.Utilities.Psychrometrics.Examples.SublimationPressureIce,0,network-boundary-port,low,False,standalone-topology-not-defect-proof,"{""node"": ""T -- pSat"", ""boundary_connectors"": ""T, pSat"", ""wired_to"": ""nothing"", ""note"": ""this connector belongs to the model itself, not to a component inside it: the model is an interface compiled on its own, so the node is open on one side. Nothing forces its flow, which is why a structural matching reports an unmatched unknown here. Not a defect in the model""}",/data/mrumoca/eval/results_v3/aixlib/runtime_free.jsonl
aixlib,runtime-v3,AixLib.Utilities.Psychrometrics.Examples.SaturationPressure,0,network-boundary-port,low,False,standalone-topology-not-defect-proof,"{""node"": ""T -- pSat"", ""boundary_connectors"": ""T, pSat"", ""wired_to"": ""nothing"", ""note"": ""this connector belongs to the model itself, not to a component inside it: the model is an interface compiled on its own, so the node is open on one side. Nothing forces its flow, which is why a structural matching reports an unmatched unknown here. Not a defect in the model""}",/data/mrumoca/eval/results_v3/aixlib/runtime_free.jsonl
aixlib,runtime-v3,AixLib.Utilities.Psychrometrics.Examples.HumidityRatioPressure,0,network-boundary-port,low,False,standalone-topology-not-defect-proof,"{""node"": ""XHumDryAir -- assertEquality -- humRat -- p -- toTotalAir -- vapPre"", ""boundary_connectors"": ""XHumDryAir, assertEquality, humRat, p, toTotalAir, vapPre"", ""wired_to"": ""nothing"", ""note"": ""this connector belongs to the model itself, not to a component inside it: the model is an interface compiled on its own, so the node is open on one side. Nothing forces its flow, which is why a structural matching reports an unmatched unknown here. Not a defect in the model""}",/data/mrumoca/eval/results_v3/aixlib/runtime_free.jsonl
aixlib,runtime-v3,AixLib.Utilities.Psychrometrics.Examples.Phi_pTX,0,network-boundary-port,low,False,standalone-topology-not-defect-proof,"{""node"": ""TDryBul -- XDryBul -- p -- phi"", ""boundary_connectors"": ""TDryBul, XDryBul, p, phi"", ""wired_to"": ""nothing"", ""note"": ""this connector belongs to the model itself, not to a component inside it: the model is an interface compiled on its own, so the node is open on one side. Nothing forces its flow, which is why a structural matching reports an unmatched unknown here. Not a defect in the model""}",/data/mrumoca/eval/results_v3/aixlib/runtime_free.jsonl
aixlib,runtime-v3,AixLib.Utilities.Psychrometrics.Examples.Density_pTX,0,network-boundary-port,low,False,standalone-topology-not-defect-proof,"{""node"": ""TDryBul -- XDryBul -- den -- p"", ""boundary_connectors"": ""TDryBul, XDryBul, den, p"", ""wired_to"": ""nothing"", ""note"": ""this connector belongs to the model itself, not to a component inside it: the model is an interface compiled on its own, so the node is open on one side. Nothing forces its flow, which is why a structural matching reports an unmatched unknown here. Not a defect in the model""}",/data/mrumoca/eval/results_v3/aixlib/runtime_free.jsonl
aixlib,runtime-v3,AixLib.Utilities.Psychrometrics.Examples.Density_pTX,1,physical-runtime-invariant-unobserved,low,False,coverage-gap,"{""domain"": ""fluid"", ""rule"": ""fluid.density.positive"", ""rule_origin"": ""mass per volume of a real fluid; density appears as a divisor throughout the Fluid library"", ""rule_reference"": """", ""matched_by"": {""quantity"": ""Density"", ""unit"": ""kg/m3"", ""confidence"": ""QUANTITY_AND_UNIT"", ""premise_state"": ""unknown"", ""authority"": ""quantity_or_unit"", ""canonical_declaration"": ""AixLib.Utilities.Psychrometrics.Density_pTX.d""}, ""required"": ""den.d > 0"", ""variable_role"": ""output"", ""note"": ""this is a runtime property of a output variable, not a declaration a user can bound; deciding it needs an observation""}",/data/mrumoca/eval/results_v3/aixlib/runtime_free.jsonl
aixlib,runtime-v3,AixLib.Utilities.Psychrometrics.Examples.TotalAirDryAir,0,network-boundary-port,low,False,standalone-topology-not-defect-proof,"{""node"": ""XHum -- assertEquality -- toDryAir -- toTotalAir"", ""boundary_connectors"": ""XHum, assertEquality, toDryAir, toTotalAir"", ""wired_to"": ""nothing"", ""note"": ""this connector belongs to the model itself, not to a component inside it: the model is an interface compiled on its own, so the node is open on one side. Nothing forces its flow, which is why a structural matching reports an unmatched unknown here. Not a defect in the model""}",/data/mrumoca/eval/results_v3/aixlib/runtime_free.jsonl
aixlib,runtime-v3,AixLib.Utilities.Psychrometrics.Functions.BaseClasses.Examples.SaturationPressureDerivativeCheck,0,initialization-failure,high,False,execution-not-completed,"{""failure_kind"": ""singular-system"", ""reason"": ""onPressureDerivativeCheck to t=0 with 4 trace point(s)... \u001b[31m\u001b[0m simulation failed: DAE structural proof failed: structurally singular \u001b[31m\u2502\u001b[0m system: 3 matched out of 4 equations and 4 unknowns"", ""raw"": ""reading /tmp/tmp96pmzfpi/traced.rbc (bitcode v2, cbor) Simulating AixLib.Utilities.Psychrometrics.Functions.BaseClasses.Examples.SaturationPressureDerivativeCheck to t=0 with 4 trace point(s)... \u001b[31m\u001b[0m simulation failed: DAE structural proof failed: structurally singular \u001b[31m\u2502\u001b[0m system: 3 matched out of 4 equations and 4 unknowns"", ""tool_side"": false}",/data/mrumoca/eval/results_v3/aixlib/runtime_free.jsonl
aixlib,runtime-v3,AixLib.Utilities.Psychrometrics.Examples.DewPointTemperature,0,network-boundary-port,low,False,standalone-topology-not-defect-proof,"{""node"": ""TDewPoi -- XHum -- humRat -- watVapPre"", ""boundary_connectors"": ""TDewPoi, XHum, humRat, watVapPre"", ""wired_to"": ""nothing"", ""note"": ""this connector belongs to the model itself, not to a component inside it: the model is an interface compiled on its own, so the node is open on one side. Nothing forces its flow, which is why a structural matching reports an unmatched unknown here. Not a defect in the model""}",/data/mrumoca/eval/results_v3/aixlib/runtime_free.jsonl
aixlib,runtime-v3,AixLib.Utilities.Psychrometrics.Functions.BaseClasses.Examples.WaterVaporPressureDerivativeCheck,0,above-max,medium,False,source-validation-input-range-review,"{""variable"": ""X_w"", ""bound"": ""max"", ""limit"": 1, ""value"": 1.001, ""excess"": 0.0009999999999998899, ""anchor_quality"": ""canonical""}",/data/mrumoca/eval/results_v3/aixlib/runtime_free.jsonl
aixlib,runtime-v3,AixLib.Utilities.Psychrometrics.Functions.Examples.Density_pTX,0,physical-runtime-invariant-unobserved,low,False,coverage-gap,"{""domain"": ""fluid"", ""rule"": ""fluid.density.positive"", ""rule_origin"": ""mass per volume of a real fluid; density appears as a divisor throughout the Fluid library"", ""rule_reference"": """", ""matched_by"": {""quantity"": ""Density"", ""unit"": ""kg/m3"", ""confidence"": ""QUANTITY_AND_UNIT"", ""premise_state"": ""unknown"", ""authority"": ""quantity_or_unit"", ""canonical_declaration"": ""AixLib.Utilities.Psychrometrics.Functions.Examples.Density_pTX.d""}, ""required"": ""d > 0"", ""variable_role"": ""algebraic"", ""note"": ""this is a runtime property of a algebraic variable, not a declaration a user can bound; deciding it needs an observation""}",/data/mrumoca/eval/results_v3/aixlib/runtime_free.jsonl
aixlib,runtime-v3,AixLib.Utilities.Psychrometrics.MixedHumidity,0,physical-bound-permits-zero,low,True,execution-not-completed,"{""domain"": ""fluid"", ""rule"": ""fluid.density.positive"", ""rule_origin"": ""mass per volume of a real fluid; density appears as a divisor throughout the Fluid library"", ""rule_reference"": """", ""matched_by"": {""quantity"": ""Density"", ""unit"": ""kg/m3"", ""confidence"": ""QUANTITY_AND_UNIT"", ""premise_state"": ""unknown"", ""authority"": ""quantity_or_unit"", ""canonical_declaration"": ""AixLib.Utilities.Psychrometrics.MixedHumidity.rho_flow1""}, ""required"": ""rho_flow1 > 0"", ""declared_min"": 0.0, ""variable_role"": ""parameter"", ""premise_state"": ""established"", ""authority"": ""source_arithmetic"", ""canonical_declaration"": ""AixLib.Utilities.Psychrometrics.MixedHumidity.rho_flow1"", ""contract_source"": ""equation"", ""premise_reason"": ""a source equation divides by this parameter, so the value is excluded by arithmetic rather than by intent"", ""note"": ""the declaration explicitly permits zero (`min=0`); whether zero is actually admissible needs execution, and for Mass/Inertia it is not""}",/data/mrumoca/eval/results_v3/aixlib/runtime_free.jsonl
aixlib,runtime-v3,AixLib.Utilities.Psychrometrics.MixedHumidity,1,physical-bound-permits-zero,low,True,execution-not-completed,"{""domain"": ""fluid"", ""rule"": ""fluid.density.positive"", ""rule_origin"": ""mass per volume of a real fluid; density appears as a divisor throughout the Fluid library"", ""rule_reference"": """", ""matched_by"": {""quantity"": ""Density"", ""unit"": ""kg/m3"", ""confidence"": ""QUANTITY_AND_UNIT"", ""premise_state"": ""unknown"", ""authority"": ""quantity_or_unit"", ""canonical_declaration"": ""AixLib.Utilities.Psychrometrics.MixedHumidity.rho_flow2""}, ""required"": ""rho_flow2 > 0"", ""declared_min"": 0.0, ""variable_role"": ""parameter"", ""premise_state"": ""established"", ""authority"": ""source_arithmetic"", ""canonical_declaration"": ""AixLib.Utilities.Psychrometrics.MixedHumidity.rho_flow2"", ""contract_source"": ""equation"", ""premise_reason"": ""a source equation divides by this parameter, so the value is excluded by arithmetic rather than by intent"", ""note"": ""the declaration explicitly permits zero (`min=0`); whether zero is actually admissible needs execution, and for Mass/Inertia it is not""}",/data/mrumoca/eval/results_v3/aixlib/runtime_free.jsonl
aixlib,runtime-v3,AixLib.Utilities.Psychrometrics.MixedHumidity,2,simulation-failure,high,True,execution-not-completed,"{""failure_kind"": ""non-finite-value"", ""reason"": ""... \u001b[31m\u001b[0m simulation failed: non-finite (NaN) value computed for `mixedHumidityOut` @ \u001b[31m\u2502\u001b[0m Span { source: SourceId(16291145998793379014), start: BytePos(947), end: \u001b[31m\u2502\u001b[0m BytePos(1001) }"", ""raw"": ""reading /tmp/tmpddpa0tug/traced.rbc (bitcode v2, cbor) holding 4 free input(s) constant at their start values: humidity_flow1=0, humidity_flow2=0, flowRate_flow1=0, flowRate_flow2=0 Simulating AixLib.Utilities.Psychrometrics.MixedHumidity to t=1 with 5 trace point(s)... \u001b[31m\u001b[0m simulation failed: non-finite (NaN) value computed for `mixedHumidityOut` @ \u001b[31m\u2502\u001b[0m Span { source: SourceId(16291145"", ""tool_side"": false}",/data/mrumoca/eval/results_v3/aixlib/runtime_free.jsonl
aixlib,runtime-v3,AixLib.Utilities.Psychrometrics.MixedTemperature,0,simulation-failure,high,True,execution-not-completed,"{""failure_kind"": ""non-finite-value"", ""reason"": "".. \u001b[31m\u001b[0m simulation failed: non-finite (NaN) value computed for \u001b[31m\u2502\u001b[0m `mixedTemperatureOut` @ Span { source: SourceId(3588406870306308137), \u001b[31m\u2502\u001b[0m start: BytePos(867), end: BytePos(924) }"", ""raw"": ""reading /tmp/tmp924mqc9_/traced.rbc (bitcode v2, cbor) holding 4 free input(s) constant at their start values: temperature_flow1=0, temperature_flow2=0, flowRate_flow1=0, flowRate_flow2=0 Simulating AixLib.Utilities.Psychrometrics.MixedTemperature to t=1 with 5 trace point(s)... \u001b[31m\u001b[0m simulation failed: non-finite (NaN) value computed for \u001b[31m\u2502\u001b[0m `mixedTemperatureOut` @ Span { source: Sourc"", ""tool_side"": false}",/data/mrumoca/eval/results_v3/aixlib/runtime_free.jsonl
aixlib,runtime-v3,AixLib.Utilities.Psychrometrics.Phi_pTX,0,simulation-failure,high,True,execution-not-completed,"{""failure_kind"": ""non-finite-value"", ""reason"": "" trace point(s)... \u001b[31m\u001b[0m simulation failed: non-finite (NaN) value computed for `phi` @ Span \u001b[31m\u2502\u001b[0m { source: SourceId(5635289476828323236), start: BytePos(950), end: \u001b[31m\u2502\u001b[0m BytePos(991) }"", ""raw"": ""reading /tmp/tmp0p4jimij/traced.rbc (bitcode v2, cbor) holding 3 free input(s) constant at their start values: T=0, X_w=0, p=0 Simulating AixLib.Utilities.Psychrometrics.Phi_pTX to t=1 with 4 trace point(s)... \u001b[31m\u001b[0m simulation failed: non-finite (NaN) value computed for `phi` @ Span \u001b[31m\u2502\u001b[0m { source: SourceId(5635289476828323236), start: BytePos(950), end: \u001b[31m\u2502\u001b[0m BytePos(991) }"", ""tool_side"": false}",/data/mrumoca/eval/results_v3/aixlib/runtime_free.jsonl
aixlib,runtime-v3,AixLib.Utilities.Psychrometrics.Functions.Examples.pW_TDewPoi_comparison,0,simulation-failure,high,False,execution-not-completed,"{""failure_kind"": ""unknown"", ""reason"": ""ychrometrics.Functions.Examples.pW_TDewPoi_comparison to t=1 with 6 trace point(s)... \u001b[31m\u001b[0m simulation failed: Modelica assert failed at t=0.026166992: Error in \u001b[31m\u2502\u001b[0m function implementation."", ""raw"": ""reading /tmp/tmpvbkav5e8/traced.rbc (bitcode v2, cbor) Simulating AixLib.Utilities.Psychrometrics.Functions.Examples.pW_TDewPoi_comparison to t=1 with 6 trace point(s)... \u001b[31m\u001b[0m simulation failed: Modelica assert failed at t=0.026166992: Error in \u001b[31m\u2502\u001b[0m function implementation."", ""tool_side"": false}",/data/mrumoca/eval/results_v3/aixlib/runtime_free.jsonl
aixlib,runtime-v3,AixLib.Utilities.Psychrometrics.SublimationPressureIce,0,simulation-failure,high,True,execution-not-completed,"{""failure_kind"": ""non-finite-value"", ""reason"": ""trace point(s)... \u001b[31m\u001b[0m simulation failed: non-finite (NaN) value computed for `pSat` @ Span \u001b[31m\u2502\u001b[0m { source: SourceId(6864857853148501475), start: BytePos(440), end: \u001b[31m\u2502\u001b[0m BytePos(482) }"", ""raw"": ""reading /tmp/tmpae59b6k8/traced.rbc (bitcode v2, cbor) holding 1 free input(s) constant at their start values: TSat=0 Simulating AixLib.Utilities.Psychrometrics.SublimationPressureIce to t=1 with 2 trace point(s)... \u001b[31m\u001b[0m simulation failed: non-finite (NaN) value computed for `pSat` @ Span \u001b[31m\u2502\u001b[0m { source: SourceId(6864857853148501475), start: BytePos(440), end: \u001b[31m\u2502\u001b[0m BytePos(482) }"", ""tool_side"": false}",/data/mrumoca/eval/results_v3/aixlib/runtime_free.jsonl
aixlib,runtime-v3,AixLib.Utilities.Psychrometrics.SaturationPressure,0,simulation-failure,high,True,execution-not-completed,"{""failure_kind"": ""non-finite-value"", ""reason"": ""trace point(s)... \u001b[31m\u001b[0m simulation failed: non-finite (NaN) value computed for `pSat` @ Span \u001b[31m\u2502\u001b[0m { source: SourceId(7978999235858359985), start: BytePos(436), end: \u001b[31m\u2502\u001b[0m BytePos(478) }"", ""raw"": ""reading /tmp/tmpygorc8vw/traced.rbc (bitcode v2, cbor) holding 1 free input(s) constant at their start values: TSat=0 Simulating AixLib.Utilities.Psychrometrics.SaturationPressure to t=1 with 2 trace point(s)... \u001b[31m\u001b[0m simulation failed: non-finite (NaN) value computed for `pSat` @ Span \u001b[31m\u2502\u001b[0m { source: SourceId(7978999235858359985), start: BytePos(436), end: \u001b[31m\u2502\u001b[0m BytePos(478) }"", ""tool_side"": false}",/data/mrumoca/eval/results_v3/aixlib/runtime_free.jsonl
aixlib,runtime-v3,AixLib.Utilities.Psychrometrics.SaturationPressureLiquid,0,extreme-magnitude,medium,True,hold-input-contract-validation,"{""variable"": ""pSat"", ""value"": 1.5060998651020869e+60, ""anchor_quality"": ""canonical""}",/data/mrumoca/eval/results_v3/aixlib/runtime_free.jsonl
aixlib,runtime-v3,AixLib.Utilities.Psychrometrics.X_pW,0,network-boundary-port,low,True,hold-input-contract-validation,"{""node"": ""p_in -- p_in_internal"", ""boundary_connectors"": ""p_in, p_in_internal"", ""wired_to"": ""nothing"", ""note"": ""this connector belongs to the model itself, not to a component inside it: the model is an interface compiled on its own, so the node is open on one side. Nothing forces its flow, which is why a structural matching reports an unmatched unknown here. Not a defect in the model""}",/data/mrumoca/eval/results_v3/aixlib/runtime_free.jsonl
aixlib,runtime-v3,AixLib.Utilities.Psychrometrics.X_pW,1,network-observation-incomplete,info,True,hold-input-contract-validation,"{""reason"": ""missing or unsynchronized connector member observations"", ""note"": ""coverage gap, not a model defect""}",/data/mrumoca/eval/results_v3/aixlib/runtime_free.jsonl
aixlib,runtime-v3,AixLib.Utilities.Psychrometrics.X_pW,2,below-min,medium,True,hold-input-contract-validation,"{""variable"": ""X_w"", ""bound"": ""min"", ""limit"": 0, ""value"": -1.6453626792233214, ""excess"": 1.6453626792233214, ""anchor_quality"": ""canonical""}",/data/mrumoca/eval/results_v3/aixlib/runtime_free.jsonl
aixlib,runtime-v3,AixLib.Utilities.Psychrometrics.X_pW,3,below-min,medium,True,hold-input-contract-validation,"{""variable"": ""x_w"", ""bound"": ""min"", ""limit"": 0, ""value"": -0.62198, ""excess"": 0.62198, ""anchor_quality"": ""canonical""}",/data/mrumoca/eval/results_v3/aixlib/runtime_free.jsonl
aixlib,runtime-v3,AixLib.Utilities.Psychrometrics.pW_X,0,network-boundary-port,low,True,hold-input-contract-validation,"{""node"": ""p_in -- p_in_internal"", ""boundary_connectors"": ""p_in, p_in_internal"", ""wired_to"": ""nothing"", ""note"": ""this connector belongs to the model itself, not to a component inside it: the model is an interface compiled on its own, so the node is open on one side. Nothing forces its flow, which is why a structural matching reports an unmatched unknown here. Not a defect in the model""}",/data/mrumoca/eval/results_v3/aixlib/runtime_free.jsonl
aixlib,runtime-v3,AixLib.Utilities.Psychrometrics.pW_X,1,network-observation-incomplete,info,True,hold-input-contract-validation,"{""reason"": ""missing or unsynchronized connector member observations"", ""note"": ""coverage gap, not a model defect""}",/data/mrumoca/eval/results_v3/aixlib/runtime_free.jsonl
aixlib,runtime-v3,AixLib.Utilities.Psychrometrics.TDewPoi_pW,0,simulation-failure,high,True,execution-not-completed,"{""failure_kind"": ""nonlinear-solver-failure"", ""reason"": ""oordinate \u001b[31m\u2502\u001b[0m convergence: worst scaled residual row=0 target=T value=-2.951113e-54 \u001b[31m\u2502\u001b[0m ratio=9.365879e6 norm=2.951113e-54 row_scale=3.150919e-51 \u001b[31m\u2502\u001b[0m scaled_tolerance=3.150919e-61"", ""raw"": ""reading /tmp/tmp96q359y7/traced.rbc (bitcode v2, cbor) holding 1 free input(s) constant at their start values: p_w=0 Simulating AixLib.Utilities.Psychrometrics.TDewPoi_pW to t=1 with 2 trace point(s)... \u001b[31m\u001b[0m simulation failed: algebraic projection did not establish coordinate \u001b[31m\u2502\u001b[0m convergence: worst scaled residual row=0 target=T value=-2.951113e-54 \u001b[31m\u2502\u001b[0m ratio=9.365879e6 norm=2.95"", ""tool_side"": false}",/data/mrumoca/eval/results_v3/aixlib/runtime_free.jsonl
aixlib,runtime-v3,AixLib.Utilities.Sensors.ExergyMeter.HeatExergyMeter,0,network-boundary-port,low,True,execution-not-completed,"{""node"": ""heatFlowSensor.port_a -- port_a -- temperatureSensorConv.port"", ""boundary_connectors"": ""port_a"", ""wired_to"": ""heatFlowSensor.port_a, temperatureSensorConv.port"", ""note"": ""this connector belongs to the model itself, not to a component inside it: the model is an interface compiled on its own, so the node is open on one side. Nothing forces its flow, which is why a structural matching reports an unmatched unknown here. Not a defect in the model""}",/data/mrumoca/eval/results_v3/aixlib/runtime_free.jsonl
aixlib,runtime-v3,AixLib.Utilities.Sensors.ExergyMeter.HeatExergyMeter,1,network-boundary-port,low,True,execution-not-completed,"{""node"": ""heatFlowSensor.port_b -- port_b"", ""boundary_connectors"": ""port_b"", ""wired_to"": ""heatFlowSensor.port_b"", ""note"": ""this connector belongs to the model itself, not to a component inside it: the model is an interface compiled on its own, so the node is open on one side. Nothing forces its flow, which is why a structural matching reports an unmatched unknown here. Not a defect in the model""}",/data/mrumoca/eval/results_v3/aixlib/runtime_free.jsonl
aixlib,runtime-v3,AixLib.Utilities.Sensors.ExergyMeter.HeatExergyMeter,2,network-boundary-port,low,True,execution-not-completed,"{""node"": ""T_ref -- add -- const -- division -- exergyFlow -- heatFlowSensor -- limiter -- product -- temperatureSensorConv"", ""boundary_connectors"": ""T_ref, add, const, division, exergyFlow, heatFlowSensor, limiter, product, temperatureSensorConv"", ""wired_to"": ""nothing"", ""note"": ""this connector belongs to the model itself, not to a component inside it: the model is an interface compiled on its own, so the node is open on one side. Nothing forces its flow, which is why a structural matching reports an unmatched unknown here. Not a defect in the model""}",/data/mrumoca/eval/results_v3/aixlib/runtime_free.jsonl
aixlib,runtime-v3,AixLib.Utilities.Sensors.ExergyMeter.HeatExergyMeter,3,network-observation-incomplete,info,True,execution-not-completed,"{""reason"": ""missing or unsynchronized connector member observations"", ""note"": ""coverage gap, not a model defect""}",/data/mrumoca/eval/results_v3/aixlib/runtime_free.jsonl
aixlib,runtime-v3,AixLib.Utilities.Sensors.ExergyMeter.HeatExergyMeter,4,initialization-failure,high,True,execution-not-completed,"{""failure_kind"": ""singular-system"", ""reason"": ""Meter.HeatExergyMeter to t=1 with 27 trace point(s)... \u001b[31m\u001b[0m simulation failed: DAE structural proof failed: structurally singular \u001b[31m\u2502\u001b[0m system: 25 matched out of 26 equations and 26 unknowns"", ""raw"": ""reading /tmp/tmp_g5w9sjk/traced.rbc (bitcode v2, cbor) holding 1 free input(s) constant at their start values: T_ref=0 Simulating AixLib.Utilities.Sensors.ExergyMeter.HeatExergyMeter to t=1 with 27 trace point(s)... \u001b[31m\u001b[0m simulation failed: DAE structural proof failed: structurally singular \u001b[31m\u2502\u001b[0m system: 25 matched out of 26 equations and 26 unknowns"", ""tool_side"": false}",/data/mrumoca/eval/results_v3/aixlib/runtime_free.jsonl
aixlib,runtime-v3,AixLib.Utilities.Sources.HourOfDay,0,network-boundary-port,low,False,standalone-topology-not-defect-proof,"{""node"": ""SOY -- clock"", ""boundary_connectors"": ""SOY, clock"", ""wired_to"": ""nothing"", ""note"": ""this connector belongs to the model itself, not to a component inside it: the model is an interface compiled on its own, so the node is open on one side. Nothing forces its flow, which is why a structural matching reports an unmatched unknown here. Not a defect in the model""}",/data/mrumoca/eval/results_v3/aixlib/runtime_free.jsonl
aixlib,runtime-v3,AixLib.Utilities.Sources.NightMode,0,network-boundary-port,low,False,standalone-topology-not-defect-proof,"{""node"": ""IsNight -- SwitchToNightMode -- greaterThreshold -- hourOfDay -- hourOfDay.clock -- lessEqualThreshold"", ""boundary_connectors"": ""IsNight, SwitchToNightMode, greaterThreshold, hourOfDay, lessEqualThreshold"", ""wired_to"": ""hourOfDay.clock"", ""note"": ""this connector belongs to the model itself, not to a component inside it: the model is an interface compiled on its own, so the node is open on one side. Nothing forces its flow, which is why a structural matching reports an unmatched unknown here. Not a defect in the model""}",/data/mrumoca/eval/results_v3/aixlib/runtime_free.jsonl
aixlib,runtime-v3,AixLib.Utilities.Sources.HeaterCooler.HeaterCoolerPI,0,network-boundary-port,low,True,hold-input-contract-validation,"{""node"": ""Cooling.port -- Heating.port -- heatCoolRoom -- pITempCool.heatPort -- pITempCool.temperatureSensor.port -- pITempHeat.heatPort -- pITempHeat.temperatureSensor.port"", ""boundary_connectors"": ""heatCoolRoom"", ""wired_to"": ""Cooling.port, Heating.port, pITempCool.heatPort, pITempCool.temperatureSensor.port, pITempHeat.heatPort, pITempHeat.temperatureSensor.port"", ""note"": ""this connector belongs to the model itself, not to a component inside it: the model is an interface compiled on its own, so the node is open on one side. Nothing forces its flow, which is why a structural matching reports an unmatched unknown here. Not a defect in the model""}",/data/mrumoca/eval/results_v3/aixlib/runtime_free.jsonl
aixlib,runtime-v3,AixLib.Utilities.Sources.HeaterCooler.HeaterCoolerPI,1,network-boundary-port,low,True,hold-input-contract-validation,"{""node"": ""Cooling -- booleanExpressionCooler -- coolingPower -- pITempCool -- pITempCool.PI -- pITempCool.PI.Dzero -- pITempCool.PI.FFzero -- pITempCool.PI.I -- pITempCool.PI.P -- pITempCool.PI.addFF -- pITempCool.PI.addI -- pITempCool.PI.addP -- pITempCool.PI.addPID -- pITempCool.PI.addSat -- pITempCool.PI.gainPID -- pITempCool.PI.gainTrack -- pITempCool.PI.limiter -- pITempCool.product -- pITempCool.switch1 -- pITempCool.switch2 -- pITempCool.temperatureSensor -- pITempCool.triggeredTrapezoid -- setPointCool"", ""boundary_connectors"": ""Cooling, booleanExpressionCooler, coolingPower, pITempCool, setPointCool"", ""wired_to"": ""pITempCool.PI, pITempCool.PI.Dzero, pITempCool.PI.FFzero, pITempCool.PI.I, pITempCool.PI.P, pITempCool.PI.addFF, pITempCool.PI.addI, pITempCool.PI.addP, pITempCool.PI.addPID, pITempCool.PI.addSat, pITempCool.PI.gainPID, pITempCool.PI.gainTrack, pITempCool.PI.limiter, pITempCool.product, pITempCool.switch1, pITempCool.switch2, pITempCool.temperatureSensor, pITempCool.triggeredTrapezoid"", ""note"": ""this connector belongs to the model itself, not to a component inside it: the model is an interface compiled on its own, so the node is open on one side. Nothing forces its flow, which is why a structural matching reports an unmatched unknown here. Not a defect in the model""}",/data/mrumoca/eval/results_v3/aixlib/runtime_free.jsonl
aixlib,runtime-v3,AixLib.Utilities.Sources.HeaterCooler.HeaterCoolerPI,2,network-boundary-port,low,True,hold-input-contract-validation,"{""node"": ""Heating -- booleanExpressionHeater -- heatingPower -- pITempHeat -- pITempHeat.PI -- pITempHeat.PI.Dzero -- pITempHeat.PI.FFzero -- pITempHeat.PI.I -- pITempHeat.PI.P -- pITempHeat.PI.addFF -- pITempHeat.PI.addI -- pITempHeat.PI.addP -- pITempHeat.PI.addPID -- pITempHeat.PI.addSat -- pITempHeat.PI.gainPID -- pITempHeat.PI.gainTrack -- pITempHeat.PI.limiter -- pITempHeat.product -- pITempHeat.switch1 -- pITempHeat.switch2 -- pITempHeat.temperatureSensor -- pITempHeat.triggeredTrapezoid -- setPointHeat"", ""boundary_connectors"": ""Heating, booleanExpressionHeater, heatingPower, pITempHeat, setPointHeat"", ""wired_to"": ""pITempHeat.PI, pITempHeat.PI.Dzero, pITempHeat.PI.FFzero, pITempHeat.PI.I, pITempHeat.PI.P, pITempHeat.PI.addFF, pITempHeat.PI.addI, pITempHeat.PI.addP, pITempHeat.PI.addPID, pITempHeat.PI.addSat, pITempHeat.PI.gainPID, pITempHeat.PI.gainTrack, pITempHeat.PI.limiter, pITempHeat.product, pITempHeat.switch1, pITempHeat.switch2, pITempHeat.temperatureSensor, pITempHeat.triggeredTrapezoid"", ""note"": ""this connector belongs to the model itself, not to a component inside it: the model is an interface compiled on its own, so the node is open on one side. Nothing forces its flow, which is why a structural matching reports an unmatched unknown here. Not a defect in the model""}",/data/mrumoca/eval/results_v3/aixlib/runtime_free.jsonl
aixlib,runtime-v3,AixLib.Utilities.Sources.HeaterCooler.HeaterCoolerPI,3,physical-intent-question,low,True,hold-input-contract-validation,"{""domain"": ""fluid"", ""rule"": ""fluid.area.positive"", ""rule_origin"": ""a flow cross-section is a divisor in every velocity relation; zero area admits no flow and divides by zero"", ""rule_reference"": """", ""matched_by"": {""quantity"": ""Area"", ""unit"": ""m2"", ""confidence"": ""QUANTITY_AND_UNIT"", ""premise_state"": ""unknown"", ""authority"": ""quantity_or_unit"", ""canonical_declaration"": ""AixLib.DataBase.ThermalZones.ZoneBaseRecord.AZone""}, ""required"": ""zoneParam.AZone > 0"", ""declared_min"": null, ""variable_role"": ""parameter"", ""observation"": ""permissive-declaration"", ""premise_state"": ""unknown"", ""authority"": ""quantity_or_unit"", ""canonical_declaration"": ""AixLib.DataBase.ThermalZones.ZoneBaseRecord.AZone"", ""question"": ""`zoneParam.AZone` carries no bound that would exclude it, which is unusual for an area \u2014 but nothing declares what this component is, so the analyzer cannot tell whether it is intended. Is it? If so, declare it: add a component contract, or a `[[contracts]]` entry naming the intended `sign_domain`. If not, bound the declaration.""}",/data/mrumoca/eval/results_v3/aixlib/runtime_free.jsonl
aixlib,runtime-v3,AixLib.Utilities.Sources.HeaterCooler.HeaterCoolerPI,4,physical-intent-question,low,True,hold-input-contract-validation,"{""domain"": ""thermal"", ""rule"": ""thermal.conductance.positive"", ""rule_origin"": ""heat flows from hot to cold; G <= 0 reverses the second law"", ""rule_reference"": """", ""matched_by"": {""quantity"": ""ThermalConductance"", ""unit"": ""W/K"", ""confidence"": ""QUANTITY_AND_UNIT"", ""premise_state"": ""unknown"", ""authority"": ""quantity_or_unit"", ""canonical_declaration"": ""AixLib.DataBase.ThermalZones.ZoneBaseRecord.heaLoadFacOut""}, ""required"": ""zoneParam.heaLoadFacOut > 0"", ""declared_min"": null, ""variable_role"": ""parameter"", ""observation"": ""permissive-declaration"", ""premise_state"": ""unknown"", ""authority"": ""quantity_or_unit"", ""canonical_declaration"": ""AixLib.DataBase.ThermalZones.ZoneBaseRecord.heaLoadFacOut"", ""question"": ""`zoneParam.heaLoadFacOut` carries no bound that would exclude it, which is unusual for a thermal conductance \u2014 but nothing declares what this component is, so the analyzer cannot tell whether it is intended. Is it? If so, declare it: add a component contract, or a `[[contracts]]` entry naming the intended `sign_domain`. If not, bound the declaration.""}",/data/mrumoca/eval/results_v3/aixlib/runtime_free.jsonl
aixlib,runtime-v3,AixLib.Utilities.Sources.HeaterCooler.HeaterCoolerPI,5,physical-intent-question,low,True,hold-input-contract-validation,"{""domain"": ""thermal"", ""rule"": ""thermal.conductance.positive"", ""rule_origin"": ""heat flows from hot to cold; G <= 0 reverses the second law"", ""rule_reference"": """", ""matched_by"": {""quantity"": ""ThermalConductance"", ""unit"": ""W/K"", ""confidence"": ""QUANTITY_AND_UNIT"", ""premise_state"": ""unknown"", ""authority"": ""quantity_or_unit"", ""canonical_declaration"": ""AixLib.DataBase.ThermalZones.ZoneBaseRecord.heaLoadFacGrd""}, ""required"": ""zoneParam.heaLoadFacGrd > 0"", ""declared_min"": null, ""variable_role"": ""parameter"", ""observation"": ""permissive-declaration"", ""premise_state"": ""unknown"", ""authority"": ""quantity_or_unit"", ""canonical_declaration"": ""AixLib.DataBase.ThermalZones.ZoneBaseRecord.heaLoadFacGrd"", ""question"": ""`zoneParam.heaLoadFacGrd` carries no bound that would exclude it, which is unusual for a thermal conductance \u2014 but nothing declares what this component is, so the analyzer cannot tell whether it is intended. Is it? If so, declare it: add a component contract, or a `[[contracts]]` entry naming the intended `sign_domain`. If not, bound the declaration.""}",/data/mrumoca/eval/results_v3/aixlib/runtime_free.jsonl
aixlib,runtime-v3,AixLib.Utilities.Sources.HeaterCooler.HeaterCoolerPI,6,physical-intent-question,low,True,hold-input-contract-validation,"{""domain"": ""fluid"", ""rule"": ""fluid.area.positive"", ""rule_origin"": ""a flow cross-section is a divisor in every velocity relation; zero area admits no flow and divides by zero"", ""rule_reference"": """", ""matched_by"": {""quantity"": ""Area"", ""unit"": ""m2"", ""confidence"": ""QUANTITY_AND_UNIT"", ""premise_state"": ""unknown"", ""authority"": ""quantity_or_unit"", ""canonical_declaration"": ""AixLib.DataBase.ThermalZones.ZoneBaseRecord.AWin""}, ""required"": ""zoneParam.AWin > 0"", ""declared_min"": null, ""variable_role"": ""parameter"", ""observation"": ""permissive-declaration"", ""premise_state"": ""unknown"", ""authority"": ""quantity_or_unit"", ""canonical_declaration"": ""AixLib.DataBase.ThermalZones.ZoneBaseRecord.AWin"", ""question"": ""`zoneParam.AWin` carries no bound that would exclude it, which is unusual for an area \u2014 but nothing declares what this component is, so the analyzer cannot tell whether it is intended. Is it? If so, declare it: add a component contract, or a `[[contracts]]` entry naming the intended `sign_domain`. If not, bound the declaration.""}",/data/mrumoca/eval/results_v3/aixlib/runtime_free.jsonl
aixlib,runtime-v3,AixLib.Utilities.Sources.HeaterCooler.HeaterCoolerPI,7,physical-intent-question,low,True,hold-input-contract-validation,"{""domain"": ""fluid"", ""rule"": ""fluid.area.positive"", ""rule_origin"": ""a flow cross-section is a divisor in every velocity relation; zero area admits no flow and divides by zero"", ""rule_reference"": """", ""matched_by"": {""quantity"": ""Area"", ""unit"": ""m2"", ""confidence"": ""QUANTITY_AND_UNIT"", ""premise_state"": ""unknown"", ""authority"": ""quantity_or_unit"", ""canonical_declaration"": ""AixLib.DataBase.ThermalZones.ZoneBaseRecord.ATransparent""}, ""required"": ""zoneParam.ATransparent > 0"", ""declared_min"": null, ""variable_role"": ""parameter"", ""observation"": ""permissive-declaration"", ""premise_state"": ""unknown"", ""authority"": ""quantity_or_unit"", ""canonical_declaration"": ""AixLib.DataBase.ThermalZones.ZoneBaseRecord.ATransparent"", ""question"": ""`zoneParam.ATransparent` carries no bound that would exclude it, which is unusual for an area \u2014 but nothing declares what this component is, so the analyzer cannot tell whether it is intended. Is it? If so, declare it: add a component contract, or a `[[contracts]]` entry naming the intended `sign_domain`. If not, bound the declaration.""}",/data/mrumoca/eval/results_v3/aixlib/runtime_free.jsonl
aixlib,runtime-v3,AixLib.Utilities.Sources.HeaterCooler.HeaterCoolerPI,8,physical-intent-question,low,True,hold-input-contract-validation,"{""domain"": ""fluid"", ""rule"": ""fluid.area.positive"", ""rule_origin"": ""a flow cross-section is a divisor in every velocity relation; zero area admits no flow and divides by zero"", ""rule_reference"": """", ""matched_by"": {""quantity"": ""Area"", ""unit"": ""m2"", ""confidence"": ""QUANTITY_AND_UNIT"", ""premise_state"": ""unknown"", ""authority"": ""quantity_or_unit"", ""canonical_declaration"": ""AixLib.DataBase.ThermalZones.ZoneBaseRecord.AExt""}, ""required"": ""zoneParam.AExt > 0"", ""declared_min"": null, ""variable_role"": ""parameter"", ""observation"": ""permissive-declaration"", ""premise_state"": ""unknown"", ""authority"": ""quantity_or_unit"", ""canonical_declaration"": ""AixLib.DataBase.ThermalZones.ZoneBaseRecord.AExt"", ""question"": ""`zoneParam.AExt` carries no bound that would exclude it, which is unusual for an area \u2014 but nothing declares what this component is, so the analyzer cannot tell whether it is intended. Is it? If so, declare it: add a component contract, or a `[[contracts]]` entry naming the intended `sign_domain`. If not, bound the declaration.""}",/data/mrumoca/eval/results_v3/aixlib/runtime_free.jsonl
aixlib,runtime-v3,AixLib.Utilities.Sources.HeaterCooler.HeaterCoolerPI,9,physical-intent-question,low,True,hold-input-contract-validation,"{""domain"": ""thermal"", ""rule"": ""thermal.heat_capacity.positive"", ""rule_origin"": ""C*dT = dQ; a non-positive heat capacity makes a body cool when heated"", ""rule_reference"": """", ""matched_by"": {""quantity"": ""HeatCapacity"", ""unit"": ""J/K"", ""confidence"": ""QUANTITY_AND_UNIT"", ""premise_state"": ""unknown"", ""authority"": ""quantity_or_unit"", ""canonical_declaration"": ""AixLib.DataBase.ThermalZones.ZoneBaseRecord.CExt""}, ""required"": ""zoneParam.CExt > 0"", ""declared_min"": null, ""variable_role"": ""parameter"", ""observation"": ""permissive-declaration"", ""premise_state"": ""unknown"", ""authority"": ""quantity_or_unit"", ""canonical_declaration"": ""AixLib.DataBase.ThermalZones.ZoneBaseRecord.CExt"", ""question"": ""`zoneParam.CExt` carries no bound that would exclude it, which is unusual for a heat capacity \u2014 but nothing declares what this component is, so the analyzer cannot tell whether it is intended. Is it? If so, declare it: add a component contract, or a `[[contracts]]` entry naming the intended `sign_domain`. If not, bound the declaration.""}",/data/mrumoca/eval/results_v3/aixlib/runtime_free.jsonl
aixlib,runtime-v3,AixLib.Utilities.Sources.HeaterCooler.HeaterCoolerPI,10,physical-intent-question,low,True,hold-input-contract-validation,"{""domain"": ""fluid"", ""rule"": ""fluid.area.positive"", ""rule_origin"": ""a flow cross-section is a divisor in every velocity relation; zero area admits no flow and divides by zero"", ""rule_reference"": """", ""matched_by"": {""quantity"": ""Area"", ""unit"": ""m2"", ""confidence"": ""QUANTITY_AND_UNIT"", ""premise_state"": ""unknown"", ""authority"": ""quantity_or_unit"", ""canonical_declaration"": ""AixLib.DataBase.ThermalZones.ZoneBaseRecord.AInt""}, ""required"": ""zoneParam.AInt > 0"", ""declared_min"": null, ""variable_role"": ""parameter"", ""observation"": ""permissive-declaration"", ""premise_state"": ""unknown"", ""authority"": ""quantity_or_unit"", ""canonical_declaration"": ""AixLib.DataBase.ThermalZones.ZoneBaseRecord.AInt"", ""question"": ""`zoneParam.AInt` carries no bound that would exclude it, which is unusual for an area \u2014 but nothing declares what this component is, so the analyzer cannot tell whether it is intended. Is it? If so, declare it: add a component contract, or a `[[contracts]]` entry naming the intended `sign_domain`. If not, bound the declaration.""}",/data/mrumoca/eval/results_v3/aixlib/runtime_free.jsonl
aixlib,runtime-v3,AixLib.Utilities.Sources.HeaterCooler.HeaterCoolerPI,11,physical-intent-question,low,True,hold-input-contract-validation,"{""domain"": ""thermal"", ""rule"": ""thermal.heat_capacity.positive"", ""rule_origin"": ""C*dT = dQ; a non-positive heat capacity makes a body cool when heated"", ""rule_reference"": """", ""matched_by"": {""quantity"": ""HeatCapacity"", ""unit"": ""J/K"", ""confidence"": ""QUANTITY_AND_UNIT"", ""premise_state"": ""unknown"", ""authority"": ""quantity_or_unit"", ""canonical_declaration"": ""AixLib.DataBase.ThermalZones.ZoneBaseRecord.CInt""}, ""required"": ""zoneParam.CInt > 0"", ""declared_min"": null, ""variable_role"": ""parameter"", ""observation"": ""permissive-declaration"", ""premise_state"": ""unknown"", ""authority"": ""quantity_or_unit"", ""canonical_declaration"": ""AixLib.DataBase.ThermalZones.ZoneBaseRecord.CInt"", ""question"": ""`zoneParam.CInt` carries no bound that would exclude it, which is unusual for a heat capacity \u2014 but nothing declares what this component is, so the analyzer cannot tell whether it is intended. Is it? If so, declare it: add a component contract, or a `[[contracts]]` entry naming the intended `sign_domain`. If not, bound the declaration.""}",/data/mrumoca/eval/results_v3/aixlib/runtime_free.jsonl
aixlib,runtime-v3,AixLib.Utilities.Sources.HeaterCooler.HeaterCoolerPI,12,physical-intent-question,low,True,hold-input-contract-validation,"{""domain"": ""fluid"", ""rule"": ""fluid.area.positive"", ""rule_origin"": ""a flow cross-section is a divisor in every velocity relation; zero area admits no flow and divides by zero"", ""rule_reference"": """", ""matched_by"": {""quantity"": ""Area"", ""unit"": ""m2"", ""confidence"": ""QUANTITY_AND_UNIT"", ""premise_state"": ""unknown"", ""authority"": ""quantity_or_unit"", ""canonical_declaration"": ""AixLib.DataBase.ThermalZones.ZoneBaseRecord.AFloor""}, ""required"": ""zoneParam.AFloor > 0"", ""declared_min"": null, ""variable_role"": ""parameter"", ""observation"": ""permissive-declaration"", ""premise_state"": ""unknown"", ""authority"": ""quantity_or_unit"", ""canonical_declaration"": ""AixLib.DataBase.ThermalZones.ZoneBaseRecord.AFloor"", ""question"": ""`zoneParam.AFloor` carries no bound that would exclude it, which is unusual for an area \u2014 but nothing declares what this component is, so the analyzer cannot tell whether it is intended. Is it? If so, declare it: add a component contract, or a `[[contracts]]` entry naming the intended `sign_domain`. If not, bound the declaration.""}",/data/mrumoca/eval/results_v3/aixlib/runtime_free.jsonl
aixlib,runtime-v3,AixLib.Utilities.Sources.HeaterCooler.HeaterCoolerPI,13,physical-intent-question,low,True,hold-input-contract-validation,"{""domain"": ""thermal"", ""rule"": ""thermal.heat_capacity.positive"", ""rule_origin"": ""C*dT = dQ; a non-positive heat capacity makes a body cool when heated"", ""rule_reference"": """", ""matched_by"": {""quantity"": ""HeatCapacity"", ""unit"": ""J/K"", ""confidence"": ""QUANTITY_AND_UNIT"", ""premise_state"": ""unknown"", ""authority"": ""quantity_or_unit"", ""canonical_declaration"": ""AixLib.DataBase.ThermalZones.ZoneBaseRecord.CFloor""}, ""required"": ""zoneParam.CFloor > 0"", ""declared_min"": null, ""variable_role"": ""parameter"", ""observation"": ""permissive-declaration"", ""premise_state"": ""unknown"", ""authority"": ""quantity_or_unit"", ""canonical_declaration"": ""AixLib.DataBase.ThermalZones.ZoneBaseRecord.CFloor"", ""question"": ""`zoneParam.CFloor` carries no bound that would exclude it, which is unusual for a heat capacity \u2014 but nothing declares what this component is, so the analyzer cannot tell whether it is intended. Is it? If so, declare it: add a component contract, or a `[[contracts]]` entry naming the intended `sign_domain`. If not, bound the declaration.""}",/data/mrumoca/eval/results_v3/aixlib/runtime_free.jsonl
aixlib,runtime-v3,AixLib.Utilities.Sources.HeaterCooler.HeaterCoolerPI,14,physical-intent-question,low,True,hold-input-contract-validation,"{""domain"": ""fluid"", ""rule"": ""fluid.area.positive"", ""rule_origin"": ""a flow cross-section is a divisor in every velocity relation; zero area admits no flow and divides by zero"", ""rule_reference"": """", ""matched_by"": {""quantity"": ""Area"", ""unit"": ""m2"", ""confidence"": ""QUANTITY_AND_UNIT"", ""premise_state"": ""unknown"", ""authority"": ""quantity_or_unit"", ""canonical_declaration"": ""AixLib.DataBase.ThermalZones.ZoneBaseRecord.ARoof""}, ""required"": ""zoneParam.ARoof > 0"", ""declared_min"": null, ""variable_role"": ""parameter"", ""observation"": ""permissive-declaration"", ""premise_state"": ""unknown"", ""authority"": ""quantity_or_unit"", ""canonical_declaration"": ""AixLib.DataBase.ThermalZones.ZoneBaseRecord.ARoof"", ""question"": ""`zoneParam.ARoof` carries no bound that would exclude it, which is unusual for an area \u2014 but nothing declares what this component is, so the analyzer cannot tell whether it is intended. Is it? If so, declare it: add a component contract, or a `[[contracts]]` entry naming the intended `sign_domain`. If not, bound the declaration.""}",/data/mrumoca/eval/results_v3/aixlib/runtime_free.jsonl
aixlib,runtime-v3,AixLib.Utilities.Sources.HeaterCooler.HeaterCoolerPI,15,physical-intent-question,low,True,hold-input-contract-validation,"{""domain"": ""thermal"", ""rule"": ""thermal.heat_capacity.positive"", ""rule_origin"": ""C*dT = dQ; a non-positive heat capacity makes a body cool when heated"", ""rule_reference"": """", ""matched_by"": {""quantity"": ""HeatCapacity"", ""unit"": ""J/K"", ""confidence"": ""QUANTITY_AND_UNIT"", ""premise_state"": ""unknown"", ""authority"": ""quantity_or_unit"", ""canonical_declaration"": ""AixLib.DataBase.ThermalZones.ZoneBaseRecord.CRoof""}, ""required"": ""zoneParam.CRoof > 0"", ""declared_min"": null, ""variable_role"": ""parameter"", ""observation"": ""permissive-declaration"", ""premise_state"": ""unknown"", ""authority"": ""quantity_or_unit"", ""canonical_declaration"": ""AixLib.DataBase.ThermalZones.ZoneBaseRecord.CRoof"", ""question"": ""`zoneParam.CRoof` carries no bound that would exclude it, which is unusual for a heat capacity \u2014 but nothing declares what this component is, so the analyzer cannot tell whether it is intended. Is it? If so, declare it: add a component contract, or a `[[contracts]]` entry naming the intended `sign_domain`. If not, bound the declaration.""}",/data/mrumoca/eval/results_v3/aixlib/runtime_free.jsonl
aixlib,runtime-v3,AixLib.Utilities.Sources.HeaterCooler.HeaterCoolerPI,16,physical-intent-question,low,True,hold-input-contract-validation,"{""domain"": ""fluid"", ""rule"": ""fluid.area.positive"", ""rule_origin"": ""a flow cross-section is a divisor in every velocity relation; zero area admits no flow and divides by zero"", ""rule_reference"": """", ""matched_by"": {""quantity"": ""Area"", ""unit"": ""m2"", ""confidence"": ""QUANTITY_AND_UNIT"", ""premise_state"": ""unknown"", ""authority"": ""quantity_or_unit"", ""canonical_declaration"": ""AixLib.DataBase.ThermalZones.ZoneBaseRecord.AIze""}, ""required"": ""zoneParam.AIze > 0"", ""declared_min"": null, ""variable_role"": ""parameter"", ""observation"": ""permissive-declaration"", ""premise_state"": ""unknown"", ""authority"": ""quantity_or_unit"", ""canonical_declaration"": ""AixLib.DataBase.ThermalZones.ZoneBaseRecord.AIze"", ""question"": ""`zoneParam.AIze` carries no bound that would exclude it, which is unusual for an area \u2014 but nothing declares what this component is, so the analyzer cannot tell whether it is intended. Is it? If so, declare it: add a component contract, or a `[[contracts]]` entry naming the intended `sign_domain`. If not, bound the declaration.""}",/data/mrumoca/eval/results_v3/aixlib/runtime_free.jsonl
aixlib,runtime-v3,AixLib.Utilities.Sources.HeaterCooler.HeaterCoolerPI,17,physical-intent-question,low,True,hold-input-contract-validation,"{""domain"": ""thermal"", ""rule"": ""thermal.heat_capacity.positive"", ""rule_origin"": ""C*dT = dQ; a non-positive heat capacity makes a body cool when heated"", ""rule_reference"": """", ""matched_by"": {""quantity"": ""HeatCapacity"", ""unit"": ""J/K"", ""confidence"": ""QUANTITY_AND_UNIT"", ""premise_state"": ""unknown"", ""authority"": ""quantity_or_unit"", ""canonical_declaration"": ""AixLib.DataBase.ThermalZones.ZoneBaseRecord.CIze""}, ""required"": ""zoneParam.CIze > 0"", ""declared_min"": null, ""variable_role"": ""parameter"", ""observation"": ""permissive-declaration"", ""premise_state"": ""unknown"", ""authority"": ""quantity_or_unit"", ""canonical_declaration"": ""AixLib.DataBase.ThermalZones.ZoneBaseRecord.CIze"", ""question"": ""`zoneParam.CIze` carries no bound that would exclude it, which is unusual for a heat capacity \u2014 but nothing declares what this component is, so the analyzer cannot tell whether it is intended. Is it? If so, declare it: add a component contract, or a `[[contracts]]` entry naming the intended `sign_domain`. If not, bound the declaration.""}",/data/mrumoca/eval/results_v3/aixlib/runtime_free.jsonl
