library,phase,model,ordinal,kind,severity,held_inputs,route,evidence,source
transform,runtime-v3,TRANSFORM.Blocks.Examples.LatchHold_Test,0,network-boundary-port,low,False,standalone-topology-not-defect-proof,"{""node"": ""booleanPulse -- latch -- ramp"", ""boundary_connectors"": ""booleanPulse, latch, ramp"", ""wired_to"": ""nothing"", ""note"": ""this connector belongs to the model itself, not to a component inside it: the model is an interface compiled on its own, so the node is open on one side. Nothing forces its flow, which is why a structural matching reports an unmatched unknown here. Not a defect in the model""}",/data/mrumoca/eval/results_v3/transform/runtime_free.jsonl
transform,runtime-v3,TRANSFORM.Blocks.Examples.LatchHold_Test,1,extreme-magnitude,medium,False,source-sentinel-or-protection-not-defect-proof,"{""variable"": ""unitTests.Error_rms"", ""value"": 1.7976931348623157e+308, ""anchor_quality"": ""canonical""}",/data/mrumoca/eval/results_v3/transform/runtime_free.jsonl
transform,runtime-v3,TRANSFORM.Blocks.Examples.ExponentialDecay_Test,0,extreme-magnitude,medium,False,source-sentinel-or-protection-not-defect-proof,"{""variable"": ""unitTests.Error_rms"", ""value"": 1.7976931348623157e+308, ""anchor_quality"": ""canonical""}",/data/mrumoca/eval/results_v3/transform/runtime_free.jsonl
transform,runtime-v3,TRANSFORM.Blocks.Examples.EasingRamp_Test,0,simulation-failure,high,False,execution-not-completed,"{""failure_kind"": ""nonlinear-solver-failure"", ""reason"": ""e projection did not satisfy the complete \u001b[31m\u2502\u001b[0m residual system: max selected residual row=5 original_row=5 target=P \u001b[31m\u2502\u001b[0m { index: 26, byte_offset: 208 } value=-1.250000e-1 norm=1.250000e-1"", ""raw"": ""reading /tmp/tmpsk22lu8e/traced.rbc (bitcode v2, cbor) Simulating TRANSFORM.Blocks.Examples.EasingRamp_Test to t=1 with 10 trace point(s)... \u001b[31m\u001b[0m simulation failed: initial variable projection did not satisfy the complete \u001b[31m\u2502\u001b[0m residual system: max selected residual row=5 original_row=5 target=P \u001b[31m\u2502\u001b[0m { index: 26, byte_offset: 208 } value=-1.250000e-1 norm=1.250000e-1"", ""tool_side"": false}",/data/mrumoca/eval/results_v3/transform/runtime_free.jsonl
transform,runtime-v3,TRANSFORM.Blocks.Examples.OffTimer,0,network-boundary-port,low,False,standalone-topology-not-defect-proof,"{""node"": ""booleanPulse -- not1 -- offTim1 -- offTim2"", ""boundary_connectors"": ""booleanPulse, not1, offTim1, offTim2"", ""wired_to"": ""nothing"", ""note"": ""this connector belongs to the model itself, not to a component inside it: the model is an interface compiled on its own, so the node is open on one side. Nothing forces its flow, which is why a structural matching reports an unmatched unknown here. Not a defect in the model""}",/data/mrumoca/eval/results_v3/transform/runtime_free.jsonl
transform,runtime-v3,TRANSFORM.Blocks.Examples.OffTimer,1,extreme-magnitude,medium,False,source-sentinel-or-protection-not-defect-proof,"{""variable"": ""unitTests.Error_rms"", ""value"": 1.7976931348623157e+308, ""anchor_quality"": ""canonical""}",/data/mrumoca/eval/results_v3/transform/runtime_free.jsonl
transform,runtime-v3,TRANSFORM.Blocks.Examples.Latch_Test,0,network-boundary-port,low,False,standalone-topology-not-defect-proof,"{""node"": ""booleanPulse -- booleanToReal -- latch"", ""boundary_connectors"": ""booleanPulse, booleanToReal, latch"", ""wired_to"": ""nothing"", ""note"": ""this connector belongs to the model itself, not to a component inside it: the model is an interface compiled on its own, so the node is open on one side. Nothing forces its flow, which is why a structural matching reports an unmatched unknown here. Not a defect in the model""}",/data/mrumoca/eval/results_v3/transform/runtime_free.jsonl
transform,runtime-v3,TRANSFORM.Blocks.Examples.Latch_Test,1,extreme-magnitude,medium,False,source-sentinel-or-protection-not-defect-proof,"{""variable"": ""unitTests.Error_rms"", ""value"": 1.7976931348623157e+308, ""anchor_quality"": ""canonical""}",/data/mrumoca/eval/results_v3/transform/runtime_free.jsonl
transform,runtime-v3,TRANSFORM.Blocks.Examples.SwitchHold_Test,0,network-boundary-port,low,False,standalone-topology-not-defect-proof,"{""node"": ""booleanPulse -- ramp -- sine -- switch"", ""boundary_connectors"": ""booleanPulse, ramp, sine, switch"", ""wired_to"": ""nothing"", ""note"": ""this connector belongs to the model itself, not to a component inside it: the model is an interface compiled on its own, so the node is open on one side. Nothing forces its flow, which is why a structural matching reports an unmatched unknown here. Not a defect in the model""}",/data/mrumoca/eval/results_v3/transform/runtime_free.jsonl
transform,runtime-v3,TRANSFORM.Blocks.Examples.SwitchHold_Test,1,extreme-magnitude,medium,False,source-sentinel-or-protection-not-defect-proof,"{""variable"": ""unitTests.Error_rms"", ""value"": 1.7976931348623157e+308, ""anchor_quality"": ""canonical""}",/data/mrumoca/eval/results_v3/transform/runtime_free.jsonl
transform,runtime-v3,TRANSFORM.Controls.FeedForward.getOpening_ValveIncompressible,0,physical-bound-permits-zero,low,True,hold-input-contract-validation,"{""domain"": ""fluid"", ""rule"": ""fluid.density.positive"", ""rule_origin"": ""mass per volume of a real fluid; density appears as a divisor throughout the Fluid library"", ""rule_reference"": """", ""matched_by"": {""quantity"": ""Density"", ""unit"": ""kg/m3"", ""confidence"": ""QUANTITY_AND_UNIT"", ""premise_state"": ""unknown"", ""authority"": ""quantity_or_unit"", ""canonical_declaration"": ""TRANSFORM.Controls.FeedForward.getOpening_ValveIncompressible.d_nom""}, ""required"": ""d_nom > 0"", ""declared_min"": 0.0, ""variable_role"": ""parameter"", ""premise_state"": ""established"", ""authority"": ""source_arithmetic"", ""canonical_declaration"": ""TRANSFORM.Controls.FeedForward.getOpening_ValveIncompressible.d_nom"", ""contract_source"": ""equation"", ""premise_reason"": ""a source equation divides by this parameter, so the value is excluded by arithmetic rather than by intent"", ""note"": ""the declaration explicitly permits zero (`min=0`); whether zero is actually admissible needs execution, and for Mass/Inertia it is not""}",/data/mrumoca/eval/results_v3/transform/runtime_free.jsonl
transform,runtime-v3,TRANSFORM.Controls.FeedForward.getOpening_ValveIncompressible,1,physical-runtime-invariant-unobserved,low,True,hold-input-contract-validation,"{""domain"": ""fluid"", ""rule"": ""fluid.density.positive"", ""rule_origin"": ""mass per volume of a real fluid; density appears as a divisor throughout the Fluid library"", ""rule_reference"": """", ""matched_by"": {""quantity"": ""Density"", ""unit"": ""kg/m3"", ""confidence"": ""QUANTITY_AND_UNIT"", ""premise_state"": ""unknown"", ""authority"": ""quantity_or_unit"", ""canonical_declaration"": ""TRANSFORM.Controls.FeedForward.getOpening_ValveIncompressible.d""}, ""required"": ""d > 0"", ""variable_role"": ""input"", ""note"": ""this is a runtime property of a input variable, not a declaration a user can bound; deciding it needs an observation""}",/data/mrumoca/eval/results_v3/transform/runtime_free.jsonl
transform,runtime-v3,TRANSFORM.Controls.PI_Control2,0,network-boundary-port,low,True,hold-input-contract-validation,"{""node"": ""I -- P -- add -- error -- gain_I -- gain_u_m -- gain_u_s -- null_bias -- u_m -- u_s -- y"", ""boundary_connectors"": ""I, P, add, error, gain_I, gain_u_m, gain_u_s, null_bias, u_m, u_s, y"", ""wired_to"": ""nothing"", ""note"": ""this connector belongs to the model itself, not to a component inside it: the model is an interface compiled on its own, so the node is open on one side. Nothing forces its flow, which is why a structural matching reports an unmatched unknown here. Not a defect in the model""}",/data/mrumoca/eval/results_v3/transform/runtime_free.jsonl
transform,runtime-v3,TRANSFORM.Controls.PID_Control2,0,network-boundary-port,low,True,hold-input-contract-validation,"{""node"": ""D -- I -- P -- add -- error -- gain_u_m -- gain_u_s -- null_bias -- u_m -- u_s -- y"", ""boundary_connectors"": ""D, I, P, add, error, gain_u_m, gain_u_s, null_bias, u_m, u_s, y"", ""wired_to"": ""nothing"", ""note"": ""this connector belongs to the model itself, not to a component inside it: the model is an interface compiled on its own, so the node is open on one side. Nothing forces its flow, which is why a structural matching reports an unmatched unknown here. Not a defect in the model""}",/data/mrumoca/eval/results_v3/transform/runtime_free.jsonl
transform,runtime-v3,TRANSFORM.Controls.LimPIDold,0,network-boundary-port,low,True,hold-input-contract-validation,"{""node"": ""D -- Fzero -- I -- P -- addD -- addFF -- addI -- addP -- addPID -- addSat -- derKick -- gainPID -- gainTrack -- gain_u_m -- gain_u_s -- limiter -- null_bias -- switch_derKick -- u_m -- u_s -- y"", ""boundary_connectors"": ""D, Fzero, I, P, addD, addFF, addI, addP, addPID, addSat, derKick, gainPID, gainTrack, gain_u_m, gain_u_s, limiter, null_bias, switch_derKick, u_m, u_s, y"", ""wired_to"": ""nothing"", ""note"": ""this connector belongs to the model itself, not to a component inside it: the model is an interface compiled on its own, so the node is open on one side. Nothing forces its flow, which is why a structural matching reports an unmatched unknown here. Not a defect in the model""}",/data/mrumoca/eval/results_v3/transform/runtime_free.jsonl
transform,runtime-v3,TRANSFORM.Controls.TankLevelControl,0,network-boundary-port,low,True,execution-not-completed,"{""node"": ""hysteresis -- switch -- y"", ""boundary_connectors"": ""hysteresis, switch, y"", ""wired_to"": ""nothing"", ""note"": ""this connector belongs to the model itself, not to a component inside it: the model is an interface compiled on its own, so the node is open on one side. Nothing forces its flow, which is why a structural matching reports an unmatched unknown here. Not a defect in the model""}",/data/mrumoca/eval/results_v3/transform/runtime_free.jsonl
transform,runtime-v3,TRANSFORM.Controls.TankLevelControl,1,network-observation-incomplete,info,True,execution-not-completed,"{""reason"": ""missing or unsynchronized connector member observations"", ""note"": ""coverage gap, not a model defect""}",/data/mrumoca/eval/results_v3/transform/runtime_free.jsonl
transform,runtime-v3,TRANSFORM.Controls.TankLevelControl,2,initialization-failure,high,True,execution-not-completed,"{""failure_kind"": ""unknown"", ""reason"": ""inRate_active=0 Simulating TRANSFORM.Controls.TankLevelControl to t=1 with 10 trace point(s)... \u001b[31m\u001b[0m simulation failed: parameter `level_max` has neither a binding nor an \u001b[31m\u2502\u001b[0m initial value"", ""raw"": ""reading /tmp/tmprjkeft_5/traced.rbc (bitcode v2, cbor) holding 2 free input(s) constant at their start values: level=0, drainRate_active=0 Simulating TRANSFORM.Controls.TankLevelControl to t=1 with 10 trace point(s)... \u001b[31m\u001b[0m simulation failed: parameter `level_max` has neither a binding nor an \u001b[31m\u2502\u001b[0m initial value"", ""tool_side"": false}",/data/mrumoca/eval/results_v3/transform/runtime_free.jsonl
transform,runtime-v3,TRANSFORM.Electrical.Grid,0,network-port-unconnected,low,False,execution-not-completed,"{""connector"": ""port"", ""component"": ""<top level>"", ""component_class"": ""unknown"", ""flows_forced_to_zero"": ""port.W"", ""note"": ""nothing is connected to this port, so MLS \u00a79.2 forces its flow to zero. That is correct for a component compiled on its own and is not a defect; it is recorded because it is the commonest reason a model looks structurally singular""}",/data/mrumoca/eval/results_v3/transform/runtime_free.jsonl
transform,runtime-v3,TRANSFORM.Electrical.Grid,1,network-component-isolated,low,False,execution-not-completed,"{""component"": ""<top level>"", ""component_class"": ""unknown"", ""ports"": ""port"", ""note"": ""every port of this instance is unconnected, so it exchanges nothing with the rest of the model while still contributing its equations""}",/data/mrumoca/eval/results_v3/transform/runtime_free.jsonl
transform,runtime-v3,TRANSFORM.Electrical.Grid,2,network-observation-incomplete,info,False,execution-not-completed,"{""reason"": ""missing or unsynchronized connector member observations"", ""note"": ""coverage gap, not a model defect""}",/data/mrumoca/eval/results_v3/transform/runtime_free.jsonl
transform,runtime-v3,TRANSFORM.Electrical.Grid,3,initialization-failure,high,False,execution-not-completed,"{""failure_kind"": ""unknown"", ""reason"": ""ced.rbc (bitcode v2, cbor) Simulating TRANSFORM.Electrical.Grid to t=1 with 2 trace point(s)... \u001b[31m\u001b[0m simulation failed: parameter `Q_nominal` has neither a binding nor an \u001b[31m\u2502\u001b[0m initial value"", ""raw"": ""reading /tmp/tmp5m44dox1/traced.rbc (bitcode v2, cbor) Simulating TRANSFORM.Electrical.Grid to t=1 with 2 trace point(s)... \u001b[31m\u001b[0m simulation failed: parameter `Q_nominal` has neither a binding nor an \u001b[31m\u2502\u001b[0m initial value"", ""tool_side"": false}",/data/mrumoca/eval/results_v3/transform/runtime_free.jsonl
transform,runtime-v3,TRANSFORM.Controls.P_Control2,0,network-boundary-port,low,True,hold-input-contract-validation,"{""node"": ""P -- add -- error -- gain_u_m -- gain_u_s -- null_bias -- u_m -- u_s -- y"", ""boundary_connectors"": ""P, add, error, gain_u_m, gain_u_s, null_bias, u_m, u_s, y"", ""wired_to"": ""nothing"", ""note"": ""this connector belongs to the model itself, not to a component inside it: the model is an interface compiled on its own, so the node is open on one side. Nothing forces its flow, which is why a structural matching reports an unmatched unknown here. Not a defect in the model""}",/data/mrumoca/eval/results_v3/transform/runtime_free.jsonl
transform,runtime-v3,TRANSFORM.Electrical.Batteries.SimpleBattery,0,network-port-unconnected,low,True,execution-not-completed,"{""connector"": ""port"", ""component"": ""<top level>"", ""component_class"": ""unknown"", ""flows_forced_to_zero"": ""port.W"", ""note"": ""nothing is connected to this port, so MLS \u00a79.2 forces its flow to zero. That is correct for a component compiled on its own and is not a defect; it is recorded because it is the commonest reason a model looks structurally singular""}",/data/mrumoca/eval/results_v3/transform/runtime_free.jsonl
transform,runtime-v3,TRANSFORM.Electrical.Batteries.SimpleBattery,1,network-boundary-port,low,True,execution-not-completed,"{""node"": ""E_total -- W_limited -- W_setpoint -- abs -- chargeZero -- charge_max -- charge_max_less -- charge_max_switch -- charge_min_greater -- charge_switch -- dischargeZero -- discharge_max -- discharge_max_less -- discharge_max_switch -- discharge_min_greater -- discharge_switch -- greaterThreshold"", ""boundary_connectors"": ""E_total, W_limited, W_setpoint, abs, chargeZero, charge_max, charge_max_less, charge_max_switch, charge_min_greater, charge_switch, dischargeZero, discharge_max, discharge_max_less, discharge_max_switch, discharge_min_greater, discharge_switch, greaterThreshold"", ""wired_to"": ""nothing"", ""note"": ""this connector belongs to the model itself, not to a component inside it: the model is an interface compiled on its own, so the node is open on one side. Nothing forces its flow, which is why a structural matching reports an unmatched unknown here. Not a defect in the model""}",/data/mrumoca/eval/results_v3/transform/runtime_free.jsonl
transform,runtime-v3,TRANSFORM.Electrical.Batteries.SimpleBattery,2,network-observation-incomplete,info,True,execution-not-completed,"{""reason"": ""missing or unsynchronized connector member observations"", ""note"": ""coverage gap, not a model defect""}",/data/mrumoca/eval/results_v3/transform/runtime_free.jsonl
transform,runtime-v3,TRANSFORM.Electrical.Batteries.SimpleBattery,3,initialization-failure,high,True,execution-not-completed,"{""failure_kind"": ""singular-system"", ""reason"": ""tteries.SimpleBattery to t=1 with 46 trace point(s)... \u001b[31m\u001b[0m simulation failed: DAE structural proof failed: structurally singular \u001b[31m\u2502\u001b[0m system: 33 matched out of 34 equations and 34 unknowns"", ""raw"": ""reading /tmp/tmp_2pwdqh5/traced.rbc (bitcode v2, cbor) holding 1 free input(s) constant at their start values: W_setpoint=0 Simulating TRANSFORM.Electrical.Batteries.SimpleBattery to t=1 with 46 trace point(s)... \u001b[31m\u001b[0m simulation failed: DAE structural proof failed: structurally singular \u001b[31m\u2502\u001b[0m system: 33 matched out of 34 equations and 34 unknowns"", ""tool_side"": false}",/data/mrumoca/eval/results_v3/transform/runtime_free.jsonl
transform,runtime-v3,TRANSFORM.Electrical.PowerConverters.Generator,0,network-port-unconnected,low,False,execution-not-completed,"{""connector"": ""port"", ""component"": ""<top level>"", ""component_class"": ""unknown"", ""flows_forced_to_zero"": ""port.W"", ""note"": ""nothing is connected to this port, so MLS \u00a79.2 forces its flow to zero. That is correct for a component compiled on its own and is not a defect; it is recorded because it is the commonest reason a model looks structurally singular""}",/data/mrumoca/eval/results_v3/transform/runtime_free.jsonl
transform,runtime-v3,TRANSFORM.Electrical.PowerConverters.Generator,1,network-port-unconnected,low,False,execution-not-completed,"{""connector"": ""shaft"", ""component"": ""<top level>"", ""component_class"": ""unknown"", ""flows_forced_to_zero"": ""shaft.tau"", ""note"": ""nothing is connected to this port, so MLS \u00a79.2 forces its flow to zero. That is correct for a component compiled on its own and is not a defect; it is recorded because it is the commonest reason a model looks structurally singular""}",/data/mrumoca/eval/results_v3/transform/runtime_free.jsonl
transform,runtime-v3,TRANSFORM.Electrical.PowerConverters.Generator,2,network-component-isolated,low,False,execution-not-completed,"{""component"": ""<top level>"", ""component_class"": ""unknown"", ""ports"": ""port, shaft"", ""note"": ""every port of this instance is unconnected, so it exchanges nothing with the rest of the model while still contributing its equations""}",/data/mrumoca/eval/results_v3/transform/runtime_free.jsonl
transform,runtime-v3,TRANSFORM.Electrical.PowerConverters.Generator,3,physical-zero-is-a-supported-limit,low,False,execution-not-completed,"{""domain"": ""mechanical"", ""rule"": ""mech.inertia.positive"", ""rule_origin"": ""the rotational analogue of mass; J = 0 leaves angular acceleration undetermined"", ""rule_reference"": ""MSL Mechanics.Rotational.Components.Inertia"", ""matched_by"": {""quantity"": ""MomentOfInertia"", ""unit"": ""kg.m2"", ""confidence"": ""QUANTITY_AND_UNIT"", ""premise_state"": ""unknown"", ""authority"": ""quantity_or_unit"", ""canonical_declaration"": ""TRANSFORM.Electrical.PowerConverters.Generator.J""}, ""observed"": 0.0, ""required"": ""J > 0"", ""where"": ""declaration"", ""contract"": ""TRANSFORM.Electrical.PowerConverters.Generator.J: feature_disabled (declared, from bound) \u2014 the declaration's own binding evaluates to zero at the declared configuration, so zero is the value the library chose rather than one it failed to exclude"", ""contract_behavior"": ""feature_disabled"", ""contract_confidence"": ""declared"", ""contract_source"": ""bound"", ""note"": ""the declared value is zero and this component documents zero as a meaningful limit, so the positivity rule does not apply here""}",/data/mrumoca/eval/results_v3/transform/runtime_free.jsonl
transform,runtime-v3,TRANSFORM.Electrical.PowerConverters.Generator,4,network-observation-incomplete,info,False,execution-not-completed,"{""reason"": ""missing or unsynchronized connector member observations"", ""note"": ""coverage gap, not a model defect""}",/data/mrumoca/eval/results_v3/transform/runtime_free.jsonl
transform,runtime-v3,TRANSFORM.Electrical.PowerConverters.Generator,5,simulation-failure,high,False,execution-not-completed,"{""failure_kind"": ""nonlinear-solver-failure"", ""reason"": ""0m establish coordinate convergence: worst scaled residual row=7 \u001b[31m\u2502\u001b[0m target=port.f value=0.000000e0 ratio=0.000000e0 norm=0.000000e0 \u001b[31m\u2502\u001b[0m row_scale=6.000000e1 scaled_tolerance=6.000000e-9"", ""raw"": ""reading /tmp/tmpkrfsz1oh/traced.rbc (bitcode v2, cbor) Simulating TRANSFORM.Electrical.PowerConverters.Generator to t=1 with 12 trace point(s)... \u001b[31m\u001b[0m simulation failed: solve-IR evaluation failed: algebraic projection did not \u001b[31m\u2502\u001b[0m establish coordinate convergence: worst scaled residual row=7 \u001b[31m\u2502\u001b[0m target=port.f value=0.000000e0 ratio=0.000000e0 norm=0.000000e0 \u001b[31m\u2502\u001b[0m row_scale"", ""tool_side"": false}",/data/mrumoca/eval/results_v3/transform/runtime_free.jsonl
transform,runtime-v3,TRANSFORM.Electrical.Sensors.FrequencySensor,0,network-port-unconnected,low,False,execution-not-completed,"{""connector"": ""port"", ""component"": ""<top level>"", ""component_class"": ""unknown"", ""flows_forced_to_zero"": ""port.W"", ""note"": ""nothing is connected to this port, so MLS \u00a79.2 forces its flow to zero. That is correct for a component compiled on its own and is not a defect; it is recorded because it is the commonest reason a model looks structurally singular""}",/data/mrumoca/eval/results_v3/transform/runtime_free.jsonl
transform,runtime-v3,TRANSFORM.Electrical.Sensors.FrequencySensor,1,network-component-isolated,low,False,execution-not-completed,"{""component"": ""<top level>"", ""component_class"": ""unknown"", ""ports"": ""port"", ""note"": ""every port of this instance is unconnected, so it exchanges nothing with the rest of the model while still contributing its equations""}",/data/mrumoca/eval/results_v3/transform/runtime_free.jsonl
transform,runtime-v3,TRANSFORM.Electrical.Sensors.FrequencySensor,2,network-observation-incomplete,info,False,execution-not-completed,"{""reason"": ""missing or unsynchronized connector member observations"", ""note"": ""coverage gap, not a model defect""}",/data/mrumoca/eval/results_v3/transform/runtime_free.jsonl
transform,runtime-v3,TRANSFORM.Electrical.Sensors.FrequencySensor,3,initialization-failure,high,False,execution-not-completed,"{""failure_kind"": ""singular-system"", ""reason"": ""l.Sensors.FrequencySensor to t=1 with 5 trace point(s)... \u001b[31m\u001b[0m simulation failed: DAE structural proof failed: structurally singular \u001b[31m\u2502\u001b[0m system: 3 matched out of 4 equations and 4 unknowns"", ""raw"": ""reading /tmp/tmpq3j4je5h/traced.rbc (bitcode v2, cbor) Simulating TRANSFORM.Electrical.Sensors.FrequencySensor to t=1 with 5 trace point(s)... \u001b[31m\u001b[0m simulation failed: DAE structural proof failed: structurally singular \u001b[31m\u2502\u001b[0m system: 3 matched out of 4 equations and 4 unknowns"", ""tool_side"": false}",/data/mrumoca/eval/results_v3/transform/runtime_free.jsonl
transform,runtime-v3,TRANSFORM.Electrical.Sensors.PowerSensor,0,network-port-unconnected,low,False,execution-not-completed,"{""connector"": ""port_a"", ""component"": ""<top level>"", ""component_class"": ""unknown"", ""flows_forced_to_zero"": ""port_a.W"", ""note"": ""nothing is connected to this port, so MLS \u00a79.2 forces its flow to zero. That is correct for a component compiled on its own and is not a defect; it is recorded because it is the commonest reason a model looks structurally singular""}",/data/mrumoca/eval/results_v3/transform/runtime_free.jsonl
transform,runtime-v3,TRANSFORM.Electrical.Sensors.PowerSensor,1,network-port-unconnected,low,False,execution-not-completed,"{""connector"": ""port_b"", ""component"": ""<top level>"", ""component_class"": ""unknown"", ""flows_forced_to_zero"": ""port_b.W"", ""note"": ""nothing is connected to this port, so MLS \u00a79.2 forces its flow to zero. That is correct for a component compiled on its own and is not a defect; it is recorded because it is the commonest reason a model looks structurally singular""}",/data/mrumoca/eval/results_v3/transform/runtime_free.jsonl
transform,runtime-v3,TRANSFORM.Electrical.Sensors.PowerSensor,2,network-component-isolated,low,False,execution-not-completed,"{""component"": ""<top level>"", ""component_class"": ""unknown"", ""ports"": ""port_a, port_b"", ""note"": ""every port of this instance is unconnected, so it exchanges nothing with the rest of the model while still contributing its equations""}",/data/mrumoca/eval/results_v3/transform/runtime_free.jsonl
transform,runtime-v3,TRANSFORM.Electrical.Sensors.PowerSensor,3,network-observation-incomplete,info,False,execution-not-completed,"{""reason"": ""missing or unsynchronized connector member observations"", ""note"": ""coverage gap, not a model defect""}",/data/mrumoca/eval/results_v3/transform/runtime_free.jsonl
transform,runtime-v3,TRANSFORM.Electrical.Sensors.PowerSensor,4,initialization-failure,high,False,execution-not-completed,"{""failure_kind"": ""singular-system"", ""reason"": ""rical.Sensors.PowerSensor to t=1 with 7 trace point(s)... \u001b[31m\u001b[0m simulation failed: DAE structural proof failed: structurally singular \u001b[31m\u2502\u001b[0m system: 5 matched out of 6 equations and 6 unknowns"", ""raw"": ""reading /tmp/tmp34m6fmy6/traced.rbc (bitcode v2, cbor) Simulating TRANSFORM.Electrical.Sensors.PowerSensor to t=1 with 7 trace point(s)... \u001b[31m\u001b[0m simulation failed: DAE structural proof failed: structurally singular \u001b[31m\u2502\u001b[0m system: 5 matched out of 6 equations and 6 unknowns"", ""tool_side"": false}",/data/mrumoca/eval/results_v3/transform/runtime_free.jsonl
transform,runtime-v3,TRANSFORM.Electrical.PowerConverters.Generator_Basic,0,network-port-unconnected,low,False,standalone-topology-not-defect-proof,"{""connector"": ""shaft"", ""component"": ""<top level>"", ""component_class"": ""unknown"", ""flows_forced_to_zero"": ""shaft.tau"", ""note"": ""nothing is connected to this port, so MLS \u00a79.2 forces its flow to zero. That is correct for a component compiled on its own and is not a defect; it is recorded because it is the commonest reason a model looks structurally singular""}",/data/mrumoca/eval/results_v3/transform/runtime_free.jsonl
transform,runtime-v3,TRANSFORM.Electrical.PowerConverters.Generator_Basic,1,network-component-isolated,low,False,standalone-topology-not-defect-proof,"{""component"": ""<top level>"", ""component_class"": ""unknown"", ""ports"": ""shaft"", ""note"": ""every port of this instance is unconnected, so it exchanges nothing with the rest of the model while still contributing its equations""}",/data/mrumoca/eval/results_v3/transform/runtime_free.jsonl
transform,runtime-v3,TRANSFORM.Electrical.Examples.SimpleBattery_Test,0,network-boundary-port,low,False,standalone-topology-not-defect-proof,"{""node"": ""battery -- battery.E_total -- battery.W_limited -- battery.abs -- battery.chargeZero -- battery.charge_max -- battery.charge_max_less -- battery.charge_max_switch -- battery.charge_min_greater -- battery.charge_switch -- battery.dischargeZero -- battery.discharge_max -- battery.discharge_max_less -- battery.discharge_max_switch -- battery.discharge_min_greater -- battery.discharge_switch -- battery.greaterThreshold -- trapezoid"", ""boundary_connectors"": ""battery, trapezoid"", ""wired_to"": ""battery.E_total, battery.W_limited, battery.abs, battery.chargeZero, battery.charge_max, battery.charge_max_less, battery.charge_max_switch, battery.charge_min_greater, battery.charge_switch, battery.dischargeZero, battery.discharge_max, battery.discharge_max_less, battery.discharge_max_switch, battery.discharge_min_greater, battery.discharge_switch, battery.greaterThreshold"", ""note"": ""this connector belongs to the model itself, not to a component inside it: the model is an interface compiled on its own, so the node is open on one side. Nothing forces its flow, which is why a structural matching reports an unmatched unknown here. Not a defect in the model""}",/data/mrumoca/eval/results_v3/transform/runtime_free.jsonl
transform,runtime-v3,TRANSFORM.Electrical.Examples.SimpleBattery_Test,1,extreme-magnitude,medium,False,source-sentinel-or-protection-not-defect-proof,"{""variable"": ""battery.charge_max_switch.u3"", ""value"": 1.7976931348623157e+308, ""anchor_quality"": ""canonical""}",/data/mrumoca/eval/results_v3/transform/runtime_free.jsonl
transform,runtime-v3,TRANSFORM.Electrical.parallelElecPower,0,network-port-unconnected,low,False,execution-not-completed,"{""connector"": ""singleFlow"", ""component"": ""<top level>"", ""component_class"": ""unknown"", ""flows_forced_to_zero"": ""singleFlow.W"", ""note"": ""nothing is connected to this port, so MLS \u00a79.2 forces its flow to zero. That is correct for a component compiled on its own and is not a defect; it is recorded because it is the commonest reason a model looks structurally singular""}",/data/mrumoca/eval/results_v3/transform/runtime_free.jsonl
transform,runtime-v3,TRANSFORM.Electrical.parallelElecPower,1,network-port-unconnected,low,False,execution-not-completed,"{""connector"": ""parallelFlow"", ""component"": ""<top level>"", ""component_class"": ""unknown"", ""flows_forced_to_zero"": ""parallelFlow.W"", ""note"": ""nothing is connected to this port, so MLS \u00a79.2 forces its flow to zero. That is correct for a component compiled on its own and is not a defect; it is recorded because it is the commonest reason a model looks structurally singular""}",/data/mrumoca/eval/results_v3/transform/runtime_free.jsonl
transform,runtime-v3,TRANSFORM.Electrical.parallelElecPower,2,network-component-isolated,low,False,execution-not-completed,"{""component"": ""<top level>"", ""component_class"": ""unknown"", ""ports"": ""singleFlow, parallelFlow"", ""note"": ""every port of this instance is unconnected, so it exchanges nothing with the rest of the model while still contributing its equations""}",/data/mrumoca/eval/results_v3/transform/runtime_free.jsonl
transform,runtime-v3,TRANSFORM.Electrical.parallelElecPower,3,network-observation-incomplete,info,False,execution-not-completed,"{""reason"": ""missing or unsynchronized connector member observations"", ""note"": ""coverage gap, not a model defect""}",/data/mrumoca/eval/results_v3/transform/runtime_free.jsonl
transform,runtime-v3,TRANSFORM.Electrical.parallelElecPower,4,initialization-failure,high,False,execution-not-completed,"{""failure_kind"": ""singular-system"", ""reason"": ""ctrical.parallelElecPower to t=1 with 4 trace point(s)... \u001b[31m\u001b[0m simulation failed: DAE structural proof failed: structurally singular \u001b[31m\u2502\u001b[0m system: 3 matched out of 4 equations and 4 unknowns"", ""raw"": ""reading /tmp/tmpq2k8utc0/traced.rbc (bitcode v2, cbor) Simulating TRANSFORM.Electrical.parallelElecPower to t=1 with 4 trace point(s)... \u001b[31m\u001b[0m simulation failed: DAE structural proof failed: structurally singular \u001b[31m\u2502\u001b[0m system: 3 matched out of 4 equations and 4 unknowns"", ""tool_side"": false}",/data/mrumoca/eval/results_v3/transform/runtime_free.jsonl
transform,runtime-v3,TRANSFORM.Electrical.Sources.PowerSource,0,network-port-unconnected,low,False,execution-not-completed,"{""connector"": ""port"", ""component"": ""<top level>"", ""component_class"": ""unknown"", ""flows_forced_to_zero"": ""port.W"", ""note"": ""nothing is connected to this port, so MLS \u00a79.2 forces its flow to zero. That is correct for a component compiled on its own and is not a defect; it is recorded because it is the commonest reason a model looks structurally singular""}",/data/mrumoca/eval/results_v3/transform/runtime_free.jsonl
transform,runtime-v3,TRANSFORM.Electrical.Sources.PowerSource,1,network-component-isolated,low,False,execution-not-completed,"{""component"": ""<top level>"", ""component_class"": ""unknown"", ""ports"": ""port"", ""note"": ""every port of this instance is unconnected, so it exchanges nothing with the rest of the model while still contributing its equations""}",/data/mrumoca/eval/results_v3/transform/runtime_free.jsonl
transform,runtime-v3,TRANSFORM.Electrical.Sources.PowerSource,2,network-observation-incomplete,info,False,execution-not-completed,"{""reason"": ""missing or unsynchronized connector member observations"", ""note"": ""coverage gap, not a model defect""}",/data/mrumoca/eval/results_v3/transform/runtime_free.jsonl
transform,runtime-v3,TRANSFORM.Electrical.Sources.PowerSource,3,initialization-failure,high,False,execution-not-completed,"{""failure_kind"": ""singular-system"", ""reason"": ""rical.Sources.PowerSource to t=1 with 3 trace point(s)... \u001b[31m\u001b[0m simulation failed: DAE structural proof failed: structurally singular \u001b[31m\u2502\u001b[0m system: 2 matched out of 3 equations and 3 unknowns"", ""raw"": ""reading /tmp/tmp8e44p1se/traced.rbc (bitcode v2, cbor) Simulating TRANSFORM.Electrical.Sources.PowerSource to t=1 with 3 trace point(s)... \u001b[31m\u001b[0m simulation failed: DAE structural proof failed: structurally singular \u001b[31m\u2502\u001b[0m system: 2 matched out of 3 equations and 3 unknowns"", ""tool_side"": false}",/data/mrumoca/eval/results_v3/transform/runtime_free.jsonl
transform,runtime-v3,TRANSFORM.Electrical.Sources.FrequencySource,0,network-port-unconnected,low,False,standalone-topology-not-defect-proof,"{""connector"": ""port"", ""component"": ""<top level>"", ""component_class"": ""unknown"", ""flows_forced_to_zero"": ""port.W"", ""note"": ""nothing is connected to this port, so MLS \u00a79.2 forces its flow to zero. That is correct for a component compiled on its own and is not a defect; it is recorded because it is the commonest reason a model looks structurally singular""}",/data/mrumoca/eval/results_v3/transform/runtime_free.jsonl
transform,runtime-v3,TRANSFORM.Electrical.Sources.FrequencySource,1,network-component-isolated,low,False,standalone-topology-not-defect-proof,"{""component"": ""<top level>"", ""component_class"": ""unknown"", ""ports"": ""port"", ""note"": ""every port of this instance is unconnected, so it exchanges nothing with the rest of the model while still contributing its equations""}",/data/mrumoca/eval/results_v3/transform/runtime_free.jsonl
transform,runtime-v3,TRANSFORM.Examples.Demonstrations.Examples.NeutronActivation,0,physical-intent-question,low,False,advisory-or-explicit-non-defect,"{""domain"": ""mechanical"", ""rule"": ""mech.mass.positive"", ""rule_origin"": ""m*a = f determines acceleration only for m > 0; negative mass is not a physical body"", ""rule_reference"": ""MSL Mechanics.Translational.Components.Mass"", ""matched_by"": {""quantity"": ""Mass"", ""unit"": ""kg"", ""confidence"": ""QUANTITY_AND_UNIT"", ""premise_state"": ""unknown"", ""authority"": ""quantity_or_unit"", ""canonical_declaration"": ""TRANSFORM.Examples.Demonstrations.Examples.NeutronActivation.m_T_start""}, ""required"": ""m_T_start > 0"", ""declared_min"": 0.0, ""variable_role"": ""parameter"", ""observation"": ""permissive-declaration"", ""premise_state"": ""unknown"", ""authority"": ""quantity_or_unit"", ""canonical_declaration"": ""TRANSFORM.Examples.Demonstrations.Examples.NeutronActivation.m_T_start"", ""question"": ""`m_T_start` is bounded only by min=0, which is unusual for a mass \u2014 but nothing declares what this component is, so the analyzer cannot tell whether it is intended. Is it? If so, declare it: add a component contract, or a `[[contracts]]` entry naming the intended `sign_domain`. If not, bound the declaration.""}",/data/mrumoca/eval/results_v3/transform/runtime_free.jsonl
transform,runtime-v3,TRANSFORM.Examples.Demonstrations.Examples.NeutronActivation,1,physical-zero-is-a-supported-limit,low,False,advisory-or-explicit-non-defect,"{""domain"": ""fluid"", ""rule"": ""fluid.area.positive"", ""rule_origin"": ""a flow cross-section is a divisor in every velocity relation; zero area admits no flow and divides by zero"", ""rule_reference"": """", ""matched_by"": {""quantity"": ""Area"", ""unit"": ""m2"", ""confidence"": ""QUANTITY_AND_UNIT"", ""premise_state"": ""unknown"", ""authority"": ""quantity_or_unit"", ""canonical_declaration"": ""TRANSFORM.Examples.Demonstrations.Examples.NeutronActivation.sigma""}, ""required"": ""sigma > 0"", ""declared_min"": null, ""variable_role"": ""parameter"", ""premise_state"": ""refuted"", ""authority"": ""component_contract"", ""contract"": ""TRANSFORM.Examples.Demonstrations.Examples.NeutronActivation.sigma: feature_disabled (proven, from equation) \u2014 the parameter appears only as a multiplier, so at zero the term it scales drops out and the rest of the model is unaffected"", ""contract_behavior"": ""feature_disabled"", ""contract_confidence"": ""proven"", ""contract_source"": ""equation"", ""note"": ""the positivity rule does not apply: this component documents zero as a meaningful limit, so reporting a missing bound would contradict its contract""}",/data/mrumoca/eval/results_v3/transform/runtime_free.jsonl
transform,runtime-v3,TRANSFORM.Examples.Demonstrations.Examples.LorenzSystem_Test,0,extreme-magnitude,medium,False,source-sentinel-or-protection-not-defect-proof,"{""variable"": ""unitTests.Error_rms"", ""value"": 1.7976931348623157e+308, ""anchor_quality"": ""canonical""}",/data/mrumoca/eval/results_v3/transform/runtime_free.jsonl
transform,runtime-v3,TRANSFORM.Examples.Demonstrations.Examples.BatemanEquations_Test,0,extreme-magnitude,medium,False,source-sentinel-or-protection-not-defect-proof,"{""variable"": ""unitTests.Error_rms"", ""value"": 1.7976931348623157e+308, ""anchor_quality"": ""canonical""}",/data/mrumoca/eval/results_v3/transform/runtime_free.jsonl
transform,runtime-v3,TRANSFORM.Examples.Demonstrations.Examples.LorenzSystem_LinA_Test,0,network-boundary-port,low,True,hold-input-contract-validation,"{""node"": ""add -- const -- u"", ""boundary_connectors"": ""add, const, u"", ""wired_to"": ""nothing"", ""note"": ""this connector belongs to the model itself, not to a component inside it: the model is an interface compiled on its own, so the node is open on one side. Nothing forces its flow, which is why a structural matching reports an unmatched unknown here. Not a defect in the model""}",/data/mrumoca/eval/results_v3/transform/runtime_free.jsonl
transform,runtime-v3,TRANSFORM.Examples.Demonstrations.Examples.LorenzSystem_LinA_Test,1,network-boundary-port,low,True,hold-input-contract-validation,"{""node"": ""realExpression -- y"", ""boundary_connectors"": ""realExpression, y"", ""wired_to"": ""nothing"", ""note"": ""this connector belongs to the model itself, not to a component inside it: the model is an interface compiled on its own, so the node is open on one side. Nothing forces its flow, which is why a structural matching reports an unmatched unknown here. Not a defect in the model""}",/data/mrumoca/eval/results_v3/transform/runtime_free.jsonl
transform,runtime-v3,TRANSFORM.Examples.Demonstrations.Examples.LorenzSystem_LinA_Test,2,extreme-magnitude,medium,True,hold-input-contract-validation,"{""variable"": ""unitTests.Error_rms"", ""value"": 1.7976931348623157e+308, ""anchor_quality"": ""canonical""}",/data/mrumoca/eval/results_v3/transform/runtime_free.jsonl
transform,runtime-v3,TRANSFORM.Examples.LightWaterReactor_PWR_Westinghouse.CS_Default,0,network-boundary-port,low,False,standalone-topology-not-defect-proof,"{""node"": ""ControlRod_Reactivity -- Q_flow_liquidHeater -- actuatorBus"", ""boundary_connectors"": ""ControlRod_Reactivity, Q_flow_liquidHeater, actuatorBus"", ""wired_to"": ""nothing"", ""note"": ""this connector belongs to the model itself, not to a component inside it: the model is an interface compiled on its own, so the node is open on one side. Nothing forces its flow, which is why a structural matching reports an unmatched unknown here. Not a defect in the model""}",/data/mrumoca/eval/results_v3/transform/runtime_free.jsonl
transform,runtime-v3,TRANSFORM.Examples.LightWaterSmallModularReactor.CS_Default,0,network-boundary-port,low,False,standalone-topology-not-defect-proof,"{""node"": ""ControlRod_Reactivity -- Other_Reactivity -- Q_flow_liquidHeater -- S_external -- actuatorBus -- speedPump"", ""boundary_connectors"": ""ControlRod_Reactivity, Other_Reactivity, Q_flow_liquidHeater, S_external, actuatorBus, speedPump"", ""wired_to"": ""nothing"", ""note"": ""this connector belongs to the model itself, not to a component inside it: the model is an interface compiled on its own, so the node is open on one side. Nothing forces its flow, which is why a structural matching reports an unmatched unknown here. Not a defect in the model""}",/data/mrumoca/eval/results_v3/transform/runtime_free.jsonl
transform,runtime-v3,TRANSFORM.Examples.SystemOfSubSystems.PHS.CS_Default,0,network-boundary-port,low,False,standalone-topology-not-defect-proof,"{""node"": ""ControlRod_Reactivity -- Other_Reactivity -- Q_flow_liquidHeater -- S_external -- actuatorBus.PHS -- speedPump"", ""boundary_connectors"": ""ControlRod_Reactivity, Other_Reactivity, Q_flow_liquidHeater, S_external, speedPump"", ""wired_to"": ""actuatorBus.PHS"", ""note"": ""this connector belongs to the model itself, not to a component inside it: the model is an interface compiled on its own, so the node is open on one side. Nothing forces its flow, which is why a structural matching reports an unmatched unknown here. Not a defect in the model""}",/data/mrumoca/eval/results_v3/transform/runtime_free.jsonl
transform,runtime-v3,TRANSFORM.Fluid.ClosureRelations.Geometry.Models.DistributedVolume_1D.GenericPipe,0,simulation-failure,high,False,execution-not-completed,"{""failure_kind"": ""unknown"", ""reason"": ""ing TRANSFORM.Fluid.ClosureRelations.Geometry.Models.DistributedVolume_1D.GenericPipe to t=1 with 15 trace point(s)... \u001b[31m\u001b[0m simulation failed: cyclic static-value dependency includes `crossAreas`"", ""raw"": ""reading /tmp/tmpmodpi245/traced.rbc (bitcode v2, cbor) Simulating TRANSFORM.Fluid.ClosureRelations.Geometry.Models.DistributedVolume_1D.GenericPipe to t=1 with 15 trace point(s)... \u001b[31m\u001b[0m simulation failed: cyclic static-value dependency includes `crossAreas`"", ""tool_side"": false}",/data/mrumoca/eval/results_v3/transform/runtime_free.jsonl
transform,runtime-v3,TRANSFORM.Fluid.ClosureRelations.Geometry.Models.DistributedVolume_1D.HeatExchanger.CompactPlateHX,0,simulation-failure,high,False,execution-not-completed,"{""failure_kind"": ""unknown"", ""reason"": ""ORM.Fluid.ClosureRelations.Geometry.Models.DistributedVolume_1D.HeatExchanger.CompactPlateHX to t=1 with 46 trace point(s)... \u001b[31m\u001b[0m simulation failed: String cannot be evaluated as a numeric value"", ""raw"": ""reading /tmp/tmpsbp4pb8b/traced.rbc (bitcode v2, cbor) Simulating TRANSFORM.Fluid.ClosureRelations.Geometry.Models.DistributedVolume_1D.HeatExchanger.CompactPlateHX to t=1 with 46 trace point(s)... \u001b[31m\u001b[0m simulation failed: String cannot be evaluated as a numeric value"", ""tool_side"": false}",/data/mrumoca/eval/results_v3/transform/runtime_free.jsonl
transform,runtime-v3,TRANSFORM.Fluid.ClosureRelations.Geometry.Models.DistributedVolume_1D.HeatExchanger.ConcentricTubeHX,0,simulation-failure,high,False,execution-not-completed,"{""failure_kind"": ""unknown"", ""reason"": ""olume_1D.HeatExchanger.ConcentricTubeHX to t=1 with 47 trace point(s)... \u001b[31m\u001b[0m simulation failed: numeric evaluation depends on `algebraic \u001b[31m\u2502\u001b[0m crossAreaNew_shell`, which has no static value"", ""raw"": ""reading /tmp/tmpxbf3qn62/traced.rbc (bitcode v2, cbor) Simulating TRANSFORM.Fluid.ClosureRelations.Geometry.Models.DistributedVolume_1D.HeatExchanger.ConcentricTubeHX to t=1 with 47 trace point(s)... \u001b[31m\u001b[0m simulation failed: numeric evaluation depends on `algebraic \u001b[31m\u2502\u001b[0m crossAreaNew_shell`, which has no static value"", ""tool_side"": false}",/data/mrumoca/eval/results_v3/transform/runtime_free.jsonl
transform,runtime-v3,TRANSFORM.Fluid.ClosureRelations.Geometry.Models.DistributedVolume_1D.HeatExchanger.PrintedCircuitHX,0,simulation-failure,high,False,execution-not-completed,"{""failure_kind"": ""unknown"", ""reason"": ""M.Fluid.ClosureRelations.Geometry.Models.DistributedVolume_1D.HeatExchanger.PrintedCircuitHX to t=1 with 49 trace point(s)... \u001b[31m\u001b[0m simulation failed: String cannot be evaluated as a numeric value"", ""raw"": ""reading /tmp/tmpkr9pwff1/traced.rbc (bitcode v2, cbor) Simulating TRANSFORM.Fluid.ClosureRelations.Geometry.Models.DistributedVolume_1D.HeatExchanger.PrintedCircuitHX to t=1 with 49 trace point(s)... \u001b[31m\u001b[0m simulation failed: String cannot be evaluated as a numeric value"", ""tool_side"": false}",/data/mrumoca/eval/results_v3/transform/runtime_free.jsonl
transform,runtime-v3,TRANSFORM.Fluid.ClosureRelations.Geometry.Models.DistributedVolume_1D.ShellSide_STHX,0,simulation-failure,high,True,execution-not-completed,"{""failure_kind"": ""unknown"", ""reason"": ""ureRelations.Geometry.Models.DistributedVolume_1D.ShellSide_STHX to t=1 with 36 trace point(s)... \u001b[31m\u001b[0m simulation failed: cyclic static-value dependency includes \u001b[31m\u2502\u001b[0m `crossAreaEmpty_shell`"", ""raw"": ""reading /tmp/tmp0qdijy9y/traced.rbc (bitcode v2, cbor) holding 2 free input(s) constant at their start values: length_tube=0, D_o_tube=0 Simulating TRANSFORM.Fluid.ClosureRelations.Geometry.Models.DistributedVolume_1D.ShellSide_STHX to t=1 with 36 trace point(s)... \u001b[31m\u001b[0m simulation failed: cyclic static-value dependency includes \u001b[31m\u2502\u001b[0m `crossAreaEmpty_shell`"", ""tool_side"": false}",/data/mrumoca/eval/results_v3/transform/runtime_free.jsonl
transform,runtime-v3,TRANSFORM.Fluid.ClosureRelations.Geometry.Models.DistributedVolume_1D.StandardPipe,0,physical-intent-question,low,False,advisory-or-explicit-non-defect,"{""domain"": ""fluid"", ""rule"": ""fluid.area.positive"", ""rule_origin"": ""a flow cross-section is a divisor in every velocity relation; zero area admits no flow and divides by zero"", ""rule_reference"": """", ""matched_by"": {""quantity"": ""Area"", ""unit"": ""m2"", ""confidence"": ""QUANTITY_AND_UNIT"", ""premise_state"": ""unknown"", ""authority"": ""quantity_or_unit"", ""canonical_declaration"": ""TRANSFORM.Fluid.ClosureRelations.Geometry.Models.DistributedVolume_1D.StandardPipe.NPS.crossArea""}, ""required"": ""nps.crossArea > 0"", ""declared_min"": null, ""variable_role"": ""parameter"", ""observation"": ""permissive-declaration"", ""premise_state"": ""unknown"", ""authority"": ""quantity_or_unit"", ""canonical_declaration"": ""TRANSFORM.Fluid.ClosureRelations.Geometry.Models.DistributedVolume_1D.StandardPipe.NPS.crossArea"", ""question"": ""`nps.crossArea` carries no bound that would exclude it, which is unusual for an area \u2014 but nothing declares what this component is, so the analyzer cannot tell whether it is intended. Is it? If so, declare it: add a component contract, or a `[[contracts]]` entry naming the intended `sign_domain`. If not, bound the declaration.""}",/data/mrumoca/eval/results_v3/transform/runtime_free.jsonl
transform,runtime-v3,TRANSFORM.Fluid.ClosureRelations.Geometry.Models.DistributedVolume_1D.HeatExchanger.StraightPipeHX,0,simulation-failure,high,False,execution-not-completed,"{""failure_kind"": ""unknown"", ""reason"": ""ons.Geometry.Models.DistributedVolume_1D.HeatExchanger.StraightPipeHX to t=1 with 42 trace point(s)... \u001b[31m\u001b[0m simulation failed: cyclic static-value dependency includes \u001b[31m\u2502\u001b[0m `dimension_shell`"", ""raw"": ""reading /tmp/tmp62umnxhj/traced.rbc (bitcode v2, cbor) Simulating TRANSFORM.Fluid.ClosureRelations.Geometry.Models.DistributedVolume_1D.HeatExchanger.StraightPipeHX to t=1 with 42 trace point(s)... \u001b[31m\u001b[0m simulation failed: cyclic static-value dependency includes \u001b[31m\u2502\u001b[0m `dimension_shell`"", ""tool_side"": false}",/data/mrumoca/eval/results_v3/transform/runtime_free.jsonl
transform,runtime-v3,TRANSFORM.Fluid.ClosureRelations.Geometry.Models.DistributedVolume_1D.HeatExchanger.ShellAndTubeHX,0,simulation-failure,high,False,execution-not-completed,"{""failure_kind"": ""unknown"", ""reason"": ""dVolume_1D.HeatExchanger.ShellAndTubeHX to t=1 with 51 trace point(s)... \u001b[31m\u001b[0m simulation failed: numeric evaluation depends on `algebraic \u001b[31m\u2502\u001b[0m crossAreaNew_shell`, which has no static value"", ""raw"": ""reading /tmp/tmp3kb4ng8l/traced.rbc (bitcode v2, cbor) Simulating TRANSFORM.Fluid.ClosureRelations.Geometry.Models.DistributedVolume_1D.HeatExchanger.ShellAndTubeHX to t=1 with 51 trace point(s)... \u001b[31m\u001b[0m simulation failed: numeric evaluation depends on `algebraic \u001b[31m\u2502\u001b[0m crossAreaNew_shell`, which has no static value"", ""tool_side"": false}",/data/mrumoca/eval/results_v3/transform/runtime_free.jsonl
transform,runtime-v3,TRANSFORM.Fluid.ClosureRelations.Geometry.Models.LumpedVolume.Annulus,0,simulation-failure,high,False,execution-not-completed,"{""failure_kind"": ""unknown"", ""reason"": ""ureRelations.Geometry.Models.LumpedVolume.Annulus to t=1 with 9 trace point(s)... \u001b[31m\u001b[0m simulation failed: numeric evaluation depends on `algebraic crossArea`, \u001b[31m\u2502\u001b[0m which has no static value"", ""raw"": ""reading /tmp/tmpxxt69t1m/traced.rbc (bitcode v2, cbor) Simulating TRANSFORM.Fluid.ClosureRelations.Geometry.Models.LumpedVolume.Annulus to t=1 with 9 trace point(s)... \u001b[31m\u001b[0m simulation failed: numeric evaluation depends on `algebraic crossArea`, \u001b[31m\u2502\u001b[0m which has no static value"", ""tool_side"": false}",/data/mrumoca/eval/results_v3/transform/runtime_free.jsonl
transform,runtime-v3,TRANSFORM.Fluid.ClosureRelations.Geometry.Models.DistributedVolume_1D.StraightPipe,0,simulation-failure,high,False,execution-not-completed,"{""failure_kind"": ""unknown"", ""reason"": ""ing TRANSFORM.Fluid.ClosureRelations.Geometry.Models.DistributedVolume_1D.StraightPipe to t=1 with 23 trace point(s)... \u001b[31m\u001b[0m simulation failed: cyclic static-value dependency includes `crossArea`"", ""raw"": ""reading /tmp/tmpi5jhyx0w/traced.rbc (bitcode v2, cbor) Simulating TRANSFORM.Fluid.ClosureRelations.Geometry.Models.DistributedVolume_1D.StraightPipe to t=1 with 23 trace point(s)... \u001b[31m\u001b[0m simulation failed: cyclic static-value dependency includes `crossArea`"", ""tool_side"": false}",/data/mrumoca/eval/results_v3/transform/runtime_free.jsonl
transform,runtime-v3,TRANSFORM.Fluid.ClosureRelations.Geometry.Models.LumpedVolume.Cylinder_specifyDiameter,0,simulation-failure,high,False,execution-not-completed,"{""failure_kind"": ""unknown"", ""reason"": ""etry.Models.LumpedVolume.Cylinder_specifyDiameter to t=1 with 8 trace point(s)... \u001b[31m\u001b[0m simulation failed: numeric evaluation depends on `algebraic crossArea`, \u001b[31m\u2502\u001b[0m which has no static value"", ""raw"": ""reading /tmp/tmprd_5wofy/traced.rbc (bitcode v2, cbor) Simulating TRANSFORM.Fluid.ClosureRelations.Geometry.Models.LumpedVolume.Cylinder_specifyDiameter to t=1 with 8 trace point(s)... \u001b[31m\u001b[0m simulation failed: numeric evaluation depends on `algebraic crossArea`, \u001b[31m\u2502\u001b[0m which has no static value"", ""tool_side"": false}",/data/mrumoca/eval/results_v3/transform/runtime_free.jsonl
transform,runtime-v3,TRANSFORM.Fluid.ClosureRelations.Geometry.Models.TwoVolume_withLevel.Cylinder,0,simulation-failure,high,False,execution-not-completed,"{""failure_kind"": ""non-finite-value"", ""reason"": ""int(s)... \u001b[31m\u001b[0m simulation failed: non-finite (NaN) value computed for `Vfrac_liquid` @ \u001b[31m\u2502\u001b[0m Span { source: SourceId(2097600154970170918), start: BytePos(527), end: \u001b[31m\u2502\u001b[0m BytePos(552) }"", ""raw"": ""reading /tmp/tmpbsdfoc3j/traced.rbc (bitcode v2, cbor) Simulating TRANSFORM.Fluid.ClosureRelations.Geometry.Models.TwoVolume_withLevel.Cylinder to t=1 with 13 trace point(s)... \u001b[31m\u001b[0m simulation failed: non-finite (NaN) value computed for `Vfrac_liquid` @ \u001b[31m\u2502\u001b[0m Span { source: SourceId(2097600154970170918), start: BytePos(527), end: \u001b[31m\u2502\u001b[0m BytePos(552) }"", ""tool_side"": false}",/data/mrumoca/eval/results_v3/transform/runtime_free.jsonl
transform,runtime-v3,TRANSFORM.Fluid.ClosureRelations.Geometry.Models.TwoVolume_withLevel.withInternals.Cylinder_wInternalPipe,0,simulation-failure,high,False,execution-not-completed,"{""failure_kind"": ""non-finite-value"", ""reason"": ""int(s)... \u001b[31m\u001b[0m simulation failed: non-finite (NaN) value computed for `Vfrac_liquid` @ \u001b[31m\u2502\u001b[0m Span { source: SourceId(2097600154970170918), start: BytePos(527), end: \u001b[31m\u2502\u001b[0m BytePos(552) }"", ""raw"": ""reading /tmp/tmptcv3onpd/traced.rbc (bitcode v2, cbor) Simulating TRANSFORM.Fluid.ClosureRelations.Geometry.Models.TwoVolume_withLevel.withInternals.Cylinder_wInternalPipe to t=1 with 16 trace point(s)... \u001b[31m\u001b[0m simulation failed: non-finite (NaN) value computed for `Vfrac_liquid` @ \u001b[31m\u2502\u001b[0m Span { source: SourceId(2097600154970170918), start: BytePos(527), end: \u001b[31m\u2502\u001b[0m BytePos(552) }"", ""tool_side"": false}",/data/mrumoca/eval/results_v3/transform/runtime_free.jsonl
transform,runtime-v3,TRANSFORM.Fluid.ClosureRelations.Geometry.Models.Volume_withLevel.Cylinder,0,simulation-failure,high,True,execution-not-completed,"{""failure_kind"": ""non-finite-value"", ""reason"": ""\u001b[31m\u001b[0m simulation failed: non-finite (NaN) value computed for \u001b[31m\u2502\u001b[0m `level_meas_percentage` @ Span { source: SourceId(2204731878768859230), \u001b[31m\u2502\u001b[0m start: BytePos(967), end: BytePos(1001) }"", ""raw"": ""reading /tmp/tmpx097s6me/traced.rbc (bitcode v2, cbor) holding 1 free input(s) constant at their start values: V_liquid=0 Simulating TRANSFORM.Fluid.ClosureRelations.Geometry.Models.Volume_withLevel.Cylinder to t=1 with 10 trace point(s)... \u001b[31m\u001b[0m simulation failed: non-finite (NaN) value computed for \u001b[31m\u2502\u001b[0m `level_meas_percentage` @ Span { source: SourceId(2204731878768859230), \u001b[31m\u2502\u001b[0m "", ""tool_side"": false}",/data/mrumoca/eval/results_v3/transform/runtime_free.jsonl
transform,runtime-v3,TRANSFORM.Fluid.ClosureRelations.HeatTransfer.Models.DistributedPipe_1D_MultiTransferSurface.BaseClasses.SinglePhase.Nu_Gnielinski,0,physical-runtime-invariant-unobserved,low,True,hold-input-contract-validation,"{""domain"": ""fluid"", ""rule"": ""fluid.density.positive"", ""rule_origin"": ""mass per volume of a real fluid; density appears as a divisor throughout the Fluid library"", ""rule_reference"": """", ""matched_by"": {""quantity"": ""Density"", ""unit"": ""kg/m3"", ""confidence"": ""QUANTITY_AND_UNIT"", ""premise_state"": ""unknown"", ""authority"": ""quantity_or_unit"", ""canonical_declaration"": ""TRANSFORM.Media.MediaProps1Phase.d""}, ""required"": ""mediaProps.d > 0"", ""variable_role"": ""input"", ""note"": ""this is a runtime property of a input variable, not a declaration a user can bound; deciding it needs an observation""}",/data/mrumoca/eval/results_v3/transform/runtime_free.jsonl
transform,runtime-v3,TRANSFORM.Fluid.ClosureRelations.HeatTransfer.Models.DistributedPipe_1D_MultiTransferSurface.BaseClasses.SinglePhase.Nu_Gnielinski,1,physical-runtime-invariant-unobserved,low,True,hold-input-contract-validation,"{""domain"": ""fluid"", ""rule"": ""fluid.density.positive"", ""rule_origin"": ""mass per volume of a real fluid; density appears as a divisor throughout the Fluid library"", ""rule_reference"": """", ""matched_by"": {""quantity"": ""Density"", ""unit"": ""kg/m3"", ""confidence"": ""QUANTITY_AND_UNIT"", ""premise_state"": ""unknown"", ""authority"": ""quantity_or_unit"", ""canonical_declaration"": ""Modelica.Media.Water.WaterIF97_base.ThermodynamicState.d""}, ""required"": ""state_wall.d > 0"", ""variable_role"": ""input"", ""note"": ""this is a runtime property of a input variable, not a declaration a user can bound; deciding it needs an observation""}",/data/mrumoca/eval/results_v3/transform/runtime_free.jsonl
transform,runtime-v3,TRANSFORM.Fluid.ClosureRelations.HeatTransfer.Models.DistributedPipe_1D_MultiTransferSurface.BaseClasses.SinglePhase.Nu_Gnielinski,2,physical-invariant-violated,high,True,hold-input-contract-validation,"{""domain"": ""fluid"", ""rule"": ""fluid.density.positive"", ""rule_origin"": ""mass per volume of a real fluid; density appears as a divisor throughout the Fluid library"", ""rule_reference"": """", ""matched_by"": {""quantity"": ""Density"", ""unit"": ""kg/m3"", ""confidence"": ""QUANTITY_AND_UNIT"", ""premise_state"": ""unknown"", ""authority"": ""quantity_or_unit"", ""canonical_declaration"": ""TRANSFORM.Media.MediaProps1Phase.d""}, ""observed"": 0.0, ""required"": ""mediaProps.d > 0"", ""excess"": 0.0, ""where"": ""runtime""}",/data/mrumoca/eval/results_v3/transform/runtime_free.jsonl
transform,runtime-v3,TRANSFORM.Fluid.ClosureRelations.HeatTransfer.Models.DistributedPipe_1D_MultiTransferSurface.BaseClasses.SinglePhase.Nu_Gnielinski,3,physical-invariant-violated,high,True,hold-input-contract-validation,"{""domain"": ""fluid"", ""rule"": ""fluid.density.positive"", ""rule_origin"": ""mass per volume of a real fluid; density appears as a divisor throughout the Fluid library"", ""rule_reference"": """", ""matched_by"": {""quantity"": ""Density"", ""unit"": ""kg/m3"", ""confidence"": ""QUANTITY_AND_UNIT"", ""premise_state"": ""unknown"", ""authority"": ""quantity_or_unit"", ""canonical_declaration"": ""Modelica.Media.Water.WaterIF97_base.ThermodynamicState.d""}, ""observed"": 0.0, ""required"": ""state_wall.d > 0"", ""excess"": 0.0, ""where"": ""runtime""}",/data/mrumoca/eval/results_v3/transform/runtime_free.jsonl
transform,runtime-v3,TRANSFORM.Fluid.ClosureRelations.HeatTransfer.Models.DistributedPipe_1D_MultiTransferSurface.BaseClasses.SinglePhase.Nu_Gnielinski,4,below-min,medium,True,hold-input-contract-validation,"{""variable"": ""state_wall.T"", ""bound"": ""min"", ""limit"": 1, ""value"": 0.0, ""excess"": 1.0, ""anchor_quality"": ""canonical""}",/data/mrumoca/eval/results_v3/transform/runtime_free.jsonl
transform,runtime-v3,TRANSFORM.Fluid.ClosureRelations.HeatTransfer.Models.DistributedPipe_1D_MultiTransferSurface.BaseClasses.SinglePhase.Nu_Laminar,0,physical-runtime-invariant-unobserved,low,True,hold-input-contract-validation,"{""domain"": ""fluid"", ""rule"": ""fluid.density.positive"", ""rule_origin"": ""mass per volume of a real fluid; density appears as a divisor throughout the Fluid library"", ""rule_reference"": """", ""matched_by"": {""quantity"": ""Density"", ""unit"": ""kg/m3"", ""confidence"": ""QUANTITY_AND_UNIT"", ""premise_state"": ""unknown"", ""authority"": ""quantity_or_unit"", ""canonical_declaration"": ""TRANSFORM.Media.MediaProps1Phase.d""}, ""required"": ""mediaProps.d > 0"", ""variable_role"": ""input"", ""note"": ""this is a runtime property of a input variable, not a declaration a user can bound; deciding it needs an observation""}",/data/mrumoca/eval/results_v3/transform/runtime_free.jsonl
transform,runtime-v3,TRANSFORM.Fluid.ClosureRelations.HeatTransfer.Models.DistributedPipe_1D_MultiTransferSurface.BaseClasses.SinglePhase.Nu_Laminar,1,physical-runtime-invariant-unobserved,low,True,hold-input-contract-validation,"{""domain"": ""fluid"", ""rule"": ""fluid.density.positive"", ""rule_origin"": ""mass per volume of a real fluid; density appears as a divisor throughout the Fluid library"", ""rule_reference"": """", ""matched_by"": {""quantity"": ""Density"", ""unit"": ""kg/m3"", ""confidence"": ""QUANTITY_AND_UNIT"", ""premise_state"": ""unknown"", ""authority"": ""quantity_or_unit"", ""canonical_declaration"": ""Modelica.Media.Water.WaterIF97_base.ThermodynamicState.d""}, ""required"": ""state_wall.d > 0"", ""variable_role"": ""input"", ""note"": ""this is a runtime property of a input variable, not a declaration a user can bound; deciding it needs an observation""}",/data/mrumoca/eval/results_v3/transform/runtime_free.jsonl
transform,runtime-v3,TRANSFORM.Fluid.ClosureRelations.HeatTransfer.Models.DistributedPipe_1D_MultiTransferSurface.BaseClasses.SinglePhase.Nu_Laminar,2,physical-invariant-violated,high,True,hold-input-contract-validation,"{""domain"": ""fluid"", ""rule"": ""fluid.density.positive"", ""rule_origin"": ""mass per volume of a real fluid; density appears as a divisor throughout the Fluid library"", ""rule_reference"": """", ""matched_by"": {""quantity"": ""Density"", ""unit"": ""kg/m3"", ""confidence"": ""QUANTITY_AND_UNIT"", ""premise_state"": ""unknown"", ""authority"": ""quantity_or_unit"", ""canonical_declaration"": ""TRANSFORM.Media.MediaProps1Phase.d""}, ""observed"": 0.0, ""required"": ""mediaProps.d > 0"", ""excess"": 0.0, ""where"": ""runtime""}",/data/mrumoca/eval/results_v3/transform/runtime_free.jsonl
transform,runtime-v3,TRANSFORM.Fluid.ClosureRelations.HeatTransfer.Models.DistributedPipe_1D_MultiTransferSurface.BaseClasses.SinglePhase.Nu_Laminar,3,physical-invariant-violated,high,True,hold-input-contract-validation,"{""domain"": ""fluid"", ""rule"": ""fluid.density.positive"", ""rule_origin"": ""mass per volume of a real fluid; density appears as a divisor throughout the Fluid library"", ""rule_reference"": """", ""matched_by"": {""quantity"": ""Density"", ""unit"": ""kg/m3"", ""confidence"": ""QUANTITY_AND_UNIT"", ""premise_state"": ""unknown"", ""authority"": ""quantity_or_unit"", ""canonical_declaration"": ""Modelica.Media.Water.WaterIF97_base.ThermodynamicState.d""}, ""observed"": 0.0, ""required"": ""state_wall.d > 0"", ""excess"": 0.0, ""where"": ""runtime""}",/data/mrumoca/eval/results_v3/transform/runtime_free.jsonl
transform,runtime-v3,TRANSFORM.Fluid.ClosureRelations.HeatTransfer.Models.DistributedPipe_1D_MultiTransferSurface.BaseClasses.SinglePhase.Nu_Laminar,4,below-min,medium,True,hold-input-contract-validation,"{""variable"": ""state_wall.T"", ""bound"": ""min"", ""limit"": 1, ""value"": 0.0, ""excess"": 1.0, ""anchor_quality"": ""canonical""}",/data/mrumoca/eval/results_v3/transform/runtime_free.jsonl
transform,runtime-v3,TRANSFORM.Fluid.ClosureRelations.HeatTransfer.Models.DistributedPipe_1D_MultiTransferSurface.BaseClasses.SinglePhase.Nu_DittusBoelter,0,physical-runtime-invariant-unobserved,low,True,hold-input-contract-validation,"{""domain"": ""fluid"", ""rule"": ""fluid.density.positive"", ""rule_origin"": ""mass per volume of a real fluid; density appears as a divisor throughout the Fluid library"", ""rule_reference"": """", ""matched_by"": {""quantity"": ""Density"", ""unit"": ""kg/m3"", ""confidence"": ""QUANTITY_AND_UNIT"", ""premise_state"": ""unknown"", ""authority"": ""quantity_or_unit"", ""canonical_declaration"": ""TRANSFORM.Media.MediaProps1Phase.d""}, ""required"": ""mediaProps.d > 0"", ""variable_role"": ""input"", ""note"": ""this is a runtime property of a input variable, not a declaration a user can bound; deciding it needs an observation""}",/data/mrumoca/eval/results_v3/transform/runtime_free.jsonl
transform,runtime-v3,TRANSFORM.Fluid.ClosureRelations.HeatTransfer.Models.DistributedPipe_1D_MultiTransferSurface.BaseClasses.SinglePhase.Nu_DittusBoelter,1,physical-runtime-invariant-unobserved,low,True,hold-input-contract-validation,"{""domain"": ""fluid"", ""rule"": ""fluid.density.positive"", ""rule_origin"": ""mass per volume of a real fluid; density appears as a divisor throughout the Fluid library"", ""rule_reference"": """", ""matched_by"": {""quantity"": ""Density"", ""unit"": ""kg/m3"", ""confidence"": ""QUANTITY_AND_UNIT"", ""premise_state"": ""unknown"", ""authority"": ""quantity_or_unit"", ""canonical_declaration"": ""Modelica.Media.Water.WaterIF97_base.ThermodynamicState.d""}, ""required"": ""state_wall.d > 0"", ""variable_role"": ""input"", ""note"": ""this is a runtime property of a input variable, not a declaration a user can bound; deciding it needs an observation""}",/data/mrumoca/eval/results_v3/transform/runtime_free.jsonl
transform,runtime-v3,TRANSFORM.Fluid.ClosureRelations.HeatTransfer.Models.DistributedPipe_1D_MultiTransferSurface.BaseClasses.SinglePhase.Nu_DittusBoelter,2,physical-invariant-violated,high,True,hold-input-contract-validation,"{""domain"": ""fluid"", ""rule"": ""fluid.density.positive"", ""rule_origin"": ""mass per volume of a real fluid; density appears as a divisor throughout the Fluid library"", ""rule_reference"": """", ""matched_by"": {""quantity"": ""Density"", ""unit"": ""kg/m3"", ""confidence"": ""QUANTITY_AND_UNIT"", ""premise_state"": ""unknown"", ""authority"": ""quantity_or_unit"", ""canonical_declaration"": ""TRANSFORM.Media.MediaProps1Phase.d""}, ""observed"": 0.0, ""required"": ""mediaProps.d > 0"", ""excess"": 0.0, ""where"": ""runtime""}",/data/mrumoca/eval/results_v3/transform/runtime_free.jsonl
transform,runtime-v3,TRANSFORM.Fluid.ClosureRelations.HeatTransfer.Models.DistributedPipe_1D_MultiTransferSurface.BaseClasses.SinglePhase.Nu_DittusBoelter,3,physical-invariant-violated,high,True,hold-input-contract-validation,"{""domain"": ""fluid"", ""rule"": ""fluid.density.positive"", ""rule_origin"": ""mass per volume of a real fluid; density appears as a divisor throughout the Fluid library"", ""rule_reference"": """", ""matched_by"": {""quantity"": ""Density"", ""unit"": ""kg/m3"", ""confidence"": ""QUANTITY_AND_UNIT"", ""premise_state"": ""unknown"", ""authority"": ""quantity_or_unit"", ""canonical_declaration"": ""Modelica.Media.Water.WaterIF97_base.ThermodynamicState.d""}, ""observed"": 0.0, ""required"": ""state_wall.d > 0"", ""excess"": 0.0, ""where"": ""runtime""}",/data/mrumoca/eval/results_v3/transform/runtime_free.jsonl
transform,runtime-v3,TRANSFORM.Fluid.ClosureRelations.HeatTransfer.Models.DistributedPipe_1D_MultiTransferSurface.BaseClasses.SinglePhase.Nu_DittusBoelter,4,below-min,medium,True,hold-input-contract-validation,"{""variable"": ""state_wall.T"", ""bound"": ""min"", ""limit"": 1, ""value"": 0.0, ""excess"": 1.0, ""anchor_quality"": ""canonical""}",/data/mrumoca/eval/results_v3/transform/runtime_free.jsonl
transform,runtime-v3,TRANSFORM.Fluid.ClosureRelations.InternalVolumeHeatGeneration.Models.DistributedVolume_1D.VolumetricHeatGeneration,0,physical-runtime-invariant-unobserved,low,True,hold-input-contract-validation,"{""domain"": ""fluid"", ""rule"": ""fluid.density.positive"", ""rule_origin"": ""mass per volume of a real fluid; density appears as a divisor throughout the Fluid library"", ""rule_reference"": """", ""matched_by"": {""quantity"": ""Density"", ""unit"": ""kg/m3"", ""confidence"": ""QUANTITY_AND_UNIT"", ""premise_state"": ""unknown"", ""authority"": ""quantity_or_unit"", ""canonical_declaration"": ""Modelica.Media.Water.WaterIF97_base.ThermodynamicState.d""}, ""required"": ""states[1].d > 0"", ""variable_role"": ""input"", ""note"": ""this is a runtime property of a input variable, not a declaration a user can bound; deciding it needs an observation""}",/data/mrumoca/eval/results_v3/transform/runtime_free.jsonl
transform,runtime-v3,TRANSFORM.Fluid.ClosureRelations.InternalVolumeHeatGeneration.Models.DistributedVolume_1D.VolumetricHeatGeneration,1,physical-invariant-violated,high,True,hold-input-contract-validation,"{""domain"": ""fluid"", ""rule"": ""fluid.density.positive"", ""rule_origin"": ""mass per volume of a real fluid; density appears as a divisor throughout the Fluid library"", ""rule_reference"": """", ""matched_by"": {""quantity"": ""Density"", ""unit"": ""kg/m3"", ""confidence"": ""QUANTITY_AND_UNIT"", ""premise_state"": ""unknown"", ""authority"": ""quantity_or_unit"", ""canonical_declaration"": ""Modelica.Media.Water.WaterIF97_base.ThermodynamicState.d""}, ""observed"": 0.0, ""required"": ""states[1].d > 0"", ""excess"": 0.0, ""where"": ""runtime""}",/data/mrumoca/eval/results_v3/transform/runtime_free.jsonl
transform,runtime-v3,TRANSFORM.Fluid.ClosureRelations.InternalVolumeHeatGeneration.Models.DistributedVolume_1D.VolumetricHeatGeneration,2,below-min,medium,True,hold-input-contract-validation,"{""variable"": ""states[1].T"", ""bound"": ""min"", ""limit"": 1, ""value"": 0.0, ""excess"": 1.0, ""anchor_quality"": ""canonical""}",/data/mrumoca/eval/results_v3/transform/runtime_free.jsonl
transform,runtime-v3,TRANSFORM.Fluid.ClosureRelations.InternalVolumeHeatGeneration.Models.DistributedVolume_1D.GenericHeatGeneration,0,physical-runtime-invariant-unobserved,low,True,hold-input-contract-validation,"{""domain"": ""fluid"", ""rule"": ""fluid.density.positive"", ""rule_origin"": ""mass per volume of a real fluid; density appears as a divisor throughout the Fluid library"", ""rule_reference"": """", ""matched_by"": {""quantity"": ""Density"", ""unit"": ""kg/m3"", ""confidence"": ""QUANTITY_AND_UNIT"", ""premise_state"": ""unknown"", ""authority"": ""quantity_or_unit"", ""canonical_declaration"": ""Modelica.Media.Water.WaterIF97_base.ThermodynamicState.d""}, ""required"": ""states[1].d > 0"", ""variable_role"": ""input"", ""note"": ""this is a runtime property of a input variable, not a declaration a user can bound; deciding it needs an observation""}",/data/mrumoca/eval/results_v3/transform/runtime_free.jsonl
transform,runtime-v3,TRANSFORM.Fluid.ClosureRelations.InternalVolumeHeatGeneration.Models.DistributedVolume_1D.GenericHeatGeneration,1,physical-invariant-violated,high,True,hold-input-contract-validation,"{""domain"": ""fluid"", ""rule"": ""fluid.density.positive"", ""rule_origin"": ""mass per volume of a real fluid; density appears as a divisor throughout the Fluid library"", ""rule_reference"": """", ""matched_by"": {""quantity"": ""Density"", ""unit"": ""kg/m3"", ""confidence"": ""QUANTITY_AND_UNIT"", ""premise_state"": ""unknown"", ""authority"": ""quantity_or_unit"", ""canonical_declaration"": ""Modelica.Media.Water.WaterIF97_base.ThermodynamicState.d""}, ""observed"": 0.0, ""required"": ""states[1].d > 0"", ""excess"": 0.0, ""where"": ""runtime""}",/data/mrumoca/eval/results_v3/transform/runtime_free.jsonl
transform,runtime-v3,TRANSFORM.Fluid.ClosureRelations.InternalVolumeHeatGeneration.Models.DistributedVolume_1D.GenericHeatGeneration,2,below-min,medium,True,hold-input-contract-validation,"{""variable"": ""states[1].T"", ""bound"": ""min"", ""limit"": 1, ""value"": 0.0, ""excess"": 1.0, ""anchor_quality"": ""canonical""}",/data/mrumoca/eval/results_v3/transform/runtime_free.jsonl
transform,runtime-v3,TRANSFORM.Fluid.ClosureRelations.PumpCharacteristics.Models.Efficiency.Constant,0,initialization-failure,high,True,execution-not-completed,"{""failure_kind"": ""unknown"", ""reason"": ""ClosureRelations.PumpCharacteristics.Models.Efficiency.Constant to t=1 with 5 trace point(s)... \u001b[31m\u001b[0m simulation failed: parameter `N_nominal` has neither a binding nor an \u001b[31m\u2502\u001b[0m initial value"", ""raw"": ""reading /tmp/tmpfaa715zu/traced.rbc (bitcode v2, cbor) holding 3 free input(s) constant at their start values: V_flow=0, N=0, diameter=0 Simulating TRANSFORM.Fluid.ClosureRelations.PumpCharacteristics.Models.Efficiency.Constant to t=1 with 5 trace point(s)... \u001b[31m\u001b[0m simulation failed: parameter `N_nominal` has neither a binding nor an \u001b[31m\u2502\u001b[0m initial value"", ""tool_side"": false}",/data/mrumoca/eval/results_v3/transform/runtime_free.jsonl
transform,runtime-v3,TRANSFORM.Fluid.ClosureRelations.VoidFraction.Homogeneous_wSlipVelocity,0,physical-runtime-invariant-unobserved,low,True,execution-not-completed,"{""domain"": ""fluid"", ""rule"": ""fluid.density.positive"", ""rule_origin"": ""mass per volume of a real fluid; density appears as a divisor throughout the Fluid library"", ""rule_reference"": """", ""matched_by"": {""quantity"": ""Density"", ""unit"": ""kg/m3"", ""confidence"": ""QUANTITY_AND_UNIT"", ""premise_state"": ""unknown"", ""authority"": ""quantity_or_unit"", ""canonical_declaration"": ""TRANSFORM.Fluid.ClosureRelations.VoidFraction.Homogeneous_wSlipVelocity.rho_p""}, ""required"": ""rho_p > 0"", ""variable_role"": ""input"", ""note"": ""this is a runtime property of a input variable, not a declaration a user can bound; deciding it needs an observation""}",/data/mrumoca/eval/results_v3/transform/runtime_free.jsonl
transform,runtime-v3,TRANSFORM.Fluid.ClosureRelations.VoidFraction.Homogeneous_wSlipVelocity,1,physical-runtime-invariant-unobserved,low,True,execution-not-completed,"{""domain"": ""fluid"", ""rule"": ""fluid.density.positive"", ""rule_origin"": ""mass per volume of a real fluid; density appears as a divisor throughout the Fluid library"", ""rule_reference"": """", ""matched_by"": {""quantity"": ""Density"", ""unit"": ""kg/m3"", ""confidence"": ""QUANTITY_AND_UNIT"", ""premise_state"": ""unknown"", ""authority"": ""quantity_or_unit"", ""canonical_declaration"": ""TRANSFORM.Fluid.ClosureRelations.VoidFraction.Homogeneous_wSlipVelocity.rho_s""}, ""required"": ""rho_s > 0"", ""variable_role"": ""input"", ""note"": ""this is a runtime property of a input variable, not a declaration a user can bound; deciding it needs an observation""}",/data/mrumoca/eval/results_v3/transform/runtime_free.jsonl
transform,runtime-v3,TRANSFORM.Fluid.ClosureRelations.VoidFraction.Homogeneous_wSlipVelocity,2,simulation-failure,high,True,execution-not-completed,"{""failure_kind"": ""non-finite-value"", ""reason"": ""ace point(s)... \u001b[31m\u001b[0m simulation failed: non-finite (NaN) value computed for `alphaV` @ Span \u001b[31m\u2502\u001b[0m { source: SourceId(7721464215585953873), start: BytePos(538), end: \u001b[31m\u2502\u001b[0m BytePos(563) }"", ""raw"": ""reading /tmp/tmp3ei8914u/traced.rbc (bitcode v2, cbor) holding 3 free input(s) constant at their start values: x_abs=0, rho_p=0, rho_s=0 Simulating TRANSFORM.Fluid.ClosureRelations.VoidFraction.Homogeneous_wSlipVelocity to t=1 with 5 trace point(s)... \u001b[31m\u001b[0m simulation failed: non-finite (NaN) value computed for `alphaV` @ Span \u001b[31m\u2502\u001b[0m { source: SourceId(7721464215585953873), start: BytePos("", ""tool_side"": false}",/data/mrumoca/eval/results_v3/transform/runtime_free.jsonl
transform,runtime-v3,TRANSFORM.Fluid.ClosureRelations.PumpCharacteristics.Models.Power.Constant,0,initialization-failure,high,True,execution-not-completed,"{""failure_kind"": ""unknown"", ""reason"": ""luid.ClosureRelations.PumpCharacteristics.Models.Power.Constant to t=1 with 6 trace point(s)... \u001b[31m\u001b[0m simulation failed: parameter `W_nominal` has neither a binding nor an \u001b[31m\u2502\u001b[0m initial value"", ""raw"": ""reading /tmp/tmpd0odlx6k/traced.rbc (bitcode v2, cbor) holding 4 free input(s) constant at their start values: m_flow=0, V_flow=0, N=0, diameter=0 Simulating TRANSFORM.Fluid.ClosureRelations.PumpCharacteristics.Models.Power.Constant to t=1 with 6 trace point(s)... \u001b[31m\u001b[0m simulation failed: parameter `W_nominal` has neither a binding nor an \u001b[31m\u2502\u001b[0m initial value"", ""tool_side"": false}",/data/mrumoca/eval/results_v3/transform/runtime_free.jsonl
transform,runtime-v3,TRANSFORM.Fluid.Machines.BaseClasses.PumpCharacteristics.Efficiency.Constant,0,initialization-failure,high,True,execution-not-completed,"{""failure_kind"": ""unknown"", ""reason"": ""Machines.BaseClasses.PumpCharacteristics.Efficiency.Constant to t=1 with 6 trace point(s)... \u001b[31m\u001b[0m simulation failed: parameter `V_flow_start` has neither a binding nor an \u001b[31m\u2502\u001b[0m initial value"", ""raw"": ""reading /tmp/tmpesbcyfpv/traced.rbc (bitcode v2, cbor) holding 3 free input(s) constant at their start values: V_flow=0, N=0, diameter=0 Simulating TRANSFORM.Fluid.Machines.BaseClasses.PumpCharacteristics.Efficiency.Constant to t=1 with 6 trace point(s)... \u001b[31m\u001b[0m simulation failed: parameter `V_flow_start` has neither a binding nor an \u001b[31m\u2502\u001b[0m initial value"", ""tool_side"": false}",/data/mrumoca/eval/results_v3/transform/runtime_free.jsonl
transform,runtime-v3,TRANSFORM.Fluid.ClosureRelations.VoidFraction.Functions.Examples.Volume_wSlipRatio_noSlip,0,physical-zero-is-a-supported-limit,low,False,advisory-or-explicit-non-defect,"{""domain"": ""fluid"", ""rule"": ""fluid.density.positive"", ""rule_origin"": ""mass per volume of a real fluid; density appears as a divisor throughout the Fluid library"", ""rule_reference"": """", ""matched_by"": {""quantity"": ""Density"", ""unit"": ""kg/m3"", ""confidence"": ""QUANTITY_AND_UNIT"", ""premise_state"": ""unknown"", ""authority"": ""quantity_or_unit"", ""canonical_declaration"": ""TRANSFORM.Fluid.ClosureRelations.VoidFraction.Functions.Examples.Volume_wSlipRatio_noSlip.rho_lsat""}, ""required"": ""rho_lsat > 0"", ""declared_min"": 0.0, ""variable_role"": ""constant"", ""premise_state"": ""refuted"", ""authority"": ""component_contract"", ""contract"": ""TRANSFORM.Fluid.ClosureRelations.VoidFraction.Functions.Examples.Volume_wSlipRatio_noSlip.rho_lsat: forbidden (proven, from bound) \u2014 the declaration excludes zero (declared constant)"", ""contract_behavior"": ""forbidden"", ""contract_confidence"": ""proven"", ""contract_source"": ""bound"", ""note"": ""the positivity rule does not apply: this component documents zero as a meaningful limit, so reporting a missing bound would contradict its contract""}",/data/mrumoca/eval/results_v3/transform/runtime_free.jsonl
transform,runtime-v3,TRANSFORM.Fluid.ClosureRelations.VoidFraction.Functions.Examples.Volume_wSlipRatio_noSlip,1,physical-zero-is-a-supported-limit,low,False,advisory-or-explicit-non-defect,"{""domain"": ""fluid"", ""rule"": ""fluid.density.positive"", ""rule_origin"": ""mass per volume of a real fluid; density appears as a divisor throughout the Fluid library"", ""rule_reference"": """", ""matched_by"": {""quantity"": ""Density"", ""unit"": ""kg/m3"", ""confidence"": ""QUANTITY_AND_UNIT"", ""premise_state"": ""unknown"", ""authority"": ""quantity_or_unit"", ""canonical_declaration"": ""TRANSFORM.Fluid.ClosureRelations.VoidFraction.Functions.Examples.Volume_wSlipRatio_noSlip.rho_vsat""}, ""required"": ""rho_vsat > 0"", ""declared_min"": 0.0, ""variable_role"": ""constant"", ""premise_state"": ""refuted"", ""authority"": ""component_contract"", ""contract"": ""TRANSFORM.Fluid.ClosureRelations.VoidFraction.Functions.Examples.Volume_wSlipRatio_noSlip.rho_vsat: forbidden (proven, from bound) \u2014 the declaration excludes zero (declared constant)"", ""contract_behavior"": ""forbidden"", ""contract_confidence"": ""proven"", ""contract_source"": ""bound"", ""note"": ""the positivity rule does not apply: this component documents zero as a meaningful limit, so reporting a missing bound would contradict its contract""}",/data/mrumoca/eval/results_v3/transform/runtime_free.jsonl
transform,runtime-v3,TRANSFORM.Fluid.FittingsAndResistances.MinorLossEstimate,0,physical-runtime-invariant-unobserved,low,True,hold-input-contract-validation,"{""domain"": ""fluid"", ""rule"": ""fluid.density.positive"", ""rule_origin"": ""mass per volume of a real fluid; density appears as a divisor throughout the Fluid library"", ""rule_reference"": """", ""matched_by"": {""quantity"": ""Density"", ""unit"": ""kg/m3"", ""confidence"": ""QUANTITY_AND_UNIT"", ""premise_state"": ""unknown"", ""authority"": ""quantity_or_unit"", ""canonical_declaration"": ""TRANSFORM.Fluid.FittingsAndResistances.MinorLossEstimate.rho""}, ""required"": ""rho > 0"", ""variable_role"": ""input"", ""note"": ""this is a runtime property of a input variable, not a declaration a user can bound; deciding it needs an observation""}",/data/mrumoca/eval/results_v3/transform/runtime_free.jsonl
transform,runtime-v3,TRANSFORM.Fluid.FittingsAndResistances.MinorLossEstimate,1,physical-invariant-violated,high,True,hold-input-contract-validation,"{""domain"": ""fluid"", ""rule"": ""fluid.density.positive"", ""rule_origin"": ""mass per volume of a real fluid; density appears as a divisor throughout the Fluid library"", ""rule_reference"": """", ""matched_by"": {""quantity"": ""Density"", ""unit"": ""kg/m3"", ""confidence"": ""QUANTITY_AND_UNIT"", ""premise_state"": ""unknown"", ""authority"": ""quantity_or_unit"", ""canonical_declaration"": ""TRANSFORM.Fluid.FittingsAndResistances.MinorLossEstimate.rho""}, ""observed"": 0.0, ""required"": ""rho > 0"", ""excess"": 0.0, ""where"": ""runtime""}",/data/mrumoca/eval/results_v3/transform/runtime_free.jsonl
transform,runtime-v3,TRANSFORM.Fluid.Machines.BaseClasses.TurbineCharacteristics.Efficiency.Constant,0,initialization-failure,high,True,execution-not-completed,"{""failure_kind"": ""unknown"", ""reason"": ""hines.BaseClasses.TurbineCharacteristics.Efficiency.Constant to t=1 with 6 trace point(s)... \u001b[31m\u001b[0m simulation failed: parameter `V_flow_start` has neither a binding nor an \u001b[31m\u2502\u001b[0m initial value"", ""raw"": ""reading /tmp/tmp90ebz_q1/traced.rbc (bitcode v2, cbor) holding 3 free input(s) constant at their start values: V_flow=0, N=0, diameter=0 Simulating TRANSFORM.Fluid.Machines.BaseClasses.TurbineCharacteristics.Efficiency.Constant to t=1 with 6 trace point(s)... \u001b[31m\u001b[0m simulation failed: parameter `V_flow_start` has neither a binding nor an \u001b[31m\u2502\u001b[0m initial value"", ""tool_side"": false}",/data/mrumoca/eval/results_v3/transform/runtime_free.jsonl
transform,runtime-v3,TRANSFORM.Fluid.Machines.Pump_PressureBooster,0,network-port-unconnected,low,False,execution-not-completed,"{""connector"": ""port_a"", ""component"": ""<top level>"", ""component_class"": ""unknown"", ""flows_forced_to_zero"": ""port_a.m_flow"", ""note"": ""nothing is connected to this port, so MLS \u00a79.2 forces its flow to zero. That is correct for a component compiled on its own and is not a defect; it is recorded because it is the commonest reason a model looks structurally singular""}",/data/mrumoca/eval/results_v3/transform/runtime_free.jsonl
transform,runtime-v3,TRANSFORM.Fluid.Machines.Pump_PressureBooster,1,network-port-unconnected,low,False,execution-not-completed,"{""connector"": ""port_b"", ""component"": ""<top level>"", ""component_class"": ""unknown"", ""flows_forced_to_zero"": ""port_b.m_flow"", ""note"": ""nothing is connected to this port, so MLS \u00a79.2 forces its flow to zero. That is correct for a component compiled on its own and is not a defect; it is recorded because it is the commonest reason a model looks structurally singular""}",/data/mrumoca/eval/results_v3/transform/runtime_free.jsonl
transform,runtime-v3,TRANSFORM.Fluid.Machines.Pump_PressureBooster,2,network-component-isolated,low,False,execution-not-completed,"{""component"": ""<top level>"", ""component_class"": ""unknown"", ""ports"": ""port_a, port_b"", ""note"": ""every port of this instance is unconnected, so it exchanges nothing with the rest of the model while still contributing its equations""}",/data/mrumoca/eval/results_v3/transform/runtime_free.jsonl
transform,runtime-v3,TRANSFORM.Fluid.Machines.Pump_PressureBooster,3,network-observation-incomplete,info,False,execution-not-completed,"{""reason"": ""missing or unsynchronized connector member observations"", ""note"": ""coverage gap, not a model defect""}",/data/mrumoca/eval/results_v3/transform/runtime_free.jsonl
transform,runtime-v3,TRANSFORM.Fluid.Machines.Pump_PressureBooster,4,initialization-failure,high,False,execution-not-completed,"{""failure_kind"": ""singular-system"", ""reason"": ""ines.Pump_PressureBooster to t=1 with 8 trace point(s)... \u001b[31m\u001b[0m simulation failed: DAE structural proof failed: structurally singular \u001b[31m\u2502\u001b[0m system: 7 matched out of 8 equations and 8 unknowns"", ""raw"": ""reading /tmp/tmpo5u9mgo8/traced.rbc (bitcode v2, cbor) Simulating TRANSFORM.Fluid.Machines.Pump_PressureBooster to t=1 with 8 trace point(s)... \u001b[31m\u001b[0m simulation failed: DAE structural proof failed: structurally singular \u001b[31m\u2502\u001b[0m system: 7 matched out of 8 equations and 8 unknowns"", ""tool_side"": false}",/data/mrumoca/eval/results_v3/transform/runtime_free.jsonl
transform,runtime-v3,TRANSFORM.Fluid.Machines.Pump_SimpleMassFlow,0,network-port-unconnected,low,False,execution-not-completed,"{""connector"": ""port_a"", ""component"": ""<top level>"", ""component_class"": ""unknown"", ""flows_forced_to_zero"": ""port_a.m_flow"", ""note"": ""nothing is connected to this port, so MLS \u00a79.2 forces its flow to zero. That is correct for a component compiled on its own and is not a defect; it is recorded because it is the commonest reason a model looks structurally singular""}",/data/mrumoca/eval/results_v3/transform/runtime_free.jsonl
transform,runtime-v3,TRANSFORM.Fluid.Machines.Pump_SimpleMassFlow,1,network-port-unconnected,low,False,execution-not-completed,"{""connector"": ""port_b"", ""component"": ""<top level>"", ""component_class"": ""unknown"", ""flows_forced_to_zero"": ""port_b.m_flow"", ""note"": ""nothing is connected to this port, so MLS \u00a79.2 forces its flow to zero. That is correct for a component compiled on its own and is not a defect; it is recorded because it is the commonest reason a model looks structurally singular""}",/data/mrumoca/eval/results_v3/transform/runtime_free.jsonl
transform,runtime-v3,TRANSFORM.Fluid.Machines.Pump_SimpleMassFlow,2,network-component-isolated,low,False,execution-not-completed,"{""component"": ""<top level>"", ""component_class"": ""unknown"", ""ports"": ""port_a, port_b"", ""note"": ""every port of this instance is unconnected, so it exchanges nothing with the rest of the model while still contributing its equations""}",/data/mrumoca/eval/results_v3/transform/runtime_free.jsonl
transform,runtime-v3,TRANSFORM.Fluid.Machines.Pump_SimpleMassFlow,3,network-observation-incomplete,info,False,execution-not-completed,"{""reason"": ""missing or unsynchronized connector member observations"", ""note"": ""coverage gap, not a model defect""}",/data/mrumoca/eval/results_v3/transform/runtime_free.jsonl
transform,runtime-v3,TRANSFORM.Fluid.Machines.Pump_SimpleMassFlow,4,initialization-failure,high,False,execution-not-completed,"{""failure_kind"": ""singular-system"", ""reason"": ""hines.Pump_SimpleMassFlow to t=1 with 8 trace point(s)... \u001b[31m\u001b[0m simulation failed: DAE structural proof failed: structurally singular \u001b[31m\u2502\u001b[0m system: 6 matched out of 8 equations and 8 unknowns"", ""raw"": ""reading /tmp/tmp6deqykhy/traced.rbc (bitcode v2, cbor) Simulating TRANSFORM.Fluid.Machines.Pump_SimpleMassFlow to t=1 with 8 trace point(s)... \u001b[31m\u001b[0m simulation failed: DAE structural proof failed: structurally singular \u001b[31m\u2502\u001b[0m system: 6 matched out of 8 equations and 8 unknowns"", ""tool_side"": false}",/data/mrumoca/eval/results_v3/transform/runtime_free.jsonl
transform,runtime-v3,TRANSFORM.Fluid.Pipes.parallelFlow,0,network-port-unconnected,low,False,execution-not-completed,"{""connector"": ""port_1"", ""component"": ""<top level>"", ""component_class"": ""unknown"", ""flows_forced_to_zero"": ""port_1.m_flow"", ""note"": ""nothing is connected to this port, so MLS \u00a79.2 forces its flow to zero. That is correct for a component compiled on its own and is not a defect; it is recorded because it is the commonest reason a model looks structurally singular""}",/data/mrumoca/eval/results_v3/transform/runtime_free.jsonl
transform,runtime-v3,TRANSFORM.Fluid.Pipes.parallelFlow,1,network-port-unconnected,low,False,execution-not-completed,"{""connector"": ""port_n"", ""component"": ""<top level>"", ""component_class"": ""unknown"", ""flows_forced_to_zero"": ""port_n.m_flow"", ""note"": ""nothing is connected to this port, so MLS \u00a79.2 forces its flow to zero. That is correct for a component compiled on its own and is not a defect; it is recorded because it is the commonest reason a model looks structurally singular""}",/data/mrumoca/eval/results_v3/transform/runtime_free.jsonl
transform,runtime-v3,TRANSFORM.Fluid.Pipes.parallelFlow,2,network-component-isolated,low,False,execution-not-completed,"{""component"": ""<top level>"", ""component_class"": ""unknown"", ""ports"": ""port_1, port_n"", ""note"": ""every port of this instance is unconnected, so it exchanges nothing with the rest of the model while still contributing its equations""}",/data/mrumoca/eval/results_v3/transform/runtime_free.jsonl
transform,runtime-v3,TRANSFORM.Fluid.Pipes.parallelFlow,3,network-observation-incomplete,info,False,execution-not-completed,"{""reason"": ""missing or unsynchronized connector member observations"", ""note"": ""coverage gap, not a model defect""}",/data/mrumoca/eval/results_v3/transform/runtime_free.jsonl
transform,runtime-v3,TRANSFORM.Fluid.Pipes.parallelFlow,4,initialization-failure,high,False,execution-not-completed,"{""failure_kind"": ""singular-system"", ""reason"": "".Fluid.Pipes.parallelFlow to t=1 with 6 trace point(s)... \u001b[31m\u001b[0m simulation failed: DAE structural proof failed: structurally singular \u001b[31m\u2502\u001b[0m system: 5 matched out of 6 equations and 6 unknowns"", ""raw"": ""reading /tmp/tmp92c1po0s/traced.rbc (bitcode v2, cbor) Simulating TRANSFORM.Fluid.Pipes.parallelFlow to t=1 with 6 trace point(s)... \u001b[31m\u001b[0m simulation failed: DAE structural proof failed: structurally singular \u001b[31m\u2502\u001b[0m system: 5 matched out of 6 equations and 6 unknowns"", ""tool_side"": false}",/data/mrumoca/eval/results_v3/transform/runtime_free.jsonl
transform,runtime-v3,TRANSFORM.Fluid.TemporaryBlock_Fluid,0,network-port-unconnected,low,False,execution-not-completed,"{""connector"": ""port_a"", ""component"": ""<top level>"", ""component_class"": ""unknown"", ""flows_forced_to_zero"": ""port_a.m_flow"", ""note"": ""nothing is connected to this port, so MLS \u00a79.2 forces its flow to zero. That is correct for a component compiled on its own and is not a defect; it is recorded because it is the commonest reason a model looks structurally singular""}",/data/mrumoca/eval/results_v3/transform/runtime_free.jsonl
transform,runtime-v3,TRANSFORM.Fluid.TemporaryBlock_Fluid,1,network-port-unconnected,low,False,execution-not-completed,"{""connector"": ""port_b"", ""component"": ""<top level>"", ""component_class"": ""unknown"", ""flows_forced_to_zero"": ""port_b.m_flow"", ""note"": ""nothing is connected to this port, so MLS \u00a79.2 forces its flow to zero. That is correct for a component compiled on its own and is not a defect; it is recorded because it is the commonest reason a model looks structurally singular""}",/data/mrumoca/eval/results_v3/transform/runtime_free.jsonl
transform,runtime-v3,TRANSFORM.Fluid.TemporaryBlock_Fluid,2,network-component-isolated,low,False,execution-not-completed,"{""component"": ""<top level>"", ""component_class"": ""unknown"", ""ports"": ""port_a, port_b"", ""note"": ""every port of this instance is unconnected, so it exchanges nothing with the rest of the model while still contributing its equations""}",/data/mrumoca/eval/results_v3/transform/runtime_free.jsonl
transform,runtime-v3,TRANSFORM.Fluid.TemporaryBlock_Fluid,3,network-observation-incomplete,info,False,execution-not-completed,"{""reason"": ""missing or unsynchronized connector member observations"", ""note"": ""coverage gap, not a model defect""}",/data/mrumoca/eval/results_v3/transform/runtime_free.jsonl
transform,runtime-v3,TRANSFORM.Fluid.TemporaryBlock_Fluid,4,initialization-failure,high,False,execution-not-completed,"{""failure_kind"": ""singular-system"", ""reason"": ""luid.TemporaryBlock_Fluid to t=1 with 6 trace point(s)... \u001b[31m\u001b[0m simulation failed: DAE structural proof failed: structurally singular \u001b[31m\u2502\u001b[0m system: 5 matched out of 6 equations and 6 unknowns"", ""raw"": ""reading /tmp/tmpr4ryfhf4/traced.rbc (bitcode v2, cbor) Simulating TRANSFORM.Fluid.TemporaryBlock_Fluid to t=1 with 6 trace point(s)... \u001b[31m\u001b[0m simulation failed: DAE structural proof failed: structurally singular \u001b[31m\u2502\u001b[0m system: 5 matched out of 6 equations and 6 unknowns"", ""tool_side"": false}",/data/mrumoca/eval/results_v3/transform/runtime_free.jsonl
transform,runtime-v3,TRANSFORM.HeatAndMassTransfer.BoundaryConditions.Heat.HeatFlow,0,network-port-unconnected,low,False,execution-not-completed,"{""connector"": ""port"", ""component"": ""<top level>"", ""component_class"": ""unknown"", ""flows_forced_to_zero"": ""port.Q_flow"", ""note"": ""nothing is connected to this port, so MLS \u00a79.2 forces its flow to zero. That is correct for a component compiled on its own and is not a defect; it is recorded because it is the commonest reason a model looks structurally singular""}",/data/mrumoca/eval/results_v3/transform/runtime_free.jsonl
transform,runtime-v3,TRANSFORM.HeatAndMassTransfer.BoundaryConditions.Heat.HeatFlow,1,network-component-isolated,low,False,execution-not-completed,"{""component"": ""<top level>"", ""component_class"": ""unknown"", ""ports"": ""port"", ""note"": ""every port of this instance is unconnected, so it exchanges nothing with the rest of the model while still contributing its equations""}",/data/mrumoca/eval/results_v3/transform/runtime_free.jsonl
transform,runtime-v3,TRANSFORM.HeatAndMassTransfer.BoundaryConditions.Heat.HeatFlow,2,network-observation-incomplete,info,False,execution-not-completed,"{""reason"": ""missing or unsynchronized connector member observations"", ""note"": ""coverage gap, not a model defect""}",/data/mrumoca/eval/results_v3/transform/runtime_free.jsonl
transform,runtime-v3,TRANSFORM.HeatAndMassTransfer.BoundaryConditions.Heat.HeatFlow,3,initialization-failure,high,False,execution-not-completed,"{""failure_kind"": ""singular-system"", ""reason"": ""yConditions.Heat.HeatFlow to t=1 with 3 trace point(s)... \u001b[31m\u001b[0m simulation failed: DAE structural proof failed: structurally singular \u001b[31m\u2502\u001b[0m system: 2 matched out of 3 equations and 3 unknowns"", ""raw"": ""reading /tmp/tmpsxlmwivn/traced.rbc (bitcode v2, cbor) Simulating TRANSFORM.HeatAndMassTransfer.BoundaryConditions.Heat.HeatFlow to t=1 with 3 trace point(s)... \u001b[31m\u001b[0m simulation failed: DAE structural proof failed: structurally singular \u001b[31m\u2502\u001b[0m system: 2 matched out of 3 equations and 3 unknowns"", ""tool_side"": false}",/data/mrumoca/eval/results_v3/transform/runtime_free.jsonl
transform,runtime-v3,TRANSFORM.HeatAndMassTransfer.BoundaryConditions.Heat.Collector,0,network-port-unconnected,low,False,execution-not-completed,"{""connector"": ""port_a[1]"", ""component"": ""<top level>"", ""component_class"": ""unknown"", ""flows_forced_to_zero"": ""port_a[1].Q_flow"", ""note"": ""nothing is connected to this port, so MLS \u00a79.2 forces its flow to zero. That is correct for a component compiled on its own and is not a defect; it is recorded because it is the commonest reason a model looks structurally singular""}",/data/mrumoca/eval/results_v3/transform/runtime_free.jsonl
transform,runtime-v3,TRANSFORM.HeatAndMassTransfer.BoundaryConditions.Heat.Collector,1,network-port-unconnected,low,False,execution-not-completed,"{""connector"": ""port_b"", ""component"": ""<top level>"", ""component_class"": ""unknown"", ""flows_forced_to_zero"": ""port_b.Q_flow"", ""note"": ""nothing is connected to this port, so MLS \u00a79.2 forces its flow to zero. That is correct for a component compiled on its own and is not a defect; it is recorded because it is the commonest reason a model looks structurally singular""}",/data/mrumoca/eval/results_v3/transform/runtime_free.jsonl
transform,runtime-v3,TRANSFORM.HeatAndMassTransfer.BoundaryConditions.Heat.Collector,2,network-component-isolated,low,False,execution-not-completed,"{""component"": ""<top level>"", ""component_class"": ""unknown"", ""ports"": ""port_a[1], port_b"", ""note"": ""every port of this instance is unconnected, so it exchanges nothing with the rest of the model while still contributing its equations""}",/data/mrumoca/eval/results_v3/transform/runtime_free.jsonl
transform,runtime-v3,TRANSFORM.HeatAndMassTransfer.BoundaryConditions.Heat.Collector,3,network-observation-incomplete,info,False,execution-not-completed,"{""reason"": ""missing or unsynchronized connector member observations"", ""note"": ""coverage gap, not a model defect""}",/data/mrumoca/eval/results_v3/transform/runtime_free.jsonl
transform,runtime-v3,TRANSFORM.HeatAndMassTransfer.BoundaryConditions.Heat.Collector,4,initialization-failure,high,False,execution-not-completed,"{""failure_kind"": ""singular-system"", ""reason"": ""Conditions.Heat.Collector to t=1 with 4 trace point(s)... \u001b[31m\u001b[0m simulation failed: DAE structural proof failed: structurally singular \u001b[31m\u2502\u001b[0m system: 3 matched out of 4 equations and 4 unknowns"", ""raw"": ""reading /tmp/tmp3r6w6yto/traced.rbc (bitcode v2, cbor) Simulating TRANSFORM.HeatAndMassTransfer.BoundaryConditions.Heat.Collector to t=1 with 4 trace point(s)... \u001b[31m\u001b[0m simulation failed: DAE structural proof failed: structurally singular \u001b[31m\u2502\u001b[0m system: 3 matched out of 4 equations and 4 unknowns"", ""tool_side"": false}",/data/mrumoca/eval/results_v3/transform/runtime_free.jsonl
transform,runtime-v3,TRANSFORM.HeatAndMassTransfer.BoundaryConditions.Heat.Adiabatic,0,network-port-unconnected,low,False,execution-not-completed,"{""connector"": ""port"", ""component"": ""<top level>"", ""component_class"": ""unknown"", ""flows_forced_to_zero"": ""port.Q_flow"", ""note"": ""nothing is connected to this port, so MLS \u00a79.2 forces its flow to zero. That is correct for a component compiled on its own and is not a defect; it is recorded because it is the commonest reason a model looks structurally singular""}",/data/mrumoca/eval/results_v3/transform/runtime_free.jsonl
transform,runtime-v3,TRANSFORM.HeatAndMassTransfer.BoundaryConditions.Heat.Adiabatic,1,network-component-isolated,low,False,execution-not-completed,"{""component"": ""<top level>"", ""component_class"": ""unknown"", ""ports"": ""port"", ""note"": ""every port of this instance is unconnected, so it exchanges nothing with the rest of the model while still contributing its equations""}",/data/mrumoca/eval/results_v3/transform/runtime_free.jsonl
transform,runtime-v3,TRANSFORM.HeatAndMassTransfer.BoundaryConditions.Heat.Adiabatic,2,network-observation-incomplete,info,False,execution-not-completed,"{""reason"": ""missing or unsynchronized connector member observations"", ""note"": ""coverage gap, not a model defect""}",/data/mrumoca/eval/results_v3/transform/runtime_free.jsonl
transform,runtime-v3,TRANSFORM.HeatAndMassTransfer.BoundaryConditions.Heat.Adiabatic,3,initialization-failure,high,False,execution-not-completed,"{""failure_kind"": ""singular-system"", ""reason"": ""Conditions.Heat.Adiabatic to t=1 with 2 trace point(s)... \u001b[31m\u001b[0m simulation failed: DAE structural proof failed: structurally singular \u001b[31m\u2502\u001b[0m system: 1 matched out of 2 equations and 2 unknowns"", ""raw"": ""reading /tmp/tmpf_rrmwnd/traced.rbc (bitcode v2, cbor) Simulating TRANSFORM.HeatAndMassTransfer.BoundaryConditions.Heat.Adiabatic to t=1 with 2 trace point(s)... \u001b[31m\u001b[0m simulation failed: DAE structural proof failed: structurally singular \u001b[31m\u2502\u001b[0m system: 1 matched out of 2 equations and 2 unknowns"", ""tool_side"": false}",/data/mrumoca/eval/results_v3/transform/runtime_free.jsonl
transform,runtime-v3,TRANSFORM.HeatAndMassTransfer.BoundaryConditions.Heat.Adiabatic_multi,0,network-port-unconnected,low,False,execution-not-completed,"{""connector"": ""port[1]"", ""component"": ""<top level>"", ""component_class"": ""unknown"", ""flows_forced_to_zero"": ""port[1].Q_flow"", ""note"": ""nothing is connected to this port, so MLS \u00a79.2 forces its flow to zero. That is correct for a component compiled on its own and is not a defect; it is recorded because it is the commonest reason a model looks structurally singular""}",/data/mrumoca/eval/results_v3/transform/runtime_free.jsonl
transform,runtime-v3,TRANSFORM.HeatAndMassTransfer.BoundaryConditions.Heat.Adiabatic_multi,1,network-component-isolated,low,False,execution-not-completed,"{""component"": ""<top level>"", ""component_class"": ""unknown"", ""ports"": ""port[1]"", ""note"": ""every port of this instance is unconnected, so it exchanges nothing with the rest of the model while still contributing its equations""}",/data/mrumoca/eval/results_v3/transform/runtime_free.jsonl
transform,runtime-v3,TRANSFORM.HeatAndMassTransfer.BoundaryConditions.Heat.Adiabatic_multi,2,network-observation-incomplete,info,False,execution-not-completed,"{""reason"": ""missing or unsynchronized connector member observations"", ""note"": ""coverage gap, not a model defect""}",/data/mrumoca/eval/results_v3/transform/runtime_free.jsonl
transform,runtime-v3,TRANSFORM.HeatAndMassTransfer.BoundaryConditions.Heat.Adiabatic_multi,3,initialization-failure,high,False,execution-not-completed,"{""failure_kind"": ""singular-system"", ""reason"": ""ions.Heat.Adiabatic_multi to t=1 with 2 trace point(s)... \u001b[31m\u001b[0m simulation failed: DAE structural proof failed: structurally singular \u001b[31m\u2502\u001b[0m system: 1 matched out of 2 equations and 2 unknowns"", ""raw"": ""reading /tmp/tmp45mzfx9c/traced.rbc (bitcode v2, cbor) Simulating TRANSFORM.HeatAndMassTransfer.BoundaryConditions.Heat.Adiabatic_multi to t=1 with 2 trace point(s)... \u001b[31m\u001b[0m simulation failed: DAE structural proof failed: structurally singular \u001b[31m\u2502\u001b[0m system: 1 matched out of 2 equations and 2 unknowns"", ""tool_side"": false}",/data/mrumoca/eval/results_v3/transform/runtime_free.jsonl
transform,runtime-v3,TRANSFORM.HeatAndMassTransfer.BoundaryConditions.Heat.HeatFlow_multi,0,network-port-unconnected,low,False,execution-not-completed,"{""connector"": ""port[1]"", ""component"": ""<top level>"", ""component_class"": ""unknown"", ""flows_forced_to_zero"": ""port[1].Q_flow"", ""note"": ""nothing is connected to this port, so MLS \u00a79.2 forces its flow to zero. That is correct for a component compiled on its own and is not a defect; it is recorded because it is the commonest reason a model looks structurally singular""}",/data/mrumoca/eval/results_v3/transform/runtime_free.jsonl
transform,runtime-v3,TRANSFORM.HeatAndMassTransfer.BoundaryConditions.Heat.HeatFlow_multi,1,network-component-isolated,low,False,execution-not-completed,"{""component"": ""<top level>"", ""component_class"": ""unknown"", ""ports"": ""port[1]"", ""note"": ""every port of this instance is unconnected, so it exchanges nothing with the rest of the model while still contributing its equations""}",/data/mrumoca/eval/results_v3/transform/runtime_free.jsonl
transform,runtime-v3,TRANSFORM.HeatAndMassTransfer.BoundaryConditions.Heat.HeatFlow_multi,2,network-observation-incomplete,info,False,execution-not-completed,"{""reason"": ""missing or unsynchronized connector member observations"", ""note"": ""coverage gap, not a model defect""}",/data/mrumoca/eval/results_v3/transform/runtime_free.jsonl
transform,runtime-v3,TRANSFORM.HeatAndMassTransfer.BoundaryConditions.Heat.HeatFlow_multi,3,initialization-failure,high,False,execution-not-completed,"{""failure_kind"": ""singular-system"", ""reason"": ""tions.Heat.HeatFlow_multi to t=1 with 3 trace point(s)... \u001b[31m\u001b[0m simulation failed: DAE structural proof failed: structurally singular \u001b[31m\u2502\u001b[0m system: 2 matched out of 3 equations and 3 unknowns"", ""raw"": ""reading /tmp/tmpss1se_3w/traced.rbc (bitcode v2, cbor) Simulating TRANSFORM.HeatAndMassTransfer.BoundaryConditions.Heat.HeatFlow_multi to t=1 with 3 trace point(s)... \u001b[31m\u001b[0m simulation failed: DAE structural proof failed: structurally singular \u001b[31m\u2502\u001b[0m system: 2 matched out of 3 equations and 3 unknowns"", ""tool_side"": false}",/data/mrumoca/eval/results_v3/transform/runtime_free.jsonl
transform,runtime-v3,TRANSFORM.HeatAndMassTransfer.BoundaryConditions.Heat.ParallelFlow,0,network-port-unconnected,low,False,execution-not-completed,"{""connector"": ""port_1"", ""component"": ""<top level>"", ""component_class"": ""unknown"", ""flows_forced_to_zero"": ""port_1.Q_flow"", ""note"": ""nothing is connected to this port, so MLS \u00a79.2 forces its flow to zero. That is correct for a component compiled on its own and is not a defect; it is recorded because it is the commonest reason a model looks structurally singular""}",/data/mrumoca/eval/results_v3/transform/runtime_free.jsonl
transform,runtime-v3,TRANSFORM.HeatAndMassTransfer.BoundaryConditions.Heat.ParallelFlow,1,network-port-unconnected,low,False,execution-not-completed,"{""connector"": ""port_n"", ""component"": ""<top level>"", ""component_class"": ""unknown"", ""flows_forced_to_zero"": ""port_n.Q_flow"", ""note"": ""nothing is connected to this port, so MLS \u00a79.2 forces its flow to zero. That is correct for a component compiled on its own and is not a defect; it is recorded because it is the commonest reason a model looks structurally singular""}",/data/mrumoca/eval/results_v3/transform/runtime_free.jsonl
transform,runtime-v3,TRANSFORM.HeatAndMassTransfer.BoundaryConditions.Heat.ParallelFlow,2,network-component-isolated,low,False,execution-not-completed,"{""component"": ""<top level>"", ""component_class"": ""unknown"", ""ports"": ""port_1, port_n"", ""note"": ""every port of this instance is unconnected, so it exchanges nothing with the rest of the model while still contributing its equations""}",/data/mrumoca/eval/results_v3/transform/runtime_free.jsonl
transform,runtime-v3,TRANSFORM.HeatAndMassTransfer.BoundaryConditions.Heat.ParallelFlow,3,network-observation-incomplete,info,False,execution-not-completed,"{""reason"": ""missing or unsynchronized connector member observations"", ""note"": ""coverage gap, not a model defect""}",/data/mrumoca/eval/results_v3/transform/runtime_free.jsonl
transform,runtime-v3,TRANSFORM.HeatAndMassTransfer.BoundaryConditions.Heat.ParallelFlow,4,initialization-failure,high,False,execution-not-completed,"{""failure_kind"": ""singular-system"", ""reason"": ""ditions.Heat.ParallelFlow to t=1 with 4 trace point(s)... \u001b[31m\u001b[0m simulation failed: DAE structural proof failed: structurally singular \u001b[31m\u2502\u001b[0m system: 3 matched out of 4 equations and 4 unknowns"", ""raw"": ""reading /tmp/tmpeopfa43k/traced.rbc (bitcode v2, cbor) Simulating TRANSFORM.HeatAndMassTransfer.BoundaryConditions.Heat.ParallelFlow to t=1 with 4 trace point(s)... \u001b[31m\u001b[0m simulation failed: DAE structural proof failed: structurally singular \u001b[31m\u2502\u001b[0m system: 3 matched out of 4 equations and 4 unknowns"", ""tool_side"": false}",/data/mrumoca/eval/results_v3/transform/runtime_free.jsonl
transform,runtime-v3,TRANSFORM.HeatAndMassTransfer.BoundaryConditions.Mass.AdiabaticMass,0,network-port-unconnected,low,False,execution-not-completed,"{""connector"": ""port"", ""component"": ""<top level>"", ""component_class"": ""unknown"", ""flows_forced_to_zero"": ""port.n_flow"", ""note"": ""nothing is connected to this port, so MLS \u00a79.2 forces its flow to zero. That is correct for a component compiled on its own and is not a defect; it is recorded because it is the commonest reason a model looks structurally singular""}",/data/mrumoca/eval/results_v3/transform/runtime_free.jsonl
transform,runtime-v3,TRANSFORM.HeatAndMassTransfer.BoundaryConditions.Mass.AdiabaticMass,1,network-component-isolated,low,False,execution-not-completed,"{""component"": ""<top level>"", ""component_class"": ""unknown"", ""ports"": ""port"", ""note"": ""every port of this instance is unconnected, so it exchanges nothing with the rest of the model while still contributing its equations""}",/data/mrumoca/eval/results_v3/transform/runtime_free.jsonl
transform,runtime-v3,TRANSFORM.HeatAndMassTransfer.BoundaryConditions.Mass.AdiabaticMass,2,network-observation-incomplete,info,False,execution-not-completed,"{""reason"": ""missing or unsynchronized connector member observations"", ""note"": ""coverage gap, not a model defect""}",/data/mrumoca/eval/results_v3/transform/runtime_free.jsonl
transform,runtime-v3,TRANSFORM.HeatAndMassTransfer.BoundaryConditions.Mass.AdiabaticMass,3,initialization-failure,high,False,execution-not-completed,"{""failure_kind"": ""singular-system"", ""reason"": ""itions.Mass.AdiabaticMass to t=1 with 2 trace point(s)... \u001b[31m\u001b[0m simulation failed: DAE structural proof failed: structurally singular \u001b[31m\u2502\u001b[0m system: 1 matched out of 2 equations and 2 unknowns"", ""raw"": ""reading /tmp/tmpd47gf1l6/traced.rbc (bitcode v2, cbor) Simulating TRANSFORM.HeatAndMassTransfer.BoundaryConditions.Mass.AdiabaticMass to t=1 with 2 trace point(s)... \u001b[31m\u001b[0m simulation failed: DAE structural proof failed: structurally singular \u001b[31m\u2502\u001b[0m system: 1 matched out of 2 equations and 2 unknowns"", ""tool_side"": false}",/data/mrumoca/eval/results_v3/transform/runtime_free.jsonl
transform,runtime-v3,TRANSFORM.HeatAndMassTransfer.BoundaryConditions.Heat.Temperature,0,network-port-unconnected,low,False,standalone-topology-not-defect-proof,"{""connector"": ""port"", ""component"": ""<top level>"", ""component_class"": ""unknown"", ""flows_forced_to_zero"": ""port.Q_flow"", ""note"": ""nothing is connected to this port, so MLS \u00a79.2 forces its flow to zero. That is correct for a component compiled on its own and is not a defect; it is recorded because it is the commonest reason a model looks structurally singular""}",/data/mrumoca/eval/results_v3/transform/runtime_free.jsonl
transform,runtime-v3,TRANSFORM.HeatAndMassTransfer.BoundaryConditions.Heat.Temperature,1,network-component-isolated,low,False,standalone-topology-not-defect-proof,"{""component"": ""<top level>"", ""component_class"": ""unknown"", ""ports"": ""port"", ""note"": ""every port of this instance is unconnected, so it exchanges nothing with the rest of the model while still contributing its equations""}",/data/mrumoca/eval/results_v3/transform/runtime_free.jsonl
transform,runtime-v3,TRANSFORM.HeatAndMassTransfer.BoundaryConditions.Heat.Temperature_multi,0,network-port-unconnected,low,False,standalone-topology-not-defect-proof,"{""connector"": ""port[1]"", ""component"": ""<top level>"", ""component_class"": ""unknown"", ""flows_forced_to_zero"": ""port[1].Q_flow"", ""note"": ""nothing is connected to this port, so MLS \u00a79.2 forces its flow to zero. That is correct for a component compiled on its own and is not a defect; it is recorded because it is the commonest reason a model looks structurally singular""}",/data/mrumoca/eval/results_v3/transform/runtime_free.jsonl
transform,runtime-v3,TRANSFORM.HeatAndMassTransfer.BoundaryConditions.Heat.Temperature_multi,1,network-component-isolated,low,False,standalone-topology-not-defect-proof,"{""component"": ""<top level>"", ""component_class"": ""unknown"", ""ports"": ""port[1]"", ""note"": ""every port of this instance is unconnected, so it exchanges nothing with the rest of the model while still contributing its equations""}",/data/mrumoca/eval/results_v3/transform/runtime_free.jsonl
transform,runtime-v3,TRANSFORM.HeatAndMassTransfer.BoundaryConditions.Mass.Concentration,0,network-port-unconnected,low,False,standalone-topology-not-defect-proof,"{""connector"": ""port"", ""component"": ""<top level>"", ""component_class"": ""unknown"", ""flows_forced_to_zero"": ""port.n_flow"", ""note"": ""nothing is connected to this port, so MLS \u00a79.2 forces its flow to zero. That is correct for a component compiled on its own and is not a defect; it is recorded because it is the commonest reason a model looks structurally singular""}",/data/mrumoca/eval/results_v3/transform/runtime_free.jsonl
transform,runtime-v3,TRANSFORM.HeatAndMassTransfer.BoundaryConditions.Mass.Concentration,1,network-component-isolated,low,False,standalone-topology-not-defect-proof,"{""component"": ""<top level>"", ""component_class"": ""unknown"", ""ports"": ""port"", ""note"": ""every port of this instance is unconnected, so it exchanges nothing with the rest of the model while still contributing its equations""}",/data/mrumoca/eval/results_v3/transform/runtime_free.jsonl
transform,runtime-v3,TRANSFORM.HeatAndMassTransfer.BoundaryConditions.Mass.CounterFlow,0,network-port-unconnected,low,False,execution-not-completed,"{""connector"": ""port_a[1]"", ""component"": ""<top level>"", ""component_class"": ""unknown"", ""flows_forced_to_zero"": ""port_a[1].n_flow"", ""note"": ""nothing is connected to this port, so MLS \u00a79.2 forces its flow to zero. That is correct for a component compiled on its own and is not a defect; it is recorded because it is the commonest reason a model looks structurally singular""}",/data/mrumoca/eval/results_v3/transform/runtime_free.jsonl
transform,runtime-v3,TRANSFORM.HeatAndMassTransfer.BoundaryConditions.Mass.CounterFlow,1,network-port-unconnected,low,False,execution-not-completed,"{""connector"": ""port_b[1]"", ""component"": ""<top level>"", ""component_class"": ""unknown"", ""flows_forced_to_zero"": ""port_b[1].n_flow"", ""note"": ""nothing is connected to this port, so MLS \u00a79.2 forces its flow to zero. That is correct for a component compiled on its own and is not a defect; it is recorded because it is the commonest reason a model looks structurally singular""}",/data/mrumoca/eval/results_v3/transform/runtime_free.jsonl
transform,runtime-v3,TRANSFORM.HeatAndMassTransfer.BoundaryConditions.Mass.CounterFlow,2,network-component-isolated,low,False,execution-not-completed,"{""component"": ""<top level>"", ""component_class"": ""unknown"", ""ports"": ""port_a[1], port_b[1]"", ""note"": ""every port of this instance is unconnected, so it exchanges nothing with the rest of the model while still contributing its equations""}",/data/mrumoca/eval/results_v3/transform/runtime_free.jsonl
transform,runtime-v3,TRANSFORM.HeatAndMassTransfer.BoundaryConditions.Mass.CounterFlow,3,network-observation-incomplete,info,False,execution-not-completed,"{""reason"": ""missing or unsynchronized connector member observations"", ""note"": ""coverage gap, not a model defect""}",/data/mrumoca/eval/results_v3/transform/runtime_free.jsonl
transform,runtime-v3,TRANSFORM.HeatAndMassTransfer.BoundaryConditions.Mass.CounterFlow,4,initialization-failure,high,False,execution-not-completed,"{""failure_kind"": ""singular-system"", ""reason"": ""nditions.Mass.CounterFlow to t=1 with 4 trace point(s)... \u001b[31m\u001b[0m simulation failed: DAE structural proof failed: structurally singular \u001b[31m\u2502\u001b[0m system: 6 matched out of 8 equations and 8 unknowns"", ""raw"": ""reading /tmp/tmpljhcfmqn/traced.rbc (bitcode v2, cbor) Simulating TRANSFORM.HeatAndMassTransfer.BoundaryConditions.Mass.CounterFlow to t=1 with 4 trace point(s)... \u001b[31m\u001b[0m simulation failed: DAE structural proof failed: structurally singular \u001b[31m\u2502\u001b[0m system: 6 matched out of 8 equations and 8 unknowns"", ""tool_side"": false}",/data/mrumoca/eval/results_v3/transform/runtime_free.jsonl
transform,runtime-v3,TRANSFORM.HeatAndMassTransfer.BoundaryConditions.Mass.MassFlow,0,network-port-unconnected,low,False,execution-not-completed,"{""connector"": ""port"", ""component"": ""<top level>"", ""component_class"": ""unknown"", ""flows_forced_to_zero"": ""port.n_flow"", ""note"": ""nothing is connected to this port, so MLS \u00a79.2 forces its flow to zero. That is correct for a component compiled on its own and is not a defect; it is recorded because it is the commonest reason a model looks structurally singular""}",/data/mrumoca/eval/results_v3/transform/runtime_free.jsonl
transform,runtime-v3,TRANSFORM.HeatAndMassTransfer.BoundaryConditions.Mass.MassFlow,1,network-component-isolated,low,False,execution-not-completed,"{""component"": ""<top level>"", ""component_class"": ""unknown"", ""ports"": ""port"", ""note"": ""every port of this instance is unconnected, so it exchanges nothing with the rest of the model while still contributing its equations""}",/data/mrumoca/eval/results_v3/transform/runtime_free.jsonl
transform,runtime-v3,TRANSFORM.HeatAndMassTransfer.BoundaryConditions.Mass.MassFlow,2,network-observation-incomplete,info,False,execution-not-completed,"{""reason"": ""missing or unsynchronized connector member observations"", ""note"": ""coverage gap, not a model defect""}",/data/mrumoca/eval/results_v3/transform/runtime_free.jsonl
transform,runtime-v3,TRANSFORM.HeatAndMassTransfer.BoundaryConditions.Mass.MassFlow,3,initialization-failure,high,False,execution-not-completed,"{""failure_kind"": ""singular-system"", ""reason"": ""yConditions.Mass.MassFlow to t=1 with 3 trace point(s)... \u001b[31m\u001b[0m simulation failed: DAE structural proof failed: structurally singular \u001b[31m\u2502\u001b[0m system: 2 matched out of 3 equations and 3 unknowns"", ""raw"": ""reading /tmp/tmpvkwmwhdl/traced.rbc (bitcode v2, cbor) Simulating TRANSFORM.HeatAndMassTransfer.BoundaryConditions.Mass.MassFlow to t=1 with 3 trace point(s)... \u001b[31m\u001b[0m simulation failed: DAE structural proof failed: structurally singular \u001b[31m\u2502\u001b[0m system: 2 matched out of 3 equations and 3 unknowns"", ""tool_side"": false}",/data/mrumoca/eval/results_v3/transform/runtime_free.jsonl
transform,runtime-v3,TRANSFORM.HeatAndMassTransfer.BoundaryConditions.Mass.ParallelFlow,0,network-port-unconnected,low,False,execution-not-completed,"{""connector"": ""port_1"", ""component"": ""<top level>"", ""component_class"": ""unknown"", ""flows_forced_to_zero"": ""port_1.n_flow"", ""note"": ""nothing is connected to this port, so MLS \u00a79.2 forces its flow to zero. That is correct for a component compiled on its own and is not a defect; it is recorded because it is the commonest reason a model looks structurally singular""}",/data/mrumoca/eval/results_v3/transform/runtime_free.jsonl
transform,runtime-v3,TRANSFORM.HeatAndMassTransfer.BoundaryConditions.Mass.ParallelFlow,1,network-port-unconnected,low,False,execution-not-completed,"{""connector"": ""port_n"", ""component"": ""<top level>"", ""component_class"": ""unknown"", ""flows_forced_to_zero"": ""port_n.n_flow"", ""note"": ""nothing is connected to this port, so MLS \u00a79.2 forces its flow to zero. That is correct for a component compiled on its own and is not a defect; it is recorded because it is the commonest reason a model looks structurally singular""}",/data/mrumoca/eval/results_v3/transform/runtime_free.jsonl
transform,runtime-v3,TRANSFORM.HeatAndMassTransfer.BoundaryConditions.Mass.ParallelFlow,2,network-component-isolated,low,False,execution-not-completed,"{""component"": ""<top level>"", ""component_class"": ""unknown"", ""ports"": ""port_1, port_n"", ""note"": ""every port of this instance is unconnected, so it exchanges nothing with the rest of the model while still contributing its equations""}",/data/mrumoca/eval/results_v3/transform/runtime_free.jsonl
transform,runtime-v3,TRANSFORM.HeatAndMassTransfer.BoundaryConditions.Mass.ParallelFlow,3,network-observation-incomplete,info,False,execution-not-completed,"{""reason"": ""missing or unsynchronized connector member observations"", ""note"": ""coverage gap, not a model defect""}",/data/mrumoca/eval/results_v3/transform/runtime_free.jsonl
transform,runtime-v3,TRANSFORM.HeatAndMassTransfer.BoundaryConditions.Mass.ParallelFlow,4,initialization-failure,high,False,execution-not-completed,"{""failure_kind"": ""singular-system"", ""reason"": ""ditions.Mass.ParallelFlow to t=1 with 4 trace point(s)... \u001b[31m\u001b[0m simulation failed: DAE structural proof failed: structurally singular \u001b[31m\u2502\u001b[0m system: 3 matched out of 4 equations and 4 unknowns"", ""raw"": ""reading /tmp/tmpjiv1x05s/traced.rbc (bitcode v2, cbor) Simulating TRANSFORM.HeatAndMassTransfer.BoundaryConditions.Mass.ParallelFlow to t=1 with 4 trace point(s)... \u001b[31m\u001b[0m simulation failed: DAE structural proof failed: structurally singular \u001b[31m\u2502\u001b[0m system: 3 matched out of 4 equations and 4 unknowns"", ""tool_side"": false}",/data/mrumoca/eval/results_v3/transform/runtime_free.jsonl
transform,runtime-v3,TRANSFORM.HeatAndMassTransfer.ClosureRelations.HeatTransfer.Functions.Examples.SinglePhase.ExternalFlow.LiquidMetal.check_Nu_Borishanskii,0,extreme-magnitude,medium,False,source-sentinel-or-protection-not-defect-proof,"{""variable"": ""unitTests.Error_rms"", ""value"": 1.7976931348623157e+308, ""anchor_quality"": ""canonical""}",/data/mrumoca/eval/results_v3/transform/runtime_free.jsonl
transform,runtime-v3,TRANSFORM.HeatAndMassTransfer.ClosureRelations.HeatTransfer.Functions.Examples.SinglePhase.ExternalFlow.LiquidMetal.check_Nu_modifiedSchad,0,extreme-magnitude,medium,False,source-sentinel-or-protection-not-defect-proof,"{""variable"": ""unitTests.Error_rms"", ""value"": 1.7976931348623157e+308, ""anchor_quality"": ""canonical""}",/data/mrumoca/eval/results_v3/transform/runtime_free.jsonl
transform,runtime-v3,TRANSFORM.HeatAndMassTransfer.ClosureRelations.HeatTransfer.Functions.Examples.SinglePhase.ExternalFlow.LiquidMetal.check_Nu_FFTF,0,extreme-magnitude,medium,False,source-sentinel-or-protection-not-defect-proof,"{""variable"": ""unitTests.Error_rms"", ""value"": 1.7976931348623157e+308, ""anchor_quality"": ""canonical""}",/data/mrumoca/eval/results_v3/transform/runtime_free.jsonl
transform,runtime-v3,TRANSFORM.HeatAndMassTransfer.ClosureRelations.HeatTransfer.Functions.Examples.SinglePhase.ExternalFlow.LiquidMetal.check_Nu_GraberRieger,0,extreme-magnitude,medium,False,source-sentinel-or-protection-not-defect-proof,"{""variable"": ""unitTests.Error_rms"", ""value"": 1.7976931348623157e+308, ""anchor_quality"": ""canonical""}",/data/mrumoca/eval/results_v3/transform/runtime_free.jsonl
transform,runtime-v3,TRANSFORM.HeatAndMassTransfer.ClosureRelations.HeatTransfer.Functions.Examples.SinglePhase.InternalFlow.check_Nu_Laminar_Local_Developed_Circular,0,extreme-magnitude,medium,False,source-sentinel-or-protection-not-defect-proof,"{""variable"": ""unitTests.Error_rms"", ""value"": 1.7976931348623157e+308, ""anchor_quality"": ""canonical""}",/data/mrumoca/eval/results_v3/transform/runtime_free.jsonl
transform,runtime-v3,TRANSFORM.HeatAndMassTransfer.ClosureRelations.HeatTransfer.Functions.Examples.SinglePhase.InternalFlow.check_Nu_DittusBoelter,0,extreme-magnitude,medium,False,source-sentinel-or-protection-not-defect-proof,"{""variable"": ""unitTests.Error_rms"", ""value"": 1.7976931348623157e+308, ""anchor_quality"": ""canonical""}",/data/mrumoca/eval/results_v3/transform/runtime_free.jsonl
transform,runtime-v3,TRANSFORM.HeatAndMassTransfer.ClosureRelations.HeatTransfer.Functions.Examples.SinglePhase.InternalFlow.check_Nu_SiederTate,0,extreme-magnitude,medium,False,source-sentinel-or-protection-not-defect-proof,"{""variable"": ""unitTests.Error_rms"", ""value"": 1.7976931348623157e+308, ""anchor_quality"": ""canonical""}",/data/mrumoca/eval/results_v3/transform/runtime_free.jsonl
transform,runtime-v3,TRANSFORM.HeatAndMassTransfer.ClosureRelations.HeatTransfer.Functions.Examples.SinglePhase.InternalFlow.check_Nu_LiquidMetal_Developed_Circular,0,extreme-magnitude,medium,False,source-sentinel-or-protection-not-defect-proof,"{""variable"": ""unitTests.Error_rms"", ""value"": 1.7976931348623157e+308, ""anchor_quality"": ""canonical""}",/data/mrumoca/eval/results_v3/transform/runtime_free.jsonl
transform,runtime-v3,TRANSFORM.HeatAndMassTransfer.ClosureRelations.HeatTransfer.Functions.Examples.SinglePhase.InternalFlow.check_Nu_Overall_Local_Developed_Circular,0,extreme-magnitude,medium,False,source-sentinel-or-protection-not-defect-proof,"{""variable"": ""unitTests.Error_rms"", ""value"": 1.7976931348623157e+308, ""anchor_quality"": ""canonical""}",/data/mrumoca/eval/results_v3/transform/runtime_free.jsonl
transform,runtime-v3,TRANSFORM.HeatAndMassTransfer.ClosureRelations.HeatTransfer.Functions.Examples.SinglePhase.InternalFlow.check_Nu_Laminar_Local_Developed_Rectangular,0,extreme-magnitude,medium,False,source-sentinel-or-protection-not-defect-proof,"{""variable"": ""unitTests.Error_rms"", ""value"": 1.7976931348623157e+308, ""anchor_quality"": ""canonical""}",/data/mrumoca/eval/results_v3/transform/runtime_free.jsonl
transform,runtime-v3,TRANSFORM.HeatAndMassTransfer.DiscritizedModels.BaseClasses.Dimensions_1.BackwardDifferenceMass_1O,0,simulation-failure,high,True,execution-not-completed,"{""failure_kind"": ""non-finite-value"", ""reason"": ""s)... \u001b[31m\u001b[0m simulation failed: non-finite (NaN) value computed for `n_flows_1[1,1]` @ \u001b[31m\u2502\u001b[0m Span { source: SourceId(9459496842704978483), start: BytePos(1524), end: \u001b[31m\u2502\u001b[0m BytePos(1550) }"", ""raw"": ""reading /tmp/tmpxfuydy6o/traced.rbc (bitcode v2, cbor) holding 6 free input(s) constant at their start values: Cs_1[1,1]=0, Cs_1[2,1]=0, crossAreas_1[1]=0, lengths_1[1]=0, D_abs_1[1,1]=0, D_abs_1[2,1]=0 Simulating TRANSFORM.HeatAndMassTransfer.DiscritizedModels.BaseClasses.Dimensions_1.BackwardDifferenceMass_1O to t=1 with 5 trace point(s)... \u001b[31m\u001b[0m simulation failed: non-finite (NaN) value com"", ""tool_side"": false}",/data/mrumoca/eval/results_v3/transform/runtime_free.jsonl
transform,runtime-v3,TRANSFORM.HeatAndMassTransfer.ClosureRelations.HeatTransfer.Functions.Examples.TwoPhase.PostCHF.alpha_Groeneveld,0,physical-bound-permits-zero,low,False,hold-needs-independent-evidence,"{""domain"": ""fluid"", ""rule"": ""fluid.density.positive"", ""rule_origin"": ""mass per volume of a real fluid; density appears as a divisor throughout the Fluid library"", ""rule_reference"": """", ""matched_by"": {""quantity"": ""Density"", ""unit"": ""kg/m3"", ""confidence"": ""QUANTITY_AND_UNIT"", ""premise_state"": ""unknown"", ""authority"": ""quantity_or_unit"", ""canonical_declaration"": ""TRANSFORM.HeatAndMassTransfer.ClosureRelations.HeatTransfer.Functions.Examples.TwoPhase.PostCHF.alpha_Groeneveld.rho_lsat""}, ""required"": ""rho_lsat > 0"", ""declared_min"": 0.0, ""variable_role"": ""parameter"", ""premise_state"": ""established"", ""authority"": ""source_arithmetic"", ""canonical_declaration"": ""TRANSFORM.HeatAndMassTransfer.ClosureRelations.HeatTransfer.Functions.Examples.TwoPhase.PostCHF.alpha_Groeneveld.rho_lsat"", ""contract_source"": ""equation"", ""premise_reason"": ""a source equation divides by this parameter, so the value is excluded by arithmetic rather than by intent"", ""note"": ""the declaration explicitly permits zero (`min=0`); whether zero is actually admissible needs execution, and for Mass/Inertia it is not""}",/data/mrumoca/eval/results_v3/transform/runtime_free.jsonl
transform,runtime-v3,TRANSFORM.HeatAndMassTransfer.ClosureRelations.HeatTransfer.Functions.Examples.TwoPhase.PostCHF.alpha_Groeneveld,1,physical-intent-question,low,False,advisory-or-explicit-non-defect,"{""domain"": ""fluid"", ""rule"": ""fluid.density.positive"", ""rule_origin"": ""mass per volume of a real fluid; density appears as a divisor throughout the Fluid library"", ""rule_reference"": """", ""matched_by"": {""quantity"": ""Density"", ""unit"": ""kg/m3"", ""confidence"": ""QUANTITY_AND_UNIT"", ""premise_state"": ""unknown"", ""authority"": ""quantity_or_unit"", ""canonical_declaration"": ""TRANSFORM.HeatAndMassTransfer.ClosureRelations.HeatTransfer.Functions.Examples.TwoPhase.PostCHF.alpha_Groeneveld.rho_vsat""}, ""required"": ""rho_vsat > 0"", ""declared_min"": 0.0, ""variable_role"": ""parameter"", ""observation"": ""permissive-declaration"", ""premise_state"": ""unknown"", ""authority"": ""quantity_or_unit"", ""canonical_declaration"": ""TRANSFORM.HeatAndMassTransfer.ClosureRelations.HeatTransfer.Functions.Examples.TwoPhase.PostCHF.alpha_Groeneveld.rho_vsat"", ""question"": ""`rho_vsat` is bounded only by min=0, which is unusual for a density \u2014 but nothing declares what this component is, so the analyzer cannot tell whether it is intended. Is it? If so, declare it: add a component contract, or a `[[contracts]]` entry naming the intended `sign_domain`. If not, bound the declaration.""}",/data/mrumoca/eval/results_v3/transform/runtime_free.jsonl
transform,runtime-v3,TRANSFORM.HeatAndMassTransfer.ClosureRelations.HeatTransfer.Functions.Examples.TwoPhase.PostCHF.alpha_Groeneveld,2,physical-zero-is-a-supported-limit,low,False,advisory-or-explicit-non-defect,"{""domain"": ""fluid"", ""rule"": ""fluid.area.positive"", ""rule_origin"": ""a flow cross-section is a divisor in every velocity relation; zero area admits no flow and divides by zero"", ""rule_reference"": """", ""matched_by"": {""quantity"": ""Area"", ""unit"": ""m2"", ""confidence"": ""QUANTITY_AND_UNIT"", ""premise_state"": ""unknown"", ""authority"": ""quantity_or_unit"", ""canonical_declaration"": ""TRANSFORM.HeatAndMassTransfer.ClosureRelations.HeatTransfer.Functions.Examples.TwoPhase.PostCHF.alpha_Groeneveld.crossArea""}, ""required"": ""crossArea > 0"", ""declared_min"": null, ""variable_role"": ""parameter"", ""premise_state"": ""refuted"", ""authority"": ""component_contract"", ""contract"": ""TRANSFORM.HeatAndMassTransfer.ClosureRelations.HeatTransfer.Functions.Examples.TwoPhase.PostCHF.alpha_Groeneveld.crossArea: feature_disabled (proven, from equation) \u2014 the parameter appears only as a multiplier, so at zero the term it scales drops out and the rest of the model is unaffected"", ""contract_behavior"": ""feature_disabled"", ""contract_confidence"": ""proven"", ""contract_source"": ""equation"", ""note"": ""the positivity rule does not apply: this component documents zero as a meaningful limit, so reporting a missing bound would contradict its contract""}",/data/mrumoca/eval/results_v3/transform/runtime_free.jsonl
transform,runtime-v3,TRANSFORM.HeatAndMassTransfer.ClosureRelations.HeatTransfer.Functions.Examples.TwoPhase.PostCHF.alpha_Groeneveld,3,extreme-magnitude,medium,False,source-sentinel-or-protection-not-defect-proof,"{""variable"": ""unitTests.Error_rms"", ""value"": 1.7976931348623157e+308, ""anchor_quality"": ""canonical""}",/data/mrumoca/eval/results_v3/transform/runtime_free.jsonl
transform,runtime-v3,TRANSFORM.HeatAndMassTransfer.DiscritizedModels.BaseClasses.Dimensions_1.ForwardDifferenceMass_1O,0,simulation-failure,high,True,execution-not-completed,"{""failure_kind"": ""non-finite-value"", ""reason"": ""s)... \u001b[31m\u001b[0m simulation failed: non-finite (NaN) value computed for `n_flows_1[1,1]` @ \u001b[31m\u2502\u001b[0m Span { source: SourceId(9459496842704978483), start: BytePos(1524), end: \u001b[31m\u2502\u001b[0m BytePos(1550) }"", ""raw"": ""reading /tmp/tmpu18291kk/traced.rbc (bitcode v2, cbor) holding 6 free input(s) constant at their start values: Cs_1[1,1]=0, Cs_1[2,1]=0, crossAreas_1[1]=0, lengths_1[1]=0, D_abs_1[1,1]=0, D_abs_1[2,1]=0 Simulating TRANSFORM.HeatAndMassTransfer.DiscritizedModels.BaseClasses.Dimensions_1.ForwardDifferenceMass_1O to t=1 with 5 trace point(s)... \u001b[31m\u001b[0m simulation failed: non-finite (NaN) value comp"", ""tool_side"": false}",/data/mrumoca/eval/results_v3/transform/runtime_free.jsonl
transform,runtime-v3,TRANSFORM.HeatAndMassTransfer.ClosureRelations.HeatTransfer.Functions.Examples.SinglePhase.InternalFlow.check_Nu_Turbulent_Local_Developed,0,extreme-magnitude,medium,False,source-sentinel-or-protection-not-defect-proof,"{""variable"": ""unitTests.Error_rms"", ""value"": 1.7976931348623157e+308, ""anchor_quality"": ""canonical""}",/data/mrumoca/eval/results_v3/transform/runtime_free.jsonl
transform,runtime-v3,TRANSFORM.HeatAndMassTransfer.DiscritizedModels.ClassicalMethod.Interfaces.ScalePower,0,network-port-unconnected,low,False,standalone-topology-not-defect-proof,"{""connector"": ""heatPorts_a[1]"", ""component"": ""<top level>"", ""component_class"": ""unknown"", ""flows_forced_to_zero"": ""heatPorts_a[1].Q_flow"", ""note"": ""nothing is connected to this port, so MLS \u00a79.2 forces its flow to zero. That is correct for a component compiled on its own and is not a defect; it is recorded because it is the commonest reason a model looks structurally singular""}",/data/mrumoca/eval/results_v3/transform/runtime_free.jsonl
transform,runtime-v3,TRANSFORM.HeatAndMassTransfer.DiscritizedModels.ClassicalMethod.Interfaces.ScalePower,1,network-boundary-port,low,False,standalone-topology-not-defect-proof,"{""node"": ""heatPorts_b[1] -- prescribedHeatFlow[1].port"", ""boundary_connectors"": ""heatPorts_b[1]"", ""wired_to"": ""prescribedHeatFlow[1].port"", ""note"": ""this connector belongs to the model itself, not to a component inside it: the model is an interface compiled on its own, so the node is open on one side. Nothing forces its flow, which is why a structural matching reports an unmatched unknown here. Not a defect in the model""}",/data/mrumoca/eval/results_v3/transform/runtime_free.jsonl
transform,runtime-v3,TRANSFORM.HeatAndMassTransfer.FinEfficiency.GenericFin,0,simulation-failure,high,True,execution-not-completed,"{""failure_kind"": ""non-finite-value"", ""reason"": ""eter=0, L=0, crossArea=0 Simulating TRANSFORM.HeatAndMassTransfer.FinEfficiency.GenericFin to t=1 with 10 trace point(s)... \u001b[31m\u001b[0m simulation failed: numeric evaluation produced a non-finite result"", ""raw"": ""reading /tmp/tmpsk6jw9gu/traced.rbc (bitcode v2, cbor) holding 5 free input(s) constant at their start values: alpha=0, lambda=0, perimeter=0, L=0, crossArea=0 Simulating TRANSFORM.HeatAndMassTransfer.FinEfficiency.GenericFin to t=1 with 10 trace point(s)... \u001b[31m\u001b[0m simulation failed: numeric evaluation produced a non-finite result"", ""tool_side"": false}",/data/mrumoca/eval/results_v3/transform/runtime_free.jsonl
transform,runtime-v3,TRANSFORM.HeatAndMassTransfer.DiscritizedModels.ClassicalMethod.Interfaces.Examples.ScalePower_Test,0,physical-runtime-invariant-unobserved,low,False,coverage-gap,"{""domain"": ""fluid"", ""rule"": ""fluid.density.positive"", ""rule_origin"": ""mass per volume of a real fluid; density appears as a divisor throughout the Fluid library"", ""rule_reference"": """", ""matched_by"": {""quantity"": ""Density"", ""unit"": ""kg/m3"", ""confidence"": ""QUANTITY_AND_UNIT"", ""premise_state"": ""unknown"", ""authority"": ""quantity_or_unit"", ""canonical_declaration"": ""TRANSFORM.HeatAndMassTransfer.Volumes.UnitVolume.d""}, ""required"": ""heatCapacitor_Right.d > 0"", ""variable_role"": ""algebraic"", ""note"": ""this is a runtime property of a algebraic variable, not a declaration a user can bound; deciding it needs an observation""}",/data/mrumoca/eval/results_v3/transform/runtime_free.jsonl
transform,runtime-v3,TRANSFORM.HeatAndMassTransfer.DiscritizedModels.ClassicalMethod.Interfaces.Examples.ScalePower_Test,1,physical-runtime-invariant-unobserved,low,False,coverage-gap,"{""domain"": ""fluid"", ""rule"": ""fluid.density.positive"", ""rule_origin"": ""mass per volume of a real fluid; density appears as a divisor throughout the Fluid library"", ""rule_reference"": """", ""matched_by"": {""quantity"": ""Density"", ""unit"": ""kg/m3"", ""confidence"": ""QUANTITY_AND_UNIT"", ""premise_state"": ""unknown"", ""authority"": ""quantity_or_unit"", ""canonical_declaration"": ""TRANSFORM.HeatAndMassTransfer.Volumes.UnitVolume.d""}, ""required"": ""heatCapacitor_Left.d > 0"", ""variable_role"": ""algebraic"", ""note"": ""this is a runtime property of a algebraic variable, not a declaration a user can bound; deciding it needs an observation""}",/data/mrumoca/eval/results_v3/transform/runtime_free.jsonl
transform,runtime-v3,TRANSFORM.HeatAndMassTransfer.FinEfficiency.SpineRectangular,0,simulation-failure,high,True,execution-not-completed,"{""failure_kind"": ""non-finite-value"", ""reason"": "" lambda=0, D=0, L=0 Simulating TRANSFORM.HeatAndMassTransfer.FinEfficiency.SpineRectangular to t=1 with 8 trace point(s)... \u001b[31m\u001b[0m simulation failed: numeric evaluation produced a non-finite result"", ""raw"": ""reading /tmp/tmpptlgy17y/traced.rbc (bitcode v2, cbor) holding 4 free input(s) constant at their start values: alpha=0, lambda=0, D=0, L=0 Simulating TRANSFORM.HeatAndMassTransfer.FinEfficiency.SpineRectangular to t=1 with 8 trace point(s)... \u001b[31m\u001b[0m simulation failed: numeric evaluation produced a non-finite result"", ""tool_side"": false}",/data/mrumoca/eval/results_v3/transform/runtime_free.jsonl
transform,runtime-v3,TRANSFORM.HeatAndMassTransfer.FinEfficiency.StraightParabolic,0,simulation-failure,high,True,execution-not-completed,"{""failure_kind"": ""non-finite-value"", ""reason"": ""0, th=0, L=0, W=0 Simulating TRANSFORM.HeatAndMassTransfer.FinEfficiency.StraightParabolic to t=1 with 10 trace point(s)... \u001b[31m\u001b[0m simulation failed: numeric evaluation produced a non-finite result"", ""raw"": ""reading /tmp/tmpu2rfj9oo/traced.rbc (bitcode v2, cbor) holding 5 free input(s) constant at their start values: alpha=0, lambda=0, th=0, L=0, W=0 Simulating TRANSFORM.HeatAndMassTransfer.FinEfficiency.StraightParabolic to t=1 with 10 trace point(s)... \u001b[31m\u001b[0m simulation failed: numeric evaluation produced a non-finite result"", ""tool_side"": false}",/data/mrumoca/eval/results_v3/transform/runtime_free.jsonl
transform,runtime-v3,TRANSFORM.HeatAndMassTransfer.FinEfficiency.StraightRectangular,0,simulation-failure,high,True,execution-not-completed,"{""failure_kind"": ""non-finite-value"", ""reason"": "", th=0, L=0, W=0 Simulating TRANSFORM.HeatAndMassTransfer.FinEfficiency.StraightRectangular to t=1 with 9 trace point(s)... \u001b[31m\u001b[0m simulation failed: numeric evaluation produced a non-finite result"", ""raw"": ""reading /tmp/tmpiw7x9s6n/traced.rbc (bitcode v2, cbor) holding 5 free input(s) constant at their start values: alpha=0, lambda=0, th=0, L=0, W=0 Simulating TRANSFORM.HeatAndMassTransfer.FinEfficiency.StraightRectangular to t=1 with 9 trace point(s)... \u001b[31m\u001b[0m simulation failed: numeric evaluation produced a non-finite result"", ""tool_side"": false}",/data/mrumoca/eval/results_v3/transform/runtime_free.jsonl
transform,runtime-v3,TRANSFORM.HeatAndMassTransfer.Examples.ResistanceCheck,0,extreme-magnitude,medium,False,source-sentinel-or-protection-not-defect-proof,"{""variable"": ""unitTests.Error_rms"", ""value"": 1.7976931348623157e+308, ""anchor_quality"": ""canonical""}",/data/mrumoca/eval/results_v3/transform/runtime_free.jsonl
transform,runtime-v3,TRANSFORM.HeatAndMassTransfer.Resistances.Heat.Contact,0,network-port-unconnected,low,True,execution-not-completed,"{""connector"": ""port_a"", ""component"": ""<top level>"", ""component_class"": ""unknown"", ""flows_forced_to_zero"": ""port_a.Q_flow"", ""note"": ""nothing is connected to this port, so MLS \u00a79.2 forces its flow to zero. That is correct for a component compiled on its own and is not a defect; it is recorded because it is the commonest reason a model looks structurally singular""}",/data/mrumoca/eval/results_v3/transform/runtime_free.jsonl
transform,runtime-v3,TRANSFORM.HeatAndMassTransfer.Resistances.Heat.Contact,1,network-port-unconnected,low,True,execution-not-completed,"{""connector"": ""port_b"", ""component"": ""<top level>"", ""component_class"": ""unknown"", ""flows_forced_to_zero"": ""port_b.Q_flow"", ""note"": ""nothing is connected to this port, so MLS \u00a79.2 forces its flow to zero. That is correct for a component compiled on its own and is not a defect; it is recorded because it is the commonest reason a model looks structurally singular""}",/data/mrumoca/eval/results_v3/transform/runtime_free.jsonl
transform,runtime-v3,TRANSFORM.HeatAndMassTransfer.Resistances.Heat.Contact,2,network-component-isolated,low,True,execution-not-completed,"{""component"": ""<top level>"", ""component_class"": ""unknown"", ""ports"": ""port_a, port_b"", ""note"": ""every port of this instance is unconnected, so it exchanges nothing with the rest of the model while still contributing its equations""}",/data/mrumoca/eval/results_v3/transform/runtime_free.jsonl
transform,runtime-v3,TRANSFORM.HeatAndMassTransfer.Resistances.Heat.Contact,3,network-observation-incomplete,info,True,execution-not-completed,"{""reason"": ""missing or unsynchronized connector member observations"", ""note"": ""coverage gap, not a model defect""}",/data/mrumoca/eval/results_v3/transform/runtime_free.jsonl
transform,runtime-v3,TRANSFORM.HeatAndMassTransfer.Resistances.Heat.Contact,4,initialization-failure,high,True,execution-not-completed,"{""failure_kind"": ""singular-system"", ""reason"": "".Resistances.Heat.Contact to t=1 with 7 trace point(s)... \u001b[31m\u001b[0m simulation failed: DAE structural proof failed: structurally singular \u001b[31m\u2502\u001b[0m system: 4 matched out of 5 equations and 5 unknowns"", ""raw"": ""reading /tmp/tmpx61jvw6f/traced.rbc (bitcode v2, cbor) holding 2 free input(s) constant at their start values: surfaceArea=0, Rc_pp=0 Simulating TRANSFORM.HeatAndMassTransfer.Resistances.Heat.Contact to t=1 with 7 trace point(s)... \u001b[31m\u001b[0m simulation failed: DAE structural proof failed: structurally singular \u001b[31m\u2502\u001b[0m system: 4 matched out of 5 equations and 5 unknowns"", ""tool_side"": false}",/data/mrumoca/eval/results_v3/transform/runtime_free.jsonl
transform,runtime-v3,TRANSFORM.HeatAndMassTransfer.Examples.ExamplesFrom_NellisAndKlein.Example_1_2_1_LiquidOxygenDewar.part_ab_ThermalResistances,0,network-boundary-port,low,False,standalone-topology-not-defect-proof,"{""node"": ""display_r_ins_in -- display_r_ins_out -- display_r_out -- r_in -- r_ins_in -- r_ins_out -- r_out -- th_1 -- th_2 -- th_ins"", ""boundary_connectors"": ""display_r_ins_in, display_r_ins_out, display_r_out, r_in, r_ins_in, r_ins_out, r_out, th_1, th_2, th_ins"", ""wired_to"": ""nothing"", ""note"": ""this connector belongs to the model itself, not to a component inside it: the model is an interface compiled on its own, so the node is open on one side. Nothing forces its flow, which is why a structural matching reports an unmatched unknown here. Not a defect in the model""}",/data/mrumoca/eval/results_v3/transform/runtime_free.jsonl
transform,runtime-v3,TRANSFORM.HeatAndMassTransfer.Examples.ExamplesFrom_NellisAndKlein.Example_1_2_1_LiquidOxygenDewar.part_ab_ThermalResistances,1,extreme-magnitude,medium,False,source-sentinel-or-protection-not-defect-proof,"{""variable"": ""unitTests.Error_rms"", ""value"": 1.7976931348623157e+308, ""anchor_quality"": ""canonical""}",/data/mrumoca/eval/results_v3/transform/runtime_free.jsonl
transform,runtime-v3,TRANSFORM.HeatAndMassTransfer.Resistances.Heat.Cylinder,0,network-port-unconnected,low,True,execution-not-completed,"{""connector"": ""port_a"", ""component"": ""<top level>"", ""component_class"": ""unknown"", ""flows_forced_to_zero"": ""port_a.Q_flow"", ""note"": ""nothing is connected to this port, so MLS \u00a79.2 forces its flow to zero. That is correct for a component compiled on its own and is not a defect; it is recorded because it is the commonest reason a model looks structurally singular""}",/data/mrumoca/eval/results_v3/transform/runtime_free.jsonl
transform,runtime-v3,TRANSFORM.HeatAndMassTransfer.Resistances.Heat.Cylinder,1,network-port-unconnected,low,True,execution-not-completed,"{""connector"": ""port_b"", ""component"": ""<top level>"", ""component_class"": ""unknown"", ""flows_forced_to_zero"": ""port_b.Q_flow"", ""note"": ""nothing is connected to this port, so MLS \u00a79.2 forces its flow to zero. That is correct for a component compiled on its own and is not a defect; it is recorded because it is the commonest reason a model looks structurally singular""}",/data/mrumoca/eval/results_v3/transform/runtime_free.jsonl
transform,runtime-v3,TRANSFORM.HeatAndMassTransfer.Resistances.Heat.Cylinder,2,network-component-isolated,low,True,execution-not-completed,"{""component"": ""<top level>"", ""component_class"": ""unknown"", ""ports"": ""port_a, port_b"", ""note"": ""every port of this instance is unconnected, so it exchanges nothing with the rest of the model while still contributing its equations""}",/data/mrumoca/eval/results_v3/transform/runtime_free.jsonl
transform,runtime-v3,TRANSFORM.HeatAndMassTransfer.Resistances.Heat.Cylinder,3,network-observation-incomplete,info,True,execution-not-completed,"{""reason"": ""missing or unsynchronized connector member observations"", ""note"": ""coverage gap, not a model defect""}",/data/mrumoca/eval/results_v3/transform/runtime_free.jsonl
transform,runtime-v3,TRANSFORM.HeatAndMassTransfer.Resistances.Heat.Cylinder,4,initialization-failure,high,True,execution-not-completed,"{""failure_kind"": ""singular-system"", ""reason"": ""Resistances.Heat.Cylinder to t=1 with 9 trace point(s)... \u001b[31m\u001b[0m simulation failed: DAE structural proof failed: structurally singular \u001b[31m\u2502\u001b[0m system: 4 matched out of 5 equations and 5 unknowns"", ""raw"": ""reading /tmp/tmpk2jpv2hw/traced.rbc (bitcode v2, cbor) holding 4 free input(s) constant at their start values: L=0, r_in=0, r_out=0, lambda=0 Simulating TRANSFORM.HeatAndMassTransfer.Resistances.Heat.Cylinder to t=1 with 9 trace point(s)... \u001b[31m\u001b[0m simulation failed: DAE structural proof failed: structurally singular \u001b[31m\u2502\u001b[0m system: 4 matched out of 5 equations and 5 unknowns"", ""tool_side"": false}",/data/mrumoca/eval/results_v3/transform/runtime_free.jsonl
transform,runtime-v3,TRANSFORM.HeatAndMassTransfer.Resistances.Heat.Convection,0,network-port-unconnected,low,True,execution-not-completed,"{""connector"": ""port_a"", ""component"": ""<top level>"", ""component_class"": ""unknown"", ""flows_forced_to_zero"": ""port_a.Q_flow"", ""note"": ""nothing is connected to this port, so MLS \u00a79.2 forces its flow to zero. That is correct for a component compiled on its own and is not a defect; it is recorded because it is the commonest reason a model looks structurally singular""}",/data/mrumoca/eval/results_v3/transform/runtime_free.jsonl
transform,runtime-v3,TRANSFORM.HeatAndMassTransfer.Resistances.Heat.Convection,1,network-port-unconnected,low,True,execution-not-completed,"{""connector"": ""port_b"", ""component"": ""<top level>"", ""component_class"": ""unknown"", ""flows_forced_to_zero"": ""port_b.Q_flow"", ""note"": ""nothing is connected to this port, so MLS \u00a79.2 forces its flow to zero. That is correct for a component compiled on its own and is not a defect; it is recorded because it is the commonest reason a model looks structurally singular""}",/data/mrumoca/eval/results_v3/transform/runtime_free.jsonl
transform,runtime-v3,TRANSFORM.HeatAndMassTransfer.Resistances.Heat.Convection,2,network-component-isolated,low,True,execution-not-completed,"{""component"": ""<top level>"", ""component_class"": ""unknown"", ""ports"": ""port_a, port_b"", ""note"": ""every port of this instance is unconnected, so it exchanges nothing with the rest of the model while still contributing its equations""}",/data/mrumoca/eval/results_v3/transform/runtime_free.jsonl
transform,runtime-v3,TRANSFORM.HeatAndMassTransfer.Resistances.Heat.Convection,3,network-observation-incomplete,info,True,execution-not-completed,"{""reason"": ""missing or unsynchronized connector member observations"", ""note"": ""coverage gap, not a model defect""}",/data/mrumoca/eval/results_v3/transform/runtime_free.jsonl
transform,runtime-v3,TRANSFORM.HeatAndMassTransfer.Resistances.Heat.Convection,4,initialization-failure,high,True,execution-not-completed,"{""failure_kind"": ""singular-system"", ""reason"": ""sistances.Heat.Convection to t=1 with 7 trace point(s)... \u001b[31m\u001b[0m simulation failed: DAE structural proof failed: structurally singular \u001b[31m\u2502\u001b[0m system: 4 matched out of 5 equations and 5 unknowns"", ""raw"": ""reading /tmp/tmpjkka579d/traced.rbc (bitcode v2, cbor) holding 2 free input(s) constant at their start values: surfaceArea=0, alpha=0 Simulating TRANSFORM.HeatAndMassTransfer.Resistances.Heat.Convection to t=1 with 7 trace point(s)... \u001b[31m\u001b[0m simulation failed: DAE structural proof failed: structurally singular \u001b[31m\u2502\u001b[0m system: 4 matched out of 5 equations and 5 unknowns"", ""tool_side"": false}",/data/mrumoca/eval/results_v3/transform/runtime_free.jsonl
transform,runtime-v3,TRANSFORM.HeatAndMassTransfer.Resistances.Heat.Fin,0,network-port-unconnected,low,True,execution-not-completed,"{""connector"": ""port_a"", ""component"": ""<top level>"", ""component_class"": ""unknown"", ""flows_forced_to_zero"": ""port_a.Q_flow"", ""note"": ""nothing is connected to this port, so MLS \u00a79.2 forces its flow to zero. That is correct for a component compiled on its own and is not a defect; it is recorded because it is the commonest reason a model looks structurally singular""}",/data/mrumoca/eval/results_v3/transform/runtime_free.jsonl
transform,runtime-v3,TRANSFORM.HeatAndMassTransfer.Resistances.Heat.Fin,1,network-port-unconnected,low,True,execution-not-completed,"{""connector"": ""port_b"", ""component"": ""<top level>"", ""component_class"": ""unknown"", ""flows_forced_to_zero"": ""port_b.Q_flow"", ""note"": ""nothing is connected to this port, so MLS \u00a79.2 forces its flow to zero. That is correct for a component compiled on its own and is not a defect; it is recorded because it is the commonest reason a model looks structurally singular""}",/data/mrumoca/eval/results_v3/transform/runtime_free.jsonl
transform,runtime-v3,TRANSFORM.HeatAndMassTransfer.Resistances.Heat.Fin,2,network-component-isolated,low,True,execution-not-completed,"{""component"": ""<top level>"", ""component_class"": ""unknown"", ""ports"": ""port_a, port_b"", ""note"": ""every port of this instance is unconnected, so it exchanges nothing with the rest of the model while still contributing its equations""}",/data/mrumoca/eval/results_v3/transform/runtime_free.jsonl
transform,runtime-v3,TRANSFORM.HeatAndMassTransfer.Resistances.Heat.Fin,3,network-observation-incomplete,info,True,execution-not-completed,"{""reason"": ""missing or unsynchronized connector member observations"", ""note"": ""coverage gap, not a model defect""}",/data/mrumoca/eval/results_v3/transform/runtime_free.jsonl
transform,runtime-v3,TRANSFORM.HeatAndMassTransfer.Resistances.Heat.Fin,4,initialization-failure,high,True,execution-not-completed,"{""failure_kind"": ""singular-system"", ""reason"": ""sfer.Resistances.Heat.Fin to t=1 with 8 trace point(s)... \u001b[31m\u001b[0m simulation failed: DAE structural proof failed: structurally singular \u001b[31m\u2502\u001b[0m system: 4 matched out of 5 equations and 5 unknowns"", ""raw"": ""reading /tmp/tmpezywkf3f/traced.rbc (bitcode v2, cbor) holding 3 free input(s) constant at their start values: eta=0, surfaceArea=0, alpha=0 Simulating TRANSFORM.HeatAndMassTransfer.Resistances.Heat.Fin to t=1 with 8 trace point(s)... \u001b[31m\u001b[0m simulation failed: DAE structural proof failed: structurally singular \u001b[31m\u2502\u001b[0m system: 4 matched out of 5 equations and 5 unknowns"", ""tool_side"": false}",/data/mrumoca/eval/results_v3/transform/runtime_free.jsonl
transform,runtime-v3,TRANSFORM.HeatAndMassTransfer.Resistances.Heat.SemiInfinitePlane,0,network-port-unconnected,low,True,execution-not-completed,"{""connector"": ""port_a"", ""component"": ""<top level>"", ""component_class"": ""unknown"", ""flows_forced_to_zero"": ""port_a.Q_flow"", ""note"": ""nothing is connected to this port, so MLS \u00a79.2 forces its flow to zero. That is correct for a component compiled on its own and is not a defect; it is recorded because it is the commonest reason a model looks structurally singular""}",/data/mrumoca/eval/results_v3/transform/runtime_free.jsonl
transform,runtime-v3,TRANSFORM.HeatAndMassTransfer.Resistances.Heat.SemiInfinitePlane,1,network-port-unconnected,low,True,execution-not-completed,"{""connector"": ""port_b"", ""component"": ""<top level>"", ""component_class"": ""unknown"", ""flows_forced_to_zero"": ""port_b.Q_flow"", ""note"": ""nothing is connected to this port, so MLS \u00a79.2 forces its flow to zero. That is correct for a component compiled on its own and is not a defect; it is recorded because it is the commonest reason a model looks structurally singular""}",/data/mrumoca/eval/results_v3/transform/runtime_free.jsonl
transform,runtime-v3,TRANSFORM.HeatAndMassTransfer.Resistances.Heat.SemiInfinitePlane,2,network-component-isolated,low,True,execution-not-completed,"{""component"": ""<top level>"", ""component_class"": ""unknown"", ""ports"": ""port_a, port_b"", ""note"": ""every port of this instance is unconnected, so it exchanges nothing with the rest of the model while still contributing its equations""}",/data/mrumoca/eval/results_v3/transform/runtime_free.jsonl
transform,runtime-v3,TRANSFORM.HeatAndMassTransfer.Resistances.Heat.SemiInfinitePlane,3,network-observation-incomplete,info,True,execution-not-completed,"{""reason"": ""missing or unsynchronized connector member observations"", ""note"": ""coverage gap, not a model defect""}",/data/mrumoca/eval/results_v3/transform/runtime_free.jsonl
transform,runtime-v3,TRANSFORM.HeatAndMassTransfer.Resistances.Heat.SemiInfinitePlane,4,initialization-failure,high,True,execution-not-completed,"{""failure_kind"": ""singular-system"", ""reason"": ""es.Heat.SemiInfinitePlane to t=1 with 9 trace point(s)... \u001b[31m\u001b[0m simulation failed: DAE structural proof failed: structurally singular \u001b[31m\u2502\u001b[0m system: 4 matched out of 5 equations and 5 unknowns"", ""raw"": ""reading /tmp/tmpgi6oj14g/traced.rbc (bitcode v2, cbor) holding 3 free input(s) constant at their start values: crossArea=0, lambda=0, alpha_d=0 Simulating TRANSFORM.HeatAndMassTransfer.Resistances.Heat.SemiInfinitePlane to t=1 with 9 trace point(s)... \u001b[31m\u001b[0m simulation failed: DAE structural proof failed: structurally singular \u001b[31m\u2502\u001b[0m system: 4 matched out of 5 equations and 5 unknowns"", ""tool_side"": false}",/data/mrumoca/eval/results_v3/transform/runtime_free.jsonl
transform,runtime-v3,TRANSFORM.HeatAndMassTransfer.Resistances.Heat.Plane,0,network-port-unconnected,low,True,execution-not-completed,"{""connector"": ""port_a"", ""component"": ""<top level>"", ""component_class"": ""unknown"", ""flows_forced_to_zero"": ""port_a.Q_flow"", ""note"": ""nothing is connected to this port, so MLS \u00a79.2 forces its flow to zero. That is correct for a component compiled on its own and is not a defect; it is recorded because it is the commonest reason a model looks structurally singular""}",/data/mrumoca/eval/results_v3/transform/runtime_free.jsonl
transform,runtime-v3,TRANSFORM.HeatAndMassTransfer.Resistances.Heat.Plane,1,network-port-unconnected,low,True,execution-not-completed,"{""connector"": ""port_b"", ""component"": ""<top level>"", ""component_class"": ""unknown"", ""flows_forced_to_zero"": ""port_b.Q_flow"", ""note"": ""nothing is connected to this port, so MLS \u00a79.2 forces its flow to zero. That is correct for a component compiled on its own and is not a defect; it is recorded because it is the commonest reason a model looks structurally singular""}",/data/mrumoca/eval/results_v3/transform/runtime_free.jsonl
transform,runtime-v3,TRANSFORM.HeatAndMassTransfer.Resistances.Heat.Plane,2,network-component-isolated,low,True,execution-not-completed,"{""component"": ""<top level>"", ""component_class"": ""unknown"", ""ports"": ""port_a, port_b"", ""note"": ""every port of this instance is unconnected, so it exchanges nothing with the rest of the model while still contributing its equations""}",/data/mrumoca/eval/results_v3/transform/runtime_free.jsonl
transform,runtime-v3,TRANSFORM.HeatAndMassTransfer.Resistances.Heat.Plane,3,network-observation-incomplete,info,True,execution-not-completed,"{""reason"": ""missing or unsynchronized connector member observations"", ""note"": ""coverage gap, not a model defect""}",/data/mrumoca/eval/results_v3/transform/runtime_free.jsonl
transform,runtime-v3,TRANSFORM.HeatAndMassTransfer.Resistances.Heat.Plane,4,initialization-failure,high,True,execution-not-completed,"{""failure_kind"": ""singular-system"", ""reason"": ""er.Resistances.Heat.Plane to t=1 with 8 trace point(s)... \u001b[31m\u001b[0m simulation failed: DAE structural proof failed: structurally singular \u001b[31m\u2502\u001b[0m system: 4 matched out of 5 equations and 5 unknowns"", ""raw"": ""reading /tmp/tmplr2s96a0/traced.rbc (bitcode v2, cbor) holding 3 free input(s) constant at their start values: L=0, crossArea=0, lambda=0 Simulating TRANSFORM.HeatAndMassTransfer.Resistances.Heat.Plane to t=1 with 8 trace point(s)... \u001b[31m\u001b[0m simulation failed: DAE structural proof failed: structurally singular \u001b[31m\u2502\u001b[0m system: 4 matched out of 5 equations and 5 unknowns"", ""tool_side"": false}",/data/mrumoca/eval/results_v3/transform/runtime_free.jsonl
transform,runtime-v3,TRANSFORM.HeatAndMassTransfer.Resistances.Heat.Radiation,0,network-port-unconnected,low,True,execution-not-completed,"{""connector"": ""port_a"", ""component"": ""<top level>"", ""component_class"": ""unknown"", ""flows_forced_to_zero"": ""port_a.Q_flow"", ""note"": ""nothing is connected to this port, so MLS \u00a79.2 forces its flow to zero. That is correct for a component compiled on its own and is not a defect; it is recorded because it is the commonest reason a model looks structurally singular""}",/data/mrumoca/eval/results_v3/transform/runtime_free.jsonl
transform,runtime-v3,TRANSFORM.HeatAndMassTransfer.Resistances.Heat.Radiation,1,network-port-unconnected,low,True,execution-not-completed,"{""connector"": ""port_b"", ""component"": ""<top level>"", ""component_class"": ""unknown"", ""flows_forced_to_zero"": ""port_b.Q_flow"", ""note"": ""nothing is connected to this port, so MLS \u00a79.2 forces its flow to zero. That is correct for a component compiled on its own and is not a defect; it is recorded because it is the commonest reason a model looks structurally singular""}",/data/mrumoca/eval/results_v3/transform/runtime_free.jsonl
transform,runtime-v3,TRANSFORM.HeatAndMassTransfer.Resistances.Heat.Radiation,2,network-component-isolated,low,True,execution-not-completed,"{""component"": ""<top level>"", ""component_class"": ""unknown"", ""ports"": ""port_a, port_b"", ""note"": ""every port of this instance is unconnected, so it exchanges nothing with the rest of the model while still contributing its equations""}",/data/mrumoca/eval/results_v3/transform/runtime_free.jsonl
transform,runtime-v3,TRANSFORM.HeatAndMassTransfer.Resistances.Heat.Radiation,3,network-observation-incomplete,info,True,execution-not-completed,"{""reason"": ""missing or unsynchronized connector member observations"", ""note"": ""coverage gap, not a model defect""}",/data/mrumoca/eval/results_v3/transform/runtime_free.jsonl
transform,runtime-v3,TRANSFORM.HeatAndMassTransfer.Resistances.Heat.Radiation,4,initialization-failure,high,True,execution-not-completed,"{""failure_kind"": ""singular-system"", ""reason"": ""esistances.Heat.Radiation to t=1 with 8 trace point(s)... \u001b[31m\u001b[0m simulation failed: DAE structural proof failed: structurally singular \u001b[31m\u2502\u001b[0m system: 5 matched out of 6 equations and 6 unknowns"", ""raw"": ""reading /tmp/tmpampki3h8/traced.rbc (bitcode v2, cbor) holding 2 free input(s) constant at their start values: surfaceArea=0, epsilon=0 Simulating TRANSFORM.HeatAndMassTransfer.Resistances.Heat.Radiation to t=1 with 8 trace point(s)... \u001b[31m\u001b[0m simulation failed: DAE structural proof failed: structurally singular \u001b[31m\u2502\u001b[0m system: 5 matched out of 6 equations and 6 unknowns"", ""tool_side"": false}",/data/mrumoca/eval/results_v3/transform/runtime_free.jsonl
transform,runtime-v3,TRANSFORM.HeatAndMassTransfer.Resistances.Heat.Specified_Resistance,0,network-port-unconnected,low,True,execution-not-completed,"{""connector"": ""port_a"", ""component"": ""<top level>"", ""component_class"": ""unknown"", ""flows_forced_to_zero"": ""port_a.Q_flow"", ""note"": ""nothing is connected to this port, so MLS \u00a79.2 forces its flow to zero. That is correct for a component compiled on its own and is not a defect; it is recorded because it is the commonest reason a model looks structurally singular""}",/data/mrumoca/eval/results_v3/transform/runtime_free.jsonl
transform,runtime-v3,TRANSFORM.HeatAndMassTransfer.Resistances.Heat.Specified_Resistance,1,network-port-unconnected,low,True,execution-not-completed,"{""connector"": ""port_b"", ""component"": ""<top level>"", ""component_class"": ""unknown"", ""flows_forced_to_zero"": ""port_b.Q_flow"", ""note"": ""nothing is connected to this port, so MLS \u00a79.2 forces its flow to zero. That is correct for a component compiled on its own and is not a defect; it is recorded because it is the commonest reason a model looks structurally singular""}",/data/mrumoca/eval/results_v3/transform/runtime_free.jsonl
transform,runtime-v3,TRANSFORM.HeatAndMassTransfer.Resistances.Heat.Specified_Resistance,2,network-component-isolated,low,True,execution-not-completed,"{""component"": ""<top level>"", ""component_class"": ""unknown"", ""ports"": ""port_a, port_b"", ""note"": ""every port of this instance is unconnected, so it exchanges nothing with the rest of the model while still contributing its equations""}",/data/mrumoca/eval/results_v3/transform/runtime_free.jsonl
transform,runtime-v3,TRANSFORM.HeatAndMassTransfer.Resistances.Heat.Specified_Resistance,3,network-observation-incomplete,info,True,execution-not-completed,"{""reason"": ""missing or unsynchronized connector member observations"", ""note"": ""coverage gap, not a model defect""}",/data/mrumoca/eval/results_v3/transform/runtime_free.jsonl
transform,runtime-v3,TRANSFORM.HeatAndMassTransfer.Resistances.Heat.Specified_Resistance,4,initialization-failure,high,True,execution-not-completed,"{""failure_kind"": ""singular-system"", ""reason"": ""Heat.Specified_Resistance to t=1 with 6 trace point(s)... \u001b[31m\u001b[0m simulation failed: DAE structural proof failed: structurally singular \u001b[31m\u2502\u001b[0m system: 4 matched out of 5 equations and 5 unknowns"", ""raw"": ""reading /tmp/tmp71zaufhz/traced.rbc (bitcode v2, cbor) holding 1 free input(s) constant at their start values: R_val=0 Simulating TRANSFORM.HeatAndMassTransfer.Resistances.Heat.Specified_Resistance to t=1 with 6 trace point(s)... \u001b[31m\u001b[0m simulation failed: DAE structural proof failed: structurally singular \u001b[31m\u2502\u001b[0m system: 4 matched out of 5 equations and 5 unknowns"", ""tool_side"": false}",/data/mrumoca/eval/results_v3/transform/runtime_free.jsonl
transform,runtime-v3,TRANSFORM.HeatAndMassTransfer.Resistances.Heat.Sphere,0,network-port-unconnected,low,True,execution-not-completed,"{""connector"": ""port_a"", ""component"": ""<top level>"", ""component_class"": ""unknown"", ""flows_forced_to_zero"": ""port_a.Q_flow"", ""note"": ""nothing is connected to this port, so MLS \u00a79.2 forces its flow to zero. That is correct for a component compiled on its own and is not a defect; it is recorded because it is the commonest reason a model looks structurally singular""}",/data/mrumoca/eval/results_v3/transform/runtime_free.jsonl
transform,runtime-v3,TRANSFORM.HeatAndMassTransfer.Resistances.Heat.Sphere,1,network-port-unconnected,low,True,execution-not-completed,"{""connector"": ""port_b"", ""component"": ""<top level>"", ""component_class"": ""unknown"", ""flows_forced_to_zero"": ""port_b.Q_flow"", ""note"": ""nothing is connected to this port, so MLS \u00a79.2 forces its flow to zero. That is correct for a component compiled on its own and is not a defect; it is recorded because it is the commonest reason a model looks structurally singular""}",/data/mrumoca/eval/results_v3/transform/runtime_free.jsonl
transform,runtime-v3,TRANSFORM.HeatAndMassTransfer.Resistances.Heat.Sphere,2,network-component-isolated,low,True,execution-not-completed,"{""component"": ""<top level>"", ""component_class"": ""unknown"", ""ports"": ""port_a, port_b"", ""note"": ""every port of this instance is unconnected, so it exchanges nothing with the rest of the model while still contributing its equations""}",/data/mrumoca/eval/results_v3/transform/runtime_free.jsonl
transform,runtime-v3,TRANSFORM.HeatAndMassTransfer.Resistances.Heat.Sphere,3,network-observation-incomplete,info,True,execution-not-completed,"{""reason"": ""missing or unsynchronized connector member observations"", ""note"": ""coverage gap, not a model defect""}",/data/mrumoca/eval/results_v3/transform/runtime_free.jsonl
transform,runtime-v3,TRANSFORM.HeatAndMassTransfer.Resistances.Heat.Sphere,4,initialization-failure,high,True,execution-not-completed,"{""failure_kind"": ""singular-system"", ""reason"": ""r.Resistances.Heat.Sphere to t=1 with 8 trace point(s)... \u001b[31m\u001b[0m simulation failed: DAE structural proof failed: structurally singular \u001b[31m\u2502\u001b[0m system: 4 matched out of 5 equations and 5 unknowns"", ""raw"": ""reading /tmp/tmpqg4zy3fe/traced.rbc (bitcode v2, cbor) holding 3 free input(s) constant at their start values: r_in=0, r_out=0, lambda=0 Simulating TRANSFORM.HeatAndMassTransfer.Resistances.Heat.Sphere to t=1 with 8 trace point(s)... \u001b[31m\u001b[0m simulation failed: DAE structural proof failed: structurally singular \u001b[31m\u2502\u001b[0m system: 4 matched out of 5 equations and 5 unknowns"", ""tool_side"": false}",/data/mrumoca/eval/results_v3/transform/runtime_free.jsonl
transform,runtime-v3,TRANSFORM.HeatAndMassTransfer.Resistances.Mass.Cylinder,0,network-port-unconnected,low,True,execution-not-completed,"{""connector"": ""port_a"", ""component"": ""<top level>"", ""component_class"": ""unknown"", ""flows_forced_to_zero"": ""port_a.n_flow"", ""note"": ""nothing is connected to this port, so MLS \u00a79.2 forces its flow to zero. That is correct for a component compiled on its own and is not a defect; it is recorded because it is the commonest reason a model looks structurally singular""}",/data/mrumoca/eval/results_v3/transform/runtime_free.jsonl
transform,runtime-v3,TRANSFORM.HeatAndMassTransfer.Resistances.Mass.Cylinder,1,network-port-unconnected,low,True,execution-not-completed,"{""connector"": ""port_b"", ""component"": ""<top level>"", ""component_class"": ""unknown"", ""flows_forced_to_zero"": ""port_b.n_flow"", ""note"": ""nothing is connected to this port, so MLS \u00a79.2 forces its flow to zero. That is correct for a component compiled on its own and is not a defect; it is recorded because it is the commonest reason a model looks structurally singular""}",/data/mrumoca/eval/results_v3/transform/runtime_free.jsonl
transform,runtime-v3,TRANSFORM.HeatAndMassTransfer.Resistances.Mass.Cylinder,2,network-component-isolated,low,True,execution-not-completed,"{""component"": ""<top level>"", ""component_class"": ""unknown"", ""ports"": ""port_a, port_b"", ""note"": ""every port of this instance is unconnected, so it exchanges nothing with the rest of the model while still contributing its equations""}",/data/mrumoca/eval/results_v3/transform/runtime_free.jsonl
transform,runtime-v3,TRANSFORM.HeatAndMassTransfer.Resistances.Mass.Cylinder,3,network-observation-incomplete,info,True,execution-not-completed,"{""reason"": ""missing or unsynchronized connector member observations"", ""note"": ""coverage gap, not a model defect""}",/data/mrumoca/eval/results_v3/transform/runtime_free.jsonl
transform,runtime-v3,TRANSFORM.HeatAndMassTransfer.Resistances.Mass.Cylinder,4,initialization-failure,high,True,execution-not-completed,"{""failure_kind"": ""singular-system"", ""reason"": ""Resistances.Mass.Cylinder to t=1 with 9 trace point(s)... \u001b[31m\u001b[0m simulation failed: DAE structural proof failed: structurally singular \u001b[31m\u2502\u001b[0m system: 4 matched out of 5 equations and 5 unknowns"", ""raw"": ""reading /tmp/tmpsvt6xmnc/traced.rbc (bitcode v2, cbor) holding 4 free input(s) constant at their start values: L=0, r_in=0, r_out=0, D_ab[1]=0 Simulating TRANSFORM.HeatAndMassTransfer.Resistances.Mass.Cylinder to t=1 with 9 trace point(s)... \u001b[31m\u001b[0m simulation failed: DAE structural proof failed: structurally singular \u001b[31m\u2502\u001b[0m system: 4 matched out of 5 equations and 5 unknowns"", ""tool_side"": false}",/data/mrumoca/eval/results_v3/transform/runtime_free.jsonl
transform,runtime-v3,TRANSFORM.HeatAndMassTransfer.Examples.ExamplesFrom_NellisAndKlein.Example_1_2_1_LiquidOxygenDewar.part_c_InsulationThickness,0,network-boundary-port,low,False,standalone-topology-not-defect-proof,"{""node"": ""display_r_ins_in -- display_r_ins_out -- display_r_out -- r_in -- r_ins_in -- r_ins_out -- r_out -- th_1 -- th_2 -- th_ins"", ""boundary_connectors"": ""display_r_ins_in, display_r_ins_out, display_r_out, r_in, r_ins_in, r_ins_out, r_out, th_1, th_2, th_ins"", ""wired_to"": ""nothing"", ""note"": ""this connector belongs to the model itself, not to a component inside it: the model is an interface compiled on its own, so the node is open on one side. Nothing forces its flow, which is why a structural matching reports an unmatched unknown here. Not a defect in the model""}",/data/mrumoca/eval/results_v3/transform/runtime_free.jsonl
transform,runtime-v3,TRANSFORM.HeatAndMassTransfer.Examples.ExamplesFrom_NellisAndKlein.Example_1_2_1_LiquidOxygenDewar.part_c_InsulationThickness,1,extreme-magnitude,medium,False,source-sentinel-or-protection-not-defect-proof,"{""variable"": ""unitTests.Error_rms"", ""value"": 1.7976931348623157e+308, ""anchor_quality"": ""canonical""}",/data/mrumoca/eval/results_v3/transform/runtime_free.jsonl
transform,runtime-v3,TRANSFORM.HeatAndMassTransfer.Resistances.Mass.Convection,0,network-port-unconnected,low,True,execution-not-completed,"{""connector"": ""port_a"", ""component"": ""<top level>"", ""component_class"": ""unknown"", ""flows_forced_to_zero"": ""port_a.n_flow"", ""note"": ""nothing is connected to this port, so MLS \u00a79.2 forces its flow to zero. That is correct for a component compiled on its own and is not a defect; it is recorded because it is the commonest reason a model looks structurally singular""}",/data/mrumoca/eval/results_v3/transform/runtime_free.jsonl
transform,runtime-v3,TRANSFORM.HeatAndMassTransfer.Resistances.Mass.Convection,1,network-port-unconnected,low,True,execution-not-completed,"{""connector"": ""port_b"", ""component"": ""<top level>"", ""component_class"": ""unknown"", ""flows_forced_to_zero"": ""port_b.n_flow"", ""note"": ""nothing is connected to this port, so MLS \u00a79.2 forces its flow to zero. That is correct for a component compiled on its own and is not a defect; it is recorded because it is the commonest reason a model looks structurally singular""}",/data/mrumoca/eval/results_v3/transform/runtime_free.jsonl
transform,runtime-v3,TRANSFORM.HeatAndMassTransfer.Resistances.Mass.Convection,2,network-component-isolated,low,True,execution-not-completed,"{""component"": ""<top level>"", ""component_class"": ""unknown"", ""ports"": ""port_a, port_b"", ""note"": ""every port of this instance is unconnected, so it exchanges nothing with the rest of the model while still contributing its equations""}",/data/mrumoca/eval/results_v3/transform/runtime_free.jsonl
transform,runtime-v3,TRANSFORM.HeatAndMassTransfer.Resistances.Mass.Convection,3,network-observation-incomplete,info,True,execution-not-completed,"{""reason"": ""missing or unsynchronized connector member observations"", ""note"": ""coverage gap, not a model defect""}",/data/mrumoca/eval/results_v3/transform/runtime_free.jsonl
transform,runtime-v3,TRANSFORM.HeatAndMassTransfer.Resistances.Mass.Convection,4,initialization-failure,high,True,execution-not-completed,"{""failure_kind"": ""singular-system"", ""reason"": ""sistances.Mass.Convection to t=1 with 7 trace point(s)... \u001b[31m\u001b[0m simulation failed: DAE structural proof failed: structurally singular \u001b[31m\u2502\u001b[0m system: 4 matched out of 5 equations and 5 unknowns"", ""raw"": ""reading /tmp/tmpwwepuhgh/traced.rbc (bitcode v2, cbor) holding 2 free input(s) constant at their start values: surfaceArea=0, alphaM[1]=0 Simulating TRANSFORM.HeatAndMassTransfer.Resistances.Mass.Convection to t=1 with 7 trace point(s)... \u001b[31m\u001b[0m simulation failed: DAE structural proof failed: structurally singular \u001b[31m\u2502\u001b[0m system: 4 matched out of 5 equations and 5 unknowns"", ""tool_side"": false}",/data/mrumoca/eval/results_v3/transform/runtime_free.jsonl
transform,runtime-v3,TRANSFORM.HeatAndMassTransfer.Resistances.Mass.Plane,0,network-port-unconnected,low,True,execution-not-completed,"{""connector"": ""port_a"", ""component"": ""<top level>"", ""component_class"": ""unknown"", ""flows_forced_to_zero"": ""port_a.n_flow"", ""note"": ""nothing is connected to this port, so MLS \u00a79.2 forces its flow to zero. That is correct for a component compiled on its own and is not a defect; it is recorded because it is the commonest reason a model looks structurally singular""}",/data/mrumoca/eval/results_v3/transform/runtime_free.jsonl
transform,runtime-v3,TRANSFORM.HeatAndMassTransfer.Resistances.Mass.Plane,1,network-port-unconnected,low,True,execution-not-completed,"{""connector"": ""port_b"", ""component"": ""<top level>"", ""component_class"": ""unknown"", ""flows_forced_to_zero"": ""port_b.n_flow"", ""note"": ""nothing is connected to this port, so MLS \u00a79.2 forces its flow to zero. That is correct for a component compiled on its own and is not a defect; it is recorded because it is the commonest reason a model looks structurally singular""}",/data/mrumoca/eval/results_v3/transform/runtime_free.jsonl
transform,runtime-v3,TRANSFORM.HeatAndMassTransfer.Resistances.Mass.Plane,2,network-component-isolated,low,True,execution-not-completed,"{""component"": ""<top level>"", ""component_class"": ""unknown"", ""ports"": ""port_a, port_b"", ""note"": ""every port of this instance is unconnected, so it exchanges nothing with the rest of the model while still contributing its equations""}",/data/mrumoca/eval/results_v3/transform/runtime_free.jsonl
transform,runtime-v3,TRANSFORM.HeatAndMassTransfer.Resistances.Mass.Plane,3,network-observation-incomplete,info,True,execution-not-completed,"{""reason"": ""missing or unsynchronized connector member observations"", ""note"": ""coverage gap, not a model defect""}",/data/mrumoca/eval/results_v3/transform/runtime_free.jsonl
transform,runtime-v3,TRANSFORM.HeatAndMassTransfer.Resistances.Mass.Plane,4,initialization-failure,high,True,execution-not-completed,"{""failure_kind"": ""singular-system"", ""reason"": ""er.Resistances.Mass.Plane to t=1 with 8 trace point(s)... \u001b[31m\u001b[0m simulation failed: DAE structural proof failed: structurally singular \u001b[31m\u2502\u001b[0m system: 4 matched out of 5 equations and 5 unknowns"", ""raw"": ""reading /tmp/tmpahxt2ltu/traced.rbc (bitcode v2, cbor) holding 3 free input(s) constant at their start values: L=0, crossArea=0, D_ab[1]=0 Simulating TRANSFORM.HeatAndMassTransfer.Resistances.Mass.Plane to t=1 with 8 trace point(s)... \u001b[31m\u001b[0m simulation failed: DAE structural proof failed: structurally singular \u001b[31m\u2502\u001b[0m system: 4 matched out of 5 equations and 5 unknowns"", ""tool_side"": false}",/data/mrumoca/eval/results_v3/transform/runtime_free.jsonl
transform,runtime-v3,TRANSFORM.HeatAndMassTransfer.Resistances.Mass.SolubilityInterface,0,network-port-unconnected,low,False,execution-not-completed,"{""connector"": ""port_a"", ""component"": ""<top level>"", ""component_class"": ""unknown"", ""flows_forced_to_zero"": ""port_a.n_flow"", ""note"": ""nothing is connected to this port, so MLS \u00a79.2 forces its flow to zero. That is correct for a component compiled on its own and is not a defect; it is recorded because it is the commonest reason a model looks structurally singular""}",/data/mrumoca/eval/results_v3/transform/runtime_free.jsonl
transform,runtime-v3,TRANSFORM.HeatAndMassTransfer.Resistances.Mass.SolubilityInterface,1,network-port-unconnected,low,False,execution-not-completed,"{""connector"": ""port_b"", ""component"": ""<top level>"", ""component_class"": ""unknown"", ""flows_forced_to_zero"": ""port_b.n_flow"", ""note"": ""nothing is connected to this port, so MLS \u00a79.2 forces its flow to zero. That is correct for a component compiled on its own and is not a defect; it is recorded because it is the commonest reason a model looks structurally singular""}",/data/mrumoca/eval/results_v3/transform/runtime_free.jsonl
transform,runtime-v3,TRANSFORM.HeatAndMassTransfer.Resistances.Mass.SolubilityInterface,2,network-component-isolated,low,False,execution-not-completed,"{""component"": ""<top level>"", ""component_class"": ""unknown"", ""ports"": ""port_a, port_b"", ""note"": ""every port of this instance is unconnected, so it exchanges nothing with the rest of the model while still contributing its equations""}",/data/mrumoca/eval/results_v3/transform/runtime_free.jsonl
transform,runtime-v3,TRANSFORM.HeatAndMassTransfer.Resistances.Mass.SolubilityInterface,3,network-observation-incomplete,info,False,execution-not-completed,"{""reason"": ""missing or unsynchronized connector member observations"", ""note"": ""coverage gap, not a model defect""}",/data/mrumoca/eval/results_v3/transform/runtime_free.jsonl
transform,runtime-v3,TRANSFORM.HeatAndMassTransfer.Resistances.Mass.SolubilityInterface,4,initialization-failure,high,False,execution-not-completed,"{""failure_kind"": ""singular-system"", ""reason"": "".Mass.SolubilityInterface to t=1 with 6 trace point(s)... \u001b[31m\u001b[0m simulation failed: DAE structural proof failed: structurally singular \u001b[31m\u2502\u001b[0m system: 3 matched out of 4 equations and 4 unknowns"", ""raw"": ""reading /tmp/tmp01sufpx4/traced.rbc (bitcode v2, cbor) Simulating TRANSFORM.HeatAndMassTransfer.Resistances.Mass.SolubilityInterface to t=1 with 6 trace point(s)... \u001b[31m\u001b[0m simulation failed: DAE structural proof failed: structurally singular \u001b[31m\u2502\u001b[0m system: 3 matched out of 4 equations and 4 unknowns"", ""tool_side"": false}",/data/mrumoca/eval/results_v3/transform/runtime_free.jsonl
transform,runtime-v3,TRANSFORM.HeatAndMassTransfer.Resistances.Mass.Specified_Resistance,0,network-port-unconnected,low,True,execution-not-completed,"{""connector"": ""port_a"", ""component"": ""<top level>"", ""component_class"": ""unknown"", ""flows_forced_to_zero"": ""port_a.n_flow"", ""note"": ""nothing is connected to this port, so MLS \u00a79.2 forces its flow to zero. That is correct for a component compiled on its own and is not a defect; it is recorded because it is the commonest reason a model looks structurally singular""}",/data/mrumoca/eval/results_v3/transform/runtime_free.jsonl
transform,runtime-v3,TRANSFORM.HeatAndMassTransfer.Resistances.Mass.Specified_Resistance,1,network-port-unconnected,low,True,execution-not-completed,"{""connector"": ""port_b"", ""component"": ""<top level>"", ""component_class"": ""unknown"", ""flows_forced_to_zero"": ""port_b.n_flow"", ""note"": ""nothing is connected to this port, so MLS \u00a79.2 forces its flow to zero. That is correct for a component compiled on its own and is not a defect; it is recorded because it is the commonest reason a model looks structurally singular""}",/data/mrumoca/eval/results_v3/transform/runtime_free.jsonl
transform,runtime-v3,TRANSFORM.HeatAndMassTransfer.Resistances.Mass.Specified_Resistance,2,network-component-isolated,low,True,execution-not-completed,"{""component"": ""<top level>"", ""component_class"": ""unknown"", ""ports"": ""port_a, port_b"", ""note"": ""every port of this instance is unconnected, so it exchanges nothing with the rest of the model while still contributing its equations""}",/data/mrumoca/eval/results_v3/transform/runtime_free.jsonl
transform,runtime-v3,TRANSFORM.HeatAndMassTransfer.Resistances.Mass.Specified_Resistance,3,network-observation-incomplete,info,True,execution-not-completed,"{""reason"": ""missing or unsynchronized connector member observations"", ""note"": ""coverage gap, not a model defect""}",/data/mrumoca/eval/results_v3/transform/runtime_free.jsonl
transform,runtime-v3,TRANSFORM.HeatAndMassTransfer.Resistances.Mass.Specified_Resistance,4,initialization-failure,high,True,execution-not-completed,"{""failure_kind"": ""singular-system"", ""reason"": ""Mass.Specified_Resistance to t=1 with 6 trace point(s)... \u001b[31m\u001b[0m simulation failed: DAE structural proof failed: structurally singular \u001b[31m\u2502\u001b[0m system: 4 matched out of 5 equations and 5 unknowns"", ""raw"": ""reading /tmp/tmpzrfl7fb8/traced.rbc (bitcode v2, cbor) holding 1 free input(s) constant at their start values: R_val[1]=0 Simulating TRANSFORM.HeatAndMassTransfer.Resistances.Mass.Specified_Resistance to t=1 with 6 trace point(s)... \u001b[31m\u001b[0m simulation failed: DAE structural proof failed: structurally singular \u001b[31m\u2502\u001b[0m system: 4 matched out of 5 equations and 5 unknowns"", ""tool_side"": false}",/data/mrumoca/eval/results_v3/transform/runtime_free.jsonl
transform,runtime-v3,TRANSFORM.HeatAndMassTransfer.Resistances.Mass.Sphere,0,network-port-unconnected,low,True,execution-not-completed,"{""connector"": ""port_a"", ""component"": ""<top level>"", ""component_class"": ""unknown"", ""flows_forced_to_zero"": ""port_a.n_flow"", ""note"": ""nothing is connected to this port, so MLS \u00a79.2 forces its flow to zero. That is correct for a component compiled on its own and is not a defect; it is recorded because it is the commonest reason a model looks structurally singular""}",/data/mrumoca/eval/results_v3/transform/runtime_free.jsonl
transform,runtime-v3,TRANSFORM.HeatAndMassTransfer.Resistances.Mass.Sphere,1,network-port-unconnected,low,True,execution-not-completed,"{""connector"": ""port_b"", ""component"": ""<top level>"", ""component_class"": ""unknown"", ""flows_forced_to_zero"": ""port_b.n_flow"", ""note"": ""nothing is connected to this port, so MLS \u00a79.2 forces its flow to zero. That is correct for a component compiled on its own and is not a defect; it is recorded because it is the commonest reason a model looks structurally singular""}",/data/mrumoca/eval/results_v3/transform/runtime_free.jsonl
transform,runtime-v3,TRANSFORM.HeatAndMassTransfer.Resistances.Mass.Sphere,2,network-component-isolated,low,True,execution-not-completed,"{""component"": ""<top level>"", ""component_class"": ""unknown"", ""ports"": ""port_a, port_b"", ""note"": ""every port of this instance is unconnected, so it exchanges nothing with the rest of the model while still contributing its equations""}",/data/mrumoca/eval/results_v3/transform/runtime_free.jsonl
transform,runtime-v3,TRANSFORM.HeatAndMassTransfer.Resistances.Mass.Sphere,3,network-observation-incomplete,info,True,execution-not-completed,"{""reason"": ""missing or unsynchronized connector member observations"", ""note"": ""coverage gap, not a model defect""}",/data/mrumoca/eval/results_v3/transform/runtime_free.jsonl
transform,runtime-v3,TRANSFORM.HeatAndMassTransfer.Resistances.Mass.Sphere,4,initialization-failure,high,True,execution-not-completed,"{""failure_kind"": ""singular-system"", ""reason"": ""r.Resistances.Mass.Sphere to t=1 with 8 trace point(s)... \u001b[31m\u001b[0m simulation failed: DAE structural proof failed: structurally singular \u001b[31m\u2502\u001b[0m system: 4 matched out of 5 equations and 5 unknowns"", ""raw"": ""reading /tmp/tmpbp37rp_w/traced.rbc (bitcode v2, cbor) holding 3 free input(s) constant at their start values: r_in=0, r_out=0, D_ab[1]=0 Simulating TRANSFORM.HeatAndMassTransfer.Resistances.Mass.Sphere to t=1 with 8 trace point(s)... \u001b[31m\u001b[0m simulation failed: DAE structural proof failed: structurally singular \u001b[31m\u2502\u001b[0m system: 4 matched out of 5 equations and 5 unknowns"", ""tool_side"": false}",/data/mrumoca/eval/results_v3/transform/runtime_free.jsonl
transform,runtime-v3,TRANSFORM.HeatAndMassTransfer.Sensors.BaseClasses.PartialRelativeSensor,0,network-port-unconnected,low,False,execution-not-completed,"{""connector"": ""port_a"", ""component"": ""<top level>"", ""component_class"": ""unknown"", ""flows_forced_to_zero"": ""port_a.Q_flow"", ""note"": ""nothing is connected to this port, so MLS \u00a79.2 forces its flow to zero. That is correct for a component compiled on its own and is not a defect; it is recorded because it is the commonest reason a model looks structurally singular""}",/data/mrumoca/eval/results_v3/transform/runtime_free.jsonl
transform,runtime-v3,TRANSFORM.HeatAndMassTransfer.Sensors.BaseClasses.PartialRelativeSensor,1,network-port-unconnected,low,False,execution-not-completed,"{""connector"": ""port_b"", ""component"": ""<top level>"", ""component_class"": ""unknown"", ""flows_forced_to_zero"": ""port_b.Q_flow"", ""note"": ""nothing is connected to this port, so MLS \u00a79.2 forces its flow to zero. That is correct for a component compiled on its own and is not a defect; it is recorded because it is the commonest reason a model looks structurally singular""}",/data/mrumoca/eval/results_v3/transform/runtime_free.jsonl
transform,runtime-v3,TRANSFORM.HeatAndMassTransfer.Sensors.BaseClasses.PartialRelativeSensor,2,network-component-isolated,low,False,execution-not-completed,"{""component"": ""<top level>"", ""component_class"": ""unknown"", ""ports"": ""port_a, port_b"", ""note"": ""every port of this instance is unconnected, so it exchanges nothing with the rest of the model while still contributing its equations""}",/data/mrumoca/eval/results_v3/transform/runtime_free.jsonl
transform,runtime-v3,TRANSFORM.HeatAndMassTransfer.Sensors.BaseClasses.PartialRelativeSensor,3,network-observation-incomplete,info,False,execution-not-completed,"{""reason"": ""missing or unsynchronized connector member observations"", ""note"": ""coverage gap, not a model defect""}",/data/mrumoca/eval/results_v3/transform/runtime_free.jsonl
transform,runtime-v3,TRANSFORM.HeatAndMassTransfer.Sensors.BaseClasses.PartialRelativeSensor,4,initialization-failure,high,False,execution-not-completed,"{""failure_kind"": ""singular-system"", ""reason"": ""ses.PartialRelativeSensor to t=1 with 4 trace point(s)... \u001b[31m\u001b[0m simulation failed: DAE structural proof failed: structurally singular \u001b[31m\u2502\u001b[0m system: 2 matched out of 4 equations and 4 unknowns"", ""raw"": ""reading /tmp/tmpop4deoc6/traced.rbc (bitcode v2, cbor) Simulating TRANSFORM.HeatAndMassTransfer.Sensors.BaseClasses.PartialRelativeSensor to t=1 with 4 trace point(s)... \u001b[31m\u001b[0m simulation failed: DAE structural proof failed: structurally singular \u001b[31m\u2502\u001b[0m system: 2 matched out of 4 equations and 4 unknowns"", ""tool_side"": false}",/data/mrumoca/eval/results_v3/transform/runtime_free.jsonl
transform,runtime-v3,TRANSFORM.HeatAndMassTransfer.Sensors.HeatFlowRate,0,network-port-unconnected,low,False,execution-not-completed,"{""connector"": ""port_a"", ""component"": ""<top level>"", ""component_class"": ""unknown"", ""flows_forced_to_zero"": ""port_a.Q_flow"", ""note"": ""nothing is connected to this port, so MLS \u00a79.2 forces its flow to zero. That is correct for a component compiled on its own and is not a defect; it is recorded because it is the commonest reason a model looks structurally singular""}",/data/mrumoca/eval/results_v3/transform/runtime_free.jsonl
transform,runtime-v3,TRANSFORM.HeatAndMassTransfer.Sensors.HeatFlowRate,1,network-port-unconnected,low,False,execution-not-completed,"{""connector"": ""port_b"", ""component"": ""<top level>"", ""component_class"": ""unknown"", ""flows_forced_to_zero"": ""port_b.Q_flow"", ""note"": ""nothing is connected to this port, so MLS \u00a79.2 forces its flow to zero. That is correct for a component compiled on its own and is not a defect; it is recorded because it is the commonest reason a model looks structurally singular""}",/data/mrumoca/eval/results_v3/transform/runtime_free.jsonl
transform,runtime-v3,TRANSFORM.HeatAndMassTransfer.Sensors.HeatFlowRate,2,network-component-isolated,low,False,execution-not-completed,"{""component"": ""<top level>"", ""component_class"": ""unknown"", ""ports"": ""port_a, port_b"", ""note"": ""every port of this instance is unconnected, so it exchanges nothing with the rest of the model while still contributing its equations""}",/data/mrumoca/eval/results_v3/transform/runtime_free.jsonl
transform,runtime-v3,TRANSFORM.HeatAndMassTransfer.Sensors.HeatFlowRate,3,network-observation-incomplete,info,False,execution-not-completed,"{""reason"": ""missing or unsynchronized connector member observations"", ""note"": ""coverage gap, not a model defect""}",/data/mrumoca/eval/results_v3/transform/runtime_free.jsonl
transform,runtime-v3,TRANSFORM.HeatAndMassTransfer.Sensors.HeatFlowRate,4,initialization-failure,high,False,execution-not-completed,"{""failure_kind"": ""singular-system"", ""reason"": ""sfer.Sensors.HeatFlowRate to t=1 with 7 trace point(s)... \u001b[31m\u001b[0m simulation failed: DAE structural proof failed: structurally singular \u001b[31m\u2502\u001b[0m system: 5 matched out of 6 equations and 6 unknowns"", ""raw"": ""reading /tmp/tmp5sel9yeo/traced.rbc (bitcode v2, cbor) Simulating TRANSFORM.HeatAndMassTransfer.Sensors.HeatFlowRate to t=1 with 7 trace point(s)... \u001b[31m\u001b[0m simulation failed: DAE structural proof failed: structurally singular \u001b[31m\u2502\u001b[0m system: 5 matched out of 6 equations and 6 unknowns"", ""tool_side"": false}",/data/mrumoca/eval/results_v3/transform/runtime_free.jsonl
transform,runtime-v3,TRANSFORM.HeatAndMassTransfer.Sensors.RelativeTemperature,0,network-port-unconnected,low,False,execution-not-completed,"{""connector"": ""port_a"", ""component"": ""<top level>"", ""component_class"": ""unknown"", ""flows_forced_to_zero"": ""port_a.Q_flow"", ""note"": ""nothing is connected to this port, so MLS \u00a79.2 forces its flow to zero. That is correct for a component compiled on its own and is not a defect; it is recorded because it is the commonest reason a model looks structurally singular""}",/data/mrumoca/eval/results_v3/transform/runtime_free.jsonl
transform,runtime-v3,TRANSFORM.HeatAndMassTransfer.Sensors.RelativeTemperature,1,network-port-unconnected,low,False,execution-not-completed,"{""connector"": ""port_b"", ""component"": ""<top level>"", ""component_class"": ""unknown"", ""flows_forced_to_zero"": ""port_b.Q_flow"", ""note"": ""nothing is connected to this port, so MLS \u00a79.2 forces its flow to zero. That is correct for a component compiled on its own and is not a defect; it is recorded because it is the commonest reason a model looks structurally singular""}",/data/mrumoca/eval/results_v3/transform/runtime_free.jsonl
transform,runtime-v3,TRANSFORM.HeatAndMassTransfer.Sensors.RelativeTemperature,2,network-component-isolated,low,False,execution-not-completed,"{""component"": ""<top level>"", ""component_class"": ""unknown"", ""ports"": ""port_a, port_b"", ""note"": ""every port of this instance is unconnected, so it exchanges nothing with the rest of the model while still contributing its equations""}",/data/mrumoca/eval/results_v3/transform/runtime_free.jsonl
transform,runtime-v3,TRANSFORM.HeatAndMassTransfer.Sensors.RelativeTemperature,3,network-observation-incomplete,info,False,execution-not-completed,"{""reason"": ""missing or unsynchronized connector member observations"", ""note"": ""coverage gap, not a model defect""}",/data/mrumoca/eval/results_v3/transform/runtime_free.jsonl
transform,runtime-v3,TRANSFORM.HeatAndMassTransfer.Sensors.RelativeTemperature,4,initialization-failure,high,False,execution-not-completed,"{""failure_kind"": ""singular-system"", ""reason"": ""nsors.RelativeTemperature to t=1 with 7 trace point(s)... \u001b[31m\u001b[0m simulation failed: DAE structural proof failed: structurally singular \u001b[31m\u2502\u001b[0m system: 4 matched out of 6 equations and 6 unknowns"", ""raw"": ""reading /tmp/tmpr0lrvrkm/traced.rbc (bitcode v2, cbor) Simulating TRANSFORM.HeatAndMassTransfer.Sensors.RelativeTemperature to t=1 with 7 trace point(s)... \u001b[31m\u001b[0m simulation failed: DAE structural proof failed: structurally singular \u001b[31m\u2502\u001b[0m system: 4 matched out of 6 equations and 6 unknowns"", ""tool_side"": false}",/data/mrumoca/eval/results_v3/transform/runtime_free.jsonl
transform,runtime-v3,TRANSFORM.HeatAndMassTransfer.Volumes.SimpleWall_noMedia,0,network-port-unconnected,low,True,execution-not-completed,"{""connector"": ""port_a"", ""component"": ""<top level>"", ""component_class"": ""unknown"", ""flows_forced_to_zero"": ""port_a.Q_flow"", ""note"": ""nothing is connected to this port, so MLS \u00a79.2 forces its flow to zero. That is correct for a component compiled on its own and is not a defect; it is recorded because it is the commonest reason a model looks structurally singular""}",/data/mrumoca/eval/results_v3/transform/runtime_free.jsonl
transform,runtime-v3,TRANSFORM.HeatAndMassTransfer.Volumes.SimpleWall_noMedia,1,network-port-unconnected,low,True,execution-not-completed,"{""connector"": ""port_b"", ""component"": ""<top level>"", ""component_class"": ""unknown"", ""flows_forced_to_zero"": ""port_b.Q_flow"", ""note"": ""nothing is connected to this port, so MLS \u00a79.2 forces its flow to zero. That is correct for a component compiled on its own and is not a defect; it is recorded because it is the commonest reason a model looks structurally singular""}",/data/mrumoca/eval/results_v3/transform/runtime_free.jsonl
transform,runtime-v3,TRANSFORM.HeatAndMassTransfer.Volumes.SimpleWall_noMedia,2,network-component-isolated,low,True,execution-not-completed,"{""component"": ""<top level>"", ""component_class"": ""unknown"", ""ports"": ""port_a, port_b"", ""note"": ""every port of this instance is unconnected, so it exchanges nothing with the rest of the model while still contributing its equations""}",/data/mrumoca/eval/results_v3/transform/runtime_free.jsonl
transform,runtime-v3,TRANSFORM.HeatAndMassTransfer.Volumes.SimpleWall_noMedia,3,physical-runtime-invariant-unobserved,low,True,execution-not-completed,"{""domain"": ""fluid"", ""rule"": ""fluid.density.positive"", ""rule_origin"": ""mass per volume of a real fluid; density appears as a divisor throughout the Fluid library"", ""rule_reference"": """", ""matched_by"": {""quantity"": ""Density"", ""unit"": ""kg/m3"", ""confidence"": ""QUANTITY_AND_UNIT"", ""premise_state"": ""unknown"", ""authority"": ""quantity_or_unit"", ""canonical_declaration"": ""TRANSFORM.HeatAndMassTransfer.Volumes.SimpleWall_noMedia.d""}, ""required"": ""d > 0"", ""variable_role"": ""input"", ""note"": ""this is a runtime property of a input variable, not a declaration a user can bound; deciding it needs an observation""}",/data/mrumoca/eval/results_v3/transform/runtime_free.jsonl
transform,runtime-v3,TRANSFORM.HeatAndMassTransfer.Volumes.SimpleWall_noMedia,4,network-observation-incomplete,info,True,execution-not-completed,"{""reason"": ""missing or unsynchronized connector member observations"", ""note"": ""coverage gap, not a model defect""}",/data/mrumoca/eval/results_v3/transform/runtime_free.jsonl
transform,runtime-v3,TRANSFORM.HeatAndMassTransfer.Volumes.SimpleWall_noMedia,5,simulation-failure,high,True,execution-not-completed,"{""failure_kind"": ""unknown"", ""reason"": ""TRANSFORM.HeatAndMassTransfer.Volumes.SimpleWall_noMedia to t=1 with 16 trace point(s)... \u001b[31m\u001b[0m simulation failed: numeric evaluation depends on `algebraic T`, which has \u001b[31m\u2502\u001b[0m no static value"", ""raw"": ""reading /tmp/tmpnlvh_xiq/traced.rbc (bitcode v2, cbor) holding 2 free input(s) constant at their start values: th=0, surfaceArea=0 Simulating TRANSFORM.HeatAndMassTransfer.Volumes.SimpleWall_noMedia to t=1 with 16 trace point(s)... \u001b[31m\u001b[0m simulation failed: numeric evaluation depends on `algebraic T`, which has \u001b[31m\u2502\u001b[0m no static value"", ""tool_side"": false}",/data/mrumoca/eval/results_v3/transform/runtime_free.jsonl
transform,runtime-v3,TRANSFORM.HeatAndMassTransfer.Sensors.Temperature,0,network-port-unconnected,low,False,execution-not-completed,"{""connector"": ""port"", ""component"": ""<top level>"", ""component_class"": ""unknown"", ""flows_forced_to_zero"": ""port.Q_flow"", ""note"": ""nothing is connected to this port, so MLS \u00a79.2 forces its flow to zero. That is correct for a component compiled on its own and is not a defect; it is recorded because it is the commonest reason a model looks structurally singular""}",/data/mrumoca/eval/results_v3/transform/runtime_free.jsonl
transform,runtime-v3,TRANSFORM.HeatAndMassTransfer.Sensors.Temperature,1,network-component-isolated,low,False,execution-not-completed,"{""component"": ""<top level>"", ""component_class"": ""unknown"", ""ports"": ""port"", ""note"": ""every port of this instance is unconnected, so it exchanges nothing with the rest of the model while still contributing its equations""}",/data/mrumoca/eval/results_v3/transform/runtime_free.jsonl
transform,runtime-v3,TRANSFORM.HeatAndMassTransfer.Sensors.Temperature,2,network-observation-incomplete,info,False,execution-not-completed,"{""reason"": ""missing or unsynchronized connector member observations"", ""note"": ""coverage gap, not a model defect""}",/data/mrumoca/eval/results_v3/transform/runtime_free.jsonl
transform,runtime-v3,TRANSFORM.HeatAndMassTransfer.Sensors.Temperature,3,initialization-failure,high,False,execution-not-completed,"{""failure_kind"": ""singular-system"", ""reason"": ""nsfer.Sensors.Temperature to t=1 with 5 trace point(s)... \u001b[31m\u001b[0m simulation failed: DAE structural proof failed: structurally singular \u001b[31m\u2502\u001b[0m system: 3 matched out of 4 equations and 4 unknowns"", ""raw"": ""reading /tmp/tmp363f9c95/traced.rbc (bitcode v2, cbor) Simulating TRANSFORM.HeatAndMassTransfer.Sensors.Temperature to t=1 with 5 trace point(s)... \u001b[31m\u001b[0m simulation failed: DAE structural proof failed: structurally singular \u001b[31m\u2502\u001b[0m system: 3 matched out of 4 equations and 4 unknowns"", ""tool_side"": false}",/data/mrumoca/eval/results_v3/transform/runtime_free.jsonl
transform,runtime-v3,TRANSFORM.HeatAndMassTransfer.Volumes.UnitVolume_wTraceMass,0,network-port-unconnected,low,True,execution-not-completed,"{""connector"": ""port"", ""component"": ""<top level>"", ""component_class"": ""unknown"", ""flows_forced_to_zero"": ""port.Q_flow"", ""note"": ""nothing is connected to this port, so MLS \u00a79.2 forces its flow to zero. That is correct for a component compiled on its own and is not a defect; it is recorded because it is the commonest reason a model looks structurally singular""}",/data/mrumoca/eval/results_v3/transform/runtime_free.jsonl
transform,runtime-v3,TRANSFORM.HeatAndMassTransfer.Volumes.UnitVolume_wTraceMass,1,network-port-unconnected,low,True,execution-not-completed,"{""connector"": ""portM"", ""component"": ""<top level>"", ""component_class"": ""unknown"", ""flows_forced_to_zero"": ""portM.n_flow"", ""note"": ""nothing is connected to this port, so MLS \u00a79.2 forces its flow to zero. That is correct for a component compiled on its own and is not a defect; it is recorded because it is the commonest reason a model looks structurally singular""}",/data/mrumoca/eval/results_v3/transform/runtime_free.jsonl
transform,runtime-v3,TRANSFORM.HeatAndMassTransfer.Volumes.UnitVolume_wTraceMass,2,network-component-isolated,low,True,execution-not-completed,"{""component"": ""<top level>"", ""component_class"": ""unknown"", ""ports"": ""port, portM"", ""note"": ""every port of this instance is unconnected, so it exchanges nothing with the rest of the model while still contributing its equations""}",/data/mrumoca/eval/results_v3/transform/runtime_free.jsonl
transform,runtime-v3,TRANSFORM.HeatAndMassTransfer.Volumes.UnitVolume_wTraceMass,3,physical-runtime-invariant-unobserved,low,True,execution-not-completed,"{""domain"": ""fluid"", ""rule"": ""fluid.density.positive"", ""rule_origin"": ""mass per volume of a real fluid; density appears as a divisor throughout the Fluid library"", ""rule_reference"": """", ""matched_by"": {""quantity"": ""Density"", ""unit"": ""kg/m3"", ""confidence"": ""QUANTITY_AND_UNIT"", ""premise_state"": ""unknown"", ""authority"": ""quantity_or_unit"", ""canonical_declaration"": ""TRANSFORM.HeatAndMassTransfer.Volumes.UnitVolume_wTraceMass.d""}, ""required"": ""d > 0"", ""variable_role"": ""input"", ""note"": ""this is a runtime property of a input variable, not a declaration a user can bound; deciding it needs an observation""}",/data/mrumoca/eval/results_v3/transform/runtime_free.jsonl
transform,runtime-v3,TRANSFORM.HeatAndMassTransfer.Volumes.UnitVolume_wTraceMass,4,network-observation-incomplete,info,True,execution-not-completed,"{""reason"": ""missing or unsynchronized connector member observations"", ""note"": ""coverage gap, not a model defect""}",/data/mrumoca/eval/results_v3/transform/runtime_free.jsonl
transform,runtime-v3,TRANSFORM.HeatAndMassTransfer.Volumes.UnitVolume_wTraceMass,5,simulation-failure,high,True,execution-not-completed,"{""failure_kind"": ""nonlinear-solver-failure"", ""reason"": ""tablish coordinate convergence: worst scaled residual row=8 \u001b[31m\u2502\u001b[0m target=portM.C[1] value=0.000000e0 ratio=0.000000e0 norm=0.000000e0 \u001b[31m\u2502\u001b[0m row_scale=1.000000e0 scaled_tolerance=1.000000e-10"", ""raw"": ""reading /tmp/tmpf_z75ro_/traced.rbc (bitcode v2, cbor) holding 3 free input(s) constant at their start values: V=0, d=0, cp=0 Simulating TRANSFORM.HeatAndMassTransfer.Volumes.UnitVolume_wTraceMass to t=1 with 15 trace point(s)... \u001b[31m\u001b[0m simulation failed: solve-IR evaluation failed: algebraic projection did not \u001b[31m\u2502\u001b[0m establish coordinate convergence: worst scaled residual row=8 \u001b[31m\u2502\u001b[0m "", ""tool_side"": false}",/data/mrumoca/eval/results_v3/transform/runtime_free.jsonl
transform,runtime-v3,TRANSFORM.HeatAndMassTransfer.Volumes.UnitVolume,0,network-port-unconnected,low,True,hold-input-contract-validation,"{""connector"": ""port"", ""component"": ""<top level>"", ""component_class"": ""unknown"", ""flows_forced_to_zero"": ""port.Q_flow"", ""note"": ""nothing is connected to this port, so MLS \u00a79.2 forces its flow to zero. That is correct for a component compiled on its own and is not a defect; it is recorded because it is the commonest reason a model looks structurally singular""}",/data/mrumoca/eval/results_v3/transform/runtime_free.jsonl
transform,runtime-v3,TRANSFORM.HeatAndMassTransfer.Volumes.UnitVolume,1,network-component-isolated,low,True,hold-input-contract-validation,"{""component"": ""<top level>"", ""component_class"": ""unknown"", ""ports"": ""port"", ""note"": ""every port of this instance is unconnected, so it exchanges nothing with the rest of the model while still contributing its equations""}",/data/mrumoca/eval/results_v3/transform/runtime_free.jsonl
transform,runtime-v3,TRANSFORM.HeatAndMassTransfer.Volumes.UnitVolume,2,physical-runtime-invariant-unobserved,low,True,hold-input-contract-validation,"{""domain"": ""fluid"", ""rule"": ""fluid.density.positive"", ""rule_origin"": ""mass per volume of a real fluid; density appears as a divisor throughout the Fluid library"", ""rule_reference"": """", ""matched_by"": {""quantity"": ""Density"", ""unit"": ""kg/m3"", ""confidence"": ""QUANTITY_AND_UNIT"", ""premise_state"": ""unknown"", ""authority"": ""quantity_or_unit"", ""canonical_declaration"": ""TRANSFORM.HeatAndMassTransfer.Volumes.UnitVolume.d""}, ""required"": ""d > 0"", ""variable_role"": ""input"", ""note"": ""this is a runtime property of a input variable, not a declaration a user can bound; deciding it needs an observation""}",/data/mrumoca/eval/results_v3/transform/runtime_free.jsonl
transform,runtime-v3,TRANSFORM.HeatAndMassTransfer.Volumes.UnitVolume,3,physical-invariant-violated,high,True,hold-input-contract-validation,"{""domain"": ""fluid"", ""rule"": ""fluid.density.positive"", ""rule_origin"": ""mass per volume of a real fluid; density appears as a divisor throughout the Fluid library"", ""rule_reference"": """", ""matched_by"": {""quantity"": ""Density"", ""unit"": ""kg/m3"", ""confidence"": ""QUANTITY_AND_UNIT"", ""premise_state"": ""unknown"", ""authority"": ""quantity_or_unit"", ""canonical_declaration"": ""TRANSFORM.HeatAndMassTransfer.Volumes.UnitVolume.d""}, ""observed"": 0.0, ""required"": ""d > 0"", ""excess"": 0.0, ""where"": ""runtime""}",/data/mrumoca/eval/results_v3/transform/runtime_free.jsonl
transform,runtime-v3,TRANSFORM.HeatExchangers.ClosureRelations.Models.EffectivenessNTU_Relations.Crossflow,0,simulation-failure,high,True,execution-not-completed,"{""failure_kind"": ""non-finite-value"", ""reason"": ""ting TRANSFORM.HeatExchangers.ClosureRelations.Models.EffectivenessNTU_Relations.Crossflow to t=1 with 12 trace point(s)... \u001b[31m\u001b[0m simulation failed: numeric evaluation produced a non-finite result"", ""raw"": ""reading /tmp/tmp72rfflxj/traced.rbc (bitcode v2, cbor) holding 3 free input(s) constant at their start values: C_1=0, C_2=0, u=0 Simulating TRANSFORM.HeatExchangers.ClosureRelations.Models.EffectivenessNTU_Relations.Crossflow to t=1 with 12 trace point(s)... \u001b[31m\u001b[0m simulation failed: numeric evaluation produced a non-finite result"", ""tool_side"": false}",/data/mrumoca/eval/results_v3/transform/runtime_free.jsonl
transform,runtime-v3,TRANSFORM.HeatExchangers.ClosureRelations.Models.EffectivenessNTU_Relations.ConcentricTube,0,simulation-failure,high,True,execution-not-completed,"{""failure_kind"": ""non-finite-value"", ""reason"": ""TRANSFORM.HeatExchangers.ClosureRelations.Models.EffectivenessNTU_Relations.ConcentricTube to t=1 with 10 trace point(s)... \u001b[31m\u001b[0m simulation failed: numeric evaluation produced a non-finite result"", ""raw"": ""reading /tmp/tmp6avel2ea/traced.rbc (bitcode v2, cbor) holding 3 free input(s) constant at their start values: C_1=0, C_2=0, u=0 Simulating TRANSFORM.HeatExchangers.ClosureRelations.Models.EffectivenessNTU_Relations.ConcentricTube to t=1 with 10 trace point(s)... \u001b[31m\u001b[0m simulation failed: numeric evaluation produced a non-finite result"", ""tool_side"": false}",/data/mrumoca/eval/results_v3/transform/runtime_free.jsonl
transform,runtime-v3,TRANSFORM.HeatExchangers.ClosureRelations.Models.EffectivenessNTU_Relations.ShellAndTube,0,simulation-failure,high,True,execution-not-completed,"{""failure_kind"": ""non-finite-value"", ""reason"": ""g TRANSFORM.HeatExchangers.ClosureRelations.Models.EffectivenessNTU_Relations.ShellAndTube to t=1 with 14 trace point(s)... \u001b[31m\u001b[0m simulation failed: numeric evaluation produced a non-finite result"", ""raw"": ""reading /tmp/tmp9crxgc5j/traced.rbc (bitcode v2, cbor) holding 3 free input(s) constant at their start values: C_1=0, C_2=0, u=0 Simulating TRANSFORM.HeatExchangers.ClosureRelations.Models.EffectivenessNTU_Relations.ShellAndTube to t=1 with 14 trace point(s)... \u001b[31m\u001b[0m simulation failed: numeric evaluation produced a non-finite result"", ""tool_side"": false}",/data/mrumoca/eval/results_v3/transform/runtime_free.jsonl
transform,runtime-v3,TRANSFORM.HeatExchangers.EffectivenessNTU_HX,0,physical-zero-is-a-supported-limit,low,False,execution-not-completed,"{""domain"": ""fluid"", ""rule"": ""fluid.area.positive"", ""rule_origin"": ""a flow cross-section is a divisor in every velocity relation; zero area admits no flow and divides by zero"", ""rule_reference"": """", ""matched_by"": {""quantity"": ""Area"", ""unit"": ""m2"", ""confidence"": ""QUANTITY_AND_UNIT"", ""premise_state"": ""unknown"", ""authority"": ""quantity_or_unit"", ""canonical_declaration"": ""TRANSFORM.HeatExchangers.EffectivenessNTU_HX.surfaceArea""}, ""required"": ""surfaceArea > 0"", ""declared_min"": null, ""variable_role"": ""parameter"", ""premise_state"": ""refuted"", ""authority"": ""component_contract"", ""contract"": ""TRANSFORM.HeatExchangers.EffectivenessNTU_HX.surfaceArea: feature_disabled (proven, from equation) \u2014 the parameter appears only as a multiplier, so at zero the term it scales drops out and the rest of the model is unaffected"", ""contract_behavior"": ""feature_disabled"", ""contract_confidence"": ""proven"", ""contract_source"": ""equation"", ""note"": ""the positivity rule does not apply: this component documents zero as a meaningful limit, so reporting a missing bound would contradict its contract""}",/data/mrumoca/eval/results_v3/transform/runtime_free.jsonl
transform,runtime-v3,TRANSFORM.HeatExchangers.EffectivenessNTU_HX,1,initialization-failure,high,False,execution-not-completed,"{""failure_kind"": ""unknown"", ""reason"": ""2, cbor) Simulating TRANSFORM.HeatExchangers.EffectivenessNTU_HX to t=1 with 1 trace point(s)... \u001b[31m\u001b[0m simulation failed: parameter `T_1_cold` has neither a binding nor an \u001b[31m\u2502\u001b[0m initial value"", ""raw"": ""reading /tmp/tmphvvnihyt/traced.rbc (bitcode v2, cbor) Simulating TRANSFORM.HeatExchangers.EffectivenessNTU_HX to t=1 with 1 trace point(s)... \u001b[31m\u001b[0m simulation failed: parameter `T_1_cold` has neither a binding nor an \u001b[31m\u2502\u001b[0m initial value"", ""tool_side"": false}",/data/mrumoca/eval/results_v3/transform/runtime_free.jsonl
transform,runtime-v3,TRANSFORM.HeatExchangers.ClosureRelations.Models.Examples.check_CrossFlow,0,extreme-magnitude,medium,False,source-sentinel-or-protection-not-defect-proof,"{""variable"": ""unitTests.Error_rms"", ""value"": 1.7976931348623157e+308, ""anchor_quality"": ""canonical""}",/data/mrumoca/eval/results_v3/transform/runtime_free.jsonl
transform,runtime-v3,TRANSFORM.HeatExchangers.Examples.UAdT_lm_Example_11_1,0,extreme-magnitude,medium,False,source-sentinel-or-protection-not-defect-proof,"{""variable"": ""unitTests.Error_rms"", ""value"": 1.7976931348623157e+308, ""anchor_quality"": ""canonical""}",/data/mrumoca/eval/results_v3/transform/runtime_free.jsonl
transform,runtime-v3,TRANSFORM.HeatExchangers.UAdT_lm,0,division-out-of-domain,high,True,execution-not-completed,"{""operation"": ""division"", ""requirement"": ""nonzero"", ""operand_value"": 0.0, ""coordinates"": ""internal-evaluation"", ""run_completed"": false, ""claim"": ""native operation domain violation; not a source-model verdict""}",/data/mrumoca/eval/results_v3/transform/runtime_free.jsonl
transform,runtime-v3,TRANSFORM.HeatExchangers.UAdT_lm,1,simulation-failure,high,True,execution-not-completed,"{""failure_kind"": ""non-finite-value"", ""reason"": ""raic projection did not establish coordinate \u001b[31m\u2502\u001b[0m convergence: worst scaled residual row=3 target=dT_lm value=NaN ratio=NaN \u001b[31m\u2502\u001b[0m norm=inf row_scale=1.000000e0 scaled_tolerance=1.000000e-10"", ""raw"": ""reading /tmp/tmplxlymszj/traced.rbc (bitcode v2, cbor) holding 5 free input(s) constant at their start values: Ts_h[1]=0, Ts_h[2]=0, Ts_c[1]=0, Ts_c[2]=0, Q_flow=0 Simulating TRANSFORM.HeatExchangers.UAdT_lm to t=1 with 10 trace point(s)... \u001b[31m\u001b[0m simulation failed: algebraic projection did not establish coordinate \u001b[31m\u2502\u001b[0m convergence: worst scaled residual row=3 target=dT_lm value=NaN ratio"", ""tool_side"": false}",/data/mrumoca/eval/results_v3/transform/runtime_free.jsonl
transform,runtime-v3,TRANSFORM.HeatExchangers.Sizing.Sizing_EffectivenessNTU,0,physical-zero-is-a-supported-limit,low,False,advisory-or-explicit-non-defect,"{""domain"": ""fluid"", ""rule"": ""fluid.area.positive"", ""rule_origin"": ""a flow cross-section is a divisor in every velocity relation; zero area admits no flow and divides by zero"", ""rule_reference"": """", ""matched_by"": {""quantity"": ""Area"", ""unit"": ""m2"", ""confidence"": ""QUANTITY_AND_UNIT"", ""premise_state"": ""unknown"", ""authority"": ""quantity_or_unit"", ""canonical_declaration"": ""TRANSFORM.HeatExchangers.Sizing.Sizing_EffectivenessNTU.CalcType.surfaceArea""}, ""required"": ""calcType.surfaceArea > 0"", ""declared_min"": null, ""variable_role"": ""parameter"", ""premise_state"": ""refuted"", ""authority"": ""component_contract"", ""contract"": ""TRANSFORM.HeatExchangers.Sizing.Sizing_EffectivenessNTU.CalcType.surfaceArea: feature_disabled (proven, from equation) \u2014 the parameter appears only as a multiplier, so at zero the term it scales drops out and the rest of the model is unaffected"", ""contract_behavior"": ""feature_disabled"", ""contract_confidence"": ""proven"", ""contract_source"": ""equation"", ""note"": ""the positivity rule does not apply: this component documents zero as a meaningful limit, so reporting a missing bound would contradict its contract""}",/data/mrumoca/eval/results_v3/transform/runtime_free.jsonl
transform,runtime-v3,TRANSFORM.HeatExchangers.Sizing.Examples.Sizing_CrossflowHX,0,physical-zero-is-a-supported-limit,low,False,advisory-or-explicit-non-defect,"{""domain"": ""fluid"", ""rule"": ""fluid.area.positive"", ""rule_origin"": ""a flow cross-section is a divisor in every velocity relation; zero area admits no flow and divides by zero"", ""rule_reference"": """", ""matched_by"": {""quantity"": ""Area"", ""unit"": ""m2"", ""confidence"": ""QUANTITY_AND_UNIT"", ""premise_state"": ""unknown"", ""authority"": ""quantity_or_unit"", ""canonical_declaration"": ""TRANSFORM.HeatExchangers.Sizing.Records.EffectivenessNTU_CalcType.Option1.surfaceArea""}, ""required"": ""example_11_4.calcType.surfaceArea > 0"", ""declared_min"": null, ""variable_role"": ""parameter"", ""premise_state"": ""refuted"", ""authority"": ""component_contract"", ""contract"": ""TRANSFORM.HeatExchangers.Sizing.Records.EffectivenessNTU_CalcType.Option1.surfaceArea: feature_disabled (proven, from equation) \u2014 the parameter appears only as a multiplier, so at zero the term it scales drops out and the rest of the model is unaffected"", ""contract_behavior"": ""feature_disabled"", ""contract_confidence"": ""proven"", ""contract_source"": ""equation"", ""note"": ""the positivity rule does not apply: this component documents zero as a meaningful limit, so reporting a missing bound would contradict its contract""}",/data/mrumoca/eval/results_v3/transform/runtime_free.jsonl
transform,runtime-v3,TRANSFORM.HeatExchangers.Sizing.Examples.Sizing_CrossflowHX,1,division-domain-trial,info,False,solver-trial-not-source-model-verdict,"{""operation"": ""division"", ""requirement"": ""nonzero"", ""operand_value"": 0.0, ""coordinates"": ""internal-evaluation"", ""run_completed"": true, ""claim"": ""native operation domain violation; not a source-model verdict""}",/data/mrumoca/eval/results_v3/transform/runtime_free.jsonl
transform,runtime-v3,TRANSFORM.HeatExchangers.Sizing.Examples.Sizing_CrossflowHX,2,extreme-magnitude,medium,False,source-sentinel-or-protection-not-defect-proof,"{""variable"": ""unitTests.Error_rms"", ""value"": 1.7976931348623157e+308, ""anchor_quality"": ""canonical""}",/data/mrumoca/eval/results_v3/transform/runtime_free.jsonl
transform,runtime-v3,TRANSFORM.Math.Examples.ComplexMath.check_csqrt,0,extreme-magnitude,medium,False,source-sentinel-or-protection-not-defect-proof,"{""variable"": ""unitTests.Error_rms"", ""value"": 1.7976931348623157e+308, ""anchor_quality"": ""canonical""}",/data/mrumoca/eval/results_v3/transform/runtime_free.jsonl
transform,runtime-v3,TRANSFORM.Math.Examples.check_diff,0,extreme-magnitude,medium,False,source-sentinel-or-protection-not-defect-proof,"{""variable"": ""unitTests.Error_rms"", ""value"": 1.7976931348623157e+308, ""anchor_quality"": ""canonical""}",/data/mrumoca/eval/results_v3/transform/runtime_free.jsonl
transform,runtime-v3,TRANSFORM.Math.Examples.check_factorial,0,extreme-magnitude,medium,False,source-sentinel-or-protection-not-defect-proof,"{""variable"": ""unitTests.Error_rms"", ""value"": 1.7976931348623157e+308, ""anchor_quality"": ""canonical""}",/data/mrumoca/eval/results_v3/transform/runtime_free.jsonl
transform,runtime-v3,TRANSFORM.Math.Examples.check_integral_TrapezoidalRule,0,extreme-magnitude,medium,False,source-sentinel-or-protection-not-defect-proof,"{""variable"": ""unitTests.Error_rms"", ""value"": 1.7976931348623157e+308, ""anchor_quality"": ""canonical""}",/data/mrumoca/eval/results_v3/transform/runtime_free.jsonl
transform,runtime-v3,TRANSFORM.Math.Examples.check_clamp,0,extreme-magnitude,medium,False,source-sentinel-or-protection-not-defect-proof,"{""variable"": ""unitTests.Error_rms"", ""value"": 1.7976931348623157e+308, ""anchor_quality"": ""canonical""}",/data/mrumoca/eval/results_v3/transform/runtime_free.jsonl
transform,runtime-v3,TRANSFORM.Math.Examples.check_arrheniusEquation,0,extreme-magnitude,medium,False,source-sentinel-or-protection-not-defect-proof,"{""variable"": ""unitTests.Error_rms"", ""value"": 1.7976931348623157e+308, ""anchor_quality"": ""canonical""}",/data/mrumoca/eval/results_v3/transform/runtime_free.jsonl
transform,runtime-v3,TRANSFORM.Math.Examples.check_mean,0,extreme-magnitude,medium,False,source-sentinel-or-protection-not-defect-proof,"{""variable"": ""unitTests.Error_rms"", ""value"": 1.7976931348623157e+308, ""anchor_quality"": ""canonical""}",/data/mrumoca/eval/results_v3/transform/runtime_free.jsonl
transform,runtime-v3,TRANSFORM.Math.Examples.check_psi_math,0,extreme-magnitude,medium,False,source-sentinel-or-protection-not-defect-proof,"{""variable"": ""y"", ""value"": -1.7976931348623157e+308, ""anchor_quality"": ""canonical""}",/data/mrumoca/eval/results_v3/transform/runtime_free.jsonl
transform,runtime-v3,TRANSFORM.Math.Examples.check_regRoot,0,initialization-failure,high,False,execution-not-completed,"{""failure_kind"": ""singular-system"", ""reason"": ""xamples.check_regRoot to t=1 with 14 trace point(s)... \u001b[31m\u001b[0m simulation failed: DAE structural proof failed: structurally singular \u001b[31m\u2502\u001b[0m system: 14 matched out of 15 equations and 15 unknowns"", ""raw"": ""reading /tmp/tmp_w2tuz3p/traced.rbc (bitcode v2, cbor) Simulating TRANSFORM.Math.Examples.check_regRoot to t=1 with 14 trace point(s)... \u001b[31m\u001b[0m simulation failed: DAE structural proof failed: structurally singular \u001b[31m\u2502\u001b[0m system: 14 matched out of 15 equations and 15 unknowns"", ""tool_side"": false}",/data/mrumoca/eval/results_v3/transform/runtime_free.jsonl
transform,runtime-v3,TRANSFORM.Math.Examples.check_radialspace,0,extreme-magnitude,medium,False,source-sentinel-or-protection-not-defect-proof,"{""variable"": ""unitTests.Error_rms"", ""value"": 1.7976931348623157e+308, ""anchor_quality"": ""canonical""}",/data/mrumoca/eval/results_v3/transform/runtime_free.jsonl
transform,runtime-v3,TRANSFORM.Math.Examples.check_regExponent,0,initialization-failure,high,False,execution-not-completed,"{""failure_kind"": ""singular-system"", ""reason"": ""les.check_regExponent to t=1 with 14 trace point(s)... \u001b[31m\u001b[0m simulation failed: DAE structural proof failed: structurally singular \u001b[31m\u2502\u001b[0m system: 14 matched out of 15 equations and 15 unknowns"", ""raw"": ""reading /tmp/tmpc_9k9x6c/traced.rbc (bitcode v2, cbor) Simulating TRANSFORM.Math.Examples.check_regExponent to t=1 with 14 trace point(s)... \u001b[31m\u001b[0m simulation failed: DAE structural proof failed: structurally singular \u001b[31m\u2502\u001b[0m system: 14 matched out of 15 equations and 15 unknowns"", ""tool_side"": false}",/data/mrumoca/eval/results_v3/transform/runtime_free.jsonl
transform,runtime-v3,TRANSFORM.Math.Examples.check_replaceArrayValues,0,extreme-magnitude,medium,False,source-sentinel-or-protection-not-defect-proof,"{""variable"": ""unitTests.Error_rms"", ""value"": 1.7976931348623157e+308, ""anchor_quality"": ""canonical""}",/data/mrumoca/eval/results_v3/transform/runtime_free.jsonl
transform,runtime-v3,TRANSFORM.Math.Examples.check_regStep,0,extreme-magnitude,medium,False,source-sentinel-or-protection-not-defect-proof,"{""variable"": ""unitTests.Error_rms"", ""value"": 1.7976931348623157e+308, ""anchor_quality"": ""canonical""}",/data/mrumoca/eval/results_v3/transform/runtime_free.jsonl
transform,runtime-v3,TRANSFORM.Math.Examples.check_smoothMax,0,initialization-failure,high,False,execution-not-completed,"{""failure_kind"": ""singular-system"", ""reason"": ""mples.check_smoothMax to t=1 with 11 trace point(s)... \u001b[31m\u001b[0m simulation failed: DAE structural proof failed: structurally singular \u001b[31m\u2502\u001b[0m system: 24 matched out of 28 equations and 28 unknowns"", ""raw"": ""reading /tmp/tmpz0ay8qki/traced.rbc (bitcode v2, cbor) Simulating TRANSFORM.Math.Examples.check_smoothMax to t=1 with 11 trace point(s)... \u001b[31m\u001b[0m simulation failed: DAE structural proof failed: structurally singular \u001b[31m\u2502\u001b[0m system: 24 matched out of 28 equations and 28 unknowns"", ""tool_side"": false}",/data/mrumoca/eval/results_v3/transform/runtime_free.jsonl
transform,runtime-v3,TRANSFORM.Math.Examples.check_xor,0,extreme-magnitude,medium,False,source-sentinel-or-protection-not-defect-proof,"{""variable"": ""unitTests.Error_rms"", ""value"": 1.7976931348623157e+308, ""anchor_quality"": ""canonical""}",/data/mrumoca/eval/results_v3/transform/runtime_free.jsonl
transform,runtime-v3,TRANSFORM.Math.Examples.check_spliceTanh,0,extreme-magnitude,medium,False,source-sentinel-or-protection-not-defect-proof,"{""variable"": ""unitTests.Error_rms"", ""value"": 1.7976931348623157e+308, ""anchor_quality"": ""canonical""}",/data/mrumoca/eval/results_v3/transform/runtime_free.jsonl
transform,runtime-v3,TRANSFORM.Math.Examples.check_smoothMin,0,initialization-failure,high,False,execution-not-completed,"{""failure_kind"": ""singular-system"", ""reason"": ""mples.check_smoothMin to t=1 with 11 trace point(s)... \u001b[31m\u001b[0m simulation failed: DAE structural proof failed: structurally singular \u001b[31m\u2502\u001b[0m system: 24 matched out of 28 equations and 28 unknowns"", ""raw"": ""reading /tmp/tmpboc3ygdp/traced.rbc (bitcode v2, cbor) Simulating TRANSFORM.Math.Examples.check_smoothMin to t=1 with 11 trace point(s)... \u001b[31m\u001b[0m simulation failed: DAE structural proof failed: structurally singular \u001b[31m\u2502\u001b[0m system: 24 matched out of 28 equations and 28 unknowns"", ""tool_side"": false}",/data/mrumoca/eval/results_v3/transform/runtime_free.jsonl
transform,runtime-v3,TRANSFORM.Mechanics.Rotational.Sources.VariableSpeed,0,network-port-unconnected,low,False,standalone-topology-not-defect-proof,"{""connector"": ""flange"", ""component"": ""<top level>"", ""component_class"": ""unknown"", ""flows_forced_to_zero"": ""flange.tau"", ""note"": ""nothing is connected to this port, so MLS \u00a79.2 forces its flow to zero. That is correct for a component compiled on its own and is not a defect; it is recorded because it is the commonest reason a model looks structurally singular""}",/data/mrumoca/eval/results_v3/transform/runtime_free.jsonl
transform,runtime-v3,TRANSFORM.Mechanics.Rotational.Sources.VariableSpeed,1,network-component-isolated,low,False,standalone-topology-not-defect-proof,"{""component"": ""<top level>"", ""component_class"": ""unknown"", ""ports"": ""flange"", ""note"": ""every port of this instance is unconnected, so it exchanges nothing with the rest of the model while still contributing its equations""}",/data/mrumoca/eval/results_v3/transform/runtime_free.jsonl
transform,runtime-v3,TRANSFORM.Mechanics.SimpleMotor,0,network-boundary-port,low,True,hold-input-contract-validation,"{""node"": ""J.flange_b -- flange_b"", ""boundary_connectors"": ""flange_b"", ""wired_to"": ""J.flange_b"", ""note"": ""this connector belongs to the model itself, not to a component inside it: the model is an interface compiled on its own, so the node is open on one side. Nothing forces its flow, which is why a structural matching reports an unmatched unknown here. Not a defect in the model""}",/data/mrumoca/eval/results_v3/transform/runtime_free.jsonl
transform,runtime-v3,TRANSFORM.Mechanics.SimpleMotor,1,network-boundary-port,low,True,hold-input-contract-validation,"{""node"": ""Vs -- inPort"", ""boundary_connectors"": ""Vs, inPort"", ""wired_to"": ""nothing"", ""note"": ""this connector belongs to the model itself, not to a component inside it: the model is an interface compiled on its own, so the node is open on one side. Nothing forces its flow, which is why a structural matching reports an unmatched unknown here. Not a defect in the model""}",/data/mrumoca/eval/results_v3/transform/runtime_free.jsonl
transform,runtime-v3,TRANSFORM.Mechanics.SimpleMotor,2,physical-zero-is-a-supported-limit,low,True,hold-input-contract-validation,"{""domain"": ""electrical"", ""rule"": ""elec.resistance.positive"", ""rule_origin"": ""a passive resistor dissipates energy; R <= 0 would make it a source, and R = 0 removes the equation that determines its current"", ""rule_reference"": ""MSL Electrical.Analog.Basic.Resistor"", ""matched_by"": {""quantity"": ""Resistance"", ""unit"": ""Ohm"", ""confidence"": ""QUANTITY_AND_UNIT"", ""premise_state"": ""unknown"", ""authority"": ""quantity_or_unit"", ""canonical_declaration"": ""TRANSFORM.Mechanics.SimpleMotor.Rm""}, ""required"": ""Rm > 0"", ""declared_min"": null, ""variable_role"": ""parameter"", ""premise_state"": ""refuted"", ""authority"": ""component_contract"", ""contract"": ""Modelica.Electrical.Analog.Basic.Resistor.R: feature_disabled (proven, from equation) \u2014 inherited from R.R, which it binds: the parameter appears only as a multiplier, so at zero the term it scales drops out and the rest of the model is unaffected"", ""contract_behavior"": ""feature_disabled"", ""contract_confidence"": ""proven"", ""contract_source"": ""equation"", ""note"": ""the positivity rule does not apply: this component documents zero as a meaningful limit, so reporting a missing bound would contradict its contract""}",/data/mrumoca/eval/results_v3/transform/runtime_free.jsonl
transform,runtime-v3,TRANSFORM.Mechanics.SimpleMotor,3,physical-zero-is-a-supported-limit,low,True,hold-input-contract-validation,"{""domain"": ""electrical"", ""rule"": ""elec.inductance.positive"", ""rule_origin"": ""stored energy is L*i^2/2; L = 0 turns the differential equation into a constraint on voltage"", ""rule_reference"": ""MSL Electrical.Analog.Basic.Inductor"", ""matched_by"": {""quantity"": ""Inductance"", ""unit"": ""H"", ""confidence"": ""QUANTITY_AND_UNIT"", ""premise_state"": ""unknown"", ""authority"": ""quantity_or_unit"", ""canonical_declaration"": ""TRANSFORM.Mechanics.SimpleMotor.Lm""}, ""required"": ""Lm > 0"", ""declared_min"": null, ""variable_role"": ""parameter"", ""premise_state"": ""refuted"", ""authority"": ""component_contract"", ""contract"": ""Modelica.Electrical.Analog.Basic.Inductor.L: algebraic_limit (proven, from equation) \u2014 inherited from L.L, which it binds: the parameter multiplies a derivative, so at zero the differential relation becomes an algebraic constraint rather than an undefined quotient"", ""contract_behavior"": ""algebraic_limit"", ""contract_confidence"": ""proven"", ""contract_source"": ""equation"", ""note"": ""the positivity rule does not apply: this component documents zero as a meaningful limit, so reporting a missing bound would contradict its contract""}",/data/mrumoca/eval/results_v3/transform/runtime_free.jsonl
transform,runtime-v3,TRANSFORM.Mechanics.SimpleMotor,4,physical-zero-is-a-supported-limit,low,True,hold-input-contract-validation,"{""domain"": ""mechanical"", ""rule"": ""mech.inertia.positive"", ""rule_origin"": ""the rotational analogue of mass; J = 0 leaves angular acceleration undetermined"", ""rule_reference"": ""MSL Mechanics.Rotational.Components.Inertia"", ""matched_by"": {""quantity"": ""MomentOfInertia"", ""unit"": ""kg.m2"", ""confidence"": ""QUANTITY_AND_UNIT"", ""premise_state"": ""unknown"", ""authority"": ""quantity_or_unit"", ""canonical_declaration"": ""TRANSFORM.Mechanics.SimpleMotor.Jm""}, ""required"": ""Jm > 0"", ""declared_min"": null, ""variable_role"": ""parameter"", ""premise_state"": ""refuted"", ""authority"": ""component_contract"", ""contract"": ""Modelica.Mechanics.Rotational.Components.Inertia.J: algebraic_limit (proven, from equation) \u2014 inherited from J.J, which it binds: the parameter multiplies a derivative, so at zero the differential relation becomes an algebraic constraint rather than an undefined quotient"", ""contract_behavior"": ""algebraic_limit"", ""contract_confidence"": ""proven"", ""contract_source"": ""equation"", ""note"": ""the positivity rule does not apply: this component documents zero as a meaningful limit, so reporting a missing bound would contradict its contract""}",/data/mrumoca/eval/results_v3/transform/runtime_free.jsonl
transform,runtime-v3,TRANSFORM.Mechanics.SimpleMotor,5,physical-zero-is-a-supported-limit,low,True,hold-input-contract-validation,"{""domain"": ""electrical"", ""rule"": ""elec.inductance.positive"", ""rule_origin"": ""stored energy is L*i^2/2; L = 0 turns the differential equation into a constraint on voltage"", ""rule_reference"": ""MSL Electrical.Analog.Basic.Inductor"", ""matched_by"": {""quantity"": ""Inductance"", ""unit"": ""H"", ""semantic_role"": ""component.passive.inductance"", ""binding_source"": ""component_type"", ""confidence"": ""QUANTITY_AND_UNIT"", ""declaring_class"": ""Modelica.Electrical.Analog.Basic.Inductor"", ""member"": ""L"", ""premise_state"": ""established"", ""authority"": ""component_contract"", ""canonical_declaration"": ""Modelica.Electrical.Analog.Basic.Inductor.L""}, ""required"": ""L.L > 0"", ""declared_min"": null, ""variable_role"": ""parameter"", ""premise_state"": ""refuted"", ""authority"": ""component_contract"", ""contract"": ""Modelica.Electrical.Analog.Basic.Inductor.L: algebraic_limit (proven, from equation) \u2014 the parameter multiplies a derivative, so at zero the differential relation becomes an algebraic constraint rather than an undefined quotient"", ""contract_behavior"": ""algebraic_limit"", ""contract_confidence"": ""proven"", ""contract_source"": ""equation"", ""note"": ""the positivity rule does not apply: this component documents zero as a meaningful limit, so reporting a missing bound would contradict its contract""}",/data/mrumoca/eval/results_v3/transform/runtime_free.jsonl
transform,runtime-v3,TRANSFORM.Mechanics.SimpleMotor,6,physical-zero-is-a-supported-limit,low,True,hold-input-contract-validation,"{""domain"": ""mechanical"", ""rule"": ""mech.inertia.positive"", ""rule_origin"": ""the rotational analogue of mass; J = 0 leaves angular acceleration undetermined"", ""rule_reference"": ""MSL Mechanics.Rotational.Components.Inertia"", ""matched_by"": {""quantity"": ""MomentOfInertia"", ""unit"": ""kg.m2"", ""semantic_role"": ""component.rotational.inertia"", ""binding_source"": ""component_type"", ""confidence"": ""QUANTITY_AND_UNIT"", ""declaring_class"": ""Modelica.Mechanics.Rotational.Components.Inertia"", ""member"": ""J"", ""premise_state"": ""established"", ""authority"": ""component_contract"", ""canonical_declaration"": ""Modelica.Mechanics.Rotational.Components.Inertia.J""}, ""required"": ""J.J > 0"", ""declared_min"": 0.0, ""variable_role"": ""parameter"", ""premise_state"": ""refuted"", ""authority"": ""component_contract"", ""contract"": ""Modelica.Mechanics.Rotational.Components.Inertia.J: algebraic_limit (proven, from equation) \u2014 the parameter multiplies a derivative, so at zero the differential relation becomes an algebraic constraint rather than an undefined quotient"", ""contract_behavior"": ""algebraic_limit"", ""contract_confidence"": ""proven"", ""contract_source"": ""equation"", ""note"": ""the positivity rule does not apply: this component documents zero as a meaningful limit, so reporting a missing bound would contradict its contract""}",/data/mrumoca/eval/results_v3/transform/runtime_free.jsonl
transform,runtime-v3,TRANSFORM.Math.Examples.check_spliceSigmoid,0,extreme-magnitude,medium,False,source-sentinel-or-protection-not-defect-proof,"{""variable"": ""unitTests.Error_rms"", ""value"": 1.7976931348623157e+308, ""anchor_quality"": ""canonical""}",/data/mrumoca/eval/results_v3/transform/runtime_free.jsonl
transform,runtime-v3,TRANSFORM.Media.ClosureModels.HenrysLawCoefficient.Models.ArrheniusEquation,0,simulation-failure,high,True,execution-not-completed,"{""failure_kind"": ""non-finite-value"", ""reason"": ""ace point(s)... \u001b[31m\u001b[0m simulation failed: non-finite (inf) value computed for `kHs[1]` @ Span \u001b[31m\u2502\u001b[0m { source: SourceId(3740608421083905709), start: BytePos(253), end: \u001b[31m\u2502\u001b[0m BytePos(293) }"", ""raw"": ""reading /tmp/tmpqkrawz2v/traced.rbc (bitcode v2, cbor) holding 1 free input(s) constant at their start values: T=0 Simulating TRANSFORM.Media.ClosureModels.HenrysLawCoefficient.Models.ArrheniusEquation to t=1 with 2 trace point(s)... \u001b[31m\u001b[0m simulation failed: non-finite (inf) value computed for `kHs[1]` @ Span \u001b[31m\u2502\u001b[0m { source: SourceId(3740608421083905709), start: BytePos(253), end: \u001b[31m\u2502\u001b"", ""tool_side"": false}",/data/mrumoca/eval/results_v3/transform/runtime_free.jsonl
transform,runtime-v3,TRANSFORM.Media.ClosureModels.HenrysLawCoefficient.Models.ExponentialInverseTemperature,0,simulation-failure,high,True,execution-not-completed,"{""failure_kind"": ""non-finite-value"", ""reason"": ""ace point(s)... \u001b[31m\u001b[0m simulation failed: non-finite (inf) value computed for `kHs[1]` @ Span \u001b[31m\u2502\u001b[0m { source: SourceId(3740608421083905709), start: BytePos(253), end: \u001b[31m\u2502\u001b[0m BytePos(293) }"", ""raw"": ""reading /tmp/tmpukltqt5z/traced.rbc (bitcode v2, cbor) holding 1 free input(s) constant at their start values: T=0 Simulating TRANSFORM.Media.ClosureModels.HenrysLawCoefficient.Models.ExponentialInverseTemperature to t=1 with 2 trace point(s)... \u001b[31m\u001b[0m simulation failed: non-finite (inf) value computed for `kHs[1]` @ Span \u001b[31m\u2502\u001b[0m { source: SourceId(3740608421083905709), start: BytePos(253), "", ""tool_side"": false}",/data/mrumoca/eval/results_v3/transform/runtime_free.jsonl
transform,runtime-v3,TRANSFORM.Nuclear.ClosureRelations.Geometry.Models.CoreSubchannels.Generic,0,simulation-failure,high,False,execution-not-completed,"{""failure_kind"": ""unknown"", ""reason"": "" Simulating TRANSFORM.Nuclear.ClosureRelations.Geometry.Models.CoreSubchannels.Generic to t=1 with 10 trace point(s)... \u001b[31m\u001b[0m simulation failed: cyclic static-value dependency includes `crossArea`"", ""raw"": ""reading /tmp/tmpu0zzuy38/traced.rbc (bitcode v2, cbor) Simulating TRANSFORM.Nuclear.ClosureRelations.Geometry.Models.CoreSubchannels.Generic to t=1 with 10 trace point(s)... \u001b[31m\u001b[0m simulation failed: cyclic static-value dependency includes `crossArea`"", ""tool_side"": false}",/data/mrumoca/eval/results_v3/transform/runtime_free.jsonl
transform,runtime-v3,TRANSFORM.Nuclear.ClosureRelations.Geometry.Models.CoreSubchannels.Assembly,0,simulation-failure,high,False,execution-not-completed,"{""failure_kind"": ""unknown"", ""reason"": ""s.Geometry.Models.CoreSubchannels.Assembly to t=1 with 14 trace point(s)... \u001b[31m\u001b[0m simulation failed: numeric evaluation depends on `algebraic \u001b[31m\u2502\u001b[0m crossArea_empty`, which has no static value"", ""raw"": ""reading /tmp/tmp8nue1hjf/traced.rbc (bitcode v2, cbor) Simulating TRANSFORM.Nuclear.ClosureRelations.Geometry.Models.CoreSubchannels.Assembly to t=1 with 14 trace point(s)... \u001b[31m\u001b[0m simulation failed: numeric evaluation depends on `algebraic \u001b[31m\u2502\u001b[0m crossArea_empty`, which has no static value"", ""tool_side"": false}",/data/mrumoca/eval/results_v3/transform/runtime_free.jsonl
transform,runtime-v3,TRANSFORM.Nuclear.ClosureRelations.Geometry.Models.CoreSubchannels.SquareSubChannel,0,initialization-failure,high,False,execution-not-completed,"{""failure_kind"": ""unknown"", ""reason"": ""ters, so its binding must be re-applied after \u001b[31m\u2502\u001b[0m parameter changes, and its expression has no checked initialization-update \u001b[31m\u2502\u001b[0m lowering: String values are not numeric Solve coordinates"", ""raw"": ""reading /tmp/tmpjpa3wy8l/traced.rbc (bitcode v2, cbor) Simulating TRANSFORM.Nuclear.ClosureRelations.Geometry.Models.CoreSubchannels.SquareSubChannel to t=1 with 14 trace point(s)... \u001b[31m\u001b[0m simulation failed: unsupported checked DAE semantics: parameter `nPins` \u001b[31m\u2502\u001b[0m depends on other parameters, so its binding must be re-applied after \u001b[31m\u2502\u001b[0m parameter changes, and its expression has no"", ""tool_side"": false}",/data/mrumoca/eval/results_v3/transform/runtime_free.jsonl
transform,runtime-v3,TRANSFORM.Nuclear.DoseCalculations.Dose_ChargedParticleBeam,0,physical-runtime-invariant-unobserved,low,True,execution-not-completed,"{""domain"": ""fluid"", ""rule"": ""fluid.density.positive"", ""rule_origin"": ""mass per volume of a real fluid; density appears as a divisor throughout the Fluid library"", ""rule_reference"": """", ""matched_by"": {""quantity"": ""Density"", ""unit"": ""kg/m3"", ""confidence"": ""QUANTITY_AND_UNIT"", ""premise_state"": ""unknown"", ""authority"": ""quantity_or_unit"", ""canonical_declaration"": ""TRANSFORM.Nuclear.DoseCalculations.Dose_ChargedParticleBeam.d""}, ""required"": ""d > 0"", ""variable_role"": ""input"", ""note"": ""this is a runtime property of a input variable, not a declaration a user can bound; deciding it needs an observation""}",/data/mrumoca/eval/results_v3/transform/runtime_free.jsonl
transform,runtime-v3,TRANSFORM.Nuclear.DoseCalculations.Dose_ChargedParticleBeam,1,division-out-of-domain,high,True,execution-not-completed,"{""operation"": ""division"", ""requirement"": ""nonzero"", ""operand_value"": 0.0, ""coordinates"": ""internal-evaluation"", ""run_completed"": false, ""claim"": ""native operation domain violation; not a source-model verdict""}",/data/mrumoca/eval/results_v3/transform/runtime_free.jsonl
transform,runtime-v3,TRANSFORM.Nuclear.DoseCalculations.Dose_ChargedParticleBeam,2,simulation-failure,high,True,execution-not-completed,"{""failure_kind"": ""non-finite-value"", ""reason"": ""ORM.Nuclear.DoseCalculations.Dose_ChargedParticleBeam to t=1 with 4 trace point(s)... \u001b[31m\u001b[0m simulation failed: solve-IR evaluation failed: non-finite derivative \u001b[31m\u2502\u001b[0m evaluation for state 'd'"", ""raw"": ""reading /tmp/tmpz6ve1d7n/traced.rbc (bitcode v2, cbor) holding 3 free input(s) constant at their start values: d=0, phi=0, dE_dx=0 Simulating TRANSFORM.Nuclear.DoseCalculations.Dose_ChargedParticleBeam to t=1 with 4 trace point(s)... \u001b[31m\u001b[0m simulation failed: solve-IR evaluation failed: non-finite derivative \u001b[31m\u2502\u001b[0m evaluation for state 'd'"", ""tool_side"": false}",/data/mrumoca/eval/results_v3/transform/runtime_free.jsonl
transform,runtime-v3,TRANSFORM.Nuclear.DoseCalculations.Dose_GammaPointSource,0,division-out-of-domain,high,True,execution-not-completed,"{""operation"": ""division"", ""requirement"": ""nonzero"", ""operand_value"": 0.0, ""coordinates"": ""internal-evaluation"", ""run_completed"": false, ""claim"": ""native operation domain violation; not a source-model verdict""}",/data/mrumoca/eval/results_v3/transform/runtime_free.jsonl
transform,runtime-v3,TRANSFORM.Nuclear.DoseCalculations.Dose_GammaPointSource,1,simulation-failure,high,True,execution-not-completed,"{""failure_kind"": ""non-finite-value"", ""reason"": ""NSFORM.Nuclear.DoseCalculations.Dose_GammaPointSource to t=1 with 5 trace point(s)... \u001b[31m\u001b[0m simulation failed: solve-IR evaluation failed: non-finite derivative \u001b[31m\u2502\u001b[0m evaluation for state 'r'"", ""raw"": ""reading /tmp/tmpf1ed1ax3/traced.rbc (bitcode v2, cbor) holding 3 free input(s) constant at their start values: r=0, C=0, E=0 Simulating TRANSFORM.Nuclear.DoseCalculations.Dose_GammaPointSource to t=1 with 5 trace point(s)... \u001b[31m\u001b[0m simulation failed: solve-IR evaluation failed: non-finite derivative \u001b[31m\u2502\u001b[0m evaluation for state 'r'"", ""tool_side"": false}",/data/mrumoca/eval/results_v3/transform/runtime_free.jsonl
transform,runtime-v3,TRANSFORM.Units.Conversions.Functions.Activity_Bq.Examples.check_Ci,0,extreme-magnitude,medium,False,source-sentinel-or-protection-not-defect-proof,"{""variable"": ""unitTests.Error_rms"", ""value"": 1.7976931348623157e+308, ""anchor_quality"": ""canonical""}",/data/mrumoca/eval/results_v3/transform/runtime_free.jsonl
transform,runtime-v3,TRANSFORM.Nuclear.ReactorKinetics.Reactivity.TraceSubstances,0,physical-intent-question,low,False,advisory-or-explicit-non-defect,"{""domain"": ""fluid"", ""rule"": ""fluid.area.positive"", ""rule_origin"": ""a flow cross-section is a divisor in every velocity relation; zero area admits no flow and divides by zero"", ""rule_reference"": """", ""matched_by"": {""quantity"": ""Area"", ""unit"": ""m2"", ""confidence"": ""QUANTITY_AND_UNIT"", ""premise_state"": ""unknown"", ""authority"": ""quantity_or_unit"", ""canonical_declaration"": ""TRANSFORM.Nuclear.ReactorKinetics.Reactivity.TraceSubstances.sigmasA_start""}, ""required"": ""sigmasA_start > 0"", ""declared_min"": null, ""variable_role"": ""parameter"", ""observation"": ""permissive-declaration"", ""premise_state"": ""unknown"", ""authority"": ""quantity_or_unit"", ""canonical_declaration"": ""TRANSFORM.Nuclear.ReactorKinetics.Reactivity.TraceSubstances.sigmasA_start"", ""question"": ""`sigmasA_start` carries no bound that would exclude it, which is unusual for an area \u2014 but nothing declares what this component is, so the analyzer cannot tell whether it is intended. Is it? If so, declare it: add a component contract, or a `[[contracts]]` entry naming the intended `sign_domain`. If not, bound the declaration.""}",/data/mrumoca/eval/results_v3/transform/runtime_free.jsonl
transform,runtime-v3,TRANSFORM.Units.Conversions.Functions.Activity_Bq.Examples.check_Bq,0,extreme-magnitude,medium,False,source-sentinel-or-protection-not-defect-proof,"{""variable"": ""unitTests.Error_rms"", ""value"": 1.7976931348623157e+308, ""anchor_quality"": ""canonical""}",/data/mrumoca/eval/results_v3/transform/runtime_free.jsonl
transform,runtime-v3,TRANSFORM.Units.Conversions.Functions.Angle_rad.Examples.check_rad,0,extreme-magnitude,medium,False,source-sentinel-or-protection-not-defect-proof,"{""variable"": ""unitTests.Error_rms"", ""value"": 1.7976931348623157e+308, ""anchor_quality"": ""canonical""}",/data/mrumoca/eval/results_v3/transform/runtime_free.jsonl
transform,runtime-v3,TRANSFORM.Units.Conversions.Functions.AngularVelocity_rad_s.Examples.check_rad_s,0,extreme-magnitude,medium,False,source-sentinel-or-protection-not-defect-proof,"{""variable"": ""unitTests.Error_rms"", ""value"": 1.7976931348623157e+308, ""anchor_quality"": ""canonical""}",/data/mrumoca/eval/results_v3/transform/runtime_free.jsonl
transform,runtime-v3,TRANSFORM.Units.Conversions.Functions.Area_m2.Examples.check_barn,0,extreme-magnitude,medium,False,source-sentinel-or-protection-not-defect-proof,"{""variable"": ""unitTests.Error_rms"", ""value"": 1.7976931348623157e+308, ""anchor_quality"": ""canonical""}",/data/mrumoca/eval/results_v3/transform/runtime_free.jsonl
transform,runtime-v3,TRANSFORM.Units.Conversions.Functions.Area_m2.Examples.check_m2,0,extreme-magnitude,medium,False,source-sentinel-or-protection-not-defect-proof,"{""variable"": ""unitTests.Error_rms"", ""value"": 1.7976931348623157e+308, ""anchor_quality"": ""canonical""}",/data/mrumoca/eval/results_v3/transform/runtime_free.jsonl
transform,runtime-v3,TRANSFORM.Units.Conversions.Functions.Area_m2.Examples.check_ft2,0,extreme-magnitude,medium,False,source-sentinel-or-protection-not-defect-proof,"{""variable"": ""unitTests.Error_rms"", ""value"": 1.7976931348623157e+308, ""anchor_quality"": ""canonical""}",/data/mrumoca/eval/results_v3/transform/runtime_free.jsonl
transform,runtime-v3,TRANSFORM.Units.Conversions.Functions.Area_m2.Examples.check_in2,0,extreme-magnitude,medium,False,source-sentinel-or-protection-not-defect-proof,"{""variable"": ""unitTests.Error_rms"", ""value"": 1.7976931348623157e+308, ""anchor_quality"": ""canonical""}",/data/mrumoca/eval/results_v3/transform/runtime_free.jsonl
transform,runtime-v3,TRANSFORM.Units.Conversions.Functions.CoefficientOfHeatTransfer_W_m2K.Examples.check_W_m2K,0,extreme-magnitude,medium,False,source-sentinel-or-protection-not-defect-proof,"{""variable"": ""unitTests.Error_rms"", ""value"": 1.7976931348623157e+308, ""anchor_quality"": ""canonical""}",/data/mrumoca/eval/results_v3/transform/runtime_free.jsonl
transform,runtime-v3,TRANSFORM.Units.Conversions.Functions.CoefficientOfHeatTransfer_W_m2K.Examples.check_btu_hrft2degF,0,extreme-magnitude,medium,False,source-sentinel-or-protection-not-defect-proof,"{""variable"": ""unitTests.Error_rms"", ""value"": 1.7976931348623157e+308, ""anchor_quality"": ""canonical""}",/data/mrumoca/eval/results_v3/transform/runtime_free.jsonl
transform,runtime-v3,TRANSFORM.Units.Conversions.Functions.Concentration_mol_m3.Examples.check_mol_L,0,extreme-magnitude,medium,False,source-sentinel-or-protection-not-defect-proof,"{""variable"": ""unitTests.Error_rms"", ""value"": 1.7976931348623157e+308, ""anchor_quality"": ""canonical""}",/data/mrumoca/eval/results_v3/transform/runtime_free.jsonl
transform,runtime-v3,TRANSFORM.Units.Conversions.Functions.Density_kg_m3.Examples.check_g_cm3,0,extreme-magnitude,medium,False,source-sentinel-or-protection-not-defect-proof,"{""variable"": ""unitTests.Error_rms"", ""value"": 1.7976931348623157e+308, ""anchor_quality"": ""canonical""}",/data/mrumoca/eval/results_v3/transform/runtime_free.jsonl
transform,runtime-v3,TRANSFORM.Units.Conversions.Functions.Density_kg_m3.Examples.check_kg_m3,0,extreme-magnitude,medium,False,source-sentinel-or-protection-not-defect-proof,"{""variable"": ""unitTests.Error_rms"", ""value"": 1.7976931348623157e+308, ""anchor_quality"": ""canonical""}",/data/mrumoca/eval/results_v3/transform/runtime_free.jsonl
transform,runtime-v3,TRANSFORM.Units.Conversions.Functions.Concentration_mol_m3.Examples.check_mol_m3,0,extreme-magnitude,medium,False,source-sentinel-or-protection-not-defect-proof,"{""variable"": ""unitTests.Error_rms"", ""value"": 1.7976931348623157e+308, ""anchor_quality"": ""canonical""}",/data/mrumoca/eval/results_v3/transform/runtime_free.jsonl
transform,runtime-v3,TRANSFORM.Units.Conversions.Functions.Distance_m.Examples.check_ft,0,extreme-magnitude,medium,False,source-sentinel-or-protection-not-defect-proof,"{""variable"": ""unitTests.Error_rms"", ""value"": 1.7976931348623157e+308, ""anchor_quality"": ""canonical""}",/data/mrumoca/eval/results_v3/transform/runtime_free.jsonl
transform,runtime-v3,TRANSFORM.Units.Conversions.Functions.Distance_m.Examples.check_cm,0,extreme-magnitude,medium,False,source-sentinel-or-protection-not-defect-proof,"{""variable"": ""unitTests.Error_rms"", ""value"": 1.7976931348623157e+308, ""anchor_quality"": ""canonical""}",/data/mrumoca/eval/results_v3/transform/runtime_free.jsonl
transform,runtime-v3,TRANSFORM.Units.Conversions.Functions.Density_kg_m3.Examples.check_lb_ft3,0,extreme-magnitude,medium,False,source-sentinel-or-protection-not-defect-proof,"{""variable"": ""unitTests.Error_rms"", ""value"": 1.7976931348623157e+308, ""anchor_quality"": ""canonical""}",/data/mrumoca/eval/results_v3/transform/runtime_free.jsonl
transform,runtime-v3,TRANSFORM.Units.Conversions.Functions.Distance_m.Examples.check_m,0,extreme-magnitude,medium,False,source-sentinel-or-protection-not-defect-proof,"{""variable"": ""unitTests.Error_rms"", ""value"": 1.7976931348623157e+308, ""anchor_quality"": ""canonical""}",/data/mrumoca/eval/results_v3/transform/runtime_free.jsonl
transform,runtime-v3,TRANSFORM.Units.Conversions.Functions.DynamicViscosity_kg_ms.Examples.check_kg_ms,0,extreme-magnitude,medium,False,source-sentinel-or-protection-not-defect-proof,"{""variable"": ""unitTests.Error_rms"", ""value"": 1.7976931348623157e+308, ""anchor_quality"": ""canonical""}",/data/mrumoca/eval/results_v3/transform/runtime_free.jsonl
transform,runtime-v3,TRANSFORM.Units.Conversions.Functions.Distance_m.Examples.check_mm,0,extreme-magnitude,medium,False,source-sentinel-or-protection-not-defect-proof,"{""variable"": ""unitTests.Error_rms"", ""value"": 1.7976931348623157e+308, ""anchor_quality"": ""canonical""}",/data/mrumoca/eval/results_v3/transform/runtime_free.jsonl
transform,runtime-v3,TRANSFORM.Units.Conversions.Functions.Distance_m.Examples.check_in,0,extreme-magnitude,medium,False,source-sentinel-or-protection-not-defect-proof,"{""variable"": ""unitTests.Error_rms"", ""value"": 1.7976931348623157e+308, ""anchor_quality"": ""canonical""}",/data/mrumoca/eval/results_v3/transform/runtime_free.jsonl
transform,runtime-v3,TRANSFORM.Units.Conversions.Functions.Distance_m.Examples.check_micron,0,extreme-magnitude,medium,False,source-sentinel-or-protection-not-defect-proof,"{""variable"": ""unitTests.Error_rms"", ""value"": 1.7976931348623157e+308, ""anchor_quality"": ""canonical""}",/data/mrumoca/eval/results_v3/transform/runtime_free.jsonl
transform,runtime-v3,TRANSFORM.Units.Conversions.Functions.DynamicViscosity_kg_ms.Examples.check_lb_hrft,0,extreme-magnitude,medium,False,source-sentinel-or-protection-not-defect-proof,"{""variable"": ""unitTests.Error_rms"", ""value"": 1.7976931348623157e+308, ""anchor_quality"": ""canonical""}",/data/mrumoca/eval/results_v3/transform/runtime_free.jsonl
transform,runtime-v3,TRANSFORM.Units.Conversions.Functions.Energy_J.Examples.check_J,0,extreme-magnitude,medium,False,source-sentinel-or-protection-not-defect-proof,"{""variable"": ""unitTests.Error_rms"", ""value"": 1.7976931348623157e+308, ""anchor_quality"": ""canonical""}",/data/mrumoca/eval/results_v3/transform/runtime_free.jsonl
transform,runtime-v3,TRANSFORM.Units.Conversions.Functions.Energy_J.Examples.check_btu,0,extreme-magnitude,medium,False,source-sentinel-or-protection-not-defect-proof,"{""variable"": ""unitTests.Error_rms"", ""value"": 1.7976931348623157e+308, ""anchor_quality"": ""canonical""}",/data/mrumoca/eval/results_v3/transform/runtime_free.jsonl
transform,runtime-v3,TRANSFORM.Units.Conversions.Functions.Force_N.Examples.check_lbf,0,extreme-magnitude,medium,False,source-sentinel-or-protection-not-defect-proof,"{""variable"": ""unitTests.Error_rms"", ""value"": 1.7976931348623157e+308, ""anchor_quality"": ""canonical""}",/data/mrumoca/eval/results_v3/transform/runtime_free.jsonl
transform,runtime-v3,TRANSFORM.Units.Conversions.Functions.Energy_J.Examples.check_MeV,0,extreme-magnitude,medium,False,source-sentinel-or-protection-not-defect-proof,"{""variable"": ""unitTests.Error_rms"", ""value"": 1.7976931348623157e+308, ""anchor_quality"": ""canonical""}",/data/mrumoca/eval/results_v3/transform/runtime_free.jsonl
transform,runtime-v3,TRANSFORM.Units.Conversions.Functions.Force_N.Examples.check_N,0,extreme-magnitude,medium,False,source-sentinel-or-protection-not-defect-proof,"{""variable"": ""unitTests.Error_rms"", ""value"": 1.7976931348623157e+308, ""anchor_quality"": ""canonical""}",/data/mrumoca/eval/results_v3/transform/runtime_free.jsonl
transform,runtime-v3,TRANSFORM.Units.Conversions.Functions.Frequency_Hz.Examples.check_Hz,0,extreme-magnitude,medium,False,source-sentinel-or-protection-not-defect-proof,"{""variable"": ""unitTests.Error_rms"", ""value"": 1.7976931348623157e+308, ""anchor_quality"": ""canonical""}",/data/mrumoca/eval/results_v3/transform/runtime_free.jsonl
transform,runtime-v3,TRANSFORM.Units.Conversions.Functions.MassFlowRate_kg_s.Examples.check_lbm_hr,0,extreme-magnitude,medium,False,source-sentinel-or-protection-not-defect-proof,"{""variable"": ""unitTests.Error_rms"", ""value"": 1.7976931348623157e+308, ""anchor_quality"": ""canonical""}",/data/mrumoca/eval/results_v3/transform/runtime_free.jsonl
transform,runtime-v3,TRANSFORM.Units.Conversions.Functions.MassFlowRate_kg_s.Examples.check_kg_s,0,extreme-magnitude,medium,False,source-sentinel-or-protection-not-defect-proof,"{""variable"": ""unitTests.Error_rms"", ""value"": 1.7976931348623157e+308, ""anchor_quality"": ""canonical""}",/data/mrumoca/eval/results_v3/transform/runtime_free.jsonl
transform,runtime-v3,TRANSFORM.Units.Conversions.Functions.MassFlowRate_kg_s.Examples.check_lbm_s,0,extreme-magnitude,medium,False,source-sentinel-or-protection-not-defect-proof,"{""variable"": ""unitTests.Error_rms"", ""value"": 1.7976931348623157e+308, ""anchor_quality"": ""canonical""}",/data/mrumoca/eval/results_v3/transform/runtime_free.jsonl
transform,runtime-v3,TRANSFORM.Units.Conversions.Functions.MassFlowRate_kg_s.Examples.check_lbm_min,0,extreme-magnitude,medium,False,source-sentinel-or-protection-not-defect-proof,"{""variable"": ""unitTests.Error_rms"", ""value"": 1.7976931348623157e+308, ""anchor_quality"": ""canonical""}",/data/mrumoca/eval/results_v3/transform/runtime_free.jsonl
transform,runtime-v3,TRANSFORM.Units.Conversions.Functions.Mass_kg.Examples.check_kg,0,extreme-magnitude,medium,False,source-sentinel-or-protection-not-defect-proof,"{""variable"": ""unitTests.Error_rms"", ""value"": 1.7976931348623157e+308, ""anchor_quality"": ""canonical""}",/data/mrumoca/eval/results_v3/transform/runtime_free.jsonl
transform,runtime-v3,TRANSFORM.Units.Conversions.Functions.Mass_kg.Examples.check_lbm,0,extreme-magnitude,medium,False,source-sentinel-or-protection-not-defect-proof,"{""variable"": ""unitTests.Error_rms"", ""value"": 1.7976931348623157e+308, ""anchor_quality"": ""canonical""}",/data/mrumoca/eval/results_v3/transform/runtime_free.jsonl
transform,runtime-v3,TRANSFORM.Units.Conversions.Functions.Power_W.Examples.check_btu_hr,0,extreme-magnitude,medium,False,source-sentinel-or-protection-not-defect-proof,"{""variable"": ""unitTests.Error_rms"", ""value"": 1.7976931348623157e+308, ""anchor_quality"": ""canonical""}",/data/mrumoca/eval/results_v3/transform/runtime_free.jsonl
transform,runtime-v3,TRANSFORM.Units.Conversions.Functions.Power_W.Examples.check_W,0,extreme-magnitude,medium,False,source-sentinel-or-protection-not-defect-proof,"{""variable"": ""unitTests.Error_rms"", ""value"": 1.7976931348623157e+308, ""anchor_quality"": ""canonical""}",/data/mrumoca/eval/results_v3/transform/runtime_free.jsonl
transform,runtime-v3,TRANSFORM.Units.Conversions.Functions.PrefixMultipliers.Examples.check_centi,0,extreme-magnitude,medium,False,source-sentinel-or-protection-not-defect-proof,"{""variable"": ""unitTests.Error_rms"", ""value"": 1.7976931348623157e+308, ""anchor_quality"": ""canonical""}",/data/mrumoca/eval/results_v3/transform/runtime_free.jsonl
transform,runtime-v3,TRANSFORM.Units.Conversions.Functions.PrefixMultipliers.Examples.check_atto,0,extreme-magnitude,medium,False,source-sentinel-or-protection-not-defect-proof,"{""variable"": ""unitTests.Error_rms"", ""value"": 1.7976931348623157e+308, ""anchor_quality"": ""canonical""}",/data/mrumoca/eval/results_v3/transform/runtime_free.jsonl
transform,runtime-v3,TRANSFORM.Units.Conversions.Functions.Power_W.Examples.check_hp,0,extreme-magnitude,medium,False,source-sentinel-or-protection-not-defect-proof,"{""variable"": ""unitTests.Error_rms"", ""value"": 1.7976931348623157e+308, ""anchor_quality"": ""canonical""}",/data/mrumoca/eval/results_v3/transform/runtime_free.jsonl
transform,runtime-v3,TRANSFORM.Units.Conversions.Functions.PrefixMultipliers.Examples.check_deci,0,extreme-magnitude,medium,False,source-sentinel-or-protection-not-defect-proof,"{""variable"": ""unitTests.Error_rms"", ""value"": 1.7976931348623157e+308, ""anchor_quality"": ""canonical""}",/data/mrumoca/eval/results_v3/transform/runtime_free.jsonl
transform,runtime-v3,TRANSFORM.Units.Conversions.Functions.PrefixMultipliers.Examples.check_deka,0,extreme-magnitude,medium,False,source-sentinel-or-protection-not-defect-proof,"{""variable"": ""unitTests.Error_rms"", ""value"": 1.7976931348623157e+308, ""anchor_quality"": ""canonical""}",/data/mrumoca/eval/results_v3/transform/runtime_free.jsonl
transform,runtime-v3,TRANSFORM.Units.Conversions.Functions.PrefixMultipliers.Examples.check_femto,0,extreme-magnitude,medium,False,source-sentinel-or-protection-not-defect-proof,"{""variable"": ""unitTests.Error_rms"", ""value"": 1.7976931348623157e+308, ""anchor_quality"": ""canonical""}",/data/mrumoca/eval/results_v3/transform/runtime_free.jsonl
transform,runtime-v3,TRANSFORM.Units.Conversions.Functions.PrefixMultipliers.Examples.check_hecto,0,extreme-magnitude,medium,False,source-sentinel-or-protection-not-defect-proof,"{""variable"": ""unitTests.Error_rms"", ""value"": 1.7976931348623157e+308, ""anchor_quality"": ""canonical""}",/data/mrumoca/eval/results_v3/transform/runtime_free.jsonl
transform,runtime-v3,TRANSFORM.Units.Conversions.Functions.PrefixMultipliers.Examples.check_giga,0,extreme-magnitude,medium,False,source-sentinel-or-protection-not-defect-proof,"{""variable"": ""unitTests.Error_rms"", ""value"": 1.7976931348623157e+308, ""anchor_quality"": ""canonical""}",/data/mrumoca/eval/results_v3/transform/runtime_free.jsonl
transform,runtime-v3,TRANSFORM.Units.Conversions.Functions.PrefixMultipliers.Examples.check_exa,0,extreme-magnitude,medium,False,source-sentinel-or-protection-not-defect-proof,"{""variable"": ""unitTests.Error_rms"", ""value"": 1.7976931348623157e+308, ""anchor_quality"": ""canonical""}",/data/mrumoca/eval/results_v3/transform/runtime_free.jsonl
transform,runtime-v3,TRANSFORM.Units.Conversions.Functions.PrefixMultipliers.Examples.check_kilo,0,extreme-magnitude,medium,False,source-sentinel-or-protection-not-defect-proof,"{""variable"": ""unitTests.Error_rms"", ""value"": 1.7976931348623157e+308, ""anchor_quality"": ""canonical""}",/data/mrumoca/eval/results_v3/transform/runtime_free.jsonl
transform,runtime-v3,TRANSFORM.Units.Conversions.Functions.PrefixMultipliers.Examples.check_mega,0,extreme-magnitude,medium,False,source-sentinel-or-protection-not-defect-proof,"{""variable"": ""unitTests.Error_rms"", ""value"": 1.7976931348623157e+308, ""anchor_quality"": ""canonical""}",/data/mrumoca/eval/results_v3/transform/runtime_free.jsonl
transform,runtime-v3,TRANSFORM.Units.Conversions.Functions.PrefixMultipliers.Examples.check_micro,0,extreme-magnitude,medium,False,source-sentinel-or-protection-not-defect-proof,"{""variable"": ""unitTests.Error_rms"", ""value"": 1.7976931348623157e+308, ""anchor_quality"": ""canonical""}",/data/mrumoca/eval/results_v3/transform/runtime_free.jsonl
transform,runtime-v3,TRANSFORM.Units.Conversions.Functions.PrefixMultipliers.Examples.check_none,0,extreme-magnitude,medium,False,source-sentinel-or-protection-not-defect-proof,"{""variable"": ""unitTests.Error_rms"", ""value"": 1.7976931348623157e+308, ""anchor_quality"": ""canonical""}",/data/mrumoca/eval/results_v3/transform/runtime_free.jsonl
transform,runtime-v3,TRANSFORM.Units.Conversions.Functions.PrefixMultipliers.Examples.check_milli,0,extreme-magnitude,medium,False,source-sentinel-or-protection-not-defect-proof,"{""variable"": ""unitTests.Error_rms"", ""value"": 1.7976931348623157e+308, ""anchor_quality"": ""canonical""}",/data/mrumoca/eval/results_v3/transform/runtime_free.jsonl
transform,runtime-v3,TRANSFORM.Units.Conversions.Functions.PrefixMultipliers.Examples.check_nano,0,extreme-magnitude,medium,False,source-sentinel-or-protection-not-defect-proof,"{""variable"": ""unitTests.Error_rms"", ""value"": 1.7976931348623157e+308, ""anchor_quality"": ""canonical""}",/data/mrumoca/eval/results_v3/transform/runtime_free.jsonl
transform,runtime-v3,TRANSFORM.Units.Conversions.Functions.PrefixMultipliers.Examples.check_pico,0,extreme-magnitude,medium,False,source-sentinel-or-protection-not-defect-proof,"{""variable"": ""unitTests.Error_rms"", ""value"": 1.7976931348623157e+308, ""anchor_quality"": ""canonical""}",/data/mrumoca/eval/results_v3/transform/runtime_free.jsonl
transform,runtime-v3,TRANSFORM.Units.Conversions.Functions.PrefixMultipliers.Examples.check_peta,0,extreme-magnitude,medium,False,source-sentinel-or-protection-not-defect-proof,"{""variable"": ""unitTests.Error_rms"", ""value"": 1.7976931348623157e+308, ""anchor_quality"": ""canonical""}",/data/mrumoca/eval/results_v3/transform/runtime_free.jsonl
transform,runtime-v3,TRANSFORM.Units.Conversions.Functions.PrefixMultipliers.Examples.check_yocto,0,extreme-magnitude,medium,False,source-sentinel-or-protection-not-defect-proof,"{""variable"": ""unitTests.Error_rms"", ""value"": 1.7976931348623157e+308, ""anchor_quality"": ""canonical""}",/data/mrumoca/eval/results_v3/transform/runtime_free.jsonl
transform,runtime-v3,TRANSFORM.Units.Conversions.Functions.PrefixMultipliers.Examples.check_tera,0,extreme-magnitude,medium,False,source-sentinel-or-protection-not-defect-proof,"{""variable"": ""unitTests.Error_rms"", ""value"": 1.7976931348623157e+308, ""anchor_quality"": ""canonical""}",/data/mrumoca/eval/results_v3/transform/runtime_free.jsonl
transform,runtime-v3,TRANSFORM.Units.Conversions.Functions.PrefixMultipliers.Examples.check_yotta,0,extreme-magnitude,medium,False,source-sentinel-or-protection-not-defect-proof,"{""variable"": ""unitTests.Error_rms"", ""value"": 1.7976931348623157e+308, ""anchor_quality"": ""canonical""}",/data/mrumoca/eval/results_v3/transform/runtime_free.jsonl
transform,runtime-v3,TRANSFORM.Units.Conversions.Functions.PrefixMultipliers.Examples.check_zepto,0,extreme-magnitude,medium,False,source-sentinel-or-protection-not-defect-proof,"{""variable"": ""unitTests.Error_rms"", ""value"": 1.7976931348623157e+308, ""anchor_quality"": ""canonical""}",/data/mrumoca/eval/results_v3/transform/runtime_free.jsonl
transform,runtime-v3,TRANSFORM.Units.Conversions.Functions.Pressure_Pa.Examples.check_MPa,0,extreme-magnitude,medium,False,source-sentinel-or-protection-not-defect-proof,"{""variable"": ""unitTests.Error_rms"", ""value"": 1.7976931348623157e+308, ""anchor_quality"": ""canonical""}",/data/mrumoca/eval/results_v3/transform/runtime_free.jsonl
transform,runtime-v3,TRANSFORM.Units.Conversions.Functions.PrefixMultipliers.Examples.check_zetta,0,extreme-magnitude,medium,False,source-sentinel-or-protection-not-defect-proof,"{""variable"": ""unitTests.Error_rms"", ""value"": 1.7976931348623157e+308, ""anchor_quality"": ""canonical""}",/data/mrumoca/eval/results_v3/transform/runtime_free.jsonl
transform,runtime-v3,TRANSFORM.Units.Conversions.Functions.Pressure_Pa.Examples.check_Pa,0,extreme-magnitude,medium,False,source-sentinel-or-protection-not-defect-proof,"{""variable"": ""unitTests.Error_rms"", ""value"": 1.7976931348623157e+308, ""anchor_quality"": ""canonical""}",/data/mrumoca/eval/results_v3/transform/runtime_free.jsonl
transform,runtime-v3,TRANSFORM.Units.Conversions.Functions.Pressure_Pa.Examples.check_atm,0,extreme-magnitude,medium,False,source-sentinel-or-protection-not-defect-proof,"{""variable"": ""unitTests.Error_rms"", ""value"": 1.7976931348623157e+308, ""anchor_quality"": ""canonical""}",/data/mrumoca/eval/results_v3/transform/runtime_free.jsonl
transform,runtime-v3,TRANSFORM.Units.Conversions.Functions.Pressure_Pa.Examples.check_bar,0,extreme-magnitude,medium,False,source-sentinel-or-protection-not-defect-proof,"{""variable"": ""unitTests.Error_rms"", ""value"": 1.7976931348623157e+308, ""anchor_quality"": ""canonical""}",/data/mrumoca/eval/results_v3/transform/runtime_free.jsonl
transform,runtime-v3,TRANSFORM.Units.Conversions.Functions.Temperature_K.Examples.check_K,0,extreme-magnitude,medium,False,source-sentinel-or-protection-not-defect-proof,"{""variable"": ""unitTests.Error_rms"", ""value"": 1.7976931348623157e+308, ""anchor_quality"": ""canonical""}",/data/mrumoca/eval/results_v3/transform/runtime_free.jsonl
transform,runtime-v3,TRANSFORM.Units.Conversions.Functions.TemperatureDifference_dK.Examples.check_degForR_diff,0,extreme-magnitude,medium,False,source-sentinel-or-protection-not-defect-proof,"{""variable"": ""unitTests.Error_rms"", ""value"": 1.7976931348623157e+308, ""anchor_quality"": ""canonical""}",/data/mrumoca/eval/results_v3/transform/runtime_free.jsonl
transform,runtime-v3,TRANSFORM.Units.Conversions.Functions.Temperature_K.Examples.check_degR,0,extreme-magnitude,medium,False,source-sentinel-or-protection-not-defect-proof,"{""variable"": ""unitTests.Error_rms"", ""value"": 1.7976931348623157e+308, ""anchor_quality"": ""canonical""}",/data/mrumoca/eval/results_v3/transform/runtime_free.jsonl
transform,runtime-v3,TRANSFORM.Units.Conversions.Functions.Temperature_K.Examples.check_degF,0,extreme-magnitude,medium,False,source-sentinel-or-protection-not-defect-proof,"{""variable"": ""unitTests.Error_rms"", ""value"": 1.7976931348623157e+308, ""anchor_quality"": ""canonical""}",/data/mrumoca/eval/results_v3/transform/runtime_free.jsonl
transform,runtime-v3,TRANSFORM.Units.Conversions.Functions.Temperature_K.Examples.check_degC,0,extreme-magnitude,medium,False,source-sentinel-or-protection-not-defect-proof,"{""variable"": ""unitTests.Error_rms"", ""value"": 1.7976931348623157e+308, ""anchor_quality"": ""canonical""}",/data/mrumoca/eval/results_v3/transform/runtime_free.jsonl
transform,runtime-v3,TRANSFORM.Units.Conversions.Functions.Time_s.Examples.check_day,0,extreme-magnitude,medium,False,source-sentinel-or-protection-not-defect-proof,"{""variable"": ""unitTests.Error_rms"", ""value"": 1.7976931348623157e+308, ""anchor_quality"": ""canonical""}",/data/mrumoca/eval/results_v3/transform/runtime_free.jsonl
transform,runtime-v3,TRANSFORM.Units.Conversions.Functions.ThermalConductivity_W_mK.Examples.check_W_mK,0,extreme-magnitude,medium,False,source-sentinel-or-protection-not-defect-proof,"{""variable"": ""unitTests.Error_rms"", ""value"": 1.7976931348623157e+308, ""anchor_quality"": ""canonical""}",/data/mrumoca/eval/results_v3/transform/runtime_free.jsonl
transform,runtime-v3,TRANSFORM.Units.Conversions.Functions.Time_s.Examples.check_s,0,extreme-magnitude,medium,False,source-sentinel-or-protection-not-defect-proof,"{""variable"": ""unitTests.Error_rms"", ""value"": 1.7976931348623157e+308, ""anchor_quality"": ""canonical""}",/data/mrumoca/eval/results_v3/transform/runtime_free.jsonl
transform,runtime-v3,TRANSFORM.Units.Conversions.Functions.ThermalConductivity_W_mK.Examples.check_btu_hrftdegF,0,extreme-magnitude,medium,False,source-sentinel-or-protection-not-defect-proof,"{""variable"": ""unitTests.Error_rms"", ""value"": 1.7976931348623157e+308, ""anchor_quality"": ""canonical""}",/data/mrumoca/eval/results_v3/transform/runtime_free.jsonl
transform,runtime-v3,TRANSFORM.Units.Conversions.Functions.Time_s.Examples.check_hr,0,extreme-magnitude,medium,False,source-sentinel-or-protection-not-defect-proof,"{""variable"": ""unitTests.Error_rms"", ""value"": 1.7976931348623157e+308, ""anchor_quality"": ""canonical""}",/data/mrumoca/eval/results_v3/transform/runtime_free.jsonl
transform,runtime-v3,TRANSFORM.Units.Conversions.Functions.Time_s.Examples.check_min,0,extreme-magnitude,medium,False,source-sentinel-or-protection-not-defect-proof,"{""variable"": ""unitTests.Error_rms"", ""value"": 1.7976931348623157e+308, ""anchor_quality"": ""canonical""}",/data/mrumoca/eval/results_v3/transform/runtime_free.jsonl
transform,runtime-v3,TRANSFORM.Units.Conversions.Functions.Time_s.Examples.check_yr,0,extreme-magnitude,medium,False,source-sentinel-or-protection-not-defect-proof,"{""variable"": ""unitTests.Error_rms"", ""value"": 1.7976931348623157e+308, ""anchor_quality"": ""canonical""}",/data/mrumoca/eval/results_v3/transform/runtime_free.jsonl
transform,runtime-v3,TRANSFORM.Units.Conversions.Functions.Velocity_m_s.Examples.check_ft_s,0,extreme-magnitude,medium,False,source-sentinel-or-protection-not-defect-proof,"{""variable"": ""unitTests.Error_rms"", ""value"": 1.7976931348623157e+308, ""anchor_quality"": ""canonical""}",/data/mrumoca/eval/results_v3/transform/runtime_free.jsonl
transform,runtime-v3,TRANSFORM.Units.Conversions.Functions.Velocity_m_s.Examples.check_m_s,0,extreme-magnitude,medium,False,source-sentinel-or-protection-not-defect-proof,"{""variable"": ""unitTests.Error_rms"", ""value"": 1.7976931348623157e+308, ""anchor_quality"": ""canonical""}",/data/mrumoca/eval/results_v3/transform/runtime_free.jsonl
transform,runtime-v3,TRANSFORM.Units.Conversions.Functions.Volume_m3.Examples.check_ft3,0,extreme-magnitude,medium,False,source-sentinel-or-protection-not-defect-proof,"{""variable"": ""unitTests.Error_rms"", ""value"": 1.7976931348623157e+308, ""anchor_quality"": ""canonical""}",/data/mrumoca/eval/results_v3/transform/runtime_free.jsonl
transform,runtime-v3,TRANSFORM.Units.Conversions.Functions.VolumeFlowRate_m3_s.Examples.check_m3_s,0,extreme-magnitude,medium,False,source-sentinel-or-protection-not-defect-proof,"{""variable"": ""unitTests.Error_rms"", ""value"": 1.7976931348623157e+308, ""anchor_quality"": ""canonical""}",/data/mrumoca/eval/results_v3/transform/runtime_free.jsonl
transform,runtime-v3,TRANSFORM.Units.Conversions.Functions.VolumeFlowRate_m3_s.Examples.check_gpm,0,extreme-magnitude,medium,False,source-sentinel-or-protection-not-defect-proof,"{""variable"": ""unitTests.Error_rms"", ""value"": 1.7976931348623157e+308, ""anchor_quality"": ""canonical""}",/data/mrumoca/eval/results_v3/transform/runtime_free.jsonl
transform,runtime-v3,TRANSFORM.Units.Conversions.Functions.Volume_m3.Examples.check_m3,0,extreme-magnitude,medium,False,source-sentinel-or-protection-not-defect-proof,"{""variable"": ""unitTests.Error_rms"", ""value"": 1.7976931348623157e+308, ""anchor_quality"": ""canonical""}",/data/mrumoca/eval/results_v3/transform/runtime_free.jsonl
transform,runtime-v3,TRANSFORM.Units.Conversions.Models.Examples.check_Conversion,0,network-boundary-port,low,False,standalone-topology-not-defect-proof,"{""node"": ""conversion -- realExpression"", ""boundary_connectors"": ""conversion, realExpression"", ""wired_to"": ""nothing"", ""note"": ""this connector belongs to the model itself, not to a component inside it: the model is an interface compiled on its own, so the node is open on one side. Nothing forces its flow, which is why a structural matching reports an unmatched unknown here. Not a defect in the model""}",/data/mrumoca/eval/results_v3/transform/runtime_free.jsonl
transform,runtime-v3,TRANSFORM.Units.Conversions.Models.Examples.check_Conversion,1,extreme-magnitude,medium,False,source-sentinel-or-protection-not-defect-proof,"{""variable"": ""unitTests.Error_rms"", ""value"": 1.7976931348623157e+308, ""anchor_quality"": ""canonical""}",/data/mrumoca/eval/results_v3/transform/runtime_free.jsonl
transform,runtime-v3,TRANSFORM.Utilities.ErrorAnalysis.UnitTests,0,extreme-magnitude,medium,True,hold-input-contract-validation,"{""variable"": ""Error_rms"", ""value"": 1.7976931348623157e+308, ""anchor_quality"": ""canonical""}",/data/mrumoca/eval/results_v3/transform/runtime_free.jsonl
transform,runtime-v3,TRANSFORM.Utilities.Diagnostics.Examples.CheckEquality,0,network-boundary-port,low,False,standalone-topology-not-defect-proof,"{""node"": ""add -- check -- con -- sin1"", ""boundary_connectors"": ""add, check, con, sin1"", ""wired_to"": ""nothing"", ""note"": ""this connector belongs to the model itself, not to a component inside it: the model is an interface compiled on its own, so the node is open on one side. Nothing forces its flow, which is why a structural matching reports an unmatched unknown here. Not a defect in the model""}",/data/mrumoca/eval/results_v3/transform/runtime_free.jsonl
transform,runtime-v3,TRANSFORM.Utilities.Diagnostics.Examples.CheckEquality,1,extreme-magnitude,medium,False,source-sentinel-or-protection-not-defect-proof,"{""variable"": ""unitTests.Error_rms"", ""value"": 1.7976931348623157e+308, ""anchor_quality"": ""canonical""}",/data/mrumoca/eval/results_v3/transform/runtime_free.jsonl
transform,runtime-v3,TRANSFORM.Utilities.Visualizers.Outputs.Bar,0,network-boundary-port,low,True,hold-input-contract-validation,"{""node"": ""Value -- internalNode"", ""boundary_connectors"": ""Value, internalNode"", ""wired_to"": ""nothing"", ""note"": ""this connector belongs to the model itself, not to a component inside it: the model is an interface compiled on its own, so the node is open on one side. Nothing forces its flow, which is why a structural matching reports an unmatched unknown here. Not a defect in the model""}",/data/mrumoca/eval/results_v3/transform/runtime_free.jsonl
transform,runtime-v3,TRANSFORM.Utilities.Visualizers.Outputs.Bar,1,network-observation-incomplete,info,True,hold-input-contract-validation,"{""reason"": ""missing or unsynchronized connector member observations"", ""note"": ""coverage gap, not a model defect""}",/data/mrumoca/eval/results_v3/transform/runtime_free.jsonl
