library,phase,model,ordinal,kind,severity,held_inputs,route,evidence,source
powergrids,historical-static,PowerGrids.Controls.LeadLagWithNonWindupLimiter,0,divisor-guarded-by-assertion,low,False,hold-needs-source-and-witness-review,"{""denominator"": ""T2"", ""witness"": ""none needed"", ""witness_rationale"": ""the denominator is zero as declared"", ""denominator_at_witness"": 0.0, ""denominator_at_declared_values"": 10.0, ""denominator_range"": """", ""path_condition"": ""always evaluated"", ""verdict"": ""UNSAT"", ""proof"": ""the model asserts this denominator is bounded away from zero, so zero is outside its declared domain"", ""constraints"": """", ""note"": ""reported so the guard can be seen and challenged, not as a defect; zero is outside the domain this division is evaluated in""}",/data/mrumoca/eval/results/powergrids/findings.jsonl
powergrids,historical-static,PowerGrids.Controls.LeadLagWithNonWindupLimiter,1,divisor-guarded-by-assertion,low,False,hold-needs-source-and-witness-review,"{""denominator"": ""T1"", ""witness"": ""none needed"", ""witness_rationale"": ""the denominator is zero as declared"", ""denominator_at_witness"": 0.0, ""denominator_at_declared_values"": 1.0, ""denominator_range"": """", ""path_condition"": ""always evaluated"", ""verdict"": ""UNSAT"", ""proof"": ""the model asserts this denominator is bounded away from zero, so zero is outside its declared domain"", ""constraints"": """", ""note"": ""reported so the guard can be seen and challenged, not as a defect; zero is outside the domain this division is evaluated in""}",/data/mrumoca/eval/results/powergrids/findings.jsonl
powergrids,historical-static,PowerGrids.Controls.LeadLagWithNonWindupLimiter,2,divisor-reachable-zero,high,False,hold-needs-source-and-witness-review,"{""denominator"": ""k"", ""witness"": ""k = 0"", ""witness_rationale"": ""set to zero"", ""denominator_at_witness"": 0.0, ""denominator_at_declared_values"": 1.0, ""denominator_range"": ""[-inf, inf]"", ""path_condition"": ""always evaluated"", ""verdict"": ""SAT"", ""proof"": ""the division is not inside any branch"", ""constraints"": ""k: unbounded"", ""note"": ""a permitted assignment drives the complete denominator to zero and the division is still evaluated there""}",/data/mrumoca/eval/results/powergrids/findings.jsonl
powergrids,historical-static,PowerGrids.Controls.LeadLagWithNonWindupLimiter,3,divisor-guarded-by-assertion,low,False,hold-needs-source-and-witness-review,"{""denominator"": ""T1"", ""witness"": ""none needed"", ""witness_rationale"": ""the denominator is zero as declared"", ""denominator_at_witness"": 0.0, ""denominator_at_declared_values"": 1.0, ""denominator_range"": """", ""path_condition"": ""always evaluated"", ""verdict"": ""UNSAT"", ""proof"": ""the model asserts this denominator is bounded away from zero, so zero is outside its declared domain"", ""constraints"": """", ""note"": ""reported so the guard can be seen and challenged, not as a defect; zero is outside the domain this division is evaluated in""}",/data/mrumoca/eval/results/powergrids/findings.jsonl
powergrids,historical-static,PowerGrids.Controls.LeadLagWithNonWindupLimiter,4,network-boundary-port,low,False,standalone-topology-not-defect-proof,"{""node"": ""feedback_u -- feedback_y -- gain_dir -- gain_fb -- integ_fb -- limiter_y -- u -- y"", ""boundary_connectors"": ""feedback_u, feedback_y, gain_dir, gain_fb, integ_fb, limiter_y, u, y"", ""wired_to"": ""nothing"", ""note"": ""this connector belongs to the model itself, not to a component inside it: the model is an interface compiled on its own, so the node is open on one side. Nothing forces its flow, which is why a structural matching reports an unmatched unknown here. Not a defect in the model""}",/data/mrumoca/eval/results/powergrids/findings.jsonl
powergrids,historical-static,PowerGrids.Controls.LeadLagWithNonWindupLimiter,5,binding-unit-conflict,high,False,source-unit-review,"{""variable"": ""integ_fb.k"", ""declared_unit"": ""1"", ""declared_dimension"": ""1"", ""binding"": ""(1 / T1)"", ""binding_dimension"": ""s-1"", ""reads"": ""T1[s]"", ""note"": ""the declaration promises one dimension and its own binding expression computes another; no choice of values reconciles them""}",/data/mrumoca/eval/results/powergrids/findings.jsonl
powergrids,historical-static,PowerGrids.Controls.LeadLagWithNonWindupLimiter,6,vanishing-coefficient,medium,False,hold-needs-source-and-witness-review,"{""parameter"": ""integ_fb.k"", ""declared_min"": null, ""shape"": ""parameter multiplies a derivative; zero removes the equation's only determination of that state""}",/data/mrumoca/eval/results/powergrids/findings.jsonl
powergrids,historical-static,PowerGrids.Controls.LeadLagWithNonWindupLimiter,7,non-square-block,medium,False,hold-needs-source-and-witness-review,"{""block"": 0, ""equations"": 16, ""variables"": 17}",/data/mrumoca/eval/results/powergrids/findings.jsonl
powergrids,historical-static,PowerGrids.Controls.LeadLagWithNonWindupLimiter,8,STRUCTURE_DEGENERATES_AT_ZERO,low,False,hold-needs-source-and-witness-review,"{""parameter"": ""integ_fb.k"", ""contract"": ""Modelica.Blocks.Continuous.Integrator.k: feature_disabled (proven, from equation) \u2014 the parameter appears only as a multiplier, so at zero the term it scales drops out and the rest of the model is unaffected"", ""contract_behavior"": ""feature_disabled"", ""contract_confidence"": ""proven"", ""confidence"": ""low"", ""result"": ""TOPOLOGY_SPECIFIC"", ""incidences_lost"": 0, ""unknowns_left_undetermined"": 0, ""evidence_kind"": ""scales-a-rate"", ""note"": ""at zero this parameter removes a state and the equation that determines it. The matching survives, so the system is not structurally short; whether it is *algebraically* singular depends on this model's topology and initialization and needs execution to decide. This is not a claim that the declaration should forbid zero.""}",/data/mrumoca/eval/results/powergrids/findings.jsonl
powergrids,historical-static,PowerGrids.Controls.Test.TestDiscontinuousDeadBand,0,network-boundary-port,low,False,standalone-topology-not-defect-proof,"{""node"": ""discontinuousDeadBand -- inputSignal"", ""boundary_connectors"": ""discontinuousDeadBand, inputSignal"", ""wired_to"": ""nothing"", ""note"": ""this connector belongs to the model itself, not to a component inside it: the model is an interface compiled on its own, so the node is open on one side. Nothing forces its flow, which is why a structural matching reports an unmatched unknown here. Not a defect in the model""}",/data/mrumoca/eval/results/powergrids/findings.jsonl
powergrids,historical-static,PowerGrids.Controls.Test.TestLeadLag,0,divisor-reachable-zero,high,False,hold-needs-source-and-witness-review,"{""denominator"": ""leadLag.firstOrder.T"", ""witness"": ""leadLag.firstOrder.T = 0"", ""witness_rationale"": ""set to zero"", ""denominator_at_witness"": 0.0, ""denominator_at_declared_values"": 4.0, ""denominator_range"": ""[-inf, inf]"", ""path_condition"": ""always evaluated"", ""verdict"": ""SAT"", ""proof"": ""the division is not inside any branch"", ""constraints"": ""leadLag.firstOrder.T: unbounded"", ""note"": ""a permitted assignment drives the complete denominator to zero and the division is still evaluated there""}",/data/mrumoca/eval/results/powergrids/findings.jsonl
powergrids,historical-static,PowerGrids.Controls.Test.TestLeadLag,1,divisor-guarded-by-assertion,low,False,hold-needs-source-and-witness-review,"{""denominator"": ""leadLag.T2"", ""witness"": ""none needed"", ""witness_rationale"": ""the denominator is zero as declared"", ""denominator_at_witness"": 0.0, ""denominator_at_declared_values"": 2.0, ""denominator_range"": """", ""path_condition"": ""not (leadLag.noDynamics)"", ""verdict"": ""UNSAT"", ""proof"": ""the model asserts this denominator is bounded away from zero, so zero is outside its declared domain"", ""constraints"": """", ""note"": ""reported so the guard can be seen and challenged, not as a defect; zero is outside the domain this division is evaluated in""}",/data/mrumoca/eval/results/powergrids/findings.jsonl
powergrids,historical-static,PowerGrids.Controls.Test.TestLeadLag,2,divisor-reachable-zero,high,False,hold-needs-source-and-witness-review,"{""denominator"": ""(leadLag.k * leadLag.T1)"", ""witness"": ""leadLag.k = 0"", ""witness_rationale"": ""set to zero"", ""denominator_at_witness"": 0.0, ""denominator_at_declared_values"": 40.0, ""denominator_range"": ""[-inf, inf]"", ""path_condition"": ""always evaluated"", ""verdict"": ""SAT"", ""proof"": ""the division is not inside any branch"", ""constraints"": ""leadLag.k: unbounded"", ""note"": ""a permitted assignment drives the complete denominator to zero and the division is still evaluated there""}",/data/mrumoca/eval/results/powergrids/findings.jsonl
powergrids,historical-static,PowerGrids.Controls.Test.TestLeadLag,3,divisor-reachable-zero,high,False,hold-needs-source-and-witness-review,"{""denominator"": ""(leadLag.k * leadLag.T1)"", ""witness"": ""leadLag.k = 0"", ""witness_rationale"": ""set to zero"", ""denominator_at_witness"": 0.0, ""denominator_at_declared_values"": 40.0, ""denominator_range"": ""[-inf, inf]"", ""path_condition"": ""always evaluated"", ""verdict"": ""SAT"", ""proof"": ""the division is not inside any branch"", ""constraints"": ""leadLag.k: unbounded"", ""note"": ""a permitted assignment drives the complete denominator to zero and the division is still evaluated there""}",/data/mrumoca/eval/results/powergrids/findings.jsonl
powergrids,historical-static,PowerGrids.Controls.Test.TestLeadLag,4,divisor-zero-at-declared-values,high,False,hold-check-unset-parameters-and-inputs,"{""denominator"": ""leadLagNoDynamics.T2"", ""witness"": ""none needed"", ""witness_rationale"": ""the denominator is zero as declared"", ""denominator_at_witness"": 0.0, ""denominator_at_declared_values"": 0.0, ""denominator_range"": """", ""path_condition"": ""not (leadLagNoDynamics.noDynamics)"", ""verdict"": ""SAT"", ""proof"": ""no assignment is needed: the denominator is zero at the model's own declared values"", ""constraints"": """", ""note"": ""the division fails without anything being changed, so no parameter can be blamed and none needs to be""}",/data/mrumoca/eval/results/powergrids/findings.jsonl
powergrids,historical-static,PowerGrids.Controls.Test.TestLeadLag,5,network-boundary-port,low,False,standalone-topology-not-defect-proof,"{""node"": ""leadLag -- leadLag.feedback -- leadLag.firstOrder -- leadLag.gain -- leadLagNoDynamics -- leadLagNoDynamics.feedback -- leadLagNoDynamics.gain -- leadLagNoDynamics.zero -- step"", ""boundary_connectors"": ""leadLag, leadLagNoDynamics, step"", ""wired_to"": ""leadLag.feedback, leadLag.firstOrder, leadLag.gain, leadLagNoDynamics.feedback, leadLagNoDynamics.gain, leadLagNoDynamics.zero"", ""note"": ""this connector belongs to the model itself, not to a component inside it: the model is an interface compiled on its own, so the node is open on one side. Nothing forces its flow, which is why a structural matching reports an unmatched unknown here. Not a defect in the model""}",/data/mrumoca/eval/results/powergrids/findings.jsonl
powergrids,historical-static,PowerGrids.Controls.Test.TestLeadLag,6,vanishing-coefficient,medium,False,hold-needs-source-and-witness-review,"{""parameter"": ""leadLag.firstOrder.k"", ""declared_min"": null, ""shape"": ""parameter multiplies a derivative; zero removes the equation's only determination of that state""}",/data/mrumoca/eval/results/powergrids/findings.jsonl
powergrids,historical-static,PowerGrids.Controls.Test.TestLeadLag,7,STRUCTURE_DEGENERATES_AT_ZERO,low,False,hold-needs-source-and-witness-review,"{""parameter"": ""leadLag.firstOrder.k"", ""contract"": ""Modelica.Blocks.Continuous.FirstOrder.k: feature_disabled (proven, from equation) \u2014 the parameter appears only as a multiplier, so at zero the term it scales drops out and the rest of the model is unaffected"", ""contract_behavior"": ""feature_disabled"", ""contract_confidence"": ""proven"", ""confidence"": ""low"", ""result"": ""TOPOLOGY_SPECIFIC"", ""incidences_lost"": 0, ""unknowns_left_undetermined"": 0, ""evidence_kind"": ""scales-a-rate"", ""note"": ""at zero this parameter removes a state and the equation that determines it. The matching survives, so the system is not structurally short; whether it is *algebraically* singular depends on this model's topology and initialization and needs execution to decide. This is not a claim that the declaration should forbid zero.""}",/data/mrumoca/eval/results/powergrids/findings.jsonl
powergrids,historical-static,PowerGrids.Controls.PIWithNonWindupLimiter,0,network-boundary-port,low,False,standalone-topology-not-defect-proof,"{""node"": ""G -- feedback -- lim -- u -- y -- zero"", ""boundary_connectors"": ""G, feedback, lim, u, y, zero"", ""wired_to"": ""nothing"", ""note"": ""this connector belongs to the model itself, not to a component inside it: the model is an interface compiled on its own, so the node is open on one side. Nothing forces its flow, which is why a structural matching reports an unmatched unknown here. Not a defect in the model""}",/data/mrumoca/eval/results/powergrids/findings.jsonl
powergrids,historical-static,PowerGrids.Controls.PIWithNonWindupLimiter,1,quantity-missing,low,False,advisory-or-explicit-non-defect,"{""unit"": ""1/s"", ""count"": 1, ""declarations"": ""Ki"", ""note"": ""a unit is declared without a quantity, so nothing states what is being measured and no rule keyed on quantity can apply to it""}",/data/mrumoca/eval/results/powergrids/findings.jsonl
powergrids,historical-static,PowerGrids.Controls.PIWithNonWindupLimiter,2,non-square-block,medium,False,hold-needs-source-and-witness-review,"{""block"": 0, ""equations"": 10, ""variables"": 11}",/data/mrumoca/eval/results/powergrids/findings.jsonl
powergrids,historical-static,PowerGrids.Controls.IntegratorWithNonWindupLimiter,0,network-boundary-port,low,False,standalone-topology-not-defect-proof,"{""node"": ""I -- lim -- y"", ""boundary_connectors"": ""I, lim, y"", ""wired_to"": ""nothing"", ""note"": ""this connector belongs to the model itself, not to a component inside it: the model is an interface compiled on its own, so the node is open on one side. Nothing forces its flow, which is why a structural matching reports an unmatched unknown here. Not a defect in the model""}",/data/mrumoca/eval/results/powergrids/findings.jsonl
powergrids,historical-static,PowerGrids.Controls.IntegratorWithNonWindupLimiter,1,binding-unit-conflict,high,False,source-unit-review,"{""variable"": ""I.k"", ""declared_unit"": ""1"", ""declared_dimension"": ""1"", ""binding"": ""k"", ""binding_dimension"": ""s-1"", ""reads"": ""k[1/s]"", ""note"": ""the declaration promises one dimension and its own binding expression computes another; no choice of values reconciles them""}",/data/mrumoca/eval/results/powergrids/findings.jsonl
powergrids,historical-static,PowerGrids.Controls.IntegratorWithNonWindupLimiter,2,quantity-missing,low,False,advisory-or-explicit-non-defect,"{""unit"": ""1/s"", ""count"": 1, ""declarations"": ""k"", ""note"": ""a unit is declared without a quantity, so nothing states what is being measured and no rule keyed on quantity can apply to it""}",/data/mrumoca/eval/results/powergrids/findings.jsonl
powergrids,historical-static,PowerGrids.Controls.IntegratorWithNonWindupLimiter,3,vanishing-coefficient,medium,False,hold-needs-source-and-witness-review,"{""parameter"": ""I.k"", ""declared_min"": null, ""shape"": ""parameter multiplies a derivative; zero removes the equation's only determination of that state""}",/data/mrumoca/eval/results/powergrids/findings.jsonl
powergrids,historical-static,PowerGrids.Controls.IntegratorWithNonWindupLimiter,4,non-square-block,medium,False,hold-needs-source-and-witness-review,"{""block"": 0, ""equations"": 6, ""variables"": 7}",/data/mrumoca/eval/results/powergrids/findings.jsonl
powergrids,historical-static,PowerGrids.Controls.IntegratorWithNonWindupLimiter,5,STRUCTURE_DEGENERATES_AT_ZERO,low,False,hold-needs-source-and-witness-review,"{""parameter"": ""I.k"", ""contract"": ""Modelica.Blocks.Continuous.Integrator.k: feature_disabled (proven, from equation) \u2014 the parameter appears only as a multiplier, so at zero the term it scales drops out and the rest of the model is unaffected"", ""contract_behavior"": ""feature_disabled"", ""contract_confidence"": ""proven"", ""confidence"": ""low"", ""result"": ""TOPOLOGY_SPECIFIC"", ""incidences_lost"": 0, ""unknowns_left_undetermined"": 0, ""evidence_kind"": ""scales-a-rate"", ""note"": ""at zero this parameter removes a state and the equation that determines it. The matching survives, so the system is not structurally short; whether it is *algebraically* singular depends on this model's topology and initialization and needs execution to decide. This is not a claim that the declaration should forbid zero.""}",/data/mrumoca/eval/results/powergrids/findings.jsonl
powergrids,historical-static,PowerGrids.Controls.Test.TestDeadBand,0,network-boundary-port,low,False,standalone-topology-not-defect-proof,"{""node"": ""deadBand -- inputSignal"", ""boundary_connectors"": ""deadBand, inputSignal"", ""wired_to"": ""nothing"", ""note"": ""this connector belongs to the model itself, not to a component inside it: the model is an interface compiled on its own, so the node is open on one side. Nothing forces its flow, which is why a structural matching reports an unmatched unknown here. Not a defect in the model""}",/data/mrumoca/eval/results/powergrids/findings.jsonl
powergrids,historical-static,PowerGrids.Electrical.Test.TestExciterRectifierRegulationCharacteristicIEEE,0,network-boundary-port,low,False,standalone-topology-not-defect-proof,"{""node"": ""exciterRectifierRegulationCharacteristicIEEE -- realExpression"", ""boundary_connectors"": ""exciterRectifierRegulationCharacteristicIEEE, realExpression"", ""wired_to"": ""nothing"", ""note"": ""this connector belongs to the model itself, not to a component inside it: the model is an interface compiled on its own, so the node is open on one side. Nothing forces its flow, which is why a structural matching reports an unmatched unknown here. Not a defect in the model""}",/data/mrumoca/eval/results/powergrids/findings.jsonl
powergrids,historical-static,PowerGrids.Controls.Test.TestDerivativeLag,0,divisor-guarded-by-assertion,low,False,hold-needs-source-and-witness-review,"{""denominator"": ""derivativeLag.T1"", ""witness"": ""none needed"", ""witness_rationale"": ""the denominator is zero as declared"", ""denominator_at_witness"": 0.0, ""denominator_at_declared_values"": 2.0, ""denominator_range"": """", ""path_condition"": ""not (derivativeLag.noDynamics)"", ""verdict"": ""UNSAT"", ""proof"": ""the model asserts this denominator is bounded away from zero, so zero is outside its declared domain"", ""constraints"": """", ""note"": ""reported so the guard can be seen and challenged, not as a defect; zero is outside the domain this division is evaluated in""}",/data/mrumoca/eval/results/powergrids/findings.jsonl
powergrids,historical-static,PowerGrids.Controls.Test.TestDerivativeLag,1,divisor-guarded-by-assertion,low,False,hold-needs-source-and-witness-review,"{""denominator"": ""derivativeLag.T1"", ""witness"": ""none needed"", ""witness_rationale"": ""the denominator is zero as declared"", ""denominator_at_witness"": 0.0, ""denominator_at_declared_values"": 2.0, ""denominator_range"": """", ""path_condition"": ""always evaluated"", ""verdict"": ""UNSAT"", ""proof"": ""the model asserts this denominator is bounded away from zero, so zero is outside its declared domain"", ""constraints"": """", ""note"": ""reported so the guard can be seen and challenged, not as a defect; zero is outside the domain this division is evaluated in""}",/data/mrumoca/eval/results/powergrids/findings.jsonl
powergrids,historical-static,PowerGrids.Controls.Test.TestDerivativeLag,2,divisor-guarded-by-assertion,low,False,hold-needs-source-and-witness-review,"{""denominator"": ""derivativeLag.T1"", ""witness"": ""none needed"", ""witness_rationale"": ""the denominator is zero as declared"", ""denominator_at_witness"": 0.0, ""denominator_at_declared_values"": 2.0, ""denominator_range"": """", ""path_condition"": ""always evaluated"", ""verdict"": ""UNSAT"", ""proof"": ""the model asserts this denominator is bounded away from zero, so zero is outside its declared domain"", ""constraints"": """", ""note"": ""reported so the guard can be seen and challenged, not as a defect; zero is outside the domain this division is evaluated in""}",/data/mrumoca/eval/results/powergrids/findings.jsonl
powergrids,historical-static,PowerGrids.Controls.Test.TestDerivativeLag,3,divisor-zero-at-declared-values,high,False,hold-check-unset-parameters-and-inputs,"{""denominator"": ""derivativeLagNoDynamics.T1"", ""witness"": ""none needed"", ""witness_rationale"": ""the denominator is zero as declared"", ""denominator_at_witness"": 0.0, ""denominator_at_declared_values"": 0.0, ""denominator_range"": """", ""path_condition"": ""not (derivativeLagNoDynamics.noDynamics)"", ""verdict"": ""SAT"", ""proof"": ""no assignment is needed: the denominator is zero at the model's own declared values"", ""constraints"": """", ""note"": ""the division fails without anything being changed, so no parameter can be blamed and none needs to be""}",/data/mrumoca/eval/results/powergrids/findings.jsonl
powergrids,historical-static,PowerGrids.Controls.Test.TestDerivativeLag,4,network-boundary-port,low,False,standalone-topology-not-defect-proof,"{""node"": ""derivativeLag -- derivativeLag.feedback -- derivativeLag.gain -- derivativeLag.integrator -- derivativeLagNoDynamics -- derivativeLagNoDynamics.feedback -- derivativeLagNoDynamics.gain -- derivativeLagNoDynamics.zero -- step"", ""boundary_connectors"": ""derivativeLag, derivativeLagNoDynamics, step"", ""wired_to"": ""derivativeLag.feedback, derivativeLag.gain, derivativeLag.integrator, derivativeLagNoDynamics.feedback, derivativeLagNoDynamics.gain, derivativeLagNoDynamics.zero"", ""note"": ""this connector belongs to the model itself, not to a component inside it: the model is an interface compiled on its own, so the node is open on one side. Nothing forces its flow, which is why a structural matching reports an unmatched unknown here. Not a defect in the model""}",/data/mrumoca/eval/results/powergrids/findings.jsonl
powergrids,historical-static,PowerGrids.Controls.Test.TestDerivativeLag,5,binding-unit-conflict,high,False,source-unit-review,"{""variable"": ""derivativeLag.integrator.k"", ""declared_unit"": ""1"", ""declared_dimension"": ""1"", ""binding"": ""(1 / derivativeLag.T1)"", ""binding_dimension"": ""s-1"", ""reads"": ""derivativeLag.T1[s]"", ""note"": ""the declaration promises one dimension and its own binding expression computes another; no choice of values reconciles them""}",/data/mrumoca/eval/results/powergrids/findings.jsonl
powergrids,historical-static,PowerGrids.Controls.Test.TestDerivativeLag,6,vanishing-coefficient,medium,False,hold-needs-source-and-witness-review,"{""parameter"": ""derivativeLag.integrator.k"", ""declared_min"": null, ""shape"": ""parameter multiplies a derivative; zero removes the equation's only determination of that state""}",/data/mrumoca/eval/results/powergrids/findings.jsonl
powergrids,historical-static,PowerGrids.Controls.Test.TestDerivativeLag,7,STRUCTURE_DEGENERATES_AT_ZERO,low,False,hold-needs-source-and-witness-review,"{""parameter"": ""derivativeLag.integrator.k"", ""contract"": ""Modelica.Blocks.Continuous.Integrator.k: feature_disabled (proven, from equation) \u2014 the parameter appears only as a multiplier, so at zero the term it scales drops out and the rest of the model is unaffected"", ""contract_behavior"": ""feature_disabled"", ""contract_confidence"": ""proven"", ""confidence"": ""low"", ""result"": ""TOPOLOGY_SPECIFIC"", ""incidences_lost"": 0, ""unknowns_left_undetermined"": 0, ""evidence_kind"": ""scales-a-rate"", ""note"": ""at zero this parameter removes a state and the equation that determines it. The matching survives, so the system is not structurally short; whether it is *algebraically* singular depends on this model's topology and initialization and needs execution to decide. This is not a claim that the declaration should forbid zero.""}",/data/mrumoca/eval/results/powergrids/findings.jsonl
powergrids,historical-static,PowerGrids.Electrical.Buses.Ground,0,network-port-unconnected,low,False,standalone-topology-not-defect-proof,"{""connector"": ""terminal.i"", ""component"": ""terminal"", ""component_class"": ""unknown"", ""flows_forced_to_zero"": ""terminal.i.re, terminal.i.im"", ""note"": ""nothing is connected to this port, so MLS \u00a79.2 forces its flow to zero. That is correct for a component compiled on its own and is not a defect; it is recorded because it is the commonest reason a model looks structurally singular""}",/data/mrumoca/eval/results/powergrids/findings.jsonl
powergrids,historical-static,PowerGrids.Electrical.Buses.Ground,1,network-component-isolated,low,False,standalone-topology-not-defect-proof,"{""component"": ""terminal"", ""component_class"": ""unknown"", ""ports"": ""terminal.i"", ""note"": ""every port of this instance is unconnected, so it exchanges nothing with the rest of the model while still contributing its equations""}",/data/mrumoca/eval/results/powergrids/findings.jsonl
powergrids,historical-static,PowerGrids.Electrical.Test.TestTapChangerLogicMax,0,non-square-block,medium,False,hold-needs-source-and-witness-review,"{""block"": 0, ""equations"": 3, ""variables"": 1}",/data/mrumoca/eval/results/powergrids/findings.jsonl
powergrids,historical-static,PowerGrids.Electrical.Test.TestTapChangerLogicMax,1,non-square-block,medium,False,hold-needs-source-and-witness-review,"{""block"": 1, ""equations"": 18, ""variables"": 1}",/data/mrumoca/eval/results/powergrids/findings.jsonl
powergrids,historical-static,PowerGrids.Electrical.Test.TestTapChangerLogicMax,2,UNMATCHED_EQUATION,high,False,hold-needs-source-and-witness-review,"{""equation"": ""?"", ""scalar_rows"": 1, ""rows_matched"": 0, ""confidence"": ""high"", ""result"": ""STRUCTURAL_MATCH_FAILURE"", ""note"": ""this constraint has no unknown left to determine; the region is over-constrained""}",/data/mrumoca/eval/results/powergrids/findings.jsonl
powergrids,historical-static,PowerGrids.Electrical.Test.TestTapChangerLogicMax,3,UNMATCHED_EQUATION,high,False,hold-needs-source-and-witness-review,"{""equation"": ""?"", ""scalar_rows"": 1, ""rows_matched"": 0, ""confidence"": ""high"", ""result"": ""STRUCTURAL_MATCH_FAILURE"", ""note"": ""this constraint has no unknown left to determine; the region is over-constrained""}",/data/mrumoca/eval/results/powergrids/findings.jsonl
powergrids,historical-static,PowerGrids.Electrical.Test.TestTapChangerLogicMax,4,UNMATCHED_EQUATION,high,False,hold-needs-source-and-witness-review,"{""equation"": ""?"", ""scalar_rows"": 1, ""rows_matched"": 0, ""confidence"": ""high"", ""result"": ""STRUCTURAL_MATCH_FAILURE"", ""note"": ""this constraint has no unknown left to determine; the region is over-constrained""}",/data/mrumoca/eval/results/powergrids/findings.jsonl
powergrids,historical-static,PowerGrids.Electrical.Test.TestTapChangerLogicMax,5,UNMATCHED_EQUATION,high,False,hold-needs-source-and-witness-review,"{""equation"": ""?"", ""scalar_rows"": 1, ""rows_matched"": 0, ""confidence"": ""high"", ""result"": ""STRUCTURAL_MATCH_FAILURE"", ""note"": ""this constraint has no unknown left to determine; the region is over-constrained""}",/data/mrumoca/eval/results/powergrids/findings.jsonl
powergrids,historical-static,PowerGrids.Electrical.Test.TestTapChangerLogicMax,6,UNMATCHED_EQUATION,high,False,hold-needs-source-and-witness-review,"{""equation"": ""?"", ""scalar_rows"": 1, ""rows_matched"": 0, ""confidence"": ""high"", ""result"": ""STRUCTURAL_MATCH_FAILURE"", ""note"": ""this constraint has no unknown left to determine; the region is over-constrained""}",/data/mrumoca/eval/results/powergrids/findings.jsonl
powergrids,historical-static,PowerGrids.Electrical.Test.TestTapChangerLogicMax,7,UNMATCHED_EQUATION,high,False,hold-needs-source-and-witness-review,"{""equation"": ""?"", ""scalar_rows"": 1, ""rows_matched"": 0, ""confidence"": ""high"", ""result"": ""STRUCTURAL_MATCH_FAILURE"", ""note"": ""this constraint has no unknown left to determine; the region is over-constrained""}",/data/mrumoca/eval/results/powergrids/findings.jsonl
powergrids,historical-static,PowerGrids.Electrical.Test.TestTapChangerLogicMax,8,UNMATCHED_EQUATION,high,False,hold-needs-source-and-witness-review,"{""equation"": ""?"", ""scalar_rows"": 1, ""rows_matched"": 0, ""confidence"": ""high"", ""result"": ""STRUCTURAL_MATCH_FAILURE"", ""note"": ""this constraint has no unknown left to determine; the region is over-constrained""}",/data/mrumoca/eval/results/powergrids/findings.jsonl
powergrids,historical-static,PowerGrids.Electrical.Test.TestTapChangerLogicMax,9,UNMATCHED_EQUATION,high,False,hold-needs-source-and-witness-review,"{""equation"": ""?"", ""scalar_rows"": 1, ""rows_matched"": 0, ""confidence"": ""high"", ""result"": ""STRUCTURAL_MATCH_FAILURE"", ""note"": ""this constraint has no unknown left to determine; the region is over-constrained""}",/data/mrumoca/eval/results/powergrids/findings.jsonl
powergrids,historical-static,PowerGrids.Electrical.Test.TestTapChangerLogicMax,10,UNMATCHED_EQUATION,high,False,hold-needs-source-and-witness-review,"{""equation"": ""?"", ""scalar_rows"": 1, ""rows_matched"": 0, ""confidence"": ""high"", ""result"": ""STRUCTURAL_MATCH_FAILURE"", ""note"": ""this constraint has no unknown left to determine; the region is over-constrained""}",/data/mrumoca/eval/results/powergrids/findings.jsonl
powergrids,historical-static,PowerGrids.Electrical.Test.TestTapChangerLogicMax,11,UNMATCHED_EQUATION,high,False,hold-needs-source-and-witness-review,"{""equation"": ""?"", ""scalar_rows"": 1, ""rows_matched"": 0, ""confidence"": ""high"", ""result"": ""STRUCTURAL_MATCH_FAILURE"", ""note"": ""this constraint has no unknown left to determine; the region is over-constrained""}",/data/mrumoca/eval/results/powergrids/findings.jsonl
powergrids,historical-static,PowerGrids.Electrical.Test.TestTapChangerLogicMax,12,UNMATCHED_EQUATION,high,False,hold-needs-source-and-witness-review,"{""equation"": ""?"", ""scalar_rows"": 1, ""rows_matched"": 0, ""confidence"": ""high"", ""result"": ""STRUCTURAL_MATCH_FAILURE"", ""note"": ""this constraint has no unknown left to determine; the region is over-constrained""}",/data/mrumoca/eval/results/powergrids/findings.jsonl
powergrids,historical-static,PowerGrids.Electrical.Test.TestTapChangerLogicMax,13,UNMATCHED_EQUATION,high,False,hold-needs-source-and-witness-review,"{""equation"": ""?"", ""scalar_rows"": 1, ""rows_matched"": 0, ""confidence"": ""high"", ""result"": ""STRUCTURAL_MATCH_FAILURE"", ""note"": ""this constraint has no unknown left to determine; the region is over-constrained""}",/data/mrumoca/eval/results/powergrids/findings.jsonl
powergrids,historical-static,PowerGrids.Electrical.Test.TestTapChangerLogicMax,14,UNMATCHED_EQUATION,high,False,hold-needs-source-and-witness-review,"{""equation"": ""?"", ""scalar_rows"": 1, ""rows_matched"": 0, ""confidence"": ""high"", ""result"": ""STRUCTURAL_MATCH_FAILURE"", ""note"": ""this constraint has no unknown left to determine; the region is over-constrained""}",/data/mrumoca/eval/results/powergrids/findings.jsonl
powergrids,historical-static,PowerGrids.Electrical.Test.TestTapChangerLogicMax,15,UNMATCHED_EQUATION,high,False,hold-needs-source-and-witness-review,"{""equation"": ""?"", ""scalar_rows"": 1, ""rows_matched"": 0, ""confidence"": ""high"", ""result"": ""STRUCTURAL_MATCH_FAILURE"", ""note"": ""this constraint has no unknown left to determine; the region is over-constrained""}",/data/mrumoca/eval/results/powergrids/findings.jsonl
powergrids,historical-static,PowerGrids.Electrical.Test.TestTapChangerLogicMax,16,UNMATCHED_EQUATION,high,False,hold-needs-source-and-witness-review,"{""equation"": ""?"", ""scalar_rows"": 1, ""rows_matched"": 0, ""confidence"": ""high"", ""result"": ""STRUCTURAL_MATCH_FAILURE"", ""note"": ""this constraint has no unknown left to determine; the region is over-constrained""}",/data/mrumoca/eval/results/powergrids/findings.jsonl
powergrids,historical-static,PowerGrids.Electrical.Test.TestTapChangerLogicMax,17,UNMATCHED_EQUATION,high,False,hold-needs-source-and-witness-review,"{""equation"": ""?"", ""scalar_rows"": 1, ""rows_matched"": 0, ""confidence"": ""high"", ""result"": ""STRUCTURAL_MATCH_FAILURE"", ""note"": ""this constraint has no unknown left to determine; the region is over-constrained""}",/data/mrumoca/eval/results/powergrids/findings.jsonl
powergrids,historical-static,PowerGrids.Electrical.Test.TestTapChangerLogicMax,18,UNMATCHED_EQUATION,high,False,hold-needs-source-and-witness-review,"{""equation"": ""?"", ""scalar_rows"": 1, ""rows_matched"": 0, ""confidence"": ""high"", ""result"": ""STRUCTURAL_MATCH_FAILURE"", ""note"": ""this constraint has no unknown left to determine; the region is over-constrained""}",/data/mrumoca/eval/results/powergrids/findings.jsonl
powergrids,historical-static,PowerGrids.Electrical.Test.TestTapChangerLogicMax,19,UNMATCHED_EQUATION,high,False,hold-needs-source-and-witness-review,"{""equation"": ""?"", ""scalar_rows"": 1, ""rows_matched"": 0, ""confidence"": ""high"", ""result"": ""STRUCTURAL_MATCH_FAILURE"", ""note"": ""this constraint has no unknown left to determine; the region is over-constrained""}",/data/mrumoca/eval/results/powergrids/findings.jsonl
powergrids,historical-static,PowerGrids.Electrical.Test.TestTapChangerLogicMax,20,UNMATCHED_EQUATION,high,False,hold-needs-source-and-witness-review,"{""equation"": ""?"", ""scalar_rows"": 1, ""rows_matched"": 0, ""confidence"": ""high"", ""result"": ""STRUCTURAL_MATCH_FAILURE"", ""note"": ""this constraint has no unknown left to determine; the region is over-constrained""}",/data/mrumoca/eval/results/powergrids/findings.jsonl
powergrids,historical-static,PowerGrids.Electrical.Test.TestTapChangerLogicInterval,0,non-square-block,medium,False,hold-needs-source-and-witness-review,"{""block"": 3, ""equations"": 5, ""variables"": 1}",/data/mrumoca/eval/results/powergrids/findings.jsonl
powergrids,historical-static,PowerGrids.Electrical.Test.TestTapChangerLogicInterval,1,non-square-block,medium,False,hold-needs-source-and-witness-review,"{""block"": 4, ""equations"": 5, ""variables"": 1}",/data/mrumoca/eval/results/powergrids/findings.jsonl
powergrids,historical-static,PowerGrids.Electrical.Test.TestTapChangerLogicInterval,2,non-square-block,medium,False,hold-needs-source-and-witness-review,"{""block"": 5, ""equations"": 5, ""variables"": 1}",/data/mrumoca/eval/results/powergrids/findings.jsonl
powergrids,historical-static,PowerGrids.Electrical.Test.TestTapChangerLogicInterval,3,non-square-block,medium,False,hold-needs-source-and-witness-review,"{""block"": 6, ""equations"": 24, ""variables"": 1}",/data/mrumoca/eval/results/powergrids/findings.jsonl
powergrids,historical-static,PowerGrids.Electrical.Test.TestTapChangerLogicInterval,4,UNMATCHED_EQUATION,high,False,hold-needs-source-and-witness-review,"{""equation"": ""?"", ""scalar_rows"": 1, ""rows_matched"": 0, ""confidence"": ""high"", ""result"": ""STRUCTURAL_MATCH_FAILURE"", ""note"": ""this constraint has no unknown left to determine; the region is over-constrained""}",/data/mrumoca/eval/results/powergrids/findings.jsonl
powergrids,historical-static,PowerGrids.Electrical.Test.TestTapChangerLogicInterval,5,UNMATCHED_EQUATION,high,False,hold-needs-source-and-witness-review,"{""equation"": ""?"", ""scalar_rows"": 1, ""rows_matched"": 0, ""confidence"": ""high"", ""result"": ""STRUCTURAL_MATCH_FAILURE"", ""note"": ""this constraint has no unknown left to determine; the region is over-constrained""}",/data/mrumoca/eval/results/powergrids/findings.jsonl
powergrids,historical-static,PowerGrids.Electrical.Test.TestTapChangerLogicInterval,6,UNMATCHED_EQUATION,high,False,hold-needs-source-and-witness-review,"{""equation"": ""?"", ""scalar_rows"": 1, ""rows_matched"": 0, ""confidence"": ""high"", ""result"": ""STRUCTURAL_MATCH_FAILURE"", ""note"": ""this constraint has no unknown left to determine; the region is over-constrained""}",/data/mrumoca/eval/results/powergrids/findings.jsonl
powergrids,historical-static,PowerGrids.Electrical.Test.TestTapChangerLogicInterval,7,UNMATCHED_EQUATION,high,False,hold-needs-source-and-witness-review,"{""equation"": ""?"", ""scalar_rows"": 1, ""rows_matched"": 0, ""confidence"": ""high"", ""result"": ""STRUCTURAL_MATCH_FAILURE"", ""note"": ""this constraint has no unknown left to determine; the region is over-constrained""}",/data/mrumoca/eval/results/powergrids/findings.jsonl
powergrids,historical-static,PowerGrids.Electrical.Test.TestTapChangerLogicInterval,8,UNMATCHED_EQUATION,high,False,hold-needs-source-and-witness-review,"{""equation"": ""?"", ""scalar_rows"": 1, ""rows_matched"": 0, ""confidence"": ""high"", ""result"": ""STRUCTURAL_MATCH_FAILURE"", ""note"": ""this constraint has no unknown left to determine; the region is over-constrained""}",/data/mrumoca/eval/results/powergrids/findings.jsonl
powergrids,historical-static,PowerGrids.Electrical.Test.TestTapChangerLogicInterval,9,UNMATCHED_EQUATION,high,False,hold-needs-source-and-witness-review,"{""equation"": ""?"", ""scalar_rows"": 1, ""rows_matched"": 0, ""confidence"": ""high"", ""result"": ""STRUCTURAL_MATCH_FAILURE"", ""note"": ""this constraint has no unknown left to determine; the region is over-constrained""}",/data/mrumoca/eval/results/powergrids/findings.jsonl
powergrids,historical-static,PowerGrids.Electrical.Test.TestTapChangerLogicInterval,10,UNMATCHED_EQUATION,high,False,hold-needs-source-and-witness-review,"{""equation"": ""?"", ""scalar_rows"": 1, ""rows_matched"": 0, ""confidence"": ""high"", ""result"": ""STRUCTURAL_MATCH_FAILURE"", ""note"": ""this constraint has no unknown left to determine; the region is over-constrained""}",/data/mrumoca/eval/results/powergrids/findings.jsonl
powergrids,historical-static,PowerGrids.Electrical.Test.TestTapChangerLogicInterval,11,UNMATCHED_EQUATION,high,False,hold-needs-source-and-witness-review,"{""equation"": ""?"", ""scalar_rows"": 1, ""rows_matched"": 0, ""confidence"": ""high"", ""result"": ""STRUCTURAL_MATCH_FAILURE"", ""note"": ""this constraint has no unknown left to determine; the region is over-constrained""}",/data/mrumoca/eval/results/powergrids/findings.jsonl
powergrids,historical-static,PowerGrids.Electrical.Test.TestTapChangerLogicInterval,12,UNMATCHED_EQUATION,high,False,hold-needs-source-and-witness-review,"{""equation"": ""?"", ""scalar_rows"": 1, ""rows_matched"": 0, ""confidence"": ""high"", ""result"": ""STRUCTURAL_MATCH_FAILURE"", ""note"": ""this constraint has no unknown left to determine; the region is over-constrained""}",/data/mrumoca/eval/results/powergrids/findings.jsonl
powergrids,historical-static,PowerGrids.Electrical.Test.TestTapChangerLogicInterval,13,UNMATCHED_EQUATION,high,False,hold-needs-source-and-witness-review,"{""equation"": ""?"", ""scalar_rows"": 1, ""rows_matched"": 0, ""confidence"": ""high"", ""result"": ""STRUCTURAL_MATCH_FAILURE"", ""note"": ""this constraint has no unknown left to determine; the region is over-constrained""}",/data/mrumoca/eval/results/powergrids/findings.jsonl
powergrids,historical-static,PowerGrids.Electrical.Test.TestTapChangerLogicInterval,14,UNMATCHED_EQUATION,high,False,hold-needs-source-and-witness-review,"{""equation"": ""?"", ""scalar_rows"": 1, ""rows_matched"": 0, ""confidence"": ""high"", ""result"": ""STRUCTURAL_MATCH_FAILURE"", ""note"": ""this constraint has no unknown left to determine; the region is over-constrained""}",/data/mrumoca/eval/results/powergrids/findings.jsonl
powergrids,historical-static,PowerGrids.Electrical.Test.TestTapChangerLogicInterval,15,UNMATCHED_EQUATION,high,False,hold-needs-source-and-witness-review,"{""equation"": ""?"", ""scalar_rows"": 1, ""rows_matched"": 0, ""confidence"": ""high"", ""result"": ""STRUCTURAL_MATCH_FAILURE"", ""note"": ""this constraint has no unknown left to determine; the region is over-constrained""}",/data/mrumoca/eval/results/powergrids/findings.jsonl
powergrids,historical-static,PowerGrids.Electrical.Test.TestTapChangerLogicInterval,16,UNMATCHED_EQUATION,high,False,hold-needs-source-and-witness-review,"{""equation"": ""?"", ""scalar_rows"": 1, ""rows_matched"": 0, ""confidence"": ""high"", ""result"": ""STRUCTURAL_MATCH_FAILURE"", ""note"": ""this constraint has no unknown left to determine; the region is over-constrained""}",/data/mrumoca/eval/results/powergrids/findings.jsonl
powergrids,historical-static,PowerGrids.Electrical.Test.TestTapChangerLogicInterval,17,UNMATCHED_EQUATION,high,False,hold-needs-source-and-witness-review,"{""equation"": ""?"", ""scalar_rows"": 1, ""rows_matched"": 0, ""confidence"": ""high"", ""result"": ""STRUCTURAL_MATCH_FAILURE"", ""note"": ""this constraint has no unknown left to determine; the region is over-constrained""}",/data/mrumoca/eval/results/powergrids/findings.jsonl
powergrids,historical-static,PowerGrids.Electrical.Test.TestTapChangerLogicInterval,18,UNMATCHED_EQUATION,high,False,hold-needs-source-and-witness-review,"{""equation"": ""?"", ""scalar_rows"": 1, ""rows_matched"": 0, ""confidence"": ""high"", ""result"": ""STRUCTURAL_MATCH_FAILURE"", ""note"": ""this constraint has no unknown left to determine; the region is over-constrained""}",/data/mrumoca/eval/results/powergrids/findings.jsonl
powergrids,historical-static,PowerGrids.Electrical.Test.TestTapChangerLogicInterval,19,UNMATCHED_EQUATION,high,False,hold-needs-source-and-witness-review,"{""equation"": ""?"", ""scalar_rows"": 1, ""rows_matched"": 0, ""confidence"": ""high"", ""result"": ""STRUCTURAL_MATCH_FAILURE"", ""note"": ""this constraint has no unknown left to determine; the region is over-constrained""}",/data/mrumoca/eval/results/powergrids/findings.jsonl
powergrids,historical-static,PowerGrids.Electrical.Test.TestTapChangerLogicInterval,20,UNMATCHED_EQUATION,high,False,hold-needs-source-and-witness-review,"{""equation"": ""?"", ""scalar_rows"": 1, ""rows_matched"": 0, ""confidence"": ""high"", ""result"": ""STRUCTURAL_MATCH_FAILURE"", ""note"": ""this constraint has no unknown left to determine; the region is over-constrained""}",/data/mrumoca/eval/results/powergrids/findings.jsonl
powergrids,historical-static,PowerGrids.Electrical.Test.TestTapChangerLogicInterval,21,UNMATCHED_EQUATION,high,False,hold-needs-source-and-witness-review,"{""equation"": ""?"", ""scalar_rows"": 1, ""rows_matched"": 0, ""confidence"": ""high"", ""result"": ""STRUCTURAL_MATCH_FAILURE"", ""note"": ""this constraint has no unknown left to determine; the region is over-constrained""}",/data/mrumoca/eval/results/powergrids/findings.jsonl
powergrids,historical-static,PowerGrids.Electrical.Test.TestTapChangerLogicInterval,22,UNMATCHED_EQUATION,high,False,hold-needs-source-and-witness-review,"{""equation"": ""?"", ""scalar_rows"": 1, ""rows_matched"": 0, ""confidence"": ""high"", ""result"": ""STRUCTURAL_MATCH_FAILURE"", ""note"": ""this constraint has no unknown left to determine; the region is over-constrained""}",/data/mrumoca/eval/results/powergrids/findings.jsonl
powergrids,historical-static,PowerGrids.Electrical.Test.TestTapChangerLogicInterval,23,UNMATCHED_EQUATION,high,False,hold-needs-source-and-witness-review,"{""equation"": ""?"", ""scalar_rows"": 1, ""rows_matched"": 0, ""confidence"": ""high"", ""result"": ""STRUCTURAL_MATCH_FAILURE"", ""note"": ""this constraint has no unknown left to determine; the region is over-constrained""}",/data/mrumoca/eval/results/powergrids/findings.jsonl
powergrids,historical-static,PowerGrids.Electrical.Test.TestTapChangerLogicInterval,24,UNMATCHED_EQUATION,high,False,hold-needs-source-and-witness-review,"{""equation"": ""?"", ""scalar_rows"": 1, ""rows_matched"": 0, ""confidence"": ""high"", ""result"": ""STRUCTURAL_MATCH_FAILURE"", ""note"": ""this constraint has no unknown left to determine; the region is over-constrained""}",/data/mrumoca/eval/results/powergrids/findings.jsonl
powergrids,historical-static,PowerGrids.Electrical.Test.TestTapChangerLogicInterval,25,UNMATCHED_EQUATION,high,False,hold-needs-source-and-witness-review,"{""equation"": ""?"", ""scalar_rows"": 1, ""rows_matched"": 0, ""confidence"": ""high"", ""result"": ""STRUCTURAL_MATCH_FAILURE"", ""note"": ""this constraint has no unknown left to determine; the region is over-constrained""}",/data/mrumoca/eval/results/powergrids/findings.jsonl
powergrids,historical-static,PowerGrids.Electrical.Test.TestTapChangerLogicInterval,26,UNMATCHED_EQUATION,high,False,hold-needs-source-and-witness-review,"{""equation"": ""?"", ""scalar_rows"": 1, ""rows_matched"": 0, ""confidence"": ""high"", ""result"": ""STRUCTURAL_MATCH_FAILURE"", ""note"": ""this constraint has no unknown left to determine; the region is over-constrained""}",/data/mrumoca/eval/results/powergrids/findings.jsonl
powergrids,historical-static,PowerGrids.Electrical.Test.TestTapChangerLogicInterval,27,UNMATCHED_EQUATION,high,False,hold-needs-source-and-witness-review,"{""equation"": ""?"", ""scalar_rows"": 1, ""rows_matched"": 0, ""confidence"": ""high"", ""result"": ""STRUCTURAL_MATCH_FAILURE"", ""note"": ""this constraint has no unknown left to determine; the region is over-constrained""}",/data/mrumoca/eval/results/powergrids/findings.jsonl
powergrids,historical-static,PowerGrids.Electrical.Test.TestTapChangerLogicInterval,28,UNMATCHED_EQUATION,high,False,hold-needs-source-and-witness-review,"{""equation"": ""?"", ""scalar_rows"": 1, ""rows_matched"": 0, ""confidence"": ""high"", ""result"": ""STRUCTURAL_MATCH_FAILURE"", ""note"": ""this constraint has no unknown left to determine; the region is over-constrained""}",/data/mrumoca/eval/results/powergrids/findings.jsonl
powergrids,historical-static,PowerGrids.Electrical.Test.TestTapChangerLogicInterval,29,UNMATCHED_EQUATION,high,False,hold-needs-source-and-witness-review,"{""equation"": ""?"", ""scalar_rows"": 1, ""rows_matched"": 0, ""confidence"": ""high"", ""result"": ""STRUCTURAL_MATCH_FAILURE"", ""note"": ""this constraint has no unknown left to determine; the region is over-constrained""}",/data/mrumoca/eval/results/powergrids/findings.jsonl
powergrids,historical-static,PowerGrids.Electrical.Test.TestTapChangerLogicInterval,30,UNMATCHED_EQUATION,high,False,hold-needs-source-and-witness-review,"{""equation"": ""?"", ""scalar_rows"": 1, ""rows_matched"": 0, ""confidence"": ""high"", ""result"": ""STRUCTURAL_MATCH_FAILURE"", ""note"": ""this constraint has no unknown left to determine; the region is over-constrained""}",/data/mrumoca/eval/results/powergrids/findings.jsonl
powergrids,historical-static,PowerGrids.Electrical.Test.TestTapChangerLogicInterval,31,UNMATCHED_EQUATION,high,False,hold-needs-source-and-witness-review,"{""equation"": ""?"", ""scalar_rows"": 1, ""rows_matched"": 0, ""confidence"": ""high"", ""result"": ""STRUCTURAL_MATCH_FAILURE"", ""note"": ""this constraint has no unknown left to determine; the region is over-constrained""}",/data/mrumoca/eval/results/powergrids/findings.jsonl
powergrids,historical-static,PowerGrids.Electrical.Test.TestTapChangerLogicInterval,32,UNMATCHED_EQUATION,high,False,hold-needs-source-and-witness-review,"{""equation"": ""?"", ""scalar_rows"": 1, ""rows_matched"": 0, ""confidence"": ""high"", ""result"": ""STRUCTURAL_MATCH_FAILURE"", ""note"": ""this constraint has no unknown left to determine; the region is over-constrained""}",/data/mrumoca/eval/results/powergrids/findings.jsonl
powergrids,historical-static,PowerGrids.Electrical.Test.TestTapChangerLogicInterval,33,UNMATCHED_EQUATION,high,False,hold-needs-source-and-witness-review,"{""equation"": ""?"", ""scalar_rows"": 1, ""rows_matched"": 0, ""confidence"": ""high"", ""result"": ""STRUCTURAL_MATCH_FAILURE"", ""note"": ""this constraint has no unknown left to determine; the region is over-constrained""}",/data/mrumoca/eval/results/powergrids/findings.jsonl
powergrids,historical-static,PowerGrids.Electrical.Test.TestTapChangerLogicInterval,34,UNMATCHED_EQUATION,high,False,hold-needs-source-and-witness-review,"{""equation"": ""?"", ""scalar_rows"": 1, ""rows_matched"": 0, ""confidence"": ""high"", ""result"": ""STRUCTURAL_MATCH_FAILURE"", ""note"": ""this constraint has no unknown left to determine; the region is over-constrained""}",/data/mrumoca/eval/results/powergrids/findings.jsonl
powergrids,historical-static,PowerGrids.Electrical.Test.TestTapChangerLogicInterval,35,UNMATCHED_EQUATION,high,False,hold-needs-source-and-witness-review,"{""equation"": ""?"", ""scalar_rows"": 1, ""rows_matched"": 0, ""confidence"": ""high"", ""result"": ""STRUCTURAL_MATCH_FAILURE"", ""note"": ""this constraint has no unknown left to determine; the region is over-constrained""}",/data/mrumoca/eval/results/powergrids/findings.jsonl
powergrids,historical-static,PowerGrids.Electrical.Test.TestTapChangerLogicInterval,36,UNMATCHED_EQUATION,high,False,hold-needs-source-and-witness-review,"{""equation"": ""?"", ""scalar_rows"": 1, ""rows_matched"": 0, ""confidence"": ""high"", ""result"": ""STRUCTURAL_MATCH_FAILURE"", ""note"": ""this constraint has no unknown left to determine; the region is over-constrained""}",/data/mrumoca/eval/results/powergrids/findings.jsonl
powergrids,historical-static,PowerGrids.Electrical.Test.TestTapChangerLogicInterval,37,UNMATCHED_EQUATION,high,False,hold-needs-source-and-witness-review,"{""equation"": ""?"", ""scalar_rows"": 1, ""rows_matched"": 0, ""confidence"": ""high"", ""result"": ""STRUCTURAL_MATCH_FAILURE"", ""note"": ""this constraint has no unknown left to determine; the region is over-constrained""}",/data/mrumoca/eval/results/powergrids/findings.jsonl
powergrids,historical-static,PowerGrids.Electrical.Test.TestTapChangerLogicInterval,38,UNMATCHED_EQUATION,high,False,hold-needs-source-and-witness-review,"{""equation"": ""?"", ""scalar_rows"": 1, ""rows_matched"": 0, ""confidence"": ""high"", ""result"": ""STRUCTURAL_MATCH_FAILURE"", ""note"": ""this constraint has no unknown left to determine; the region is over-constrained""}",/data/mrumoca/eval/results/powergrids/findings.jsonl
powergrids,historical-static,PowerGrids.Controls.Test.TestLeadMOrderLag,0,divisor-reachable-zero,high,False,hold-needs-source-and-witness-review,"{""denominator"": ""leadLag.leadLag.firstOrder.T"", ""witness"": ""leadLag.leadLag.firstOrder.T = 0"", ""witness_rationale"": ""set to zero"", ""denominator_at_witness"": 0.0, ""denominator_at_declared_values"": 4.0, ""denominator_range"": ""[-inf, inf]"", ""path_condition"": ""always evaluated"", ""verdict"": ""SAT"", ""proof"": ""the division is not inside any branch"", ""constraints"": ""leadLag.leadLag.firstOrder.T: unbounded"", ""note"": ""a permitted assignment drives the complete denominator to zero and the division is still evaluated there""}",/data/mrumoca/eval/results/powergrids/findings.jsonl
powergrids,historical-static,PowerGrids.Controls.Test.TestLeadMOrderLag,1,divisor-reachable-zero,high,False,hold-needs-source-and-witness-review,"{""denominator"": ""mOrderLag.leadLag.firstOrder.T"", ""witness"": ""mOrderLag.leadLag.firstOrder.T = 0"", ""witness_rationale"": ""set to zero"", ""denominator_at_witness"": 0.0, ""denominator_at_declared_values"": 1e-05, ""denominator_range"": ""[-inf, inf]"", ""path_condition"": ""always evaluated"", ""verdict"": ""SAT"", ""proof"": ""the division is not inside any branch"", ""constraints"": ""mOrderLag.leadLag.firstOrder.T: unbounded"", ""note"": ""a permitted assignment drives the complete denominator to zero and the division is still evaluated there""}",/data/mrumoca/eval/results/powergrids/findings.jsonl
powergrids,historical-static,PowerGrids.Controls.Test.TestLeadMOrderLag,2,divisor-reachable-zero,high,False,hold-needs-source-and-witness-review,"{""denominator"": ""mOrderLag.firstOrderCascade[1].firstOrder1.T"", ""witness"": ""mOrderLag.firstOrderCascade[1].firstOrder1.T = 0"", ""witness_rationale"": ""set to zero"", ""denominator_at_witness"": 0.0, ""denominator_at_declared_values"": 0.01, ""denominator_range"": ""[-inf, inf]"", ""path_condition"": ""always evaluated"", ""verdict"": ""SAT"", ""proof"": ""the division is not inside any branch"", ""constraints"": ""mOrderLag.firstOrderCascade[1].firstOrder1.T: unbounded"", ""note"": ""a permitted assignment drives the complete denominator to zero and the division is still evaluated there""}",/data/mrumoca/eval/results/powergrids/findings.jsonl
powergrids,historical-static,PowerGrids.Controls.Test.TestLeadMOrderLag,3,divisor-reachable-zero,high,False,hold-needs-source-and-witness-review,"{""denominator"": ""mOrderLag.firstOrderCascade[2].firstOrder1.T"", ""witness"": ""mOrderLag.firstOrderCascade[2].firstOrder1.T = 0"", ""witness_rationale"": ""set to zero"", ""denominator_at_witness"": 0.0, ""denominator_at_declared_values"": 0.01, ""denominator_range"": ""[-inf, inf]"", ""path_condition"": ""always evaluated"", ""verdict"": ""SAT"", ""proof"": ""the division is not inside any branch"", ""constraints"": ""mOrderLag.firstOrderCascade[2].firstOrder1.T: unbounded"", ""note"": ""a permitted assignment drives the complete denominator to zero and the division is still evaluated there""}",/data/mrumoca/eval/results/powergrids/findings.jsonl
powergrids,historical-static,PowerGrids.Controls.Test.TestLeadMOrderLag,4,divisor-reachable-zero,high,False,hold-needs-source-and-witness-review,"{""denominator"": ""mOrderLag.firstOrderCascade[3].firstOrder1.T"", ""witness"": ""mOrderLag.firstOrderCascade[3].firstOrder1.T = 0"", ""witness_rationale"": ""set to zero"", ""denominator_at_witness"": 0.0, ""denominator_at_declared_values"": 0.01, ""denominator_range"": ""[-inf, inf]"", ""path_condition"": ""always evaluated"", ""verdict"": ""SAT"", ""proof"": ""the division is not inside any branch"", ""constraints"": ""mOrderLag.firstOrderCascade[3].firstOrder1.T: unbounded"", ""note"": ""a permitted assignment drives the complete denominator to zero and the division is still evaluated there""}",/data/mrumoca/eval/results/powergrids/findings.jsonl
powergrids,historical-static,PowerGrids.Controls.Test.TestLeadMOrderLag,5,divisor-reachable-zero,high,False,hold-needs-source-and-witness-review,"{""denominator"": ""mOrderLag.firstOrderCascade[4].firstOrder1.T"", ""witness"": ""mOrderLag.firstOrderCascade[4].firstOrder1.T = 0"", ""witness_rationale"": ""set to zero"", ""denominator_at_witness"": 0.0, ""denominator_at_declared_values"": 0.01, ""denominator_range"": ""[-inf, inf]"", ""path_condition"": ""always evaluated"", ""verdict"": ""SAT"", ""proof"": ""the division is not inside any branch"", ""constraints"": ""mOrderLag.firstOrderCascade[4].firstOrder1.T: unbounded"", ""note"": ""a permitted assignment drives the complete denominator to zero and the division is still evaluated there""}",/data/mrumoca/eval/results/powergrids/findings.jsonl
powergrids,historical-static,PowerGrids.Controls.Test.TestLeadMOrderLag,6,divisor-reachable-zero,high,False,hold-needs-source-and-witness-review,"{""denominator"": ""mOrderLag.firstOrderCascade[5].firstOrder1.T"", ""witness"": ""mOrderLag.firstOrderCascade[5].firstOrder1.T = 0"", ""witness_rationale"": ""set to zero"", ""denominator_at_witness"": 0.0, ""denominator_at_declared_values"": 0.01, ""denominator_range"": ""[-inf, inf]"", ""path_condition"": ""always evaluated"", ""verdict"": ""SAT"", ""proof"": ""the division is not inside any branch"", ""constraints"": ""mOrderLag.firstOrderCascade[5].firstOrder1.T: unbounded"", ""note"": ""a permitted assignment drives the complete denominator to zero and the division is still evaluated there""}",/data/mrumoca/eval/results/powergrids/findings.jsonl
powergrids,historical-static,PowerGrids.Controls.Test.TestLeadMOrderLag,7,divisor-reachable-zero,high,False,hold-needs-source-and-witness-review,"{""denominator"": ""mOrderLag.firstOrderCascade[6].firstOrder1.T"", ""witness"": ""mOrderLag.firstOrderCascade[6].firstOrder1.T = 0"", ""witness_rationale"": ""set to zero"", ""denominator_at_witness"": 0.0, ""denominator_at_declared_values"": 0.01, ""denominator_range"": ""[-inf, inf]"", ""path_condition"": ""always evaluated"", ""verdict"": ""SAT"", ""proof"": ""the division is not inside any branch"", ""constraints"": ""mOrderLag.firstOrderCascade[6].firstOrder1.T: unbounded"", ""note"": ""a permitted assignment drives the complete denominator to zero and the division is still evaluated there""}",/data/mrumoca/eval/results/powergrids/findings.jsonl
powergrids,historical-static,PowerGrids.Controls.Test.TestLeadMOrderLag,8,divisor-reachable-zero,high,False,hold-needs-source-and-witness-review,"{""denominator"": ""mOrderLag.firstOrderCascade[7].firstOrder1.T"", ""witness"": ""mOrderLag.firstOrderCascade[7].firstOrder1.T = 0"", ""witness_rationale"": ""set to zero"", ""denominator_at_witness"": 0.0, ""denominator_at_declared_values"": 0.01, ""denominator_range"": ""[-inf, inf]"", ""path_condition"": ""always evaluated"", ""verdict"": ""SAT"", ""proof"": ""the division is not inside any branch"", ""constraints"": ""mOrderLag.firstOrderCascade[7].firstOrder1.T: unbounded"", ""note"": ""a permitted assignment drives the complete denominator to zero and the division is still evaluated there""}",/data/mrumoca/eval/results/powergrids/findings.jsonl
powergrids,historical-static,PowerGrids.Controls.Test.TestLeadMOrderLag,9,divisor-reachable-zero,high,False,hold-needs-source-and-witness-review,"{""denominator"": ""mOrderLag.firstOrderCascade[8].firstOrder1.T"", ""witness"": ""mOrderLag.firstOrderCascade[8].firstOrder1.T = 0"", ""witness_rationale"": ""set to zero"", ""denominator_at_witness"": 0.0, ""denominator_at_declared_values"": 0.01, ""denominator_range"": ""[-inf, inf]"", ""path_condition"": ""always evaluated"", ""verdict"": ""SAT"", ""proof"": ""the division is not inside any branch"", ""constraints"": ""mOrderLag.firstOrderCascade[8].firstOrder1.T: unbounded"", ""note"": ""a permitted assignment drives the complete denominator to zero and the division is still evaluated there""}",/data/mrumoca/eval/results/powergrids/findings.jsonl
powergrids,historical-static,PowerGrids.Controls.Test.TestLeadMOrderLag,10,divisor-reachable-zero,high,False,hold-needs-source-and-witness-review,"{""denominator"": ""mOrderLag.firstOrderCascade[9].firstOrder1.T"", ""witness"": ""mOrderLag.firstOrderCascade[9].firstOrder1.T = 0"", ""witness_rationale"": ""set to zero"", ""denominator_at_witness"": 0.0, ""denominator_at_declared_values"": 0.01, ""denominator_range"": ""[-inf, inf]"", ""path_condition"": ""always evaluated"", ""verdict"": ""SAT"", ""proof"": ""the division is not inside any branch"", ""constraints"": ""mOrderLag.firstOrderCascade[9].firstOrder1.T: unbounded"", ""note"": ""a permitted assignment drives the complete denominator to zero and the division is still evaluated there""}",/data/mrumoca/eval/results/powergrids/findings.jsonl
powergrids,historical-static,PowerGrids.Controls.Test.TestLeadMOrderLag,11,divisor-reachable-zero,high,False,hold-needs-source-and-witness-review,"{""denominator"": ""mOrderLag.firstOrderCascade[10].firstOrder1.T"", ""witness"": ""mOrderLag.firstOrderCascade[10].firstOrder1.T = 0"", ""witness_rationale"": ""set to zero"", ""denominator_at_witness"": 0.0, ""denominator_at_declared_values"": 0.01, ""denominator_range"": ""[-inf, inf]"", ""path_condition"": ""always evaluated"", ""verdict"": ""SAT"", ""proof"": ""the division is not inside any branch"", ""constraints"": ""mOrderLag.firstOrderCascade[10].firstOrder1.T: unbounded"", ""note"": ""a permitted assignment drives the complete denominator to zero and the division is still evaluated there""}",/data/mrumoca/eval/results/powergrids/findings.jsonl
powergrids,historical-static,PowerGrids.Controls.Test.TestLeadMOrderLag,12,divisor-reachable-zero,high,False,hold-needs-source-and-witness-review,"{""denominator"": ""mOrderLag.firstOrderCascade[11].firstOrder1.T"", ""witness"": ""mOrderLag.firstOrderCascade[11].firstOrder1.T = 0"", ""witness_rationale"": ""set to zero"", ""denominator_at_witness"": 0.0, ""denominator_at_declared_values"": 0.01, ""denominator_range"": ""[-inf, inf]"", ""path_condition"": ""always evaluated"", ""verdict"": ""SAT"", ""proof"": ""the division is not inside any branch"", ""constraints"": ""mOrderLag.firstOrderCascade[11].firstOrder1.T: unbounded"", ""note"": ""a permitted assignment drives the complete denominator to zero and the division is still evaluated there""}",/data/mrumoca/eval/results/powergrids/findings.jsonl
powergrids,historical-static,PowerGrids.Controls.Test.TestLeadMOrderLag,13,divisor-reachable-zero,high,False,hold-needs-source-and-witness-review,"{""denominator"": ""mOrderLag.firstOrderCascade[12].firstOrder1.T"", ""witness"": ""mOrderLag.firstOrderCascade[12].firstOrder1.T = 0"", ""witness_rationale"": ""set to zero"", ""denominator_at_witness"": 0.0, ""denominator_at_declared_values"": 0.01, ""denominator_range"": ""[-inf, inf]"", ""path_condition"": ""always evaluated"", ""verdict"": ""SAT"", ""proof"": ""the division is not inside any branch"", ""constraints"": ""mOrderLag.firstOrderCascade[12].firstOrder1.T: unbounded"", ""note"": ""a permitted assignment drives the complete denominator to zero and the division is still evaluated there""}",/data/mrumoca/eval/results/powergrids/findings.jsonl
powergrids,historical-static,PowerGrids.Controls.Test.TestLeadMOrderLag,14,divisor-reachable-zero,high,False,hold-needs-source-and-witness-review,"{""denominator"": ""mOrderLag.firstOrderCascade[13].firstOrder1.T"", ""witness"": ""mOrderLag.firstOrderCascade[13].firstOrder1.T = 0"", ""witness_rationale"": ""set to zero"", ""denominator_at_witness"": 0.0, ""denominator_at_declared_values"": 0.01, ""denominator_range"": ""[-inf, inf]"", ""path_condition"": ""always evaluated"", ""verdict"": ""SAT"", ""proof"": ""the division is not inside any branch"", ""constraints"": ""mOrderLag.firstOrderCascade[13].firstOrder1.T: unbounded"", ""note"": ""a permitted assignment drives the complete denominator to zero and the division is still evaluated there""}",/data/mrumoca/eval/results/powergrids/findings.jsonl
powergrids,historical-static,PowerGrids.Controls.Test.TestLeadMOrderLag,15,divisor-reachable-zero,high,False,hold-needs-source-and-witness-review,"{""denominator"": ""mOrderLag.firstOrderCascade[14].firstOrder1.T"", ""witness"": ""mOrderLag.firstOrderCascade[14].firstOrder1.T = 0"", ""witness_rationale"": ""set to zero"", ""denominator_at_witness"": 0.0, ""denominator_at_declared_values"": 0.01, ""denominator_range"": ""[-inf, inf]"", ""path_condition"": ""always evaluated"", ""verdict"": ""SAT"", ""proof"": ""the division is not inside any branch"", ""constraints"": ""mOrderLag.firstOrderCascade[14].firstOrder1.T: unbounded"", ""note"": ""a permitted assignment drives the complete denominator to zero and the division is still evaluated there""}",/data/mrumoca/eval/results/powergrids/findings.jsonl
powergrids,historical-static,PowerGrids.Controls.Test.TestLeadMOrderLag,16,divisor-reachable-zero,high,False,hold-needs-source-and-witness-review,"{""denominator"": ""mOrderLag.firstOrderCascade[15].firstOrder1.T"", ""witness"": ""mOrderLag.firstOrderCascade[15].firstOrder1.T = 0"", ""witness_rationale"": ""set to zero"", ""denominator_at_witness"": 0.0, ""denominator_at_declared_values"": 0.01, ""denominator_range"": ""[-inf, inf]"", ""path_condition"": ""always evaluated"", ""verdict"": ""SAT"", ""proof"": ""the division is not inside any branch"", ""constraints"": ""mOrderLag.firstOrderCascade[15].firstOrder1.T: unbounded"", ""note"": ""a permitted assignment drives the complete denominator to zero and the division is still evaluated there""}",/data/mrumoca/eval/results/powergrids/findings.jsonl
powergrids,historical-static,PowerGrids.Controls.Test.TestLeadMOrderLag,17,divisor-reachable-zero,high,False,hold-needs-source-and-witness-review,"{""denominator"": ""mOrderLag.firstOrderCascade[16].firstOrder1.T"", ""witness"": ""mOrderLag.firstOrderCascade[16].firstOrder1.T = 0"", ""witness_rationale"": ""set to zero"", ""denominator_at_witness"": 0.0, ""denominator_at_declared_values"": 0.01, ""denominator_range"": ""[-inf, inf]"", ""path_condition"": ""always evaluated"", ""verdict"": ""SAT"", ""proof"": ""the division is not inside any branch"", ""constraints"": ""mOrderLag.firstOrderCascade[16].firstOrder1.T: unbounded"", ""note"": ""a permitted assignment drives the complete denominator to zero and the division is still evaluated there""}",/data/mrumoca/eval/results/powergrids/findings.jsonl
powergrids,historical-static,PowerGrids.Controls.Test.TestLeadMOrderLag,18,divisor-reachable-zero,high,False,hold-needs-source-and-witness-review,"{""denominator"": ""mOrderLag.firstOrderCascade[17].firstOrder1.T"", ""witness"": ""mOrderLag.firstOrderCascade[17].firstOrder1.T = 0"", ""witness_rationale"": ""set to zero"", ""denominator_at_witness"": 0.0, ""denominator_at_declared_values"": 0.01, ""denominator_range"": ""[-inf, inf]"", ""path_condition"": ""always evaluated"", ""verdict"": ""SAT"", ""proof"": ""the division is not inside any branch"", ""constraints"": ""mOrderLag.firstOrderCascade[17].firstOrder1.T: unbounded"", ""note"": ""a permitted assignment drives the complete denominator to zero and the division is still evaluated there""}",/data/mrumoca/eval/results/powergrids/findings.jsonl
powergrids,historical-static,PowerGrids.Controls.Test.TestLeadMOrderLag,19,divisor-reachable-zero,high,False,hold-needs-source-and-witness-review,"{""denominator"": ""mOrderLag.firstOrderCascade[18].firstOrder1.T"", ""witness"": ""mOrderLag.firstOrderCascade[18].firstOrder1.T = 0"", ""witness_rationale"": ""set to zero"", ""denominator_at_witness"": 0.0, ""denominator_at_declared_values"": 0.01, ""denominator_range"": ""[-inf, inf]"", ""path_condition"": ""always evaluated"", ""verdict"": ""SAT"", ""proof"": ""the division is not inside any branch"", ""constraints"": ""mOrderLag.firstOrderCascade[18].firstOrder1.T: unbounded"", ""note"": ""a permitted assignment drives the complete denominator to zero and the division is still evaluated there""}",/data/mrumoca/eval/results/powergrids/findings.jsonl
powergrids,historical-static,PowerGrids.Controls.Test.TestLeadMOrderLag,20,divisor-reachable-zero,high,False,hold-needs-source-and-witness-review,"{""denominator"": ""mOrderLag.firstOrderCascade[19].firstOrder1.T"", ""witness"": ""mOrderLag.firstOrderCascade[19].firstOrder1.T = 0"", ""witness_rationale"": ""set to zero"", ""denominator_at_witness"": 0.0, ""denominator_at_declared_values"": 0.01, ""denominator_range"": ""[-inf, inf]"", ""path_condition"": ""always evaluated"", ""verdict"": ""SAT"", ""proof"": ""the division is not inside any branch"", ""constraints"": ""mOrderLag.firstOrderCascade[19].firstOrder1.T: unbounded"", ""note"": ""a permitted assignment drives the complete denominator to zero and the division is still evaluated there""}",/data/mrumoca/eval/results/powergrids/findings.jsonl
powergrids,historical-static,PowerGrids.Controls.Test.TestLeadMOrderLag,21,divisor-reachable-zero,high,False,hold-needs-source-and-witness-review,"{""denominator"": ""mOrderLag.firstOrderCascade[20].firstOrder1.T"", ""witness"": ""mOrderLag.firstOrderCascade[20].firstOrder1.T = 0"", ""witness_rationale"": ""set to zero"", ""denominator_at_witness"": 0.0, ""denominator_at_declared_values"": 0.01, ""denominator_range"": ""[-inf, inf]"", ""path_condition"": ""always evaluated"", ""verdict"": ""SAT"", ""proof"": ""the division is not inside any branch"", ""constraints"": ""mOrderLag.firstOrderCascade[20].firstOrder1.T: unbounded"", ""note"": ""a permitted assignment drives the complete denominator to zero and the division is still evaluated there""}",/data/mrumoca/eval/results/powergrids/findings.jsonl
powergrids,historical-static,PowerGrids.Controls.Test.TestLeadMOrderLag,22,divisor-reachable-zero,high,False,hold-needs-source-and-witness-review,"{""denominator"": ""mOrderLag.firstOrderCascade[21].firstOrder1.T"", ""witness"": ""mOrderLag.firstOrderCascade[21].firstOrder1.T = 0"", ""witness_rationale"": ""set to zero"", ""denominator_at_witness"": 0.0, ""denominator_at_declared_values"": 0.01, ""denominator_range"": ""[-inf, inf]"", ""path_condition"": ""always evaluated"", ""verdict"": ""SAT"", ""proof"": ""the division is not inside any branch"", ""constraints"": ""mOrderLag.firstOrderCascade[21].firstOrder1.T: unbounded"", ""note"": ""a permitted assignment drives the complete denominator to zero and the division is still evaluated there""}",/data/mrumoca/eval/results/powergrids/findings.jsonl
powergrids,historical-static,PowerGrids.Controls.Test.TestLeadMOrderLag,23,divisor-reachable-zero,high,False,hold-needs-source-and-witness-review,"{""denominator"": ""mOrderLag.firstOrderCascade[22].firstOrder1.T"", ""witness"": ""mOrderLag.firstOrderCascade[22].firstOrder1.T = 0"", ""witness_rationale"": ""set to zero"", ""denominator_at_witness"": 0.0, ""denominator_at_declared_values"": 0.01, ""denominator_range"": ""[-inf, inf]"", ""path_condition"": ""always evaluated"", ""verdict"": ""SAT"", ""proof"": ""the division is not inside any branch"", ""constraints"": ""mOrderLag.firstOrderCascade[22].firstOrder1.T: unbounded"", ""note"": ""a permitted assignment drives the complete denominator to zero and the division is still evaluated there""}",/data/mrumoca/eval/results/powergrids/findings.jsonl
powergrids,historical-static,PowerGrids.Controls.Test.TestLeadMOrderLag,24,divisor-reachable-zero,high,False,hold-needs-source-and-witness-review,"{""denominator"": ""mOrderLag.firstOrderCascade[23].firstOrder1.T"", ""witness"": ""mOrderLag.firstOrderCascade[23].firstOrder1.T = 0"", ""witness_rationale"": ""set to zero"", ""denominator_at_witness"": 0.0, ""denominator_at_declared_values"": 0.01, ""denominator_range"": ""[-inf, inf]"", ""path_condition"": ""always evaluated"", ""verdict"": ""SAT"", ""proof"": ""the division is not inside any branch"", ""constraints"": ""mOrderLag.firstOrderCascade[23].firstOrder1.T: unbounded"", ""note"": ""a permitted assignment drives the complete denominator to zero and the division is still evaluated there""}",/data/mrumoca/eval/results/powergrids/findings.jsonl
powergrids,historical-static,PowerGrids.Controls.Test.TestLeadMOrderLag,25,divisor-reachable-zero,high,False,hold-needs-source-and-witness-review,"{""denominator"": ""mOrderLag.firstOrderCascade[24].firstOrder1.T"", ""witness"": ""mOrderLag.firstOrderCascade[24].firstOrder1.T = 0"", ""witness_rationale"": ""set to zero"", ""denominator_at_witness"": 0.0, ""denominator_at_declared_values"": 0.01, ""denominator_range"": ""[-inf, inf]"", ""path_condition"": ""always evaluated"", ""verdict"": ""SAT"", ""proof"": ""the division is not inside any branch"", ""constraints"": ""mOrderLag.firstOrderCascade[24].firstOrder1.T: unbounded"", ""note"": ""a permitted assignment drives the complete denominator to zero and the division is still evaluated there""}",/data/mrumoca/eval/results/powergrids/findings.jsonl
powergrids,historical-static,PowerGrids.Controls.Test.TestLeadMOrderLag,26,divisor-reachable-zero,high,False,hold-needs-source-and-witness-review,"{""denominator"": ""mOrderLag.firstOrderCascade[25].firstOrder1.T"", ""witness"": ""mOrderLag.firstOrderCascade[25].firstOrder1.T = 0"", ""witness_rationale"": ""set to zero"", ""denominator_at_witness"": 0.0, ""denominator_at_declared_values"": 0.01, ""denominator_range"": ""[-inf, inf]"", ""path_condition"": ""always evaluated"", ""verdict"": ""SAT"", ""proof"": ""the division is not inside any branch"", ""constraints"": ""mOrderLag.firstOrderCascade[25].firstOrder1.T: unbounded"", ""note"": ""a permitted assignment drives the complete denominator to zero and the division is still evaluated there""}",/data/mrumoca/eval/results/powergrids/findings.jsonl
powergrids,historical-static,PowerGrids.Controls.Test.TestLeadMOrderLag,27,divisor-reachable-zero,high,False,hold-needs-source-and-witness-review,"{""denominator"": ""mOrderLag.firstOrderCascade[26].firstOrder1.T"", ""witness"": ""mOrderLag.firstOrderCascade[26].firstOrder1.T = 0"", ""witness_rationale"": ""set to zero"", ""denominator_at_witness"": 0.0, ""denominator_at_declared_values"": 0.01, ""denominator_range"": ""[-inf, inf]"", ""path_condition"": ""always evaluated"", ""verdict"": ""SAT"", ""proof"": ""the division is not inside any branch"", ""constraints"": ""mOrderLag.firstOrderCascade[26].firstOrder1.T: unbounded"", ""note"": ""a permitted assignment drives the complete denominator to zero and the division is still evaluated there""}",/data/mrumoca/eval/results/powergrids/findings.jsonl
powergrids,historical-static,PowerGrids.Controls.Test.TestLeadMOrderLag,28,divisor-reachable-zero,high,False,hold-needs-source-and-witness-review,"{""denominator"": ""mOrderLag.firstOrderCascade[27].firstOrder1.T"", ""witness"": ""mOrderLag.firstOrderCascade[27].firstOrder1.T = 0"", ""witness_rationale"": ""set to zero"", ""denominator_at_witness"": 0.0, ""denominator_at_declared_values"": 0.01, ""denominator_range"": ""[-inf, inf]"", ""path_condition"": ""always evaluated"", ""verdict"": ""SAT"", ""proof"": ""the division is not inside any branch"", ""constraints"": ""mOrderLag.firstOrderCascade[27].firstOrder1.T: unbounded"", ""note"": ""a permitted assignment drives the complete denominator to zero and the division is still evaluated there""}",/data/mrumoca/eval/results/powergrids/findings.jsonl
powergrids,historical-static,PowerGrids.Controls.Test.TestLeadMOrderLag,29,divisor-reachable-zero,high,False,hold-needs-source-and-witness-review,"{""denominator"": ""mOrderLag.firstOrderCascade[28].firstOrder1.T"", ""witness"": ""mOrderLag.firstOrderCascade[28].firstOrder1.T = 0"", ""witness_rationale"": ""set to zero"", ""denominator_at_witness"": 0.0, ""denominator_at_declared_values"": 0.01, ""denominator_range"": ""[-inf, inf]"", ""path_condition"": ""always evaluated"", ""verdict"": ""SAT"", ""proof"": ""the division is not inside any branch"", ""constraints"": ""mOrderLag.firstOrderCascade[28].firstOrder1.T: unbounded"", ""note"": ""a permitted assignment drives the complete denominator to zero and the division is still evaluated there""}",/data/mrumoca/eval/results/powergrids/findings.jsonl
powergrids,historical-static,PowerGrids.Controls.Test.TestLeadMOrderLag,30,divisor-reachable-zero,high,False,hold-needs-source-and-witness-review,"{""denominator"": ""mOrderLag.firstOrderCascade[29].firstOrder1.T"", ""witness"": ""mOrderLag.firstOrderCascade[29].firstOrder1.T = 0"", ""witness_rationale"": ""set to zero"", ""denominator_at_witness"": 0.0, ""denominator_at_declared_values"": 0.01, ""denominator_range"": ""[-inf, inf]"", ""path_condition"": ""always evaluated"", ""verdict"": ""SAT"", ""proof"": ""the division is not inside any branch"", ""constraints"": ""mOrderLag.firstOrderCascade[29].firstOrder1.T: unbounded"", ""note"": ""a permitted assignment drives the complete denominator to zero and the division is still evaluated there""}",/data/mrumoca/eval/results/powergrids/findings.jsonl
powergrids,historical-static,PowerGrids.Controls.Test.TestLeadMOrderLag,31,divisor-reachable-zero,high,False,hold-needs-source-and-witness-review,"{""denominator"": ""mOrderLag.firstOrderCascade[30].firstOrder1.T"", ""witness"": ""mOrderLag.firstOrderCascade[30].firstOrder1.T = 0"", ""witness_rationale"": ""set to zero"", ""denominator_at_witness"": 0.0, ""denominator_at_declared_values"": 0.01, ""denominator_range"": ""[-inf, inf]"", ""path_condition"": ""always evaluated"", ""verdict"": ""SAT"", ""proof"": ""the division is not inside any branch"", ""constraints"": ""mOrderLag.firstOrderCascade[30].firstOrder1.T: unbounded"", ""note"": ""a permitted assignment drives the complete denominator to zero and the division is still evaluated there""}",/data/mrumoca/eval/results/powergrids/findings.jsonl
powergrids,historical-static,PowerGrids.Controls.Test.TestLeadMOrderLag,32,divisor-reachable-zero,high,False,hold-needs-source-and-witness-review,"{""denominator"": ""mOrderLag.firstOrderCascade[31].firstOrder1.T"", ""witness"": ""mOrderLag.firstOrderCascade[31].firstOrder1.T = 0"", ""witness_rationale"": ""set to zero"", ""denominator_at_witness"": 0.0, ""denominator_at_declared_values"": 0.01, ""denominator_range"": ""[-inf, inf]"", ""path_condition"": ""always evaluated"", ""verdict"": ""SAT"", ""proof"": ""the division is not inside any branch"", ""constraints"": ""mOrderLag.firstOrderCascade[31].firstOrder1.T: unbounded"", ""note"": ""a permitted assignment drives the complete denominator to zero and the division is still evaluated there""}",/data/mrumoca/eval/results/powergrids/findings.jsonl
powergrids,historical-static,PowerGrids.Controls.Test.TestLeadMOrderLag,33,divisor-reachable-zero,high,False,hold-needs-source-and-witness-review,"{""denominator"": ""mOrderLag.firstOrderCascade[32].firstOrder1.T"", ""witness"": ""mOrderLag.firstOrderCascade[32].firstOrder1.T = 0"", ""witness_rationale"": ""set to zero"", ""denominator_at_witness"": 0.0, ""denominator_at_declared_values"": 0.01, ""denominator_range"": ""[-inf, inf]"", ""path_condition"": ""always evaluated"", ""verdict"": ""SAT"", ""proof"": ""the division is not inside any branch"", ""constraints"": ""mOrderLag.firstOrderCascade[32].firstOrder1.T: unbounded"", ""note"": ""a permitted assignment drives the complete denominator to zero and the division is still evaluated there""}",/data/mrumoca/eval/results/powergrids/findings.jsonl
powergrids,historical-static,PowerGrids.Controls.Test.TestLeadMOrderLag,34,divisor-reachable-zero,high,False,hold-needs-source-and-witness-review,"{""denominator"": ""mOrderLag.firstOrderCascade[33].firstOrder1.T"", ""witness"": ""mOrderLag.firstOrderCascade[33].firstOrder1.T = 0"", ""witness_rationale"": ""set to zero"", ""denominator_at_witness"": 0.0, ""denominator_at_declared_values"": 0.01, ""denominator_range"": ""[-inf, inf]"", ""path_condition"": ""always evaluated"", ""verdict"": ""SAT"", ""proof"": ""the division is not inside any branch"", ""constraints"": ""mOrderLag.firstOrderCascade[33].firstOrder1.T: unbounded"", ""note"": ""a permitted assignment drives the complete denominator to zero and the division is still evaluated there""}",/data/mrumoca/eval/results/powergrids/findings.jsonl
powergrids,historical-static,PowerGrids.Controls.Test.TestLeadMOrderLag,35,divisor-reachable-zero,high,False,hold-needs-source-and-witness-review,"{""denominator"": ""mOrderLag.firstOrderCascade[34].firstOrder1.T"", ""witness"": ""mOrderLag.firstOrderCascade[34].firstOrder1.T = 0"", ""witness_rationale"": ""set to zero"", ""denominator_at_witness"": 0.0, ""denominator_at_declared_values"": 0.01, ""denominator_range"": ""[-inf, inf]"", ""path_condition"": ""always evaluated"", ""verdict"": ""SAT"", ""proof"": ""the division is not inside any branch"", ""constraints"": ""mOrderLag.firstOrderCascade[34].firstOrder1.T: unbounded"", ""note"": ""a permitted assignment drives the complete denominator to zero and the division is still evaluated there""}",/data/mrumoca/eval/results/powergrids/findings.jsonl
powergrids,historical-static,PowerGrids.Controls.Test.TestLeadMOrderLag,36,divisor-reachable-zero,high,False,hold-needs-source-and-witness-review,"{""denominator"": ""mOrderLag.firstOrderCascade[35].firstOrder1.T"", ""witness"": ""mOrderLag.firstOrderCascade[35].firstOrder1.T = 0"", ""witness_rationale"": ""set to zero"", ""denominator_at_witness"": 0.0, ""denominator_at_declared_values"": 0.01, ""denominator_range"": ""[-inf, inf]"", ""path_condition"": ""always evaluated"", ""verdict"": ""SAT"", ""proof"": ""the division is not inside any branch"", ""constraints"": ""mOrderLag.firstOrderCascade[35].firstOrder1.T: unbounded"", ""note"": ""a permitted assignment drives the complete denominator to zero and the division is still evaluated there""}",/data/mrumoca/eval/results/powergrids/findings.jsonl
powergrids,historical-static,PowerGrids.Controls.Test.TestLeadMOrderLag,37,divisor-reachable-zero,high,False,hold-needs-source-and-witness-review,"{""denominator"": ""mOrderLag.firstOrderCascade[36].firstOrder1.T"", ""witness"": ""mOrderLag.firstOrderCascade[36].firstOrder1.T = 0"", ""witness_rationale"": ""set to zero"", ""denominator_at_witness"": 0.0, ""denominator_at_declared_values"": 0.01, ""denominator_range"": ""[-inf, inf]"", ""path_condition"": ""always evaluated"", ""verdict"": ""SAT"", ""proof"": ""the division is not inside any branch"", ""constraints"": ""mOrderLag.firstOrderCascade[36].firstOrder1.T: unbounded"", ""note"": ""a permitted assignment drives the complete denominator to zero and the division is still evaluated there""}",/data/mrumoca/eval/results/powergrids/findings.jsonl
powergrids,historical-static,PowerGrids.Controls.Test.TestLeadMOrderLag,38,divisor-reachable-zero,high,False,hold-needs-source-and-witness-review,"{""denominator"": ""mOrderLag.firstOrderCascade[37].firstOrder1.T"", ""witness"": ""mOrderLag.firstOrderCascade[37].firstOrder1.T = 0"", ""witness_rationale"": ""set to zero"", ""denominator_at_witness"": 0.0, ""denominator_at_declared_values"": 0.01, ""denominator_range"": ""[-inf, inf]"", ""path_condition"": ""always evaluated"", ""verdict"": ""SAT"", ""proof"": ""the division is not inside any branch"", ""constraints"": ""mOrderLag.firstOrderCascade[37].firstOrder1.T: unbounded"", ""note"": ""a permitted assignment drives the complete denominator to zero and the division is still evaluated there""}",/data/mrumoca/eval/results/powergrids/findings.jsonl
powergrids,historical-static,PowerGrids.Controls.Test.TestLeadMOrderLag,39,divisor-reachable-zero,high,False,hold-needs-source-and-witness-review,"{""denominator"": ""mOrderLag.firstOrderCascade[38].firstOrder1.T"", ""witness"": ""mOrderLag.firstOrderCascade[38].firstOrder1.T = 0"", ""witness_rationale"": ""set to zero"", ""denominator_at_witness"": 0.0, ""denominator_at_declared_values"": 0.01, ""denominator_range"": ""[-inf, inf]"", ""path_condition"": ""always evaluated"", ""verdict"": ""SAT"", ""proof"": ""the division is not inside any branch"", ""constraints"": ""mOrderLag.firstOrderCascade[38].firstOrder1.T: unbounded"", ""note"": ""a permitted assignment drives the complete denominator to zero and the division is still evaluated there""}",/data/mrumoca/eval/results/powergrids/findings.jsonl
powergrids,historical-static,PowerGrids.Controls.Test.TestLeadMOrderLag,40,divisor-reachable-zero,high,False,hold-needs-source-and-witness-review,"{""denominator"": ""mOrderLag.firstOrderCascade[39].firstOrder1.T"", ""witness"": ""mOrderLag.firstOrderCascade[39].firstOrder1.T = 0"", ""witness_rationale"": ""set to zero"", ""denominator_at_witness"": 0.0, ""denominator_at_declared_values"": 0.01, ""denominator_range"": ""[-inf, inf]"", ""path_condition"": ""always evaluated"", ""verdict"": ""SAT"", ""proof"": ""the division is not inside any branch"", ""constraints"": ""mOrderLag.firstOrderCascade[39].firstOrder1.T: unbounded"", ""note"": ""a permitted assignment drives the complete denominator to zero and the division is still evaluated there""}",/data/mrumoca/eval/results/powergrids/findings.jsonl
powergrids,historical-static,PowerGrids.Controls.Test.TestLeadMOrderLag,41,divisor-reachable-zero,high,False,hold-needs-source-and-witness-review,"{""denominator"": ""mOrderLag.firstOrderCascade[40].firstOrder1.T"", ""witness"": ""mOrderLag.firstOrderCascade[40].firstOrder1.T = 0"", ""witness_rationale"": ""set to zero"", ""denominator_at_witness"": 0.0, ""denominator_at_declared_values"": 0.01, ""denominator_range"": ""[-inf, inf]"", ""path_condition"": ""always evaluated"", ""verdict"": ""SAT"", ""proof"": ""the division is not inside any branch"", ""constraints"": ""mOrderLag.firstOrderCascade[40].firstOrder1.T: unbounded"", ""note"": ""a permitted assignment drives the complete denominator to zero and the division is still evaluated there""}",/data/mrumoca/eval/results/powergrids/findings.jsonl
powergrids,historical-static,PowerGrids.Controls.Test.TestLeadMOrderLag,42,divisor-reachable-zero,high,False,hold-needs-source-and-witness-review,"{""denominator"": ""mOrderLag.firstOrderCascade[41].firstOrder1.T"", ""witness"": ""mOrderLag.firstOrderCascade[41].firstOrder1.T = 0"", ""witness_rationale"": ""set to zero"", ""denominator_at_witness"": 0.0, ""denominator_at_declared_values"": 0.01, ""denominator_range"": ""[-inf, inf]"", ""path_condition"": ""always evaluated"", ""verdict"": ""SAT"", ""proof"": ""the division is not inside any branch"", ""constraints"": ""mOrderLag.firstOrderCascade[41].firstOrder1.T: unbounded"", ""note"": ""a permitted assignment drives the complete denominator to zero and the division is still evaluated there""}",/data/mrumoca/eval/results/powergrids/findings.jsonl
powergrids,historical-static,PowerGrids.Controls.Test.TestLeadMOrderLag,43,divisor-reachable-zero,high,False,hold-needs-source-and-witness-review,"{""denominator"": ""mOrderLag.firstOrderCascade[42].firstOrder1.T"", ""witness"": ""mOrderLag.firstOrderCascade[42].firstOrder1.T = 0"", ""witness_rationale"": ""set to zero"", ""denominator_at_witness"": 0.0, ""denominator_at_declared_values"": 0.01, ""denominator_range"": ""[-inf, inf]"", ""path_condition"": ""always evaluated"", ""verdict"": ""SAT"", ""proof"": ""the division is not inside any branch"", ""constraints"": ""mOrderLag.firstOrderCascade[42].firstOrder1.T: unbounded"", ""note"": ""a permitted assignment drives the complete denominator to zero and the division is still evaluated there""}",/data/mrumoca/eval/results/powergrids/findings.jsonl
powergrids,historical-static,PowerGrids.Controls.Test.TestLeadMOrderLag,44,divisor-reachable-zero,high,False,hold-needs-source-and-witness-review,"{""denominator"": ""mOrderLag.firstOrderCascade[43].firstOrder1.T"", ""witness"": ""mOrderLag.firstOrderCascade[43].firstOrder1.T = 0"", ""witness_rationale"": ""set to zero"", ""denominator_at_witness"": 0.0, ""denominator_at_declared_values"": 0.01, ""denominator_range"": ""[-inf, inf]"", ""path_condition"": ""always evaluated"", ""verdict"": ""SAT"", ""proof"": ""the division is not inside any branch"", ""constraints"": ""mOrderLag.firstOrderCascade[43].firstOrder1.T: unbounded"", ""note"": ""a permitted assignment drives the complete denominator to zero and the division is still evaluated there""}",/data/mrumoca/eval/results/powergrids/findings.jsonl
powergrids,historical-static,PowerGrids.Controls.Test.TestLeadMOrderLag,45,divisor-reachable-zero,high,False,hold-needs-source-and-witness-review,"{""denominator"": ""mOrderLag.firstOrderCascade[44].firstOrder1.T"", ""witness"": ""mOrderLag.firstOrderCascade[44].firstOrder1.T = 0"", ""witness_rationale"": ""set to zero"", ""denominator_at_witness"": 0.0, ""denominator_at_declared_values"": 0.01, ""denominator_range"": ""[-inf, inf]"", ""path_condition"": ""always evaluated"", ""verdict"": ""SAT"", ""proof"": ""the division is not inside any branch"", ""constraints"": ""mOrderLag.firstOrderCascade[44].firstOrder1.T: unbounded"", ""note"": ""a permitted assignment drives the complete denominator to zero and the division is still evaluated there""}",/data/mrumoca/eval/results/powergrids/findings.jsonl
powergrids,historical-static,PowerGrids.Controls.Test.TestLeadMOrderLag,46,divisor-reachable-zero,high,False,hold-needs-source-and-witness-review,"{""denominator"": ""mOrderLag.firstOrderCascade[45].firstOrder1.T"", ""witness"": ""mOrderLag.firstOrderCascade[45].firstOrder1.T = 0"", ""witness_rationale"": ""set to zero"", ""denominator_at_witness"": 0.0, ""denominator_at_declared_values"": 0.01, ""denominator_range"": ""[-inf, inf]"", ""path_condition"": ""always evaluated"", ""verdict"": ""SAT"", ""proof"": ""the division is not inside any branch"", ""constraints"": ""mOrderLag.firstOrderCascade[45].firstOrder1.T: unbounded"", ""note"": ""a permitted assignment drives the complete denominator to zero and the division is still evaluated there""}",/data/mrumoca/eval/results/powergrids/findings.jsonl
powergrids,historical-static,PowerGrids.Controls.Test.TestLeadMOrderLag,47,divisor-reachable-zero,high,False,hold-needs-source-and-witness-review,"{""denominator"": ""mOrderLag.firstOrderCascade[46].firstOrder1.T"", ""witness"": ""mOrderLag.firstOrderCascade[46].firstOrder1.T = 0"", ""witness_rationale"": ""set to zero"", ""denominator_at_witness"": 0.0, ""denominator_at_declared_values"": 0.01, ""denominator_range"": ""[-inf, inf]"", ""path_condition"": ""always evaluated"", ""verdict"": ""SAT"", ""proof"": ""the division is not inside any branch"", ""constraints"": ""mOrderLag.firstOrderCascade[46].firstOrder1.T: unbounded"", ""note"": ""a permitted assignment drives the complete denominator to zero and the division is still evaluated there""}",/data/mrumoca/eval/results/powergrids/findings.jsonl
powergrids,historical-static,PowerGrids.Controls.Test.TestLeadMOrderLag,48,divisor-reachable-zero,high,False,hold-needs-source-and-witness-review,"{""denominator"": ""mOrderLag.firstOrderCascade[47].firstOrder1.T"", ""witness"": ""mOrderLag.firstOrderCascade[47].firstOrder1.T = 0"", ""witness_rationale"": ""set to zero"", ""denominator_at_witness"": 0.0, ""denominator_at_declared_values"": 0.01, ""denominator_range"": ""[-inf, inf]"", ""path_condition"": ""always evaluated"", ""verdict"": ""SAT"", ""proof"": ""the division is not inside any branch"", ""constraints"": ""mOrderLag.firstOrderCascade[47].firstOrder1.T: unbounded"", ""note"": ""a permitted assignment drives the complete denominator to zero and the division is still evaluated there""}",/data/mrumoca/eval/results/powergrids/findings.jsonl
powergrids,historical-static,PowerGrids.Controls.Test.TestLeadMOrderLag,49,divisor-reachable-zero,high,False,hold-needs-source-and-witness-review,"{""denominator"": ""mOrderLag.firstOrderCascade[48].firstOrder1.T"", ""witness"": ""mOrderLag.firstOrderCascade[48].firstOrder1.T = 0"", ""witness_rationale"": ""set to zero"", ""denominator_at_witness"": 0.0, ""denominator_at_declared_values"": 0.01, ""denominator_range"": ""[-inf, inf]"", ""path_condition"": ""always evaluated"", ""verdict"": ""SAT"", ""proof"": ""the division is not inside any branch"", ""constraints"": ""mOrderLag.firstOrderCascade[48].firstOrder1.T: unbounded"", ""note"": ""a permitted assignment drives the complete denominator to zero and the division is still evaluated there""}",/data/mrumoca/eval/results/powergrids/findings.jsonl
powergrids,historical-static,PowerGrids.Controls.Test.TestLeadMOrderLag,50,divisor-reachable-zero,high,False,hold-needs-source-and-witness-review,"{""denominator"": ""mOrderLag.firstOrderCascade[49].firstOrder1.T"", ""witness"": ""mOrderLag.firstOrderCascade[49].firstOrder1.T = 0"", ""witness_rationale"": ""set to zero"", ""denominator_at_witness"": 0.0, ""denominator_at_declared_values"": 0.01, ""denominator_range"": ""[-inf, inf]"", ""path_condition"": ""always evaluated"", ""verdict"": ""SAT"", ""proof"": ""the division is not inside any branch"", ""constraints"": ""mOrderLag.firstOrderCascade[49].firstOrder1.T: unbounded"", ""note"": ""a permitted assignment drives the complete denominator to zero and the division is still evaluated there""}",/data/mrumoca/eval/results/powergrids/findings.jsonl
powergrids,historical-static,PowerGrids.Controls.Test.TestLeadMOrderLag,51,divisor-reachable-zero,high,False,hold-needs-source-and-witness-review,"{""denominator"": ""mOrderLag.firstOrderCascade[50].firstOrder1.T"", ""witness"": ""mOrderLag.firstOrderCascade[50].firstOrder1.T = 0"", ""witness_rationale"": ""set to zero"", ""denominator_at_witness"": 0.0, ""denominator_at_declared_values"": 0.01, ""denominator_range"": ""[-inf, inf]"", ""path_condition"": ""always evaluated"", ""verdict"": ""SAT"", ""proof"": ""the division is not inside any branch"", ""constraints"": ""mOrderLag.firstOrderCascade[50].firstOrder1.T: unbounded"", ""note"": ""a permitted assignment drives the complete denominator to zero and the division is still evaluated there""}",/data/mrumoca/eval/results/powergrids/findings.jsonl
powergrids,historical-static,PowerGrids.Controls.Test.TestLeadMOrderLag,52,divisor-reachable-zero,high,False,hold-needs-source-and-witness-review,"{""denominator"": ""mOrderLag.firstOrderCascade[51].firstOrder1.T"", ""witness"": ""mOrderLag.firstOrderCascade[51].firstOrder1.T = 0"", ""witness_rationale"": ""set to zero"", ""denominator_at_witness"": 0.0, ""denominator_at_declared_values"": 0.01, ""denominator_range"": ""[-inf, inf]"", ""path_condition"": ""always evaluated"", ""verdict"": ""SAT"", ""proof"": ""the division is not inside any branch"", ""constraints"": ""mOrderLag.firstOrderCascade[51].firstOrder1.T: unbounded"", ""note"": ""a permitted assignment drives the complete denominator to zero and the division is still evaluated there""}",/data/mrumoca/eval/results/powergrids/findings.jsonl
powergrids,historical-static,PowerGrids.Controls.Test.TestLeadMOrderLag,53,divisor-reachable-zero,high,False,hold-needs-source-and-witness-review,"{""denominator"": ""mOrderLag.firstOrderCascade[52].firstOrder1.T"", ""witness"": ""mOrderLag.firstOrderCascade[52].firstOrder1.T = 0"", ""witness_rationale"": ""set to zero"", ""denominator_at_witness"": 0.0, ""denominator_at_declared_values"": 0.01, ""denominator_range"": ""[-inf, inf]"", ""path_condition"": ""always evaluated"", ""verdict"": ""SAT"", ""proof"": ""the division is not inside any branch"", ""constraints"": ""mOrderLag.firstOrderCascade[52].firstOrder1.T: unbounded"", ""note"": ""a permitted assignment drives the complete denominator to zero and the division is still evaluated there""}",/data/mrumoca/eval/results/powergrids/findings.jsonl
powergrids,historical-static,PowerGrids.Controls.Test.TestLeadMOrderLag,54,divisor-reachable-zero,high,False,hold-needs-source-and-witness-review,"{""denominator"": ""mOrderLag.firstOrderCascade[53].firstOrder1.T"", ""witness"": ""mOrderLag.firstOrderCascade[53].firstOrder1.T = 0"", ""witness_rationale"": ""set to zero"", ""denominator_at_witness"": 0.0, ""denominator_at_declared_values"": 0.01, ""denominator_range"": ""[-inf, inf]"", ""path_condition"": ""always evaluated"", ""verdict"": ""SAT"", ""proof"": ""the division is not inside any branch"", ""constraints"": ""mOrderLag.firstOrderCascade[53].firstOrder1.T: unbounded"", ""note"": ""a permitted assignment drives the complete denominator to zero and the division is still evaluated there""}",/data/mrumoca/eval/results/powergrids/findings.jsonl
powergrids,historical-static,PowerGrids.Controls.Test.TestLeadMOrderLag,55,divisor-reachable-zero,high,False,hold-needs-source-and-witness-review,"{""denominator"": ""mOrderLag.firstOrderCascade[54].firstOrder1.T"", ""witness"": ""mOrderLag.firstOrderCascade[54].firstOrder1.T = 0"", ""witness_rationale"": ""set to zero"", ""denominator_at_witness"": 0.0, ""denominator_at_declared_values"": 0.01, ""denominator_range"": ""[-inf, inf]"", ""path_condition"": ""always evaluated"", ""verdict"": ""SAT"", ""proof"": ""the division is not inside any branch"", ""constraints"": ""mOrderLag.firstOrderCascade[54].firstOrder1.T: unbounded"", ""note"": ""a permitted assignment drives the complete denominator to zero and the division is still evaluated there""}",/data/mrumoca/eval/results/powergrids/findings.jsonl
powergrids,historical-static,PowerGrids.Controls.Test.TestLeadMOrderLag,56,divisor-reachable-zero,high,False,hold-needs-source-and-witness-review,"{""denominator"": ""mOrderLag.firstOrderCascade[55].firstOrder1.T"", ""witness"": ""mOrderLag.firstOrderCascade[55].firstOrder1.T = 0"", ""witness_rationale"": ""set to zero"", ""denominator_at_witness"": 0.0, ""denominator_at_declared_values"": 0.01, ""denominator_range"": ""[-inf, inf]"", ""path_condition"": ""always evaluated"", ""verdict"": ""SAT"", ""proof"": ""the division is not inside any branch"", ""constraints"": ""mOrderLag.firstOrderCascade[55].firstOrder1.T: unbounded"", ""note"": ""a permitted assignment drives the complete denominator to zero and the division is still evaluated there""}",/data/mrumoca/eval/results/powergrids/findings.jsonl
powergrids,historical-static,PowerGrids.Controls.Test.TestLeadMOrderLag,57,divisor-reachable-zero,high,False,hold-needs-source-and-witness-review,"{""denominator"": ""mOrderLag.firstOrderCascade[56].firstOrder1.T"", ""witness"": ""mOrderLag.firstOrderCascade[56].firstOrder1.T = 0"", ""witness_rationale"": ""set to zero"", ""denominator_at_witness"": 0.0, ""denominator_at_declared_values"": 0.01, ""denominator_range"": ""[-inf, inf]"", ""path_condition"": ""always evaluated"", ""verdict"": ""SAT"", ""proof"": ""the division is not inside any branch"", ""constraints"": ""mOrderLag.firstOrderCascade[56].firstOrder1.T: unbounded"", ""note"": ""a permitted assignment drives the complete denominator to zero and the division is still evaluated there""}",/data/mrumoca/eval/results/powergrids/findings.jsonl
powergrids,historical-static,PowerGrids.Controls.Test.TestLeadMOrderLag,58,divisor-reachable-zero,high,False,hold-needs-source-and-witness-review,"{""denominator"": ""mOrderLag.firstOrderCascade[57].firstOrder1.T"", ""witness"": ""mOrderLag.firstOrderCascade[57].firstOrder1.T = 0"", ""witness_rationale"": ""set to zero"", ""denominator_at_witness"": 0.0, ""denominator_at_declared_values"": 0.01, ""denominator_range"": ""[-inf, inf]"", ""path_condition"": ""always evaluated"", ""verdict"": ""SAT"", ""proof"": ""the division is not inside any branch"", ""constraints"": ""mOrderLag.firstOrderCascade[57].firstOrder1.T: unbounded"", ""note"": ""a permitted assignment drives the complete denominator to zero and the division is still evaluated there""}",/data/mrumoca/eval/results/powergrids/findings.jsonl
powergrids,historical-static,PowerGrids.Controls.Test.TestLeadMOrderLag,59,divisor-reachable-zero,high,False,hold-needs-source-and-witness-review,"{""denominator"": ""mOrderLag.firstOrderCascade[58].firstOrder1.T"", ""witness"": ""mOrderLag.firstOrderCascade[58].firstOrder1.T = 0"", ""witness_rationale"": ""set to zero"", ""denominator_at_witness"": 0.0, ""denominator_at_declared_values"": 0.01, ""denominator_range"": ""[-inf, inf]"", ""path_condition"": ""always evaluated"", ""verdict"": ""SAT"", ""proof"": ""the division is not inside any branch"", ""constraints"": ""mOrderLag.firstOrderCascade[58].firstOrder1.T: unbounded"", ""note"": ""a permitted assignment drives the complete denominator to zero and the division is still evaluated there""}",/data/mrumoca/eval/results/powergrids/findings.jsonl
powergrids,historical-static,PowerGrids.Controls.Test.TestLeadMOrderLag,60,divisor-reachable-zero,high,False,hold-needs-source-and-witness-review,"{""denominator"": ""mOrderLag.firstOrderCascade[59].firstOrder1.T"", ""witness"": ""mOrderLag.firstOrderCascade[59].firstOrder1.T = 0"", ""witness_rationale"": ""set to zero"", ""denominator_at_witness"": 0.0, ""denominator_at_declared_values"": 0.01, ""denominator_range"": ""[-inf, inf]"", ""path_condition"": ""always evaluated"", ""verdict"": ""SAT"", ""proof"": ""the division is not inside any branch"", ""constraints"": ""mOrderLag.firstOrderCascade[59].firstOrder1.T: unbounded"", ""note"": ""a permitted assignment drives the complete denominator to zero and the division is still evaluated there""}",/data/mrumoca/eval/results/powergrids/findings.jsonl
powergrids,historical-static,PowerGrids.Controls.Test.TestLeadMOrderLag,61,divisor-reachable-zero,high,False,hold-needs-source-and-witness-review,"{""denominator"": ""mOrderLag.firstOrderCascade[60].firstOrder1.T"", ""witness"": ""mOrderLag.firstOrderCascade[60].firstOrder1.T = 0"", ""witness_rationale"": ""set to zero"", ""denominator_at_witness"": 0.0, ""denominator_at_declared_values"": 0.01, ""denominator_range"": ""[-inf, inf]"", ""path_condition"": ""always evaluated"", ""verdict"": ""SAT"", ""proof"": ""the division is not inside any branch"", ""constraints"": ""mOrderLag.firstOrderCascade[60].firstOrder1.T: unbounded"", ""note"": ""a permitted assignment drives the complete denominator to zero and the division is still evaluated there""}",/data/mrumoca/eval/results/powergrids/findings.jsonl
powergrids,historical-static,PowerGrids.Controls.Test.TestLeadMOrderLag,62,divisor-reachable-zero,high,False,hold-needs-source-and-witness-review,"{""denominator"": ""mOrderLag.firstOrderCascade[61].firstOrder1.T"", ""witness"": ""mOrderLag.firstOrderCascade[61].firstOrder1.T = 0"", ""witness_rationale"": ""set to zero"", ""denominator_at_witness"": 0.0, ""denominator_at_declared_values"": 0.01, ""denominator_range"": ""[-inf, inf]"", ""path_condition"": ""always evaluated"", ""verdict"": ""SAT"", ""proof"": ""the division is not inside any branch"", ""constraints"": ""mOrderLag.firstOrderCascade[61].firstOrder1.T: unbounded"", ""note"": ""a permitted assignment drives the complete denominator to zero and the division is still evaluated there""}",/data/mrumoca/eval/results/powergrids/findings.jsonl
powergrids,historical-static,PowerGrids.Controls.Test.TestLeadMOrderLag,63,divisor-reachable-zero,high,False,hold-needs-source-and-witness-review,"{""denominator"": ""mOrderLag.firstOrderCascade[62].firstOrder1.T"", ""witness"": ""mOrderLag.firstOrderCascade[62].firstOrder1.T = 0"", ""witness_rationale"": ""set to zero"", ""denominator_at_witness"": 0.0, ""denominator_at_declared_values"": 0.01, ""denominator_range"": ""[-inf, inf]"", ""path_condition"": ""always evaluated"", ""verdict"": ""SAT"", ""proof"": ""the division is not inside any branch"", ""constraints"": ""mOrderLag.firstOrderCascade[62].firstOrder1.T: unbounded"", ""note"": ""a permitted assignment drives the complete denominator to zero and the division is still evaluated there""}",/data/mrumoca/eval/results/powergrids/findings.jsonl
powergrids,historical-static,PowerGrids.Controls.Test.TestLeadMOrderLag,64,divisor-reachable-zero,high,False,hold-needs-source-and-witness-review,"{""denominator"": ""mOrderLag.firstOrderCascade[63].firstOrder1.T"", ""witness"": ""mOrderLag.firstOrderCascade[63].firstOrder1.T = 0"", ""witness_rationale"": ""set to zero"", ""denominator_at_witness"": 0.0, ""denominator_at_declared_values"": 0.01, ""denominator_range"": ""[-inf, inf]"", ""path_condition"": ""always evaluated"", ""verdict"": ""SAT"", ""proof"": ""the division is not inside any branch"", ""constraints"": ""mOrderLag.firstOrderCascade[63].firstOrder1.T: unbounded"", ""note"": ""a permitted assignment drives the complete denominator to zero and the division is still evaluated there""}",/data/mrumoca/eval/results/powergrids/findings.jsonl
powergrids,historical-static,PowerGrids.Controls.Test.TestLeadMOrderLag,65,divisor-reachable-zero,high,False,hold-needs-source-and-witness-review,"{""denominator"": ""mOrderLag.firstOrderCascade[64].firstOrder1.T"", ""witness"": ""mOrderLag.firstOrderCascade[64].firstOrder1.T = 0"", ""witness_rationale"": ""set to zero"", ""denominator_at_witness"": 0.0, ""denominator_at_declared_values"": 0.01, ""denominator_range"": ""[-inf, inf]"", ""path_condition"": ""always evaluated"", ""verdict"": ""SAT"", ""proof"": ""the division is not inside any branch"", ""constraints"": ""mOrderLag.firstOrderCascade[64].firstOrder1.T: unbounded"", ""note"": ""a permitted assignment drives the complete denominator to zero and the division is still evaluated there""}",/data/mrumoca/eval/results/powergrids/findings.jsonl
powergrids,historical-static,PowerGrids.Controls.Test.TestLeadMOrderLag,66,divisor-reachable-zero,high,False,hold-needs-source-and-witness-review,"{""denominator"": ""mOrderLag.firstOrderCascade[65].firstOrder1.T"", ""witness"": ""mOrderLag.firstOrderCascade[65].firstOrder1.T = 0"", ""witness_rationale"": ""set to zero"", ""denominator_at_witness"": 0.0, ""denominator_at_declared_values"": 0.01, ""denominator_range"": ""[-inf, inf]"", ""path_condition"": ""always evaluated"", ""verdict"": ""SAT"", ""proof"": ""the division is not inside any branch"", ""constraints"": ""mOrderLag.firstOrderCascade[65].firstOrder1.T: unbounded"", ""note"": ""a permitted assignment drives the complete denominator to zero and the division is still evaluated there""}",/data/mrumoca/eval/results/powergrids/findings.jsonl
powergrids,historical-static,PowerGrids.Controls.Test.TestLeadMOrderLag,67,divisor-reachable-zero,high,False,hold-needs-source-and-witness-review,"{""denominator"": ""mOrderLag.firstOrderCascade[66].firstOrder1.T"", ""witness"": ""mOrderLag.firstOrderCascade[66].firstOrder1.T = 0"", ""witness_rationale"": ""set to zero"", ""denominator_at_witness"": 0.0, ""denominator_at_declared_values"": 0.01, ""denominator_range"": ""[-inf, inf]"", ""path_condition"": ""always evaluated"", ""verdict"": ""SAT"", ""proof"": ""the division is not inside any branch"", ""constraints"": ""mOrderLag.firstOrderCascade[66].firstOrder1.T: unbounded"", ""note"": ""a permitted assignment drives the complete denominator to zero and the division is still evaluated there""}",/data/mrumoca/eval/results/powergrids/findings.jsonl
powergrids,historical-static,PowerGrids.Controls.Test.TestLeadMOrderLag,68,divisor-reachable-zero,high,False,hold-needs-source-and-witness-review,"{""denominator"": ""mOrderLag.firstOrderCascade[67].firstOrder1.T"", ""witness"": ""mOrderLag.firstOrderCascade[67].firstOrder1.T = 0"", ""witness_rationale"": ""set to zero"", ""denominator_at_witness"": 0.0, ""denominator_at_declared_values"": 0.01, ""denominator_range"": ""[-inf, inf]"", ""path_condition"": ""always evaluated"", ""verdict"": ""SAT"", ""proof"": ""the division is not inside any branch"", ""constraints"": ""mOrderLag.firstOrderCascade[67].firstOrder1.T: unbounded"", ""note"": ""a permitted assignment drives the complete denominator to zero and the division is still evaluated there""}",/data/mrumoca/eval/results/powergrids/findings.jsonl
powergrids,historical-static,PowerGrids.Controls.Test.TestLeadMOrderLag,69,divisor-reachable-zero,high,False,hold-needs-source-and-witness-review,"{""denominator"": ""mOrderLag.firstOrderCascade[68].firstOrder1.T"", ""witness"": ""mOrderLag.firstOrderCascade[68].firstOrder1.T = 0"", ""witness_rationale"": ""set to zero"", ""denominator_at_witness"": 0.0, ""denominator_at_declared_values"": 0.01, ""denominator_range"": ""[-inf, inf]"", ""path_condition"": ""always evaluated"", ""verdict"": ""SAT"", ""proof"": ""the division is not inside any branch"", ""constraints"": ""mOrderLag.firstOrderCascade[68].firstOrder1.T: unbounded"", ""note"": ""a permitted assignment drives the complete denominator to zero and the division is still evaluated there""}",/data/mrumoca/eval/results/powergrids/findings.jsonl
powergrids,historical-static,PowerGrids.Controls.Test.TestLeadMOrderLag,70,divisor-reachable-zero,high,False,hold-needs-source-and-witness-review,"{""denominator"": ""mOrderLag.firstOrderCascade[69].firstOrder1.T"", ""witness"": ""mOrderLag.firstOrderCascade[69].firstOrder1.T = 0"", ""witness_rationale"": ""set to zero"", ""denominator_at_witness"": 0.0, ""denominator_at_declared_values"": 0.01, ""denominator_range"": ""[-inf, inf]"", ""path_condition"": ""always evaluated"", ""verdict"": ""SAT"", ""proof"": ""the division is not inside any branch"", ""constraints"": ""mOrderLag.firstOrderCascade[69].firstOrder1.T: unbounded"", ""note"": ""a permitted assignment drives the complete denominator to zero and the division is still evaluated there""}",/data/mrumoca/eval/results/powergrids/findings.jsonl
powergrids,historical-static,PowerGrids.Controls.Test.TestLeadMOrderLag,71,divisor-reachable-zero,high,False,hold-needs-source-and-witness-review,"{""denominator"": ""mOrderLag.firstOrderCascade[70].firstOrder1.T"", ""witness"": ""mOrderLag.firstOrderCascade[70].firstOrder1.T = 0"", ""witness_rationale"": ""set to zero"", ""denominator_at_witness"": 0.0, ""denominator_at_declared_values"": 0.01, ""denominator_range"": ""[-inf, inf]"", ""path_condition"": ""always evaluated"", ""verdict"": ""SAT"", ""proof"": ""the division is not inside any branch"", ""constraints"": ""mOrderLag.firstOrderCascade[70].firstOrder1.T: unbounded"", ""note"": ""a permitted assignment drives the complete denominator to zero and the division is still evaluated there""}",/data/mrumoca/eval/results/powergrids/findings.jsonl
powergrids,historical-static,PowerGrids.Controls.Test.TestLeadMOrderLag,72,divisor-reachable-zero,high,False,hold-needs-source-and-witness-review,"{""denominator"": ""mOrderLag.firstOrderCascade[71].firstOrder1.T"", ""witness"": ""mOrderLag.firstOrderCascade[71].firstOrder1.T = 0"", ""witness_rationale"": ""set to zero"", ""denominator_at_witness"": 0.0, ""denominator_at_declared_values"": 0.01, ""denominator_range"": ""[-inf, inf]"", ""path_condition"": ""always evaluated"", ""verdict"": ""SAT"", ""proof"": ""the division is not inside any branch"", ""constraints"": ""mOrderLag.firstOrderCascade[71].firstOrder1.T: unbounded"", ""note"": ""a permitted assignment drives the complete denominator to zero and the division is still evaluated there""}",/data/mrumoca/eval/results/powergrids/findings.jsonl
powergrids,historical-static,PowerGrids.Controls.Test.TestLeadMOrderLag,73,divisor-reachable-zero,high,False,hold-needs-source-and-witness-review,"{""denominator"": ""mOrderLag.firstOrderCascade[72].firstOrder1.T"", ""witness"": ""mOrderLag.firstOrderCascade[72].firstOrder1.T = 0"", ""witness_rationale"": ""set to zero"", ""denominator_at_witness"": 0.0, ""denominator_at_declared_values"": 0.01, ""denominator_range"": ""[-inf, inf]"", ""path_condition"": ""always evaluated"", ""verdict"": ""SAT"", ""proof"": ""the division is not inside any branch"", ""constraints"": ""mOrderLag.firstOrderCascade[72].firstOrder1.T: unbounded"", ""note"": ""a permitted assignment drives the complete denominator to zero and the division is still evaluated there""}",/data/mrumoca/eval/results/powergrids/findings.jsonl
powergrids,historical-static,PowerGrids.Controls.Test.TestLeadMOrderLag,74,divisor-reachable-zero,high,False,hold-needs-source-and-witness-review,"{""denominator"": ""mOrderLag.firstOrderCascade[73].firstOrder1.T"", ""witness"": ""mOrderLag.firstOrderCascade[73].firstOrder1.T = 0"", ""witness_rationale"": ""set to zero"", ""denominator_at_witness"": 0.0, ""denominator_at_declared_values"": 0.01, ""denominator_range"": ""[-inf, inf]"", ""path_condition"": ""always evaluated"", ""verdict"": ""SAT"", ""proof"": ""the division is not inside any branch"", ""constraints"": ""mOrderLag.firstOrderCascade[73].firstOrder1.T: unbounded"", ""note"": ""a permitted assignment drives the complete denominator to zero and the division is still evaluated there""}",/data/mrumoca/eval/results/powergrids/findings.jsonl
powergrids,historical-static,PowerGrids.Controls.Test.TestLeadMOrderLag,75,divisor-reachable-zero,high,False,hold-needs-source-and-witness-review,"{""denominator"": ""mOrderLag.firstOrderCascade[74].firstOrder1.T"", ""witness"": ""mOrderLag.firstOrderCascade[74].firstOrder1.T = 0"", ""witness_rationale"": ""set to zero"", ""denominator_at_witness"": 0.0, ""denominator_at_declared_values"": 0.01, ""denominator_range"": ""[-inf, inf]"", ""path_condition"": ""always evaluated"", ""verdict"": ""SAT"", ""proof"": ""the division is not inside any branch"", ""constraints"": ""mOrderLag.firstOrderCascade[74].firstOrder1.T: unbounded"", ""note"": ""a permitted assignment drives the complete denominator to zero and the division is still evaluated there""}",/data/mrumoca/eval/results/powergrids/findings.jsonl
powergrids,historical-static,PowerGrids.Controls.Test.TestLeadMOrderLag,76,divisor-reachable-zero,high,False,hold-needs-source-and-witness-review,"{""denominator"": ""mOrderLag.firstOrderCascade[75].firstOrder1.T"", ""witness"": ""mOrderLag.firstOrderCascade[75].firstOrder1.T = 0"", ""witness_rationale"": ""set to zero"", ""denominator_at_witness"": 0.0, ""denominator_at_declared_values"": 0.01, ""denominator_range"": ""[-inf, inf]"", ""path_condition"": ""always evaluated"", ""verdict"": ""SAT"", ""proof"": ""the division is not inside any branch"", ""constraints"": ""mOrderLag.firstOrderCascade[75].firstOrder1.T: unbounded"", ""note"": ""a permitted assignment drives the complete denominator to zero and the division is still evaluated there""}",/data/mrumoca/eval/results/powergrids/findings.jsonl
powergrids,historical-static,PowerGrids.Controls.Test.TestLeadMOrderLag,77,divisor-reachable-zero,high,False,hold-needs-source-and-witness-review,"{""denominator"": ""mOrderLag.firstOrderCascade[76].firstOrder1.T"", ""witness"": ""mOrderLag.firstOrderCascade[76].firstOrder1.T = 0"", ""witness_rationale"": ""set to zero"", ""denominator_at_witness"": 0.0, ""denominator_at_declared_values"": 0.01, ""denominator_range"": ""[-inf, inf]"", ""path_condition"": ""always evaluated"", ""verdict"": ""SAT"", ""proof"": ""the division is not inside any branch"", ""constraints"": ""mOrderLag.firstOrderCascade[76].firstOrder1.T: unbounded"", ""note"": ""a permitted assignment drives the complete denominator to zero and the division is still evaluated there""}",/data/mrumoca/eval/results/powergrids/findings.jsonl
powergrids,historical-static,PowerGrids.Controls.Test.TestLeadMOrderLag,78,divisor-reachable-zero,high,False,hold-needs-source-and-witness-review,"{""denominator"": ""mOrderLag.firstOrderCascade[77].firstOrder1.T"", ""witness"": ""mOrderLag.firstOrderCascade[77].firstOrder1.T = 0"", ""witness_rationale"": ""set to zero"", ""denominator_at_witness"": 0.0, ""denominator_at_declared_values"": 0.01, ""denominator_range"": ""[-inf, inf]"", ""path_condition"": ""always evaluated"", ""verdict"": ""SAT"", ""proof"": ""the division is not inside any branch"", ""constraints"": ""mOrderLag.firstOrderCascade[77].firstOrder1.T: unbounded"", ""note"": ""a permitted assignment drives the complete denominator to zero and the division is still evaluated there""}",/data/mrumoca/eval/results/powergrids/findings.jsonl
powergrids,historical-static,PowerGrids.Controls.Test.TestLeadMOrderLag,79,divisor-reachable-zero,high,False,hold-needs-source-and-witness-review,"{""denominator"": ""mOrderLag.firstOrderCascade[78].firstOrder1.T"", ""witness"": ""mOrderLag.firstOrderCascade[78].firstOrder1.T = 0"", ""witness_rationale"": ""set to zero"", ""denominator_at_witness"": 0.0, ""denominator_at_declared_values"": 0.01, ""denominator_range"": ""[-inf, inf]"", ""path_condition"": ""always evaluated"", ""verdict"": ""SAT"", ""proof"": ""the division is not inside any branch"", ""constraints"": ""mOrderLag.firstOrderCascade[78].firstOrder1.T: unbounded"", ""note"": ""a permitted assignment drives the complete denominator to zero and the division is still evaluated there""}",/data/mrumoca/eval/results/powergrids/findings.jsonl
powergrids,historical-static,PowerGrids.Controls.Test.TestLeadMOrderLag,80,divisor-reachable-zero,high,False,hold-needs-source-and-witness-review,"{""denominator"": ""mOrderLag.firstOrderCascade[79].firstOrder1.T"", ""witness"": ""mOrderLag.firstOrderCascade[79].firstOrder1.T = 0"", ""witness_rationale"": ""set to zero"", ""denominator_at_witness"": 0.0, ""denominator_at_declared_values"": 0.01, ""denominator_range"": ""[-inf, inf]"", ""path_condition"": ""always evaluated"", ""verdict"": ""SAT"", ""proof"": ""the division is not inside any branch"", ""constraints"": ""mOrderLag.firstOrderCascade[79].firstOrder1.T: unbounded"", ""note"": ""a permitted assignment drives the complete denominator to zero and the division is still evaluated there""}",/data/mrumoca/eval/results/powergrids/findings.jsonl
powergrids,historical-static,PowerGrids.Controls.Test.TestLeadMOrderLag,81,divisor-reachable-zero,high,False,hold-needs-source-and-witness-review,"{""denominator"": ""mOrderLag.firstOrderCascade[80].firstOrder1.T"", ""witness"": ""mOrderLag.firstOrderCascade[80].firstOrder1.T = 0"", ""witness_rationale"": ""set to zero"", ""denominator_at_witness"": 0.0, ""denominator_at_declared_values"": 0.01, ""denominator_range"": ""[-inf, inf]"", ""path_condition"": ""always evaluated"", ""verdict"": ""SAT"", ""proof"": ""the division is not inside any branch"", ""constraints"": ""mOrderLag.firstOrderCascade[80].firstOrder1.T: unbounded"", ""note"": ""a permitted assignment drives the complete denominator to zero and the division is still evaluated there""}",/data/mrumoca/eval/results/powergrids/findings.jsonl
powergrids,historical-static,PowerGrids.Controls.Test.TestLeadMOrderLag,82,divisor-reachable-zero,high,False,hold-needs-source-and-witness-review,"{""denominator"": ""mOrderLag.firstOrderCascade[81].firstOrder1.T"", ""witness"": ""mOrderLag.firstOrderCascade[81].firstOrder1.T = 0"", ""witness_rationale"": ""set to zero"", ""denominator_at_witness"": 0.0, ""denominator_at_declared_values"": 0.01, ""denominator_range"": ""[-inf, inf]"", ""path_condition"": ""always evaluated"", ""verdict"": ""SAT"", ""proof"": ""the division is not inside any branch"", ""constraints"": ""mOrderLag.firstOrderCascade[81].firstOrder1.T: unbounded"", ""note"": ""a permitted assignment drives the complete denominator to zero and the division is still evaluated there""}",/data/mrumoca/eval/results/powergrids/findings.jsonl
powergrids,historical-static,PowerGrids.Controls.Test.TestLeadMOrderLag,83,divisor-reachable-zero,high,False,hold-needs-source-and-witness-review,"{""denominator"": ""mOrderLag.firstOrderCascade[82].firstOrder1.T"", ""witness"": ""mOrderLag.firstOrderCascade[82].firstOrder1.T = 0"", ""witness_rationale"": ""set to zero"", ""denominator_at_witness"": 0.0, ""denominator_at_declared_values"": 0.01, ""denominator_range"": ""[-inf, inf]"", ""path_condition"": ""always evaluated"", ""verdict"": ""SAT"", ""proof"": ""the division is not inside any branch"", ""constraints"": ""mOrderLag.firstOrderCascade[82].firstOrder1.T: unbounded"", ""note"": ""a permitted assignment drives the complete denominator to zero and the division is still evaluated there""}",/data/mrumoca/eval/results/powergrids/findings.jsonl
powergrids,historical-static,PowerGrids.Controls.Test.TestLeadMOrderLag,84,divisor-reachable-zero,high,False,hold-needs-source-and-witness-review,"{""denominator"": ""mOrderLag.firstOrderCascade[83].firstOrder1.T"", ""witness"": ""mOrderLag.firstOrderCascade[83].firstOrder1.T = 0"", ""witness_rationale"": ""set to zero"", ""denominator_at_witness"": 0.0, ""denominator_at_declared_values"": 0.01, ""denominator_range"": ""[-inf, inf]"", ""path_condition"": ""always evaluated"", ""verdict"": ""SAT"", ""proof"": ""the division is not inside any branch"", ""constraints"": ""mOrderLag.firstOrderCascade[83].firstOrder1.T: unbounded"", ""note"": ""a permitted assignment drives the complete denominator to zero and the division is still evaluated there""}",/data/mrumoca/eval/results/powergrids/findings.jsonl
powergrids,historical-static,PowerGrids.Controls.Test.TestLeadMOrderLag,85,divisor-reachable-zero,high,False,hold-needs-source-and-witness-review,"{""denominator"": ""mOrderLag.firstOrderCascade[84].firstOrder1.T"", ""witness"": ""mOrderLag.firstOrderCascade[84].firstOrder1.T = 0"", ""witness_rationale"": ""set to zero"", ""denominator_at_witness"": 0.0, ""denominator_at_declared_values"": 0.01, ""denominator_range"": ""[-inf, inf]"", ""path_condition"": ""always evaluated"", ""verdict"": ""SAT"", ""proof"": ""the division is not inside any branch"", ""constraints"": ""mOrderLag.firstOrderCascade[84].firstOrder1.T: unbounded"", ""note"": ""a permitted assignment drives the complete denominator to zero and the division is still evaluated there""}",/data/mrumoca/eval/results/powergrids/findings.jsonl
powergrids,historical-static,PowerGrids.Controls.Test.TestLeadMOrderLag,86,divisor-reachable-zero,high,False,hold-needs-source-and-witness-review,"{""denominator"": ""mOrderLag.firstOrderCascade[85].firstOrder1.T"", ""witness"": ""mOrderLag.firstOrderCascade[85].firstOrder1.T = 0"", ""witness_rationale"": ""set to zero"", ""denominator_at_witness"": 0.0, ""denominator_at_declared_values"": 0.01, ""denominator_range"": ""[-inf, inf]"", ""path_condition"": ""always evaluated"", ""verdict"": ""SAT"", ""proof"": ""the division is not inside any branch"", ""constraints"": ""mOrderLag.firstOrderCascade[85].firstOrder1.T: unbounded"", ""note"": ""a permitted assignment drives the complete denominator to zero and the division is still evaluated there""}",/data/mrumoca/eval/results/powergrids/findings.jsonl
powergrids,historical-static,PowerGrids.Controls.Test.TestLeadMOrderLag,87,divisor-reachable-zero,high,False,hold-needs-source-and-witness-review,"{""denominator"": ""mOrderLag.firstOrderCascade[86].firstOrder1.T"", ""witness"": ""mOrderLag.firstOrderCascade[86].firstOrder1.T = 0"", ""witness_rationale"": ""set to zero"", ""denominator_at_witness"": 0.0, ""denominator_at_declared_values"": 0.01, ""denominator_range"": ""[-inf, inf]"", ""path_condition"": ""always evaluated"", ""verdict"": ""SAT"", ""proof"": ""the division is not inside any branch"", ""constraints"": ""mOrderLag.firstOrderCascade[86].firstOrder1.T: unbounded"", ""note"": ""a permitted assignment drives the complete denominator to zero and the division is still evaluated there""}",/data/mrumoca/eval/results/powergrids/findings.jsonl
powergrids,historical-static,PowerGrids.Controls.Test.TestLeadMOrderLag,88,divisor-reachable-zero,high,False,hold-needs-source-and-witness-review,"{""denominator"": ""mOrderLag.firstOrderCascade[87].firstOrder1.T"", ""witness"": ""mOrderLag.firstOrderCascade[87].firstOrder1.T = 0"", ""witness_rationale"": ""set to zero"", ""denominator_at_witness"": 0.0, ""denominator_at_declared_values"": 0.01, ""denominator_range"": ""[-inf, inf]"", ""path_condition"": ""always evaluated"", ""verdict"": ""SAT"", ""proof"": ""the division is not inside any branch"", ""constraints"": ""mOrderLag.firstOrderCascade[87].firstOrder1.T: unbounded"", ""note"": ""a permitted assignment drives the complete denominator to zero and the division is still evaluated there""}",/data/mrumoca/eval/results/powergrids/findings.jsonl
powergrids,historical-static,PowerGrids.Controls.Test.TestLeadMOrderLag,89,divisor-reachable-zero,high,False,hold-needs-source-and-witness-review,"{""denominator"": ""mOrderLag.firstOrderCascade[88].firstOrder1.T"", ""witness"": ""mOrderLag.firstOrderCascade[88].firstOrder1.T = 0"", ""witness_rationale"": ""set to zero"", ""denominator_at_witness"": 0.0, ""denominator_at_declared_values"": 0.01, ""denominator_range"": ""[-inf, inf]"", ""path_condition"": ""always evaluated"", ""verdict"": ""SAT"", ""proof"": ""the division is not inside any branch"", ""constraints"": ""mOrderLag.firstOrderCascade[88].firstOrder1.T: unbounded"", ""note"": ""a permitted assignment drives the complete denominator to zero and the division is still evaluated there""}",/data/mrumoca/eval/results/powergrids/findings.jsonl
powergrids,historical-static,PowerGrids.Controls.Test.TestLeadMOrderLag,90,divisor-reachable-zero,high,False,hold-needs-source-and-witness-review,"{""denominator"": ""mOrderLag.firstOrderCascade[89].firstOrder1.T"", ""witness"": ""mOrderLag.firstOrderCascade[89].firstOrder1.T = 0"", ""witness_rationale"": ""set to zero"", ""denominator_at_witness"": 0.0, ""denominator_at_declared_values"": 0.01, ""denominator_range"": ""[-inf, inf]"", ""path_condition"": ""always evaluated"", ""verdict"": ""SAT"", ""proof"": ""the division is not inside any branch"", ""constraints"": ""mOrderLag.firstOrderCascade[89].firstOrder1.T: unbounded"", ""note"": ""a permitted assignment drives the complete denominator to zero and the division is still evaluated there""}",/data/mrumoca/eval/results/powergrids/findings.jsonl
powergrids,historical-static,PowerGrids.Controls.Test.TestLeadMOrderLag,91,divisor-reachable-zero,high,False,hold-needs-source-and-witness-review,"{""denominator"": ""mOrderLag.firstOrderCascade[90].firstOrder1.T"", ""witness"": ""mOrderLag.firstOrderCascade[90].firstOrder1.T = 0"", ""witness_rationale"": ""set to zero"", ""denominator_at_witness"": 0.0, ""denominator_at_declared_values"": 0.01, ""denominator_range"": ""[-inf, inf]"", ""path_condition"": ""always evaluated"", ""verdict"": ""SAT"", ""proof"": ""the division is not inside any branch"", ""constraints"": ""mOrderLag.firstOrderCascade[90].firstOrder1.T: unbounded"", ""note"": ""a permitted assignment drives the complete denominator to zero and the division is still evaluated there""}",/data/mrumoca/eval/results/powergrids/findings.jsonl
powergrids,historical-static,PowerGrids.Controls.Test.TestLeadMOrderLag,92,divisor-reachable-zero,high,False,hold-needs-source-and-witness-review,"{""denominator"": ""mOrderLag.firstOrderCascade[91].firstOrder1.T"", ""witness"": ""mOrderLag.firstOrderCascade[91].firstOrder1.T = 0"", ""witness_rationale"": ""set to zero"", ""denominator_at_witness"": 0.0, ""denominator_at_declared_values"": 0.01, ""denominator_range"": ""[-inf, inf]"", ""path_condition"": ""always evaluated"", ""verdict"": ""SAT"", ""proof"": ""the division is not inside any branch"", ""constraints"": ""mOrderLag.firstOrderCascade[91].firstOrder1.T: unbounded"", ""note"": ""a permitted assignment drives the complete denominator to zero and the division is still evaluated there""}",/data/mrumoca/eval/results/powergrids/findings.jsonl
powergrids,historical-static,PowerGrids.Controls.Test.TestLeadMOrderLag,93,divisor-reachable-zero,high,False,hold-needs-source-and-witness-review,"{""denominator"": ""mOrderLag.firstOrderCascade[92].firstOrder1.T"", ""witness"": ""mOrderLag.firstOrderCascade[92].firstOrder1.T = 0"", ""witness_rationale"": ""set to zero"", ""denominator_at_witness"": 0.0, ""denominator_at_declared_values"": 0.01, ""denominator_range"": ""[-inf, inf]"", ""path_condition"": ""always evaluated"", ""verdict"": ""SAT"", ""proof"": ""the division is not inside any branch"", ""constraints"": ""mOrderLag.firstOrderCascade[92].firstOrder1.T: unbounded"", ""note"": ""a permitted assignment drives the complete denominator to zero and the division is still evaluated there""}",/data/mrumoca/eval/results/powergrids/findings.jsonl
powergrids,historical-static,PowerGrids.Controls.Test.TestLeadMOrderLag,94,divisor-reachable-zero,high,False,hold-needs-source-and-witness-review,"{""denominator"": ""mOrderLag.firstOrderCascade[93].firstOrder1.T"", ""witness"": ""mOrderLag.firstOrderCascade[93].firstOrder1.T = 0"", ""witness_rationale"": ""set to zero"", ""denominator_at_witness"": 0.0, ""denominator_at_declared_values"": 0.01, ""denominator_range"": ""[-inf, inf]"", ""path_condition"": ""always evaluated"", ""verdict"": ""SAT"", ""proof"": ""the division is not inside any branch"", ""constraints"": ""mOrderLag.firstOrderCascade[93].firstOrder1.T: unbounded"", ""note"": ""a permitted assignment drives the complete denominator to zero and the division is still evaluated there""}",/data/mrumoca/eval/results/powergrids/findings.jsonl
powergrids,historical-static,PowerGrids.Controls.Test.TestLeadMOrderLag,95,divisor-reachable-zero,high,False,hold-needs-source-and-witness-review,"{""denominator"": ""mOrderLag.firstOrderCascade[94].firstOrder1.T"", ""witness"": ""mOrderLag.firstOrderCascade[94].firstOrder1.T = 0"", ""witness_rationale"": ""set to zero"", ""denominator_at_witness"": 0.0, ""denominator_at_declared_values"": 0.01, ""denominator_range"": ""[-inf, inf]"", ""path_condition"": ""always evaluated"", ""verdict"": ""SAT"", ""proof"": ""the division is not inside any branch"", ""constraints"": ""mOrderLag.firstOrderCascade[94].firstOrder1.T: unbounded"", ""note"": ""a permitted assignment drives the complete denominator to zero and the division is still evaluated there""}",/data/mrumoca/eval/results/powergrids/findings.jsonl
powergrids,historical-static,PowerGrids.Controls.Test.TestLeadMOrderLag,96,divisor-reachable-zero,high,False,hold-needs-source-and-witness-review,"{""denominator"": ""mOrderLag.firstOrderCascade[95].firstOrder1.T"", ""witness"": ""mOrderLag.firstOrderCascade[95].firstOrder1.T = 0"", ""witness_rationale"": ""set to zero"", ""denominator_at_witness"": 0.0, ""denominator_at_declared_values"": 0.01, ""denominator_range"": ""[-inf, inf]"", ""path_condition"": ""always evaluated"", ""verdict"": ""SAT"", ""proof"": ""the division is not inside any branch"", ""constraints"": ""mOrderLag.firstOrderCascade[95].firstOrder1.T: unbounded"", ""note"": ""a permitted assignment drives the complete denominator to zero and the division is still evaluated there""}",/data/mrumoca/eval/results/powergrids/findings.jsonl
powergrids,historical-static,PowerGrids.Controls.Test.TestLeadMOrderLag,97,divisor-reachable-zero,high,False,hold-needs-source-and-witness-review,"{""denominator"": ""mOrderLag.firstOrderCascade[96].firstOrder1.T"", ""witness"": ""mOrderLag.firstOrderCascade[96].firstOrder1.T = 0"", ""witness_rationale"": ""set to zero"", ""denominator_at_witness"": 0.0, ""denominator_at_declared_values"": 0.01, ""denominator_range"": ""[-inf, inf]"", ""path_condition"": ""always evaluated"", ""verdict"": ""SAT"", ""proof"": ""the division is not inside any branch"", ""constraints"": ""mOrderLag.firstOrderCascade[96].firstOrder1.T: unbounded"", ""note"": ""a permitted assignment drives the complete denominator to zero and the division is still evaluated there""}",/data/mrumoca/eval/results/powergrids/findings.jsonl
powergrids,historical-static,PowerGrids.Controls.Test.TestLeadMOrderLag,98,divisor-reachable-zero,high,False,hold-needs-source-and-witness-review,"{""denominator"": ""mOrderLag.firstOrderCascade[97].firstOrder1.T"", ""witness"": ""mOrderLag.firstOrderCascade[97].firstOrder1.T = 0"", ""witness_rationale"": ""set to zero"", ""denominator_at_witness"": 0.0, ""denominator_at_declared_values"": 0.01, ""denominator_range"": ""[-inf, inf]"", ""path_condition"": ""always evaluated"", ""verdict"": ""SAT"", ""proof"": ""the division is not inside any branch"", ""constraints"": ""mOrderLag.firstOrderCascade[97].firstOrder1.T: unbounded"", ""note"": ""a permitted assignment drives the complete denominator to zero and the division is still evaluated there""}",/data/mrumoca/eval/results/powergrids/findings.jsonl
powergrids,historical-static,PowerGrids.Controls.Test.TestLeadMOrderLag,99,divisor-reachable-zero,high,False,hold-needs-source-and-witness-review,"{""denominator"": ""mOrderLag.firstOrderCascade[98].firstOrder1.T"", ""witness"": ""mOrderLag.firstOrderCascade[98].firstOrder1.T = 0"", ""witness_rationale"": ""set to zero"", ""denominator_at_witness"": 0.0, ""denominator_at_declared_values"": 0.01, ""denominator_range"": ""[-inf, inf]"", ""path_condition"": ""always evaluated"", ""verdict"": ""SAT"", ""proof"": ""the division is not inside any branch"", ""constraints"": ""mOrderLag.firstOrderCascade[98].firstOrder1.T: unbounded"", ""note"": ""a permitted assignment drives the complete denominator to zero and the division is still evaluated there""}",/data/mrumoca/eval/results/powergrids/findings.jsonl
powergrids,historical-static,PowerGrids.Controls.Test.TestLeadMOrderLag,100,divisor-reachable-zero,high,False,hold-needs-source-and-witness-review,"{""denominator"": ""mOrderLag.firstOrderCascade[99].firstOrder1.T"", ""witness"": ""mOrderLag.firstOrderCascade[99].firstOrder1.T = 0"", ""witness_rationale"": ""set to zero"", ""denominator_at_witness"": 0.0, ""denominator_at_declared_values"": 0.01, ""denominator_range"": ""[-inf, inf]"", ""path_condition"": ""always evaluated"", ""verdict"": ""SAT"", ""proof"": ""the division is not inside any branch"", ""constraints"": ""mOrderLag.firstOrderCascade[99].firstOrder1.T: unbounded"", ""note"": ""a permitted assignment drives the complete denominator to zero and the division is still evaluated there""}",/data/mrumoca/eval/results/powergrids/findings.jsonl
powergrids,historical-static,PowerGrids.Controls.Test.TestLeadMOrderLag,101,divisor-guarded-by-assertion,low,False,hold-needs-source-and-witness-review,"{""denominator"": ""leadLag.leadLag.T2"", ""witness"": ""none needed"", ""witness_rationale"": ""the denominator is zero as declared"", ""denominator_at_witness"": 0.0, ""denominator_at_declared_values"": 2.0, ""denominator_range"": """", ""path_condition"": ""not (leadLag.leadLag.noDynamics)"", ""verdict"": ""UNSAT"", ""proof"": ""the model asserts this denominator is bounded away from zero, so zero is outside its declared domain"", ""constraints"": """", ""note"": ""reported so the guard can be seen and challenged, not as a defect; zero is outside the domain this division is evaluated in""}",/data/mrumoca/eval/results/powergrids/findings.jsonl
powergrids,historical-static,PowerGrids.Controls.Test.TestLeadMOrderLag,102,divisor-reachable-zero,high,False,hold-needs-source-and-witness-review,"{""denominator"": ""(leadLag.leadLag.k * leadLag.leadLag.T1)"", ""witness"": ""leadLag.leadLag.k = 0"", ""witness_rationale"": ""set to zero"", ""denominator_at_witness"": 0.0, ""denominator_at_declared_values"": 40.0, ""denominator_range"": ""[-inf, inf]"", ""path_condition"": ""always evaluated"", ""verdict"": ""SAT"", ""proof"": ""the division is not inside any branch"", ""constraints"": ""leadLag.leadLag.k: unbounded"", ""note"": ""a permitted assignment drives the complete denominator to zero and the division is still evaluated there""}",/data/mrumoca/eval/results/powergrids/findings.jsonl
powergrids,historical-static,PowerGrids.Controls.Test.TestLeadMOrderLag,103,divisor-reachable-zero,high,False,hold-needs-source-and-witness-review,"{""denominator"": ""(leadLag.leadLag.k * leadLag.leadLag.T1)"", ""witness"": ""leadLag.leadLag.k = 0"", ""witness_rationale"": ""set to zero"", ""denominator_at_witness"": 0.0, ""denominator_at_declared_values"": 40.0, ""denominator_range"": ""[-inf, inf]"", ""path_condition"": ""always evaluated"", ""verdict"": ""SAT"", ""proof"": ""the division is not inside any branch"", ""constraints"": ""leadLag.leadLag.k: unbounded"", ""note"": ""a permitted assignment drives the complete denominator to zero and the division is still evaluated there""}",/data/mrumoca/eval/results/powergrids/findings.jsonl
powergrids,historical-static,PowerGrids.Controls.Test.TestLeadMOrderLag,104,divisor-guarded-by-assertion,low,False,hold-needs-source-and-witness-review,"{""denominator"": ""mOrderLag.leadLag.T2"", ""witness"": ""none needed"", ""witness_rationale"": ""the denominator is zero as declared"", ""denominator_at_witness"": 0.0, ""denominator_at_declared_values"": 0.01, ""denominator_range"": """", ""path_condition"": ""not (mOrderLag.leadLag.noDynamics)"", ""verdict"": ""UNSAT"", ""proof"": ""the model asserts this denominator is bounded away from zero, so zero is outside its declared domain"", ""constraints"": """", ""note"": ""reported so the guard can be seen and challenged, not as a defect; zero is outside the domain this division is evaluated in""}",/data/mrumoca/eval/results/powergrids/findings.jsonl
powergrids,historical-static,PowerGrids.Controls.Test.TestLeadMOrderLag,105,divisor-reachable-zero,high,False,hold-needs-source-and-witness-review,"{""denominator"": ""(mOrderLag.leadLag.k * mOrderLag.leadLag.T1)"", ""witness"": ""mOrderLag.leadLag.k = 0"", ""witness_rationale"": ""set to zero"", ""denominator_at_witness"": 0.0, ""denominator_at_declared_values"": 1e-05, ""denominator_range"": ""[-inf, inf]"", ""path_condition"": ""always evaluated"", ""verdict"": ""SAT"", ""proof"": ""the division is not inside any branch"", ""constraints"": ""mOrderLag.leadLag.k: unbounded"", ""note"": ""a permitted assignment drives the complete denominator to zero and the division is still evaluated there""}",/data/mrumoca/eval/results/powergrids/findings.jsonl
powergrids,historical-static,PowerGrids.Controls.Test.TestLeadMOrderLag,106,divisor-reachable-zero,high,False,hold-needs-source-and-witness-review,"{""denominator"": ""(mOrderLag.leadLag.k * mOrderLag.leadLag.T1)"", ""witness"": ""mOrderLag.leadLag.k = 0"", ""witness_rationale"": ""set to zero"", ""denominator_at_witness"": 0.0, ""denominator_at_declared_values"": 1e-05, ""denominator_range"": ""[-inf, inf]"", ""path_condition"": ""always evaluated"", ""verdict"": ""SAT"", ""proof"": ""the division is not inside any branch"", ""constraints"": ""mOrderLag.leadLag.k: unbounded"", ""note"": ""a permitted assignment drives the complete denominator to zero and the division is still evaluated there""}",/data/mrumoca/eval/results/powergrids/findings.jsonl
powergrids,historical-static,PowerGrids.Controls.Test.TestLeadMOrderLag,107,network-boundary-port,low,False,standalone-topology-not-defect-proof,"{""node"": ""leadLag -- leadLag.leadLag -- leadLag.leadLag.feedback -- leadLag.leadLag.firstOrder -- leadLag.leadLag.gain -- mOrderLag -- mOrderLag.firstOrderCascade[10] -- mOrderLag.firstOrderCascade[10].firstOrder1 -- mOrderLag.firstOrderCascade[11] -- mOrderLag.firstOrderCascade[11].firstOrder1 -- mOrderLag.firstOrderCascade[12] -- mOrderLag.firstOrderCascade[12].firstOrder1 -- mOrderLag.firstOrderCascade[13] -- mOrderLag.firstOrderCascade[13].firstOrder1 -- mOrderLag.firstOrderCascade[14] -- mOrderLag.firstOrderCascade[14].firstOrder1 -- mOrderLag.firstOrderCascade[15] -- mOrderLag.firstOrderCascade[15].firstOrder1 -- mOrderLag.firstOrderCascade[16] -- mOrderLag.firstOrderCascade[16].firstOrder1 -- mOrderLag.firstOrderCascade[17] -- mOrderLag.firstOrderCascade[17].firstOrder1 -- mOrderLag.firstOrderCascade[18] -- mOrderLag.firstOrderCascade[18].firstOrder1 -- mOrderLag.firstOrderCascade[19] -- mOrderLag.firstOrderCascade[19].firstOrder1 -- mOrderLag.firstOrderCascade[1] -- mOrderLag.firstOrderCascade[1].firstOrder1 -- mOrderLag.firstOrderCascade[20] -- mOrderLag.firstOrderCascade[20].firstOrder1 -- mOrderLag.firstOrderCascade[21] -- mOrderLag.firstOrderCascade[21].firstOrder1 -- mOrderLag.firstOrderCascade[22] -- mOrderLag.firstOrderCascade[22].firstOrder1 -- mOrderLag.firstOrderCascade[23] -- mOrderLag.firstOrderCascade[23].firstOrder1 -- mOrderLag.firstOrderCascade[24] -- mOrderLag.firstOrderCascade[24].firstOrder1 -- mOrderLag.firstOrderCascade[25] -- mOrderLag.firstOrderCascade[25].firstOrder1 -- mOrderLag.firstOrderCascade[26] -- mOrderLag.firstOrderCascade[26].firstOrder1 -- mOrderLag.firstOrderCascade[27] -- mOrderLag.firstOrderCascade[27].firstOrder1 -- mOrderLag.firstOrderCascade[28] -- mOrderLag.firstOrderCascade[28].firstOrder1 -- mOrderLag.firstOrderCascade[29] -- mOrderLag.firstOrderCascade[29].firstOrder1 -- mOrderLag.firstOrderCascade[2] -- mOrderLag.firstOrderCascade[2].firstOrder1 -- mOrderLag.firstOrderCascade[30] -- mOrderLag.firstOrderCascade[30].firstOrder1 -- mOrderLag.firstOrderCascade[31] -- mOrderLag.firstOrderCascade[31].firstOrder1 -- mOrderLag.firstOrderCascade[32] -- mOrderLag.firstOrderCascade[32].firstOrder1 -- mOrderLag.firstOrderCascade[33] -- mOrderLag.firstOrderCascade[33].firstOrder1 -- mOrderLag.firstOrderCascade[34] -- mOrderLag.firstOrderCascade[34].firstOrder1 -- mOrderLag.firstOrderCascade[35] -- mOrderLag.firstOrderCascade[35].firstOrder1 -- mOrderLag.firstOrderCascade[36] -- mOrderLag.firstOrderCascade[36].firstOrder1 -- mOrderLag.firstOrderCascade[37] -- mOrderLag.firstOrderCascade[37].firstOrder1 -- mOrderLag.firstOrderCascade[38] -- mOrderLag.firstOrderCascade[38].firstOrder1 -- mOrderLag.firstOrderCascade[39] -- mOrderLag.firstOrderCascade[39].firstOrder1 -- mOrderLag.firstOrderCascade[3] -- mOrderLag.firstOrderCascade[3].firstOrder1 -- mOrderLag.firstOrderCascade[40] -- mOrderLag.firstOrderCascade[40].firstOrder1 -- mOrderLag.firstOrderCascade[41] -- mOrderLag.firstOrderCascade[41].firstOrder1 -- mOrderLag.firstOrderCascade[42] -- mOrderLag.firstOrderCascade[42].firstOrder1 -- mOrderLag.firstOrderCascade[43] -- mOrderLag.firstOrderCascade[43].firstOrder1 -- mOrderLag.firstOrderCascade[44] -- mOrderLag.firstOrderCascade[44].firstOrder1 -- mOrderLag.firstOrderCascade[45] -- mOrderLag.firstOrderCascade[45].firstOrder1 -- mOrderLag.firstOrderCascade[46] -- mOrderLag.firstOrderCascade[46].firstOrder1 -- mOrderLag.firstOrderCascade[47] -- mOrderLag.firstOrderCascade[47].firstOrder1 -- mOrderLag.firstOrderCascade[48] -- mOrderLag.firstOrderCascade[48].firstOrder1 -- mOrderLag.firstOrderCascade[49] -- mOrderLag.firstOrderCascade[49].firstOrder1 -- mOrderLag.firstOrderCascade[4] -- mOrderLag.firstOrderCascade[4].firstOrder1 -- mOrderLag.firstOrderCascade[50] -- mOrderLag.firstOrderCascade[50].firstOrder1 -- mOrderLag.firstOrderCascade[51] -- mOrderLag.firstOrderCascade[51].firstOrder1 -- mOrderLag.firstOrderCascade[52] -- mOrderLag.firstOrderCascade[52].firstOrder1 -- mOrderLag.firstOrderCascade[53] -- mOrderLag.firstOrderCascade[53].firstOrder1 -- mOrderLag.firstOrderCascade[54] -- mOrderLag.firstOrderCascade[54].firstOrder1 -- mOrderLag.firstOrderCascade[55] -- mOrderLag.firstOrderCascade[55].firstOrder1 -- mOrderLag.firstOrderCascade[56] -- mOrderLag.firstOrderCascade[56].firstOrder1 -- mOrderLag.firstOrderCascade[57] -- mOrderLag.firstOrderCascade[57].firstOrder1 -- mOrderLag.firstOrderCascade[58] -- mOrderLag.firstOrderCascade[58].firstOrder1 -- mOrderLag.firstOrderCascade[59] -- mOrderLag.firstOrderCascade[59].firstOrder1 -- mOrderLag.firstOrderCascade[5] -- mOrderLag.firstOrderCascade[5].firstOrder1 -- mOrderLag.firstOrderCascade[60] -- mOrderLag.firstOrderCascade[60].firstOrder1 -- mOrderLag.firstOrderCascade[61] -- mOrderLag.firstOrderCascade[61].firstOrder1 -- mOrderLag.firstOrderCascade[62] -- mOrderLag.firstOrderCascade[62].firstOrder1 -- mOrderLag.firstOrderCascade[63] -- mOrderLag.firstOrderCascade[63].firstOrder1 -- mOrderLag.firstOrderCascade[64] -- mOrderLag.firstOrderCascade[64].firstOrder1 -- mOrderLag.firstOrderCascade[65] -- mOrderLag.firstOrderCascade[65].firstOrder1 -- mOrderLag.firstOrderCascade[66] -- mOrderLag.firstOrderCascade[66].firstOrder1 -- mOrderLag.firstOrderCascade[67] -- mOrderLag.firstOrderCascade[67].firstOrder1 -- mOrderLag.firstOrderCascade[68] -- mOrderLag.firstOrderCascade[68].firstOrder1 -- mOrderLag.firstOrderCascade[69] -- mOrderLag.firstOrderCascade[69].firstOrder1 -- mOrderLag.firstOrderCascade[6] -- mOrderLag.firstOrderCascade[6].firstOrder1 -- mOrderLag.firstOrderCascade[70] -- mOrderLag.firstOrderCascade[70].firstOrder1 -- mOrderLag.firstOrderCascade[71] -- mOrderLag.firstOrderCascade[71].firstOrder1 -- mOrderLag.firstOrderCascade[72] -- mOrderLag.firstOrderCascade[72].firstOrder1 -- mOrderLag.firstOrderCascade[73] -- mOrderLag.firstOrderCascade[73].firstOrder1 -- mOrderLag.firstOrderCascade[74] -- mOrderLag.firstOrderCascade[74].firstOrder1 -- mOrderLag.firstOrderCascade[75] -- mOrderLag.firstOrderCascade[75].firstOrder1 -- mOrderLag.firstOrderCascade[76] -- mOrderLag.firstOrderCascade[76].firstOrder1 -- mOrderLag.firstOrderCascade[77] -- mOrderLag.firstOrderCascade[77].firstOrder1 -- mOrderLag.firstOrderCascade[78] -- mOrderLag.firstOrderCascade[78].firstOrder1 -- mOrderLag.firstOrderCascade[79] -- mOrderLag.firstOrderCascade[79].firstOrder1 -- mOrderLag.firstOrderCascade[7] -- mOrderLag.firstOrderCascade[7].firstOrder1 -- mOrderLag.firstOrderCascade[80] -- mOrderLag.firstOrderCascade[80].firstOrder1 -- mOrderLag.firstOrderCascade[81] -- mOrderLag.firstOrderCascade[81].firstOrder1 -- mOrderLag.firstOrderCascade[82] -- mOrderLag.firstOrderCascade[82].firstOrder1 -- mOrderLag.firstOrderCascade[83] -- mOrderLag.firstOrderCascade[83].firstOrder1 -- mOrderLag.firstOrderCascade[84] -- mOrderLag.firstOrderCascade[84].firstOrder1 -- mOrderLag.firstOrderCascade[85] -- mOrderLag.firstOrderCascade[85].firstOrder1 -- mOrderLag.firstOrderCascade[86] -- mOrderLag.firstOrderCascade[86].firstOrder1 -- mOrderLag.firstOrderCascade[87] -- mOrderLag.firstOrderCascade[87].firstOrder1 -- mOrderLag.firstOrderCascade[88] -- mOrderLag.firstOrderCascade[88].firstOrder1 -- mOrderLag.firstOrderCascade[89] -- mOrderLag.firstOrderCascade[89].firstOrder1 -- mOrderLag.firstOrderCascade[8] -- mOrderLag.firstOrderCascade[8].firstOrder1 -- mOrderLag.firstOrderCascade[90] -- mOrderLag.firstOrderCascade[90].firstOrder1 -- mOrderLag.firstOrderCascade[91] -- mOrderLag.firstOrderCascade[91].firstOrder1 -- mOrderLag.firstOrderCascade[92] -- mOrderLag.firstOrderCascade[92].firstOrder1 -- mOrderLag.firstOrderCascade[93] -- mOrderLag.firstOrderCascade[93].firstOrder1 -- mOrderLag.firstOrderCascade[94] -- mOrderLag.firstOrderCascade[94].firstOrder1 -- mOrderLag.firstOrderCascade[95] -- mOrderLag.firstOrderCascade[95].firstOrder1 -- mOrderLag.firstOrderCascade[96] -- mOrderLag.firstOrderCascade[96].firstOrder1 -- mOrderLag.firstOrderCascade[97] -- mOrderLag.firstOrderCascade[97].firstOrder1 -- mOrderLag.firstOrderCascade[98] -- mOrderLag.firstOrderCascade[98].firstOrder1 -- mOrderLag.firstOrderCascade[99] -- mOrderLag.firstOrderCascade[99].firstOrder1 -- mOrderLag.firstOrderCascade[9] -- mOrderLag.firstOrderCascade[9].firstOrder1 -- mOrderLag.leadLag -- mOrderLag.leadLag.feedback -- mOrderLag.leadLag.firstOrder -- mOrderLag.leadLag.gain -- step"", ""boundary_connectors"": ""leadLag, mOrderLag, step"", ""wired_to"": ""leadLag.leadLag, leadLag.leadLag.feedback, leadLag.leadLag.firstOrder, leadLag.leadLag.gain, mOrderLag.firstOrderCascade[10], mOrderLag.firstOrderCascade[10].firstOrder1, mOrderLag.firstOrderCascade[11], mOrderLag.firstOrderCascade[11].firstOrder1, mOrderLag.firstOrderCascade[12], mOrderLag.firstOrderCascade[12].firstOrder1, mOrderLag.firstOrderCascade[13], mOrderLag.firstOrderCascade[13].firstOrder1, mOrderLag.firstOrderCascade[14], mOrderLag.firstOrderCascade[14].firstOrder1, mOrderLag.firstOrderCascade[15], mOrderLag.firstOrderCascade[15].firstOrder1, mOrderLag.firstOrderCascade[16], mOrderLag.firstOrderCascade[16].firstOrder1, mOrderLag.firstOrderCascade[17], mOrderLag.firstOrderCascade[17].firstOrder1, mOrderLag.firstOrderCascade[18], mOrderLag.firstOrderCascade[18].firstOrder1, mOrderLag.firstOrderCascade[19], mOrderLag.firstOrderCascade[19].firstOrder1, mOrderLag.firstOrderCascade[1], mOrderLag.firstOrderCascade[1].firstOrder1, mOrderLag.firstOrderCascade[20], mOrderLag.firstOrderCascade[20].firstOrder1, mOrderLag.firstOrderCascade[21], mOrderLag.firstOrderCascade[21].firstOrder1, mOrderLag.firstOrderCascade[22], mOrderLag.firstOrderCascade[22].firstOrder1, mOrderLag.firstOrderCascade[23], mOrderLag.firstOrderCascade[23].firstOrder1, mOrderLag.firstOrderCascade[24], mOrderLag.firstOrderCascade[24].firstOrder1, mOrderLag.firstOrderCascade[25], mOrderLag.firstOrderCascade[25].firstOrder1, mOrderLag.firstOrderCascade[26], mOrderLag.firstOrderCascade[26].firstOrder1, mOrderLag.firstOrderCascade[27], mOrderLag.firstOrderCascade[27].firstOrder1, mOrderLag.firstOrderCascade[28], mOrderLag.firstOrderCascade[28].firstOrder1, mOrderLag.firstOrderCascade[29], mOrderLag.firstOrderCascade[29].firstOrder1, mOrderLag.firstOrderCascade[2], mOrderLag.firstOrderCascade[2].firstOrder1, mOrderLag.firstOrderCascade[30], mOrderLag.firstOrderCascade[30].firstOrder1, mOrderLag.firstOrderCascade[31], mOrderLag.firstOrderCascade[31].firstOrder1, mOrderLag.firstOrderCascade[32], mOrderLag.firstOrderCascade[32].firstOrder1, mOrderLag.firstOrderCascade[33], mOrderLag.firstOrderCascade[33].firstOrder1, mOrderLag.firstOrderCascade[34], mOrderLag.firstOrderCascade[34].firstOrder1, mOrderLag.firstOrderCascade[35], mOrderLag.firstOrderCascade[35].firstOrder1, mOrderLag.firstOrderCascade[36], mOrderLag.firstOrderCascade[36].firstOrder1, mOrderLag.firstOrderCascade[37], mOrderLag.firstOrderCascade[37].firstOrder1, mOrderLag.firstOrderCascade[38], mOrderLag.firstOrderCascade[38].firstOrder1, mOrderLag.firstOrderCascade[39], mOrderLag.firstOrderCascade[39].firstOrder1, mOrderLag.firstOrderCascade[3], mOrderLag.firstOrderCascade[3].firstOrder1, mOrderLag.firstOrderCascade[40], mOrderLag.firstOrderCascade[40].firstOrder1, mOrderLag.firstOrderCascade[41], mOrderLag.firstOrderCascade[41].firstOrder1, mOrderLag.firstOrderCascade[42], mOrderLag.firstOrderCascade[42].firstOrder1, mOrderLag.firstOrderCascade[43], mOrderLag.firstOrderCascade[43].firstOrder1, mOrderLag.firstOrderCascade[44], mOrderLag.firstOrderCascade[44].firstOrder1, mOrderLag.firstOrderCascade[45], mOrderLag.firstOrderCascade[45].firstOrder1, mOrderLag.firstOrderCascade[46], mOrderLag.firstOrderCascade[46].firstOrder1, mOrderLag.firstOrderCascade[47], mOrderLag.firstOrderCascade[47].firstOrder1, mOrderLag.firstOrderCascade[48], mOrderLag.firstOrderCascade[48].firstOrder1, mOrderLag.firstOrderCascade[49], mOrderLag.firstOrderCascade[49].firstOrder1, mOrderLag.firstOrderCascade[4], mOrderLag.firstOrderCascade[4].firstOrder1, mOrderLag.firstOrderCascade[50], mOrderLag.firstOrderCascade[50].firstOrder1, mOrderLag.firstOrderCascade[51], mOrderLag.firstOrderCascade[51].firstOrder1, mOrderLag.firstOrderCascade[52], mOrderLag.firstOrderCascade[52].firstOrder1, mOrderLag.firstOrderCascade[53], mOrderLag.firstOrderCascade[53].firstOrder1, mOrderLag.firstOrderCascade[54], mOrderLag.firstOrderCascade[54].firstOrder1, mOrderLag.firstOrderCascade[55], mOrderLag.firstOrderCascade[55].firstOrder1, mOrderLag.firstOrderCascade[56], mOrderLag.firstOrderCascade[56].firstOrder1, mOrderLag.firstOrderCascade[57], mOrderLag.firstOrderCascade[57].firstOrder1, mOrderLag.firstOrderCascade[58], mOrderLag.firstOrderCascade[58].firstOrder1, mOrderLag.firstOrderCascade[59], mOrderLag.firstOrderCascade[59].firstOrder1, mOrderLag.firstOrderCascade[5], mOrderLag.firstOrderCascade[5].firstOrder1, mOrderLag.firstOrderCascade[60], mOrderLag.firstOrderCascade[60].firstOrder1, mOrderLag.firstOrderCascade[61], mOrderLag.firstOrderCascade[61].firstOrder1, mOrderLag.firstOrderCascade[62], mOrderLag.firstOrderCascade[62].firstOrder1, mOrderLag.firstOrderCascade[63], mOrderLag.firstOrderCascade[63].firstOrder1, mOrderLag.firstOrderCascade[64], mOrderLag.firstOrderCascade[64].firstOrder1, mOrderLag.firstOrderCascade[65], mOrderLag.firstOrderCascade[65].firstOrder1, mOrderLag.firstOrderCascade[66], mOrderLag.firstOrderCascade[66].firstOrder1, mOrderLag.firstOrderCascade[67], mOrderLag.firstOrderCascade[67].firstOrder1, mOrderLag.firstOrderCascade[68], mOrderLag.firstOrderCascade[68].firstOrder1, mOrderLag.firstOrderCascade[69], mOrderLag.firstOrderCascade[69].firstOrder1, mOrderLag.firstOrderCascade[6], mOrderLag.firstOrderCascade[6].firstOrder1, mOrderLag.firstOrderCascade[70], mOrderLag.firstOrderCascade[70].firstOrder1, mOrderLag.firstOrderCascade[71], mOrderLag.firstOrderCascade[71].firstOrder1, mOrderLag.firstOrderCascade[72], mOrderLag.firstOrderCascade[72].firstOrder1, mOrderLag.firstOrderCascade[73], mOrderLag.firstOrderCascade[73].firstOrder1, mOrderLag.firstOrderCascade[74], mOrderLag.firstOrderCascade[74].firstOrder1, mOrderLag.firstOrderCascade[75], mOrderLag.firstOrderCascade[75].firstOrder1, mOrderLag.firstOrderCascade[76], mOrderLag.firstOrderCascade[76].firstOrder1, mOrderLag.firstOrderCascade[77], mOrderLag.firstOrderCascade[77].firstOrder1, mOrderLag.firstOrderCascade[78], mOrderLag.firstOrderCascade[78].firstOrder1, mOrderLag.firstOrderCascade[79], mOrderLag.firstOrderCascade[79].firstOrder1, mOrderLag.firstOrderCascade[7], mOrderLag.firstOrderCascade[7].firstOrder1, mOrderLag.firstOrderCascade[80], mOrderLag.firstOrderCascade[80].firstOrder1, mOrderLag.firstOrderCascade[81], mOrderLag.firstOrderCascade[81].firstOrder1, mOrderLag.firstOrderCascade[82], mOrderLag.firstOrderCascade[82].firstOrder1, mOrderLag.firstOrderCascade[83], mOrderLag.firstOrderCascade[83].firstOrder1, mOrderLag.firstOrderCascade[84], mOrderLag.firstOrderCascade[84].firstOrder1, mOrderLag.firstOrderCascade[85], mOrderLag.firstOrderCascade[85].firstOrder1, mOrderLag.firstOrderCascade[86], mOrderLag.firstOrderCascade[86].firstOrder1, mOrderLag.firstOrderCascade[87], mOrderLag.firstOrderCascade[87].firstOrder1, mOrderLag.firstOrderCascade[88], mOrderLag.firstOrderCascade[88].firstOrder1, mOrderLag.firstOrderCascade[89], mOrderLag.firstOrderCascade[89].firstOrder1, mOrderLag.firstOrderCascade[8], mOrderLag.firstOrderCascade[8].firstOrder1, mOrderLag.firstOrderCascade[90], mOrderLag.firstOrderCascade[90].firstOrder1, mOrderLag.firstOrderCascade[91], mOrderLag.firstOrderCascade[91].firstOrder1, mOrderLag.firstOrderCascade[92], mOrderLag.firstOrderCascade[92].firstOrder1, mOrderLag.firstOrderCascade[93], mOrderLag.firstOrderCascade[93].firstOrder1, mOrderLag.firstOrderCascade[94], mOrderLag.firstOrderCascade[94].firstOrder1, mOrderLag.firstOrderCascade[95], mOrderLag.firstOrderCascade[95].firstOrder1, mOrderLag.firstOrderCascade[96], mOrderLag.firstOrderCascade[96].firstOrder1, mOrderLag.firstOrderCascade[97], mOrderLag.firstOrderCascade[97].firstOrder1, mOrderLag.firstOrderCascade[98], mOrderLag.firstOrderCascade[98].firstOrder1, mOrderLag.firstOrderCascade[99], mOrderLag.firstOrderCascade[99].firstOrder1, mOrderLag.firstOrderCascade[9], mOrderLag.firstOrderCascade[9].firstOrder1, mOrderLag.leadLag, mOrderLag.leadLag.feedback, mOrderLag.leadLag.firstOrder, mOrderLag.leadLag.gain"", ""note"": ""this connector belongs to the model itself, not to a component inside it: the model is an interface compiled on its own, so the node is open on one side. Nothing forces its flow, which is why a structural matching reports an unmatched unknown here. Not a defect in the model""}",/data/mrumoca/eval/results/powergrids/findings.jsonl
powergrids,historical-static,PowerGrids.Controls.Test.TestLeadMOrderLag,108,vanishing-coefficient,medium,False,hold-needs-source-and-witness-review,"{""parameter"": ""leadLag.leadLag.firstOrder.k"", ""declared_min"": null, ""shape"": ""parameter multiplies a derivative; zero removes the equation's only determination of that state""}",/data/mrumoca/eval/results/powergrids/findings.jsonl
powergrids,historical-static,PowerGrids.Controls.Test.TestLeadMOrderLag,109,vanishing-coefficient,medium,False,hold-needs-source-and-witness-review,"{""parameter"": ""mOrderLag.leadLag.firstOrder.k"", ""declared_min"": null, ""shape"": ""parameter multiplies a derivative; zero removes the equation's only determination of that state""}",/data/mrumoca/eval/results/powergrids/findings.jsonl
powergrids,historical-static,PowerGrids.Controls.Test.TestLeadMOrderLag,110,vanishing-coefficient,medium,False,hold-needs-source-and-witness-review,"{""parameter"": ""mOrderLag.firstOrderCascade[1].firstOrder1.k"", ""declared_min"": null, ""shape"": ""parameter multiplies a derivative; zero removes the equation's only determination of that state""}",/data/mrumoca/eval/results/powergrids/findings.jsonl
powergrids,historical-static,PowerGrids.Controls.Test.TestLeadMOrderLag,111,vanishing-coefficient,medium,False,hold-needs-source-and-witness-review,"{""parameter"": ""mOrderLag.firstOrderCascade[2].firstOrder1.k"", ""declared_min"": null, ""shape"": ""parameter multiplies a derivative; zero removes the equation's only determination of that state""}",/data/mrumoca/eval/results/powergrids/findings.jsonl
powergrids,historical-static,PowerGrids.Controls.Test.TestLeadMOrderLag,112,vanishing-coefficient,medium,False,hold-needs-source-and-witness-review,"{""parameter"": ""mOrderLag.firstOrderCascade[3].firstOrder1.k"", ""declared_min"": null, ""shape"": ""parameter multiplies a derivative; zero removes the equation's only determination of that state""}",/data/mrumoca/eval/results/powergrids/findings.jsonl
powergrids,historical-static,PowerGrids.Controls.Test.TestLeadMOrderLag,113,vanishing-coefficient,medium,False,hold-needs-source-and-witness-review,"{""parameter"": ""mOrderLag.firstOrderCascade[4].firstOrder1.k"", ""declared_min"": null, ""shape"": ""parameter multiplies a derivative; zero removes the equation's only determination of that state""}",/data/mrumoca/eval/results/powergrids/findings.jsonl
powergrids,historical-static,PowerGrids.Controls.Test.TestLeadMOrderLag,114,vanishing-coefficient,medium,False,hold-needs-source-and-witness-review,"{""parameter"": ""mOrderLag.firstOrderCascade[5].firstOrder1.k"", ""declared_min"": null, ""shape"": ""parameter multiplies a derivative; zero removes the equation's only determination of that state""}",/data/mrumoca/eval/results/powergrids/findings.jsonl
powergrids,historical-static,PowerGrids.Controls.Test.TestLeadMOrderLag,115,vanishing-coefficient,medium,False,hold-needs-source-and-witness-review,"{""parameter"": ""mOrderLag.firstOrderCascade[6].firstOrder1.k"", ""declared_min"": null, ""shape"": ""parameter multiplies a derivative; zero removes the equation's only determination of that state""}",/data/mrumoca/eval/results/powergrids/findings.jsonl
powergrids,historical-static,PowerGrids.Controls.Test.TestLeadMOrderLag,116,vanishing-coefficient,medium,False,hold-needs-source-and-witness-review,"{""parameter"": ""mOrderLag.firstOrderCascade[7].firstOrder1.k"", ""declared_min"": null, ""shape"": ""parameter multiplies a derivative; zero removes the equation's only determination of that state""}",/data/mrumoca/eval/results/powergrids/findings.jsonl
powergrids,historical-static,PowerGrids.Controls.Test.TestLeadMOrderLag,117,vanishing-coefficient,medium,False,hold-needs-source-and-witness-review,"{""parameter"": ""mOrderLag.firstOrderCascade[8].firstOrder1.k"", ""declared_min"": null, ""shape"": ""parameter multiplies a derivative; zero removes the equation's only determination of that state""}",/data/mrumoca/eval/results/powergrids/findings.jsonl
powergrids,historical-static,PowerGrids.Controls.Test.TestLeadMOrderLag,118,vanishing-coefficient,medium,False,hold-needs-source-and-witness-review,"{""parameter"": ""mOrderLag.firstOrderCascade[9].firstOrder1.k"", ""declared_min"": null, ""shape"": ""parameter multiplies a derivative; zero removes the equation's only determination of that state""}",/data/mrumoca/eval/results/powergrids/findings.jsonl
powergrids,historical-static,PowerGrids.Controls.Test.TestLeadMOrderLag,119,vanishing-coefficient,medium,False,hold-needs-source-and-witness-review,"{""parameter"": ""mOrderLag.firstOrderCascade[10].firstOrder1.k"", ""declared_min"": null, ""shape"": ""parameter multiplies a derivative; zero removes the equation's only determination of that state""}",/data/mrumoca/eval/results/powergrids/findings.jsonl
powergrids,historical-static,PowerGrids.Controls.Test.TestLeadMOrderLag,120,vanishing-coefficient,medium,False,hold-needs-source-and-witness-review,"{""parameter"": ""mOrderLag.firstOrderCascade[11].firstOrder1.k"", ""declared_min"": null, ""shape"": ""parameter multiplies a derivative; zero removes the equation's only determination of that state""}",/data/mrumoca/eval/results/powergrids/findings.jsonl
powergrids,historical-static,PowerGrids.Controls.Test.TestLeadMOrderLag,121,vanishing-coefficient,medium,False,hold-needs-source-and-witness-review,"{""parameter"": ""mOrderLag.firstOrderCascade[12].firstOrder1.k"", ""declared_min"": null, ""shape"": ""parameter multiplies a derivative; zero removes the equation's only determination of that state""}",/data/mrumoca/eval/results/powergrids/findings.jsonl
powergrids,historical-static,PowerGrids.Controls.Test.TestLeadMOrderLag,122,vanishing-coefficient,medium,False,hold-needs-source-and-witness-review,"{""parameter"": ""mOrderLag.firstOrderCascade[13].firstOrder1.k"", ""declared_min"": null, ""shape"": ""parameter multiplies a derivative; zero removes the equation's only determination of that state""}",/data/mrumoca/eval/results/powergrids/findings.jsonl
powergrids,historical-static,PowerGrids.Controls.Test.TestLeadMOrderLag,123,vanishing-coefficient,medium,False,hold-needs-source-and-witness-review,"{""parameter"": ""mOrderLag.firstOrderCascade[14].firstOrder1.k"", ""declared_min"": null, ""shape"": ""parameter multiplies a derivative; zero removes the equation's only determination of that state""}",/data/mrumoca/eval/results/powergrids/findings.jsonl
powergrids,historical-static,PowerGrids.Controls.Test.TestLeadMOrderLag,124,vanishing-coefficient,medium,False,hold-needs-source-and-witness-review,"{""parameter"": ""mOrderLag.firstOrderCascade[15].firstOrder1.k"", ""declared_min"": null, ""shape"": ""parameter multiplies a derivative; zero removes the equation's only determination of that state""}",/data/mrumoca/eval/results/powergrids/findings.jsonl
powergrids,historical-static,PowerGrids.Controls.Test.TestLeadMOrderLag,125,vanishing-coefficient,medium,False,hold-needs-source-and-witness-review,"{""parameter"": ""mOrderLag.firstOrderCascade[16].firstOrder1.k"", ""declared_min"": null, ""shape"": ""parameter multiplies a derivative; zero removes the equation's only determination of that state""}",/data/mrumoca/eval/results/powergrids/findings.jsonl
powergrids,historical-static,PowerGrids.Controls.Test.TestLeadMOrderLag,126,vanishing-coefficient,medium,False,hold-needs-source-and-witness-review,"{""parameter"": ""mOrderLag.firstOrderCascade[17].firstOrder1.k"", ""declared_min"": null, ""shape"": ""parameter multiplies a derivative; zero removes the equation's only determination of that state""}",/data/mrumoca/eval/results/powergrids/findings.jsonl
powergrids,historical-static,PowerGrids.Controls.Test.TestLeadMOrderLag,127,vanishing-coefficient,medium,False,hold-needs-source-and-witness-review,"{""parameter"": ""mOrderLag.firstOrderCascade[18].firstOrder1.k"", ""declared_min"": null, ""shape"": ""parameter multiplies a derivative; zero removes the equation's only determination of that state""}",/data/mrumoca/eval/results/powergrids/findings.jsonl
powergrids,historical-static,PowerGrids.Controls.Test.TestLeadMOrderLag,128,vanishing-coefficient,medium,False,hold-needs-source-and-witness-review,"{""parameter"": ""mOrderLag.firstOrderCascade[19].firstOrder1.k"", ""declared_min"": null, ""shape"": ""parameter multiplies a derivative; zero removes the equation's only determination of that state""}",/data/mrumoca/eval/results/powergrids/findings.jsonl
powergrids,historical-static,PowerGrids.Controls.Test.TestLeadMOrderLag,129,vanishing-coefficient,medium,False,hold-needs-source-and-witness-review,"{""parameter"": ""mOrderLag.firstOrderCascade[20].firstOrder1.k"", ""declared_min"": null, ""shape"": ""parameter multiplies a derivative; zero removes the equation's only determination of that state""}",/data/mrumoca/eval/results/powergrids/findings.jsonl
powergrids,historical-static,PowerGrids.Controls.Test.TestLeadMOrderLag,130,vanishing-coefficient,medium,False,hold-needs-source-and-witness-review,"{""parameter"": ""mOrderLag.firstOrderCascade[21].firstOrder1.k"", ""declared_min"": null, ""shape"": ""parameter multiplies a derivative; zero removes the equation's only determination of that state""}",/data/mrumoca/eval/results/powergrids/findings.jsonl
powergrids,historical-static,PowerGrids.Controls.Test.TestLeadMOrderLag,131,vanishing-coefficient,medium,False,hold-needs-source-and-witness-review,"{""parameter"": ""mOrderLag.firstOrderCascade[22].firstOrder1.k"", ""declared_min"": null, ""shape"": ""parameter multiplies a derivative; zero removes the equation's only determination of that state""}",/data/mrumoca/eval/results/powergrids/findings.jsonl
powergrids,historical-static,PowerGrids.Controls.Test.TestLeadMOrderLag,132,vanishing-coefficient,medium,False,hold-needs-source-and-witness-review,"{""parameter"": ""mOrderLag.firstOrderCascade[23].firstOrder1.k"", ""declared_min"": null, ""shape"": ""parameter multiplies a derivative; zero removes the equation's only determination of that state""}",/data/mrumoca/eval/results/powergrids/findings.jsonl
powergrids,historical-static,PowerGrids.Controls.Test.TestLeadMOrderLag,133,vanishing-coefficient,medium,False,hold-needs-source-and-witness-review,"{""parameter"": ""mOrderLag.firstOrderCascade[24].firstOrder1.k"", ""declared_min"": null, ""shape"": ""parameter multiplies a derivative; zero removes the equation's only determination of that state""}",/data/mrumoca/eval/results/powergrids/findings.jsonl
powergrids,historical-static,PowerGrids.Controls.Test.TestLeadMOrderLag,134,vanishing-coefficient,medium,False,hold-needs-source-and-witness-review,"{""parameter"": ""mOrderLag.firstOrderCascade[25].firstOrder1.k"", ""declared_min"": null, ""shape"": ""parameter multiplies a derivative; zero removes the equation's only determination of that state""}",/data/mrumoca/eval/results/powergrids/findings.jsonl
powergrids,historical-static,PowerGrids.Controls.Test.TestLeadMOrderLag,135,vanishing-coefficient,medium,False,hold-needs-source-and-witness-review,"{""parameter"": ""mOrderLag.firstOrderCascade[26].firstOrder1.k"", ""declared_min"": null, ""shape"": ""parameter multiplies a derivative; zero removes the equation's only determination of that state""}",/data/mrumoca/eval/results/powergrids/findings.jsonl
powergrids,historical-static,PowerGrids.Controls.Test.TestLeadMOrderLag,136,vanishing-coefficient,medium,False,hold-needs-source-and-witness-review,"{""parameter"": ""mOrderLag.firstOrderCascade[27].firstOrder1.k"", ""declared_min"": null, ""shape"": ""parameter multiplies a derivative; zero removes the equation's only determination of that state""}",/data/mrumoca/eval/results/powergrids/findings.jsonl
powergrids,historical-static,PowerGrids.Controls.Test.TestLeadMOrderLag,137,vanishing-coefficient,medium,False,hold-needs-source-and-witness-review,"{""parameter"": ""mOrderLag.firstOrderCascade[28].firstOrder1.k"", ""declared_min"": null, ""shape"": ""parameter multiplies a derivative; zero removes the equation's only determination of that state""}",/data/mrumoca/eval/results/powergrids/findings.jsonl
powergrids,historical-static,PowerGrids.Controls.Test.TestLeadMOrderLag,138,vanishing-coefficient,medium,False,hold-needs-source-and-witness-review,"{""parameter"": ""mOrderLag.firstOrderCascade[29].firstOrder1.k"", ""declared_min"": null, ""shape"": ""parameter multiplies a derivative; zero removes the equation's only determination of that state""}",/data/mrumoca/eval/results/powergrids/findings.jsonl
powergrids,historical-static,PowerGrids.Controls.Test.TestLeadMOrderLag,139,vanishing-coefficient,medium,False,hold-needs-source-and-witness-review,"{""parameter"": ""mOrderLag.firstOrderCascade[30].firstOrder1.k"", ""declared_min"": null, ""shape"": ""parameter multiplies a derivative; zero removes the equation's only determination of that state""}",/data/mrumoca/eval/results/powergrids/findings.jsonl
powergrids,historical-static,PowerGrids.Controls.Test.TestLeadMOrderLag,140,vanishing-coefficient,medium,False,hold-needs-source-and-witness-review,"{""parameter"": ""mOrderLag.firstOrderCascade[31].firstOrder1.k"", ""declared_min"": null, ""shape"": ""parameter multiplies a derivative; zero removes the equation's only determination of that state""}",/data/mrumoca/eval/results/powergrids/findings.jsonl
powergrids,historical-static,PowerGrids.Controls.Test.TestLeadMOrderLag,141,vanishing-coefficient,medium,False,hold-needs-source-and-witness-review,"{""parameter"": ""mOrderLag.firstOrderCascade[32].firstOrder1.k"", ""declared_min"": null, ""shape"": ""parameter multiplies a derivative; zero removes the equation's only determination of that state""}",/data/mrumoca/eval/results/powergrids/findings.jsonl
powergrids,historical-static,PowerGrids.Controls.Test.TestLeadMOrderLag,142,vanishing-coefficient,medium,False,hold-needs-source-and-witness-review,"{""parameter"": ""mOrderLag.firstOrderCascade[33].firstOrder1.k"", ""declared_min"": null, ""shape"": ""parameter multiplies a derivative; zero removes the equation's only determination of that state""}",/data/mrumoca/eval/results/powergrids/findings.jsonl
powergrids,historical-static,PowerGrids.Controls.Test.TestLeadMOrderLag,143,vanishing-coefficient,medium,False,hold-needs-source-and-witness-review,"{""parameter"": ""mOrderLag.firstOrderCascade[34].firstOrder1.k"", ""declared_min"": null, ""shape"": ""parameter multiplies a derivative; zero removes the equation's only determination of that state""}",/data/mrumoca/eval/results/powergrids/findings.jsonl
powergrids,historical-static,PowerGrids.Controls.Test.TestLeadMOrderLag,144,vanishing-coefficient,medium,False,hold-needs-source-and-witness-review,"{""parameter"": ""mOrderLag.firstOrderCascade[35].firstOrder1.k"", ""declared_min"": null, ""shape"": ""parameter multiplies a derivative; zero removes the equation's only determination of that state""}",/data/mrumoca/eval/results/powergrids/findings.jsonl
powergrids,historical-static,PowerGrids.Controls.Test.TestLeadMOrderLag,145,vanishing-coefficient,medium,False,hold-needs-source-and-witness-review,"{""parameter"": ""mOrderLag.firstOrderCascade[36].firstOrder1.k"", ""declared_min"": null, ""shape"": ""parameter multiplies a derivative; zero removes the equation's only determination of that state""}",/data/mrumoca/eval/results/powergrids/findings.jsonl
powergrids,historical-static,PowerGrids.Controls.Test.TestLeadMOrderLag,146,vanishing-coefficient,medium,False,hold-needs-source-and-witness-review,"{""parameter"": ""mOrderLag.firstOrderCascade[37].firstOrder1.k"", ""declared_min"": null, ""shape"": ""parameter multiplies a derivative; zero removes the equation's only determination of that state""}",/data/mrumoca/eval/results/powergrids/findings.jsonl
powergrids,historical-static,PowerGrids.Controls.Test.TestLeadMOrderLag,147,vanishing-coefficient,medium,False,hold-needs-source-and-witness-review,"{""parameter"": ""mOrderLag.firstOrderCascade[38].firstOrder1.k"", ""declared_min"": null, ""shape"": ""parameter multiplies a derivative; zero removes the equation's only determination of that state""}",/data/mrumoca/eval/results/powergrids/findings.jsonl
powergrids,historical-static,PowerGrids.Controls.Test.TestLeadMOrderLag,148,vanishing-coefficient,medium,False,hold-needs-source-and-witness-review,"{""parameter"": ""mOrderLag.firstOrderCascade[39].firstOrder1.k"", ""declared_min"": null, ""shape"": ""parameter multiplies a derivative; zero removes the equation's only determination of that state""}",/data/mrumoca/eval/results/powergrids/findings.jsonl
powergrids,historical-static,PowerGrids.Controls.Test.TestLeadMOrderLag,149,vanishing-coefficient,medium,False,hold-needs-source-and-witness-review,"{""parameter"": ""mOrderLag.firstOrderCascade[40].firstOrder1.k"", ""declared_min"": null, ""shape"": ""parameter multiplies a derivative; zero removes the equation's only determination of that state""}",/data/mrumoca/eval/results/powergrids/findings.jsonl
powergrids,historical-static,PowerGrids.Controls.Test.TestLeadMOrderLag,150,vanishing-coefficient,medium,False,hold-needs-source-and-witness-review,"{""parameter"": ""mOrderLag.firstOrderCascade[41].firstOrder1.k"", ""declared_min"": null, ""shape"": ""parameter multiplies a derivative; zero removes the equation's only determination of that state""}",/data/mrumoca/eval/results/powergrids/findings.jsonl
powergrids,historical-static,PowerGrids.Controls.Test.TestLeadMOrderLag,151,vanishing-coefficient,medium,False,hold-needs-source-and-witness-review,"{""parameter"": ""mOrderLag.firstOrderCascade[42].firstOrder1.k"", ""declared_min"": null, ""shape"": ""parameter multiplies a derivative; zero removes the equation's only determination of that state""}",/data/mrumoca/eval/results/powergrids/findings.jsonl
powergrids,historical-static,PowerGrids.Controls.Test.TestLeadMOrderLag,152,vanishing-coefficient,medium,False,hold-needs-source-and-witness-review,"{""parameter"": ""mOrderLag.firstOrderCascade[43].firstOrder1.k"", ""declared_min"": null, ""shape"": ""parameter multiplies a derivative; zero removes the equation's only determination of that state""}",/data/mrumoca/eval/results/powergrids/findings.jsonl
powergrids,historical-static,PowerGrids.Controls.Test.TestLeadMOrderLag,153,vanishing-coefficient,medium,False,hold-needs-source-and-witness-review,"{""parameter"": ""mOrderLag.firstOrderCascade[44].firstOrder1.k"", ""declared_min"": null, ""shape"": ""parameter multiplies a derivative; zero removes the equation's only determination of that state""}",/data/mrumoca/eval/results/powergrids/findings.jsonl
powergrids,historical-static,PowerGrids.Controls.Test.TestLeadMOrderLag,154,vanishing-coefficient,medium,False,hold-needs-source-and-witness-review,"{""parameter"": ""mOrderLag.firstOrderCascade[45].firstOrder1.k"", ""declared_min"": null, ""shape"": ""parameter multiplies a derivative; zero removes the equation's only determination of that state""}",/data/mrumoca/eval/results/powergrids/findings.jsonl
powergrids,historical-static,PowerGrids.Controls.Test.TestLeadMOrderLag,155,vanishing-coefficient,medium,False,hold-needs-source-and-witness-review,"{""parameter"": ""mOrderLag.firstOrderCascade[46].firstOrder1.k"", ""declared_min"": null, ""shape"": ""parameter multiplies a derivative; zero removes the equation's only determination of that state""}",/data/mrumoca/eval/results/powergrids/findings.jsonl
powergrids,historical-static,PowerGrids.Controls.Test.TestLeadMOrderLag,156,vanishing-coefficient,medium,False,hold-needs-source-and-witness-review,"{""parameter"": ""mOrderLag.firstOrderCascade[47].firstOrder1.k"", ""declared_min"": null, ""shape"": ""parameter multiplies a derivative; zero removes the equation's only determination of that state""}",/data/mrumoca/eval/results/powergrids/findings.jsonl
powergrids,historical-static,PowerGrids.Controls.Test.TestLeadMOrderLag,157,vanishing-coefficient,medium,False,hold-needs-source-and-witness-review,"{""parameter"": ""mOrderLag.firstOrderCascade[48].firstOrder1.k"", ""declared_min"": null, ""shape"": ""parameter multiplies a derivative; zero removes the equation's only determination of that state""}",/data/mrumoca/eval/results/powergrids/findings.jsonl
powergrids,historical-static,PowerGrids.Controls.Test.TestLeadMOrderLag,158,vanishing-coefficient,medium,False,hold-needs-source-and-witness-review,"{""parameter"": ""mOrderLag.firstOrderCascade[49].firstOrder1.k"", ""declared_min"": null, ""shape"": ""parameter multiplies a derivative; zero removes the equation's only determination of that state""}",/data/mrumoca/eval/results/powergrids/findings.jsonl
powergrids,historical-static,PowerGrids.Controls.Test.TestLeadMOrderLag,159,vanishing-coefficient,medium,False,hold-needs-source-and-witness-review,"{""parameter"": ""mOrderLag.firstOrderCascade[50].firstOrder1.k"", ""declared_min"": null, ""shape"": ""parameter multiplies a derivative; zero removes the equation's only determination of that state""}",/data/mrumoca/eval/results/powergrids/findings.jsonl
powergrids,historical-static,PowerGrids.Controls.Test.TestLeadMOrderLag,160,vanishing-coefficient,medium,False,hold-needs-source-and-witness-review,"{""parameter"": ""mOrderLag.firstOrderCascade[51].firstOrder1.k"", ""declared_min"": null, ""shape"": ""parameter multiplies a derivative; zero removes the equation's only determination of that state""}",/data/mrumoca/eval/results/powergrids/findings.jsonl
powergrids,historical-static,PowerGrids.Controls.Test.TestLeadMOrderLag,161,vanishing-coefficient,medium,False,hold-needs-source-and-witness-review,"{""parameter"": ""mOrderLag.firstOrderCascade[52].firstOrder1.k"", ""declared_min"": null, ""shape"": ""parameter multiplies a derivative; zero removes the equation's only determination of that state""}",/data/mrumoca/eval/results/powergrids/findings.jsonl
powergrids,historical-static,PowerGrids.Controls.Test.TestLeadMOrderLag,162,vanishing-coefficient,medium,False,hold-needs-source-and-witness-review,"{""parameter"": ""mOrderLag.firstOrderCascade[53].firstOrder1.k"", ""declared_min"": null, ""shape"": ""parameter multiplies a derivative; zero removes the equation's only determination of that state""}",/data/mrumoca/eval/results/powergrids/findings.jsonl
powergrids,historical-static,PowerGrids.Controls.Test.TestLeadMOrderLag,163,vanishing-coefficient,medium,False,hold-needs-source-and-witness-review,"{""parameter"": ""mOrderLag.firstOrderCascade[54].firstOrder1.k"", ""declared_min"": null, ""shape"": ""parameter multiplies a derivative; zero removes the equation's only determination of that state""}",/data/mrumoca/eval/results/powergrids/findings.jsonl
powergrids,historical-static,PowerGrids.Controls.Test.TestLeadMOrderLag,164,vanishing-coefficient,medium,False,hold-needs-source-and-witness-review,"{""parameter"": ""mOrderLag.firstOrderCascade[55].firstOrder1.k"", ""declared_min"": null, ""shape"": ""parameter multiplies a derivative; zero removes the equation's only determination of that state""}",/data/mrumoca/eval/results/powergrids/findings.jsonl
powergrids,historical-static,PowerGrids.Controls.Test.TestLeadMOrderLag,165,vanishing-coefficient,medium,False,hold-needs-source-and-witness-review,"{""parameter"": ""mOrderLag.firstOrderCascade[56].firstOrder1.k"", ""declared_min"": null, ""shape"": ""parameter multiplies a derivative; zero removes the equation's only determination of that state""}",/data/mrumoca/eval/results/powergrids/findings.jsonl
powergrids,historical-static,PowerGrids.Controls.Test.TestLeadMOrderLag,166,vanishing-coefficient,medium,False,hold-needs-source-and-witness-review,"{""parameter"": ""mOrderLag.firstOrderCascade[57].firstOrder1.k"", ""declared_min"": null, ""shape"": ""parameter multiplies a derivative; zero removes the equation's only determination of that state""}",/data/mrumoca/eval/results/powergrids/findings.jsonl
powergrids,historical-static,PowerGrids.Controls.Test.TestLeadMOrderLag,167,vanishing-coefficient,medium,False,hold-needs-source-and-witness-review,"{""parameter"": ""mOrderLag.firstOrderCascade[58].firstOrder1.k"", ""declared_min"": null, ""shape"": ""parameter multiplies a derivative; zero removes the equation's only determination of that state""}",/data/mrumoca/eval/results/powergrids/findings.jsonl
powergrids,historical-static,PowerGrids.Controls.Test.TestLeadMOrderLag,168,vanishing-coefficient,medium,False,hold-needs-source-and-witness-review,"{""parameter"": ""mOrderLag.firstOrderCascade[59].firstOrder1.k"", ""declared_min"": null, ""shape"": ""parameter multiplies a derivative; zero removes the equation's only determination of that state""}",/data/mrumoca/eval/results/powergrids/findings.jsonl
powergrids,historical-static,PowerGrids.Controls.Test.TestLeadMOrderLag,169,vanishing-coefficient,medium,False,hold-needs-source-and-witness-review,"{""parameter"": ""mOrderLag.firstOrderCascade[60].firstOrder1.k"", ""declared_min"": null, ""shape"": ""parameter multiplies a derivative; zero removes the equation's only determination of that state""}",/data/mrumoca/eval/results/powergrids/findings.jsonl
powergrids,historical-static,PowerGrids.Controls.Test.TestLeadMOrderLag,170,vanishing-coefficient,medium,False,hold-needs-source-and-witness-review,"{""parameter"": ""mOrderLag.firstOrderCascade[61].firstOrder1.k"", ""declared_min"": null, ""shape"": ""parameter multiplies a derivative; zero removes the equation's only determination of that state""}",/data/mrumoca/eval/results/powergrids/findings.jsonl
powergrids,historical-static,PowerGrids.Controls.Test.TestLeadMOrderLag,171,vanishing-coefficient,medium,False,hold-needs-source-and-witness-review,"{""parameter"": ""mOrderLag.firstOrderCascade[62].firstOrder1.k"", ""declared_min"": null, ""shape"": ""parameter multiplies a derivative; zero removes the equation's only determination of that state""}",/data/mrumoca/eval/results/powergrids/findings.jsonl
powergrids,historical-static,PowerGrids.Controls.Test.TestLeadMOrderLag,172,vanishing-coefficient,medium,False,hold-needs-source-and-witness-review,"{""parameter"": ""mOrderLag.firstOrderCascade[63].firstOrder1.k"", ""declared_min"": null, ""shape"": ""parameter multiplies a derivative; zero removes the equation's only determination of that state""}",/data/mrumoca/eval/results/powergrids/findings.jsonl
powergrids,historical-static,PowerGrids.Controls.Test.TestLeadMOrderLag,173,vanishing-coefficient,medium,False,hold-needs-source-and-witness-review,"{""parameter"": ""mOrderLag.firstOrderCascade[64].firstOrder1.k"", ""declared_min"": null, ""shape"": ""parameter multiplies a derivative; zero removes the equation's only determination of that state""}",/data/mrumoca/eval/results/powergrids/findings.jsonl
powergrids,historical-static,PowerGrids.Controls.Test.TestLeadMOrderLag,174,vanishing-coefficient,medium,False,hold-needs-source-and-witness-review,"{""parameter"": ""mOrderLag.firstOrderCascade[65].firstOrder1.k"", ""declared_min"": null, ""shape"": ""parameter multiplies a derivative; zero removes the equation's only determination of that state""}",/data/mrumoca/eval/results/powergrids/findings.jsonl
powergrids,historical-static,PowerGrids.Controls.Test.TestLeadMOrderLag,175,vanishing-coefficient,medium,False,hold-needs-source-and-witness-review,"{""parameter"": ""mOrderLag.firstOrderCascade[66].firstOrder1.k"", ""declared_min"": null, ""shape"": ""parameter multiplies a derivative; zero removes the equation's only determination of that state""}",/data/mrumoca/eval/results/powergrids/findings.jsonl
powergrids,historical-static,PowerGrids.Controls.Test.TestLeadMOrderLag,176,vanishing-coefficient,medium,False,hold-needs-source-and-witness-review,"{""parameter"": ""mOrderLag.firstOrderCascade[67].firstOrder1.k"", ""declared_min"": null, ""shape"": ""parameter multiplies a derivative; zero removes the equation's only determination of that state""}",/data/mrumoca/eval/results/powergrids/findings.jsonl
powergrids,historical-static,PowerGrids.Controls.Test.TestLeadMOrderLag,177,vanishing-coefficient,medium,False,hold-needs-source-and-witness-review,"{""parameter"": ""mOrderLag.firstOrderCascade[68].firstOrder1.k"", ""declared_min"": null, ""shape"": ""parameter multiplies a derivative; zero removes the equation's only determination of that state""}",/data/mrumoca/eval/results/powergrids/findings.jsonl
powergrids,historical-static,PowerGrids.Controls.Test.TestLeadMOrderLag,178,vanishing-coefficient,medium,False,hold-needs-source-and-witness-review,"{""parameter"": ""mOrderLag.firstOrderCascade[69].firstOrder1.k"", ""declared_min"": null, ""shape"": ""parameter multiplies a derivative; zero removes the equation's only determination of that state""}",/data/mrumoca/eval/results/powergrids/findings.jsonl
powergrids,historical-static,PowerGrids.Controls.Test.TestLeadMOrderLag,179,vanishing-coefficient,medium,False,hold-needs-source-and-witness-review,"{""parameter"": ""mOrderLag.firstOrderCascade[70].firstOrder1.k"", ""declared_min"": null, ""shape"": ""parameter multiplies a derivative; zero removes the equation's only determination of that state""}",/data/mrumoca/eval/results/powergrids/findings.jsonl
powergrids,historical-static,PowerGrids.Controls.Test.TestLeadMOrderLag,180,vanishing-coefficient,medium,False,hold-needs-source-and-witness-review,"{""parameter"": ""mOrderLag.firstOrderCascade[71].firstOrder1.k"", ""declared_min"": null, ""shape"": ""parameter multiplies a derivative; zero removes the equation's only determination of that state""}",/data/mrumoca/eval/results/powergrids/findings.jsonl
powergrids,historical-static,PowerGrids.Controls.Test.TestLeadMOrderLag,181,vanishing-coefficient,medium,False,hold-needs-source-and-witness-review,"{""parameter"": ""mOrderLag.firstOrderCascade[72].firstOrder1.k"", ""declared_min"": null, ""shape"": ""parameter multiplies a derivative; zero removes the equation's only determination of that state""}",/data/mrumoca/eval/results/powergrids/findings.jsonl
powergrids,historical-static,PowerGrids.Controls.Test.TestLeadMOrderLag,182,vanishing-coefficient,medium,False,hold-needs-source-and-witness-review,"{""parameter"": ""mOrderLag.firstOrderCascade[73].firstOrder1.k"", ""declared_min"": null, ""shape"": ""parameter multiplies a derivative; zero removes the equation's only determination of that state""}",/data/mrumoca/eval/results/powergrids/findings.jsonl
powergrids,historical-static,PowerGrids.Controls.Test.TestLeadMOrderLag,183,vanishing-coefficient,medium,False,hold-needs-source-and-witness-review,"{""parameter"": ""mOrderLag.firstOrderCascade[74].firstOrder1.k"", ""declared_min"": null, ""shape"": ""parameter multiplies a derivative; zero removes the equation's only determination of that state""}",/data/mrumoca/eval/results/powergrids/findings.jsonl
powergrids,historical-static,PowerGrids.Controls.Test.TestLeadMOrderLag,184,vanishing-coefficient,medium,False,hold-needs-source-and-witness-review,"{""parameter"": ""mOrderLag.firstOrderCascade[75].firstOrder1.k"", ""declared_min"": null, ""shape"": ""parameter multiplies a derivative; zero removes the equation's only determination of that state""}",/data/mrumoca/eval/results/powergrids/findings.jsonl
powergrids,historical-static,PowerGrids.Controls.Test.TestLeadMOrderLag,185,vanishing-coefficient,medium,False,hold-needs-source-and-witness-review,"{""parameter"": ""mOrderLag.firstOrderCascade[76].firstOrder1.k"", ""declared_min"": null, ""shape"": ""parameter multiplies a derivative; zero removes the equation's only determination of that state""}",/data/mrumoca/eval/results/powergrids/findings.jsonl
powergrids,historical-static,PowerGrids.Controls.Test.TestLeadMOrderLag,186,vanishing-coefficient,medium,False,hold-needs-source-and-witness-review,"{""parameter"": ""mOrderLag.firstOrderCascade[77].firstOrder1.k"", ""declared_min"": null, ""shape"": ""parameter multiplies a derivative; zero removes the equation's only determination of that state""}",/data/mrumoca/eval/results/powergrids/findings.jsonl
powergrids,historical-static,PowerGrids.Controls.Test.TestLeadMOrderLag,187,vanishing-coefficient,medium,False,hold-needs-source-and-witness-review,"{""parameter"": ""mOrderLag.firstOrderCascade[78].firstOrder1.k"", ""declared_min"": null, ""shape"": ""parameter multiplies a derivative; zero removes the equation's only determination of that state""}",/data/mrumoca/eval/results/powergrids/findings.jsonl
powergrids,historical-static,PowerGrids.Controls.Test.TestLeadMOrderLag,188,vanishing-coefficient,medium,False,hold-needs-source-and-witness-review,"{""parameter"": ""mOrderLag.firstOrderCascade[79].firstOrder1.k"", ""declared_min"": null, ""shape"": ""parameter multiplies a derivative; zero removes the equation's only determination of that state""}",/data/mrumoca/eval/results/powergrids/findings.jsonl
powergrids,historical-static,PowerGrids.Controls.Test.TestLeadMOrderLag,189,vanishing-coefficient,medium,False,hold-needs-source-and-witness-review,"{""parameter"": ""mOrderLag.firstOrderCascade[80].firstOrder1.k"", ""declared_min"": null, ""shape"": ""parameter multiplies a derivative; zero removes the equation's only determination of that state""}",/data/mrumoca/eval/results/powergrids/findings.jsonl
powergrids,historical-static,PowerGrids.Controls.Test.TestLeadMOrderLag,190,vanishing-coefficient,medium,False,hold-needs-source-and-witness-review,"{""parameter"": ""mOrderLag.firstOrderCascade[81].firstOrder1.k"", ""declared_min"": null, ""shape"": ""parameter multiplies a derivative; zero removes the equation's only determination of that state""}",/data/mrumoca/eval/results/powergrids/findings.jsonl
powergrids,historical-static,PowerGrids.Controls.Test.TestLeadMOrderLag,191,vanishing-coefficient,medium,False,hold-needs-source-and-witness-review,"{""parameter"": ""mOrderLag.firstOrderCascade[82].firstOrder1.k"", ""declared_min"": null, ""shape"": ""parameter multiplies a derivative; zero removes the equation's only determination of that state""}",/data/mrumoca/eval/results/powergrids/findings.jsonl
powergrids,historical-static,PowerGrids.Controls.Test.TestLeadMOrderLag,192,vanishing-coefficient,medium,False,hold-needs-source-and-witness-review,"{""parameter"": ""mOrderLag.firstOrderCascade[83].firstOrder1.k"", ""declared_min"": null, ""shape"": ""parameter multiplies a derivative; zero removes the equation's only determination of that state""}",/data/mrumoca/eval/results/powergrids/findings.jsonl
powergrids,historical-static,PowerGrids.Controls.Test.TestLeadMOrderLag,193,vanishing-coefficient,medium,False,hold-needs-source-and-witness-review,"{""parameter"": ""mOrderLag.firstOrderCascade[84].firstOrder1.k"", ""declared_min"": null, ""shape"": ""parameter multiplies a derivative; zero removes the equation's only determination of that state""}",/data/mrumoca/eval/results/powergrids/findings.jsonl
powergrids,historical-static,PowerGrids.Controls.Test.TestLeadMOrderLag,194,vanishing-coefficient,medium,False,hold-needs-source-and-witness-review,"{""parameter"": ""mOrderLag.firstOrderCascade[85].firstOrder1.k"", ""declared_min"": null, ""shape"": ""parameter multiplies a derivative; zero removes the equation's only determination of that state""}",/data/mrumoca/eval/results/powergrids/findings.jsonl
powergrids,historical-static,PowerGrids.Controls.Test.TestLeadMOrderLag,195,vanishing-coefficient,medium,False,hold-needs-source-and-witness-review,"{""parameter"": ""mOrderLag.firstOrderCascade[86].firstOrder1.k"", ""declared_min"": null, ""shape"": ""parameter multiplies a derivative; zero removes the equation's only determination of that state""}",/data/mrumoca/eval/results/powergrids/findings.jsonl
powergrids,historical-static,PowerGrids.Controls.Test.TestLeadMOrderLag,196,vanishing-coefficient,medium,False,hold-needs-source-and-witness-review,"{""parameter"": ""mOrderLag.firstOrderCascade[87].firstOrder1.k"", ""declared_min"": null, ""shape"": ""parameter multiplies a derivative; zero removes the equation's only determination of that state""}",/data/mrumoca/eval/results/powergrids/findings.jsonl
powergrids,historical-static,PowerGrids.Controls.Test.TestLeadMOrderLag,197,vanishing-coefficient,medium,False,hold-needs-source-and-witness-review,"{""parameter"": ""mOrderLag.firstOrderCascade[88].firstOrder1.k"", ""declared_min"": null, ""shape"": ""parameter multiplies a derivative; zero removes the equation's only determination of that state""}",/data/mrumoca/eval/results/powergrids/findings.jsonl
powergrids,historical-static,PowerGrids.Controls.Test.TestLeadMOrderLag,198,vanishing-coefficient,medium,False,hold-needs-source-and-witness-review,"{""parameter"": ""mOrderLag.firstOrderCascade[89].firstOrder1.k"", ""declared_min"": null, ""shape"": ""parameter multiplies a derivative; zero removes the equation's only determination of that state""}",/data/mrumoca/eval/results/powergrids/findings.jsonl
powergrids,historical-static,PowerGrids.Controls.Test.TestLeadMOrderLag,199,vanishing-coefficient,medium,False,hold-needs-source-and-witness-review,"{""parameter"": ""mOrderLag.firstOrderCascade[90].firstOrder1.k"", ""declared_min"": null, ""shape"": ""parameter multiplies a derivative; zero removes the equation's only determination of that state""}",/data/mrumoca/eval/results/powergrids/findings.jsonl
powergrids,historical-static,PowerGrids.Controls.Test.TestLeadMOrderLag,200,vanishing-coefficient,medium,False,hold-needs-source-and-witness-review,"{""parameter"": ""mOrderLag.firstOrderCascade[91].firstOrder1.k"", ""declared_min"": null, ""shape"": ""parameter multiplies a derivative; zero removes the equation's only determination of that state""}",/data/mrumoca/eval/results/powergrids/findings.jsonl
powergrids,historical-static,PowerGrids.Controls.Test.TestLeadMOrderLag,201,vanishing-coefficient,medium,False,hold-needs-source-and-witness-review,"{""parameter"": ""mOrderLag.firstOrderCascade[92].firstOrder1.k"", ""declared_min"": null, ""shape"": ""parameter multiplies a derivative; zero removes the equation's only determination of that state""}",/data/mrumoca/eval/results/powergrids/findings.jsonl
powergrids,historical-static,PowerGrids.Controls.Test.TestLeadMOrderLag,202,vanishing-coefficient,medium,False,hold-needs-source-and-witness-review,"{""parameter"": ""mOrderLag.firstOrderCascade[93].firstOrder1.k"", ""declared_min"": null, ""shape"": ""parameter multiplies a derivative; zero removes the equation's only determination of that state""}",/data/mrumoca/eval/results/powergrids/findings.jsonl
powergrids,historical-static,PowerGrids.Controls.Test.TestLeadMOrderLag,203,vanishing-coefficient,medium,False,hold-needs-source-and-witness-review,"{""parameter"": ""mOrderLag.firstOrderCascade[94].firstOrder1.k"", ""declared_min"": null, ""shape"": ""parameter multiplies a derivative; zero removes the equation's only determination of that state""}",/data/mrumoca/eval/results/powergrids/findings.jsonl
powergrids,historical-static,PowerGrids.Controls.Test.TestLeadMOrderLag,204,vanishing-coefficient,medium,False,hold-needs-source-and-witness-review,"{""parameter"": ""mOrderLag.firstOrderCascade[95].firstOrder1.k"", ""declared_min"": null, ""shape"": ""parameter multiplies a derivative; zero removes the equation's only determination of that state""}",/data/mrumoca/eval/results/powergrids/findings.jsonl
powergrids,historical-static,PowerGrids.Controls.Test.TestLeadMOrderLag,205,vanishing-coefficient,medium,False,hold-needs-source-and-witness-review,"{""parameter"": ""mOrderLag.firstOrderCascade[96].firstOrder1.k"", ""declared_min"": null, ""shape"": ""parameter multiplies a derivative; zero removes the equation's only determination of that state""}",/data/mrumoca/eval/results/powergrids/findings.jsonl
powergrids,historical-static,PowerGrids.Controls.Test.TestLeadMOrderLag,206,vanishing-coefficient,medium,False,hold-needs-source-and-witness-review,"{""parameter"": ""mOrderLag.firstOrderCascade[97].firstOrder1.k"", ""declared_min"": null, ""shape"": ""parameter multiplies a derivative; zero removes the equation's only determination of that state""}",/data/mrumoca/eval/results/powergrids/findings.jsonl
powergrids,historical-static,PowerGrids.Controls.Test.TestLeadMOrderLag,207,vanishing-coefficient,medium,False,hold-needs-source-and-witness-review,"{""parameter"": ""mOrderLag.firstOrderCascade[98].firstOrder1.k"", ""declared_min"": null, ""shape"": ""parameter multiplies a derivative; zero removes the equation's only determination of that state""}",/data/mrumoca/eval/results/powergrids/findings.jsonl
powergrids,historical-static,PowerGrids.Controls.Test.TestLeadMOrderLag,208,vanishing-coefficient,medium,False,hold-needs-source-and-witness-review,"{""parameter"": ""mOrderLag.firstOrderCascade[99].firstOrder1.k"", ""declared_min"": null, ""shape"": ""parameter multiplies a derivative; zero removes the equation's only determination of that state""}",/data/mrumoca/eval/results/powergrids/findings.jsonl
powergrids,historical-static,PowerGrids.Controls.Test.TestLeadMOrderLag,209,STRUCTURE_DEGENERATES_AT_ZERO,low,False,hold-needs-source-and-witness-review,"{""parameter"": ""leadLag.leadLag.firstOrder.k"", ""contract"": ""Modelica.Blocks.Continuous.FirstOrder.k: feature_disabled (proven, from equation) \u2014 the parameter appears only as a multiplier, so at zero the term it scales drops out and the rest of the model is unaffected"", ""contract_behavior"": ""feature_disabled"", ""contract_confidence"": ""proven"", ""confidence"": ""low"", ""result"": ""TOPOLOGY_SPECIFIC"", ""incidences_lost"": 0, ""unknowns_left_undetermined"": 0, ""evidence_kind"": ""scales-a-rate"", ""note"": ""at zero this parameter removes a state and the equation that determines it. The matching survives, so the system is not structurally short; whether it is *algebraically* singular depends on this model's topology and initialization and needs execution to decide. This is not a claim that the declaration should forbid zero.""}",/data/mrumoca/eval/results/powergrids/findings.jsonl
powergrids,historical-static,PowerGrids.Controls.Test.TestLeadMOrderLag,210,STRUCTURE_DEGENERATES_AT_ZERO,low,False,hold-needs-source-and-witness-review,"{""parameter"": ""mOrderLag.leadLag.firstOrder.k"", ""contract"": ""Modelica.Blocks.Continuous.FirstOrder.k: feature_disabled (proven, from equation) \u2014 the parameter appears only as a multiplier, so at zero the term it scales drops out and the rest of the model is unaffected"", ""contract_behavior"": ""feature_disabled"", ""contract_confidence"": ""proven"", ""confidence"": ""low"", ""result"": ""TOPOLOGY_SPECIFIC"", ""incidences_lost"": 0, ""unknowns_left_undetermined"": 0, ""evidence_kind"": ""scales-a-rate"", ""note"": ""at zero this parameter removes a state and the equation that determines it. The matching survives, so the system is not structurally short; whether it is *algebraically* singular depends on this model's topology and initialization and needs execution to decide. This is not a claim that the declaration should forbid zero.""}",/data/mrumoca/eval/results/powergrids/findings.jsonl
powergrids,historical-static,PowerGrids.Controls.Test.TestLeadMOrderLag,211,STRUCTURE_DEGENERATES_AT_ZERO,low,False,hold-needs-source-and-witness-review,"{""parameter"": ""mOrderLag.firstOrderCascade[1].firstOrder1.k"", ""contract"": ""Modelica.Blocks.Continuous.FirstOrder.k: feature_disabled (proven, from equation) \u2014 the parameter appears only as a multiplier, so at zero the term it scales drops out and the rest of the model is unaffected"", ""contract_behavior"": ""feature_disabled"", ""contract_confidence"": ""proven"", ""confidence"": ""low"", ""result"": ""TOPOLOGY_SPECIFIC"", ""incidences_lost"": 0, ""unknowns_left_undetermined"": 0, ""evidence_kind"": ""scales-a-rate"", ""note"": ""at zero this parameter removes a state and the equation that determines it. The matching survives, so the system is not structurally short; whether it is *algebraically* singular depends on this model's topology and initialization and needs execution to decide. This is not a claim that the declaration should forbid zero.""}",/data/mrumoca/eval/results/powergrids/findings.jsonl
powergrids,historical-static,PowerGrids.Controls.Test.TestLeadMOrderLag,212,STRUCTURE_DEGENERATES_AT_ZERO,low,False,hold-needs-source-and-witness-review,"{""parameter"": ""mOrderLag.firstOrderCascade[2].firstOrder1.k"", ""contract"": ""Modelica.Blocks.Continuous.FirstOrder.k: feature_disabled (proven, from equation) \u2014 the parameter appears only as a multiplier, so at zero the term it scales drops out and the rest of the model is unaffected"", ""contract_behavior"": ""feature_disabled"", ""contract_confidence"": ""proven"", ""confidence"": ""low"", ""result"": ""TOPOLOGY_SPECIFIC"", ""incidences_lost"": 0, ""unknowns_left_undetermined"": 0, ""evidence_kind"": ""scales-a-rate"", ""note"": ""at zero this parameter removes a state and the equation that determines it. The matching survives, so the system is not structurally short; whether it is *algebraically* singular depends on this model's topology and initialization and needs execution to decide. This is not a claim that the declaration should forbid zero.""}",/data/mrumoca/eval/results/powergrids/findings.jsonl
powergrids,historical-static,PowerGrids.Controls.Test.TestLeadMOrderLag,213,STRUCTURE_DEGENERATES_AT_ZERO,low,False,hold-needs-source-and-witness-review,"{""parameter"": ""mOrderLag.firstOrderCascade[3].firstOrder1.k"", ""contract"": ""Modelica.Blocks.Continuous.FirstOrder.k: feature_disabled (proven, from equation) \u2014 the parameter appears only as a multiplier, so at zero the term it scales drops out and the rest of the model is unaffected"", ""contract_behavior"": ""feature_disabled"", ""contract_confidence"": ""proven"", ""confidence"": ""low"", ""result"": ""TOPOLOGY_SPECIFIC"", ""incidences_lost"": 0, ""unknowns_left_undetermined"": 0, ""evidence_kind"": ""scales-a-rate"", ""note"": ""at zero this parameter removes a state and the equation that determines it. The matching survives, so the system is not structurally short; whether it is *algebraically* singular depends on this model's topology and initialization and needs execution to decide. This is not a claim that the declaration should forbid zero.""}",/data/mrumoca/eval/results/powergrids/findings.jsonl
powergrids,historical-static,PowerGrids.Controls.Test.TestLeadMOrderLag,214,STRUCTURE_DEGENERATES_AT_ZERO,low,False,hold-needs-source-and-witness-review,"{""parameter"": ""mOrderLag.firstOrderCascade[4].firstOrder1.k"", ""contract"": ""Modelica.Blocks.Continuous.FirstOrder.k: feature_disabled (proven, from equation) \u2014 the parameter appears only as a multiplier, so at zero the term it scales drops out and the rest of the model is unaffected"", ""contract_behavior"": ""feature_disabled"", ""contract_confidence"": ""proven"", ""confidence"": ""low"", ""result"": ""TOPOLOGY_SPECIFIC"", ""incidences_lost"": 0, ""unknowns_left_undetermined"": 0, ""evidence_kind"": ""scales-a-rate"", ""note"": ""at zero this parameter removes a state and the equation that determines it. The matching survives, so the system is not structurally short; whether it is *algebraically* singular depends on this model's topology and initialization and needs execution to decide. This is not a claim that the declaration should forbid zero.""}",/data/mrumoca/eval/results/powergrids/findings.jsonl
powergrids,historical-static,PowerGrids.Controls.Test.TestLeadMOrderLag,215,STRUCTURE_DEGENERATES_AT_ZERO,low,False,hold-needs-source-and-witness-review,"{""parameter"": ""mOrderLag.firstOrderCascade[5].firstOrder1.k"", ""contract"": ""Modelica.Blocks.Continuous.FirstOrder.k: feature_disabled (proven, from equation) \u2014 the parameter appears only as a multiplier, so at zero the term it scales drops out and the rest of the model is unaffected"", ""contract_behavior"": ""feature_disabled"", ""contract_confidence"": ""proven"", ""confidence"": ""low"", ""result"": ""TOPOLOGY_SPECIFIC"", ""incidences_lost"": 0, ""unknowns_left_undetermined"": 0, ""evidence_kind"": ""scales-a-rate"", ""note"": ""at zero this parameter removes a state and the equation that determines it. The matching survives, so the system is not structurally short; whether it is *algebraically* singular depends on this model's topology and initialization and needs execution to decide. This is not a claim that the declaration should forbid zero.""}",/data/mrumoca/eval/results/powergrids/findings.jsonl
powergrids,historical-static,PowerGrids.Controls.Test.TestLeadMOrderLag,216,STRUCTURE_DEGENERATES_AT_ZERO,low,False,hold-needs-source-and-witness-review,"{""parameter"": ""mOrderLag.firstOrderCascade[6].firstOrder1.k"", ""contract"": ""Modelica.Blocks.Continuous.FirstOrder.k: feature_disabled (proven, from equation) \u2014 the parameter appears only as a multiplier, so at zero the term it scales drops out and the rest of the model is unaffected"", ""contract_behavior"": ""feature_disabled"", ""contract_confidence"": ""proven"", ""confidence"": ""low"", ""result"": ""TOPOLOGY_SPECIFIC"", ""incidences_lost"": 0, ""unknowns_left_undetermined"": 0, ""evidence_kind"": ""scales-a-rate"", ""note"": ""at zero this parameter removes a state and the equation that determines it. The matching survives, so the system is not structurally short; whether it is *algebraically* singular depends on this model's topology and initialization and needs execution to decide. This is not a claim that the declaration should forbid zero.""}",/data/mrumoca/eval/results/powergrids/findings.jsonl
powergrids,historical-static,PowerGrids.Controls.Test.TestLeadMOrderLag,217,STRUCTURE_DEGENERATES_AT_ZERO,low,False,hold-needs-source-and-witness-review,"{""parameter"": ""mOrderLag.firstOrderCascade[7].firstOrder1.k"", ""contract"": ""Modelica.Blocks.Continuous.FirstOrder.k: feature_disabled (proven, from equation) \u2014 the parameter appears only as a multiplier, so at zero the term it scales drops out and the rest of the model is unaffected"", ""contract_behavior"": ""feature_disabled"", ""contract_confidence"": ""proven"", ""confidence"": ""low"", ""result"": ""TOPOLOGY_SPECIFIC"", ""incidences_lost"": 0, ""unknowns_left_undetermined"": 0, ""evidence_kind"": ""scales-a-rate"", ""note"": ""at zero this parameter removes a state and the equation that determines it. The matching survives, so the system is not structurally short; whether it is *algebraically* singular depends on this model's topology and initialization and needs execution to decide. This is not a claim that the declaration should forbid zero.""}",/data/mrumoca/eval/results/powergrids/findings.jsonl
powergrids,historical-static,PowerGrids.Controls.Test.TestLeadMOrderLag,218,STRUCTURE_DEGENERATES_AT_ZERO,low,False,hold-needs-source-and-witness-review,"{""parameter"": ""mOrderLag.firstOrderCascade[8].firstOrder1.k"", ""contract"": ""Modelica.Blocks.Continuous.FirstOrder.k: feature_disabled (proven, from equation) \u2014 the parameter appears only as a multiplier, so at zero the term it scales drops out and the rest of the model is unaffected"", ""contract_behavior"": ""feature_disabled"", ""contract_confidence"": ""proven"", ""confidence"": ""low"", ""result"": ""TOPOLOGY_SPECIFIC"", ""incidences_lost"": 0, ""unknowns_left_undetermined"": 0, ""evidence_kind"": ""scales-a-rate"", ""note"": ""at zero this parameter removes a state and the equation that determines it. The matching survives, so the system is not structurally short; whether it is *algebraically* singular depends on this model's topology and initialization and needs execution to decide. This is not a claim that the declaration should forbid zero.""}",/data/mrumoca/eval/results/powergrids/findings.jsonl
powergrids,historical-static,PowerGrids.Controls.Test.TestLeadMOrderLag,219,STRUCTURE_DEGENERATES_AT_ZERO,low,False,hold-needs-source-and-witness-review,"{""parameter"": ""mOrderLag.firstOrderCascade[9].firstOrder1.k"", ""contract"": ""Modelica.Blocks.Continuous.FirstOrder.k: feature_disabled (proven, from equation) \u2014 the parameter appears only as a multiplier, so at zero the term it scales drops out and the rest of the model is unaffected"", ""contract_behavior"": ""feature_disabled"", ""contract_confidence"": ""proven"", ""confidence"": ""low"", ""result"": ""TOPOLOGY_SPECIFIC"", ""incidences_lost"": 0, ""unknowns_left_undetermined"": 0, ""evidence_kind"": ""scales-a-rate"", ""note"": ""at zero this parameter removes a state and the equation that determines it. The matching survives, so the system is not structurally short; whether it is *algebraically* singular depends on this model's topology and initialization and needs execution to decide. This is not a claim that the declaration should forbid zero.""}",/data/mrumoca/eval/results/powergrids/findings.jsonl
powergrids,historical-static,PowerGrids.Controls.Test.TestLeadMOrderLag,220,STRUCTURE_DEGENERATES_AT_ZERO,low,False,hold-needs-source-and-witness-review,"{""parameter"": ""mOrderLag.firstOrderCascade[10].firstOrder1.k"", ""contract"": ""Modelica.Blocks.Continuous.FirstOrder.k: feature_disabled (proven, from equation) \u2014 the parameter appears only as a multiplier, so at zero the term it scales drops out and the rest of the model is unaffected"", ""contract_behavior"": ""feature_disabled"", ""contract_confidence"": ""proven"", ""confidence"": ""low"", ""result"": ""TOPOLOGY_SPECIFIC"", ""incidences_lost"": 0, ""unknowns_left_undetermined"": 0, ""evidence_kind"": ""scales-a-rate"", ""note"": ""at zero this parameter removes a state and the equation that determines it. The matching survives, so the system is not structurally short; whether it is *algebraically* singular depends on this model's topology and initialization and needs execution to decide. This is not a claim that the declaration should forbid zero.""}",/data/mrumoca/eval/results/powergrids/findings.jsonl
powergrids,historical-static,PowerGrids.Controls.Test.TestLeadMOrderLag,221,STRUCTURE_DEGENERATES_AT_ZERO,low,False,hold-needs-source-and-witness-review,"{""parameter"": ""mOrderLag.firstOrderCascade[11].firstOrder1.k"", ""contract"": ""Modelica.Blocks.Continuous.FirstOrder.k: feature_disabled (proven, from equation) \u2014 the parameter appears only as a multiplier, so at zero the term it scales drops out and the rest of the model is unaffected"", ""contract_behavior"": ""feature_disabled"", ""contract_confidence"": ""proven"", ""confidence"": ""low"", ""result"": ""TOPOLOGY_SPECIFIC"", ""incidences_lost"": 0, ""unknowns_left_undetermined"": 0, ""evidence_kind"": ""scales-a-rate"", ""note"": ""at zero this parameter removes a state and the equation that determines it. The matching survives, so the system is not structurally short; whether it is *algebraically* singular depends on this model's topology and initialization and needs execution to decide. This is not a claim that the declaration should forbid zero.""}",/data/mrumoca/eval/results/powergrids/findings.jsonl
powergrids,historical-static,PowerGrids.Controls.Test.TestLeadMOrderLag,222,STRUCTURE_DEGENERATES_AT_ZERO,low,False,hold-needs-source-and-witness-review,"{""parameter"": ""mOrderLag.firstOrderCascade[12].firstOrder1.k"", ""contract"": ""Modelica.Blocks.Continuous.FirstOrder.k: feature_disabled (proven, from equation) \u2014 the parameter appears only as a multiplier, so at zero the term it scales drops out and the rest of the model is unaffected"", ""contract_behavior"": ""feature_disabled"", ""contract_confidence"": ""proven"", ""confidence"": ""low"", ""result"": ""TOPOLOGY_SPECIFIC"", ""incidences_lost"": 0, ""unknowns_left_undetermined"": 0, ""evidence_kind"": ""scales-a-rate"", ""note"": ""at zero this parameter removes a state and the equation that determines it. The matching survives, so the system is not structurally short; whether it is *algebraically* singular depends on this model's topology and initialization and needs execution to decide. This is not a claim that the declaration should forbid zero.""}",/data/mrumoca/eval/results/powergrids/findings.jsonl
powergrids,historical-static,PowerGrids.Controls.Test.TestLeadMOrderLag,223,STRUCTURE_DEGENERATES_AT_ZERO,low,False,hold-needs-source-and-witness-review,"{""parameter"": ""mOrderLag.firstOrderCascade[13].firstOrder1.k"", ""contract"": ""Modelica.Blocks.Continuous.FirstOrder.k: feature_disabled (proven, from equation) \u2014 the parameter appears only as a multiplier, so at zero the term it scales drops out and the rest of the model is unaffected"", ""contract_behavior"": ""feature_disabled"", ""contract_confidence"": ""proven"", ""confidence"": ""low"", ""result"": ""TOPOLOGY_SPECIFIC"", ""incidences_lost"": 0, ""unknowns_left_undetermined"": 0, ""evidence_kind"": ""scales-a-rate"", ""note"": ""at zero this parameter removes a state and the equation that determines it. The matching survives, so the system is not structurally short; whether it is *algebraically* singular depends on this model's topology and initialization and needs execution to decide. This is not a claim that the declaration should forbid zero.""}",/data/mrumoca/eval/results/powergrids/findings.jsonl
powergrids,historical-static,PowerGrids.Controls.Test.TestLeadMOrderLag,224,STRUCTURE_DEGENERATES_AT_ZERO,low,False,hold-needs-source-and-witness-review,"{""parameter"": ""mOrderLag.firstOrderCascade[14].firstOrder1.k"", ""contract"": ""Modelica.Blocks.Continuous.FirstOrder.k: feature_disabled (proven, from equation) \u2014 the parameter appears only as a multiplier, so at zero the term it scales drops out and the rest of the model is unaffected"", ""contract_behavior"": ""feature_disabled"", ""contract_confidence"": ""proven"", ""confidence"": ""low"", ""result"": ""TOPOLOGY_SPECIFIC"", ""incidences_lost"": 0, ""unknowns_left_undetermined"": 0, ""evidence_kind"": ""scales-a-rate"", ""note"": ""at zero this parameter removes a state and the equation that determines it. The matching survives, so the system is not structurally short; whether it is *algebraically* singular depends on this model's topology and initialization and needs execution to decide. This is not a claim that the declaration should forbid zero.""}",/data/mrumoca/eval/results/powergrids/findings.jsonl
powergrids,historical-static,PowerGrids.Controls.Test.TestLeadMOrderLag,225,STRUCTURE_DEGENERATES_AT_ZERO,low,False,hold-needs-source-and-witness-review,"{""parameter"": ""mOrderLag.firstOrderCascade[15].firstOrder1.k"", ""contract"": ""Modelica.Blocks.Continuous.FirstOrder.k: feature_disabled (proven, from equation) \u2014 the parameter appears only as a multiplier, so at zero the term it scales drops out and the rest of the model is unaffected"", ""contract_behavior"": ""feature_disabled"", ""contract_confidence"": ""proven"", ""confidence"": ""low"", ""result"": ""TOPOLOGY_SPECIFIC"", ""incidences_lost"": 0, ""unknowns_left_undetermined"": 0, ""evidence_kind"": ""scales-a-rate"", ""note"": ""at zero this parameter removes a state and the equation that determines it. The matching survives, so the system is not structurally short; whether it is *algebraically* singular depends on this model's topology and initialization and needs execution to decide. This is not a claim that the declaration should forbid zero.""}",/data/mrumoca/eval/results/powergrids/findings.jsonl
powergrids,historical-static,PowerGrids.Controls.Test.TestLeadMOrderLag,226,STRUCTURE_DEGENERATES_AT_ZERO,low,False,hold-needs-source-and-witness-review,"{""parameter"": ""mOrderLag.firstOrderCascade[16].firstOrder1.k"", ""contract"": ""Modelica.Blocks.Continuous.FirstOrder.k: feature_disabled (proven, from equation) \u2014 the parameter appears only as a multiplier, so at zero the term it scales drops out and the rest of the model is unaffected"", ""contract_behavior"": ""feature_disabled"", ""contract_confidence"": ""proven"", ""confidence"": ""low"", ""result"": ""TOPOLOGY_SPECIFIC"", ""incidences_lost"": 0, ""unknowns_left_undetermined"": 0, ""evidence_kind"": ""scales-a-rate"", ""note"": ""at zero this parameter removes a state and the equation that determines it. The matching survives, so the system is not structurally short; whether it is *algebraically* singular depends on this model's topology and initialization and needs execution to decide. This is not a claim that the declaration should forbid zero.""}",/data/mrumoca/eval/results/powergrids/findings.jsonl
powergrids,historical-static,PowerGrids.Controls.Test.TestLeadMOrderLag,227,STRUCTURE_DEGENERATES_AT_ZERO,low,False,hold-needs-source-and-witness-review,"{""parameter"": ""mOrderLag.firstOrderCascade[17].firstOrder1.k"", ""contract"": ""Modelica.Blocks.Continuous.FirstOrder.k: feature_disabled (proven, from equation) \u2014 the parameter appears only as a multiplier, so at zero the term it scales drops out and the rest of the model is unaffected"", ""contract_behavior"": ""feature_disabled"", ""contract_confidence"": ""proven"", ""confidence"": ""low"", ""result"": ""TOPOLOGY_SPECIFIC"", ""incidences_lost"": 0, ""unknowns_left_undetermined"": 0, ""evidence_kind"": ""scales-a-rate"", ""note"": ""at zero this parameter removes a state and the equation that determines it. The matching survives, so the system is not structurally short; whether it is *algebraically* singular depends on this model's topology and initialization and needs execution to decide. This is not a claim that the declaration should forbid zero.""}",/data/mrumoca/eval/results/powergrids/findings.jsonl
powergrids,historical-static,PowerGrids.Controls.Test.TestLeadMOrderLag,228,STRUCTURE_DEGENERATES_AT_ZERO,low,False,hold-needs-source-and-witness-review,"{""parameter"": ""mOrderLag.firstOrderCascade[18].firstOrder1.k"", ""contract"": ""Modelica.Blocks.Continuous.FirstOrder.k: feature_disabled (proven, from equation) \u2014 the parameter appears only as a multiplier, so at zero the term it scales drops out and the rest of the model is unaffected"", ""contract_behavior"": ""feature_disabled"", ""contract_confidence"": ""proven"", ""confidence"": ""low"", ""result"": ""TOPOLOGY_SPECIFIC"", ""incidences_lost"": 0, ""unknowns_left_undetermined"": 0, ""evidence_kind"": ""scales-a-rate"", ""note"": ""at zero this parameter removes a state and the equation that determines it. The matching survives, so the system is not structurally short; whether it is *algebraically* singular depends on this model's topology and initialization and needs execution to decide. This is not a claim that the declaration should forbid zero.""}",/data/mrumoca/eval/results/powergrids/findings.jsonl
powergrids,historical-static,PowerGrids.Controls.Test.TestLeadMOrderLag,229,STRUCTURE_DEGENERATES_AT_ZERO,low,False,hold-needs-source-and-witness-review,"{""parameter"": ""mOrderLag.firstOrderCascade[19].firstOrder1.k"", ""contract"": ""Modelica.Blocks.Continuous.FirstOrder.k: feature_disabled (proven, from equation) \u2014 the parameter appears only as a multiplier, so at zero the term it scales drops out and the rest of the model is unaffected"", ""contract_behavior"": ""feature_disabled"", ""contract_confidence"": ""proven"", ""confidence"": ""low"", ""result"": ""TOPOLOGY_SPECIFIC"", ""incidences_lost"": 0, ""unknowns_left_undetermined"": 0, ""evidence_kind"": ""scales-a-rate"", ""note"": ""at zero this parameter removes a state and the equation that determines it. The matching survives, so the system is not structurally short; whether it is *algebraically* singular depends on this model's topology and initialization and needs execution to decide. This is not a claim that the declaration should forbid zero.""}",/data/mrumoca/eval/results/powergrids/findings.jsonl
powergrids,historical-static,PowerGrids.Controls.Test.TestLeadMOrderLag,230,STRUCTURE_DEGENERATES_AT_ZERO,low,False,hold-needs-source-and-witness-review,"{""parameter"": ""mOrderLag.firstOrderCascade[20].firstOrder1.k"", ""contract"": ""Modelica.Blocks.Continuous.FirstOrder.k: feature_disabled (proven, from equation) \u2014 the parameter appears only as a multiplier, so at zero the term it scales drops out and the rest of the model is unaffected"", ""contract_behavior"": ""feature_disabled"", ""contract_confidence"": ""proven"", ""confidence"": ""low"", ""result"": ""TOPOLOGY_SPECIFIC"", ""incidences_lost"": 0, ""unknowns_left_undetermined"": 0, ""evidence_kind"": ""scales-a-rate"", ""note"": ""at zero this parameter removes a state and the equation that determines it. The matching survives, so the system is not structurally short; whether it is *algebraically* singular depends on this model's topology and initialization and needs execution to decide. This is not a claim that the declaration should forbid zero.""}",/data/mrumoca/eval/results/powergrids/findings.jsonl
powergrids,historical-static,PowerGrids.Controls.Test.TestLeadMOrderLag,231,STRUCTURE_DEGENERATES_AT_ZERO,low,False,hold-needs-source-and-witness-review,"{""parameter"": ""mOrderLag.firstOrderCascade[21].firstOrder1.k"", ""contract"": ""Modelica.Blocks.Continuous.FirstOrder.k: feature_disabled (proven, from equation) \u2014 the parameter appears only as a multiplier, so at zero the term it scales drops out and the rest of the model is unaffected"", ""contract_behavior"": ""feature_disabled"", ""contract_confidence"": ""proven"", ""confidence"": ""low"", ""result"": ""TOPOLOGY_SPECIFIC"", ""incidences_lost"": 0, ""unknowns_left_undetermined"": 0, ""evidence_kind"": ""scales-a-rate"", ""note"": ""at zero this parameter removes a state and the equation that determines it. The matching survives, so the system is not structurally short; whether it is *algebraically* singular depends on this model's topology and initialization and needs execution to decide. This is not a claim that the declaration should forbid zero.""}",/data/mrumoca/eval/results/powergrids/findings.jsonl
powergrids,historical-static,PowerGrids.Controls.Test.TestLeadMOrderLag,232,STRUCTURE_DEGENERATES_AT_ZERO,low,False,hold-needs-source-and-witness-review,"{""parameter"": ""mOrderLag.firstOrderCascade[22].firstOrder1.k"", ""contract"": ""Modelica.Blocks.Continuous.FirstOrder.k: feature_disabled (proven, from equation) \u2014 the parameter appears only as a multiplier, so at zero the term it scales drops out and the rest of the model is unaffected"", ""contract_behavior"": ""feature_disabled"", ""contract_confidence"": ""proven"", ""confidence"": ""low"", ""result"": ""TOPOLOGY_SPECIFIC"", ""incidences_lost"": 0, ""unknowns_left_undetermined"": 0, ""evidence_kind"": ""scales-a-rate"", ""note"": ""at zero this parameter removes a state and the equation that determines it. The matching survives, so the system is not structurally short; whether it is *algebraically* singular depends on this model's topology and initialization and needs execution to decide. This is not a claim that the declaration should forbid zero.""}",/data/mrumoca/eval/results/powergrids/findings.jsonl
powergrids,historical-static,PowerGrids.Controls.Test.TestLeadMOrderLag,233,STRUCTURE_DEGENERATES_AT_ZERO,low,False,hold-needs-source-and-witness-review,"{""parameter"": ""mOrderLag.firstOrderCascade[23].firstOrder1.k"", ""contract"": ""Modelica.Blocks.Continuous.FirstOrder.k: feature_disabled (proven, from equation) \u2014 the parameter appears only as a multiplier, so at zero the term it scales drops out and the rest of the model is unaffected"", ""contract_behavior"": ""feature_disabled"", ""contract_confidence"": ""proven"", ""confidence"": ""low"", ""result"": ""TOPOLOGY_SPECIFIC"", ""incidences_lost"": 0, ""unknowns_left_undetermined"": 0, ""evidence_kind"": ""scales-a-rate"", ""note"": ""at zero this parameter removes a state and the equation that determines it. The matching survives, so the system is not structurally short; whether it is *algebraically* singular depends on this model's topology and initialization and needs execution to decide. This is not a claim that the declaration should forbid zero.""}",/data/mrumoca/eval/results/powergrids/findings.jsonl
powergrids,historical-static,PowerGrids.Controls.Test.TestLeadMOrderLag,234,STRUCTURE_DEGENERATES_AT_ZERO,low,False,hold-needs-source-and-witness-review,"{""parameter"": ""mOrderLag.firstOrderCascade[24].firstOrder1.k"", ""contract"": ""Modelica.Blocks.Continuous.FirstOrder.k: feature_disabled (proven, from equation) \u2014 the parameter appears only as a multiplier, so at zero the term it scales drops out and the rest of the model is unaffected"", ""contract_behavior"": ""feature_disabled"", ""contract_confidence"": ""proven"", ""confidence"": ""low"", ""result"": ""TOPOLOGY_SPECIFIC"", ""incidences_lost"": 0, ""unknowns_left_undetermined"": 0, ""evidence_kind"": ""scales-a-rate"", ""note"": ""at zero this parameter removes a state and the equation that determines it. The matching survives, so the system is not structurally short; whether it is *algebraically* singular depends on this model's topology and initialization and needs execution to decide. This is not a claim that the declaration should forbid zero.""}",/data/mrumoca/eval/results/powergrids/findings.jsonl
powergrids,historical-static,PowerGrids.Controls.Test.TestLeadMOrderLag,235,STRUCTURE_DEGENERATES_AT_ZERO,low,False,hold-needs-source-and-witness-review,"{""parameter"": ""mOrderLag.firstOrderCascade[25].firstOrder1.k"", ""contract"": ""Modelica.Blocks.Continuous.FirstOrder.k: feature_disabled (proven, from equation) \u2014 the parameter appears only as a multiplier, so at zero the term it scales drops out and the rest of the model is unaffected"", ""contract_behavior"": ""feature_disabled"", ""contract_confidence"": ""proven"", ""confidence"": ""low"", ""result"": ""TOPOLOGY_SPECIFIC"", ""incidences_lost"": 0, ""unknowns_left_undetermined"": 0, ""evidence_kind"": ""scales-a-rate"", ""note"": ""at zero this parameter removes a state and the equation that determines it. The matching survives, so the system is not structurally short; whether it is *algebraically* singular depends on this model's topology and initialization and needs execution to decide. This is not a claim that the declaration should forbid zero.""}",/data/mrumoca/eval/results/powergrids/findings.jsonl
powergrids,historical-static,PowerGrids.Controls.Test.TestLeadMOrderLag,236,STRUCTURE_DEGENERATES_AT_ZERO,low,False,hold-needs-source-and-witness-review,"{""parameter"": ""mOrderLag.firstOrderCascade[26].firstOrder1.k"", ""contract"": ""Modelica.Blocks.Continuous.FirstOrder.k: feature_disabled (proven, from equation) \u2014 the parameter appears only as a multiplier, so at zero the term it scales drops out and the rest of the model is unaffected"", ""contract_behavior"": ""feature_disabled"", ""contract_confidence"": ""proven"", ""confidence"": ""low"", ""result"": ""TOPOLOGY_SPECIFIC"", ""incidences_lost"": 0, ""unknowns_left_undetermined"": 0, ""evidence_kind"": ""scales-a-rate"", ""note"": ""at zero this parameter removes a state and the equation that determines it. The matching survives, so the system is not structurally short; whether it is *algebraically* singular depends on this model's topology and initialization and needs execution to decide. This is not a claim that the declaration should forbid zero.""}",/data/mrumoca/eval/results/powergrids/findings.jsonl
powergrids,historical-static,PowerGrids.Controls.Test.TestLeadMOrderLag,237,STRUCTURE_DEGENERATES_AT_ZERO,low,False,hold-needs-source-and-witness-review,"{""parameter"": ""mOrderLag.firstOrderCascade[27].firstOrder1.k"", ""contract"": ""Modelica.Blocks.Continuous.FirstOrder.k: feature_disabled (proven, from equation) \u2014 the parameter appears only as a multiplier, so at zero the term it scales drops out and the rest of the model is unaffected"", ""contract_behavior"": ""feature_disabled"", ""contract_confidence"": ""proven"", ""confidence"": ""low"", ""result"": ""TOPOLOGY_SPECIFIC"", ""incidences_lost"": 0, ""unknowns_left_undetermined"": 0, ""evidence_kind"": ""scales-a-rate"", ""note"": ""at zero this parameter removes a state and the equation that determines it. The matching survives, so the system is not structurally short; whether it is *algebraically* singular depends on this model's topology and initialization and needs execution to decide. This is not a claim that the declaration should forbid zero.""}",/data/mrumoca/eval/results/powergrids/findings.jsonl
powergrids,historical-static,PowerGrids.Controls.Test.TestLeadMOrderLag,238,STRUCTURE_DEGENERATES_AT_ZERO,low,False,hold-needs-source-and-witness-review,"{""parameter"": ""mOrderLag.firstOrderCascade[28].firstOrder1.k"", ""contract"": ""Modelica.Blocks.Continuous.FirstOrder.k: feature_disabled (proven, from equation) \u2014 the parameter appears only as a multiplier, so at zero the term it scales drops out and the rest of the model is unaffected"", ""contract_behavior"": ""feature_disabled"", ""contract_confidence"": ""proven"", ""confidence"": ""low"", ""result"": ""TOPOLOGY_SPECIFIC"", ""incidences_lost"": 0, ""unknowns_left_undetermined"": 0, ""evidence_kind"": ""scales-a-rate"", ""note"": ""at zero this parameter removes a state and the equation that determines it. The matching survives, so the system is not structurally short; whether it is *algebraically* singular depends on this model's topology and initialization and needs execution to decide. This is not a claim that the declaration should forbid zero.""}",/data/mrumoca/eval/results/powergrids/findings.jsonl
powergrids,historical-static,PowerGrids.Controls.Test.TestLeadMOrderLag,239,STRUCTURE_DEGENERATES_AT_ZERO,low,False,hold-needs-source-and-witness-review,"{""parameter"": ""mOrderLag.firstOrderCascade[29].firstOrder1.k"", ""contract"": ""Modelica.Blocks.Continuous.FirstOrder.k: feature_disabled (proven, from equation) \u2014 the parameter appears only as a multiplier, so at zero the term it scales drops out and the rest of the model is unaffected"", ""contract_behavior"": ""feature_disabled"", ""contract_confidence"": ""proven"", ""confidence"": ""low"", ""result"": ""TOPOLOGY_SPECIFIC"", ""incidences_lost"": 0, ""unknowns_left_undetermined"": 0, ""evidence_kind"": ""scales-a-rate"", ""note"": ""at zero this parameter removes a state and the equation that determines it. The matching survives, so the system is not structurally short; whether it is *algebraically* singular depends on this model's topology and initialization and needs execution to decide. This is not a claim that the declaration should forbid zero.""}",/data/mrumoca/eval/results/powergrids/findings.jsonl
powergrids,historical-static,PowerGrids.Controls.Test.TestLeadMOrderLag,240,STRUCTURE_DEGENERATES_AT_ZERO,low,False,hold-needs-source-and-witness-review,"{""parameter"": ""mOrderLag.firstOrderCascade[30].firstOrder1.k"", ""contract"": ""Modelica.Blocks.Continuous.FirstOrder.k: feature_disabled (proven, from equation) \u2014 the parameter appears only as a multiplier, so at zero the term it scales drops out and the rest of the model is unaffected"", ""contract_behavior"": ""feature_disabled"", ""contract_confidence"": ""proven"", ""confidence"": ""low"", ""result"": ""TOPOLOGY_SPECIFIC"", ""incidences_lost"": 0, ""unknowns_left_undetermined"": 0, ""evidence_kind"": ""scales-a-rate"", ""note"": ""at zero this parameter removes a state and the equation that determines it. The matching survives, so the system is not structurally short; whether it is *algebraically* singular depends on this model's topology and initialization and needs execution to decide. This is not a claim that the declaration should forbid zero.""}",/data/mrumoca/eval/results/powergrids/findings.jsonl
powergrids,historical-static,PowerGrids.Controls.Test.TestLeadMOrderLag,241,STRUCTURE_DEGENERATES_AT_ZERO,low,False,hold-needs-source-and-witness-review,"{""parameter"": ""mOrderLag.firstOrderCascade[31].firstOrder1.k"", ""contract"": ""Modelica.Blocks.Continuous.FirstOrder.k: feature_disabled (proven, from equation) \u2014 the parameter appears only as a multiplier, so at zero the term it scales drops out and the rest of the model is unaffected"", ""contract_behavior"": ""feature_disabled"", ""contract_confidence"": ""proven"", ""confidence"": ""low"", ""result"": ""TOPOLOGY_SPECIFIC"", ""incidences_lost"": 0, ""unknowns_left_undetermined"": 0, ""evidence_kind"": ""scales-a-rate"", ""note"": ""at zero this parameter removes a state and the equation that determines it. The matching survives, so the system is not structurally short; whether it is *algebraically* singular depends on this model's topology and initialization and needs execution to decide. This is not a claim that the declaration should forbid zero.""}",/data/mrumoca/eval/results/powergrids/findings.jsonl
powergrids,historical-static,PowerGrids.Controls.Test.TestLeadMOrderLag,242,STRUCTURE_DEGENERATES_AT_ZERO,low,False,hold-needs-source-and-witness-review,"{""parameter"": ""mOrderLag.firstOrderCascade[32].firstOrder1.k"", ""contract"": ""Modelica.Blocks.Continuous.FirstOrder.k: feature_disabled (proven, from equation) \u2014 the parameter appears only as a multiplier, so at zero the term it scales drops out and the rest of the model is unaffected"", ""contract_behavior"": ""feature_disabled"", ""contract_confidence"": ""proven"", ""confidence"": ""low"", ""result"": ""TOPOLOGY_SPECIFIC"", ""incidences_lost"": 0, ""unknowns_left_undetermined"": 0, ""evidence_kind"": ""scales-a-rate"", ""note"": ""at zero this parameter removes a state and the equation that determines it. The matching survives, so the system is not structurally short; whether it is *algebraically* singular depends on this model's topology and initialization and needs execution to decide. This is not a claim that the declaration should forbid zero.""}",/data/mrumoca/eval/results/powergrids/findings.jsonl
powergrids,historical-static,PowerGrids.Controls.Test.TestLeadMOrderLag,243,STRUCTURE_DEGENERATES_AT_ZERO,low,False,hold-needs-source-and-witness-review,"{""parameter"": ""mOrderLag.firstOrderCascade[33].firstOrder1.k"", ""contract"": ""Modelica.Blocks.Continuous.FirstOrder.k: feature_disabled (proven, from equation) \u2014 the parameter appears only as a multiplier, so at zero the term it scales drops out and the rest of the model is unaffected"", ""contract_behavior"": ""feature_disabled"", ""contract_confidence"": ""proven"", ""confidence"": ""low"", ""result"": ""TOPOLOGY_SPECIFIC"", ""incidences_lost"": 0, ""unknowns_left_undetermined"": 0, ""evidence_kind"": ""scales-a-rate"", ""note"": ""at zero this parameter removes a state and the equation that determines it. The matching survives, so the system is not structurally short; whether it is *algebraically* singular depends on this model's topology and initialization and needs execution to decide. This is not a claim that the declaration should forbid zero.""}",/data/mrumoca/eval/results/powergrids/findings.jsonl
powergrids,historical-static,PowerGrids.Controls.Test.TestLeadMOrderLag,244,STRUCTURE_DEGENERATES_AT_ZERO,low,False,hold-needs-source-and-witness-review,"{""parameter"": ""mOrderLag.firstOrderCascade[34].firstOrder1.k"", ""contract"": ""Modelica.Blocks.Continuous.FirstOrder.k: feature_disabled (proven, from equation) \u2014 the parameter appears only as a multiplier, so at zero the term it scales drops out and the rest of the model is unaffected"", ""contract_behavior"": ""feature_disabled"", ""contract_confidence"": ""proven"", ""confidence"": ""low"", ""result"": ""TOPOLOGY_SPECIFIC"", ""incidences_lost"": 0, ""unknowns_left_undetermined"": 0, ""evidence_kind"": ""scales-a-rate"", ""note"": ""at zero this parameter removes a state and the equation that determines it. The matching survives, so the system is not structurally short; whether it is *algebraically* singular depends on this model's topology and initialization and needs execution to decide. This is not a claim that the declaration should forbid zero.""}",/data/mrumoca/eval/results/powergrids/findings.jsonl
powergrids,historical-static,PowerGrids.Controls.Test.TestLeadMOrderLag,245,STRUCTURE_DEGENERATES_AT_ZERO,low,False,hold-needs-source-and-witness-review,"{""parameter"": ""mOrderLag.firstOrderCascade[35].firstOrder1.k"", ""contract"": ""Modelica.Blocks.Continuous.FirstOrder.k: feature_disabled (proven, from equation) \u2014 the parameter appears only as a multiplier, so at zero the term it scales drops out and the rest of the model is unaffected"", ""contract_behavior"": ""feature_disabled"", ""contract_confidence"": ""proven"", ""confidence"": ""low"", ""result"": ""TOPOLOGY_SPECIFIC"", ""incidences_lost"": 0, ""unknowns_left_undetermined"": 0, ""evidence_kind"": ""scales-a-rate"", ""note"": ""at zero this parameter removes a state and the equation that determines it. The matching survives, so the system is not structurally short; whether it is *algebraically* singular depends on this model's topology and initialization and needs execution to decide. This is not a claim that the declaration should forbid zero.""}",/data/mrumoca/eval/results/powergrids/findings.jsonl
powergrids,historical-static,PowerGrids.Controls.Test.TestLeadMOrderLag,246,STRUCTURE_DEGENERATES_AT_ZERO,low,False,hold-needs-source-and-witness-review,"{""parameter"": ""mOrderLag.firstOrderCascade[36].firstOrder1.k"", ""contract"": ""Modelica.Blocks.Continuous.FirstOrder.k: feature_disabled (proven, from equation) \u2014 the parameter appears only as a multiplier, so at zero the term it scales drops out and the rest of the model is unaffected"", ""contract_behavior"": ""feature_disabled"", ""contract_confidence"": ""proven"", ""confidence"": ""low"", ""result"": ""TOPOLOGY_SPECIFIC"", ""incidences_lost"": 0, ""unknowns_left_undetermined"": 0, ""evidence_kind"": ""scales-a-rate"", ""note"": ""at zero this parameter removes a state and the equation that determines it. The matching survives, so the system is not structurally short; whether it is *algebraically* singular depends on this model's topology and initialization and needs execution to decide. This is not a claim that the declaration should forbid zero.""}",/data/mrumoca/eval/results/powergrids/findings.jsonl
powergrids,historical-static,PowerGrids.Controls.Test.TestLeadMOrderLag,247,STRUCTURE_DEGENERATES_AT_ZERO,low,False,hold-needs-source-and-witness-review,"{""parameter"": ""mOrderLag.firstOrderCascade[37].firstOrder1.k"", ""contract"": ""Modelica.Blocks.Continuous.FirstOrder.k: feature_disabled (proven, from equation) \u2014 the parameter appears only as a multiplier, so at zero the term it scales drops out and the rest of the model is unaffected"", ""contract_behavior"": ""feature_disabled"", ""contract_confidence"": ""proven"", ""confidence"": ""low"", ""result"": ""TOPOLOGY_SPECIFIC"", ""incidences_lost"": 0, ""unknowns_left_undetermined"": 0, ""evidence_kind"": ""scales-a-rate"", ""note"": ""at zero this parameter removes a state and the equation that determines it. The matching survives, so the system is not structurally short; whether it is *algebraically* singular depends on this model's topology and initialization and needs execution to decide. This is not a claim that the declaration should forbid zero.""}",/data/mrumoca/eval/results/powergrids/findings.jsonl
powergrids,historical-static,PowerGrids.Controls.Test.TestLeadMOrderLag,248,STRUCTURE_DEGENERATES_AT_ZERO,low,False,hold-needs-source-and-witness-review,"{""parameter"": ""mOrderLag.firstOrderCascade[38].firstOrder1.k"", ""contract"": ""Modelica.Blocks.Continuous.FirstOrder.k: feature_disabled (proven, from equation) \u2014 the parameter appears only as a multiplier, so at zero the term it scales drops out and the rest of the model is unaffected"", ""contract_behavior"": ""feature_disabled"", ""contract_confidence"": ""proven"", ""confidence"": ""low"", ""result"": ""TOPOLOGY_SPECIFIC"", ""incidences_lost"": 0, ""unknowns_left_undetermined"": 0, ""evidence_kind"": ""scales-a-rate"", ""note"": ""at zero this parameter removes a state and the equation that determines it. The matching survives, so the system is not structurally short; whether it is *algebraically* singular depends on this model's topology and initialization and needs execution to decide. This is not a claim that the declaration should forbid zero.""}",/data/mrumoca/eval/results/powergrids/findings.jsonl
powergrids,historical-static,PowerGrids.Controls.Test.TestLeadMOrderLag,249,STRUCTURE_DEGENERATES_AT_ZERO,low,False,hold-needs-source-and-witness-review,"{""parameter"": ""mOrderLag.firstOrderCascade[39].firstOrder1.k"", ""contract"": ""Modelica.Blocks.Continuous.FirstOrder.k: feature_disabled (proven, from equation) \u2014 the parameter appears only as a multiplier, so at zero the term it scales drops out and the rest of the model is unaffected"", ""contract_behavior"": ""feature_disabled"", ""contract_confidence"": ""proven"", ""confidence"": ""low"", ""result"": ""TOPOLOGY_SPECIFIC"", ""incidences_lost"": 0, ""unknowns_left_undetermined"": 0, ""evidence_kind"": ""scales-a-rate"", ""note"": ""at zero this parameter removes a state and the equation that determines it. The matching survives, so the system is not structurally short; whether it is *algebraically* singular depends on this model's topology and initialization and needs execution to decide. This is not a claim that the declaration should forbid zero.""}",/data/mrumoca/eval/results/powergrids/findings.jsonl
powergrids,historical-static,PowerGrids.Controls.Test.TestLeadMOrderLag,250,STRUCTURE_DEGENERATES_AT_ZERO,low,False,hold-needs-source-and-witness-review,"{""parameter"": ""mOrderLag.firstOrderCascade[40].firstOrder1.k"", ""contract"": ""Modelica.Blocks.Continuous.FirstOrder.k: feature_disabled (proven, from equation) \u2014 the parameter appears only as a multiplier, so at zero the term it scales drops out and the rest of the model is unaffected"", ""contract_behavior"": ""feature_disabled"", ""contract_confidence"": ""proven"", ""confidence"": ""low"", ""result"": ""TOPOLOGY_SPECIFIC"", ""incidences_lost"": 0, ""unknowns_left_undetermined"": 0, ""evidence_kind"": ""scales-a-rate"", ""note"": ""at zero this parameter removes a state and the equation that determines it. The matching survives, so the system is not structurally short; whether it is *algebraically* singular depends on this model's topology and initialization and needs execution to decide. This is not a claim that the declaration should forbid zero.""}",/data/mrumoca/eval/results/powergrids/findings.jsonl
powergrids,historical-static,PowerGrids.Controls.Test.TestLeadMOrderLag,251,STRUCTURE_DEGENERATES_AT_ZERO,low,False,hold-needs-source-and-witness-review,"{""parameter"": ""mOrderLag.firstOrderCascade[41].firstOrder1.k"", ""contract"": ""Modelica.Blocks.Continuous.FirstOrder.k: feature_disabled (proven, from equation) \u2014 the parameter appears only as a multiplier, so at zero the term it scales drops out and the rest of the model is unaffected"", ""contract_behavior"": ""feature_disabled"", ""contract_confidence"": ""proven"", ""confidence"": ""low"", ""result"": ""TOPOLOGY_SPECIFIC"", ""incidences_lost"": 0, ""unknowns_left_undetermined"": 0, ""evidence_kind"": ""scales-a-rate"", ""note"": ""at zero this parameter removes a state and the equation that determines it. The matching survives, so the system is not structurally short; whether it is *algebraically* singular depends on this model's topology and initialization and needs execution to decide. This is not a claim that the declaration should forbid zero.""}",/data/mrumoca/eval/results/powergrids/findings.jsonl
powergrids,historical-static,PowerGrids.Controls.Test.TestLeadMOrderLag,252,STRUCTURE_DEGENERATES_AT_ZERO,low,False,hold-needs-source-and-witness-review,"{""parameter"": ""mOrderLag.firstOrderCascade[42].firstOrder1.k"", ""contract"": ""Modelica.Blocks.Continuous.FirstOrder.k: feature_disabled (proven, from equation) \u2014 the parameter appears only as a multiplier, so at zero the term it scales drops out and the rest of the model is unaffected"", ""contract_behavior"": ""feature_disabled"", ""contract_confidence"": ""proven"", ""confidence"": ""low"", ""result"": ""TOPOLOGY_SPECIFIC"", ""incidences_lost"": 0, ""unknowns_left_undetermined"": 0, ""evidence_kind"": ""scales-a-rate"", ""note"": ""at zero this parameter removes a state and the equation that determines it. The matching survives, so the system is not structurally short; whether it is *algebraically* singular depends on this model's topology and initialization and needs execution to decide. This is not a claim that the declaration should forbid zero.""}",/data/mrumoca/eval/results/powergrids/findings.jsonl
powergrids,historical-static,PowerGrids.Controls.Test.TestLeadMOrderLag,253,STRUCTURE_DEGENERATES_AT_ZERO,low,False,hold-needs-source-and-witness-review,"{""parameter"": ""mOrderLag.firstOrderCascade[43].firstOrder1.k"", ""contract"": ""Modelica.Blocks.Continuous.FirstOrder.k: feature_disabled (proven, from equation) \u2014 the parameter appears only as a multiplier, so at zero the term it scales drops out and the rest of the model is unaffected"", ""contract_behavior"": ""feature_disabled"", ""contract_confidence"": ""proven"", ""confidence"": ""low"", ""result"": ""TOPOLOGY_SPECIFIC"", ""incidences_lost"": 0, ""unknowns_left_undetermined"": 0, ""evidence_kind"": ""scales-a-rate"", ""note"": ""at zero this parameter removes a state and the equation that determines it. The matching survives, so the system is not structurally short; whether it is *algebraically* singular depends on this model's topology and initialization and needs execution to decide. This is not a claim that the declaration should forbid zero.""}",/data/mrumoca/eval/results/powergrids/findings.jsonl
powergrids,historical-static,PowerGrids.Controls.Test.TestLeadMOrderLag,254,STRUCTURE_DEGENERATES_AT_ZERO,low,False,hold-needs-source-and-witness-review,"{""parameter"": ""mOrderLag.firstOrderCascade[44].firstOrder1.k"", ""contract"": ""Modelica.Blocks.Continuous.FirstOrder.k: feature_disabled (proven, from equation) \u2014 the parameter appears only as a multiplier, so at zero the term it scales drops out and the rest of the model is unaffected"", ""contract_behavior"": ""feature_disabled"", ""contract_confidence"": ""proven"", ""confidence"": ""low"", ""result"": ""TOPOLOGY_SPECIFIC"", ""incidences_lost"": 0, ""unknowns_left_undetermined"": 0, ""evidence_kind"": ""scales-a-rate"", ""note"": ""at zero this parameter removes a state and the equation that determines it. The matching survives, so the system is not structurally short; whether it is *algebraically* singular depends on this model's topology and initialization and needs execution to decide. This is not a claim that the declaration should forbid zero.""}",/data/mrumoca/eval/results/powergrids/findings.jsonl
powergrids,historical-static,PowerGrids.Controls.Test.TestLeadMOrderLag,255,STRUCTURE_DEGENERATES_AT_ZERO,low,False,hold-needs-source-and-witness-review,"{""parameter"": ""mOrderLag.firstOrderCascade[45].firstOrder1.k"", ""contract"": ""Modelica.Blocks.Continuous.FirstOrder.k: feature_disabled (proven, from equation) \u2014 the parameter appears only as a multiplier, so at zero the term it scales drops out and the rest of the model is unaffected"", ""contract_behavior"": ""feature_disabled"", ""contract_confidence"": ""proven"", ""confidence"": ""low"", ""result"": ""TOPOLOGY_SPECIFIC"", ""incidences_lost"": 0, ""unknowns_left_undetermined"": 0, ""evidence_kind"": ""scales-a-rate"", ""note"": ""at zero this parameter removes a state and the equation that determines it. The matching survives, so the system is not structurally short; whether it is *algebraically* singular depends on this model's topology and initialization and needs execution to decide. This is not a claim that the declaration should forbid zero.""}",/data/mrumoca/eval/results/powergrids/findings.jsonl
powergrids,historical-static,PowerGrids.Controls.Test.TestLeadMOrderLag,256,STRUCTURE_DEGENERATES_AT_ZERO,low,False,hold-needs-source-and-witness-review,"{""parameter"": ""mOrderLag.firstOrderCascade[46].firstOrder1.k"", ""contract"": ""Modelica.Blocks.Continuous.FirstOrder.k: feature_disabled (proven, from equation) \u2014 the parameter appears only as a multiplier, so at zero the term it scales drops out and the rest of the model is unaffected"", ""contract_behavior"": ""feature_disabled"", ""contract_confidence"": ""proven"", ""confidence"": ""low"", ""result"": ""TOPOLOGY_SPECIFIC"", ""incidences_lost"": 0, ""unknowns_left_undetermined"": 0, ""evidence_kind"": ""scales-a-rate"", ""note"": ""at zero this parameter removes a state and the equation that determines it. The matching survives, so the system is not structurally short; whether it is *algebraically* singular depends on this model's topology and initialization and needs execution to decide. This is not a claim that the declaration should forbid zero.""}",/data/mrumoca/eval/results/powergrids/findings.jsonl
powergrids,historical-static,PowerGrids.Controls.Test.TestLeadMOrderLag,257,STRUCTURE_DEGENERATES_AT_ZERO,low,False,hold-needs-source-and-witness-review,"{""parameter"": ""mOrderLag.firstOrderCascade[47].firstOrder1.k"", ""contract"": ""Modelica.Blocks.Continuous.FirstOrder.k: feature_disabled (proven, from equation) \u2014 the parameter appears only as a multiplier, so at zero the term it scales drops out and the rest of the model is unaffected"", ""contract_behavior"": ""feature_disabled"", ""contract_confidence"": ""proven"", ""confidence"": ""low"", ""result"": ""TOPOLOGY_SPECIFIC"", ""incidences_lost"": 0, ""unknowns_left_undetermined"": 0, ""evidence_kind"": ""scales-a-rate"", ""note"": ""at zero this parameter removes a state and the equation that determines it. The matching survives, so the system is not structurally short; whether it is *algebraically* singular depends on this model's topology and initialization and needs execution to decide. This is not a claim that the declaration should forbid zero.""}",/data/mrumoca/eval/results/powergrids/findings.jsonl
powergrids,historical-static,PowerGrids.Controls.Test.TestLeadMOrderLag,258,STRUCTURE_DEGENERATES_AT_ZERO,low,False,hold-needs-source-and-witness-review,"{""parameter"": ""mOrderLag.firstOrderCascade[48].firstOrder1.k"", ""contract"": ""Modelica.Blocks.Continuous.FirstOrder.k: feature_disabled (proven, from equation) \u2014 the parameter appears only as a multiplier, so at zero the term it scales drops out and the rest of the model is unaffected"", ""contract_behavior"": ""feature_disabled"", ""contract_confidence"": ""proven"", ""confidence"": ""low"", ""result"": ""TOPOLOGY_SPECIFIC"", ""incidences_lost"": 0, ""unknowns_left_undetermined"": 0, ""evidence_kind"": ""scales-a-rate"", ""note"": ""at zero this parameter removes a state and the equation that determines it. The matching survives, so the system is not structurally short; whether it is *algebraically* singular depends on this model's topology and initialization and needs execution to decide. This is not a claim that the declaration should forbid zero.""}",/data/mrumoca/eval/results/powergrids/findings.jsonl
powergrids,historical-static,PowerGrids.Controls.Test.TestLeadMOrderLag,259,STRUCTURE_DEGENERATES_AT_ZERO,low,False,hold-needs-source-and-witness-review,"{""parameter"": ""mOrderLag.firstOrderCascade[49].firstOrder1.k"", ""contract"": ""Modelica.Blocks.Continuous.FirstOrder.k: feature_disabled (proven, from equation) \u2014 the parameter appears only as a multiplier, so at zero the term it scales drops out and the rest of the model is unaffected"", ""contract_behavior"": ""feature_disabled"", ""contract_confidence"": ""proven"", ""confidence"": ""low"", ""result"": ""TOPOLOGY_SPECIFIC"", ""incidences_lost"": 0, ""unknowns_left_undetermined"": 0, ""evidence_kind"": ""scales-a-rate"", ""note"": ""at zero this parameter removes a state and the equation that determines it. The matching survives, so the system is not structurally short; whether it is *algebraically* singular depends on this model's topology and initialization and needs execution to decide. This is not a claim that the declaration should forbid zero.""}",/data/mrumoca/eval/results/powergrids/findings.jsonl
powergrids,historical-static,PowerGrids.Controls.Test.TestLeadMOrderLag,260,STRUCTURE_DEGENERATES_AT_ZERO,low,False,hold-needs-source-and-witness-review,"{""parameter"": ""mOrderLag.firstOrderCascade[50].firstOrder1.k"", ""contract"": ""Modelica.Blocks.Continuous.FirstOrder.k: feature_disabled (proven, from equation) \u2014 the parameter appears only as a multiplier, so at zero the term it scales drops out and the rest of the model is unaffected"", ""contract_behavior"": ""feature_disabled"", ""contract_confidence"": ""proven"", ""confidence"": ""low"", ""result"": ""TOPOLOGY_SPECIFIC"", ""incidences_lost"": 0, ""unknowns_left_undetermined"": 0, ""evidence_kind"": ""scales-a-rate"", ""note"": ""at zero this parameter removes a state and the equation that determines it. The matching survives, so the system is not structurally short; whether it is *algebraically* singular depends on this model's topology and initialization and needs execution to decide. This is not a claim that the declaration should forbid zero.""}",/data/mrumoca/eval/results/powergrids/findings.jsonl
powergrids,historical-static,PowerGrids.Controls.Test.TestLeadMOrderLag,261,STRUCTURE_DEGENERATES_AT_ZERO,low,False,hold-needs-source-and-witness-review,"{""parameter"": ""mOrderLag.firstOrderCascade[51].firstOrder1.k"", ""contract"": ""Modelica.Blocks.Continuous.FirstOrder.k: feature_disabled (proven, from equation) \u2014 the parameter appears only as a multiplier, so at zero the term it scales drops out and the rest of the model is unaffected"", ""contract_behavior"": ""feature_disabled"", ""contract_confidence"": ""proven"", ""confidence"": ""low"", ""result"": ""TOPOLOGY_SPECIFIC"", ""incidences_lost"": 0, ""unknowns_left_undetermined"": 0, ""evidence_kind"": ""scales-a-rate"", ""note"": ""at zero this parameter removes a state and the equation that determines it. The matching survives, so the system is not structurally short; whether it is *algebraically* singular depends on this model's topology and initialization and needs execution to decide. This is not a claim that the declaration should forbid zero.""}",/data/mrumoca/eval/results/powergrids/findings.jsonl
powergrids,historical-static,PowerGrids.Controls.Test.TestLeadMOrderLag,262,STRUCTURE_DEGENERATES_AT_ZERO,low,False,hold-needs-source-and-witness-review,"{""parameter"": ""mOrderLag.firstOrderCascade[52].firstOrder1.k"", ""contract"": ""Modelica.Blocks.Continuous.FirstOrder.k: feature_disabled (proven, from equation) \u2014 the parameter appears only as a multiplier, so at zero the term it scales drops out and the rest of the model is unaffected"", ""contract_behavior"": ""feature_disabled"", ""contract_confidence"": ""proven"", ""confidence"": ""low"", ""result"": ""TOPOLOGY_SPECIFIC"", ""incidences_lost"": 0, ""unknowns_left_undetermined"": 0, ""evidence_kind"": ""scales-a-rate"", ""note"": ""at zero this parameter removes a state and the equation that determines it. The matching survives, so the system is not structurally short; whether it is *algebraically* singular depends on this model's topology and initialization and needs execution to decide. This is not a claim that the declaration should forbid zero.""}",/data/mrumoca/eval/results/powergrids/findings.jsonl
powergrids,historical-static,PowerGrids.Controls.Test.TestLeadMOrderLag,263,STRUCTURE_DEGENERATES_AT_ZERO,low,False,hold-needs-source-and-witness-review,"{""parameter"": ""mOrderLag.firstOrderCascade[53].firstOrder1.k"", ""contract"": ""Modelica.Blocks.Continuous.FirstOrder.k: feature_disabled (proven, from equation) \u2014 the parameter appears only as a multiplier, so at zero the term it scales drops out and the rest of the model is unaffected"", ""contract_behavior"": ""feature_disabled"", ""contract_confidence"": ""proven"", ""confidence"": ""low"", ""result"": ""TOPOLOGY_SPECIFIC"", ""incidences_lost"": 0, ""unknowns_left_undetermined"": 0, ""evidence_kind"": ""scales-a-rate"", ""note"": ""at zero this parameter removes a state and the equation that determines it. The matching survives, so the system is not structurally short; whether it is *algebraically* singular depends on this model's topology and initialization and needs execution to decide. This is not a claim that the declaration should forbid zero.""}",/data/mrumoca/eval/results/powergrids/findings.jsonl
powergrids,historical-static,PowerGrids.Controls.Test.TestLeadMOrderLag,264,STRUCTURE_DEGENERATES_AT_ZERO,low,False,hold-needs-source-and-witness-review,"{""parameter"": ""mOrderLag.firstOrderCascade[54].firstOrder1.k"", ""contract"": ""Modelica.Blocks.Continuous.FirstOrder.k: feature_disabled (proven, from equation) \u2014 the parameter appears only as a multiplier, so at zero the term it scales drops out and the rest of the model is unaffected"", ""contract_behavior"": ""feature_disabled"", ""contract_confidence"": ""proven"", ""confidence"": ""low"", ""result"": ""TOPOLOGY_SPECIFIC"", ""incidences_lost"": 0, ""unknowns_left_undetermined"": 0, ""evidence_kind"": ""scales-a-rate"", ""note"": ""at zero this parameter removes a state and the equation that determines it. The matching survives, so the system is not structurally short; whether it is *algebraically* singular depends on this model's topology and initialization and needs execution to decide. This is not a claim that the declaration should forbid zero.""}",/data/mrumoca/eval/results/powergrids/findings.jsonl
powergrids,historical-static,PowerGrids.Controls.Test.TestLeadMOrderLag,265,STRUCTURE_DEGENERATES_AT_ZERO,low,False,hold-needs-source-and-witness-review,"{""parameter"": ""mOrderLag.firstOrderCascade[55].firstOrder1.k"", ""contract"": ""Modelica.Blocks.Continuous.FirstOrder.k: feature_disabled (proven, from equation) \u2014 the parameter appears only as a multiplier, so at zero the term it scales drops out and the rest of the model is unaffected"", ""contract_behavior"": ""feature_disabled"", ""contract_confidence"": ""proven"", ""confidence"": ""low"", ""result"": ""TOPOLOGY_SPECIFIC"", ""incidences_lost"": 0, ""unknowns_left_undetermined"": 0, ""evidence_kind"": ""scales-a-rate"", ""note"": ""at zero this parameter removes a state and the equation that determines it. The matching survives, so the system is not structurally short; whether it is *algebraically* singular depends on this model's topology and initialization and needs execution to decide. This is not a claim that the declaration should forbid zero.""}",/data/mrumoca/eval/results/powergrids/findings.jsonl
powergrids,historical-static,PowerGrids.Controls.Test.TestLeadMOrderLag,266,STRUCTURE_DEGENERATES_AT_ZERO,low,False,hold-needs-source-and-witness-review,"{""parameter"": ""mOrderLag.firstOrderCascade[56].firstOrder1.k"", ""contract"": ""Modelica.Blocks.Continuous.FirstOrder.k: feature_disabled (proven, from equation) \u2014 the parameter appears only as a multiplier, so at zero the term it scales drops out and the rest of the model is unaffected"", ""contract_behavior"": ""feature_disabled"", ""contract_confidence"": ""proven"", ""confidence"": ""low"", ""result"": ""TOPOLOGY_SPECIFIC"", ""incidences_lost"": 0, ""unknowns_left_undetermined"": 0, ""evidence_kind"": ""scales-a-rate"", ""note"": ""at zero this parameter removes a state and the equation that determines it. The matching survives, so the system is not structurally short; whether it is *algebraically* singular depends on this model's topology and initialization and needs execution to decide. This is not a claim that the declaration should forbid zero.""}",/data/mrumoca/eval/results/powergrids/findings.jsonl
powergrids,historical-static,PowerGrids.Controls.Test.TestLeadMOrderLag,267,STRUCTURE_DEGENERATES_AT_ZERO,low,False,hold-needs-source-and-witness-review,"{""parameter"": ""mOrderLag.firstOrderCascade[57].firstOrder1.k"", ""contract"": ""Modelica.Blocks.Continuous.FirstOrder.k: feature_disabled (proven, from equation) \u2014 the parameter appears only as a multiplier, so at zero the term it scales drops out and the rest of the model is unaffected"", ""contract_behavior"": ""feature_disabled"", ""contract_confidence"": ""proven"", ""confidence"": ""low"", ""result"": ""TOPOLOGY_SPECIFIC"", ""incidences_lost"": 0, ""unknowns_left_undetermined"": 0, ""evidence_kind"": ""scales-a-rate"", ""note"": ""at zero this parameter removes a state and the equation that determines it. The matching survives, so the system is not structurally short; whether it is *algebraically* singular depends on this model's topology and initialization and needs execution to decide. This is not a claim that the declaration should forbid zero.""}",/data/mrumoca/eval/results/powergrids/findings.jsonl
powergrids,historical-static,PowerGrids.Controls.Test.TestLeadMOrderLag,268,STRUCTURE_DEGENERATES_AT_ZERO,low,False,hold-needs-source-and-witness-review,"{""parameter"": ""mOrderLag.firstOrderCascade[58].firstOrder1.k"", ""contract"": ""Modelica.Blocks.Continuous.FirstOrder.k: feature_disabled (proven, from equation) \u2014 the parameter appears only as a multiplier, so at zero the term it scales drops out and the rest of the model is unaffected"", ""contract_behavior"": ""feature_disabled"", ""contract_confidence"": ""proven"", ""confidence"": ""low"", ""result"": ""TOPOLOGY_SPECIFIC"", ""incidences_lost"": 0, ""unknowns_left_undetermined"": 0, ""evidence_kind"": ""scales-a-rate"", ""note"": ""at zero this parameter removes a state and the equation that determines it. The matching survives, so the system is not structurally short; whether it is *algebraically* singular depends on this model's topology and initialization and needs execution to decide. This is not a claim that the declaration should forbid zero.""}",/data/mrumoca/eval/results/powergrids/findings.jsonl
powergrids,historical-static,PowerGrids.Controls.Test.TestLeadMOrderLag,269,STRUCTURE_DEGENERATES_AT_ZERO,low,False,hold-needs-source-and-witness-review,"{""parameter"": ""mOrderLag.firstOrderCascade[59].firstOrder1.k"", ""contract"": ""Modelica.Blocks.Continuous.FirstOrder.k: feature_disabled (proven, from equation) \u2014 the parameter appears only as a multiplier, so at zero the term it scales drops out and the rest of the model is unaffected"", ""contract_behavior"": ""feature_disabled"", ""contract_confidence"": ""proven"", ""confidence"": ""low"", ""result"": ""TOPOLOGY_SPECIFIC"", ""incidences_lost"": 0, ""unknowns_left_undetermined"": 0, ""evidence_kind"": ""scales-a-rate"", ""note"": ""at zero this parameter removes a state and the equation that determines it. The matching survives, so the system is not structurally short; whether it is *algebraically* singular depends on this model's topology and initialization and needs execution to decide. This is not a claim that the declaration should forbid zero.""}",/data/mrumoca/eval/results/powergrids/findings.jsonl
powergrids,historical-static,PowerGrids.Controls.Test.TestLeadMOrderLag,270,STRUCTURE_DEGENERATES_AT_ZERO,low,False,hold-needs-source-and-witness-review,"{""parameter"": ""mOrderLag.firstOrderCascade[60].firstOrder1.k"", ""contract"": ""Modelica.Blocks.Continuous.FirstOrder.k: feature_disabled (proven, from equation) \u2014 the parameter appears only as a multiplier, so at zero the term it scales drops out and the rest of the model is unaffected"", ""contract_behavior"": ""feature_disabled"", ""contract_confidence"": ""proven"", ""confidence"": ""low"", ""result"": ""TOPOLOGY_SPECIFIC"", ""incidences_lost"": 0, ""unknowns_left_undetermined"": 0, ""evidence_kind"": ""scales-a-rate"", ""note"": ""at zero this parameter removes a state and the equation that determines it. The matching survives, so the system is not structurally short; whether it is *algebraically* singular depends on this model's topology and initialization and needs execution to decide. This is not a claim that the declaration should forbid zero.""}",/data/mrumoca/eval/results/powergrids/findings.jsonl
powergrids,historical-static,PowerGrids.Controls.Test.TestLeadMOrderLag,271,STRUCTURE_DEGENERATES_AT_ZERO,low,False,hold-needs-source-and-witness-review,"{""parameter"": ""mOrderLag.firstOrderCascade[61].firstOrder1.k"", ""contract"": ""Modelica.Blocks.Continuous.FirstOrder.k: feature_disabled (proven, from equation) \u2014 the parameter appears only as a multiplier, so at zero the term it scales drops out and the rest of the model is unaffected"", ""contract_behavior"": ""feature_disabled"", ""contract_confidence"": ""proven"", ""confidence"": ""low"", ""result"": ""TOPOLOGY_SPECIFIC"", ""incidences_lost"": 0, ""unknowns_left_undetermined"": 0, ""evidence_kind"": ""scales-a-rate"", ""note"": ""at zero this parameter removes a state and the equation that determines it. The matching survives, so the system is not structurally short; whether it is *algebraically* singular depends on this model's topology and initialization and needs execution to decide. This is not a claim that the declaration should forbid zero.""}",/data/mrumoca/eval/results/powergrids/findings.jsonl
powergrids,historical-static,PowerGrids.Controls.Test.TestLeadMOrderLag,272,STRUCTURE_DEGENERATES_AT_ZERO,low,False,hold-needs-source-and-witness-review,"{""parameter"": ""mOrderLag.firstOrderCascade[62].firstOrder1.k"", ""contract"": ""Modelica.Blocks.Continuous.FirstOrder.k: feature_disabled (proven, from equation) \u2014 the parameter appears only as a multiplier, so at zero the term it scales drops out and the rest of the model is unaffected"", ""contract_behavior"": ""feature_disabled"", ""contract_confidence"": ""proven"", ""confidence"": ""low"", ""result"": ""TOPOLOGY_SPECIFIC"", ""incidences_lost"": 0, ""unknowns_left_undetermined"": 0, ""evidence_kind"": ""scales-a-rate"", ""note"": ""at zero this parameter removes a state and the equation that determines it. The matching survives, so the system is not structurally short; whether it is *algebraically* singular depends on this model's topology and initialization and needs execution to decide. This is not a claim that the declaration should forbid zero.""}",/data/mrumoca/eval/results/powergrids/findings.jsonl
powergrids,historical-static,PowerGrids.Controls.Test.TestLeadMOrderLag,273,STRUCTURE_DEGENERATES_AT_ZERO,low,False,hold-needs-source-and-witness-review,"{""parameter"": ""mOrderLag.firstOrderCascade[63].firstOrder1.k"", ""contract"": ""Modelica.Blocks.Continuous.FirstOrder.k: feature_disabled (proven, from equation) \u2014 the parameter appears only as a multiplier, so at zero the term it scales drops out and the rest of the model is unaffected"", ""contract_behavior"": ""feature_disabled"", ""contract_confidence"": ""proven"", ""confidence"": ""low"", ""result"": ""TOPOLOGY_SPECIFIC"", ""incidences_lost"": 0, ""unknowns_left_undetermined"": 0, ""evidence_kind"": ""scales-a-rate"", ""note"": ""at zero this parameter removes a state and the equation that determines it. The matching survives, so the system is not structurally short; whether it is *algebraically* singular depends on this model's topology and initialization and needs execution to decide. This is not a claim that the declaration should forbid zero.""}",/data/mrumoca/eval/results/powergrids/findings.jsonl
powergrids,historical-static,PowerGrids.Controls.Test.TestLeadMOrderLag,274,STRUCTURE_DEGENERATES_AT_ZERO,low,False,hold-needs-source-and-witness-review,"{""parameter"": ""mOrderLag.firstOrderCascade[64].firstOrder1.k"", ""contract"": ""Modelica.Blocks.Continuous.FirstOrder.k: feature_disabled (proven, from equation) \u2014 the parameter appears only as a multiplier, so at zero the term it scales drops out and the rest of the model is unaffected"", ""contract_behavior"": ""feature_disabled"", ""contract_confidence"": ""proven"", ""confidence"": ""low"", ""result"": ""TOPOLOGY_SPECIFIC"", ""incidences_lost"": 0, ""unknowns_left_undetermined"": 0, ""evidence_kind"": ""scales-a-rate"", ""note"": ""at zero this parameter removes a state and the equation that determines it. The matching survives, so the system is not structurally short; whether it is *algebraically* singular depends on this model's topology and initialization and needs execution to decide. This is not a claim that the declaration should forbid zero.""}",/data/mrumoca/eval/results/powergrids/findings.jsonl
powergrids,historical-static,PowerGrids.Controls.Test.TestLeadMOrderLag,275,STRUCTURE_DEGENERATES_AT_ZERO,low,False,hold-needs-source-and-witness-review,"{""parameter"": ""mOrderLag.firstOrderCascade[65].firstOrder1.k"", ""contract"": ""Modelica.Blocks.Continuous.FirstOrder.k: feature_disabled (proven, from equation) \u2014 the parameter appears only as a multiplier, so at zero the term it scales drops out and the rest of the model is unaffected"", ""contract_behavior"": ""feature_disabled"", ""contract_confidence"": ""proven"", ""confidence"": ""low"", ""result"": ""TOPOLOGY_SPECIFIC"", ""incidences_lost"": 0, ""unknowns_left_undetermined"": 0, ""evidence_kind"": ""scales-a-rate"", ""note"": ""at zero this parameter removes a state and the equation that determines it. The matching survives, so the system is not structurally short; whether it is *algebraically* singular depends on this model's topology and initialization and needs execution to decide. This is not a claim that the declaration should forbid zero.""}",/data/mrumoca/eval/results/powergrids/findings.jsonl
powergrids,historical-static,PowerGrids.Controls.Test.TestLeadMOrderLag,276,STRUCTURE_DEGENERATES_AT_ZERO,low,False,hold-needs-source-and-witness-review,"{""parameter"": ""mOrderLag.firstOrderCascade[66].firstOrder1.k"", ""contract"": ""Modelica.Blocks.Continuous.FirstOrder.k: feature_disabled (proven, from equation) \u2014 the parameter appears only as a multiplier, so at zero the term it scales drops out and the rest of the model is unaffected"", ""contract_behavior"": ""feature_disabled"", ""contract_confidence"": ""proven"", ""confidence"": ""low"", ""result"": ""TOPOLOGY_SPECIFIC"", ""incidences_lost"": 0, ""unknowns_left_undetermined"": 0, ""evidence_kind"": ""scales-a-rate"", ""note"": ""at zero this parameter removes a state and the equation that determines it. The matching survives, so the system is not structurally short; whether it is *algebraically* singular depends on this model's topology and initialization and needs execution to decide. This is not a claim that the declaration should forbid zero.""}",/data/mrumoca/eval/results/powergrids/findings.jsonl
powergrids,historical-static,PowerGrids.Controls.Test.TestLeadMOrderLag,277,STRUCTURE_DEGENERATES_AT_ZERO,low,False,hold-needs-source-and-witness-review,"{""parameter"": ""mOrderLag.firstOrderCascade[67].firstOrder1.k"", ""contract"": ""Modelica.Blocks.Continuous.FirstOrder.k: feature_disabled (proven, from equation) \u2014 the parameter appears only as a multiplier, so at zero the term it scales drops out and the rest of the model is unaffected"", ""contract_behavior"": ""feature_disabled"", ""contract_confidence"": ""proven"", ""confidence"": ""low"", ""result"": ""TOPOLOGY_SPECIFIC"", ""incidences_lost"": 0, ""unknowns_left_undetermined"": 0, ""evidence_kind"": ""scales-a-rate"", ""note"": ""at zero this parameter removes a state and the equation that determines it. The matching survives, so the system is not structurally short; whether it is *algebraically* singular depends on this model's topology and initialization and needs execution to decide. This is not a claim that the declaration should forbid zero.""}",/data/mrumoca/eval/results/powergrids/findings.jsonl
powergrids,historical-static,PowerGrids.Controls.Test.TestLeadMOrderLag,278,STRUCTURE_DEGENERATES_AT_ZERO,low,False,hold-needs-source-and-witness-review,"{""parameter"": ""mOrderLag.firstOrderCascade[68].firstOrder1.k"", ""contract"": ""Modelica.Blocks.Continuous.FirstOrder.k: feature_disabled (proven, from equation) \u2014 the parameter appears only as a multiplier, so at zero the term it scales drops out and the rest of the model is unaffected"", ""contract_behavior"": ""feature_disabled"", ""contract_confidence"": ""proven"", ""confidence"": ""low"", ""result"": ""TOPOLOGY_SPECIFIC"", ""incidences_lost"": 0, ""unknowns_left_undetermined"": 0, ""evidence_kind"": ""scales-a-rate"", ""note"": ""at zero this parameter removes a state and the equation that determines it. The matching survives, so the system is not structurally short; whether it is *algebraically* singular depends on this model's topology and initialization and needs execution to decide. This is not a claim that the declaration should forbid zero.""}",/data/mrumoca/eval/results/powergrids/findings.jsonl
powergrids,historical-static,PowerGrids.Controls.Test.TestLeadMOrderLag,279,STRUCTURE_DEGENERATES_AT_ZERO,low,False,hold-needs-source-and-witness-review,"{""parameter"": ""mOrderLag.firstOrderCascade[69].firstOrder1.k"", ""contract"": ""Modelica.Blocks.Continuous.FirstOrder.k: feature_disabled (proven, from equation) \u2014 the parameter appears only as a multiplier, so at zero the term it scales drops out and the rest of the model is unaffected"", ""contract_behavior"": ""feature_disabled"", ""contract_confidence"": ""proven"", ""confidence"": ""low"", ""result"": ""TOPOLOGY_SPECIFIC"", ""incidences_lost"": 0, ""unknowns_left_undetermined"": 0, ""evidence_kind"": ""scales-a-rate"", ""note"": ""at zero this parameter removes a state and the equation that determines it. The matching survives, so the system is not structurally short; whether it is *algebraically* singular depends on this model's topology and initialization and needs execution to decide. This is not a claim that the declaration should forbid zero.""}",/data/mrumoca/eval/results/powergrids/findings.jsonl
powergrids,historical-static,PowerGrids.Controls.Test.TestLeadMOrderLag,280,STRUCTURE_DEGENERATES_AT_ZERO,low,False,hold-needs-source-and-witness-review,"{""parameter"": ""mOrderLag.firstOrderCascade[70].firstOrder1.k"", ""contract"": ""Modelica.Blocks.Continuous.FirstOrder.k: feature_disabled (proven, from equation) \u2014 the parameter appears only as a multiplier, so at zero the term it scales drops out and the rest of the model is unaffected"", ""contract_behavior"": ""feature_disabled"", ""contract_confidence"": ""proven"", ""confidence"": ""low"", ""result"": ""TOPOLOGY_SPECIFIC"", ""incidences_lost"": 0, ""unknowns_left_undetermined"": 0, ""evidence_kind"": ""scales-a-rate"", ""note"": ""at zero this parameter removes a state and the equation that determines it. The matching survives, so the system is not structurally short; whether it is *algebraically* singular depends on this model's topology and initialization and needs execution to decide. This is not a claim that the declaration should forbid zero.""}",/data/mrumoca/eval/results/powergrids/findings.jsonl
powergrids,historical-static,PowerGrids.Controls.Test.TestLeadMOrderLag,281,STRUCTURE_DEGENERATES_AT_ZERO,low,False,hold-needs-source-and-witness-review,"{""parameter"": ""mOrderLag.firstOrderCascade[71].firstOrder1.k"", ""contract"": ""Modelica.Blocks.Continuous.FirstOrder.k: feature_disabled (proven, from equation) \u2014 the parameter appears only as a multiplier, so at zero the term it scales drops out and the rest of the model is unaffected"", ""contract_behavior"": ""feature_disabled"", ""contract_confidence"": ""proven"", ""confidence"": ""low"", ""result"": ""TOPOLOGY_SPECIFIC"", ""incidences_lost"": 0, ""unknowns_left_undetermined"": 0, ""evidence_kind"": ""scales-a-rate"", ""note"": ""at zero this parameter removes a state and the equation that determines it. The matching survives, so the system is not structurally short; whether it is *algebraically* singular depends on this model's topology and initialization and needs execution to decide. This is not a claim that the declaration should forbid zero.""}",/data/mrumoca/eval/results/powergrids/findings.jsonl
powergrids,historical-static,PowerGrids.Controls.Test.TestLeadMOrderLag,282,STRUCTURE_DEGENERATES_AT_ZERO,low,False,hold-needs-source-and-witness-review,"{""parameter"": ""mOrderLag.firstOrderCascade[72].firstOrder1.k"", ""contract"": ""Modelica.Blocks.Continuous.FirstOrder.k: feature_disabled (proven, from equation) \u2014 the parameter appears only as a multiplier, so at zero the term it scales drops out and the rest of the model is unaffected"", ""contract_behavior"": ""feature_disabled"", ""contract_confidence"": ""proven"", ""confidence"": ""low"", ""result"": ""TOPOLOGY_SPECIFIC"", ""incidences_lost"": 0, ""unknowns_left_undetermined"": 0, ""evidence_kind"": ""scales-a-rate"", ""note"": ""at zero this parameter removes a state and the equation that determines it. The matching survives, so the system is not structurally short; whether it is *algebraically* singular depends on this model's topology and initialization and needs execution to decide. This is not a claim that the declaration should forbid zero.""}",/data/mrumoca/eval/results/powergrids/findings.jsonl
powergrids,historical-static,PowerGrids.Controls.Test.TestLeadMOrderLag,283,STRUCTURE_DEGENERATES_AT_ZERO,low,False,hold-needs-source-and-witness-review,"{""parameter"": ""mOrderLag.firstOrderCascade[73].firstOrder1.k"", ""contract"": ""Modelica.Blocks.Continuous.FirstOrder.k: feature_disabled (proven, from equation) \u2014 the parameter appears only as a multiplier, so at zero the term it scales drops out and the rest of the model is unaffected"", ""contract_behavior"": ""feature_disabled"", ""contract_confidence"": ""proven"", ""confidence"": ""low"", ""result"": ""TOPOLOGY_SPECIFIC"", ""incidences_lost"": 0, ""unknowns_left_undetermined"": 0, ""evidence_kind"": ""scales-a-rate"", ""note"": ""at zero this parameter removes a state and the equation that determines it. The matching survives, so the system is not structurally short; whether it is *algebraically* singular depends on this model's topology and initialization and needs execution to decide. This is not a claim that the declaration should forbid zero.""}",/data/mrumoca/eval/results/powergrids/findings.jsonl
powergrids,historical-static,PowerGrids.Controls.Test.TestLeadMOrderLag,284,STRUCTURE_DEGENERATES_AT_ZERO,low,False,hold-needs-source-and-witness-review,"{""parameter"": ""mOrderLag.firstOrderCascade[74].firstOrder1.k"", ""contract"": ""Modelica.Blocks.Continuous.FirstOrder.k: feature_disabled (proven, from equation) \u2014 the parameter appears only as a multiplier, so at zero the term it scales drops out and the rest of the model is unaffected"", ""contract_behavior"": ""feature_disabled"", ""contract_confidence"": ""proven"", ""confidence"": ""low"", ""result"": ""TOPOLOGY_SPECIFIC"", ""incidences_lost"": 0, ""unknowns_left_undetermined"": 0, ""evidence_kind"": ""scales-a-rate"", ""note"": ""at zero this parameter removes a state and the equation that determines it. The matching survives, so the system is not structurally short; whether it is *algebraically* singular depends on this model's topology and initialization and needs execution to decide. This is not a claim that the declaration should forbid zero.""}",/data/mrumoca/eval/results/powergrids/findings.jsonl
powergrids,historical-static,PowerGrids.Controls.Test.TestLeadMOrderLag,285,STRUCTURE_DEGENERATES_AT_ZERO,low,False,hold-needs-source-and-witness-review,"{""parameter"": ""mOrderLag.firstOrderCascade[75].firstOrder1.k"", ""contract"": ""Modelica.Blocks.Continuous.FirstOrder.k: feature_disabled (proven, from equation) \u2014 the parameter appears only as a multiplier, so at zero the term it scales drops out and the rest of the model is unaffected"", ""contract_behavior"": ""feature_disabled"", ""contract_confidence"": ""proven"", ""confidence"": ""low"", ""result"": ""TOPOLOGY_SPECIFIC"", ""incidences_lost"": 0, ""unknowns_left_undetermined"": 0, ""evidence_kind"": ""scales-a-rate"", ""note"": ""at zero this parameter removes a state and the equation that determines it. The matching survives, so the system is not structurally short; whether it is *algebraically* singular depends on this model's topology and initialization and needs execution to decide. This is not a claim that the declaration should forbid zero.""}",/data/mrumoca/eval/results/powergrids/findings.jsonl
powergrids,historical-static,PowerGrids.Controls.Test.TestLeadMOrderLag,286,STRUCTURE_DEGENERATES_AT_ZERO,low,False,hold-needs-source-and-witness-review,"{""parameter"": ""mOrderLag.firstOrderCascade[76].firstOrder1.k"", ""contract"": ""Modelica.Blocks.Continuous.FirstOrder.k: feature_disabled (proven, from equation) \u2014 the parameter appears only as a multiplier, so at zero the term it scales drops out and the rest of the model is unaffected"", ""contract_behavior"": ""feature_disabled"", ""contract_confidence"": ""proven"", ""confidence"": ""low"", ""result"": ""TOPOLOGY_SPECIFIC"", ""incidences_lost"": 0, ""unknowns_left_undetermined"": 0, ""evidence_kind"": ""scales-a-rate"", ""note"": ""at zero this parameter removes a state and the equation that determines it. The matching survives, so the system is not structurally short; whether it is *algebraically* singular depends on this model's topology and initialization and needs execution to decide. This is not a claim that the declaration should forbid zero.""}",/data/mrumoca/eval/results/powergrids/findings.jsonl
powergrids,historical-static,PowerGrids.Controls.Test.TestLeadMOrderLag,287,STRUCTURE_DEGENERATES_AT_ZERO,low,False,hold-needs-source-and-witness-review,"{""parameter"": ""mOrderLag.firstOrderCascade[77].firstOrder1.k"", ""contract"": ""Modelica.Blocks.Continuous.FirstOrder.k: feature_disabled (proven, from equation) \u2014 the parameter appears only as a multiplier, so at zero the term it scales drops out and the rest of the model is unaffected"", ""contract_behavior"": ""feature_disabled"", ""contract_confidence"": ""proven"", ""confidence"": ""low"", ""result"": ""TOPOLOGY_SPECIFIC"", ""incidences_lost"": 0, ""unknowns_left_undetermined"": 0, ""evidence_kind"": ""scales-a-rate"", ""note"": ""at zero this parameter removes a state and the equation that determines it. The matching survives, so the system is not structurally short; whether it is *algebraically* singular depends on this model's topology and initialization and needs execution to decide. This is not a claim that the declaration should forbid zero.""}",/data/mrumoca/eval/results/powergrids/findings.jsonl
powergrids,historical-static,PowerGrids.Controls.Test.TestLeadMOrderLag,288,STRUCTURE_DEGENERATES_AT_ZERO,low,False,hold-needs-source-and-witness-review,"{""parameter"": ""mOrderLag.firstOrderCascade[78].firstOrder1.k"", ""contract"": ""Modelica.Blocks.Continuous.FirstOrder.k: feature_disabled (proven, from equation) \u2014 the parameter appears only as a multiplier, so at zero the term it scales drops out and the rest of the model is unaffected"", ""contract_behavior"": ""feature_disabled"", ""contract_confidence"": ""proven"", ""confidence"": ""low"", ""result"": ""TOPOLOGY_SPECIFIC"", ""incidences_lost"": 0, ""unknowns_left_undetermined"": 0, ""evidence_kind"": ""scales-a-rate"", ""note"": ""at zero this parameter removes a state and the equation that determines it. The matching survives, so the system is not structurally short; whether it is *algebraically* singular depends on this model's topology and initialization and needs execution to decide. This is not a claim that the declaration should forbid zero.""}",/data/mrumoca/eval/results/powergrids/findings.jsonl
powergrids,historical-static,PowerGrids.Controls.Test.TestLeadMOrderLag,289,STRUCTURE_DEGENERATES_AT_ZERO,low,False,hold-needs-source-and-witness-review,"{""parameter"": ""mOrderLag.firstOrderCascade[79].firstOrder1.k"", ""contract"": ""Modelica.Blocks.Continuous.FirstOrder.k: feature_disabled (proven, from equation) \u2014 the parameter appears only as a multiplier, so at zero the term it scales drops out and the rest of the model is unaffected"", ""contract_behavior"": ""feature_disabled"", ""contract_confidence"": ""proven"", ""confidence"": ""low"", ""result"": ""TOPOLOGY_SPECIFIC"", ""incidences_lost"": 0, ""unknowns_left_undetermined"": 0, ""evidence_kind"": ""scales-a-rate"", ""note"": ""at zero this parameter removes a state and the equation that determines it. The matching survives, so the system is not structurally short; whether it is *algebraically* singular depends on this model's topology and initialization and needs execution to decide. This is not a claim that the declaration should forbid zero.""}",/data/mrumoca/eval/results/powergrids/findings.jsonl
powergrids,historical-static,PowerGrids.Controls.Test.TestLeadMOrderLag,290,STRUCTURE_DEGENERATES_AT_ZERO,low,False,hold-needs-source-and-witness-review,"{""parameter"": ""mOrderLag.firstOrderCascade[80].firstOrder1.k"", ""contract"": ""Modelica.Blocks.Continuous.FirstOrder.k: feature_disabled (proven, from equation) \u2014 the parameter appears only as a multiplier, so at zero the term it scales drops out and the rest of the model is unaffected"", ""contract_behavior"": ""feature_disabled"", ""contract_confidence"": ""proven"", ""confidence"": ""low"", ""result"": ""TOPOLOGY_SPECIFIC"", ""incidences_lost"": 0, ""unknowns_left_undetermined"": 0, ""evidence_kind"": ""scales-a-rate"", ""note"": ""at zero this parameter removes a state and the equation that determines it. The matching survives, so the system is not structurally short; whether it is *algebraically* singular depends on this model's topology and initialization and needs execution to decide. This is not a claim that the declaration should forbid zero.""}",/data/mrumoca/eval/results/powergrids/findings.jsonl
powergrids,historical-static,PowerGrids.Controls.Test.TestLeadMOrderLag,291,STRUCTURE_DEGENERATES_AT_ZERO,low,False,hold-needs-source-and-witness-review,"{""parameter"": ""mOrderLag.firstOrderCascade[81].firstOrder1.k"", ""contract"": ""Modelica.Blocks.Continuous.FirstOrder.k: feature_disabled (proven, from equation) \u2014 the parameter appears only as a multiplier, so at zero the term it scales drops out and the rest of the model is unaffected"", ""contract_behavior"": ""feature_disabled"", ""contract_confidence"": ""proven"", ""confidence"": ""low"", ""result"": ""TOPOLOGY_SPECIFIC"", ""incidences_lost"": 0, ""unknowns_left_undetermined"": 0, ""evidence_kind"": ""scales-a-rate"", ""note"": ""at zero this parameter removes a state and the equation that determines it. The matching survives, so the system is not structurally short; whether it is *algebraically* singular depends on this model's topology and initialization and needs execution to decide. This is not a claim that the declaration should forbid zero.""}",/data/mrumoca/eval/results/powergrids/findings.jsonl
powergrids,historical-static,PowerGrids.Controls.Test.TestLeadMOrderLag,292,STRUCTURE_DEGENERATES_AT_ZERO,low,False,hold-needs-source-and-witness-review,"{""parameter"": ""mOrderLag.firstOrderCascade[82].firstOrder1.k"", ""contract"": ""Modelica.Blocks.Continuous.FirstOrder.k: feature_disabled (proven, from equation) \u2014 the parameter appears only as a multiplier, so at zero the term it scales drops out and the rest of the model is unaffected"", ""contract_behavior"": ""feature_disabled"", ""contract_confidence"": ""proven"", ""confidence"": ""low"", ""result"": ""TOPOLOGY_SPECIFIC"", ""incidences_lost"": 0, ""unknowns_left_undetermined"": 0, ""evidence_kind"": ""scales-a-rate"", ""note"": ""at zero this parameter removes a state and the equation that determines it. The matching survives, so the system is not structurally short; whether it is *algebraically* singular depends on this model's topology and initialization and needs execution to decide. This is not a claim that the declaration should forbid zero.""}",/data/mrumoca/eval/results/powergrids/findings.jsonl
powergrids,historical-static,PowerGrids.Controls.Test.TestLeadMOrderLag,293,STRUCTURE_DEGENERATES_AT_ZERO,low,False,hold-needs-source-and-witness-review,"{""parameter"": ""mOrderLag.firstOrderCascade[83].firstOrder1.k"", ""contract"": ""Modelica.Blocks.Continuous.FirstOrder.k: feature_disabled (proven, from equation) \u2014 the parameter appears only as a multiplier, so at zero the term it scales drops out and the rest of the model is unaffected"", ""contract_behavior"": ""feature_disabled"", ""contract_confidence"": ""proven"", ""confidence"": ""low"", ""result"": ""TOPOLOGY_SPECIFIC"", ""incidences_lost"": 0, ""unknowns_left_undetermined"": 0, ""evidence_kind"": ""scales-a-rate"", ""note"": ""at zero this parameter removes a state and the equation that determines it. The matching survives, so the system is not structurally short; whether it is *algebraically* singular depends on this model's topology and initialization and needs execution to decide. This is not a claim that the declaration should forbid zero.""}",/data/mrumoca/eval/results/powergrids/findings.jsonl
powergrids,historical-static,PowerGrids.Controls.Test.TestLeadMOrderLag,294,STRUCTURE_DEGENERATES_AT_ZERO,low,False,hold-needs-source-and-witness-review,"{""parameter"": ""mOrderLag.firstOrderCascade[84].firstOrder1.k"", ""contract"": ""Modelica.Blocks.Continuous.FirstOrder.k: feature_disabled (proven, from equation) \u2014 the parameter appears only as a multiplier, so at zero the term it scales drops out and the rest of the model is unaffected"", ""contract_behavior"": ""feature_disabled"", ""contract_confidence"": ""proven"", ""confidence"": ""low"", ""result"": ""TOPOLOGY_SPECIFIC"", ""incidences_lost"": 0, ""unknowns_left_undetermined"": 0, ""evidence_kind"": ""scales-a-rate"", ""note"": ""at zero this parameter removes a state and the equation that determines it. The matching survives, so the system is not structurally short; whether it is *algebraically* singular depends on this model's topology and initialization and needs execution to decide. This is not a claim that the declaration should forbid zero.""}",/data/mrumoca/eval/results/powergrids/findings.jsonl
powergrids,historical-static,PowerGrids.Controls.Test.TestLeadMOrderLag,295,STRUCTURE_DEGENERATES_AT_ZERO,low,False,hold-needs-source-and-witness-review,"{""parameter"": ""mOrderLag.firstOrderCascade[85].firstOrder1.k"", ""contract"": ""Modelica.Blocks.Continuous.FirstOrder.k: feature_disabled (proven, from equation) \u2014 the parameter appears only as a multiplier, so at zero the term it scales drops out and the rest of the model is unaffected"", ""contract_behavior"": ""feature_disabled"", ""contract_confidence"": ""proven"", ""confidence"": ""low"", ""result"": ""TOPOLOGY_SPECIFIC"", ""incidences_lost"": 0, ""unknowns_left_undetermined"": 0, ""evidence_kind"": ""scales-a-rate"", ""note"": ""at zero this parameter removes a state and the equation that determines it. The matching survives, so the system is not structurally short; whether it is *algebraically* singular depends on this model's topology and initialization and needs execution to decide. This is not a claim that the declaration should forbid zero.""}",/data/mrumoca/eval/results/powergrids/findings.jsonl
powergrids,historical-static,PowerGrids.Controls.Test.TestLeadMOrderLag,296,STRUCTURE_DEGENERATES_AT_ZERO,low,False,hold-needs-source-and-witness-review,"{""parameter"": ""mOrderLag.firstOrderCascade[86].firstOrder1.k"", ""contract"": ""Modelica.Blocks.Continuous.FirstOrder.k: feature_disabled (proven, from equation) \u2014 the parameter appears only as a multiplier, so at zero the term it scales drops out and the rest of the model is unaffected"", ""contract_behavior"": ""feature_disabled"", ""contract_confidence"": ""proven"", ""confidence"": ""low"", ""result"": ""TOPOLOGY_SPECIFIC"", ""incidences_lost"": 0, ""unknowns_left_undetermined"": 0, ""evidence_kind"": ""scales-a-rate"", ""note"": ""at zero this parameter removes a state and the equation that determines it. The matching survives, so the system is not structurally short; whether it is *algebraically* singular depends on this model's topology and initialization and needs execution to decide. This is not a claim that the declaration should forbid zero.""}",/data/mrumoca/eval/results/powergrids/findings.jsonl
powergrids,historical-static,PowerGrids.Controls.Test.TestLeadMOrderLag,297,STRUCTURE_DEGENERATES_AT_ZERO,low,False,hold-needs-source-and-witness-review,"{""parameter"": ""mOrderLag.firstOrderCascade[87].firstOrder1.k"", ""contract"": ""Modelica.Blocks.Continuous.FirstOrder.k: feature_disabled (proven, from equation) \u2014 the parameter appears only as a multiplier, so at zero the term it scales drops out and the rest of the model is unaffected"", ""contract_behavior"": ""feature_disabled"", ""contract_confidence"": ""proven"", ""confidence"": ""low"", ""result"": ""TOPOLOGY_SPECIFIC"", ""incidences_lost"": 0, ""unknowns_left_undetermined"": 0, ""evidence_kind"": ""scales-a-rate"", ""note"": ""at zero this parameter removes a state and the equation that determines it. The matching survives, so the system is not structurally short; whether it is *algebraically* singular depends on this model's topology and initialization and needs execution to decide. This is not a claim that the declaration should forbid zero.""}",/data/mrumoca/eval/results/powergrids/findings.jsonl
powergrids,historical-static,PowerGrids.Controls.Test.TestLeadMOrderLag,298,STRUCTURE_DEGENERATES_AT_ZERO,low,False,hold-needs-source-and-witness-review,"{""parameter"": ""mOrderLag.firstOrderCascade[88].firstOrder1.k"", ""contract"": ""Modelica.Blocks.Continuous.FirstOrder.k: feature_disabled (proven, from equation) \u2014 the parameter appears only as a multiplier, so at zero the term it scales drops out and the rest of the model is unaffected"", ""contract_behavior"": ""feature_disabled"", ""contract_confidence"": ""proven"", ""confidence"": ""low"", ""result"": ""TOPOLOGY_SPECIFIC"", ""incidences_lost"": 0, ""unknowns_left_undetermined"": 0, ""evidence_kind"": ""scales-a-rate"", ""note"": ""at zero this parameter removes a state and the equation that determines it. The matching survives, so the system is not structurally short; whether it is *algebraically* singular depends on this model's topology and initialization and needs execution to decide. This is not a claim that the declaration should forbid zero.""}",/data/mrumoca/eval/results/powergrids/findings.jsonl
powergrids,historical-static,PowerGrids.Controls.Test.TestLeadMOrderLag,299,STRUCTURE_DEGENERATES_AT_ZERO,low,False,hold-needs-source-and-witness-review,"{""parameter"": ""mOrderLag.firstOrderCascade[89].firstOrder1.k"", ""contract"": ""Modelica.Blocks.Continuous.FirstOrder.k: feature_disabled (proven, from equation) \u2014 the parameter appears only as a multiplier, so at zero the term it scales drops out and the rest of the model is unaffected"", ""contract_behavior"": ""feature_disabled"", ""contract_confidence"": ""proven"", ""confidence"": ""low"", ""result"": ""TOPOLOGY_SPECIFIC"", ""incidences_lost"": 0, ""unknowns_left_undetermined"": 0, ""evidence_kind"": ""scales-a-rate"", ""note"": ""at zero this parameter removes a state and the equation that determines it. The matching survives, so the system is not structurally short; whether it is *algebraically* singular depends on this model's topology and initialization and needs execution to decide. This is not a claim that the declaration should forbid zero.""}",/data/mrumoca/eval/results/powergrids/findings.jsonl
powergrids,historical-static,PowerGrids.Controls.Test.TestLeadMOrderLag,300,STRUCTURE_DEGENERATES_AT_ZERO,low,False,hold-needs-source-and-witness-review,"{""parameter"": ""mOrderLag.firstOrderCascade[90].firstOrder1.k"", ""contract"": ""Modelica.Blocks.Continuous.FirstOrder.k: feature_disabled (proven, from equation) \u2014 the parameter appears only as a multiplier, so at zero the term it scales drops out and the rest of the model is unaffected"", ""contract_behavior"": ""feature_disabled"", ""contract_confidence"": ""proven"", ""confidence"": ""low"", ""result"": ""TOPOLOGY_SPECIFIC"", ""incidences_lost"": 0, ""unknowns_left_undetermined"": 0, ""evidence_kind"": ""scales-a-rate"", ""note"": ""at zero this parameter removes a state and the equation that determines it. The matching survives, so the system is not structurally short; whether it is *algebraically* singular depends on this model's topology and initialization and needs execution to decide. This is not a claim that the declaration should forbid zero.""}",/data/mrumoca/eval/results/powergrids/findings.jsonl
powergrids,historical-static,PowerGrids.Controls.Test.TestLeadMOrderLag,301,STRUCTURE_DEGENERATES_AT_ZERO,low,False,hold-needs-source-and-witness-review,"{""parameter"": ""mOrderLag.firstOrderCascade[91].firstOrder1.k"", ""contract"": ""Modelica.Blocks.Continuous.FirstOrder.k: feature_disabled (proven, from equation) \u2014 the parameter appears only as a multiplier, so at zero the term it scales drops out and the rest of the model is unaffected"", ""contract_behavior"": ""feature_disabled"", ""contract_confidence"": ""proven"", ""confidence"": ""low"", ""result"": ""TOPOLOGY_SPECIFIC"", ""incidences_lost"": 0, ""unknowns_left_undetermined"": 0, ""evidence_kind"": ""scales-a-rate"", ""note"": ""at zero this parameter removes a state and the equation that determines it. The matching survives, so the system is not structurally short; whether it is *algebraically* singular depends on this model's topology and initialization and needs execution to decide. This is not a claim that the declaration should forbid zero.""}",/data/mrumoca/eval/results/powergrids/findings.jsonl
powergrids,historical-static,PowerGrids.Controls.Test.TestLeadMOrderLag,302,STRUCTURE_DEGENERATES_AT_ZERO,low,False,hold-needs-source-and-witness-review,"{""parameter"": ""mOrderLag.firstOrderCascade[92].firstOrder1.k"", ""contract"": ""Modelica.Blocks.Continuous.FirstOrder.k: feature_disabled (proven, from equation) \u2014 the parameter appears only as a multiplier, so at zero the term it scales drops out and the rest of the model is unaffected"", ""contract_behavior"": ""feature_disabled"", ""contract_confidence"": ""proven"", ""confidence"": ""low"", ""result"": ""TOPOLOGY_SPECIFIC"", ""incidences_lost"": 0, ""unknowns_left_undetermined"": 0, ""evidence_kind"": ""scales-a-rate"", ""note"": ""at zero this parameter removes a state and the equation that determines it. The matching survives, so the system is not structurally short; whether it is *algebraically* singular depends on this model's topology and initialization and needs execution to decide. This is not a claim that the declaration should forbid zero.""}",/data/mrumoca/eval/results/powergrids/findings.jsonl
powergrids,historical-static,PowerGrids.Controls.Test.TestLeadMOrderLag,303,STRUCTURE_DEGENERATES_AT_ZERO,low,False,hold-needs-source-and-witness-review,"{""parameter"": ""mOrderLag.firstOrderCascade[93].firstOrder1.k"", ""contract"": ""Modelica.Blocks.Continuous.FirstOrder.k: feature_disabled (proven, from equation) \u2014 the parameter appears only as a multiplier, so at zero the term it scales drops out and the rest of the model is unaffected"", ""contract_behavior"": ""feature_disabled"", ""contract_confidence"": ""proven"", ""confidence"": ""low"", ""result"": ""TOPOLOGY_SPECIFIC"", ""incidences_lost"": 0, ""unknowns_left_undetermined"": 0, ""evidence_kind"": ""scales-a-rate"", ""note"": ""at zero this parameter removes a state and the equation that determines it. The matching survives, so the system is not structurally short; whether it is *algebraically* singular depends on this model's topology and initialization and needs execution to decide. This is not a claim that the declaration should forbid zero.""}",/data/mrumoca/eval/results/powergrids/findings.jsonl
powergrids,historical-static,PowerGrids.Controls.Test.TestLeadMOrderLag,304,STRUCTURE_DEGENERATES_AT_ZERO,low,False,hold-needs-source-and-witness-review,"{""parameter"": ""mOrderLag.firstOrderCascade[94].firstOrder1.k"", ""contract"": ""Modelica.Blocks.Continuous.FirstOrder.k: feature_disabled (proven, from equation) \u2014 the parameter appears only as a multiplier, so at zero the term it scales drops out and the rest of the model is unaffected"", ""contract_behavior"": ""feature_disabled"", ""contract_confidence"": ""proven"", ""confidence"": ""low"", ""result"": ""TOPOLOGY_SPECIFIC"", ""incidences_lost"": 0, ""unknowns_left_undetermined"": 0, ""evidence_kind"": ""scales-a-rate"", ""note"": ""at zero this parameter removes a state and the equation that determines it. The matching survives, so the system is not structurally short; whether it is *algebraically* singular depends on this model's topology and initialization and needs execution to decide. This is not a claim that the declaration should forbid zero.""}",/data/mrumoca/eval/results/powergrids/findings.jsonl
powergrids,historical-static,PowerGrids.Controls.Test.TestLeadMOrderLag,305,STRUCTURE_DEGENERATES_AT_ZERO,low,False,hold-needs-source-and-witness-review,"{""parameter"": ""mOrderLag.firstOrderCascade[95].firstOrder1.k"", ""contract"": ""Modelica.Blocks.Continuous.FirstOrder.k: feature_disabled (proven, from equation) \u2014 the parameter appears only as a multiplier, so at zero the term it scales drops out and the rest of the model is unaffected"", ""contract_behavior"": ""feature_disabled"", ""contract_confidence"": ""proven"", ""confidence"": ""low"", ""result"": ""TOPOLOGY_SPECIFIC"", ""incidences_lost"": 0, ""unknowns_left_undetermined"": 0, ""evidence_kind"": ""scales-a-rate"", ""note"": ""at zero this parameter removes a state and the equation that determines it. The matching survives, so the system is not structurally short; whether it is *algebraically* singular depends on this model's topology and initialization and needs execution to decide. This is not a claim that the declaration should forbid zero.""}",/data/mrumoca/eval/results/powergrids/findings.jsonl
powergrids,historical-static,PowerGrids.Controls.Test.TestLeadMOrderLag,306,STRUCTURE_DEGENERATES_AT_ZERO,low,False,hold-needs-source-and-witness-review,"{""parameter"": ""mOrderLag.firstOrderCascade[96].firstOrder1.k"", ""contract"": ""Modelica.Blocks.Continuous.FirstOrder.k: feature_disabled (proven, from equation) \u2014 the parameter appears only as a multiplier, so at zero the term it scales drops out and the rest of the model is unaffected"", ""contract_behavior"": ""feature_disabled"", ""contract_confidence"": ""proven"", ""confidence"": ""low"", ""result"": ""TOPOLOGY_SPECIFIC"", ""incidences_lost"": 0, ""unknowns_left_undetermined"": 0, ""evidence_kind"": ""scales-a-rate"", ""note"": ""at zero this parameter removes a state and the equation that determines it. The matching survives, so the system is not structurally short; whether it is *algebraically* singular depends on this model's topology and initialization and needs execution to decide. This is not a claim that the declaration should forbid zero.""}",/data/mrumoca/eval/results/powergrids/findings.jsonl
powergrids,historical-static,PowerGrids.Controls.Test.TestLeadMOrderLag,307,STRUCTURE_DEGENERATES_AT_ZERO,low,False,hold-needs-source-and-witness-review,"{""parameter"": ""mOrderLag.firstOrderCascade[97].firstOrder1.k"", ""contract"": ""Modelica.Blocks.Continuous.FirstOrder.k: feature_disabled (proven, from equation) \u2014 the parameter appears only as a multiplier, so at zero the term it scales drops out and the rest of the model is unaffected"", ""contract_behavior"": ""feature_disabled"", ""contract_confidence"": ""proven"", ""confidence"": ""low"", ""result"": ""TOPOLOGY_SPECIFIC"", ""incidences_lost"": 0, ""unknowns_left_undetermined"": 0, ""evidence_kind"": ""scales-a-rate"", ""note"": ""at zero this parameter removes a state and the equation that determines it. The matching survives, so the system is not structurally short; whether it is *algebraically* singular depends on this model's topology and initialization and needs execution to decide. This is not a claim that the declaration should forbid zero.""}",/data/mrumoca/eval/results/powergrids/findings.jsonl
powergrids,historical-static,PowerGrids.Controls.Test.TestLeadMOrderLag,308,STRUCTURE_DEGENERATES_AT_ZERO,low,False,hold-needs-source-and-witness-review,"{""parameter"": ""mOrderLag.firstOrderCascade[98].firstOrder1.k"", ""contract"": ""Modelica.Blocks.Continuous.FirstOrder.k: feature_disabled (proven, from equation) \u2014 the parameter appears only as a multiplier, so at zero the term it scales drops out and the rest of the model is unaffected"", ""contract_behavior"": ""feature_disabled"", ""contract_confidence"": ""proven"", ""confidence"": ""low"", ""result"": ""TOPOLOGY_SPECIFIC"", ""incidences_lost"": 0, ""unknowns_left_undetermined"": 0, ""evidence_kind"": ""scales-a-rate"", ""note"": ""at zero this parameter removes a state and the equation that determines it. The matching survives, so the system is not structurally short; whether it is *algebraically* singular depends on this model's topology and initialization and needs execution to decide. This is not a claim that the declaration should forbid zero.""}",/data/mrumoca/eval/results/powergrids/findings.jsonl
powergrids,historical-static,PowerGrids.Controls.Test.TestLeadMOrderLag,309,STRUCTURE_DEGENERATES_AT_ZERO,low,False,hold-needs-source-and-witness-review,"{""parameter"": ""mOrderLag.firstOrderCascade[99].firstOrder1.k"", ""contract"": ""Modelica.Blocks.Continuous.FirstOrder.k: feature_disabled (proven, from equation) \u2014 the parameter appears only as a multiplier, so at zero the term it scales drops out and the rest of the model is unaffected"", ""contract_behavior"": ""feature_disabled"", ""contract_confidence"": ""proven"", ""confidence"": ""low"", ""result"": ""TOPOLOGY_SPECIFIC"", ""incidences_lost"": 0, ""unknowns_left_undetermined"": 0, ""evidence_kind"": ""scales-a-rate"", ""note"": ""at zero this parameter removes a state and the equation that determines it. The matching survives, so the system is not structurally short; whether it is *algebraically* singular depends on this model's topology and initialization and needs execution to decide. This is not a claim that the declaration should forbid zero.""}",/data/mrumoca/eval/results/powergrids/findings.jsonl
powergrids,historical-static,PowerGrids.Controls.Test.TestRampTrackingFilter,0,divisor-reachable-zero,high,False,hold-needs-source-and-witness-review,"{""denominator"": ""rampTrackingFilter1.leadMOrderLagCascade[1].leadLag.firstOrder.T"", ""witness"": ""rampTrackingFilter1.leadMOrderLagCascade[1].leadLag.firstOrder.T = 0"", ""witness_rationale"": ""set to zero"", ""denominator_at_witness"": 0.0, ""denominator_at_declared_values"": 1e-05, ""denominator_range"": ""[-inf, inf]"", ""path_condition"": ""always evaluated"", ""verdict"": ""SAT"", ""proof"": ""the division is not inside any branch"", ""constraints"": ""rampTrackingFilter1.leadMOrderLagCascade[1].leadLag.firstOrder.T: unbounded"", ""note"": ""a permitted assignment drives the complete denominator to zero and the division is still evaluated there""}",/data/mrumoca/eval/results/powergrids/findings.jsonl
powergrids,historical-static,PowerGrids.Controls.Test.TestRampTrackingFilter,1,divisor-reachable-zero,high,False,hold-needs-source-and-witness-review,"{""denominator"": ""rampTrackingFilter1.leadMOrderLagCascade[1].firstOrderCascade[1].firstOrder1.T"", ""witness"": ""rampTrackingFilter1.leadMOrderLagCascade[1].firstOrderCascade[1].firstOrder1.T = 0"", ""witness_rationale"": ""set to zero"", ""denominator_at_witness"": 0.0, ""denominator_at_declared_values"": 0.01, ""denominator_range"": ""[-inf, inf]"", ""path_condition"": ""always evaluated"", ""verdict"": ""SAT"", ""proof"": ""the division is not inside any branch"", ""constraints"": ""rampTrackingFilter1.leadMOrderLagCascade[1].firstOrderCascade[1].firstOrder1.T: unbounded"", ""note"": ""a permitted assignment drives the complete denominator to zero and the division is still evaluated there""}",/data/mrumoca/eval/results/powergrids/findings.jsonl
powergrids,historical-static,PowerGrids.Controls.Test.TestRampTrackingFilter,2,divisor-reachable-zero,high,False,hold-needs-source-and-witness-review,"{""denominator"": ""rampTrackingFilter1.leadMOrderLagCascade[2].leadLag.firstOrder.T"", ""witness"": ""rampTrackingFilter1.leadMOrderLagCascade[2].leadLag.firstOrder.T = 0"", ""witness_rationale"": ""set to zero"", ""denominator_at_witness"": 0.0, ""denominator_at_declared_values"": 1e-05, ""denominator_range"": ""[-inf, inf]"", ""path_condition"": ""always evaluated"", ""verdict"": ""SAT"", ""proof"": ""the division is not inside any branch"", ""constraints"": ""rampTrackingFilter1.leadMOrderLagCascade[2].leadLag.firstOrder.T: unbounded"", ""note"": ""a permitted assignment drives the complete denominator to zero and the division is still evaluated there""}",/data/mrumoca/eval/results/powergrids/findings.jsonl
powergrids,historical-static,PowerGrids.Controls.Test.TestRampTrackingFilter,3,divisor-reachable-zero,high,False,hold-needs-source-and-witness-review,"{""denominator"": ""rampTrackingFilter1.leadMOrderLagCascade[2].firstOrderCascade[1].firstOrder1.T"", ""witness"": ""rampTrackingFilter1.leadMOrderLagCascade[2].firstOrderCascade[1].firstOrder1.T = 0"", ""witness_rationale"": ""set to zero"", ""denominator_at_witness"": 0.0, ""denominator_at_declared_values"": 0.01, ""denominator_range"": ""[-inf, inf]"", ""path_condition"": ""always evaluated"", ""verdict"": ""SAT"", ""proof"": ""the division is not inside any branch"", ""constraints"": ""rampTrackingFilter1.leadMOrderLagCascade[2].firstOrderCascade[1].firstOrder1.T: unbounded"", ""note"": ""a permitted assignment drives the complete denominator to zero and the division is still evaluated there""}",/data/mrumoca/eval/results/powergrids/findings.jsonl
powergrids,historical-static,PowerGrids.Controls.Test.TestRampTrackingFilter,4,divisor-reachable-zero,high,False,hold-needs-source-and-witness-review,"{""denominator"": ""rampTrackingFilter1.leadMOrderLagCascade[3].leadLag.firstOrder.T"", ""witness"": ""rampTrackingFilter1.leadMOrderLagCascade[3].leadLag.firstOrder.T = 0"", ""witness_rationale"": ""set to zero"", ""denominator_at_witness"": 0.0, ""denominator_at_declared_values"": 1e-05, ""denominator_range"": ""[-inf, inf]"", ""path_condition"": ""always evaluated"", ""verdict"": ""SAT"", ""proof"": ""the division is not inside any branch"", ""constraints"": ""rampTrackingFilter1.leadMOrderLagCascade[3].leadLag.firstOrder.T: unbounded"", ""note"": ""a permitted assignment drives the complete denominator to zero and the division is still evaluated there""}",/data/mrumoca/eval/results/powergrids/findings.jsonl
powergrids,historical-static,PowerGrids.Controls.Test.TestRampTrackingFilter,5,divisor-reachable-zero,high,False,hold-needs-source-and-witness-review,"{""denominator"": ""rampTrackingFilter1.leadMOrderLagCascade[3].firstOrderCascade[1].firstOrder1.T"", ""witness"": ""rampTrackingFilter1.leadMOrderLagCascade[3].firstOrderCascade[1].firstOrder1.T = 0"", ""witness_rationale"": ""set to zero"", ""denominator_at_witness"": 0.0, ""denominator_at_declared_values"": 0.01, ""denominator_range"": ""[-inf, inf]"", ""path_condition"": ""always evaluated"", ""verdict"": ""SAT"", ""proof"": ""the division is not inside any branch"", ""constraints"": ""rampTrackingFilter1.leadMOrderLagCascade[3].firstOrderCascade[1].firstOrder1.T: unbounded"", ""note"": ""a permitted assignment drives the complete denominator to zero and the division is still evaluated there""}",/data/mrumoca/eval/results/powergrids/findings.jsonl
powergrids,historical-static,PowerGrids.Controls.Test.TestRampTrackingFilter,6,divisor-reachable-zero,high,False,hold-needs-source-and-witness-review,"{""denominator"": ""rampTrackingFilter1.leadMOrderLagCascade[4].leadLag.firstOrder.T"", ""witness"": ""rampTrackingFilter1.leadMOrderLagCascade[4].leadLag.firstOrder.T = 0"", ""witness_rationale"": ""set to zero"", ""denominator_at_witness"": 0.0, ""denominator_at_declared_values"": 1e-05, ""denominator_range"": ""[-inf, inf]"", ""path_condition"": ""always evaluated"", ""verdict"": ""SAT"", ""proof"": ""the division is not inside any branch"", ""constraints"": ""rampTrackingFilter1.leadMOrderLagCascade[4].leadLag.firstOrder.T: unbounded"", ""note"": ""a permitted assignment drives the complete denominator to zero and the division is still evaluated there""}",/data/mrumoca/eval/results/powergrids/findings.jsonl
powergrids,historical-static,PowerGrids.Controls.Test.TestRampTrackingFilter,7,divisor-reachable-zero,high,False,hold-needs-source-and-witness-review,"{""denominator"": ""rampTrackingFilter1.leadMOrderLagCascade[4].firstOrderCascade[1].firstOrder1.T"", ""witness"": ""rampTrackingFilter1.leadMOrderLagCascade[4].firstOrderCascade[1].firstOrder1.T = 0"", ""witness_rationale"": ""set to zero"", ""denominator_at_witness"": 0.0, ""denominator_at_declared_values"": 0.01, ""denominator_range"": ""[-inf, inf]"", ""path_condition"": ""always evaluated"", ""verdict"": ""SAT"", ""proof"": ""the division is not inside any branch"", ""constraints"": ""rampTrackingFilter1.leadMOrderLagCascade[4].firstOrderCascade[1].firstOrder1.T: unbounded"", ""note"": ""a permitted assignment drives the complete denominator to zero and the division is still evaluated there""}",/data/mrumoca/eval/results/powergrids/findings.jsonl
powergrids,historical-static,PowerGrids.Controls.Test.TestRampTrackingFilter,8,divisor-reachable-zero,high,False,hold-needs-source-and-witness-review,"{""denominator"": ""rampTrackingFilter1.leadMOrderLagCascade[5].leadLag.firstOrder.T"", ""witness"": ""rampTrackingFilter1.leadMOrderLagCascade[5].leadLag.firstOrder.T = 0"", ""witness_rationale"": ""set to zero"", ""denominator_at_witness"": 0.0, ""denominator_at_declared_values"": 1e-05, ""denominator_range"": ""[-inf, inf]"", ""path_condition"": ""always evaluated"", ""verdict"": ""SAT"", ""proof"": ""the division is not inside any branch"", ""constraints"": ""rampTrackingFilter1.leadMOrderLagCascade[5].leadLag.firstOrder.T: unbounded"", ""note"": ""a permitted assignment drives the complete denominator to zero and the division is still evaluated there""}",/data/mrumoca/eval/results/powergrids/findings.jsonl
powergrids,historical-static,PowerGrids.Controls.Test.TestRampTrackingFilter,9,divisor-reachable-zero,high,False,hold-needs-source-and-witness-review,"{""denominator"": ""rampTrackingFilter1.leadMOrderLagCascade[5].firstOrderCascade[1].firstOrder1.T"", ""witness"": ""rampTrackingFilter1.leadMOrderLagCascade[5].firstOrderCascade[1].firstOrder1.T = 0"", ""witness_rationale"": ""set to zero"", ""denominator_at_witness"": 0.0, ""denominator_at_declared_values"": 0.01, ""denominator_range"": ""[-inf, inf]"", ""path_condition"": ""always evaluated"", ""verdict"": ""SAT"", ""proof"": ""the division is not inside any branch"", ""constraints"": ""rampTrackingFilter1.leadMOrderLagCascade[5].firstOrderCascade[1].firstOrder1.T: unbounded"", ""note"": ""a permitted assignment drives the complete denominator to zero and the division is still evaluated there""}",/data/mrumoca/eval/results/powergrids/findings.jsonl
powergrids,historical-static,PowerGrids.Controls.Test.TestRampTrackingFilter,10,divisor-reachable-zero,high,False,hold-needs-source-and-witness-review,"{""denominator"": ""rampTrackingFilter1.leadMOrderLagCascade[6].leadLag.firstOrder.T"", ""witness"": ""rampTrackingFilter1.leadMOrderLagCascade[6].leadLag.firstOrder.T = 0"", ""witness_rationale"": ""set to zero"", ""denominator_at_witness"": 0.0, ""denominator_at_declared_values"": 1e-05, ""denominator_range"": ""[-inf, inf]"", ""path_condition"": ""always evaluated"", ""verdict"": ""SAT"", ""proof"": ""the division is not inside any branch"", ""constraints"": ""rampTrackingFilter1.leadMOrderLagCascade[6].leadLag.firstOrder.T: unbounded"", ""note"": ""a permitted assignment drives the complete denominator to zero and the division is still evaluated there""}",/data/mrumoca/eval/results/powergrids/findings.jsonl
powergrids,historical-static,PowerGrids.Controls.Test.TestRampTrackingFilter,11,divisor-reachable-zero,high,False,hold-needs-source-and-witness-review,"{""denominator"": ""rampTrackingFilter1.leadMOrderLagCascade[6].firstOrderCascade[1].firstOrder1.T"", ""witness"": ""rampTrackingFilter1.leadMOrderLagCascade[6].firstOrderCascade[1].firstOrder1.T = 0"", ""witness_rationale"": ""set to zero"", ""denominator_at_witness"": 0.0, ""denominator_at_declared_values"": 0.01, ""denominator_range"": ""[-inf, inf]"", ""path_condition"": ""always evaluated"", ""verdict"": ""SAT"", ""proof"": ""the division is not inside any branch"", ""constraints"": ""rampTrackingFilter1.leadMOrderLagCascade[6].firstOrderCascade[1].firstOrder1.T: unbounded"", ""note"": ""a permitted assignment drives the complete denominator to zero and the division is still evaluated there""}",/data/mrumoca/eval/results/powergrids/findings.jsonl
powergrids,historical-static,PowerGrids.Controls.Test.TestRampTrackingFilter,12,divisor-reachable-zero,high,False,hold-needs-source-and-witness-review,"{""denominator"": ""rampTrackingFilter1.leadMOrderLagCascade[7].leadLag.firstOrder.T"", ""witness"": ""rampTrackingFilter1.leadMOrderLagCascade[7].leadLag.firstOrder.T = 0"", ""witness_rationale"": ""set to zero"", ""denominator_at_witness"": 0.0, ""denominator_at_declared_values"": 1e-05, ""denominator_range"": ""[-inf, inf]"", ""path_condition"": ""always evaluated"", ""verdict"": ""SAT"", ""proof"": ""the division is not inside any branch"", ""constraints"": ""rampTrackingFilter1.leadMOrderLagCascade[7].leadLag.firstOrder.T: unbounded"", ""note"": ""a permitted assignment drives the complete denominator to zero and the division is still evaluated there""}",/data/mrumoca/eval/results/powergrids/findings.jsonl
powergrids,historical-static,PowerGrids.Controls.Test.TestRampTrackingFilter,13,divisor-reachable-zero,high,False,hold-needs-source-and-witness-review,"{""denominator"": ""rampTrackingFilter1.leadMOrderLagCascade[7].firstOrderCascade[1].firstOrder1.T"", ""witness"": ""rampTrackingFilter1.leadMOrderLagCascade[7].firstOrderCascade[1].firstOrder1.T = 0"", ""witness_rationale"": ""set to zero"", ""denominator_at_witness"": 0.0, ""denominator_at_declared_values"": 0.01, ""denominator_range"": ""[-inf, inf]"", ""path_condition"": ""always evaluated"", ""verdict"": ""SAT"", ""proof"": ""the division is not inside any branch"", ""constraints"": ""rampTrackingFilter1.leadMOrderLagCascade[7].firstOrderCascade[1].firstOrder1.T: unbounded"", ""note"": ""a permitted assignment drives the complete denominator to zero and the division is still evaluated there""}",/data/mrumoca/eval/results/powergrids/findings.jsonl
powergrids,historical-static,PowerGrids.Controls.Test.TestRampTrackingFilter,14,divisor-reachable-zero,high,False,hold-needs-source-and-witness-review,"{""denominator"": ""rampTrackingFilter1.leadMOrderLagCascade[8].leadLag.firstOrder.T"", ""witness"": ""rampTrackingFilter1.leadMOrderLagCascade[8].leadLag.firstOrder.T = 0"", ""witness_rationale"": ""set to zero"", ""denominator_at_witness"": 0.0, ""denominator_at_declared_values"": 1e-05, ""denominator_range"": ""[-inf, inf]"", ""path_condition"": ""always evaluated"", ""verdict"": ""SAT"", ""proof"": ""the division is not inside any branch"", ""constraints"": ""rampTrackingFilter1.leadMOrderLagCascade[8].leadLag.firstOrder.T: unbounded"", ""note"": ""a permitted assignment drives the complete denominator to zero and the division is still evaluated there""}",/data/mrumoca/eval/results/powergrids/findings.jsonl
powergrids,historical-static,PowerGrids.Controls.Test.TestRampTrackingFilter,15,divisor-reachable-zero,high,False,hold-needs-source-and-witness-review,"{""denominator"": ""rampTrackingFilter1.leadMOrderLagCascade[8].firstOrderCascade[1].firstOrder1.T"", ""witness"": ""rampTrackingFilter1.leadMOrderLagCascade[8].firstOrderCascade[1].firstOrder1.T = 0"", ""witness_rationale"": ""set to zero"", ""denominator_at_witness"": 0.0, ""denominator_at_declared_values"": 0.01, ""denominator_range"": ""[-inf, inf]"", ""path_condition"": ""always evaluated"", ""verdict"": ""SAT"", ""proof"": ""the division is not inside any branch"", ""constraints"": ""rampTrackingFilter1.leadMOrderLagCascade[8].firstOrderCascade[1].firstOrder1.T: unbounded"", ""note"": ""a permitted assignment drives the complete denominator to zero and the division is still evaluated there""}",/data/mrumoca/eval/results/powergrids/findings.jsonl
powergrids,historical-static,PowerGrids.Controls.Test.TestRampTrackingFilter,16,divisor-reachable-zero,high,False,hold-needs-source-and-witness-review,"{""denominator"": ""rampTrackingFilter1.leadMOrderLagCascade[9].leadLag.firstOrder.T"", ""witness"": ""rampTrackingFilter1.leadMOrderLagCascade[9].leadLag.firstOrder.T = 0"", ""witness_rationale"": ""set to zero"", ""denominator_at_witness"": 0.0, ""denominator_at_declared_values"": 1e-05, ""denominator_range"": ""[-inf, inf]"", ""path_condition"": ""always evaluated"", ""verdict"": ""SAT"", ""proof"": ""the division is not inside any branch"", ""constraints"": ""rampTrackingFilter1.leadMOrderLagCascade[9].leadLag.firstOrder.T: unbounded"", ""note"": ""a permitted assignment drives the complete denominator to zero and the division is still evaluated there""}",/data/mrumoca/eval/results/powergrids/findings.jsonl
powergrids,historical-static,PowerGrids.Controls.Test.TestRampTrackingFilter,17,divisor-reachable-zero,high,False,hold-needs-source-and-witness-review,"{""denominator"": ""rampTrackingFilter1.leadMOrderLagCascade[9].firstOrderCascade[1].firstOrder1.T"", ""witness"": ""rampTrackingFilter1.leadMOrderLagCascade[9].firstOrderCascade[1].firstOrder1.T = 0"", ""witness_rationale"": ""set to zero"", ""denominator_at_witness"": 0.0, ""denominator_at_declared_values"": 0.01, ""denominator_range"": ""[-inf, inf]"", ""path_condition"": ""always evaluated"", ""verdict"": ""SAT"", ""proof"": ""the division is not inside any branch"", ""constraints"": ""rampTrackingFilter1.leadMOrderLagCascade[9].firstOrderCascade[1].firstOrder1.T: unbounded"", ""note"": ""a permitted assignment drives the complete denominator to zero and the division is still evaluated there""}",/data/mrumoca/eval/results/powergrids/findings.jsonl
powergrids,historical-static,PowerGrids.Controls.Test.TestRampTrackingFilter,18,divisor-reachable-zero,high,False,hold-needs-source-and-witness-review,"{""denominator"": ""rampTrackingFilter1.leadMOrderLagCascade[10].leadLag.firstOrder.T"", ""witness"": ""rampTrackingFilter1.leadMOrderLagCascade[10].leadLag.firstOrder.T = 0"", ""witness_rationale"": ""set to zero"", ""denominator_at_witness"": 0.0, ""denominator_at_declared_values"": 1e-05, ""denominator_range"": ""[-inf, inf]"", ""path_condition"": ""always evaluated"", ""verdict"": ""SAT"", ""proof"": ""the division is not inside any branch"", ""constraints"": ""rampTrackingFilter1.leadMOrderLagCascade[10].leadLag.firstOrder.T: unbounded"", ""note"": ""a permitted assignment drives the complete denominator to zero and the division is still evaluated there""}",/data/mrumoca/eval/results/powergrids/findings.jsonl
powergrids,historical-static,PowerGrids.Controls.Test.TestRampTrackingFilter,19,divisor-reachable-zero,high,False,hold-needs-source-and-witness-review,"{""denominator"": ""rampTrackingFilter1.leadMOrderLagCascade[10].firstOrderCascade[1].firstOrder1.T"", ""witness"": ""rampTrackingFilter1.leadMOrderLagCascade[10].firstOrderCascade[1].firstOrder1.T = 0"", ""witness_rationale"": ""set to zero"", ""denominator_at_witness"": 0.0, ""denominator_at_declared_values"": 0.01, ""denominator_range"": ""[-inf, inf]"", ""path_condition"": ""always evaluated"", ""verdict"": ""SAT"", ""proof"": ""the division is not inside any branch"", ""constraints"": ""rampTrackingFilter1.leadMOrderLagCascade[10].firstOrderCascade[1].firstOrder1.T: unbounded"", ""note"": ""a permitted assignment drives the complete denominator to zero and the division is still evaluated there""}",/data/mrumoca/eval/results/powergrids/findings.jsonl
powergrids,historical-static,PowerGrids.Controls.Test.TestRampTrackingFilter,20,divisor-reachable-zero,high,False,hold-needs-source-and-witness-review,"{""denominator"": ""rampTrackingFilter1.leadMOrderLagCascade[11].leadLag.firstOrder.T"", ""witness"": ""rampTrackingFilter1.leadMOrderLagCascade[11].leadLag.firstOrder.T = 0"", ""witness_rationale"": ""set to zero"", ""denominator_at_witness"": 0.0, ""denominator_at_declared_values"": 1e-05, ""denominator_range"": ""[-inf, inf]"", ""path_condition"": ""always evaluated"", ""verdict"": ""SAT"", ""proof"": ""the division is not inside any branch"", ""constraints"": ""rampTrackingFilter1.leadMOrderLagCascade[11].leadLag.firstOrder.T: unbounded"", ""note"": ""a permitted assignment drives the complete denominator to zero and the division is still evaluated there""}",/data/mrumoca/eval/results/powergrids/findings.jsonl
powergrids,historical-static,PowerGrids.Controls.Test.TestRampTrackingFilter,21,divisor-reachable-zero,high,False,hold-needs-source-and-witness-review,"{""denominator"": ""rampTrackingFilter1.leadMOrderLagCascade[11].firstOrderCascade[1].firstOrder1.T"", ""witness"": ""rampTrackingFilter1.leadMOrderLagCascade[11].firstOrderCascade[1].firstOrder1.T = 0"", ""witness_rationale"": ""set to zero"", ""denominator_at_witness"": 0.0, ""denominator_at_declared_values"": 0.01, ""denominator_range"": ""[-inf, inf]"", ""path_condition"": ""always evaluated"", ""verdict"": ""SAT"", ""proof"": ""the division is not inside any branch"", ""constraints"": ""rampTrackingFilter1.leadMOrderLagCascade[11].firstOrderCascade[1].firstOrder1.T: unbounded"", ""note"": ""a permitted assignment drives the complete denominator to zero and the division is still evaluated there""}",/data/mrumoca/eval/results/powergrids/findings.jsonl
powergrids,historical-static,PowerGrids.Controls.Test.TestRampTrackingFilter,22,divisor-reachable-zero,high,False,hold-needs-source-and-witness-review,"{""denominator"": ""rampTrackingFilter1.leadMOrderLagCascade[12].leadLag.firstOrder.T"", ""witness"": ""rampTrackingFilter1.leadMOrderLagCascade[12].leadLag.firstOrder.T = 0"", ""witness_rationale"": ""set to zero"", ""denominator_at_witness"": 0.0, ""denominator_at_declared_values"": 1e-05, ""denominator_range"": ""[-inf, inf]"", ""path_condition"": ""always evaluated"", ""verdict"": ""SAT"", ""proof"": ""the division is not inside any branch"", ""constraints"": ""rampTrackingFilter1.leadMOrderLagCascade[12].leadLag.firstOrder.T: unbounded"", ""note"": ""a permitted assignment drives the complete denominator to zero and the division is still evaluated there""}",/data/mrumoca/eval/results/powergrids/findings.jsonl
powergrids,historical-static,PowerGrids.Controls.Test.TestRampTrackingFilter,23,divisor-reachable-zero,high,False,hold-needs-source-and-witness-review,"{""denominator"": ""rampTrackingFilter1.leadMOrderLagCascade[12].firstOrderCascade[1].firstOrder1.T"", ""witness"": ""rampTrackingFilter1.leadMOrderLagCascade[12].firstOrderCascade[1].firstOrder1.T = 0"", ""witness_rationale"": ""set to zero"", ""denominator_at_witness"": 0.0, ""denominator_at_declared_values"": 0.01, ""denominator_range"": ""[-inf, inf]"", ""path_condition"": ""always evaluated"", ""verdict"": ""SAT"", ""proof"": ""the division is not inside any branch"", ""constraints"": ""rampTrackingFilter1.leadMOrderLagCascade[12].firstOrderCascade[1].firstOrder1.T: unbounded"", ""note"": ""a permitted assignment drives the complete denominator to zero and the division is still evaluated there""}",/data/mrumoca/eval/results/powergrids/findings.jsonl
powergrids,historical-static,PowerGrids.Controls.Test.TestRampTrackingFilter,24,divisor-reachable-zero,high,False,hold-needs-source-and-witness-review,"{""denominator"": ""rampTrackingFilter1.leadMOrderLagCascade[13].leadLag.firstOrder.T"", ""witness"": ""rampTrackingFilter1.leadMOrderLagCascade[13].leadLag.firstOrder.T = 0"", ""witness_rationale"": ""set to zero"", ""denominator_at_witness"": 0.0, ""denominator_at_declared_values"": 1e-05, ""denominator_range"": ""[-inf, inf]"", ""path_condition"": ""always evaluated"", ""verdict"": ""SAT"", ""proof"": ""the division is not inside any branch"", ""constraints"": ""rampTrackingFilter1.leadMOrderLagCascade[13].leadLag.firstOrder.T: unbounded"", ""note"": ""a permitted assignment drives the complete denominator to zero and the division is still evaluated there""}",/data/mrumoca/eval/results/powergrids/findings.jsonl
powergrids,historical-static,PowerGrids.Controls.Test.TestRampTrackingFilter,25,divisor-reachable-zero,high,False,hold-needs-source-and-witness-review,"{""denominator"": ""rampTrackingFilter1.leadMOrderLagCascade[13].firstOrderCascade[1].firstOrder1.T"", ""witness"": ""rampTrackingFilter1.leadMOrderLagCascade[13].firstOrderCascade[1].firstOrder1.T = 0"", ""witness_rationale"": ""set to zero"", ""denominator_at_witness"": 0.0, ""denominator_at_declared_values"": 0.01, ""denominator_range"": ""[-inf, inf]"", ""path_condition"": ""always evaluated"", ""verdict"": ""SAT"", ""proof"": ""the division is not inside any branch"", ""constraints"": ""rampTrackingFilter1.leadMOrderLagCascade[13].firstOrderCascade[1].firstOrder1.T: unbounded"", ""note"": ""a permitted assignment drives the complete denominator to zero and the division is still evaluated there""}",/data/mrumoca/eval/results/powergrids/findings.jsonl
powergrids,historical-static,PowerGrids.Controls.Test.TestRampTrackingFilter,26,divisor-reachable-zero,high,False,hold-needs-source-and-witness-review,"{""denominator"": ""rampTrackingFilter1.leadMOrderLagCascade[14].leadLag.firstOrder.T"", ""witness"": ""rampTrackingFilter1.leadMOrderLagCascade[14].leadLag.firstOrder.T = 0"", ""witness_rationale"": ""set to zero"", ""denominator_at_witness"": 0.0, ""denominator_at_declared_values"": 1e-05, ""denominator_range"": ""[-inf, inf]"", ""path_condition"": ""always evaluated"", ""verdict"": ""SAT"", ""proof"": ""the division is not inside any branch"", ""constraints"": ""rampTrackingFilter1.leadMOrderLagCascade[14].leadLag.firstOrder.T: unbounded"", ""note"": ""a permitted assignment drives the complete denominator to zero and the division is still evaluated there""}",/data/mrumoca/eval/results/powergrids/findings.jsonl
powergrids,historical-static,PowerGrids.Controls.Test.TestRampTrackingFilter,27,divisor-reachable-zero,high,False,hold-needs-source-and-witness-review,"{""denominator"": ""rampTrackingFilter1.leadMOrderLagCascade[14].firstOrderCascade[1].firstOrder1.T"", ""witness"": ""rampTrackingFilter1.leadMOrderLagCascade[14].firstOrderCascade[1].firstOrder1.T = 0"", ""witness_rationale"": ""set to zero"", ""denominator_at_witness"": 0.0, ""denominator_at_declared_values"": 0.01, ""denominator_range"": ""[-inf, inf]"", ""path_condition"": ""always evaluated"", ""verdict"": ""SAT"", ""proof"": ""the division is not inside any branch"", ""constraints"": ""rampTrackingFilter1.leadMOrderLagCascade[14].firstOrderCascade[1].firstOrder1.T: unbounded"", ""note"": ""a permitted assignment drives the complete denominator to zero and the division is still evaluated there""}",/data/mrumoca/eval/results/powergrids/findings.jsonl
powergrids,historical-static,PowerGrids.Controls.Test.TestRampTrackingFilter,28,divisor-reachable-zero,high,False,hold-needs-source-and-witness-review,"{""denominator"": ""rampTrackingFilter1.leadMOrderLagCascade[15].leadLag.firstOrder.T"", ""witness"": ""rampTrackingFilter1.leadMOrderLagCascade[15].leadLag.firstOrder.T = 0"", ""witness_rationale"": ""set to zero"", ""denominator_at_witness"": 0.0, ""denominator_at_declared_values"": 1e-05, ""denominator_range"": ""[-inf, inf]"", ""path_condition"": ""always evaluated"", ""verdict"": ""SAT"", ""proof"": ""the division is not inside any branch"", ""constraints"": ""rampTrackingFilter1.leadMOrderLagCascade[15].leadLag.firstOrder.T: unbounded"", ""note"": ""a permitted assignment drives the complete denominator to zero and the division is still evaluated there""}",/data/mrumoca/eval/results/powergrids/findings.jsonl
powergrids,historical-static,PowerGrids.Controls.Test.TestRampTrackingFilter,29,divisor-reachable-zero,high,False,hold-needs-source-and-witness-review,"{""denominator"": ""rampTrackingFilter1.leadMOrderLagCascade[15].firstOrderCascade[1].firstOrder1.T"", ""witness"": ""rampTrackingFilter1.leadMOrderLagCascade[15].firstOrderCascade[1].firstOrder1.T = 0"", ""witness_rationale"": ""set to zero"", ""denominator_at_witness"": 0.0, ""denominator_at_declared_values"": 0.01, ""denominator_range"": ""[-inf, inf]"", ""path_condition"": ""always evaluated"", ""verdict"": ""SAT"", ""proof"": ""the division is not inside any branch"", ""constraints"": ""rampTrackingFilter1.leadMOrderLagCascade[15].firstOrderCascade[1].firstOrder1.T: unbounded"", ""note"": ""a permitted assignment drives the complete denominator to zero and the division is still evaluated there""}",/data/mrumoca/eval/results/powergrids/findings.jsonl
powergrids,historical-static,PowerGrids.Controls.Test.TestRampTrackingFilter,30,divisor-reachable-zero,high,False,hold-needs-source-and-witness-review,"{""denominator"": ""rampTrackingFilter1.leadMOrderLagCascade[16].leadLag.firstOrder.T"", ""witness"": ""rampTrackingFilter1.leadMOrderLagCascade[16].leadLag.firstOrder.T = 0"", ""witness_rationale"": ""set to zero"", ""denominator_at_witness"": 0.0, ""denominator_at_declared_values"": 1e-05, ""denominator_range"": ""[-inf, inf]"", ""path_condition"": ""always evaluated"", ""verdict"": ""SAT"", ""proof"": ""the division is not inside any branch"", ""constraints"": ""rampTrackingFilter1.leadMOrderLagCascade[16].leadLag.firstOrder.T: unbounded"", ""note"": ""a permitted assignment drives the complete denominator to zero and the division is still evaluated there""}",/data/mrumoca/eval/results/powergrids/findings.jsonl
powergrids,historical-static,PowerGrids.Controls.Test.TestRampTrackingFilter,31,divisor-reachable-zero,high,False,hold-needs-source-and-witness-review,"{""denominator"": ""rampTrackingFilter1.leadMOrderLagCascade[16].firstOrderCascade[1].firstOrder1.T"", ""witness"": ""rampTrackingFilter1.leadMOrderLagCascade[16].firstOrderCascade[1].firstOrder1.T = 0"", ""witness_rationale"": ""set to zero"", ""denominator_at_witness"": 0.0, ""denominator_at_declared_values"": 0.01, ""denominator_range"": ""[-inf, inf]"", ""path_condition"": ""always evaluated"", ""verdict"": ""SAT"", ""proof"": ""the division is not inside any branch"", ""constraints"": ""rampTrackingFilter1.leadMOrderLagCascade[16].firstOrderCascade[1].firstOrder1.T: unbounded"", ""note"": ""a permitted assignment drives the complete denominator to zero and the division is still evaluated there""}",/data/mrumoca/eval/results/powergrids/findings.jsonl
powergrids,historical-static,PowerGrids.Controls.Test.TestRampTrackingFilter,32,divisor-reachable-zero,high,False,hold-needs-source-and-witness-review,"{""denominator"": ""rampTrackingFilter1.leadMOrderLagCascade[17].leadLag.firstOrder.T"", ""witness"": ""rampTrackingFilter1.leadMOrderLagCascade[17].leadLag.firstOrder.T = 0"", ""witness_rationale"": ""set to zero"", ""denominator_at_witness"": 0.0, ""denominator_at_declared_values"": 1e-05, ""denominator_range"": ""[-inf, inf]"", ""path_condition"": ""always evaluated"", ""verdict"": ""SAT"", ""proof"": ""the division is not inside any branch"", ""constraints"": ""rampTrackingFilter1.leadMOrderLagCascade[17].leadLag.firstOrder.T: unbounded"", ""note"": ""a permitted assignment drives the complete denominator to zero and the division is still evaluated there""}",/data/mrumoca/eval/results/powergrids/findings.jsonl
powergrids,historical-static,PowerGrids.Controls.Test.TestRampTrackingFilter,33,divisor-reachable-zero,high,False,hold-needs-source-and-witness-review,"{""denominator"": ""rampTrackingFilter1.leadMOrderLagCascade[17].firstOrderCascade[1].firstOrder1.T"", ""witness"": ""rampTrackingFilter1.leadMOrderLagCascade[17].firstOrderCascade[1].firstOrder1.T = 0"", ""witness_rationale"": ""set to zero"", ""denominator_at_witness"": 0.0, ""denominator_at_declared_values"": 0.01, ""denominator_range"": ""[-inf, inf]"", ""path_condition"": ""always evaluated"", ""verdict"": ""SAT"", ""proof"": ""the division is not inside any branch"", ""constraints"": ""rampTrackingFilter1.leadMOrderLagCascade[17].firstOrderCascade[1].firstOrder1.T: unbounded"", ""note"": ""a permitted assignment drives the complete denominator to zero and the division is still evaluated there""}",/data/mrumoca/eval/results/powergrids/findings.jsonl
powergrids,historical-static,PowerGrids.Controls.Test.TestRampTrackingFilter,34,divisor-reachable-zero,high,False,hold-needs-source-and-witness-review,"{""denominator"": ""rampTrackingFilter1.leadMOrderLagCascade[18].leadLag.firstOrder.T"", ""witness"": ""rampTrackingFilter1.leadMOrderLagCascade[18].leadLag.firstOrder.T = 0"", ""witness_rationale"": ""set to zero"", ""denominator_at_witness"": 0.0, ""denominator_at_declared_values"": 1e-05, ""denominator_range"": ""[-inf, inf]"", ""path_condition"": ""always evaluated"", ""verdict"": ""SAT"", ""proof"": ""the division is not inside any branch"", ""constraints"": ""rampTrackingFilter1.leadMOrderLagCascade[18].leadLag.firstOrder.T: unbounded"", ""note"": ""a permitted assignment drives the complete denominator to zero and the division is still evaluated there""}",/data/mrumoca/eval/results/powergrids/findings.jsonl
powergrids,historical-static,PowerGrids.Controls.Test.TestRampTrackingFilter,35,divisor-reachable-zero,high,False,hold-needs-source-and-witness-review,"{""denominator"": ""rampTrackingFilter1.leadMOrderLagCascade[18].firstOrderCascade[1].firstOrder1.T"", ""witness"": ""rampTrackingFilter1.leadMOrderLagCascade[18].firstOrderCascade[1].firstOrder1.T = 0"", ""witness_rationale"": ""set to zero"", ""denominator_at_witness"": 0.0, ""denominator_at_declared_values"": 0.01, ""denominator_range"": ""[-inf, inf]"", ""path_condition"": ""always evaluated"", ""verdict"": ""SAT"", ""proof"": ""the division is not inside any branch"", ""constraints"": ""rampTrackingFilter1.leadMOrderLagCascade[18].firstOrderCascade[1].firstOrder1.T: unbounded"", ""note"": ""a permitted assignment drives the complete denominator to zero and the division is still evaluated there""}",/data/mrumoca/eval/results/powergrids/findings.jsonl
powergrids,historical-static,PowerGrids.Controls.Test.TestRampTrackingFilter,36,divisor-reachable-zero,high,False,hold-needs-source-and-witness-review,"{""denominator"": ""rampTrackingFilter1.leadMOrderLagCascade[19].leadLag.firstOrder.T"", ""witness"": ""rampTrackingFilter1.leadMOrderLagCascade[19].leadLag.firstOrder.T = 0"", ""witness_rationale"": ""set to zero"", ""denominator_at_witness"": 0.0, ""denominator_at_declared_values"": 1e-05, ""denominator_range"": ""[-inf, inf]"", ""path_condition"": ""always evaluated"", ""verdict"": ""SAT"", ""proof"": ""the division is not inside any branch"", ""constraints"": ""rampTrackingFilter1.leadMOrderLagCascade[19].leadLag.firstOrder.T: unbounded"", ""note"": ""a permitted assignment drives the complete denominator to zero and the division is still evaluated there""}",/data/mrumoca/eval/results/powergrids/findings.jsonl
powergrids,historical-static,PowerGrids.Controls.Test.TestRampTrackingFilter,37,divisor-reachable-zero,high,False,hold-needs-source-and-witness-review,"{""denominator"": ""rampTrackingFilter1.leadMOrderLagCascade[19].firstOrderCascade[1].firstOrder1.T"", ""witness"": ""rampTrackingFilter1.leadMOrderLagCascade[19].firstOrderCascade[1].firstOrder1.T = 0"", ""witness_rationale"": ""set to zero"", ""denominator_at_witness"": 0.0, ""denominator_at_declared_values"": 0.01, ""denominator_range"": ""[-inf, inf]"", ""path_condition"": ""always evaluated"", ""verdict"": ""SAT"", ""proof"": ""the division is not inside any branch"", ""constraints"": ""rampTrackingFilter1.leadMOrderLagCascade[19].firstOrderCascade[1].firstOrder1.T: unbounded"", ""note"": ""a permitted assignment drives the complete denominator to zero and the division is still evaluated there""}",/data/mrumoca/eval/results/powergrids/findings.jsonl
powergrids,historical-static,PowerGrids.Controls.Test.TestRampTrackingFilter,38,divisor-reachable-zero,high,False,hold-needs-source-and-witness-review,"{""denominator"": ""rampTrackingFilter1.leadMOrderLagCascade[20].leadLag.firstOrder.T"", ""witness"": ""rampTrackingFilter1.leadMOrderLagCascade[20].leadLag.firstOrder.T = 0"", ""witness_rationale"": ""set to zero"", ""denominator_at_witness"": 0.0, ""denominator_at_declared_values"": 1e-05, ""denominator_range"": ""[-inf, inf]"", ""path_condition"": ""always evaluated"", ""verdict"": ""SAT"", ""proof"": ""the division is not inside any branch"", ""constraints"": ""rampTrackingFilter1.leadMOrderLagCascade[20].leadLag.firstOrder.T: unbounded"", ""note"": ""a permitted assignment drives the complete denominator to zero and the division is still evaluated there""}",/data/mrumoca/eval/results/powergrids/findings.jsonl
powergrids,historical-static,PowerGrids.Controls.Test.TestRampTrackingFilter,39,divisor-reachable-zero,high,False,hold-needs-source-and-witness-review,"{""denominator"": ""rampTrackingFilter1.leadMOrderLagCascade[20].firstOrderCascade[1].firstOrder1.T"", ""witness"": ""rampTrackingFilter1.leadMOrderLagCascade[20].firstOrderCascade[1].firstOrder1.T = 0"", ""witness_rationale"": ""set to zero"", ""denominator_at_witness"": 0.0, ""denominator_at_declared_values"": 0.01, ""denominator_range"": ""[-inf, inf]"", ""path_condition"": ""always evaluated"", ""verdict"": ""SAT"", ""proof"": ""the division is not inside any branch"", ""constraints"": ""rampTrackingFilter1.leadMOrderLagCascade[20].firstOrderCascade[1].firstOrder1.T: unbounded"", ""note"": ""a permitted assignment drives the complete denominator to zero and the division is still evaluated there""}",/data/mrumoca/eval/results/powergrids/findings.jsonl
powergrids,historical-static,PowerGrids.Controls.Test.TestRampTrackingFilter,40,divisor-reachable-zero,high,False,hold-needs-source-and-witness-review,"{""denominator"": ""rampTrackingFilter1.leadMOrderLagCascade[21].leadLag.firstOrder.T"", ""witness"": ""rampTrackingFilter1.leadMOrderLagCascade[21].leadLag.firstOrder.T = 0"", ""witness_rationale"": ""set to zero"", ""denominator_at_witness"": 0.0, ""denominator_at_declared_values"": 1e-05, ""denominator_range"": ""[-inf, inf]"", ""path_condition"": ""always evaluated"", ""verdict"": ""SAT"", ""proof"": ""the division is not inside any branch"", ""constraints"": ""rampTrackingFilter1.leadMOrderLagCascade[21].leadLag.firstOrder.T: unbounded"", ""note"": ""a permitted assignment drives the complete denominator to zero and the division is still evaluated there""}",/data/mrumoca/eval/results/powergrids/findings.jsonl
powergrids,historical-static,PowerGrids.Controls.Test.TestRampTrackingFilter,41,divisor-reachable-zero,high,False,hold-needs-source-and-witness-review,"{""denominator"": ""rampTrackingFilter1.leadMOrderLagCascade[21].firstOrderCascade[1].firstOrder1.T"", ""witness"": ""rampTrackingFilter1.leadMOrderLagCascade[21].firstOrderCascade[1].firstOrder1.T = 0"", ""witness_rationale"": ""set to zero"", ""denominator_at_witness"": 0.0, ""denominator_at_declared_values"": 0.01, ""denominator_range"": ""[-inf, inf]"", ""path_condition"": ""always evaluated"", ""verdict"": ""SAT"", ""proof"": ""the division is not inside any branch"", ""constraints"": ""rampTrackingFilter1.leadMOrderLagCascade[21].firstOrderCascade[1].firstOrder1.T: unbounded"", ""note"": ""a permitted assignment drives the complete denominator to zero and the division is still evaluated there""}",/data/mrumoca/eval/results/powergrids/findings.jsonl
powergrids,historical-static,PowerGrids.Controls.Test.TestRampTrackingFilter,42,divisor-reachable-zero,high,False,hold-needs-source-and-witness-review,"{""denominator"": ""rampTrackingFilter1.leadMOrderLagCascade[22].leadLag.firstOrder.T"", ""witness"": ""rampTrackingFilter1.leadMOrderLagCascade[22].leadLag.firstOrder.T = 0"", ""witness_rationale"": ""set to zero"", ""denominator_at_witness"": 0.0, ""denominator_at_declared_values"": 1e-05, ""denominator_range"": ""[-inf, inf]"", ""path_condition"": ""always evaluated"", ""verdict"": ""SAT"", ""proof"": ""the division is not inside any branch"", ""constraints"": ""rampTrackingFilter1.leadMOrderLagCascade[22].leadLag.firstOrder.T: unbounded"", ""note"": ""a permitted assignment drives the complete denominator to zero and the division is still evaluated there""}",/data/mrumoca/eval/results/powergrids/findings.jsonl
powergrids,historical-static,PowerGrids.Controls.Test.TestRampTrackingFilter,43,divisor-reachable-zero,high,False,hold-needs-source-and-witness-review,"{""denominator"": ""rampTrackingFilter1.leadMOrderLagCascade[22].firstOrderCascade[1].firstOrder1.T"", ""witness"": ""rampTrackingFilter1.leadMOrderLagCascade[22].firstOrderCascade[1].firstOrder1.T = 0"", ""witness_rationale"": ""set to zero"", ""denominator_at_witness"": 0.0, ""denominator_at_declared_values"": 0.01, ""denominator_range"": ""[-inf, inf]"", ""path_condition"": ""always evaluated"", ""verdict"": ""SAT"", ""proof"": ""the division is not inside any branch"", ""constraints"": ""rampTrackingFilter1.leadMOrderLagCascade[22].firstOrderCascade[1].firstOrder1.T: unbounded"", ""note"": ""a permitted assignment drives the complete denominator to zero and the division is still evaluated there""}",/data/mrumoca/eval/results/powergrids/findings.jsonl
powergrids,historical-static,PowerGrids.Controls.Test.TestRampTrackingFilter,44,divisor-reachable-zero,high,False,hold-needs-source-and-witness-review,"{""denominator"": ""rampTrackingFilter1.leadMOrderLagCascade[23].leadLag.firstOrder.T"", ""witness"": ""rampTrackingFilter1.leadMOrderLagCascade[23].leadLag.firstOrder.T = 0"", ""witness_rationale"": ""set to zero"", ""denominator_at_witness"": 0.0, ""denominator_at_declared_values"": 1e-05, ""denominator_range"": ""[-inf, inf]"", ""path_condition"": ""always evaluated"", ""verdict"": ""SAT"", ""proof"": ""the division is not inside any branch"", ""constraints"": ""rampTrackingFilter1.leadMOrderLagCascade[23].leadLag.firstOrder.T: unbounded"", ""note"": ""a permitted assignment drives the complete denominator to zero and the division is still evaluated there""}",/data/mrumoca/eval/results/powergrids/findings.jsonl
powergrids,historical-static,PowerGrids.Controls.Test.TestRampTrackingFilter,45,divisor-reachable-zero,high,False,hold-needs-source-and-witness-review,"{""denominator"": ""rampTrackingFilter1.leadMOrderLagCascade[23].firstOrderCascade[1].firstOrder1.T"", ""witness"": ""rampTrackingFilter1.leadMOrderLagCascade[23].firstOrderCascade[1].firstOrder1.T = 0"", ""witness_rationale"": ""set to zero"", ""denominator_at_witness"": 0.0, ""denominator_at_declared_values"": 0.01, ""denominator_range"": ""[-inf, inf]"", ""path_condition"": ""always evaluated"", ""verdict"": ""SAT"", ""proof"": ""the division is not inside any branch"", ""constraints"": ""rampTrackingFilter1.leadMOrderLagCascade[23].firstOrderCascade[1].firstOrder1.T: unbounded"", ""note"": ""a permitted assignment drives the complete denominator to zero and the division is still evaluated there""}",/data/mrumoca/eval/results/powergrids/findings.jsonl
powergrids,historical-static,PowerGrids.Controls.Test.TestRampTrackingFilter,46,divisor-reachable-zero,high,False,hold-needs-source-and-witness-review,"{""denominator"": ""rampTrackingFilter1.leadMOrderLagCascade[24].leadLag.firstOrder.T"", ""witness"": ""rampTrackingFilter1.leadMOrderLagCascade[24].leadLag.firstOrder.T = 0"", ""witness_rationale"": ""set to zero"", ""denominator_at_witness"": 0.0, ""denominator_at_declared_values"": 1e-05, ""denominator_range"": ""[-inf, inf]"", ""path_condition"": ""always evaluated"", ""verdict"": ""SAT"", ""proof"": ""the division is not inside any branch"", ""constraints"": ""rampTrackingFilter1.leadMOrderLagCascade[24].leadLag.firstOrder.T: unbounded"", ""note"": ""a permitted assignment drives the complete denominator to zero and the division is still evaluated there""}",/data/mrumoca/eval/results/powergrids/findings.jsonl
powergrids,historical-static,PowerGrids.Controls.Test.TestRampTrackingFilter,47,divisor-reachable-zero,high,False,hold-needs-source-and-witness-review,"{""denominator"": ""rampTrackingFilter1.leadMOrderLagCascade[24].firstOrderCascade[1].firstOrder1.T"", ""witness"": ""rampTrackingFilter1.leadMOrderLagCascade[24].firstOrderCascade[1].firstOrder1.T = 0"", ""witness_rationale"": ""set to zero"", ""denominator_at_witness"": 0.0, ""denominator_at_declared_values"": 0.01, ""denominator_range"": ""[-inf, inf]"", ""path_condition"": ""always evaluated"", ""verdict"": ""SAT"", ""proof"": ""the division is not inside any branch"", ""constraints"": ""rampTrackingFilter1.leadMOrderLagCascade[24].firstOrderCascade[1].firstOrder1.T: unbounded"", ""note"": ""a permitted assignment drives the complete denominator to zero and the division is still evaluated there""}",/data/mrumoca/eval/results/powergrids/findings.jsonl
powergrids,historical-static,PowerGrids.Controls.Test.TestRampTrackingFilter,48,divisor-reachable-zero,high,False,hold-needs-source-and-witness-review,"{""denominator"": ""rampTrackingFilter1.leadMOrderLagCascade[25].leadLag.firstOrder.T"", ""witness"": ""rampTrackingFilter1.leadMOrderLagCascade[25].leadLag.firstOrder.T = 0"", ""witness_rationale"": ""set to zero"", ""denominator_at_witness"": 0.0, ""denominator_at_declared_values"": 1e-05, ""denominator_range"": ""[-inf, inf]"", ""path_condition"": ""always evaluated"", ""verdict"": ""SAT"", ""proof"": ""the division is not inside any branch"", ""constraints"": ""rampTrackingFilter1.leadMOrderLagCascade[25].leadLag.firstOrder.T: unbounded"", ""note"": ""a permitted assignment drives the complete denominator to zero and the division is still evaluated there""}",/data/mrumoca/eval/results/powergrids/findings.jsonl
powergrids,historical-static,PowerGrids.Controls.Test.TestRampTrackingFilter,49,divisor-reachable-zero,high,False,hold-needs-source-and-witness-review,"{""denominator"": ""rampTrackingFilter1.leadMOrderLagCascade[25].firstOrderCascade[1].firstOrder1.T"", ""witness"": ""rampTrackingFilter1.leadMOrderLagCascade[25].firstOrderCascade[1].firstOrder1.T = 0"", ""witness_rationale"": ""set to zero"", ""denominator_at_witness"": 0.0, ""denominator_at_declared_values"": 0.01, ""denominator_range"": ""[-inf, inf]"", ""path_condition"": ""always evaluated"", ""verdict"": ""SAT"", ""proof"": ""the division is not inside any branch"", ""constraints"": ""rampTrackingFilter1.leadMOrderLagCascade[25].firstOrderCascade[1].firstOrder1.T: unbounded"", ""note"": ""a permitted assignment drives the complete denominator to zero and the division is still evaluated there""}",/data/mrumoca/eval/results/powergrids/findings.jsonl
powergrids,historical-static,PowerGrids.Controls.Test.TestRampTrackingFilter,50,divisor-reachable-zero,high,False,hold-needs-source-and-witness-review,"{""denominator"": ""rampTrackingFilter1.leadMOrderLagCascade[26].leadLag.firstOrder.T"", ""witness"": ""rampTrackingFilter1.leadMOrderLagCascade[26].leadLag.firstOrder.T = 0"", ""witness_rationale"": ""set to zero"", ""denominator_at_witness"": 0.0, ""denominator_at_declared_values"": 1e-05, ""denominator_range"": ""[-inf, inf]"", ""path_condition"": ""always evaluated"", ""verdict"": ""SAT"", ""proof"": ""the division is not inside any branch"", ""constraints"": ""rampTrackingFilter1.leadMOrderLagCascade[26].leadLag.firstOrder.T: unbounded"", ""note"": ""a permitted assignment drives the complete denominator to zero and the division is still evaluated there""}",/data/mrumoca/eval/results/powergrids/findings.jsonl
powergrids,historical-static,PowerGrids.Controls.Test.TestRampTrackingFilter,51,divisor-reachable-zero,high,False,hold-needs-source-and-witness-review,"{""denominator"": ""rampTrackingFilter1.leadMOrderLagCascade[26].firstOrderCascade[1].firstOrder1.T"", ""witness"": ""rampTrackingFilter1.leadMOrderLagCascade[26].firstOrderCascade[1].firstOrder1.T = 0"", ""witness_rationale"": ""set to zero"", ""denominator_at_witness"": 0.0, ""denominator_at_declared_values"": 0.01, ""denominator_range"": ""[-inf, inf]"", ""path_condition"": ""always evaluated"", ""verdict"": ""SAT"", ""proof"": ""the division is not inside any branch"", ""constraints"": ""rampTrackingFilter1.leadMOrderLagCascade[26].firstOrderCascade[1].firstOrder1.T: unbounded"", ""note"": ""a permitted assignment drives the complete denominator to zero and the division is still evaluated there""}",/data/mrumoca/eval/results/powergrids/findings.jsonl
powergrids,historical-static,PowerGrids.Controls.Test.TestRampTrackingFilter,52,divisor-reachable-zero,high,False,hold-needs-source-and-witness-review,"{""denominator"": ""rampTrackingFilter1.leadMOrderLagCascade[27].leadLag.firstOrder.T"", ""witness"": ""rampTrackingFilter1.leadMOrderLagCascade[27].leadLag.firstOrder.T = 0"", ""witness_rationale"": ""set to zero"", ""denominator_at_witness"": 0.0, ""denominator_at_declared_values"": 1e-05, ""denominator_range"": ""[-inf, inf]"", ""path_condition"": ""always evaluated"", ""verdict"": ""SAT"", ""proof"": ""the division is not inside any branch"", ""constraints"": ""rampTrackingFilter1.leadMOrderLagCascade[27].leadLag.firstOrder.T: unbounded"", ""note"": ""a permitted assignment drives the complete denominator to zero and the division is still evaluated there""}",/data/mrumoca/eval/results/powergrids/findings.jsonl
powergrids,historical-static,PowerGrids.Controls.Test.TestRampTrackingFilter,53,divisor-reachable-zero,high,False,hold-needs-source-and-witness-review,"{""denominator"": ""rampTrackingFilter1.leadMOrderLagCascade[27].firstOrderCascade[1].firstOrder1.T"", ""witness"": ""rampTrackingFilter1.leadMOrderLagCascade[27].firstOrderCascade[1].firstOrder1.T = 0"", ""witness_rationale"": ""set to zero"", ""denominator_at_witness"": 0.0, ""denominator_at_declared_values"": 0.01, ""denominator_range"": ""[-inf, inf]"", ""path_condition"": ""always evaluated"", ""verdict"": ""SAT"", ""proof"": ""the division is not inside any branch"", ""constraints"": ""rampTrackingFilter1.leadMOrderLagCascade[27].firstOrderCascade[1].firstOrder1.T: unbounded"", ""note"": ""a permitted assignment drives the complete denominator to zero and the division is still evaluated there""}",/data/mrumoca/eval/results/powergrids/findings.jsonl
powergrids,historical-static,PowerGrids.Controls.Test.TestRampTrackingFilter,54,divisor-reachable-zero,high,False,hold-needs-source-and-witness-review,"{""denominator"": ""rampTrackingFilter1.leadMOrderLagCascade[28].leadLag.firstOrder.T"", ""witness"": ""rampTrackingFilter1.leadMOrderLagCascade[28].leadLag.firstOrder.T = 0"", ""witness_rationale"": ""set to zero"", ""denominator_at_witness"": 0.0, ""denominator_at_declared_values"": 1e-05, ""denominator_range"": ""[-inf, inf]"", ""path_condition"": ""always evaluated"", ""verdict"": ""SAT"", ""proof"": ""the division is not inside any branch"", ""constraints"": ""rampTrackingFilter1.leadMOrderLagCascade[28].leadLag.firstOrder.T: unbounded"", ""note"": ""a permitted assignment drives the complete denominator to zero and the division is still evaluated there""}",/data/mrumoca/eval/results/powergrids/findings.jsonl
powergrids,historical-static,PowerGrids.Controls.Test.TestRampTrackingFilter,55,divisor-reachable-zero,high,False,hold-needs-source-and-witness-review,"{""denominator"": ""rampTrackingFilter1.leadMOrderLagCascade[28].firstOrderCascade[1].firstOrder1.T"", ""witness"": ""rampTrackingFilter1.leadMOrderLagCascade[28].firstOrderCascade[1].firstOrder1.T = 0"", ""witness_rationale"": ""set to zero"", ""denominator_at_witness"": 0.0, ""denominator_at_declared_values"": 0.01, ""denominator_range"": ""[-inf, inf]"", ""path_condition"": ""always evaluated"", ""verdict"": ""SAT"", ""proof"": ""the division is not inside any branch"", ""constraints"": ""rampTrackingFilter1.leadMOrderLagCascade[28].firstOrderCascade[1].firstOrder1.T: unbounded"", ""note"": ""a permitted assignment drives the complete denominator to zero and the division is still evaluated there""}",/data/mrumoca/eval/results/powergrids/findings.jsonl
powergrids,historical-static,PowerGrids.Controls.Test.TestRampTrackingFilter,56,divisor-reachable-zero,high,False,hold-needs-source-and-witness-review,"{""denominator"": ""rampTrackingFilter1.leadMOrderLagCascade[29].leadLag.firstOrder.T"", ""witness"": ""rampTrackingFilter1.leadMOrderLagCascade[29].leadLag.firstOrder.T = 0"", ""witness_rationale"": ""set to zero"", ""denominator_at_witness"": 0.0, ""denominator_at_declared_values"": 1e-05, ""denominator_range"": ""[-inf, inf]"", ""path_condition"": ""always evaluated"", ""verdict"": ""SAT"", ""proof"": ""the division is not inside any branch"", ""constraints"": ""rampTrackingFilter1.leadMOrderLagCascade[29].leadLag.firstOrder.T: unbounded"", ""note"": ""a permitted assignment drives the complete denominator to zero and the division is still evaluated there""}",/data/mrumoca/eval/results/powergrids/findings.jsonl
powergrids,historical-static,PowerGrids.Controls.Test.TestRampTrackingFilter,57,divisor-reachable-zero,high,False,hold-needs-source-and-witness-review,"{""denominator"": ""rampTrackingFilter1.leadMOrderLagCascade[29].firstOrderCascade[1].firstOrder1.T"", ""witness"": ""rampTrackingFilter1.leadMOrderLagCascade[29].firstOrderCascade[1].firstOrder1.T = 0"", ""witness_rationale"": ""set to zero"", ""denominator_at_witness"": 0.0, ""denominator_at_declared_values"": 0.01, ""denominator_range"": ""[-inf, inf]"", ""path_condition"": ""always evaluated"", ""verdict"": ""SAT"", ""proof"": ""the division is not inside any branch"", ""constraints"": ""rampTrackingFilter1.leadMOrderLagCascade[29].firstOrderCascade[1].firstOrder1.T: unbounded"", ""note"": ""a permitted assignment drives the complete denominator to zero and the division is still evaluated there""}",/data/mrumoca/eval/results/powergrids/findings.jsonl
powergrids,historical-static,PowerGrids.Controls.Test.TestRampTrackingFilter,58,divisor-reachable-zero,high,False,hold-needs-source-and-witness-review,"{""denominator"": ""rampTrackingFilter1.leadMOrderLagCascade[30].leadLag.firstOrder.T"", ""witness"": ""rampTrackingFilter1.leadMOrderLagCascade[30].leadLag.firstOrder.T = 0"", ""witness_rationale"": ""set to zero"", ""denominator_at_witness"": 0.0, ""denominator_at_declared_values"": 1e-05, ""denominator_range"": ""[-inf, inf]"", ""path_condition"": ""always evaluated"", ""verdict"": ""SAT"", ""proof"": ""the division is not inside any branch"", ""constraints"": ""rampTrackingFilter1.leadMOrderLagCascade[30].leadLag.firstOrder.T: unbounded"", ""note"": ""a permitted assignment drives the complete denominator to zero and the division is still evaluated there""}",/data/mrumoca/eval/results/powergrids/findings.jsonl
powergrids,historical-static,PowerGrids.Controls.Test.TestRampTrackingFilter,59,divisor-reachable-zero,high,False,hold-needs-source-and-witness-review,"{""denominator"": ""rampTrackingFilter1.leadMOrderLagCascade[30].firstOrderCascade[1].firstOrder1.T"", ""witness"": ""rampTrackingFilter1.leadMOrderLagCascade[30].firstOrderCascade[1].firstOrder1.T = 0"", ""witness_rationale"": ""set to zero"", ""denominator_at_witness"": 0.0, ""denominator_at_declared_values"": 0.01, ""denominator_range"": ""[-inf, inf]"", ""path_condition"": ""always evaluated"", ""verdict"": ""SAT"", ""proof"": ""the division is not inside any branch"", ""constraints"": ""rampTrackingFilter1.leadMOrderLagCascade[30].firstOrderCascade[1].firstOrder1.T: unbounded"", ""note"": ""a permitted assignment drives the complete denominator to zero and the division is still evaluated there""}",/data/mrumoca/eval/results/powergrids/findings.jsonl
powergrids,historical-static,PowerGrids.Controls.Test.TestRampTrackingFilter,60,divisor-reachable-zero,high,False,hold-needs-source-and-witness-review,"{""denominator"": ""rampTrackingFilter1.leadMOrderLagCascade[31].leadLag.firstOrder.T"", ""witness"": ""rampTrackingFilter1.leadMOrderLagCascade[31].leadLag.firstOrder.T = 0"", ""witness_rationale"": ""set to zero"", ""denominator_at_witness"": 0.0, ""denominator_at_declared_values"": 1e-05, ""denominator_range"": ""[-inf, inf]"", ""path_condition"": ""always evaluated"", ""verdict"": ""SAT"", ""proof"": ""the division is not inside any branch"", ""constraints"": ""rampTrackingFilter1.leadMOrderLagCascade[31].leadLag.firstOrder.T: unbounded"", ""note"": ""a permitted assignment drives the complete denominator to zero and the division is still evaluated there""}",/data/mrumoca/eval/results/powergrids/findings.jsonl
powergrids,historical-static,PowerGrids.Controls.Test.TestRampTrackingFilter,61,divisor-reachable-zero,high,False,hold-needs-source-and-witness-review,"{""denominator"": ""rampTrackingFilter1.leadMOrderLagCascade[31].firstOrderCascade[1].firstOrder1.T"", ""witness"": ""rampTrackingFilter1.leadMOrderLagCascade[31].firstOrderCascade[1].firstOrder1.T = 0"", ""witness_rationale"": ""set to zero"", ""denominator_at_witness"": 0.0, ""denominator_at_declared_values"": 0.01, ""denominator_range"": ""[-inf, inf]"", ""path_condition"": ""always evaluated"", ""verdict"": ""SAT"", ""proof"": ""the division is not inside any branch"", ""constraints"": ""rampTrackingFilter1.leadMOrderLagCascade[31].firstOrderCascade[1].firstOrder1.T: unbounded"", ""note"": ""a permitted assignment drives the complete denominator to zero and the division is still evaluated there""}",/data/mrumoca/eval/results/powergrids/findings.jsonl
powergrids,historical-static,PowerGrids.Controls.Test.TestRampTrackingFilter,62,divisor-reachable-zero,high,False,hold-needs-source-and-witness-review,"{""denominator"": ""rampTrackingFilter1.leadMOrderLagCascade[32].leadLag.firstOrder.T"", ""witness"": ""rampTrackingFilter1.leadMOrderLagCascade[32].leadLag.firstOrder.T = 0"", ""witness_rationale"": ""set to zero"", ""denominator_at_witness"": 0.0, ""denominator_at_declared_values"": 1e-05, ""denominator_range"": ""[-inf, inf]"", ""path_condition"": ""always evaluated"", ""verdict"": ""SAT"", ""proof"": ""the division is not inside any branch"", ""constraints"": ""rampTrackingFilter1.leadMOrderLagCascade[32].leadLag.firstOrder.T: unbounded"", ""note"": ""a permitted assignment drives the complete denominator to zero and the division is still evaluated there""}",/data/mrumoca/eval/results/powergrids/findings.jsonl
powergrids,historical-static,PowerGrids.Controls.Test.TestRampTrackingFilter,63,divisor-reachable-zero,high,False,hold-needs-source-and-witness-review,"{""denominator"": ""rampTrackingFilter1.leadMOrderLagCascade[32].firstOrderCascade[1].firstOrder1.T"", ""witness"": ""rampTrackingFilter1.leadMOrderLagCascade[32].firstOrderCascade[1].firstOrder1.T = 0"", ""witness_rationale"": ""set to zero"", ""denominator_at_witness"": 0.0, ""denominator_at_declared_values"": 0.01, ""denominator_range"": ""[-inf, inf]"", ""path_condition"": ""always evaluated"", ""verdict"": ""SAT"", ""proof"": ""the division is not inside any branch"", ""constraints"": ""rampTrackingFilter1.leadMOrderLagCascade[32].firstOrderCascade[1].firstOrder1.T: unbounded"", ""note"": ""a permitted assignment drives the complete denominator to zero and the division is still evaluated there""}",/data/mrumoca/eval/results/powergrids/findings.jsonl
powergrids,historical-static,PowerGrids.Controls.Test.TestRampTrackingFilter,64,divisor-reachable-zero,high,False,hold-needs-source-and-witness-review,"{""denominator"": ""rampTrackingFilter1.leadMOrderLagCascade[33].leadLag.firstOrder.T"", ""witness"": ""rampTrackingFilter1.leadMOrderLagCascade[33].leadLag.firstOrder.T = 0"", ""witness_rationale"": ""set to zero"", ""denominator_at_witness"": 0.0, ""denominator_at_declared_values"": 1e-05, ""denominator_range"": ""[-inf, inf]"", ""path_condition"": ""always evaluated"", ""verdict"": ""SAT"", ""proof"": ""the division is not inside any branch"", ""constraints"": ""rampTrackingFilter1.leadMOrderLagCascade[33].leadLag.firstOrder.T: unbounded"", ""note"": ""a permitted assignment drives the complete denominator to zero and the division is still evaluated there""}",/data/mrumoca/eval/results/powergrids/findings.jsonl
powergrids,historical-static,PowerGrids.Controls.Test.TestRampTrackingFilter,65,divisor-reachable-zero,high,False,hold-needs-source-and-witness-review,"{""denominator"": ""rampTrackingFilter1.leadMOrderLagCascade[33].firstOrderCascade[1].firstOrder1.T"", ""witness"": ""rampTrackingFilter1.leadMOrderLagCascade[33].firstOrderCascade[1].firstOrder1.T = 0"", ""witness_rationale"": ""set to zero"", ""denominator_at_witness"": 0.0, ""denominator_at_declared_values"": 0.01, ""denominator_range"": ""[-inf, inf]"", ""path_condition"": ""always evaluated"", ""verdict"": ""SAT"", ""proof"": ""the division is not inside any branch"", ""constraints"": ""rampTrackingFilter1.leadMOrderLagCascade[33].firstOrderCascade[1].firstOrder1.T: unbounded"", ""note"": ""a permitted assignment drives the complete denominator to zero and the division is still evaluated there""}",/data/mrumoca/eval/results/powergrids/findings.jsonl
powergrids,historical-static,PowerGrids.Controls.Test.TestRampTrackingFilter,66,divisor-reachable-zero,high,False,hold-needs-source-and-witness-review,"{""denominator"": ""rampTrackingFilter1.leadMOrderLagCascade[34].leadLag.firstOrder.T"", ""witness"": ""rampTrackingFilter1.leadMOrderLagCascade[34].leadLag.firstOrder.T = 0"", ""witness_rationale"": ""set to zero"", ""denominator_at_witness"": 0.0, ""denominator_at_declared_values"": 1e-05, ""denominator_range"": ""[-inf, inf]"", ""path_condition"": ""always evaluated"", ""verdict"": ""SAT"", ""proof"": ""the division is not inside any branch"", ""constraints"": ""rampTrackingFilter1.leadMOrderLagCascade[34].leadLag.firstOrder.T: unbounded"", ""note"": ""a permitted assignment drives the complete denominator to zero and the division is still evaluated there""}",/data/mrumoca/eval/results/powergrids/findings.jsonl
powergrids,historical-static,PowerGrids.Controls.Test.TestRampTrackingFilter,67,divisor-reachable-zero,high,False,hold-needs-source-and-witness-review,"{""denominator"": ""rampTrackingFilter1.leadMOrderLagCascade[34].firstOrderCascade[1].firstOrder1.T"", ""witness"": ""rampTrackingFilter1.leadMOrderLagCascade[34].firstOrderCascade[1].firstOrder1.T = 0"", ""witness_rationale"": ""set to zero"", ""denominator_at_witness"": 0.0, ""denominator_at_declared_values"": 0.01, ""denominator_range"": ""[-inf, inf]"", ""path_condition"": ""always evaluated"", ""verdict"": ""SAT"", ""proof"": ""the division is not inside any branch"", ""constraints"": ""rampTrackingFilter1.leadMOrderLagCascade[34].firstOrderCascade[1].firstOrder1.T: unbounded"", ""note"": ""a permitted assignment drives the complete denominator to zero and the division is still evaluated there""}",/data/mrumoca/eval/results/powergrids/findings.jsonl
powergrids,historical-static,PowerGrids.Controls.Test.TestRampTrackingFilter,68,divisor-reachable-zero,high,False,hold-needs-source-and-witness-review,"{""denominator"": ""rampTrackingFilter1.leadMOrderLagCascade[35].leadLag.firstOrder.T"", ""witness"": ""rampTrackingFilter1.leadMOrderLagCascade[35].leadLag.firstOrder.T = 0"", ""witness_rationale"": ""set to zero"", ""denominator_at_witness"": 0.0, ""denominator_at_declared_values"": 1e-05, ""denominator_range"": ""[-inf, inf]"", ""path_condition"": ""always evaluated"", ""verdict"": ""SAT"", ""proof"": ""the division is not inside any branch"", ""constraints"": ""rampTrackingFilter1.leadMOrderLagCascade[35].leadLag.firstOrder.T: unbounded"", ""note"": ""a permitted assignment drives the complete denominator to zero and the division is still evaluated there""}",/data/mrumoca/eval/results/powergrids/findings.jsonl
powergrids,historical-static,PowerGrids.Controls.Test.TestRampTrackingFilter,69,divisor-reachable-zero,high,False,hold-needs-source-and-witness-review,"{""denominator"": ""rampTrackingFilter1.leadMOrderLagCascade[35].firstOrderCascade[1].firstOrder1.T"", ""witness"": ""rampTrackingFilter1.leadMOrderLagCascade[35].firstOrderCascade[1].firstOrder1.T = 0"", ""witness_rationale"": ""set to zero"", ""denominator_at_witness"": 0.0, ""denominator_at_declared_values"": 0.01, ""denominator_range"": ""[-inf, inf]"", ""path_condition"": ""always evaluated"", ""verdict"": ""SAT"", ""proof"": ""the division is not inside any branch"", ""constraints"": ""rampTrackingFilter1.leadMOrderLagCascade[35].firstOrderCascade[1].firstOrder1.T: unbounded"", ""note"": ""a permitted assignment drives the complete denominator to zero and the division is still evaluated there""}",/data/mrumoca/eval/results/powergrids/findings.jsonl
powergrids,historical-static,PowerGrids.Controls.Test.TestRampTrackingFilter,70,divisor-reachable-zero,high,False,hold-needs-source-and-witness-review,"{""denominator"": ""rampTrackingFilter1.leadMOrderLagCascade[36].leadLag.firstOrder.T"", ""witness"": ""rampTrackingFilter1.leadMOrderLagCascade[36].leadLag.firstOrder.T = 0"", ""witness_rationale"": ""set to zero"", ""denominator_at_witness"": 0.0, ""denominator_at_declared_values"": 1e-05, ""denominator_range"": ""[-inf, inf]"", ""path_condition"": ""always evaluated"", ""verdict"": ""SAT"", ""proof"": ""the division is not inside any branch"", ""constraints"": ""rampTrackingFilter1.leadMOrderLagCascade[36].leadLag.firstOrder.T: unbounded"", ""note"": ""a permitted assignment drives the complete denominator to zero and the division is still evaluated there""}",/data/mrumoca/eval/results/powergrids/findings.jsonl
powergrids,historical-static,PowerGrids.Controls.Test.TestRampTrackingFilter,71,divisor-reachable-zero,high,False,hold-needs-source-and-witness-review,"{""denominator"": ""rampTrackingFilter1.leadMOrderLagCascade[36].firstOrderCascade[1].firstOrder1.T"", ""witness"": ""rampTrackingFilter1.leadMOrderLagCascade[36].firstOrderCascade[1].firstOrder1.T = 0"", ""witness_rationale"": ""set to zero"", ""denominator_at_witness"": 0.0, ""denominator_at_declared_values"": 0.01, ""denominator_range"": ""[-inf, inf]"", ""path_condition"": ""always evaluated"", ""verdict"": ""SAT"", ""proof"": ""the division is not inside any branch"", ""constraints"": ""rampTrackingFilter1.leadMOrderLagCascade[36].firstOrderCascade[1].firstOrder1.T: unbounded"", ""note"": ""a permitted assignment drives the complete denominator to zero and the division is still evaluated there""}",/data/mrumoca/eval/results/powergrids/findings.jsonl
powergrids,historical-static,PowerGrids.Controls.Test.TestRampTrackingFilter,72,divisor-reachable-zero,high,False,hold-needs-source-and-witness-review,"{""denominator"": ""rampTrackingFilter1.leadMOrderLagCascade[37].leadLag.firstOrder.T"", ""witness"": ""rampTrackingFilter1.leadMOrderLagCascade[37].leadLag.firstOrder.T = 0"", ""witness_rationale"": ""set to zero"", ""denominator_at_witness"": 0.0, ""denominator_at_declared_values"": 1e-05, ""denominator_range"": ""[-inf, inf]"", ""path_condition"": ""always evaluated"", ""verdict"": ""SAT"", ""proof"": ""the division is not inside any branch"", ""constraints"": ""rampTrackingFilter1.leadMOrderLagCascade[37].leadLag.firstOrder.T: unbounded"", ""note"": ""a permitted assignment drives the complete denominator to zero and the division is still evaluated there""}",/data/mrumoca/eval/results/powergrids/findings.jsonl
powergrids,historical-static,PowerGrids.Controls.Test.TestRampTrackingFilter,73,divisor-reachable-zero,high,False,hold-needs-source-and-witness-review,"{""denominator"": ""rampTrackingFilter1.leadMOrderLagCascade[37].firstOrderCascade[1].firstOrder1.T"", ""witness"": ""rampTrackingFilter1.leadMOrderLagCascade[37].firstOrderCascade[1].firstOrder1.T = 0"", ""witness_rationale"": ""set to zero"", ""denominator_at_witness"": 0.0, ""denominator_at_declared_values"": 0.01, ""denominator_range"": ""[-inf, inf]"", ""path_condition"": ""always evaluated"", ""verdict"": ""SAT"", ""proof"": ""the division is not inside any branch"", ""constraints"": ""rampTrackingFilter1.leadMOrderLagCascade[37].firstOrderCascade[1].firstOrder1.T: unbounded"", ""note"": ""a permitted assignment drives the complete denominator to zero and the division is still evaluated there""}",/data/mrumoca/eval/results/powergrids/findings.jsonl
powergrids,historical-static,PowerGrids.Controls.Test.TestRampTrackingFilter,74,divisor-reachable-zero,high,False,hold-needs-source-and-witness-review,"{""denominator"": ""rampTrackingFilter1.leadMOrderLagCascade[38].leadLag.firstOrder.T"", ""witness"": ""rampTrackingFilter1.leadMOrderLagCascade[38].leadLag.firstOrder.T = 0"", ""witness_rationale"": ""set to zero"", ""denominator_at_witness"": 0.0, ""denominator_at_declared_values"": 1e-05, ""denominator_range"": ""[-inf, inf]"", ""path_condition"": ""always evaluated"", ""verdict"": ""SAT"", ""proof"": ""the division is not inside any branch"", ""constraints"": ""rampTrackingFilter1.leadMOrderLagCascade[38].leadLag.firstOrder.T: unbounded"", ""note"": ""a permitted assignment drives the complete denominator to zero and the division is still evaluated there""}",/data/mrumoca/eval/results/powergrids/findings.jsonl
powergrids,historical-static,PowerGrids.Controls.Test.TestRampTrackingFilter,75,divisor-reachable-zero,high,False,hold-needs-source-and-witness-review,"{""denominator"": ""rampTrackingFilter1.leadMOrderLagCascade[38].firstOrderCascade[1].firstOrder1.T"", ""witness"": ""rampTrackingFilter1.leadMOrderLagCascade[38].firstOrderCascade[1].firstOrder1.T = 0"", ""witness_rationale"": ""set to zero"", ""denominator_at_witness"": 0.0, ""denominator_at_declared_values"": 0.01, ""denominator_range"": ""[-inf, inf]"", ""path_condition"": ""always evaluated"", ""verdict"": ""SAT"", ""proof"": ""the division is not inside any branch"", ""constraints"": ""rampTrackingFilter1.leadMOrderLagCascade[38].firstOrderCascade[1].firstOrder1.T: unbounded"", ""note"": ""a permitted assignment drives the complete denominator to zero and the division is still evaluated there""}",/data/mrumoca/eval/results/powergrids/findings.jsonl
powergrids,historical-static,PowerGrids.Controls.Test.TestRampTrackingFilter,76,divisor-reachable-zero,high,False,hold-needs-source-and-witness-review,"{""denominator"": ""rampTrackingFilter1.leadMOrderLagCascade[39].leadLag.firstOrder.T"", ""witness"": ""rampTrackingFilter1.leadMOrderLagCascade[39].leadLag.firstOrder.T = 0"", ""witness_rationale"": ""set to zero"", ""denominator_at_witness"": 0.0, ""denominator_at_declared_values"": 1e-05, ""denominator_range"": ""[-inf, inf]"", ""path_condition"": ""always evaluated"", ""verdict"": ""SAT"", ""proof"": ""the division is not inside any branch"", ""constraints"": ""rampTrackingFilter1.leadMOrderLagCascade[39].leadLag.firstOrder.T: unbounded"", ""note"": ""a permitted assignment drives the complete denominator to zero and the division is still evaluated there""}",/data/mrumoca/eval/results/powergrids/findings.jsonl
powergrids,historical-static,PowerGrids.Controls.Test.TestRampTrackingFilter,77,divisor-reachable-zero,high,False,hold-needs-source-and-witness-review,"{""denominator"": ""rampTrackingFilter1.leadMOrderLagCascade[39].firstOrderCascade[1].firstOrder1.T"", ""witness"": ""rampTrackingFilter1.leadMOrderLagCascade[39].firstOrderCascade[1].firstOrder1.T = 0"", ""witness_rationale"": ""set to zero"", ""denominator_at_witness"": 0.0, ""denominator_at_declared_values"": 0.01, ""denominator_range"": ""[-inf, inf]"", ""path_condition"": ""always evaluated"", ""verdict"": ""SAT"", ""proof"": ""the division is not inside any branch"", ""constraints"": ""rampTrackingFilter1.leadMOrderLagCascade[39].firstOrderCascade[1].firstOrder1.T: unbounded"", ""note"": ""a permitted assignment drives the complete denominator to zero and the division is still evaluated there""}",/data/mrumoca/eval/results/powergrids/findings.jsonl
powergrids,historical-static,PowerGrids.Controls.Test.TestRampTrackingFilter,78,divisor-reachable-zero,high,False,hold-needs-source-and-witness-review,"{""denominator"": ""rampTrackingFilter1.leadMOrderLagCascade[40].leadLag.firstOrder.T"", ""witness"": ""rampTrackingFilter1.leadMOrderLagCascade[40].leadLag.firstOrder.T = 0"", ""witness_rationale"": ""set to zero"", ""denominator_at_witness"": 0.0, ""denominator_at_declared_values"": 1e-05, ""denominator_range"": ""[-inf, inf]"", ""path_condition"": ""always evaluated"", ""verdict"": ""SAT"", ""proof"": ""the division is not inside any branch"", ""constraints"": ""rampTrackingFilter1.leadMOrderLagCascade[40].leadLag.firstOrder.T: unbounded"", ""note"": ""a permitted assignment drives the complete denominator to zero and the division is still evaluated there""}",/data/mrumoca/eval/results/powergrids/findings.jsonl
powergrids,historical-static,PowerGrids.Controls.Test.TestRampTrackingFilter,79,divisor-reachable-zero,high,False,hold-needs-source-and-witness-review,"{""denominator"": ""rampTrackingFilter1.leadMOrderLagCascade[40].firstOrderCascade[1].firstOrder1.T"", ""witness"": ""rampTrackingFilter1.leadMOrderLagCascade[40].firstOrderCascade[1].firstOrder1.T = 0"", ""witness_rationale"": ""set to zero"", ""denominator_at_witness"": 0.0, ""denominator_at_declared_values"": 0.01, ""denominator_range"": ""[-inf, inf]"", ""path_condition"": ""always evaluated"", ""verdict"": ""SAT"", ""proof"": ""the division is not inside any branch"", ""constraints"": ""rampTrackingFilter1.leadMOrderLagCascade[40].firstOrderCascade[1].firstOrder1.T: unbounded"", ""note"": ""a permitted assignment drives the complete denominator to zero and the division is still evaluated there""}",/data/mrumoca/eval/results/powergrids/findings.jsonl
powergrids,historical-static,PowerGrids.Controls.Test.TestRampTrackingFilter,80,divisor-reachable-zero,high,False,hold-needs-source-and-witness-review,"{""denominator"": ""rampTrackingFilter1.leadMOrderLagCascade[41].leadLag.firstOrder.T"", ""witness"": ""rampTrackingFilter1.leadMOrderLagCascade[41].leadLag.firstOrder.T = 0"", ""witness_rationale"": ""set to zero"", ""denominator_at_witness"": 0.0, ""denominator_at_declared_values"": 1e-05, ""denominator_range"": ""[-inf, inf]"", ""path_condition"": ""always evaluated"", ""verdict"": ""SAT"", ""proof"": ""the division is not inside any branch"", ""constraints"": ""rampTrackingFilter1.leadMOrderLagCascade[41].leadLag.firstOrder.T: unbounded"", ""note"": ""a permitted assignment drives the complete denominator to zero and the division is still evaluated there""}",/data/mrumoca/eval/results/powergrids/findings.jsonl
powergrids,historical-static,PowerGrids.Controls.Test.TestRampTrackingFilter,81,divisor-reachable-zero,high,False,hold-needs-source-and-witness-review,"{""denominator"": ""rampTrackingFilter1.leadMOrderLagCascade[41].firstOrderCascade[1].firstOrder1.T"", ""witness"": ""rampTrackingFilter1.leadMOrderLagCascade[41].firstOrderCascade[1].firstOrder1.T = 0"", ""witness_rationale"": ""set to zero"", ""denominator_at_witness"": 0.0, ""denominator_at_declared_values"": 0.01, ""denominator_range"": ""[-inf, inf]"", ""path_condition"": ""always evaluated"", ""verdict"": ""SAT"", ""proof"": ""the division is not inside any branch"", ""constraints"": ""rampTrackingFilter1.leadMOrderLagCascade[41].firstOrderCascade[1].firstOrder1.T: unbounded"", ""note"": ""a permitted assignment drives the complete denominator to zero and the division is still evaluated there""}",/data/mrumoca/eval/results/powergrids/findings.jsonl
powergrids,historical-static,PowerGrids.Controls.Test.TestRampTrackingFilter,82,divisor-reachable-zero,high,False,hold-needs-source-and-witness-review,"{""denominator"": ""rampTrackingFilter1.leadMOrderLagCascade[42].leadLag.firstOrder.T"", ""witness"": ""rampTrackingFilter1.leadMOrderLagCascade[42].leadLag.firstOrder.T = 0"", ""witness_rationale"": ""set to zero"", ""denominator_at_witness"": 0.0, ""denominator_at_declared_values"": 1e-05, ""denominator_range"": ""[-inf, inf]"", ""path_condition"": ""always evaluated"", ""verdict"": ""SAT"", ""proof"": ""the division is not inside any branch"", ""constraints"": ""rampTrackingFilter1.leadMOrderLagCascade[42].leadLag.firstOrder.T: unbounded"", ""note"": ""a permitted assignment drives the complete denominator to zero and the division is still evaluated there""}",/data/mrumoca/eval/results/powergrids/findings.jsonl
powergrids,historical-static,PowerGrids.Controls.Test.TestRampTrackingFilter,83,divisor-reachable-zero,high,False,hold-needs-source-and-witness-review,"{""denominator"": ""rampTrackingFilter1.leadMOrderLagCascade[42].firstOrderCascade[1].firstOrder1.T"", ""witness"": ""rampTrackingFilter1.leadMOrderLagCascade[42].firstOrderCascade[1].firstOrder1.T = 0"", ""witness_rationale"": ""set to zero"", ""denominator_at_witness"": 0.0, ""denominator_at_declared_values"": 0.01, ""denominator_range"": ""[-inf, inf]"", ""path_condition"": ""always evaluated"", ""verdict"": ""SAT"", ""proof"": ""the division is not inside any branch"", ""constraints"": ""rampTrackingFilter1.leadMOrderLagCascade[42].firstOrderCascade[1].firstOrder1.T: unbounded"", ""note"": ""a permitted assignment drives the complete denominator to zero and the division is still evaluated there""}",/data/mrumoca/eval/results/powergrids/findings.jsonl
powergrids,historical-static,PowerGrids.Controls.Test.TestRampTrackingFilter,84,divisor-reachable-zero,high,False,hold-needs-source-and-witness-review,"{""denominator"": ""rampTrackingFilter1.leadMOrderLagCascade[43].leadLag.firstOrder.T"", ""witness"": ""rampTrackingFilter1.leadMOrderLagCascade[43].leadLag.firstOrder.T = 0"", ""witness_rationale"": ""set to zero"", ""denominator_at_witness"": 0.0, ""denominator_at_declared_values"": 1e-05, ""denominator_range"": ""[-inf, inf]"", ""path_condition"": ""always evaluated"", ""verdict"": ""SAT"", ""proof"": ""the division is not inside any branch"", ""constraints"": ""rampTrackingFilter1.leadMOrderLagCascade[43].leadLag.firstOrder.T: unbounded"", ""note"": ""a permitted assignment drives the complete denominator to zero and the division is still evaluated there""}",/data/mrumoca/eval/results/powergrids/findings.jsonl
powergrids,historical-static,PowerGrids.Controls.Test.TestRampTrackingFilter,85,divisor-reachable-zero,high,False,hold-needs-source-and-witness-review,"{""denominator"": ""rampTrackingFilter1.leadMOrderLagCascade[43].firstOrderCascade[1].firstOrder1.T"", ""witness"": ""rampTrackingFilter1.leadMOrderLagCascade[43].firstOrderCascade[1].firstOrder1.T = 0"", ""witness_rationale"": ""set to zero"", ""denominator_at_witness"": 0.0, ""denominator_at_declared_values"": 0.01, ""denominator_range"": ""[-inf, inf]"", ""path_condition"": ""always evaluated"", ""verdict"": ""SAT"", ""proof"": ""the division is not inside any branch"", ""constraints"": ""rampTrackingFilter1.leadMOrderLagCascade[43].firstOrderCascade[1].firstOrder1.T: unbounded"", ""note"": ""a permitted assignment drives the complete denominator to zero and the division is still evaluated there""}",/data/mrumoca/eval/results/powergrids/findings.jsonl
powergrids,historical-static,PowerGrids.Controls.Test.TestRampTrackingFilter,86,divisor-reachable-zero,high,False,hold-needs-source-and-witness-review,"{""denominator"": ""rampTrackingFilter1.leadMOrderLagCascade[44].leadLag.firstOrder.T"", ""witness"": ""rampTrackingFilter1.leadMOrderLagCascade[44].leadLag.firstOrder.T = 0"", ""witness_rationale"": ""set to zero"", ""denominator_at_witness"": 0.0, ""denominator_at_declared_values"": 1e-05, ""denominator_range"": ""[-inf, inf]"", ""path_condition"": ""always evaluated"", ""verdict"": ""SAT"", ""proof"": ""the division is not inside any branch"", ""constraints"": ""rampTrackingFilter1.leadMOrderLagCascade[44].leadLag.firstOrder.T: unbounded"", ""note"": ""a permitted assignment drives the complete denominator to zero and the division is still evaluated there""}",/data/mrumoca/eval/results/powergrids/findings.jsonl
powergrids,historical-static,PowerGrids.Controls.Test.TestRampTrackingFilter,87,divisor-reachable-zero,high,False,hold-needs-source-and-witness-review,"{""denominator"": ""rampTrackingFilter1.leadMOrderLagCascade[44].firstOrderCascade[1].firstOrder1.T"", ""witness"": ""rampTrackingFilter1.leadMOrderLagCascade[44].firstOrderCascade[1].firstOrder1.T = 0"", ""witness_rationale"": ""set to zero"", ""denominator_at_witness"": 0.0, ""denominator_at_declared_values"": 0.01, ""denominator_range"": ""[-inf, inf]"", ""path_condition"": ""always evaluated"", ""verdict"": ""SAT"", ""proof"": ""the division is not inside any branch"", ""constraints"": ""rampTrackingFilter1.leadMOrderLagCascade[44].firstOrderCascade[1].firstOrder1.T: unbounded"", ""note"": ""a permitted assignment drives the complete denominator to zero and the division is still evaluated there""}",/data/mrumoca/eval/results/powergrids/findings.jsonl
powergrids,historical-static,PowerGrids.Controls.Test.TestRampTrackingFilter,88,divisor-reachable-zero,high,False,hold-needs-source-and-witness-review,"{""denominator"": ""rampTrackingFilter1.leadMOrderLagCascade[45].leadLag.firstOrder.T"", ""witness"": ""rampTrackingFilter1.leadMOrderLagCascade[45].leadLag.firstOrder.T = 0"", ""witness_rationale"": ""set to zero"", ""denominator_at_witness"": 0.0, ""denominator_at_declared_values"": 1e-05, ""denominator_range"": ""[-inf, inf]"", ""path_condition"": ""always evaluated"", ""verdict"": ""SAT"", ""proof"": ""the division is not inside any branch"", ""constraints"": ""rampTrackingFilter1.leadMOrderLagCascade[45].leadLag.firstOrder.T: unbounded"", ""note"": ""a permitted assignment drives the complete denominator to zero and the division is still evaluated there""}",/data/mrumoca/eval/results/powergrids/findings.jsonl
powergrids,historical-static,PowerGrids.Controls.Test.TestRampTrackingFilter,89,divisor-reachable-zero,high,False,hold-needs-source-and-witness-review,"{""denominator"": ""rampTrackingFilter1.leadMOrderLagCascade[45].firstOrderCascade[1].firstOrder1.T"", ""witness"": ""rampTrackingFilter1.leadMOrderLagCascade[45].firstOrderCascade[1].firstOrder1.T = 0"", ""witness_rationale"": ""set to zero"", ""denominator_at_witness"": 0.0, ""denominator_at_declared_values"": 0.01, ""denominator_range"": ""[-inf, inf]"", ""path_condition"": ""always evaluated"", ""verdict"": ""SAT"", ""proof"": ""the division is not inside any branch"", ""constraints"": ""rampTrackingFilter1.leadMOrderLagCascade[45].firstOrderCascade[1].firstOrder1.T: unbounded"", ""note"": ""a permitted assignment drives the complete denominator to zero and the division is still evaluated there""}",/data/mrumoca/eval/results/powergrids/findings.jsonl
powergrids,historical-static,PowerGrids.Controls.Test.TestRampTrackingFilter,90,divisor-reachable-zero,high,False,hold-needs-source-and-witness-review,"{""denominator"": ""rampTrackingFilter1.leadMOrderLagCascade[46].leadLag.firstOrder.T"", ""witness"": ""rampTrackingFilter1.leadMOrderLagCascade[46].leadLag.firstOrder.T = 0"", ""witness_rationale"": ""set to zero"", ""denominator_at_witness"": 0.0, ""denominator_at_declared_values"": 1e-05, ""denominator_range"": ""[-inf, inf]"", ""path_condition"": ""always evaluated"", ""verdict"": ""SAT"", ""proof"": ""the division is not inside any branch"", ""constraints"": ""rampTrackingFilter1.leadMOrderLagCascade[46].leadLag.firstOrder.T: unbounded"", ""note"": ""a permitted assignment drives the complete denominator to zero and the division is still evaluated there""}",/data/mrumoca/eval/results/powergrids/findings.jsonl
powergrids,historical-static,PowerGrids.Controls.Test.TestRampTrackingFilter,91,divisor-reachable-zero,high,False,hold-needs-source-and-witness-review,"{""denominator"": ""rampTrackingFilter1.leadMOrderLagCascade[46].firstOrderCascade[1].firstOrder1.T"", ""witness"": ""rampTrackingFilter1.leadMOrderLagCascade[46].firstOrderCascade[1].firstOrder1.T = 0"", ""witness_rationale"": ""set to zero"", ""denominator_at_witness"": 0.0, ""denominator_at_declared_values"": 0.01, ""denominator_range"": ""[-inf, inf]"", ""path_condition"": ""always evaluated"", ""verdict"": ""SAT"", ""proof"": ""the division is not inside any branch"", ""constraints"": ""rampTrackingFilter1.leadMOrderLagCascade[46].firstOrderCascade[1].firstOrder1.T: unbounded"", ""note"": ""a permitted assignment drives the complete denominator to zero and the division is still evaluated there""}",/data/mrumoca/eval/results/powergrids/findings.jsonl
powergrids,historical-static,PowerGrids.Controls.Test.TestRampTrackingFilter,92,divisor-reachable-zero,high,False,hold-needs-source-and-witness-review,"{""denominator"": ""rampTrackingFilter1.leadMOrderLagCascade[47].leadLag.firstOrder.T"", ""witness"": ""rampTrackingFilter1.leadMOrderLagCascade[47].leadLag.firstOrder.T = 0"", ""witness_rationale"": ""set to zero"", ""denominator_at_witness"": 0.0, ""denominator_at_declared_values"": 1e-05, ""denominator_range"": ""[-inf, inf]"", ""path_condition"": ""always evaluated"", ""verdict"": ""SAT"", ""proof"": ""the division is not inside any branch"", ""constraints"": ""rampTrackingFilter1.leadMOrderLagCascade[47].leadLag.firstOrder.T: unbounded"", ""note"": ""a permitted assignment drives the complete denominator to zero and the division is still evaluated there""}",/data/mrumoca/eval/results/powergrids/findings.jsonl
powergrids,historical-static,PowerGrids.Controls.Test.TestRampTrackingFilter,93,divisor-reachable-zero,high,False,hold-needs-source-and-witness-review,"{""denominator"": ""rampTrackingFilter1.leadMOrderLagCascade[47].firstOrderCascade[1].firstOrder1.T"", ""witness"": ""rampTrackingFilter1.leadMOrderLagCascade[47].firstOrderCascade[1].firstOrder1.T = 0"", ""witness_rationale"": ""set to zero"", ""denominator_at_witness"": 0.0, ""denominator_at_declared_values"": 0.01, ""denominator_range"": ""[-inf, inf]"", ""path_condition"": ""always evaluated"", ""verdict"": ""SAT"", ""proof"": ""the division is not inside any branch"", ""constraints"": ""rampTrackingFilter1.leadMOrderLagCascade[47].firstOrderCascade[1].firstOrder1.T: unbounded"", ""note"": ""a permitted assignment drives the complete denominator to zero and the division is still evaluated there""}",/data/mrumoca/eval/results/powergrids/findings.jsonl
powergrids,historical-static,PowerGrids.Controls.Test.TestRampTrackingFilter,94,divisor-reachable-zero,high,False,hold-needs-source-and-witness-review,"{""denominator"": ""rampTrackingFilter1.leadMOrderLagCascade[48].leadLag.firstOrder.T"", ""witness"": ""rampTrackingFilter1.leadMOrderLagCascade[48].leadLag.firstOrder.T = 0"", ""witness_rationale"": ""set to zero"", ""denominator_at_witness"": 0.0, ""denominator_at_declared_values"": 1e-05, ""denominator_range"": ""[-inf, inf]"", ""path_condition"": ""always evaluated"", ""verdict"": ""SAT"", ""proof"": ""the division is not inside any branch"", ""constraints"": ""rampTrackingFilter1.leadMOrderLagCascade[48].leadLag.firstOrder.T: unbounded"", ""note"": ""a permitted assignment drives the complete denominator to zero and the division is still evaluated there""}",/data/mrumoca/eval/results/powergrids/findings.jsonl
powergrids,historical-static,PowerGrids.Controls.Test.TestRampTrackingFilter,95,divisor-reachable-zero,high,False,hold-needs-source-and-witness-review,"{""denominator"": ""rampTrackingFilter1.leadMOrderLagCascade[48].firstOrderCascade[1].firstOrder1.T"", ""witness"": ""rampTrackingFilter1.leadMOrderLagCascade[48].firstOrderCascade[1].firstOrder1.T = 0"", ""witness_rationale"": ""set to zero"", ""denominator_at_witness"": 0.0, ""denominator_at_declared_values"": 0.01, ""denominator_range"": ""[-inf, inf]"", ""path_condition"": ""always evaluated"", ""verdict"": ""SAT"", ""proof"": ""the division is not inside any branch"", ""constraints"": ""rampTrackingFilter1.leadMOrderLagCascade[48].firstOrderCascade[1].firstOrder1.T: unbounded"", ""note"": ""a permitted assignment drives the complete denominator to zero and the division is still evaluated there""}",/data/mrumoca/eval/results/powergrids/findings.jsonl
powergrids,historical-static,PowerGrids.Controls.Test.TestRampTrackingFilter,96,divisor-reachable-zero,high,False,hold-needs-source-and-witness-review,"{""denominator"": ""rampTrackingFilter1.leadMOrderLagCascade[49].leadLag.firstOrder.T"", ""witness"": ""rampTrackingFilter1.leadMOrderLagCascade[49].leadLag.firstOrder.T = 0"", ""witness_rationale"": ""set to zero"", ""denominator_at_witness"": 0.0, ""denominator_at_declared_values"": 1e-05, ""denominator_range"": ""[-inf, inf]"", ""path_condition"": ""always evaluated"", ""verdict"": ""SAT"", ""proof"": ""the division is not inside any branch"", ""constraints"": ""rampTrackingFilter1.leadMOrderLagCascade[49].leadLag.firstOrder.T: unbounded"", ""note"": ""a permitted assignment drives the complete denominator to zero and the division is still evaluated there""}",/data/mrumoca/eval/results/powergrids/findings.jsonl
powergrids,historical-static,PowerGrids.Controls.Test.TestRampTrackingFilter,97,divisor-reachable-zero,high,False,hold-needs-source-and-witness-review,"{""denominator"": ""rampTrackingFilter1.leadMOrderLagCascade[49].firstOrderCascade[1].firstOrder1.T"", ""witness"": ""rampTrackingFilter1.leadMOrderLagCascade[49].firstOrderCascade[1].firstOrder1.T = 0"", ""witness_rationale"": ""set to zero"", ""denominator_at_witness"": 0.0, ""denominator_at_declared_values"": 0.01, ""denominator_range"": ""[-inf, inf]"", ""path_condition"": ""always evaluated"", ""verdict"": ""SAT"", ""proof"": ""the division is not inside any branch"", ""constraints"": ""rampTrackingFilter1.leadMOrderLagCascade[49].firstOrderCascade[1].firstOrder1.T: unbounded"", ""note"": ""a permitted assignment drives the complete denominator to zero and the division is still evaluated there""}",/data/mrumoca/eval/results/powergrids/findings.jsonl
powergrids,historical-static,PowerGrids.Controls.Test.TestRampTrackingFilter,98,divisor-reachable-zero,high,False,hold-needs-source-and-witness-review,"{""denominator"": ""rampTrackingFilter1.leadMOrderLagCascade[50].leadLag.firstOrder.T"", ""witness"": ""rampTrackingFilter1.leadMOrderLagCascade[50].leadLag.firstOrder.T = 0"", ""witness_rationale"": ""set to zero"", ""denominator_at_witness"": 0.0, ""denominator_at_declared_values"": 1e-05, ""denominator_range"": ""[-inf, inf]"", ""path_condition"": ""always evaluated"", ""verdict"": ""SAT"", ""proof"": ""the division is not inside any branch"", ""constraints"": ""rampTrackingFilter1.leadMOrderLagCascade[50].leadLag.firstOrder.T: unbounded"", ""note"": ""a permitted assignment drives the complete denominator to zero and the division is still evaluated there""}",/data/mrumoca/eval/results/powergrids/findings.jsonl
powergrids,historical-static,PowerGrids.Controls.Test.TestRampTrackingFilter,99,divisor-reachable-zero,high,False,hold-needs-source-and-witness-review,"{""denominator"": ""rampTrackingFilter1.leadMOrderLagCascade[50].firstOrderCascade[1].firstOrder1.T"", ""witness"": ""rampTrackingFilter1.leadMOrderLagCascade[50].firstOrderCascade[1].firstOrder1.T = 0"", ""witness_rationale"": ""set to zero"", ""denominator_at_witness"": 0.0, ""denominator_at_declared_values"": 0.01, ""denominator_range"": ""[-inf, inf]"", ""path_condition"": ""always evaluated"", ""verdict"": ""SAT"", ""proof"": ""the division is not inside any branch"", ""constraints"": ""rampTrackingFilter1.leadMOrderLagCascade[50].firstOrderCascade[1].firstOrder1.T: unbounded"", ""note"": ""a permitted assignment drives the complete denominator to zero and the division is still evaluated there""}",/data/mrumoca/eval/results/powergrids/findings.jsonl
powergrids,historical-static,PowerGrids.Controls.Test.TestRampTrackingFilter,100,divisor-reachable-zero,high,False,hold-needs-source-and-witness-review,"{""denominator"": ""rampTrackingFilter2.leadMOrderLagCascade[1].leadLag.firstOrder.T"", ""witness"": ""rampTrackingFilter2.leadMOrderLagCascade[1].leadLag.firstOrder.T = 0"", ""witness_rationale"": ""set to zero"", ""denominator_at_witness"": 0.0, ""denominator_at_declared_values"": 2.0, ""denominator_range"": ""[-inf, inf]"", ""path_condition"": ""always evaluated"", ""verdict"": ""SAT"", ""proof"": ""the division is not inside any branch"", ""constraints"": ""rampTrackingFilter2.leadMOrderLagCascade[1].leadLag.firstOrder.T: unbounded"", ""note"": ""a permitted assignment drives the complete denominator to zero and the division is still evaluated there""}",/data/mrumoca/eval/results/powergrids/findings.jsonl
powergrids,historical-static,PowerGrids.Controls.Test.TestRampTrackingFilter,101,divisor-guarded-by-assertion,low,False,hold-needs-source-and-witness-review,"{""denominator"": ""rampTrackingFilter1.leadMOrderLagCascade[1].leadLag.T2"", ""witness"": ""none needed"", ""witness_rationale"": ""the denominator is zero as declared"", ""denominator_at_witness"": 0.0, ""denominator_at_declared_values"": 0.01, ""denominator_range"": """", ""path_condition"": ""not (rampTrackingFilter1.leadMOrderLagCascade[1].leadLag.noDynamics)"", ""verdict"": ""UNSAT"", ""proof"": ""the model asserts this denominator is bounded away from zero, so zero is outside its declared domain"", ""constraints"": """", ""note"": ""reported so the guard can be seen and challenged, not as a defect; zero is outside the domain this division is evaluated in""}",/data/mrumoca/eval/results/powergrids/findings.jsonl
powergrids,historical-static,PowerGrids.Controls.Test.TestRampTrackingFilter,102,divisor-reachable-zero,high,False,hold-needs-source-and-witness-review,"{""denominator"": ""(rampTrackingFilter1.leadMOrderLagCascade[1].leadLag.k * rampTrackingFilter1.leadMOrderLagCascade[1].leadLag.T1)"", ""witness"": ""rampTrackingFilter1.leadMOrderLagCascade[1].leadLag.k = 0"", ""witness_rationale"": ""set to zero"", ""denominator_at_witness"": 0.0, ""denominator_at_declared_values"": 1e-05, ""denominator_range"": ""[-inf, inf]"", ""path_condition"": ""always evaluated"", ""verdict"": ""SAT"", ""proof"": ""the division is not inside any branch"", ""constraints"": ""rampTrackingFilter1.leadMOrderLagCascade[1].leadLag.k: unbounded"", ""note"": ""a permitted assignment drives the complete denominator to zero and the division is still evaluated there""}",/data/mrumoca/eval/results/powergrids/findings.jsonl
powergrids,historical-static,PowerGrids.Controls.Test.TestRampTrackingFilter,103,divisor-reachable-zero,high,False,hold-needs-source-and-witness-review,"{""denominator"": ""(rampTrackingFilter1.leadMOrderLagCascade[1].leadLag.k * rampTrackingFilter1.leadMOrderLagCascade[1].leadLag.T1)"", ""witness"": ""rampTrackingFilter1.leadMOrderLagCascade[1].leadLag.k = 0"", ""witness_rationale"": ""set to zero"", ""denominator_at_witness"": 0.0, ""denominator_at_declared_values"": 1e-05, ""denominator_range"": ""[-inf, inf]"", ""path_condition"": ""always evaluated"", ""verdict"": ""SAT"", ""proof"": ""the division is not inside any branch"", ""constraints"": ""rampTrackingFilter1.leadMOrderLagCascade[1].leadLag.k: unbounded"", ""note"": ""a permitted assignment drives the complete denominator to zero and the division is still evaluated there""}",/data/mrumoca/eval/results/powergrids/findings.jsonl
powergrids,historical-static,PowerGrids.Controls.Test.TestRampTrackingFilter,104,divisor-guarded-by-assertion,low,False,hold-needs-source-and-witness-review,"{""denominator"": ""rampTrackingFilter1.leadMOrderLagCascade[2].leadLag.T2"", ""witness"": ""none needed"", ""witness_rationale"": ""the denominator is zero as declared"", ""denominator_at_witness"": 0.0, ""denominator_at_declared_values"": 0.01, ""denominator_range"": """", ""path_condition"": ""not (rampTrackingFilter1.leadMOrderLagCascade[2].leadLag.noDynamics)"", ""verdict"": ""UNSAT"", ""proof"": ""the model asserts this denominator is bounded away from zero, so zero is outside its declared domain"", ""constraints"": """", ""note"": ""reported so the guard can be seen and challenged, not as a defect; zero is outside the domain this division is evaluated in""}",/data/mrumoca/eval/results/powergrids/findings.jsonl
powergrids,historical-static,PowerGrids.Controls.Test.TestRampTrackingFilter,105,divisor-reachable-zero,high,False,hold-needs-source-and-witness-review,"{""denominator"": ""(rampTrackingFilter1.leadMOrderLagCascade[2].leadLag.k * rampTrackingFilter1.leadMOrderLagCascade[2].leadLag.T1)"", ""witness"": ""rampTrackingFilter1.leadMOrderLagCascade[2].leadLag.k = 0"", ""witness_rationale"": ""set to zero"", ""denominator_at_witness"": 0.0, ""denominator_at_declared_values"": 1e-05, ""denominator_range"": ""[-inf, inf]"", ""path_condition"": ""always evaluated"", ""verdict"": ""SAT"", ""proof"": ""the division is not inside any branch"", ""constraints"": ""rampTrackingFilter1.leadMOrderLagCascade[2].leadLag.k: unbounded"", ""note"": ""a permitted assignment drives the complete denominator to zero and the division is still evaluated there""}",/data/mrumoca/eval/results/powergrids/findings.jsonl
powergrids,historical-static,PowerGrids.Controls.Test.TestRampTrackingFilter,106,divisor-reachable-zero,high,False,hold-needs-source-and-witness-review,"{""denominator"": ""(rampTrackingFilter1.leadMOrderLagCascade[2].leadLag.k * rampTrackingFilter1.leadMOrderLagCascade[2].leadLag.T1)"", ""witness"": ""rampTrackingFilter1.leadMOrderLagCascade[2].leadLag.k = 0"", ""witness_rationale"": ""set to zero"", ""denominator_at_witness"": 0.0, ""denominator_at_declared_values"": 1e-05, ""denominator_range"": ""[-inf, inf]"", ""path_condition"": ""always evaluated"", ""verdict"": ""SAT"", ""proof"": ""the division is not inside any branch"", ""constraints"": ""rampTrackingFilter1.leadMOrderLagCascade[2].leadLag.k: unbounded"", ""note"": ""a permitted assignment drives the complete denominator to zero and the division is still evaluated there""}",/data/mrumoca/eval/results/powergrids/findings.jsonl
powergrids,historical-static,PowerGrids.Controls.Test.TestRampTrackingFilter,107,divisor-guarded-by-assertion,low,False,hold-needs-source-and-witness-review,"{""denominator"": ""rampTrackingFilter1.leadMOrderLagCascade[3].leadLag.T2"", ""witness"": ""none needed"", ""witness_rationale"": ""the denominator is zero as declared"", ""denominator_at_witness"": 0.0, ""denominator_at_declared_values"": 0.01, ""denominator_range"": """", ""path_condition"": ""not (rampTrackingFilter1.leadMOrderLagCascade[3].leadLag.noDynamics)"", ""verdict"": ""UNSAT"", ""proof"": ""the model asserts this denominator is bounded away from zero, so zero is outside its declared domain"", ""constraints"": """", ""note"": ""reported so the guard can be seen and challenged, not as a defect; zero is outside the domain this division is evaluated in""}",/data/mrumoca/eval/results/powergrids/findings.jsonl
powergrids,historical-static,PowerGrids.Controls.Test.TestRampTrackingFilter,108,divisor-reachable-zero,high,False,hold-needs-source-and-witness-review,"{""denominator"": ""(rampTrackingFilter1.leadMOrderLagCascade[3].leadLag.k * rampTrackingFilter1.leadMOrderLagCascade[3].leadLag.T1)"", ""witness"": ""rampTrackingFilter1.leadMOrderLagCascade[3].leadLag.k = 0"", ""witness_rationale"": ""set to zero"", ""denominator_at_witness"": 0.0, ""denominator_at_declared_values"": 1e-05, ""denominator_range"": ""[-inf, inf]"", ""path_condition"": ""always evaluated"", ""verdict"": ""SAT"", ""proof"": ""the division is not inside any branch"", ""constraints"": ""rampTrackingFilter1.leadMOrderLagCascade[3].leadLag.k: unbounded"", ""note"": ""a permitted assignment drives the complete denominator to zero and the division is still evaluated there""}",/data/mrumoca/eval/results/powergrids/findings.jsonl
powergrids,historical-static,PowerGrids.Controls.Test.TestRampTrackingFilter,109,divisor-reachable-zero,high,False,hold-needs-source-and-witness-review,"{""denominator"": ""(rampTrackingFilter1.leadMOrderLagCascade[3].leadLag.k * rampTrackingFilter1.leadMOrderLagCascade[3].leadLag.T1)"", ""witness"": ""rampTrackingFilter1.leadMOrderLagCascade[3].leadLag.k = 0"", ""witness_rationale"": ""set to zero"", ""denominator_at_witness"": 0.0, ""denominator_at_declared_values"": 1e-05, ""denominator_range"": ""[-inf, inf]"", ""path_condition"": ""always evaluated"", ""verdict"": ""SAT"", ""proof"": ""the division is not inside any branch"", ""constraints"": ""rampTrackingFilter1.leadMOrderLagCascade[3].leadLag.k: unbounded"", ""note"": ""a permitted assignment drives the complete denominator to zero and the division is still evaluated there""}",/data/mrumoca/eval/results/powergrids/findings.jsonl
powergrids,historical-static,PowerGrids.Controls.Test.TestRampTrackingFilter,110,divisor-guarded-by-assertion,low,False,hold-needs-source-and-witness-review,"{""denominator"": ""rampTrackingFilter1.leadMOrderLagCascade[4].leadLag.T2"", ""witness"": ""none needed"", ""witness_rationale"": ""the denominator is zero as declared"", ""denominator_at_witness"": 0.0, ""denominator_at_declared_values"": 0.01, ""denominator_range"": """", ""path_condition"": ""not (rampTrackingFilter1.leadMOrderLagCascade[4].leadLag.noDynamics)"", ""verdict"": ""UNSAT"", ""proof"": ""the model asserts this denominator is bounded away from zero, so zero is outside its declared domain"", ""constraints"": """", ""note"": ""reported so the guard can be seen and challenged, not as a defect; zero is outside the domain this division is evaluated in""}",/data/mrumoca/eval/results/powergrids/findings.jsonl
powergrids,historical-static,PowerGrids.Controls.Test.TestRampTrackingFilter,111,divisor-reachable-zero,high,False,hold-needs-source-and-witness-review,"{""denominator"": ""(rampTrackingFilter1.leadMOrderLagCascade[4].leadLag.k * rampTrackingFilter1.leadMOrderLagCascade[4].leadLag.T1)"", ""witness"": ""rampTrackingFilter1.leadMOrderLagCascade[4].leadLag.k = 0"", ""witness_rationale"": ""set to zero"", ""denominator_at_witness"": 0.0, ""denominator_at_declared_values"": 1e-05, ""denominator_range"": ""[-inf, inf]"", ""path_condition"": ""always evaluated"", ""verdict"": ""SAT"", ""proof"": ""the division is not inside any branch"", ""constraints"": ""rampTrackingFilter1.leadMOrderLagCascade[4].leadLag.k: unbounded"", ""note"": ""a permitted assignment drives the complete denominator to zero and the division is still evaluated there""}",/data/mrumoca/eval/results/powergrids/findings.jsonl
powergrids,historical-static,PowerGrids.Controls.Test.TestRampTrackingFilter,112,divisor-reachable-zero,high,False,hold-needs-source-and-witness-review,"{""denominator"": ""(rampTrackingFilter1.leadMOrderLagCascade[4].leadLag.k * rampTrackingFilter1.leadMOrderLagCascade[4].leadLag.T1)"", ""witness"": ""rampTrackingFilter1.leadMOrderLagCascade[4].leadLag.k = 0"", ""witness_rationale"": ""set to zero"", ""denominator_at_witness"": 0.0, ""denominator_at_declared_values"": 1e-05, ""denominator_range"": ""[-inf, inf]"", ""path_condition"": ""always evaluated"", ""verdict"": ""SAT"", ""proof"": ""the division is not inside any branch"", ""constraints"": ""rampTrackingFilter1.leadMOrderLagCascade[4].leadLag.k: unbounded"", ""note"": ""a permitted assignment drives the complete denominator to zero and the division is still evaluated there""}",/data/mrumoca/eval/results/powergrids/findings.jsonl
powergrids,historical-static,PowerGrids.Controls.Test.TestRampTrackingFilter,113,divisor-guarded-by-assertion,low,False,hold-needs-source-and-witness-review,"{""denominator"": ""rampTrackingFilter1.leadMOrderLagCascade[5].leadLag.T2"", ""witness"": ""none needed"", ""witness_rationale"": ""the denominator is zero as declared"", ""denominator_at_witness"": 0.0, ""denominator_at_declared_values"": 0.01, ""denominator_range"": """", ""path_condition"": ""not (rampTrackingFilter1.leadMOrderLagCascade[5].leadLag.noDynamics)"", ""verdict"": ""UNSAT"", ""proof"": ""the model asserts this denominator is bounded away from zero, so zero is outside its declared domain"", ""constraints"": """", ""note"": ""reported so the guard can be seen and challenged, not as a defect; zero is outside the domain this division is evaluated in""}",/data/mrumoca/eval/results/powergrids/findings.jsonl
powergrids,historical-static,PowerGrids.Controls.Test.TestRampTrackingFilter,114,divisor-reachable-zero,high,False,hold-needs-source-and-witness-review,"{""denominator"": ""(rampTrackingFilter1.leadMOrderLagCascade[5].leadLag.k * rampTrackingFilter1.leadMOrderLagCascade[5].leadLag.T1)"", ""witness"": ""rampTrackingFilter1.leadMOrderLagCascade[5].leadLag.k = 0"", ""witness_rationale"": ""set to zero"", ""denominator_at_witness"": 0.0, ""denominator_at_declared_values"": 1e-05, ""denominator_range"": ""[-inf, inf]"", ""path_condition"": ""always evaluated"", ""verdict"": ""SAT"", ""proof"": ""the division is not inside any branch"", ""constraints"": ""rampTrackingFilter1.leadMOrderLagCascade[5].leadLag.k: unbounded"", ""note"": ""a permitted assignment drives the complete denominator to zero and the division is still evaluated there""}",/data/mrumoca/eval/results/powergrids/findings.jsonl
powergrids,historical-static,PowerGrids.Controls.Test.TestRampTrackingFilter,115,divisor-reachable-zero,high,False,hold-needs-source-and-witness-review,"{""denominator"": ""(rampTrackingFilter1.leadMOrderLagCascade[5].leadLag.k * rampTrackingFilter1.leadMOrderLagCascade[5].leadLag.T1)"", ""witness"": ""rampTrackingFilter1.leadMOrderLagCascade[5].leadLag.k = 0"", ""witness_rationale"": ""set to zero"", ""denominator_at_witness"": 0.0, ""denominator_at_declared_values"": 1e-05, ""denominator_range"": ""[-inf, inf]"", ""path_condition"": ""always evaluated"", ""verdict"": ""SAT"", ""proof"": ""the division is not inside any branch"", ""constraints"": ""rampTrackingFilter1.leadMOrderLagCascade[5].leadLag.k: unbounded"", ""note"": ""a permitted assignment drives the complete denominator to zero and the division is still evaluated there""}",/data/mrumoca/eval/results/powergrids/findings.jsonl
powergrids,historical-static,PowerGrids.Controls.Test.TestRampTrackingFilter,116,divisor-guarded-by-assertion,low,False,hold-needs-source-and-witness-review,"{""denominator"": ""rampTrackingFilter1.leadMOrderLagCascade[6].leadLag.T2"", ""witness"": ""none needed"", ""witness_rationale"": ""the denominator is zero as declared"", ""denominator_at_witness"": 0.0, ""denominator_at_declared_values"": 0.01, ""denominator_range"": """", ""path_condition"": ""not (rampTrackingFilter1.leadMOrderLagCascade[6].leadLag.noDynamics)"", ""verdict"": ""UNSAT"", ""proof"": ""the model asserts this denominator is bounded away from zero, so zero is outside its declared domain"", ""constraints"": """", ""note"": ""reported so the guard can be seen and challenged, not as a defect; zero is outside the domain this division is evaluated in""}",/data/mrumoca/eval/results/powergrids/findings.jsonl
powergrids,historical-static,PowerGrids.Controls.Test.TestRampTrackingFilter,117,divisor-reachable-zero,high,False,hold-needs-source-and-witness-review,"{""denominator"": ""(rampTrackingFilter1.leadMOrderLagCascade[6].leadLag.k * rampTrackingFilter1.leadMOrderLagCascade[6].leadLag.T1)"", ""witness"": ""rampTrackingFilter1.leadMOrderLagCascade[6].leadLag.k = 0"", ""witness_rationale"": ""set to zero"", ""denominator_at_witness"": 0.0, ""denominator_at_declared_values"": 1e-05, ""denominator_range"": ""[-inf, inf]"", ""path_condition"": ""always evaluated"", ""verdict"": ""SAT"", ""proof"": ""the division is not inside any branch"", ""constraints"": ""rampTrackingFilter1.leadMOrderLagCascade[6].leadLag.k: unbounded"", ""note"": ""a permitted assignment drives the complete denominator to zero and the division is still evaluated there""}",/data/mrumoca/eval/results/powergrids/findings.jsonl
powergrids,historical-static,PowerGrids.Controls.Test.TestRampTrackingFilter,118,divisor-reachable-zero,high,False,hold-needs-source-and-witness-review,"{""denominator"": ""(rampTrackingFilter1.leadMOrderLagCascade[6].leadLag.k * rampTrackingFilter1.leadMOrderLagCascade[6].leadLag.T1)"", ""witness"": ""rampTrackingFilter1.leadMOrderLagCascade[6].leadLag.k = 0"", ""witness_rationale"": ""set to zero"", ""denominator_at_witness"": 0.0, ""denominator_at_declared_values"": 1e-05, ""denominator_range"": ""[-inf, inf]"", ""path_condition"": ""always evaluated"", ""verdict"": ""SAT"", ""proof"": ""the division is not inside any branch"", ""constraints"": ""rampTrackingFilter1.leadMOrderLagCascade[6].leadLag.k: unbounded"", ""note"": ""a permitted assignment drives the complete denominator to zero and the division is still evaluated there""}",/data/mrumoca/eval/results/powergrids/findings.jsonl
powergrids,historical-static,PowerGrids.Controls.Test.TestRampTrackingFilter,119,divisor-guarded-by-assertion,low,False,hold-needs-source-and-witness-review,"{""denominator"": ""rampTrackingFilter1.leadMOrderLagCascade[7].leadLag.T2"", ""witness"": ""none needed"", ""witness_rationale"": ""the denominator is zero as declared"", ""denominator_at_witness"": 0.0, ""denominator_at_declared_values"": 0.01, ""denominator_range"": """", ""path_condition"": ""not (rampTrackingFilter1.leadMOrderLagCascade[7].leadLag.noDynamics)"", ""verdict"": ""UNSAT"", ""proof"": ""the model asserts this denominator is bounded away from zero, so zero is outside its declared domain"", ""constraints"": """", ""note"": ""reported so the guard can be seen and challenged, not as a defect; zero is outside the domain this division is evaluated in""}",/data/mrumoca/eval/results/powergrids/findings.jsonl
powergrids,historical-static,PowerGrids.Controls.Test.TestRampTrackingFilter,120,divisor-reachable-zero,high,False,hold-needs-source-and-witness-review,"{""denominator"": ""(rampTrackingFilter1.leadMOrderLagCascade[7].leadLag.k * rampTrackingFilter1.leadMOrderLagCascade[7].leadLag.T1)"", ""witness"": ""rampTrackingFilter1.leadMOrderLagCascade[7].leadLag.k = 0"", ""witness_rationale"": ""set to zero"", ""denominator_at_witness"": 0.0, ""denominator_at_declared_values"": 1e-05, ""denominator_range"": ""[-inf, inf]"", ""path_condition"": ""always evaluated"", ""verdict"": ""SAT"", ""proof"": ""the division is not inside any branch"", ""constraints"": ""rampTrackingFilter1.leadMOrderLagCascade[7].leadLag.k: unbounded"", ""note"": ""a permitted assignment drives the complete denominator to zero and the division is still evaluated there""}",/data/mrumoca/eval/results/powergrids/findings.jsonl
powergrids,historical-static,PowerGrids.Controls.Test.TestRampTrackingFilter,121,divisor-reachable-zero,high,False,hold-needs-source-and-witness-review,"{""denominator"": ""(rampTrackingFilter1.leadMOrderLagCascade[7].leadLag.k * rampTrackingFilter1.leadMOrderLagCascade[7].leadLag.T1)"", ""witness"": ""rampTrackingFilter1.leadMOrderLagCascade[7].leadLag.k = 0"", ""witness_rationale"": ""set to zero"", ""denominator_at_witness"": 0.0, ""denominator_at_declared_values"": 1e-05, ""denominator_range"": ""[-inf, inf]"", ""path_condition"": ""always evaluated"", ""verdict"": ""SAT"", ""proof"": ""the division is not inside any branch"", ""constraints"": ""rampTrackingFilter1.leadMOrderLagCascade[7].leadLag.k: unbounded"", ""note"": ""a permitted assignment drives the complete denominator to zero and the division is still evaluated there""}",/data/mrumoca/eval/results/powergrids/findings.jsonl
powergrids,historical-static,PowerGrids.Controls.Test.TestRampTrackingFilter,122,divisor-guarded-by-assertion,low,False,hold-needs-source-and-witness-review,"{""denominator"": ""rampTrackingFilter1.leadMOrderLagCascade[8].leadLag.T2"", ""witness"": ""none needed"", ""witness_rationale"": ""the denominator is zero as declared"", ""denominator_at_witness"": 0.0, ""denominator_at_declared_values"": 0.01, ""denominator_range"": """", ""path_condition"": ""not (rampTrackingFilter1.leadMOrderLagCascade[8].leadLag.noDynamics)"", ""verdict"": ""UNSAT"", ""proof"": ""the model asserts this denominator is bounded away from zero, so zero is outside its declared domain"", ""constraints"": """", ""note"": ""reported so the guard can be seen and challenged, not as a defect; zero is outside the domain this division is evaluated in""}",/data/mrumoca/eval/results/powergrids/findings.jsonl
powergrids,historical-static,PowerGrids.Controls.Test.TestRampTrackingFilter,123,divisor-reachable-zero,high,False,hold-needs-source-and-witness-review,"{""denominator"": ""(rampTrackingFilter1.leadMOrderLagCascade[8].leadLag.k * rampTrackingFilter1.leadMOrderLagCascade[8].leadLag.T1)"", ""witness"": ""rampTrackingFilter1.leadMOrderLagCascade[8].leadLag.k = 0"", ""witness_rationale"": ""set to zero"", ""denominator_at_witness"": 0.0, ""denominator_at_declared_values"": 1e-05, ""denominator_range"": ""[-inf, inf]"", ""path_condition"": ""always evaluated"", ""verdict"": ""SAT"", ""proof"": ""the division is not inside any branch"", ""constraints"": ""rampTrackingFilter1.leadMOrderLagCascade[8].leadLag.k: unbounded"", ""note"": ""a permitted assignment drives the complete denominator to zero and the division is still evaluated there""}",/data/mrumoca/eval/results/powergrids/findings.jsonl
powergrids,historical-static,PowerGrids.Controls.Test.TestRampTrackingFilter,124,divisor-reachable-zero,high,False,hold-needs-source-and-witness-review,"{""denominator"": ""(rampTrackingFilter1.leadMOrderLagCascade[8].leadLag.k * rampTrackingFilter1.leadMOrderLagCascade[8].leadLag.T1)"", ""witness"": ""rampTrackingFilter1.leadMOrderLagCascade[8].leadLag.k = 0"", ""witness_rationale"": ""set to zero"", ""denominator_at_witness"": 0.0, ""denominator_at_declared_values"": 1e-05, ""denominator_range"": ""[-inf, inf]"", ""path_condition"": ""always evaluated"", ""verdict"": ""SAT"", ""proof"": ""the division is not inside any branch"", ""constraints"": ""rampTrackingFilter1.leadMOrderLagCascade[8].leadLag.k: unbounded"", ""note"": ""a permitted assignment drives the complete denominator to zero and the division is still evaluated there""}",/data/mrumoca/eval/results/powergrids/findings.jsonl
powergrids,historical-static,PowerGrids.Controls.Test.TestRampTrackingFilter,125,divisor-guarded-by-assertion,low,False,hold-needs-source-and-witness-review,"{""denominator"": ""rampTrackingFilter1.leadMOrderLagCascade[9].leadLag.T2"", ""witness"": ""none needed"", ""witness_rationale"": ""the denominator is zero as declared"", ""denominator_at_witness"": 0.0, ""denominator_at_declared_values"": 0.01, ""denominator_range"": """", ""path_condition"": ""not (rampTrackingFilter1.leadMOrderLagCascade[9].leadLag.noDynamics)"", ""verdict"": ""UNSAT"", ""proof"": ""the model asserts this denominator is bounded away from zero, so zero is outside its declared domain"", ""constraints"": """", ""note"": ""reported so the guard can be seen and challenged, not as a defect; zero is outside the domain this division is evaluated in""}",/data/mrumoca/eval/results/powergrids/findings.jsonl
powergrids,historical-static,PowerGrids.Controls.Test.TestRampTrackingFilter,126,divisor-reachable-zero,high,False,hold-needs-source-and-witness-review,"{""denominator"": ""(rampTrackingFilter1.leadMOrderLagCascade[9].leadLag.k * rampTrackingFilter1.leadMOrderLagCascade[9].leadLag.T1)"", ""witness"": ""rampTrackingFilter1.leadMOrderLagCascade[9].leadLag.k = 0"", ""witness_rationale"": ""set to zero"", ""denominator_at_witness"": 0.0, ""denominator_at_declared_values"": 1e-05, ""denominator_range"": ""[-inf, inf]"", ""path_condition"": ""always evaluated"", ""verdict"": ""SAT"", ""proof"": ""the division is not inside any branch"", ""constraints"": ""rampTrackingFilter1.leadMOrderLagCascade[9].leadLag.k: unbounded"", ""note"": ""a permitted assignment drives the complete denominator to zero and the division is still evaluated there""}",/data/mrumoca/eval/results/powergrids/findings.jsonl
powergrids,historical-static,PowerGrids.Controls.Test.TestRampTrackingFilter,127,divisor-reachable-zero,high,False,hold-needs-source-and-witness-review,"{""denominator"": ""(rampTrackingFilter1.leadMOrderLagCascade[9].leadLag.k * rampTrackingFilter1.leadMOrderLagCascade[9].leadLag.T1)"", ""witness"": ""rampTrackingFilter1.leadMOrderLagCascade[9].leadLag.k = 0"", ""witness_rationale"": ""set to zero"", ""denominator_at_witness"": 0.0, ""denominator_at_declared_values"": 1e-05, ""denominator_range"": ""[-inf, inf]"", ""path_condition"": ""always evaluated"", ""verdict"": ""SAT"", ""proof"": ""the division is not inside any branch"", ""constraints"": ""rampTrackingFilter1.leadMOrderLagCascade[9].leadLag.k: unbounded"", ""note"": ""a permitted assignment drives the complete denominator to zero and the division is still evaluated there""}",/data/mrumoca/eval/results/powergrids/findings.jsonl
powergrids,historical-static,PowerGrids.Controls.Test.TestRampTrackingFilter,128,divisor-guarded-by-assertion,low,False,hold-needs-source-and-witness-review,"{""denominator"": ""rampTrackingFilter1.leadMOrderLagCascade[10].leadLag.T2"", ""witness"": ""none needed"", ""witness_rationale"": ""the denominator is zero as declared"", ""denominator_at_witness"": 0.0, ""denominator_at_declared_values"": 0.01, ""denominator_range"": """", ""path_condition"": ""not (rampTrackingFilter1.leadMOrderLagCascade[10].leadLag.noDynamics)"", ""verdict"": ""UNSAT"", ""proof"": ""the model asserts this denominator is bounded away from zero, so zero is outside its declared domain"", ""constraints"": """", ""note"": ""reported so the guard can be seen and challenged, not as a defect; zero is outside the domain this division is evaluated in""}",/data/mrumoca/eval/results/powergrids/findings.jsonl
powergrids,historical-static,PowerGrids.Controls.Test.TestRampTrackingFilter,129,divisor-reachable-zero,high,False,hold-needs-source-and-witness-review,"{""denominator"": ""(rampTrackingFilter1.leadMOrderLagCascade[10].leadLag.k * rampTrackingFilter1.leadMOrderLagCascade[10].leadLag.T1)"", ""witness"": ""rampTrackingFilter1.leadMOrderLagCascade[10].leadLag.k = 0"", ""witness_rationale"": ""set to zero"", ""denominator_at_witness"": 0.0, ""denominator_at_declared_values"": 1e-05, ""denominator_range"": ""[-inf, inf]"", ""path_condition"": ""always evaluated"", ""verdict"": ""SAT"", ""proof"": ""the division is not inside any branch"", ""constraints"": ""rampTrackingFilter1.leadMOrderLagCascade[10].leadLag.k: unbounded"", ""note"": ""a permitted assignment drives the complete denominator to zero and the division is still evaluated there""}",/data/mrumoca/eval/results/powergrids/findings.jsonl
powergrids,historical-static,PowerGrids.Controls.Test.TestRampTrackingFilter,130,divisor-reachable-zero,high,False,hold-needs-source-and-witness-review,"{""denominator"": ""(rampTrackingFilter1.leadMOrderLagCascade[10].leadLag.k * rampTrackingFilter1.leadMOrderLagCascade[10].leadLag.T1)"", ""witness"": ""rampTrackingFilter1.leadMOrderLagCascade[10].leadLag.k = 0"", ""witness_rationale"": ""set to zero"", ""denominator_at_witness"": 0.0, ""denominator_at_declared_values"": 1e-05, ""denominator_range"": ""[-inf, inf]"", ""path_condition"": ""always evaluated"", ""verdict"": ""SAT"", ""proof"": ""the division is not inside any branch"", ""constraints"": ""rampTrackingFilter1.leadMOrderLagCascade[10].leadLag.k: unbounded"", ""note"": ""a permitted assignment drives the complete denominator to zero and the division is still evaluated there""}",/data/mrumoca/eval/results/powergrids/findings.jsonl
powergrids,historical-static,PowerGrids.Controls.Test.TestRampTrackingFilter,131,divisor-guarded-by-assertion,low,False,hold-needs-source-and-witness-review,"{""denominator"": ""rampTrackingFilter1.leadMOrderLagCascade[11].leadLag.T2"", ""witness"": ""none needed"", ""witness_rationale"": ""the denominator is zero as declared"", ""denominator_at_witness"": 0.0, ""denominator_at_declared_values"": 0.01, ""denominator_range"": """", ""path_condition"": ""not (rampTrackingFilter1.leadMOrderLagCascade[11].leadLag.noDynamics)"", ""verdict"": ""UNSAT"", ""proof"": ""the model asserts this denominator is bounded away from zero, so zero is outside its declared domain"", ""constraints"": """", ""note"": ""reported so the guard can be seen and challenged, not as a defect; zero is outside the domain this division is evaluated in""}",/data/mrumoca/eval/results/powergrids/findings.jsonl
powergrids,historical-static,PowerGrids.Controls.Test.TestRampTrackingFilter,132,divisor-reachable-zero,high,False,hold-needs-source-and-witness-review,"{""denominator"": ""(rampTrackingFilter1.leadMOrderLagCascade[11].leadLag.k * rampTrackingFilter1.leadMOrderLagCascade[11].leadLag.T1)"", ""witness"": ""rampTrackingFilter1.leadMOrderLagCascade[11].leadLag.k = 0"", ""witness_rationale"": ""set to zero"", ""denominator_at_witness"": 0.0, ""denominator_at_declared_values"": 1e-05, ""denominator_range"": ""[-inf, inf]"", ""path_condition"": ""always evaluated"", ""verdict"": ""SAT"", ""proof"": ""the division is not inside any branch"", ""constraints"": ""rampTrackingFilter1.leadMOrderLagCascade[11].leadLag.k: unbounded"", ""note"": ""a permitted assignment drives the complete denominator to zero and the division is still evaluated there""}",/data/mrumoca/eval/results/powergrids/findings.jsonl
powergrids,historical-static,PowerGrids.Controls.Test.TestRampTrackingFilter,133,divisor-reachable-zero,high,False,hold-needs-source-and-witness-review,"{""denominator"": ""(rampTrackingFilter1.leadMOrderLagCascade[11].leadLag.k * rampTrackingFilter1.leadMOrderLagCascade[11].leadLag.T1)"", ""witness"": ""rampTrackingFilter1.leadMOrderLagCascade[11].leadLag.k = 0"", ""witness_rationale"": ""set to zero"", ""denominator_at_witness"": 0.0, ""denominator_at_declared_values"": 1e-05, ""denominator_range"": ""[-inf, inf]"", ""path_condition"": ""always evaluated"", ""verdict"": ""SAT"", ""proof"": ""the division is not inside any branch"", ""constraints"": ""rampTrackingFilter1.leadMOrderLagCascade[11].leadLag.k: unbounded"", ""note"": ""a permitted assignment drives the complete denominator to zero and the division is still evaluated there""}",/data/mrumoca/eval/results/powergrids/findings.jsonl
powergrids,historical-static,PowerGrids.Controls.Test.TestRampTrackingFilter,134,divisor-guarded-by-assertion,low,False,hold-needs-source-and-witness-review,"{""denominator"": ""rampTrackingFilter1.leadMOrderLagCascade[12].leadLag.T2"", ""witness"": ""none needed"", ""witness_rationale"": ""the denominator is zero as declared"", ""denominator_at_witness"": 0.0, ""denominator_at_declared_values"": 0.01, ""denominator_range"": """", ""path_condition"": ""not (rampTrackingFilter1.leadMOrderLagCascade[12].leadLag.noDynamics)"", ""verdict"": ""UNSAT"", ""proof"": ""the model asserts this denominator is bounded away from zero, so zero is outside its declared domain"", ""constraints"": """", ""note"": ""reported so the guard can be seen and challenged, not as a defect; zero is outside the domain this division is evaluated in""}",/data/mrumoca/eval/results/powergrids/findings.jsonl
powergrids,historical-static,PowerGrids.Controls.Test.TestRampTrackingFilter,135,divisor-reachable-zero,high,False,hold-needs-source-and-witness-review,"{""denominator"": ""(rampTrackingFilter1.leadMOrderLagCascade[12].leadLag.k * rampTrackingFilter1.leadMOrderLagCascade[12].leadLag.T1)"", ""witness"": ""rampTrackingFilter1.leadMOrderLagCascade[12].leadLag.k = 0"", ""witness_rationale"": ""set to zero"", ""denominator_at_witness"": 0.0, ""denominator_at_declared_values"": 1e-05, ""denominator_range"": ""[-inf, inf]"", ""path_condition"": ""always evaluated"", ""verdict"": ""SAT"", ""proof"": ""the division is not inside any branch"", ""constraints"": ""rampTrackingFilter1.leadMOrderLagCascade[12].leadLag.k: unbounded"", ""note"": ""a permitted assignment drives the complete denominator to zero and the division is still evaluated there""}",/data/mrumoca/eval/results/powergrids/findings.jsonl
powergrids,historical-static,PowerGrids.Controls.Test.TestRampTrackingFilter,136,divisor-reachable-zero,high,False,hold-needs-source-and-witness-review,"{""denominator"": ""(rampTrackingFilter1.leadMOrderLagCascade[12].leadLag.k * rampTrackingFilter1.leadMOrderLagCascade[12].leadLag.T1)"", ""witness"": ""rampTrackingFilter1.leadMOrderLagCascade[12].leadLag.k = 0"", ""witness_rationale"": ""set to zero"", ""denominator_at_witness"": 0.0, ""denominator_at_declared_values"": 1e-05, ""denominator_range"": ""[-inf, inf]"", ""path_condition"": ""always evaluated"", ""verdict"": ""SAT"", ""proof"": ""the division is not inside any branch"", ""constraints"": ""rampTrackingFilter1.leadMOrderLagCascade[12].leadLag.k: unbounded"", ""note"": ""a permitted assignment drives the complete denominator to zero and the division is still evaluated there""}",/data/mrumoca/eval/results/powergrids/findings.jsonl
powergrids,historical-static,PowerGrids.Controls.Test.TestRampTrackingFilter,137,divisor-guarded-by-assertion,low,False,hold-needs-source-and-witness-review,"{""denominator"": ""rampTrackingFilter1.leadMOrderLagCascade[13].leadLag.T2"", ""witness"": ""none needed"", ""witness_rationale"": ""the denominator is zero as declared"", ""denominator_at_witness"": 0.0, ""denominator_at_declared_values"": 0.01, ""denominator_range"": """", ""path_condition"": ""not (rampTrackingFilter1.leadMOrderLagCascade[13].leadLag.noDynamics)"", ""verdict"": ""UNSAT"", ""proof"": ""the model asserts this denominator is bounded away from zero, so zero is outside its declared domain"", ""constraints"": """", ""note"": ""reported so the guard can be seen and challenged, not as a defect; zero is outside the domain this division is evaluated in""}",/data/mrumoca/eval/results/powergrids/findings.jsonl
powergrids,historical-static,PowerGrids.Controls.Test.TestRampTrackingFilter,138,divisor-reachable-zero,high,False,hold-needs-source-and-witness-review,"{""denominator"": ""(rampTrackingFilter1.leadMOrderLagCascade[13].leadLag.k * rampTrackingFilter1.leadMOrderLagCascade[13].leadLag.T1)"", ""witness"": ""rampTrackingFilter1.leadMOrderLagCascade[13].leadLag.k = 0"", ""witness_rationale"": ""set to zero"", ""denominator_at_witness"": 0.0, ""denominator_at_declared_values"": 1e-05, ""denominator_range"": ""[-inf, inf]"", ""path_condition"": ""always evaluated"", ""verdict"": ""SAT"", ""proof"": ""the division is not inside any branch"", ""constraints"": ""rampTrackingFilter1.leadMOrderLagCascade[13].leadLag.k: unbounded"", ""note"": ""a permitted assignment drives the complete denominator to zero and the division is still evaluated there""}",/data/mrumoca/eval/results/powergrids/findings.jsonl
powergrids,historical-static,PowerGrids.Controls.Test.TestRampTrackingFilter,139,divisor-reachable-zero,high,False,hold-needs-source-and-witness-review,"{""denominator"": ""(rampTrackingFilter1.leadMOrderLagCascade[13].leadLag.k * rampTrackingFilter1.leadMOrderLagCascade[13].leadLag.T1)"", ""witness"": ""rampTrackingFilter1.leadMOrderLagCascade[13].leadLag.k = 0"", ""witness_rationale"": ""set to zero"", ""denominator_at_witness"": 0.0, ""denominator_at_declared_values"": 1e-05, ""denominator_range"": ""[-inf, inf]"", ""path_condition"": ""always evaluated"", ""verdict"": ""SAT"", ""proof"": ""the division is not inside any branch"", ""constraints"": ""rampTrackingFilter1.leadMOrderLagCascade[13].leadLag.k: unbounded"", ""note"": ""a permitted assignment drives the complete denominator to zero and the division is still evaluated there""}",/data/mrumoca/eval/results/powergrids/findings.jsonl
powergrids,historical-static,PowerGrids.Controls.Test.TestRampTrackingFilter,140,divisor-guarded-by-assertion,low,False,hold-needs-source-and-witness-review,"{""denominator"": ""rampTrackingFilter1.leadMOrderLagCascade[14].leadLag.T2"", ""witness"": ""none needed"", ""witness_rationale"": ""the denominator is zero as declared"", ""denominator_at_witness"": 0.0, ""denominator_at_declared_values"": 0.01, ""denominator_range"": """", ""path_condition"": ""not (rampTrackingFilter1.leadMOrderLagCascade[14].leadLag.noDynamics)"", ""verdict"": ""UNSAT"", ""proof"": ""the model asserts this denominator is bounded away from zero, so zero is outside its declared domain"", ""constraints"": """", ""note"": ""reported so the guard can be seen and challenged, not as a defect; zero is outside the domain this division is evaluated in""}",/data/mrumoca/eval/results/powergrids/findings.jsonl
powergrids,historical-static,PowerGrids.Controls.Test.TestRampTrackingFilter,141,divisor-reachable-zero,high,False,hold-needs-source-and-witness-review,"{""denominator"": ""(rampTrackingFilter1.leadMOrderLagCascade[14].leadLag.k * rampTrackingFilter1.leadMOrderLagCascade[14].leadLag.T1)"", ""witness"": ""rampTrackingFilter1.leadMOrderLagCascade[14].leadLag.k = 0"", ""witness_rationale"": ""set to zero"", ""denominator_at_witness"": 0.0, ""denominator_at_declared_values"": 1e-05, ""denominator_range"": ""[-inf, inf]"", ""path_condition"": ""always evaluated"", ""verdict"": ""SAT"", ""proof"": ""the division is not inside any branch"", ""constraints"": ""rampTrackingFilter1.leadMOrderLagCascade[14].leadLag.k: unbounded"", ""note"": ""a permitted assignment drives the complete denominator to zero and the division is still evaluated there""}",/data/mrumoca/eval/results/powergrids/findings.jsonl
powergrids,historical-static,PowerGrids.Controls.Test.TestRampTrackingFilter,142,divisor-reachable-zero,high,False,hold-needs-source-and-witness-review,"{""denominator"": ""(rampTrackingFilter1.leadMOrderLagCascade[14].leadLag.k * rampTrackingFilter1.leadMOrderLagCascade[14].leadLag.T1)"", ""witness"": ""rampTrackingFilter1.leadMOrderLagCascade[14].leadLag.k = 0"", ""witness_rationale"": ""set to zero"", ""denominator_at_witness"": 0.0, ""denominator_at_declared_values"": 1e-05, ""denominator_range"": ""[-inf, inf]"", ""path_condition"": ""always evaluated"", ""verdict"": ""SAT"", ""proof"": ""the division is not inside any branch"", ""constraints"": ""rampTrackingFilter1.leadMOrderLagCascade[14].leadLag.k: unbounded"", ""note"": ""a permitted assignment drives the complete denominator to zero and the division is still evaluated there""}",/data/mrumoca/eval/results/powergrids/findings.jsonl
powergrids,historical-static,PowerGrids.Controls.Test.TestRampTrackingFilter,143,divisor-guarded-by-assertion,low,False,hold-needs-source-and-witness-review,"{""denominator"": ""rampTrackingFilter1.leadMOrderLagCascade[15].leadLag.T2"", ""witness"": ""none needed"", ""witness_rationale"": ""the denominator is zero as declared"", ""denominator_at_witness"": 0.0, ""denominator_at_declared_values"": 0.01, ""denominator_range"": """", ""path_condition"": ""not (rampTrackingFilter1.leadMOrderLagCascade[15].leadLag.noDynamics)"", ""verdict"": ""UNSAT"", ""proof"": ""the model asserts this denominator is bounded away from zero, so zero is outside its declared domain"", ""constraints"": """", ""note"": ""reported so the guard can be seen and challenged, not as a defect; zero is outside the domain this division is evaluated in""}",/data/mrumoca/eval/results/powergrids/findings.jsonl
powergrids,historical-static,PowerGrids.Controls.Test.TestRampTrackingFilter,144,divisor-reachable-zero,high,False,hold-needs-source-and-witness-review,"{""denominator"": ""(rampTrackingFilter1.leadMOrderLagCascade[15].leadLag.k * rampTrackingFilter1.leadMOrderLagCascade[15].leadLag.T1)"", ""witness"": ""rampTrackingFilter1.leadMOrderLagCascade[15].leadLag.k = 0"", ""witness_rationale"": ""set to zero"", ""denominator_at_witness"": 0.0, ""denominator_at_declared_values"": 1e-05, ""denominator_range"": ""[-inf, inf]"", ""path_condition"": ""always evaluated"", ""verdict"": ""SAT"", ""proof"": ""the division is not inside any branch"", ""constraints"": ""rampTrackingFilter1.leadMOrderLagCascade[15].leadLag.k: unbounded"", ""note"": ""a permitted assignment drives the complete denominator to zero and the division is still evaluated there""}",/data/mrumoca/eval/results/powergrids/findings.jsonl
powergrids,historical-static,PowerGrids.Controls.Test.TestRampTrackingFilter,145,divisor-reachable-zero,high,False,hold-needs-source-and-witness-review,"{""denominator"": ""(rampTrackingFilter1.leadMOrderLagCascade[15].leadLag.k * rampTrackingFilter1.leadMOrderLagCascade[15].leadLag.T1)"", ""witness"": ""rampTrackingFilter1.leadMOrderLagCascade[15].leadLag.k = 0"", ""witness_rationale"": ""set to zero"", ""denominator_at_witness"": 0.0, ""denominator_at_declared_values"": 1e-05, ""denominator_range"": ""[-inf, inf]"", ""path_condition"": ""always evaluated"", ""verdict"": ""SAT"", ""proof"": ""the division is not inside any branch"", ""constraints"": ""rampTrackingFilter1.leadMOrderLagCascade[15].leadLag.k: unbounded"", ""note"": ""a permitted assignment drives the complete denominator to zero and the division is still evaluated there""}",/data/mrumoca/eval/results/powergrids/findings.jsonl
powergrids,historical-static,PowerGrids.Controls.Test.TestRampTrackingFilter,146,divisor-guarded-by-assertion,low,False,hold-needs-source-and-witness-review,"{""denominator"": ""rampTrackingFilter1.leadMOrderLagCascade[16].leadLag.T2"", ""witness"": ""none needed"", ""witness_rationale"": ""the denominator is zero as declared"", ""denominator_at_witness"": 0.0, ""denominator_at_declared_values"": 0.01, ""denominator_range"": """", ""path_condition"": ""not (rampTrackingFilter1.leadMOrderLagCascade[16].leadLag.noDynamics)"", ""verdict"": ""UNSAT"", ""proof"": ""the model asserts this denominator is bounded away from zero, so zero is outside its declared domain"", ""constraints"": """", ""note"": ""reported so the guard can be seen and challenged, not as a defect; zero is outside the domain this division is evaluated in""}",/data/mrumoca/eval/results/powergrids/findings.jsonl
powergrids,historical-static,PowerGrids.Controls.Test.TestRampTrackingFilter,147,divisor-reachable-zero,high,False,hold-needs-source-and-witness-review,"{""denominator"": ""(rampTrackingFilter1.leadMOrderLagCascade[16].leadLag.k * rampTrackingFilter1.leadMOrderLagCascade[16].leadLag.T1)"", ""witness"": ""rampTrackingFilter1.leadMOrderLagCascade[16].leadLag.k = 0"", ""witness_rationale"": ""set to zero"", ""denominator_at_witness"": 0.0, ""denominator_at_declared_values"": 1e-05, ""denominator_range"": ""[-inf, inf]"", ""path_condition"": ""always evaluated"", ""verdict"": ""SAT"", ""proof"": ""the division is not inside any branch"", ""constraints"": ""rampTrackingFilter1.leadMOrderLagCascade[16].leadLag.k: unbounded"", ""note"": ""a permitted assignment drives the complete denominator to zero and the division is still evaluated there""}",/data/mrumoca/eval/results/powergrids/findings.jsonl
powergrids,historical-static,PowerGrids.Controls.Test.TestRampTrackingFilter,148,divisor-reachable-zero,high,False,hold-needs-source-and-witness-review,"{""denominator"": ""(rampTrackingFilter1.leadMOrderLagCascade[16].leadLag.k * rampTrackingFilter1.leadMOrderLagCascade[16].leadLag.T1)"", ""witness"": ""rampTrackingFilter1.leadMOrderLagCascade[16].leadLag.k = 0"", ""witness_rationale"": ""set to zero"", ""denominator_at_witness"": 0.0, ""denominator_at_declared_values"": 1e-05, ""denominator_range"": ""[-inf, inf]"", ""path_condition"": ""always evaluated"", ""verdict"": ""SAT"", ""proof"": ""the division is not inside any branch"", ""constraints"": ""rampTrackingFilter1.leadMOrderLagCascade[16].leadLag.k: unbounded"", ""note"": ""a permitted assignment drives the complete denominator to zero and the division is still evaluated there""}",/data/mrumoca/eval/results/powergrids/findings.jsonl
powergrids,historical-static,PowerGrids.Controls.Test.TestRampTrackingFilter,149,divisor-guarded-by-assertion,low,False,hold-needs-source-and-witness-review,"{""denominator"": ""rampTrackingFilter1.leadMOrderLagCascade[17].leadLag.T2"", ""witness"": ""none needed"", ""witness_rationale"": ""the denominator is zero as declared"", ""denominator_at_witness"": 0.0, ""denominator_at_declared_values"": 0.01, ""denominator_range"": """", ""path_condition"": ""not (rampTrackingFilter1.leadMOrderLagCascade[17].leadLag.noDynamics)"", ""verdict"": ""UNSAT"", ""proof"": ""the model asserts this denominator is bounded away from zero, so zero is outside its declared domain"", ""constraints"": """", ""note"": ""reported so the guard can be seen and challenged, not as a defect; zero is outside the domain this division is evaluated in""}",/data/mrumoca/eval/results/powergrids/findings.jsonl
powergrids,historical-static,PowerGrids.Controls.Test.TestRampTrackingFilter,150,divisor-reachable-zero,high,False,hold-needs-source-and-witness-review,"{""denominator"": ""(rampTrackingFilter1.leadMOrderLagCascade[17].leadLag.k * rampTrackingFilter1.leadMOrderLagCascade[17].leadLag.T1)"", ""witness"": ""rampTrackingFilter1.leadMOrderLagCascade[17].leadLag.k = 0"", ""witness_rationale"": ""set to zero"", ""denominator_at_witness"": 0.0, ""denominator_at_declared_values"": 1e-05, ""denominator_range"": ""[-inf, inf]"", ""path_condition"": ""always evaluated"", ""verdict"": ""SAT"", ""proof"": ""the division is not inside any branch"", ""constraints"": ""rampTrackingFilter1.leadMOrderLagCascade[17].leadLag.k: unbounded"", ""note"": ""a permitted assignment drives the complete denominator to zero and the division is still evaluated there""}",/data/mrumoca/eval/results/powergrids/findings.jsonl
powergrids,historical-static,PowerGrids.Controls.Test.TestRampTrackingFilter,151,divisor-reachable-zero,high,False,hold-needs-source-and-witness-review,"{""denominator"": ""(rampTrackingFilter1.leadMOrderLagCascade[17].leadLag.k * rampTrackingFilter1.leadMOrderLagCascade[17].leadLag.T1)"", ""witness"": ""rampTrackingFilter1.leadMOrderLagCascade[17].leadLag.k = 0"", ""witness_rationale"": ""set to zero"", ""denominator_at_witness"": 0.0, ""denominator_at_declared_values"": 1e-05, ""denominator_range"": ""[-inf, inf]"", ""path_condition"": ""always evaluated"", ""verdict"": ""SAT"", ""proof"": ""the division is not inside any branch"", ""constraints"": ""rampTrackingFilter1.leadMOrderLagCascade[17].leadLag.k: unbounded"", ""note"": ""a permitted assignment drives the complete denominator to zero and the division is still evaluated there""}",/data/mrumoca/eval/results/powergrids/findings.jsonl
powergrids,historical-static,PowerGrids.Controls.Test.TestRampTrackingFilter,152,divisor-guarded-by-assertion,low,False,hold-needs-source-and-witness-review,"{""denominator"": ""rampTrackingFilter1.leadMOrderLagCascade[18].leadLag.T2"", ""witness"": ""none needed"", ""witness_rationale"": ""the denominator is zero as declared"", ""denominator_at_witness"": 0.0, ""denominator_at_declared_values"": 0.01, ""denominator_range"": """", ""path_condition"": ""not (rampTrackingFilter1.leadMOrderLagCascade[18].leadLag.noDynamics)"", ""verdict"": ""UNSAT"", ""proof"": ""the model asserts this denominator is bounded away from zero, so zero is outside its declared domain"", ""constraints"": """", ""note"": ""reported so the guard can be seen and challenged, not as a defect; zero is outside the domain this division is evaluated in""}",/data/mrumoca/eval/results/powergrids/findings.jsonl
powergrids,historical-static,PowerGrids.Controls.Test.TestRampTrackingFilter,153,divisor-reachable-zero,high,False,hold-needs-source-and-witness-review,"{""denominator"": ""(rampTrackingFilter1.leadMOrderLagCascade[18].leadLag.k * rampTrackingFilter1.leadMOrderLagCascade[18].leadLag.T1)"", ""witness"": ""rampTrackingFilter1.leadMOrderLagCascade[18].leadLag.k = 0"", ""witness_rationale"": ""set to zero"", ""denominator_at_witness"": 0.0, ""denominator_at_declared_values"": 1e-05, ""denominator_range"": ""[-inf, inf]"", ""path_condition"": ""always evaluated"", ""verdict"": ""SAT"", ""proof"": ""the division is not inside any branch"", ""constraints"": ""rampTrackingFilter1.leadMOrderLagCascade[18].leadLag.k: unbounded"", ""note"": ""a permitted assignment drives the complete denominator to zero and the division is still evaluated there""}",/data/mrumoca/eval/results/powergrids/findings.jsonl
powergrids,historical-static,PowerGrids.Controls.Test.TestRampTrackingFilter,154,divisor-reachable-zero,high,False,hold-needs-source-and-witness-review,"{""denominator"": ""(rampTrackingFilter1.leadMOrderLagCascade[18].leadLag.k * rampTrackingFilter1.leadMOrderLagCascade[18].leadLag.T1)"", ""witness"": ""rampTrackingFilter1.leadMOrderLagCascade[18].leadLag.k = 0"", ""witness_rationale"": ""set to zero"", ""denominator_at_witness"": 0.0, ""denominator_at_declared_values"": 1e-05, ""denominator_range"": ""[-inf, inf]"", ""path_condition"": ""always evaluated"", ""verdict"": ""SAT"", ""proof"": ""the division is not inside any branch"", ""constraints"": ""rampTrackingFilter1.leadMOrderLagCascade[18].leadLag.k: unbounded"", ""note"": ""a permitted assignment drives the complete denominator to zero and the division is still evaluated there""}",/data/mrumoca/eval/results/powergrids/findings.jsonl
powergrids,historical-static,PowerGrids.Controls.Test.TestRampTrackingFilter,155,divisor-guarded-by-assertion,low,False,hold-needs-source-and-witness-review,"{""denominator"": ""rampTrackingFilter1.leadMOrderLagCascade[19].leadLag.T2"", ""witness"": ""none needed"", ""witness_rationale"": ""the denominator is zero as declared"", ""denominator_at_witness"": 0.0, ""denominator_at_declared_values"": 0.01, ""denominator_range"": """", ""path_condition"": ""not (rampTrackingFilter1.leadMOrderLagCascade[19].leadLag.noDynamics)"", ""verdict"": ""UNSAT"", ""proof"": ""the model asserts this denominator is bounded away from zero, so zero is outside its declared domain"", ""constraints"": """", ""note"": ""reported so the guard can be seen and challenged, not as a defect; zero is outside the domain this division is evaluated in""}",/data/mrumoca/eval/results/powergrids/findings.jsonl
powergrids,historical-static,PowerGrids.Controls.Test.TestRampTrackingFilter,156,divisor-reachable-zero,high,False,hold-needs-source-and-witness-review,"{""denominator"": ""(rampTrackingFilter1.leadMOrderLagCascade[19].leadLag.k * rampTrackingFilter1.leadMOrderLagCascade[19].leadLag.T1)"", ""witness"": ""rampTrackingFilter1.leadMOrderLagCascade[19].leadLag.k = 0"", ""witness_rationale"": ""set to zero"", ""denominator_at_witness"": 0.0, ""denominator_at_declared_values"": 1e-05, ""denominator_range"": ""[-inf, inf]"", ""path_condition"": ""always evaluated"", ""verdict"": ""SAT"", ""proof"": ""the division is not inside any branch"", ""constraints"": ""rampTrackingFilter1.leadMOrderLagCascade[19].leadLag.k: unbounded"", ""note"": ""a permitted assignment drives the complete denominator to zero and the division is still evaluated there""}",/data/mrumoca/eval/results/powergrids/findings.jsonl
powergrids,historical-static,PowerGrids.Controls.Test.TestRampTrackingFilter,157,divisor-reachable-zero,high,False,hold-needs-source-and-witness-review,"{""denominator"": ""(rampTrackingFilter1.leadMOrderLagCascade[19].leadLag.k * rampTrackingFilter1.leadMOrderLagCascade[19].leadLag.T1)"", ""witness"": ""rampTrackingFilter1.leadMOrderLagCascade[19].leadLag.k = 0"", ""witness_rationale"": ""set to zero"", ""denominator_at_witness"": 0.0, ""denominator_at_declared_values"": 1e-05, ""denominator_range"": ""[-inf, inf]"", ""path_condition"": ""always evaluated"", ""verdict"": ""SAT"", ""proof"": ""the division is not inside any branch"", ""constraints"": ""rampTrackingFilter1.leadMOrderLagCascade[19].leadLag.k: unbounded"", ""note"": ""a permitted assignment drives the complete denominator to zero and the division is still evaluated there""}",/data/mrumoca/eval/results/powergrids/findings.jsonl
powergrids,historical-static,PowerGrids.Controls.Test.TestRampTrackingFilter,158,divisor-guarded-by-assertion,low,False,hold-needs-source-and-witness-review,"{""denominator"": ""rampTrackingFilter1.leadMOrderLagCascade[20].leadLag.T2"", ""witness"": ""none needed"", ""witness_rationale"": ""the denominator is zero as declared"", ""denominator_at_witness"": 0.0, ""denominator_at_declared_values"": 0.01, ""denominator_range"": """", ""path_condition"": ""not (rampTrackingFilter1.leadMOrderLagCascade[20].leadLag.noDynamics)"", ""verdict"": ""UNSAT"", ""proof"": ""the model asserts this denominator is bounded away from zero, so zero is outside its declared domain"", ""constraints"": """", ""note"": ""reported so the guard can be seen and challenged, not as a defect; zero is outside the domain this division is evaluated in""}",/data/mrumoca/eval/results/powergrids/findings.jsonl
powergrids,historical-static,PowerGrids.Controls.Test.TestRampTrackingFilter,159,divisor-reachable-zero,high,False,hold-needs-source-and-witness-review,"{""denominator"": ""(rampTrackingFilter1.leadMOrderLagCascade[20].leadLag.k * rampTrackingFilter1.leadMOrderLagCascade[20].leadLag.T1)"", ""witness"": ""rampTrackingFilter1.leadMOrderLagCascade[20].leadLag.k = 0"", ""witness_rationale"": ""set to zero"", ""denominator_at_witness"": 0.0, ""denominator_at_declared_values"": 1e-05, ""denominator_range"": ""[-inf, inf]"", ""path_condition"": ""always evaluated"", ""verdict"": ""SAT"", ""proof"": ""the division is not inside any branch"", ""constraints"": ""rampTrackingFilter1.leadMOrderLagCascade[20].leadLag.k: unbounded"", ""note"": ""a permitted assignment drives the complete denominator to zero and the division is still evaluated there""}",/data/mrumoca/eval/results/powergrids/findings.jsonl
powergrids,historical-static,PowerGrids.Controls.Test.TestRampTrackingFilter,160,divisor-reachable-zero,high,False,hold-needs-source-and-witness-review,"{""denominator"": ""(rampTrackingFilter1.leadMOrderLagCascade[20].leadLag.k * rampTrackingFilter1.leadMOrderLagCascade[20].leadLag.T1)"", ""witness"": ""rampTrackingFilter1.leadMOrderLagCascade[20].leadLag.k = 0"", ""witness_rationale"": ""set to zero"", ""denominator_at_witness"": 0.0, ""denominator_at_declared_values"": 1e-05, ""denominator_range"": ""[-inf, inf]"", ""path_condition"": ""always evaluated"", ""verdict"": ""SAT"", ""proof"": ""the division is not inside any branch"", ""constraints"": ""rampTrackingFilter1.leadMOrderLagCascade[20].leadLag.k: unbounded"", ""note"": ""a permitted assignment drives the complete denominator to zero and the division is still evaluated there""}",/data/mrumoca/eval/results/powergrids/findings.jsonl
powergrids,historical-static,PowerGrids.Controls.Test.TestRampTrackingFilter,161,divisor-guarded-by-assertion,low,False,hold-needs-source-and-witness-review,"{""denominator"": ""rampTrackingFilter1.leadMOrderLagCascade[21].leadLag.T2"", ""witness"": ""none needed"", ""witness_rationale"": ""the denominator is zero as declared"", ""denominator_at_witness"": 0.0, ""denominator_at_declared_values"": 0.01, ""denominator_range"": """", ""path_condition"": ""not (rampTrackingFilter1.leadMOrderLagCascade[21].leadLag.noDynamics)"", ""verdict"": ""UNSAT"", ""proof"": ""the model asserts this denominator is bounded away from zero, so zero is outside its declared domain"", ""constraints"": """", ""note"": ""reported so the guard can be seen and challenged, not as a defect; zero is outside the domain this division is evaluated in""}",/data/mrumoca/eval/results/powergrids/findings.jsonl
powergrids,historical-static,PowerGrids.Controls.Test.TestRampTrackingFilter,162,divisor-reachable-zero,high,False,hold-needs-source-and-witness-review,"{""denominator"": ""(rampTrackingFilter1.leadMOrderLagCascade[21].leadLag.k * rampTrackingFilter1.leadMOrderLagCascade[21].leadLag.T1)"", ""witness"": ""rampTrackingFilter1.leadMOrderLagCascade[21].leadLag.k = 0"", ""witness_rationale"": ""set to zero"", ""denominator_at_witness"": 0.0, ""denominator_at_declared_values"": 1e-05, ""denominator_range"": ""[-inf, inf]"", ""path_condition"": ""always evaluated"", ""verdict"": ""SAT"", ""proof"": ""the division is not inside any branch"", ""constraints"": ""rampTrackingFilter1.leadMOrderLagCascade[21].leadLag.k: unbounded"", ""note"": ""a permitted assignment drives the complete denominator to zero and the division is still evaluated there""}",/data/mrumoca/eval/results/powergrids/findings.jsonl
powergrids,historical-static,PowerGrids.Controls.Test.TestRampTrackingFilter,163,divisor-reachable-zero,high,False,hold-needs-source-and-witness-review,"{""denominator"": ""(rampTrackingFilter1.leadMOrderLagCascade[21].leadLag.k * rampTrackingFilter1.leadMOrderLagCascade[21].leadLag.T1)"", ""witness"": ""rampTrackingFilter1.leadMOrderLagCascade[21].leadLag.k = 0"", ""witness_rationale"": ""set to zero"", ""denominator_at_witness"": 0.0, ""denominator_at_declared_values"": 1e-05, ""denominator_range"": ""[-inf, inf]"", ""path_condition"": ""always evaluated"", ""verdict"": ""SAT"", ""proof"": ""the division is not inside any branch"", ""constraints"": ""rampTrackingFilter1.leadMOrderLagCascade[21].leadLag.k: unbounded"", ""note"": ""a permitted assignment drives the complete denominator to zero and the division is still evaluated there""}",/data/mrumoca/eval/results/powergrids/findings.jsonl
powergrids,historical-static,PowerGrids.Controls.Test.TestRampTrackingFilter,164,divisor-guarded-by-assertion,low,False,hold-needs-source-and-witness-review,"{""denominator"": ""rampTrackingFilter1.leadMOrderLagCascade[22].leadLag.T2"", ""witness"": ""none needed"", ""witness_rationale"": ""the denominator is zero as declared"", ""denominator_at_witness"": 0.0, ""denominator_at_declared_values"": 0.01, ""denominator_range"": """", ""path_condition"": ""not (rampTrackingFilter1.leadMOrderLagCascade[22].leadLag.noDynamics)"", ""verdict"": ""UNSAT"", ""proof"": ""the model asserts this denominator is bounded away from zero, so zero is outside its declared domain"", ""constraints"": """", ""note"": ""reported so the guard can be seen and challenged, not as a defect; zero is outside the domain this division is evaluated in""}",/data/mrumoca/eval/results/powergrids/findings.jsonl
powergrids,historical-static,PowerGrids.Controls.Test.TestRampTrackingFilter,165,divisor-reachable-zero,high,False,hold-needs-source-and-witness-review,"{""denominator"": ""(rampTrackingFilter1.leadMOrderLagCascade[22].leadLag.k * rampTrackingFilter1.leadMOrderLagCascade[22].leadLag.T1)"", ""witness"": ""rampTrackingFilter1.leadMOrderLagCascade[22].leadLag.k = 0"", ""witness_rationale"": ""set to zero"", ""denominator_at_witness"": 0.0, ""denominator_at_declared_values"": 1e-05, ""denominator_range"": ""[-inf, inf]"", ""path_condition"": ""always evaluated"", ""verdict"": ""SAT"", ""proof"": ""the division is not inside any branch"", ""constraints"": ""rampTrackingFilter1.leadMOrderLagCascade[22].leadLag.k: unbounded"", ""note"": ""a permitted assignment drives the complete denominator to zero and the division is still evaluated there""}",/data/mrumoca/eval/results/powergrids/findings.jsonl
powergrids,historical-static,PowerGrids.Controls.Test.TestRampTrackingFilter,166,divisor-reachable-zero,high,False,hold-needs-source-and-witness-review,"{""denominator"": ""(rampTrackingFilter1.leadMOrderLagCascade[22].leadLag.k * rampTrackingFilter1.leadMOrderLagCascade[22].leadLag.T1)"", ""witness"": ""rampTrackingFilter1.leadMOrderLagCascade[22].leadLag.k = 0"", ""witness_rationale"": ""set to zero"", ""denominator_at_witness"": 0.0, ""denominator_at_declared_values"": 1e-05, ""denominator_range"": ""[-inf, inf]"", ""path_condition"": ""always evaluated"", ""verdict"": ""SAT"", ""proof"": ""the division is not inside any branch"", ""constraints"": ""rampTrackingFilter1.leadMOrderLagCascade[22].leadLag.k: unbounded"", ""note"": ""a permitted assignment drives the complete denominator to zero and the division is still evaluated there""}",/data/mrumoca/eval/results/powergrids/findings.jsonl
powergrids,historical-static,PowerGrids.Controls.Test.TestRampTrackingFilter,167,divisor-guarded-by-assertion,low,False,hold-needs-source-and-witness-review,"{""denominator"": ""rampTrackingFilter1.leadMOrderLagCascade[23].leadLag.T2"", ""witness"": ""none needed"", ""witness_rationale"": ""the denominator is zero as declared"", ""denominator_at_witness"": 0.0, ""denominator_at_declared_values"": 0.01, ""denominator_range"": """", ""path_condition"": ""not (rampTrackingFilter1.leadMOrderLagCascade[23].leadLag.noDynamics)"", ""verdict"": ""UNSAT"", ""proof"": ""the model asserts this denominator is bounded away from zero, so zero is outside its declared domain"", ""constraints"": """", ""note"": ""reported so the guard can be seen and challenged, not as a defect; zero is outside the domain this division is evaluated in""}",/data/mrumoca/eval/results/powergrids/findings.jsonl
powergrids,historical-static,PowerGrids.Controls.Test.TestRampTrackingFilter,168,divisor-reachable-zero,high,False,hold-needs-source-and-witness-review,"{""denominator"": ""(rampTrackingFilter1.leadMOrderLagCascade[23].leadLag.k * rampTrackingFilter1.leadMOrderLagCascade[23].leadLag.T1)"", ""witness"": ""rampTrackingFilter1.leadMOrderLagCascade[23].leadLag.k = 0"", ""witness_rationale"": ""set to zero"", ""denominator_at_witness"": 0.0, ""denominator_at_declared_values"": 1e-05, ""denominator_range"": ""[-inf, inf]"", ""path_condition"": ""always evaluated"", ""verdict"": ""SAT"", ""proof"": ""the division is not inside any branch"", ""constraints"": ""rampTrackingFilter1.leadMOrderLagCascade[23].leadLag.k: unbounded"", ""note"": ""a permitted assignment drives the complete denominator to zero and the division is still evaluated there""}",/data/mrumoca/eval/results/powergrids/findings.jsonl
powergrids,historical-static,PowerGrids.Controls.Test.TestRampTrackingFilter,169,divisor-reachable-zero,high,False,hold-needs-source-and-witness-review,"{""denominator"": ""(rampTrackingFilter1.leadMOrderLagCascade[23].leadLag.k * rampTrackingFilter1.leadMOrderLagCascade[23].leadLag.T1)"", ""witness"": ""rampTrackingFilter1.leadMOrderLagCascade[23].leadLag.k = 0"", ""witness_rationale"": ""set to zero"", ""denominator_at_witness"": 0.0, ""denominator_at_declared_values"": 1e-05, ""denominator_range"": ""[-inf, inf]"", ""path_condition"": ""always evaluated"", ""verdict"": ""SAT"", ""proof"": ""the division is not inside any branch"", ""constraints"": ""rampTrackingFilter1.leadMOrderLagCascade[23].leadLag.k: unbounded"", ""note"": ""a permitted assignment drives the complete denominator to zero and the division is still evaluated there""}",/data/mrumoca/eval/results/powergrids/findings.jsonl
powergrids,historical-static,PowerGrids.Controls.Test.TestRampTrackingFilter,170,divisor-guarded-by-assertion,low,False,hold-needs-source-and-witness-review,"{""denominator"": ""rampTrackingFilter1.leadMOrderLagCascade[24].leadLag.T2"", ""witness"": ""none needed"", ""witness_rationale"": ""the denominator is zero as declared"", ""denominator_at_witness"": 0.0, ""denominator_at_declared_values"": 0.01, ""denominator_range"": """", ""path_condition"": ""not (rampTrackingFilter1.leadMOrderLagCascade[24].leadLag.noDynamics)"", ""verdict"": ""UNSAT"", ""proof"": ""the model asserts this denominator is bounded away from zero, so zero is outside its declared domain"", ""constraints"": """", ""note"": ""reported so the guard can be seen and challenged, not as a defect; zero is outside the domain this division is evaluated in""}",/data/mrumoca/eval/results/powergrids/findings.jsonl
powergrids,historical-static,PowerGrids.Controls.Test.TestRampTrackingFilter,171,divisor-reachable-zero,high,False,hold-needs-source-and-witness-review,"{""denominator"": ""(rampTrackingFilter1.leadMOrderLagCascade[24].leadLag.k * rampTrackingFilter1.leadMOrderLagCascade[24].leadLag.T1)"", ""witness"": ""rampTrackingFilter1.leadMOrderLagCascade[24].leadLag.k = 0"", ""witness_rationale"": ""set to zero"", ""denominator_at_witness"": 0.0, ""denominator_at_declared_values"": 1e-05, ""denominator_range"": ""[-inf, inf]"", ""path_condition"": ""always evaluated"", ""verdict"": ""SAT"", ""proof"": ""the division is not inside any branch"", ""constraints"": ""rampTrackingFilter1.leadMOrderLagCascade[24].leadLag.k: unbounded"", ""note"": ""a permitted assignment drives the complete denominator to zero and the division is still evaluated there""}",/data/mrumoca/eval/results/powergrids/findings.jsonl
powergrids,historical-static,PowerGrids.Controls.Test.TestRampTrackingFilter,172,divisor-reachable-zero,high,False,hold-needs-source-and-witness-review,"{""denominator"": ""(rampTrackingFilter1.leadMOrderLagCascade[24].leadLag.k * rampTrackingFilter1.leadMOrderLagCascade[24].leadLag.T1)"", ""witness"": ""rampTrackingFilter1.leadMOrderLagCascade[24].leadLag.k = 0"", ""witness_rationale"": ""set to zero"", ""denominator_at_witness"": 0.0, ""denominator_at_declared_values"": 1e-05, ""denominator_range"": ""[-inf, inf]"", ""path_condition"": ""always evaluated"", ""verdict"": ""SAT"", ""proof"": ""the division is not inside any branch"", ""constraints"": ""rampTrackingFilter1.leadMOrderLagCascade[24].leadLag.k: unbounded"", ""note"": ""a permitted assignment drives the complete denominator to zero and the division is still evaluated there""}",/data/mrumoca/eval/results/powergrids/findings.jsonl
powergrids,historical-static,PowerGrids.Controls.Test.TestRampTrackingFilter,173,divisor-guarded-by-assertion,low,False,hold-needs-source-and-witness-review,"{""denominator"": ""rampTrackingFilter1.leadMOrderLagCascade[25].leadLag.T2"", ""witness"": ""none needed"", ""witness_rationale"": ""the denominator is zero as declared"", ""denominator_at_witness"": 0.0, ""denominator_at_declared_values"": 0.01, ""denominator_range"": """", ""path_condition"": ""not (rampTrackingFilter1.leadMOrderLagCascade[25].leadLag.noDynamics)"", ""verdict"": ""UNSAT"", ""proof"": ""the model asserts this denominator is bounded away from zero, so zero is outside its declared domain"", ""constraints"": """", ""note"": ""reported so the guard can be seen and challenged, not as a defect; zero is outside the domain this division is evaluated in""}",/data/mrumoca/eval/results/powergrids/findings.jsonl
powergrids,historical-static,PowerGrids.Controls.Test.TestRampTrackingFilter,174,divisor-reachable-zero,high,False,hold-needs-source-and-witness-review,"{""denominator"": ""(rampTrackingFilter1.leadMOrderLagCascade[25].leadLag.k * rampTrackingFilter1.leadMOrderLagCascade[25].leadLag.T1)"", ""witness"": ""rampTrackingFilter1.leadMOrderLagCascade[25].leadLag.k = 0"", ""witness_rationale"": ""set to zero"", ""denominator_at_witness"": 0.0, ""denominator_at_declared_values"": 1e-05, ""denominator_range"": ""[-inf, inf]"", ""path_condition"": ""always evaluated"", ""verdict"": ""SAT"", ""proof"": ""the division is not inside any branch"", ""constraints"": ""rampTrackingFilter1.leadMOrderLagCascade[25].leadLag.k: unbounded"", ""note"": ""a permitted assignment drives the complete denominator to zero and the division is still evaluated there""}",/data/mrumoca/eval/results/powergrids/findings.jsonl
powergrids,historical-static,PowerGrids.Controls.Test.TestRampTrackingFilter,175,divisor-reachable-zero,high,False,hold-needs-source-and-witness-review,"{""denominator"": ""(rampTrackingFilter1.leadMOrderLagCascade[25].leadLag.k * rampTrackingFilter1.leadMOrderLagCascade[25].leadLag.T1)"", ""witness"": ""rampTrackingFilter1.leadMOrderLagCascade[25].leadLag.k = 0"", ""witness_rationale"": ""set to zero"", ""denominator_at_witness"": 0.0, ""denominator_at_declared_values"": 1e-05, ""denominator_range"": ""[-inf, inf]"", ""path_condition"": ""always evaluated"", ""verdict"": ""SAT"", ""proof"": ""the division is not inside any branch"", ""constraints"": ""rampTrackingFilter1.leadMOrderLagCascade[25].leadLag.k: unbounded"", ""note"": ""a permitted assignment drives the complete denominator to zero and the division is still evaluated there""}",/data/mrumoca/eval/results/powergrids/findings.jsonl
powergrids,historical-static,PowerGrids.Controls.Test.TestRampTrackingFilter,176,divisor-guarded-by-assertion,low,False,hold-needs-source-and-witness-review,"{""denominator"": ""rampTrackingFilter1.leadMOrderLagCascade[26].leadLag.T2"", ""witness"": ""none needed"", ""witness_rationale"": ""the denominator is zero as declared"", ""denominator_at_witness"": 0.0, ""denominator_at_declared_values"": 0.01, ""denominator_range"": """", ""path_condition"": ""not (rampTrackingFilter1.leadMOrderLagCascade[26].leadLag.noDynamics)"", ""verdict"": ""UNSAT"", ""proof"": ""the model asserts this denominator is bounded away from zero, so zero is outside its declared domain"", ""constraints"": """", ""note"": ""reported so the guard can be seen and challenged, not as a defect; zero is outside the domain this division is evaluated in""}",/data/mrumoca/eval/results/powergrids/findings.jsonl
powergrids,historical-static,PowerGrids.Controls.Test.TestRampTrackingFilter,177,divisor-reachable-zero,high,False,hold-needs-source-and-witness-review,"{""denominator"": ""(rampTrackingFilter1.leadMOrderLagCascade[26].leadLag.k * rampTrackingFilter1.leadMOrderLagCascade[26].leadLag.T1)"", ""witness"": ""rampTrackingFilter1.leadMOrderLagCascade[26].leadLag.k = 0"", ""witness_rationale"": ""set to zero"", ""denominator_at_witness"": 0.0, ""denominator_at_declared_values"": 1e-05, ""denominator_range"": ""[-inf, inf]"", ""path_condition"": ""always evaluated"", ""verdict"": ""SAT"", ""proof"": ""the division is not inside any branch"", ""constraints"": ""rampTrackingFilter1.leadMOrderLagCascade[26].leadLag.k: unbounded"", ""note"": ""a permitted assignment drives the complete denominator to zero and the division is still evaluated there""}",/data/mrumoca/eval/results/powergrids/findings.jsonl
powergrids,historical-static,PowerGrids.Controls.Test.TestRampTrackingFilter,178,divisor-reachable-zero,high,False,hold-needs-source-and-witness-review,"{""denominator"": ""(rampTrackingFilter1.leadMOrderLagCascade[26].leadLag.k * rampTrackingFilter1.leadMOrderLagCascade[26].leadLag.T1)"", ""witness"": ""rampTrackingFilter1.leadMOrderLagCascade[26].leadLag.k = 0"", ""witness_rationale"": ""set to zero"", ""denominator_at_witness"": 0.0, ""denominator_at_declared_values"": 1e-05, ""denominator_range"": ""[-inf, inf]"", ""path_condition"": ""always evaluated"", ""verdict"": ""SAT"", ""proof"": ""the division is not inside any branch"", ""constraints"": ""rampTrackingFilter1.leadMOrderLagCascade[26].leadLag.k: unbounded"", ""note"": ""a permitted assignment drives the complete denominator to zero and the division is still evaluated there""}",/data/mrumoca/eval/results/powergrids/findings.jsonl
powergrids,historical-static,PowerGrids.Controls.Test.TestRampTrackingFilter,179,divisor-guarded-by-assertion,low,False,hold-needs-source-and-witness-review,"{""denominator"": ""rampTrackingFilter1.leadMOrderLagCascade[27].leadLag.T2"", ""witness"": ""none needed"", ""witness_rationale"": ""the denominator is zero as declared"", ""denominator_at_witness"": 0.0, ""denominator_at_declared_values"": 0.01, ""denominator_range"": """", ""path_condition"": ""not (rampTrackingFilter1.leadMOrderLagCascade[27].leadLag.noDynamics)"", ""verdict"": ""UNSAT"", ""proof"": ""the model asserts this denominator is bounded away from zero, so zero is outside its declared domain"", ""constraints"": """", ""note"": ""reported so the guard can be seen and challenged, not as a defect; zero is outside the domain this division is evaluated in""}",/data/mrumoca/eval/results/powergrids/findings.jsonl
powergrids,historical-static,PowerGrids.Controls.Test.TestRampTrackingFilter,180,divisor-reachable-zero,high,False,hold-needs-source-and-witness-review,"{""denominator"": ""(rampTrackingFilter1.leadMOrderLagCascade[27].leadLag.k * rampTrackingFilter1.leadMOrderLagCascade[27].leadLag.T1)"", ""witness"": ""rampTrackingFilter1.leadMOrderLagCascade[27].leadLag.k = 0"", ""witness_rationale"": ""set to zero"", ""denominator_at_witness"": 0.0, ""denominator_at_declared_values"": 1e-05, ""denominator_range"": ""[-inf, inf]"", ""path_condition"": ""always evaluated"", ""verdict"": ""SAT"", ""proof"": ""the division is not inside any branch"", ""constraints"": ""rampTrackingFilter1.leadMOrderLagCascade[27].leadLag.k: unbounded"", ""note"": ""a permitted assignment drives the complete denominator to zero and the division is still evaluated there""}",/data/mrumoca/eval/results/powergrids/findings.jsonl
powergrids,historical-static,PowerGrids.Controls.Test.TestRampTrackingFilter,181,divisor-reachable-zero,high,False,hold-needs-source-and-witness-review,"{""denominator"": ""(rampTrackingFilter1.leadMOrderLagCascade[27].leadLag.k * rampTrackingFilter1.leadMOrderLagCascade[27].leadLag.T1)"", ""witness"": ""rampTrackingFilter1.leadMOrderLagCascade[27].leadLag.k = 0"", ""witness_rationale"": ""set to zero"", ""denominator_at_witness"": 0.0, ""denominator_at_declared_values"": 1e-05, ""denominator_range"": ""[-inf, inf]"", ""path_condition"": ""always evaluated"", ""verdict"": ""SAT"", ""proof"": ""the division is not inside any branch"", ""constraints"": ""rampTrackingFilter1.leadMOrderLagCascade[27].leadLag.k: unbounded"", ""note"": ""a permitted assignment drives the complete denominator to zero and the division is still evaluated there""}",/data/mrumoca/eval/results/powergrids/findings.jsonl
powergrids,historical-static,PowerGrids.Controls.Test.TestRampTrackingFilter,182,divisor-guarded-by-assertion,low,False,hold-needs-source-and-witness-review,"{""denominator"": ""rampTrackingFilter1.leadMOrderLagCascade[28].leadLag.T2"", ""witness"": ""none needed"", ""witness_rationale"": ""the denominator is zero as declared"", ""denominator_at_witness"": 0.0, ""denominator_at_declared_values"": 0.01, ""denominator_range"": """", ""path_condition"": ""not (rampTrackingFilter1.leadMOrderLagCascade[28].leadLag.noDynamics)"", ""verdict"": ""UNSAT"", ""proof"": ""the model asserts this denominator is bounded away from zero, so zero is outside its declared domain"", ""constraints"": """", ""note"": ""reported so the guard can be seen and challenged, not as a defect; zero is outside the domain this division is evaluated in""}",/data/mrumoca/eval/results/powergrids/findings.jsonl
powergrids,historical-static,PowerGrids.Controls.Test.TestRampTrackingFilter,183,divisor-reachable-zero,high,False,hold-needs-source-and-witness-review,"{""denominator"": ""(rampTrackingFilter1.leadMOrderLagCascade[28].leadLag.k * rampTrackingFilter1.leadMOrderLagCascade[28].leadLag.T1)"", ""witness"": ""rampTrackingFilter1.leadMOrderLagCascade[28].leadLag.k = 0"", ""witness_rationale"": ""set to zero"", ""denominator_at_witness"": 0.0, ""denominator_at_declared_values"": 1e-05, ""denominator_range"": ""[-inf, inf]"", ""path_condition"": ""always evaluated"", ""verdict"": ""SAT"", ""proof"": ""the division is not inside any branch"", ""constraints"": ""rampTrackingFilter1.leadMOrderLagCascade[28].leadLag.k: unbounded"", ""note"": ""a permitted assignment drives the complete denominator to zero and the division is still evaluated there""}",/data/mrumoca/eval/results/powergrids/findings.jsonl
powergrids,historical-static,PowerGrids.Controls.Test.TestRampTrackingFilter,184,divisor-reachable-zero,high,False,hold-needs-source-and-witness-review,"{""denominator"": ""(rampTrackingFilter1.leadMOrderLagCascade[28].leadLag.k * rampTrackingFilter1.leadMOrderLagCascade[28].leadLag.T1)"", ""witness"": ""rampTrackingFilter1.leadMOrderLagCascade[28].leadLag.k = 0"", ""witness_rationale"": ""set to zero"", ""denominator_at_witness"": 0.0, ""denominator_at_declared_values"": 1e-05, ""denominator_range"": ""[-inf, inf]"", ""path_condition"": ""always evaluated"", ""verdict"": ""SAT"", ""proof"": ""the division is not inside any branch"", ""constraints"": ""rampTrackingFilter1.leadMOrderLagCascade[28].leadLag.k: unbounded"", ""note"": ""a permitted assignment drives the complete denominator to zero and the division is still evaluated there""}",/data/mrumoca/eval/results/powergrids/findings.jsonl
powergrids,historical-static,PowerGrids.Controls.Test.TestRampTrackingFilter,185,divisor-guarded-by-assertion,low,False,hold-needs-source-and-witness-review,"{""denominator"": ""rampTrackingFilter1.leadMOrderLagCascade[29].leadLag.T2"", ""witness"": ""none needed"", ""witness_rationale"": ""the denominator is zero as declared"", ""denominator_at_witness"": 0.0, ""denominator_at_declared_values"": 0.01, ""denominator_range"": """", ""path_condition"": ""not (rampTrackingFilter1.leadMOrderLagCascade[29].leadLag.noDynamics)"", ""verdict"": ""UNSAT"", ""proof"": ""the model asserts this denominator is bounded away from zero, so zero is outside its declared domain"", ""constraints"": """", ""note"": ""reported so the guard can be seen and challenged, not as a defect; zero is outside the domain this division is evaluated in""}",/data/mrumoca/eval/results/powergrids/findings.jsonl
powergrids,historical-static,PowerGrids.Controls.Test.TestRampTrackingFilter,186,divisor-reachable-zero,high,False,hold-needs-source-and-witness-review,"{""denominator"": ""(rampTrackingFilter1.leadMOrderLagCascade[29].leadLag.k * rampTrackingFilter1.leadMOrderLagCascade[29].leadLag.T1)"", ""witness"": ""rampTrackingFilter1.leadMOrderLagCascade[29].leadLag.k = 0"", ""witness_rationale"": ""set to zero"", ""denominator_at_witness"": 0.0, ""denominator_at_declared_values"": 1e-05, ""denominator_range"": ""[-inf, inf]"", ""path_condition"": ""always evaluated"", ""verdict"": ""SAT"", ""proof"": ""the division is not inside any branch"", ""constraints"": ""rampTrackingFilter1.leadMOrderLagCascade[29].leadLag.k: unbounded"", ""note"": ""a permitted assignment drives the complete denominator to zero and the division is still evaluated there""}",/data/mrumoca/eval/results/powergrids/findings.jsonl
powergrids,historical-static,PowerGrids.Controls.Test.TestRampTrackingFilter,187,divisor-reachable-zero,high,False,hold-needs-source-and-witness-review,"{""denominator"": ""(rampTrackingFilter1.leadMOrderLagCascade[29].leadLag.k * rampTrackingFilter1.leadMOrderLagCascade[29].leadLag.T1)"", ""witness"": ""rampTrackingFilter1.leadMOrderLagCascade[29].leadLag.k = 0"", ""witness_rationale"": ""set to zero"", ""denominator_at_witness"": 0.0, ""denominator_at_declared_values"": 1e-05, ""denominator_range"": ""[-inf, inf]"", ""path_condition"": ""always evaluated"", ""verdict"": ""SAT"", ""proof"": ""the division is not inside any branch"", ""constraints"": ""rampTrackingFilter1.leadMOrderLagCascade[29].leadLag.k: unbounded"", ""note"": ""a permitted assignment drives the complete denominator to zero and the division is still evaluated there""}",/data/mrumoca/eval/results/powergrids/findings.jsonl
powergrids,historical-static,PowerGrids.Controls.Test.TestRampTrackingFilter,188,divisor-guarded-by-assertion,low,False,hold-needs-source-and-witness-review,"{""denominator"": ""rampTrackingFilter1.leadMOrderLagCascade[30].leadLag.T2"", ""witness"": ""none needed"", ""witness_rationale"": ""the denominator is zero as declared"", ""denominator_at_witness"": 0.0, ""denominator_at_declared_values"": 0.01, ""denominator_range"": """", ""path_condition"": ""not (rampTrackingFilter1.leadMOrderLagCascade[30].leadLag.noDynamics)"", ""verdict"": ""UNSAT"", ""proof"": ""the model asserts this denominator is bounded away from zero, so zero is outside its declared domain"", ""constraints"": """", ""note"": ""reported so the guard can be seen and challenged, not as a defect; zero is outside the domain this division is evaluated in""}",/data/mrumoca/eval/results/powergrids/findings.jsonl
powergrids,historical-static,PowerGrids.Controls.Test.TestRampTrackingFilter,189,divisor-reachable-zero,high,False,hold-needs-source-and-witness-review,"{""denominator"": ""(rampTrackingFilter1.leadMOrderLagCascade[30].leadLag.k * rampTrackingFilter1.leadMOrderLagCascade[30].leadLag.T1)"", ""witness"": ""rampTrackingFilter1.leadMOrderLagCascade[30].leadLag.k = 0"", ""witness_rationale"": ""set to zero"", ""denominator_at_witness"": 0.0, ""denominator_at_declared_values"": 1e-05, ""denominator_range"": ""[-inf, inf]"", ""path_condition"": ""always evaluated"", ""verdict"": ""SAT"", ""proof"": ""the division is not inside any branch"", ""constraints"": ""rampTrackingFilter1.leadMOrderLagCascade[30].leadLag.k: unbounded"", ""note"": ""a permitted assignment drives the complete denominator to zero and the division is still evaluated there""}",/data/mrumoca/eval/results/powergrids/findings.jsonl
powergrids,historical-static,PowerGrids.Controls.Test.TestRampTrackingFilter,190,divisor-reachable-zero,high,False,hold-needs-source-and-witness-review,"{""denominator"": ""(rampTrackingFilter1.leadMOrderLagCascade[30].leadLag.k * rampTrackingFilter1.leadMOrderLagCascade[30].leadLag.T1)"", ""witness"": ""rampTrackingFilter1.leadMOrderLagCascade[30].leadLag.k = 0"", ""witness_rationale"": ""set to zero"", ""denominator_at_witness"": 0.0, ""denominator_at_declared_values"": 1e-05, ""denominator_range"": ""[-inf, inf]"", ""path_condition"": ""always evaluated"", ""verdict"": ""SAT"", ""proof"": ""the division is not inside any branch"", ""constraints"": ""rampTrackingFilter1.leadMOrderLagCascade[30].leadLag.k: unbounded"", ""note"": ""a permitted assignment drives the complete denominator to zero and the division is still evaluated there""}",/data/mrumoca/eval/results/powergrids/findings.jsonl
powergrids,historical-static,PowerGrids.Controls.Test.TestRampTrackingFilter,191,divisor-guarded-by-assertion,low,False,hold-needs-source-and-witness-review,"{""denominator"": ""rampTrackingFilter1.leadMOrderLagCascade[31].leadLag.T2"", ""witness"": ""none needed"", ""witness_rationale"": ""the denominator is zero as declared"", ""denominator_at_witness"": 0.0, ""denominator_at_declared_values"": 0.01, ""denominator_range"": """", ""path_condition"": ""not (rampTrackingFilter1.leadMOrderLagCascade[31].leadLag.noDynamics)"", ""verdict"": ""UNSAT"", ""proof"": ""the model asserts this denominator is bounded away from zero, so zero is outside its declared domain"", ""constraints"": """", ""note"": ""reported so the guard can be seen and challenged, not as a defect; zero is outside the domain this division is evaluated in""}",/data/mrumoca/eval/results/powergrids/findings.jsonl
powergrids,historical-static,PowerGrids.Controls.Test.TestRampTrackingFilter,192,divisor-reachable-zero,high,False,hold-needs-source-and-witness-review,"{""denominator"": ""(rampTrackingFilter1.leadMOrderLagCascade[31].leadLag.k * rampTrackingFilter1.leadMOrderLagCascade[31].leadLag.T1)"", ""witness"": ""rampTrackingFilter1.leadMOrderLagCascade[31].leadLag.k = 0"", ""witness_rationale"": ""set to zero"", ""denominator_at_witness"": 0.0, ""denominator_at_declared_values"": 1e-05, ""denominator_range"": ""[-inf, inf]"", ""path_condition"": ""always evaluated"", ""verdict"": ""SAT"", ""proof"": ""the division is not inside any branch"", ""constraints"": ""rampTrackingFilter1.leadMOrderLagCascade[31].leadLag.k: unbounded"", ""note"": ""a permitted assignment drives the complete denominator to zero and the division is still evaluated there""}",/data/mrumoca/eval/results/powergrids/findings.jsonl
powergrids,historical-static,PowerGrids.Controls.Test.TestRampTrackingFilter,193,divisor-reachable-zero,high,False,hold-needs-source-and-witness-review,"{""denominator"": ""(rampTrackingFilter1.leadMOrderLagCascade[31].leadLag.k * rampTrackingFilter1.leadMOrderLagCascade[31].leadLag.T1)"", ""witness"": ""rampTrackingFilter1.leadMOrderLagCascade[31].leadLag.k = 0"", ""witness_rationale"": ""set to zero"", ""denominator_at_witness"": 0.0, ""denominator_at_declared_values"": 1e-05, ""denominator_range"": ""[-inf, inf]"", ""path_condition"": ""always evaluated"", ""verdict"": ""SAT"", ""proof"": ""the division is not inside any branch"", ""constraints"": ""rampTrackingFilter1.leadMOrderLagCascade[31].leadLag.k: unbounded"", ""note"": ""a permitted assignment drives the complete denominator to zero and the division is still evaluated there""}",/data/mrumoca/eval/results/powergrids/findings.jsonl
powergrids,historical-static,PowerGrids.Controls.Test.TestRampTrackingFilter,194,divisor-guarded-by-assertion,low,False,hold-needs-source-and-witness-review,"{""denominator"": ""rampTrackingFilter1.leadMOrderLagCascade[32].leadLag.T2"", ""witness"": ""none needed"", ""witness_rationale"": ""the denominator is zero as declared"", ""denominator_at_witness"": 0.0, ""denominator_at_declared_values"": 0.01, ""denominator_range"": """", ""path_condition"": ""not (rampTrackingFilter1.leadMOrderLagCascade[32].leadLag.noDynamics)"", ""verdict"": ""UNSAT"", ""proof"": ""the model asserts this denominator is bounded away from zero, so zero is outside its declared domain"", ""constraints"": """", ""note"": ""reported so the guard can be seen and challenged, not as a defect; zero is outside the domain this division is evaluated in""}",/data/mrumoca/eval/results/powergrids/findings.jsonl
powergrids,historical-static,PowerGrids.Controls.Test.TestRampTrackingFilter,195,divisor-reachable-zero,high,False,hold-needs-source-and-witness-review,"{""denominator"": ""(rampTrackingFilter1.leadMOrderLagCascade[32].leadLag.k * rampTrackingFilter1.leadMOrderLagCascade[32].leadLag.T1)"", ""witness"": ""rampTrackingFilter1.leadMOrderLagCascade[32].leadLag.k = 0"", ""witness_rationale"": ""set to zero"", ""denominator_at_witness"": 0.0, ""denominator_at_declared_values"": 1e-05, ""denominator_range"": ""[-inf, inf]"", ""path_condition"": ""always evaluated"", ""verdict"": ""SAT"", ""proof"": ""the division is not inside any branch"", ""constraints"": ""rampTrackingFilter1.leadMOrderLagCascade[32].leadLag.k: unbounded"", ""note"": ""a permitted assignment drives the complete denominator to zero and the division is still evaluated there""}",/data/mrumoca/eval/results/powergrids/findings.jsonl
powergrids,historical-static,PowerGrids.Controls.Test.TestRampTrackingFilter,196,divisor-reachable-zero,high,False,hold-needs-source-and-witness-review,"{""denominator"": ""(rampTrackingFilter1.leadMOrderLagCascade[32].leadLag.k * rampTrackingFilter1.leadMOrderLagCascade[32].leadLag.T1)"", ""witness"": ""rampTrackingFilter1.leadMOrderLagCascade[32].leadLag.k = 0"", ""witness_rationale"": ""set to zero"", ""denominator_at_witness"": 0.0, ""denominator_at_declared_values"": 1e-05, ""denominator_range"": ""[-inf, inf]"", ""path_condition"": ""always evaluated"", ""verdict"": ""SAT"", ""proof"": ""the division is not inside any branch"", ""constraints"": ""rampTrackingFilter1.leadMOrderLagCascade[32].leadLag.k: unbounded"", ""note"": ""a permitted assignment drives the complete denominator to zero and the division is still evaluated there""}",/data/mrumoca/eval/results/powergrids/findings.jsonl
powergrids,historical-static,PowerGrids.Controls.Test.TestRampTrackingFilter,197,divisor-guarded-by-assertion,low,False,hold-needs-source-and-witness-review,"{""denominator"": ""rampTrackingFilter1.leadMOrderLagCascade[33].leadLag.T2"", ""witness"": ""none needed"", ""witness_rationale"": ""the denominator is zero as declared"", ""denominator_at_witness"": 0.0, ""denominator_at_declared_values"": 0.01, ""denominator_range"": """", ""path_condition"": ""not (rampTrackingFilter1.leadMOrderLagCascade[33].leadLag.noDynamics)"", ""verdict"": ""UNSAT"", ""proof"": ""the model asserts this denominator is bounded away from zero, so zero is outside its declared domain"", ""constraints"": """", ""note"": ""reported so the guard can be seen and challenged, not as a defect; zero is outside the domain this division is evaluated in""}",/data/mrumoca/eval/results/powergrids/findings.jsonl
powergrids,historical-static,PowerGrids.Controls.Test.TestRampTrackingFilter,198,divisor-reachable-zero,high,False,hold-needs-source-and-witness-review,"{""denominator"": ""(rampTrackingFilter1.leadMOrderLagCascade[33].leadLag.k * rampTrackingFilter1.leadMOrderLagCascade[33].leadLag.T1)"", ""witness"": ""rampTrackingFilter1.leadMOrderLagCascade[33].leadLag.k = 0"", ""witness_rationale"": ""set to zero"", ""denominator_at_witness"": 0.0, ""denominator_at_declared_values"": 1e-05, ""denominator_range"": ""[-inf, inf]"", ""path_condition"": ""always evaluated"", ""verdict"": ""SAT"", ""proof"": ""the division is not inside any branch"", ""constraints"": ""rampTrackingFilter1.leadMOrderLagCascade[33].leadLag.k: unbounded"", ""note"": ""a permitted assignment drives the complete denominator to zero and the division is still evaluated there""}",/data/mrumoca/eval/results/powergrids/findings.jsonl
powergrids,historical-static,PowerGrids.Controls.Test.TestRampTrackingFilter,199,divisor-reachable-zero,high,False,hold-needs-source-and-witness-review,"{""denominator"": ""(rampTrackingFilter1.leadMOrderLagCascade[33].leadLag.k * rampTrackingFilter1.leadMOrderLagCascade[33].leadLag.T1)"", ""witness"": ""rampTrackingFilter1.leadMOrderLagCascade[33].leadLag.k = 0"", ""witness_rationale"": ""set to zero"", ""denominator_at_witness"": 0.0, ""denominator_at_declared_values"": 1e-05, ""denominator_range"": ""[-inf, inf]"", ""path_condition"": ""always evaluated"", ""verdict"": ""SAT"", ""proof"": ""the division is not inside any branch"", ""constraints"": ""rampTrackingFilter1.leadMOrderLagCascade[33].leadLag.k: unbounded"", ""note"": ""a permitted assignment drives the complete denominator to zero and the division is still evaluated there""}",/data/mrumoca/eval/results/powergrids/findings.jsonl
powergrids,historical-static,PowerGrids.Controls.Test.TestRampTrackingFilter,200,divisor-guarded-by-assertion,low,False,hold-needs-source-and-witness-review,"{""denominator"": ""rampTrackingFilter1.leadMOrderLagCascade[34].leadLag.T2"", ""witness"": ""none needed"", ""witness_rationale"": ""the denominator is zero as declared"", ""denominator_at_witness"": 0.0, ""denominator_at_declared_values"": 0.01, ""denominator_range"": """", ""path_condition"": ""not (rampTrackingFilter1.leadMOrderLagCascade[34].leadLag.noDynamics)"", ""verdict"": ""UNSAT"", ""proof"": ""the model asserts this denominator is bounded away from zero, so zero is outside its declared domain"", ""constraints"": """", ""note"": ""reported so the guard can be seen and challenged, not as a defect; zero is outside the domain this division is evaluated in""}",/data/mrumoca/eval/results/powergrids/findings.jsonl
powergrids,historical-static,PowerGrids.Controls.Test.TestRampTrackingFilter,201,divisor-reachable-zero,high,False,hold-needs-source-and-witness-review,"{""denominator"": ""(rampTrackingFilter1.leadMOrderLagCascade[34].leadLag.k * rampTrackingFilter1.leadMOrderLagCascade[34].leadLag.T1)"", ""witness"": ""rampTrackingFilter1.leadMOrderLagCascade[34].leadLag.k = 0"", ""witness_rationale"": ""set to zero"", ""denominator_at_witness"": 0.0, ""denominator_at_declared_values"": 1e-05, ""denominator_range"": ""[-inf, inf]"", ""path_condition"": ""always evaluated"", ""verdict"": ""SAT"", ""proof"": ""the division is not inside any branch"", ""constraints"": ""rampTrackingFilter1.leadMOrderLagCascade[34].leadLag.k: unbounded"", ""note"": ""a permitted assignment drives the complete denominator to zero and the division is still evaluated there""}",/data/mrumoca/eval/results/powergrids/findings.jsonl
powergrids,historical-static,PowerGrids.Controls.Test.TestRampTrackingFilter,202,divisor-reachable-zero,high,False,hold-needs-source-and-witness-review,"{""denominator"": ""(rampTrackingFilter1.leadMOrderLagCascade[34].leadLag.k * rampTrackingFilter1.leadMOrderLagCascade[34].leadLag.T1)"", ""witness"": ""rampTrackingFilter1.leadMOrderLagCascade[34].leadLag.k = 0"", ""witness_rationale"": ""set to zero"", ""denominator_at_witness"": 0.0, ""denominator_at_declared_values"": 1e-05, ""denominator_range"": ""[-inf, inf]"", ""path_condition"": ""always evaluated"", ""verdict"": ""SAT"", ""proof"": ""the division is not inside any branch"", ""constraints"": ""rampTrackingFilter1.leadMOrderLagCascade[34].leadLag.k: unbounded"", ""note"": ""a permitted assignment drives the complete denominator to zero and the division is still evaluated there""}",/data/mrumoca/eval/results/powergrids/findings.jsonl
powergrids,historical-static,PowerGrids.Controls.Test.TestRampTrackingFilter,203,divisor-guarded-by-assertion,low,False,hold-needs-source-and-witness-review,"{""denominator"": ""rampTrackingFilter1.leadMOrderLagCascade[35].leadLag.T2"", ""witness"": ""none needed"", ""witness_rationale"": ""the denominator is zero as declared"", ""denominator_at_witness"": 0.0, ""denominator_at_declared_values"": 0.01, ""denominator_range"": """", ""path_condition"": ""not (rampTrackingFilter1.leadMOrderLagCascade[35].leadLag.noDynamics)"", ""verdict"": ""UNSAT"", ""proof"": ""the model asserts this denominator is bounded away from zero, so zero is outside its declared domain"", ""constraints"": """", ""note"": ""reported so the guard can be seen and challenged, not as a defect; zero is outside the domain this division is evaluated in""}",/data/mrumoca/eval/results/powergrids/findings.jsonl
powergrids,historical-static,PowerGrids.Controls.Test.TestRampTrackingFilter,204,divisor-reachable-zero,high,False,hold-needs-source-and-witness-review,"{""denominator"": ""(rampTrackingFilter1.leadMOrderLagCascade[35].leadLag.k * rampTrackingFilter1.leadMOrderLagCascade[35].leadLag.T1)"", ""witness"": ""rampTrackingFilter1.leadMOrderLagCascade[35].leadLag.k = 0"", ""witness_rationale"": ""set to zero"", ""denominator_at_witness"": 0.0, ""denominator_at_declared_values"": 1e-05, ""denominator_range"": ""[-inf, inf]"", ""path_condition"": ""always evaluated"", ""verdict"": ""SAT"", ""proof"": ""the division is not inside any branch"", ""constraints"": ""rampTrackingFilter1.leadMOrderLagCascade[35].leadLag.k: unbounded"", ""note"": ""a permitted assignment drives the complete denominator to zero and the division is still evaluated there""}",/data/mrumoca/eval/results/powergrids/findings.jsonl
powergrids,historical-static,PowerGrids.Controls.Test.TestRampTrackingFilter,205,divisor-reachable-zero,high,False,hold-needs-source-and-witness-review,"{""denominator"": ""(rampTrackingFilter1.leadMOrderLagCascade[35].leadLag.k * rampTrackingFilter1.leadMOrderLagCascade[35].leadLag.T1)"", ""witness"": ""rampTrackingFilter1.leadMOrderLagCascade[35].leadLag.k = 0"", ""witness_rationale"": ""set to zero"", ""denominator_at_witness"": 0.0, ""denominator_at_declared_values"": 1e-05, ""denominator_range"": ""[-inf, inf]"", ""path_condition"": ""always evaluated"", ""verdict"": ""SAT"", ""proof"": ""the division is not inside any branch"", ""constraints"": ""rampTrackingFilter1.leadMOrderLagCascade[35].leadLag.k: unbounded"", ""note"": ""a permitted assignment drives the complete denominator to zero and the division is still evaluated there""}",/data/mrumoca/eval/results/powergrids/findings.jsonl
powergrids,historical-static,PowerGrids.Controls.Test.TestRampTrackingFilter,206,divisor-guarded-by-assertion,low,False,hold-needs-source-and-witness-review,"{""denominator"": ""rampTrackingFilter1.leadMOrderLagCascade[36].leadLag.T2"", ""witness"": ""none needed"", ""witness_rationale"": ""the denominator is zero as declared"", ""denominator_at_witness"": 0.0, ""denominator_at_declared_values"": 0.01, ""denominator_range"": """", ""path_condition"": ""not (rampTrackingFilter1.leadMOrderLagCascade[36].leadLag.noDynamics)"", ""verdict"": ""UNSAT"", ""proof"": ""the model asserts this denominator is bounded away from zero, so zero is outside its declared domain"", ""constraints"": """", ""note"": ""reported so the guard can be seen and challenged, not as a defect; zero is outside the domain this division is evaluated in""}",/data/mrumoca/eval/results/powergrids/findings.jsonl
powergrids,historical-static,PowerGrids.Controls.Test.TestRampTrackingFilter,207,divisor-reachable-zero,high,False,hold-needs-source-and-witness-review,"{""denominator"": ""(rampTrackingFilter1.leadMOrderLagCascade[36].leadLag.k * rampTrackingFilter1.leadMOrderLagCascade[36].leadLag.T1)"", ""witness"": ""rampTrackingFilter1.leadMOrderLagCascade[36].leadLag.k = 0"", ""witness_rationale"": ""set to zero"", ""denominator_at_witness"": 0.0, ""denominator_at_declared_values"": 1e-05, ""denominator_range"": ""[-inf, inf]"", ""path_condition"": ""always evaluated"", ""verdict"": ""SAT"", ""proof"": ""the division is not inside any branch"", ""constraints"": ""rampTrackingFilter1.leadMOrderLagCascade[36].leadLag.k: unbounded"", ""note"": ""a permitted assignment drives the complete denominator to zero and the division is still evaluated there""}",/data/mrumoca/eval/results/powergrids/findings.jsonl
powergrids,historical-static,PowerGrids.Controls.Test.TestRampTrackingFilter,208,divisor-reachable-zero,high,False,hold-needs-source-and-witness-review,"{""denominator"": ""(rampTrackingFilter1.leadMOrderLagCascade[36].leadLag.k * rampTrackingFilter1.leadMOrderLagCascade[36].leadLag.T1)"", ""witness"": ""rampTrackingFilter1.leadMOrderLagCascade[36].leadLag.k = 0"", ""witness_rationale"": ""set to zero"", ""denominator_at_witness"": 0.0, ""denominator_at_declared_values"": 1e-05, ""denominator_range"": ""[-inf, inf]"", ""path_condition"": ""always evaluated"", ""verdict"": ""SAT"", ""proof"": ""the division is not inside any branch"", ""constraints"": ""rampTrackingFilter1.leadMOrderLagCascade[36].leadLag.k: unbounded"", ""note"": ""a permitted assignment drives the complete denominator to zero and the division is still evaluated there""}",/data/mrumoca/eval/results/powergrids/findings.jsonl
powergrids,historical-static,PowerGrids.Controls.Test.TestRampTrackingFilter,209,divisor-guarded-by-assertion,low,False,hold-needs-source-and-witness-review,"{""denominator"": ""rampTrackingFilter1.leadMOrderLagCascade[37].leadLag.T2"", ""witness"": ""none needed"", ""witness_rationale"": ""the denominator is zero as declared"", ""denominator_at_witness"": 0.0, ""denominator_at_declared_values"": 0.01, ""denominator_range"": """", ""path_condition"": ""not (rampTrackingFilter1.leadMOrderLagCascade[37].leadLag.noDynamics)"", ""verdict"": ""UNSAT"", ""proof"": ""the model asserts this denominator is bounded away from zero, so zero is outside its declared domain"", ""constraints"": """", ""note"": ""reported so the guard can be seen and challenged, not as a defect; zero is outside the domain this division is evaluated in""}",/data/mrumoca/eval/results/powergrids/findings.jsonl
powergrids,historical-static,PowerGrids.Controls.Test.TestRampTrackingFilter,210,divisor-reachable-zero,high,False,hold-needs-source-and-witness-review,"{""denominator"": ""(rampTrackingFilter1.leadMOrderLagCascade[37].leadLag.k * rampTrackingFilter1.leadMOrderLagCascade[37].leadLag.T1)"", ""witness"": ""rampTrackingFilter1.leadMOrderLagCascade[37].leadLag.k = 0"", ""witness_rationale"": ""set to zero"", ""denominator_at_witness"": 0.0, ""denominator_at_declared_values"": 1e-05, ""denominator_range"": ""[-inf, inf]"", ""path_condition"": ""always evaluated"", ""verdict"": ""SAT"", ""proof"": ""the division is not inside any branch"", ""constraints"": ""rampTrackingFilter1.leadMOrderLagCascade[37].leadLag.k: unbounded"", ""note"": ""a permitted assignment drives the complete denominator to zero and the division is still evaluated there""}",/data/mrumoca/eval/results/powergrids/findings.jsonl
powergrids,historical-static,PowerGrids.Controls.Test.TestRampTrackingFilter,211,divisor-reachable-zero,high,False,hold-needs-source-and-witness-review,"{""denominator"": ""(rampTrackingFilter1.leadMOrderLagCascade[37].leadLag.k * rampTrackingFilter1.leadMOrderLagCascade[37].leadLag.T1)"", ""witness"": ""rampTrackingFilter1.leadMOrderLagCascade[37].leadLag.k = 0"", ""witness_rationale"": ""set to zero"", ""denominator_at_witness"": 0.0, ""denominator_at_declared_values"": 1e-05, ""denominator_range"": ""[-inf, inf]"", ""path_condition"": ""always evaluated"", ""verdict"": ""SAT"", ""proof"": ""the division is not inside any branch"", ""constraints"": ""rampTrackingFilter1.leadMOrderLagCascade[37].leadLag.k: unbounded"", ""note"": ""a permitted assignment drives the complete denominator to zero and the division is still evaluated there""}",/data/mrumoca/eval/results/powergrids/findings.jsonl
powergrids,historical-static,PowerGrids.Controls.Test.TestRampTrackingFilter,212,divisor-guarded-by-assertion,low,False,hold-needs-source-and-witness-review,"{""denominator"": ""rampTrackingFilter1.leadMOrderLagCascade[38].leadLag.T2"", ""witness"": ""none needed"", ""witness_rationale"": ""the denominator is zero as declared"", ""denominator_at_witness"": 0.0, ""denominator_at_declared_values"": 0.01, ""denominator_range"": """", ""path_condition"": ""not (rampTrackingFilter1.leadMOrderLagCascade[38].leadLag.noDynamics)"", ""verdict"": ""UNSAT"", ""proof"": ""the model asserts this denominator is bounded away from zero, so zero is outside its declared domain"", ""constraints"": """", ""note"": ""reported so the guard can be seen and challenged, not as a defect; zero is outside the domain this division is evaluated in""}",/data/mrumoca/eval/results/powergrids/findings.jsonl
powergrids,historical-static,PowerGrids.Controls.Test.TestRampTrackingFilter,213,divisor-reachable-zero,high,False,hold-needs-source-and-witness-review,"{""denominator"": ""(rampTrackingFilter1.leadMOrderLagCascade[38].leadLag.k * rampTrackingFilter1.leadMOrderLagCascade[38].leadLag.T1)"", ""witness"": ""rampTrackingFilter1.leadMOrderLagCascade[38].leadLag.k = 0"", ""witness_rationale"": ""set to zero"", ""denominator_at_witness"": 0.0, ""denominator_at_declared_values"": 1e-05, ""denominator_range"": ""[-inf, inf]"", ""path_condition"": ""always evaluated"", ""verdict"": ""SAT"", ""proof"": ""the division is not inside any branch"", ""constraints"": ""rampTrackingFilter1.leadMOrderLagCascade[38].leadLag.k: unbounded"", ""note"": ""a permitted assignment drives the complete denominator to zero and the division is still evaluated there""}",/data/mrumoca/eval/results/powergrids/findings.jsonl
powergrids,historical-static,PowerGrids.Controls.Test.TestRampTrackingFilter,214,divisor-reachable-zero,high,False,hold-needs-source-and-witness-review,"{""denominator"": ""(rampTrackingFilter1.leadMOrderLagCascade[38].leadLag.k * rampTrackingFilter1.leadMOrderLagCascade[38].leadLag.T1)"", ""witness"": ""rampTrackingFilter1.leadMOrderLagCascade[38].leadLag.k = 0"", ""witness_rationale"": ""set to zero"", ""denominator_at_witness"": 0.0, ""denominator_at_declared_values"": 1e-05, ""denominator_range"": ""[-inf, inf]"", ""path_condition"": ""always evaluated"", ""verdict"": ""SAT"", ""proof"": ""the division is not inside any branch"", ""constraints"": ""rampTrackingFilter1.leadMOrderLagCascade[38].leadLag.k: unbounded"", ""note"": ""a permitted assignment drives the complete denominator to zero and the division is still evaluated there""}",/data/mrumoca/eval/results/powergrids/findings.jsonl
powergrids,historical-static,PowerGrids.Controls.Test.TestRampTrackingFilter,215,divisor-guarded-by-assertion,low,False,hold-needs-source-and-witness-review,"{""denominator"": ""rampTrackingFilter1.leadMOrderLagCascade[39].leadLag.T2"", ""witness"": ""none needed"", ""witness_rationale"": ""the denominator is zero as declared"", ""denominator_at_witness"": 0.0, ""denominator_at_declared_values"": 0.01, ""denominator_range"": """", ""path_condition"": ""not (rampTrackingFilter1.leadMOrderLagCascade[39].leadLag.noDynamics)"", ""verdict"": ""UNSAT"", ""proof"": ""the model asserts this denominator is bounded away from zero, so zero is outside its declared domain"", ""constraints"": """", ""note"": ""reported so the guard can be seen and challenged, not as a defect; zero is outside the domain this division is evaluated in""}",/data/mrumoca/eval/results/powergrids/findings.jsonl
powergrids,historical-static,PowerGrids.Controls.Test.TestRampTrackingFilter,216,divisor-reachable-zero,high,False,hold-needs-source-and-witness-review,"{""denominator"": ""(rampTrackingFilter1.leadMOrderLagCascade[39].leadLag.k * rampTrackingFilter1.leadMOrderLagCascade[39].leadLag.T1)"", ""witness"": ""rampTrackingFilter1.leadMOrderLagCascade[39].leadLag.k = 0"", ""witness_rationale"": ""set to zero"", ""denominator_at_witness"": 0.0, ""denominator_at_declared_values"": 1e-05, ""denominator_range"": ""[-inf, inf]"", ""path_condition"": ""always evaluated"", ""verdict"": ""SAT"", ""proof"": ""the division is not inside any branch"", ""constraints"": ""rampTrackingFilter1.leadMOrderLagCascade[39].leadLag.k: unbounded"", ""note"": ""a permitted assignment drives the complete denominator to zero and the division is still evaluated there""}",/data/mrumoca/eval/results/powergrids/findings.jsonl
powergrids,historical-static,PowerGrids.Controls.Test.TestRampTrackingFilter,217,divisor-reachable-zero,high,False,hold-needs-source-and-witness-review,"{""denominator"": ""(rampTrackingFilter1.leadMOrderLagCascade[39].leadLag.k * rampTrackingFilter1.leadMOrderLagCascade[39].leadLag.T1)"", ""witness"": ""rampTrackingFilter1.leadMOrderLagCascade[39].leadLag.k = 0"", ""witness_rationale"": ""set to zero"", ""denominator_at_witness"": 0.0, ""denominator_at_declared_values"": 1e-05, ""denominator_range"": ""[-inf, inf]"", ""path_condition"": ""always evaluated"", ""verdict"": ""SAT"", ""proof"": ""the division is not inside any branch"", ""constraints"": ""rampTrackingFilter1.leadMOrderLagCascade[39].leadLag.k: unbounded"", ""note"": ""a permitted assignment drives the complete denominator to zero and the division is still evaluated there""}",/data/mrumoca/eval/results/powergrids/findings.jsonl
powergrids,historical-static,PowerGrids.Controls.Test.TestRampTrackingFilter,218,divisor-guarded-by-assertion,low,False,hold-needs-source-and-witness-review,"{""denominator"": ""rampTrackingFilter1.leadMOrderLagCascade[40].leadLag.T2"", ""witness"": ""none needed"", ""witness_rationale"": ""the denominator is zero as declared"", ""denominator_at_witness"": 0.0, ""denominator_at_declared_values"": 0.01, ""denominator_range"": """", ""path_condition"": ""not (rampTrackingFilter1.leadMOrderLagCascade[40].leadLag.noDynamics)"", ""verdict"": ""UNSAT"", ""proof"": ""the model asserts this denominator is bounded away from zero, so zero is outside its declared domain"", ""constraints"": """", ""note"": ""reported so the guard can be seen and challenged, not as a defect; zero is outside the domain this division is evaluated in""}",/data/mrumoca/eval/results/powergrids/findings.jsonl
powergrids,historical-static,PowerGrids.Controls.Test.TestRampTrackingFilter,219,divisor-reachable-zero,high,False,hold-needs-source-and-witness-review,"{""denominator"": ""(rampTrackingFilter1.leadMOrderLagCascade[40].leadLag.k * rampTrackingFilter1.leadMOrderLagCascade[40].leadLag.T1)"", ""witness"": ""rampTrackingFilter1.leadMOrderLagCascade[40].leadLag.k = 0"", ""witness_rationale"": ""set to zero"", ""denominator_at_witness"": 0.0, ""denominator_at_declared_values"": 1e-05, ""denominator_range"": ""[-inf, inf]"", ""path_condition"": ""always evaluated"", ""verdict"": ""SAT"", ""proof"": ""the division is not inside any branch"", ""constraints"": ""rampTrackingFilter1.leadMOrderLagCascade[40].leadLag.k: unbounded"", ""note"": ""a permitted assignment drives the complete denominator to zero and the division is still evaluated there""}",/data/mrumoca/eval/results/powergrids/findings.jsonl
powergrids,historical-static,PowerGrids.Controls.Test.TestRampTrackingFilter,220,divisor-reachable-zero,high,False,hold-needs-source-and-witness-review,"{""denominator"": ""(rampTrackingFilter1.leadMOrderLagCascade[40].leadLag.k * rampTrackingFilter1.leadMOrderLagCascade[40].leadLag.T1)"", ""witness"": ""rampTrackingFilter1.leadMOrderLagCascade[40].leadLag.k = 0"", ""witness_rationale"": ""set to zero"", ""denominator_at_witness"": 0.0, ""denominator_at_declared_values"": 1e-05, ""denominator_range"": ""[-inf, inf]"", ""path_condition"": ""always evaluated"", ""verdict"": ""SAT"", ""proof"": ""the division is not inside any branch"", ""constraints"": ""rampTrackingFilter1.leadMOrderLagCascade[40].leadLag.k: unbounded"", ""note"": ""a permitted assignment drives the complete denominator to zero and the division is still evaluated there""}",/data/mrumoca/eval/results/powergrids/findings.jsonl
powergrids,historical-static,PowerGrids.Controls.Test.TestRampTrackingFilter,221,divisor-guarded-by-assertion,low,False,hold-needs-source-and-witness-review,"{""denominator"": ""rampTrackingFilter1.leadMOrderLagCascade[41].leadLag.T2"", ""witness"": ""none needed"", ""witness_rationale"": ""the denominator is zero as declared"", ""denominator_at_witness"": 0.0, ""denominator_at_declared_values"": 0.01, ""denominator_range"": """", ""path_condition"": ""not (rampTrackingFilter1.leadMOrderLagCascade[41].leadLag.noDynamics)"", ""verdict"": ""UNSAT"", ""proof"": ""the model asserts this denominator is bounded away from zero, so zero is outside its declared domain"", ""constraints"": """", ""note"": ""reported so the guard can be seen and challenged, not as a defect; zero is outside the domain this division is evaluated in""}",/data/mrumoca/eval/results/powergrids/findings.jsonl
powergrids,historical-static,PowerGrids.Controls.Test.TestRampTrackingFilter,222,divisor-reachable-zero,high,False,hold-needs-source-and-witness-review,"{""denominator"": ""(rampTrackingFilter1.leadMOrderLagCascade[41].leadLag.k * rampTrackingFilter1.leadMOrderLagCascade[41].leadLag.T1)"", ""witness"": ""rampTrackingFilter1.leadMOrderLagCascade[41].leadLag.k = 0"", ""witness_rationale"": ""set to zero"", ""denominator_at_witness"": 0.0, ""denominator_at_declared_values"": 1e-05, ""denominator_range"": ""[-inf, inf]"", ""path_condition"": ""always evaluated"", ""verdict"": ""SAT"", ""proof"": ""the division is not inside any branch"", ""constraints"": ""rampTrackingFilter1.leadMOrderLagCascade[41].leadLag.k: unbounded"", ""note"": ""a permitted assignment drives the complete denominator to zero and the division is still evaluated there""}",/data/mrumoca/eval/results/powergrids/findings.jsonl
powergrids,historical-static,PowerGrids.Controls.Test.TestRampTrackingFilter,223,divisor-reachable-zero,high,False,hold-needs-source-and-witness-review,"{""denominator"": ""(rampTrackingFilter1.leadMOrderLagCascade[41].leadLag.k * rampTrackingFilter1.leadMOrderLagCascade[41].leadLag.T1)"", ""witness"": ""rampTrackingFilter1.leadMOrderLagCascade[41].leadLag.k = 0"", ""witness_rationale"": ""set to zero"", ""denominator_at_witness"": 0.0, ""denominator_at_declared_values"": 1e-05, ""denominator_range"": ""[-inf, inf]"", ""path_condition"": ""always evaluated"", ""verdict"": ""SAT"", ""proof"": ""the division is not inside any branch"", ""constraints"": ""rampTrackingFilter1.leadMOrderLagCascade[41].leadLag.k: unbounded"", ""note"": ""a permitted assignment drives the complete denominator to zero and the division is still evaluated there""}",/data/mrumoca/eval/results/powergrids/findings.jsonl
powergrids,historical-static,PowerGrids.Controls.Test.TestRampTrackingFilter,224,divisor-guarded-by-assertion,low,False,hold-needs-source-and-witness-review,"{""denominator"": ""rampTrackingFilter1.leadMOrderLagCascade[42].leadLag.T2"", ""witness"": ""none needed"", ""witness_rationale"": ""the denominator is zero as declared"", ""denominator_at_witness"": 0.0, ""denominator_at_declared_values"": 0.01, ""denominator_range"": """", ""path_condition"": ""not (rampTrackingFilter1.leadMOrderLagCascade[42].leadLag.noDynamics)"", ""verdict"": ""UNSAT"", ""proof"": ""the model asserts this denominator is bounded away from zero, so zero is outside its declared domain"", ""constraints"": """", ""note"": ""reported so the guard can be seen and challenged, not as a defect; zero is outside the domain this division is evaluated in""}",/data/mrumoca/eval/results/powergrids/findings.jsonl
powergrids,historical-static,PowerGrids.Controls.Test.TestRampTrackingFilter,225,divisor-reachable-zero,high,False,hold-needs-source-and-witness-review,"{""denominator"": ""(rampTrackingFilter1.leadMOrderLagCascade[42].leadLag.k * rampTrackingFilter1.leadMOrderLagCascade[42].leadLag.T1)"", ""witness"": ""rampTrackingFilter1.leadMOrderLagCascade[42].leadLag.k = 0"", ""witness_rationale"": ""set to zero"", ""denominator_at_witness"": 0.0, ""denominator_at_declared_values"": 1e-05, ""denominator_range"": ""[-inf, inf]"", ""path_condition"": ""always evaluated"", ""verdict"": ""SAT"", ""proof"": ""the division is not inside any branch"", ""constraints"": ""rampTrackingFilter1.leadMOrderLagCascade[42].leadLag.k: unbounded"", ""note"": ""a permitted assignment drives the complete denominator to zero and the division is still evaluated there""}",/data/mrumoca/eval/results/powergrids/findings.jsonl
powergrids,historical-static,PowerGrids.Controls.Test.TestRampTrackingFilter,226,divisor-reachable-zero,high,False,hold-needs-source-and-witness-review,"{""denominator"": ""(rampTrackingFilter1.leadMOrderLagCascade[42].leadLag.k * rampTrackingFilter1.leadMOrderLagCascade[42].leadLag.T1)"", ""witness"": ""rampTrackingFilter1.leadMOrderLagCascade[42].leadLag.k = 0"", ""witness_rationale"": ""set to zero"", ""denominator_at_witness"": 0.0, ""denominator_at_declared_values"": 1e-05, ""denominator_range"": ""[-inf, inf]"", ""path_condition"": ""always evaluated"", ""verdict"": ""SAT"", ""proof"": ""the division is not inside any branch"", ""constraints"": ""rampTrackingFilter1.leadMOrderLagCascade[42].leadLag.k: unbounded"", ""note"": ""a permitted assignment drives the complete denominator to zero and the division is still evaluated there""}",/data/mrumoca/eval/results/powergrids/findings.jsonl
powergrids,historical-static,PowerGrids.Controls.Test.TestRampTrackingFilter,227,divisor-guarded-by-assertion,low,False,hold-needs-source-and-witness-review,"{""denominator"": ""rampTrackingFilter1.leadMOrderLagCascade[43].leadLag.T2"", ""witness"": ""none needed"", ""witness_rationale"": ""the denominator is zero as declared"", ""denominator_at_witness"": 0.0, ""denominator_at_declared_values"": 0.01, ""denominator_range"": """", ""path_condition"": ""not (rampTrackingFilter1.leadMOrderLagCascade[43].leadLag.noDynamics)"", ""verdict"": ""UNSAT"", ""proof"": ""the model asserts this denominator is bounded away from zero, so zero is outside its declared domain"", ""constraints"": """", ""note"": ""reported so the guard can be seen and challenged, not as a defect; zero is outside the domain this division is evaluated in""}",/data/mrumoca/eval/results/powergrids/findings.jsonl
powergrids,historical-static,PowerGrids.Controls.Test.TestRampTrackingFilter,228,divisor-reachable-zero,high,False,hold-needs-source-and-witness-review,"{""denominator"": ""(rampTrackingFilter1.leadMOrderLagCascade[43].leadLag.k * rampTrackingFilter1.leadMOrderLagCascade[43].leadLag.T1)"", ""witness"": ""rampTrackingFilter1.leadMOrderLagCascade[43].leadLag.k = 0"", ""witness_rationale"": ""set to zero"", ""denominator_at_witness"": 0.0, ""denominator_at_declared_values"": 1e-05, ""denominator_range"": ""[-inf, inf]"", ""path_condition"": ""always evaluated"", ""verdict"": ""SAT"", ""proof"": ""the division is not inside any branch"", ""constraints"": ""rampTrackingFilter1.leadMOrderLagCascade[43].leadLag.k: unbounded"", ""note"": ""a permitted assignment drives the complete denominator to zero and the division is still evaluated there""}",/data/mrumoca/eval/results/powergrids/findings.jsonl
powergrids,historical-static,PowerGrids.Controls.Test.TestRampTrackingFilter,229,divisor-reachable-zero,high,False,hold-needs-source-and-witness-review,"{""denominator"": ""(rampTrackingFilter1.leadMOrderLagCascade[43].leadLag.k * rampTrackingFilter1.leadMOrderLagCascade[43].leadLag.T1)"", ""witness"": ""rampTrackingFilter1.leadMOrderLagCascade[43].leadLag.k = 0"", ""witness_rationale"": ""set to zero"", ""denominator_at_witness"": 0.0, ""denominator_at_declared_values"": 1e-05, ""denominator_range"": ""[-inf, inf]"", ""path_condition"": ""always evaluated"", ""verdict"": ""SAT"", ""proof"": ""the division is not inside any branch"", ""constraints"": ""rampTrackingFilter1.leadMOrderLagCascade[43].leadLag.k: unbounded"", ""note"": ""a permitted assignment drives the complete denominator to zero and the division is still evaluated there""}",/data/mrumoca/eval/results/powergrids/findings.jsonl
powergrids,historical-static,PowerGrids.Controls.Test.TestRampTrackingFilter,230,divisor-guarded-by-assertion,low,False,hold-needs-source-and-witness-review,"{""denominator"": ""rampTrackingFilter1.leadMOrderLagCascade[44].leadLag.T2"", ""witness"": ""none needed"", ""witness_rationale"": ""the denominator is zero as declared"", ""denominator_at_witness"": 0.0, ""denominator_at_declared_values"": 0.01, ""denominator_range"": """", ""path_condition"": ""not (rampTrackingFilter1.leadMOrderLagCascade[44].leadLag.noDynamics)"", ""verdict"": ""UNSAT"", ""proof"": ""the model asserts this denominator is bounded away from zero, so zero is outside its declared domain"", ""constraints"": """", ""note"": ""reported so the guard can be seen and challenged, not as a defect; zero is outside the domain this division is evaluated in""}",/data/mrumoca/eval/results/powergrids/findings.jsonl
powergrids,historical-static,PowerGrids.Controls.Test.TestRampTrackingFilter,231,divisor-reachable-zero,high,False,hold-needs-source-and-witness-review,"{""denominator"": ""(rampTrackingFilter1.leadMOrderLagCascade[44].leadLag.k * rampTrackingFilter1.leadMOrderLagCascade[44].leadLag.T1)"", ""witness"": ""rampTrackingFilter1.leadMOrderLagCascade[44].leadLag.k = 0"", ""witness_rationale"": ""set to zero"", ""denominator_at_witness"": 0.0, ""denominator_at_declared_values"": 1e-05, ""denominator_range"": ""[-inf, inf]"", ""path_condition"": ""always evaluated"", ""verdict"": ""SAT"", ""proof"": ""the division is not inside any branch"", ""constraints"": ""rampTrackingFilter1.leadMOrderLagCascade[44].leadLag.k: unbounded"", ""note"": ""a permitted assignment drives the complete denominator to zero and the division is still evaluated there""}",/data/mrumoca/eval/results/powergrids/findings.jsonl
powergrids,historical-static,PowerGrids.Controls.Test.TestRampTrackingFilter,232,divisor-reachable-zero,high,False,hold-needs-source-and-witness-review,"{""denominator"": ""(rampTrackingFilter1.leadMOrderLagCascade[44].leadLag.k * rampTrackingFilter1.leadMOrderLagCascade[44].leadLag.T1)"", ""witness"": ""rampTrackingFilter1.leadMOrderLagCascade[44].leadLag.k = 0"", ""witness_rationale"": ""set to zero"", ""denominator_at_witness"": 0.0, ""denominator_at_declared_values"": 1e-05, ""denominator_range"": ""[-inf, inf]"", ""path_condition"": ""always evaluated"", ""verdict"": ""SAT"", ""proof"": ""the division is not inside any branch"", ""constraints"": ""rampTrackingFilter1.leadMOrderLagCascade[44].leadLag.k: unbounded"", ""note"": ""a permitted assignment drives the complete denominator to zero and the division is still evaluated there""}",/data/mrumoca/eval/results/powergrids/findings.jsonl
powergrids,historical-static,PowerGrids.Controls.Test.TestRampTrackingFilter,233,divisor-guarded-by-assertion,low,False,hold-needs-source-and-witness-review,"{""denominator"": ""rampTrackingFilter1.leadMOrderLagCascade[45].leadLag.T2"", ""witness"": ""none needed"", ""witness_rationale"": ""the denominator is zero as declared"", ""denominator_at_witness"": 0.0, ""denominator_at_declared_values"": 0.01, ""denominator_range"": """", ""path_condition"": ""not (rampTrackingFilter1.leadMOrderLagCascade[45].leadLag.noDynamics)"", ""verdict"": ""UNSAT"", ""proof"": ""the model asserts this denominator is bounded away from zero, so zero is outside its declared domain"", ""constraints"": """", ""note"": ""reported so the guard can be seen and challenged, not as a defect; zero is outside the domain this division is evaluated in""}",/data/mrumoca/eval/results/powergrids/findings.jsonl
powergrids,historical-static,PowerGrids.Controls.Test.TestRampTrackingFilter,234,divisor-reachable-zero,high,False,hold-needs-source-and-witness-review,"{""denominator"": ""(rampTrackingFilter1.leadMOrderLagCascade[45].leadLag.k * rampTrackingFilter1.leadMOrderLagCascade[45].leadLag.T1)"", ""witness"": ""rampTrackingFilter1.leadMOrderLagCascade[45].leadLag.k = 0"", ""witness_rationale"": ""set to zero"", ""denominator_at_witness"": 0.0, ""denominator_at_declared_values"": 1e-05, ""denominator_range"": ""[-inf, inf]"", ""path_condition"": ""always evaluated"", ""verdict"": ""SAT"", ""proof"": ""the division is not inside any branch"", ""constraints"": ""rampTrackingFilter1.leadMOrderLagCascade[45].leadLag.k: unbounded"", ""note"": ""a permitted assignment drives the complete denominator to zero and the division is still evaluated there""}",/data/mrumoca/eval/results/powergrids/findings.jsonl
powergrids,historical-static,PowerGrids.Controls.Test.TestRampTrackingFilter,235,divisor-reachable-zero,high,False,hold-needs-source-and-witness-review,"{""denominator"": ""(rampTrackingFilter1.leadMOrderLagCascade[45].leadLag.k * rampTrackingFilter1.leadMOrderLagCascade[45].leadLag.T1)"", ""witness"": ""rampTrackingFilter1.leadMOrderLagCascade[45].leadLag.k = 0"", ""witness_rationale"": ""set to zero"", ""denominator_at_witness"": 0.0, ""denominator_at_declared_values"": 1e-05, ""denominator_range"": ""[-inf, inf]"", ""path_condition"": ""always evaluated"", ""verdict"": ""SAT"", ""proof"": ""the division is not inside any branch"", ""constraints"": ""rampTrackingFilter1.leadMOrderLagCascade[45].leadLag.k: unbounded"", ""note"": ""a permitted assignment drives the complete denominator to zero and the division is still evaluated there""}",/data/mrumoca/eval/results/powergrids/findings.jsonl
powergrids,historical-static,PowerGrids.Controls.Test.TestRampTrackingFilter,236,divisor-guarded-by-assertion,low,False,hold-needs-source-and-witness-review,"{""denominator"": ""rampTrackingFilter1.leadMOrderLagCascade[46].leadLag.T2"", ""witness"": ""none needed"", ""witness_rationale"": ""the denominator is zero as declared"", ""denominator_at_witness"": 0.0, ""denominator_at_declared_values"": 0.01, ""denominator_range"": """", ""path_condition"": ""not (rampTrackingFilter1.leadMOrderLagCascade[46].leadLag.noDynamics)"", ""verdict"": ""UNSAT"", ""proof"": ""the model asserts this denominator is bounded away from zero, so zero is outside its declared domain"", ""constraints"": """", ""note"": ""reported so the guard can be seen and challenged, not as a defect; zero is outside the domain this division is evaluated in""}",/data/mrumoca/eval/results/powergrids/findings.jsonl
powergrids,historical-static,PowerGrids.Controls.Test.TestRampTrackingFilter,237,divisor-reachable-zero,high,False,hold-needs-source-and-witness-review,"{""denominator"": ""(rampTrackingFilter1.leadMOrderLagCascade[46].leadLag.k * rampTrackingFilter1.leadMOrderLagCascade[46].leadLag.T1)"", ""witness"": ""rampTrackingFilter1.leadMOrderLagCascade[46].leadLag.k = 0"", ""witness_rationale"": ""set to zero"", ""denominator_at_witness"": 0.0, ""denominator_at_declared_values"": 1e-05, ""denominator_range"": ""[-inf, inf]"", ""path_condition"": ""always evaluated"", ""verdict"": ""SAT"", ""proof"": ""the division is not inside any branch"", ""constraints"": ""rampTrackingFilter1.leadMOrderLagCascade[46].leadLag.k: unbounded"", ""note"": ""a permitted assignment drives the complete denominator to zero and the division is still evaluated there""}",/data/mrumoca/eval/results/powergrids/findings.jsonl
powergrids,historical-static,PowerGrids.Controls.Test.TestRampTrackingFilter,238,divisor-reachable-zero,high,False,hold-needs-source-and-witness-review,"{""denominator"": ""(rampTrackingFilter1.leadMOrderLagCascade[46].leadLag.k * rampTrackingFilter1.leadMOrderLagCascade[46].leadLag.T1)"", ""witness"": ""rampTrackingFilter1.leadMOrderLagCascade[46].leadLag.k = 0"", ""witness_rationale"": ""set to zero"", ""denominator_at_witness"": 0.0, ""denominator_at_declared_values"": 1e-05, ""denominator_range"": ""[-inf, inf]"", ""path_condition"": ""always evaluated"", ""verdict"": ""SAT"", ""proof"": ""the division is not inside any branch"", ""constraints"": ""rampTrackingFilter1.leadMOrderLagCascade[46].leadLag.k: unbounded"", ""note"": ""a permitted assignment drives the complete denominator to zero and the division is still evaluated there""}",/data/mrumoca/eval/results/powergrids/findings.jsonl
powergrids,historical-static,PowerGrids.Controls.Test.TestRampTrackingFilter,239,divisor-guarded-by-assertion,low,False,hold-needs-source-and-witness-review,"{""denominator"": ""rampTrackingFilter1.leadMOrderLagCascade[47].leadLag.T2"", ""witness"": ""none needed"", ""witness_rationale"": ""the denominator is zero as declared"", ""denominator_at_witness"": 0.0, ""denominator_at_declared_values"": 0.01, ""denominator_range"": """", ""path_condition"": ""not (rampTrackingFilter1.leadMOrderLagCascade[47].leadLag.noDynamics)"", ""verdict"": ""UNSAT"", ""proof"": ""the model asserts this denominator is bounded away from zero, so zero is outside its declared domain"", ""constraints"": """", ""note"": ""reported so the guard can be seen and challenged, not as a defect; zero is outside the domain this division is evaluated in""}",/data/mrumoca/eval/results/powergrids/findings.jsonl
powergrids,historical-static,PowerGrids.Controls.Test.TestRampTrackingFilter,240,divisor-reachable-zero,high,False,hold-needs-source-and-witness-review,"{""denominator"": ""(rampTrackingFilter1.leadMOrderLagCascade[47].leadLag.k * rampTrackingFilter1.leadMOrderLagCascade[47].leadLag.T1)"", ""witness"": ""rampTrackingFilter1.leadMOrderLagCascade[47].leadLag.k = 0"", ""witness_rationale"": ""set to zero"", ""denominator_at_witness"": 0.0, ""denominator_at_declared_values"": 1e-05, ""denominator_range"": ""[-inf, inf]"", ""path_condition"": ""always evaluated"", ""verdict"": ""SAT"", ""proof"": ""the division is not inside any branch"", ""constraints"": ""rampTrackingFilter1.leadMOrderLagCascade[47].leadLag.k: unbounded"", ""note"": ""a permitted assignment drives the complete denominator to zero and the division is still evaluated there""}",/data/mrumoca/eval/results/powergrids/findings.jsonl
powergrids,historical-static,PowerGrids.Controls.Test.TestRampTrackingFilter,241,divisor-reachable-zero,high,False,hold-needs-source-and-witness-review,"{""denominator"": ""(rampTrackingFilter1.leadMOrderLagCascade[47].leadLag.k * rampTrackingFilter1.leadMOrderLagCascade[47].leadLag.T1)"", ""witness"": ""rampTrackingFilter1.leadMOrderLagCascade[47].leadLag.k = 0"", ""witness_rationale"": ""set to zero"", ""denominator_at_witness"": 0.0, ""denominator_at_declared_values"": 1e-05, ""denominator_range"": ""[-inf, inf]"", ""path_condition"": ""always evaluated"", ""verdict"": ""SAT"", ""proof"": ""the division is not inside any branch"", ""constraints"": ""rampTrackingFilter1.leadMOrderLagCascade[47].leadLag.k: unbounded"", ""note"": ""a permitted assignment drives the complete denominator to zero and the division is still evaluated there""}",/data/mrumoca/eval/results/powergrids/findings.jsonl
powergrids,historical-static,PowerGrids.Controls.Test.TestRampTrackingFilter,242,divisor-guarded-by-assertion,low,False,hold-needs-source-and-witness-review,"{""denominator"": ""rampTrackingFilter1.leadMOrderLagCascade[48].leadLag.T2"", ""witness"": ""none needed"", ""witness_rationale"": ""the denominator is zero as declared"", ""denominator_at_witness"": 0.0, ""denominator_at_declared_values"": 0.01, ""denominator_range"": """", ""path_condition"": ""not (rampTrackingFilter1.leadMOrderLagCascade[48].leadLag.noDynamics)"", ""verdict"": ""UNSAT"", ""proof"": ""the model asserts this denominator is bounded away from zero, so zero is outside its declared domain"", ""constraints"": """", ""note"": ""reported so the guard can be seen and challenged, not as a defect; zero is outside the domain this division is evaluated in""}",/data/mrumoca/eval/results/powergrids/findings.jsonl
powergrids,historical-static,PowerGrids.Controls.Test.TestRampTrackingFilter,243,divisor-reachable-zero,high,False,hold-needs-source-and-witness-review,"{""denominator"": ""(rampTrackingFilter1.leadMOrderLagCascade[48].leadLag.k * rampTrackingFilter1.leadMOrderLagCascade[48].leadLag.T1)"", ""witness"": ""rampTrackingFilter1.leadMOrderLagCascade[48].leadLag.k = 0"", ""witness_rationale"": ""set to zero"", ""denominator_at_witness"": 0.0, ""denominator_at_declared_values"": 1e-05, ""denominator_range"": ""[-inf, inf]"", ""path_condition"": ""always evaluated"", ""verdict"": ""SAT"", ""proof"": ""the division is not inside any branch"", ""constraints"": ""rampTrackingFilter1.leadMOrderLagCascade[48].leadLag.k: unbounded"", ""note"": ""a permitted assignment drives the complete denominator to zero and the division is still evaluated there""}",/data/mrumoca/eval/results/powergrids/findings.jsonl
powergrids,historical-static,PowerGrids.Controls.Test.TestRampTrackingFilter,244,divisor-reachable-zero,high,False,hold-needs-source-and-witness-review,"{""denominator"": ""(rampTrackingFilter1.leadMOrderLagCascade[48].leadLag.k * rampTrackingFilter1.leadMOrderLagCascade[48].leadLag.T1)"", ""witness"": ""rampTrackingFilter1.leadMOrderLagCascade[48].leadLag.k = 0"", ""witness_rationale"": ""set to zero"", ""denominator_at_witness"": 0.0, ""denominator_at_declared_values"": 1e-05, ""denominator_range"": ""[-inf, inf]"", ""path_condition"": ""always evaluated"", ""verdict"": ""SAT"", ""proof"": ""the division is not inside any branch"", ""constraints"": ""rampTrackingFilter1.leadMOrderLagCascade[48].leadLag.k: unbounded"", ""note"": ""a permitted assignment drives the complete denominator to zero and the division is still evaluated there""}",/data/mrumoca/eval/results/powergrids/findings.jsonl
powergrids,historical-static,PowerGrids.Controls.Test.TestRampTrackingFilter,245,divisor-guarded-by-assertion,low,False,hold-needs-source-and-witness-review,"{""denominator"": ""rampTrackingFilter1.leadMOrderLagCascade[49].leadLag.T2"", ""witness"": ""none needed"", ""witness_rationale"": ""the denominator is zero as declared"", ""denominator_at_witness"": 0.0, ""denominator_at_declared_values"": 0.01, ""denominator_range"": """", ""path_condition"": ""not (rampTrackingFilter1.leadMOrderLagCascade[49].leadLag.noDynamics)"", ""verdict"": ""UNSAT"", ""proof"": ""the model asserts this denominator is bounded away from zero, so zero is outside its declared domain"", ""constraints"": """", ""note"": ""reported so the guard can be seen and challenged, not as a defect; zero is outside the domain this division is evaluated in""}",/data/mrumoca/eval/results/powergrids/findings.jsonl
powergrids,historical-static,PowerGrids.Controls.Test.TestRampTrackingFilter,246,divisor-reachable-zero,high,False,hold-needs-source-and-witness-review,"{""denominator"": ""(rampTrackingFilter1.leadMOrderLagCascade[49].leadLag.k * rampTrackingFilter1.leadMOrderLagCascade[49].leadLag.T1)"", ""witness"": ""rampTrackingFilter1.leadMOrderLagCascade[49].leadLag.k = 0"", ""witness_rationale"": ""set to zero"", ""denominator_at_witness"": 0.0, ""denominator_at_declared_values"": 1e-05, ""denominator_range"": ""[-inf, inf]"", ""path_condition"": ""always evaluated"", ""verdict"": ""SAT"", ""proof"": ""the division is not inside any branch"", ""constraints"": ""rampTrackingFilter1.leadMOrderLagCascade[49].leadLag.k: unbounded"", ""note"": ""a permitted assignment drives the complete denominator to zero and the division is still evaluated there""}",/data/mrumoca/eval/results/powergrids/findings.jsonl
powergrids,historical-static,PowerGrids.Controls.Test.TestRampTrackingFilter,247,divisor-reachable-zero,high,False,hold-needs-source-and-witness-review,"{""denominator"": ""(rampTrackingFilter1.leadMOrderLagCascade[49].leadLag.k * rampTrackingFilter1.leadMOrderLagCascade[49].leadLag.T1)"", ""witness"": ""rampTrackingFilter1.leadMOrderLagCascade[49].leadLag.k = 0"", ""witness_rationale"": ""set to zero"", ""denominator_at_witness"": 0.0, ""denominator_at_declared_values"": 1e-05, ""denominator_range"": ""[-inf, inf]"", ""path_condition"": ""always evaluated"", ""verdict"": ""SAT"", ""proof"": ""the division is not inside any branch"", ""constraints"": ""rampTrackingFilter1.leadMOrderLagCascade[49].leadLag.k: unbounded"", ""note"": ""a permitted assignment drives the complete denominator to zero and the division is still evaluated there""}",/data/mrumoca/eval/results/powergrids/findings.jsonl
powergrids,historical-static,PowerGrids.Controls.Test.TestRampTrackingFilter,248,divisor-guarded-by-assertion,low,False,hold-needs-source-and-witness-review,"{""denominator"": ""rampTrackingFilter1.leadMOrderLagCascade[50].leadLag.T2"", ""witness"": ""none needed"", ""witness_rationale"": ""the denominator is zero as declared"", ""denominator_at_witness"": 0.0, ""denominator_at_declared_values"": 0.01, ""denominator_range"": """", ""path_condition"": ""not (rampTrackingFilter1.leadMOrderLagCascade[50].leadLag.noDynamics)"", ""verdict"": ""UNSAT"", ""proof"": ""the model asserts this denominator is bounded away from zero, so zero is outside its declared domain"", ""constraints"": """", ""note"": ""reported so the guard can be seen and challenged, not as a defect; zero is outside the domain this division is evaluated in""}",/data/mrumoca/eval/results/powergrids/findings.jsonl
powergrids,historical-static,PowerGrids.Controls.Test.TestRampTrackingFilter,249,divisor-reachable-zero,high,False,hold-needs-source-and-witness-review,"{""denominator"": ""(rampTrackingFilter1.leadMOrderLagCascade[50].leadLag.k * rampTrackingFilter1.leadMOrderLagCascade[50].leadLag.T1)"", ""witness"": ""rampTrackingFilter1.leadMOrderLagCascade[50].leadLag.k = 0"", ""witness_rationale"": ""set to zero"", ""denominator_at_witness"": 0.0, ""denominator_at_declared_values"": 1e-05, ""denominator_range"": ""[-inf, inf]"", ""path_condition"": ""always evaluated"", ""verdict"": ""SAT"", ""proof"": ""the division is not inside any branch"", ""constraints"": ""rampTrackingFilter1.leadMOrderLagCascade[50].leadLag.k: unbounded"", ""note"": ""a permitted assignment drives the complete denominator to zero and the division is still evaluated there""}",/data/mrumoca/eval/results/powergrids/findings.jsonl
powergrids,historical-static,PowerGrids.Controls.Test.TestRampTrackingFilter,250,divisor-reachable-zero,high,False,hold-needs-source-and-witness-review,"{""denominator"": ""(rampTrackingFilter1.leadMOrderLagCascade[50].leadLag.k * rampTrackingFilter1.leadMOrderLagCascade[50].leadLag.T1)"", ""witness"": ""rampTrackingFilter1.leadMOrderLagCascade[50].leadLag.k = 0"", ""witness_rationale"": ""set to zero"", ""denominator_at_witness"": 0.0, ""denominator_at_declared_values"": 1e-05, ""denominator_range"": ""[-inf, inf]"", ""path_condition"": ""always evaluated"", ""verdict"": ""SAT"", ""proof"": ""the division is not inside any branch"", ""constraints"": ""rampTrackingFilter1.leadMOrderLagCascade[50].leadLag.k: unbounded"", ""note"": ""a permitted assignment drives the complete denominator to zero and the division is still evaluated there""}",/data/mrumoca/eval/results/powergrids/findings.jsonl
powergrids,historical-static,PowerGrids.Controls.Test.TestRampTrackingFilter,251,divisor-guarded-by-assertion,low,False,hold-needs-source-and-witness-review,"{""denominator"": ""rampTrackingFilter2.leadMOrderLagCascade[1].leadLag.T2"", ""witness"": ""none needed"", ""witness_rationale"": ""the denominator is zero as declared"", ""denominator_at_witness"": 0.0, ""denominator_at_declared_values"": 2.0, ""denominator_range"": """", ""path_condition"": ""not (rampTrackingFilter2.leadMOrderLagCascade[1].leadLag.noDynamics)"", ""verdict"": ""UNSAT"", ""proof"": ""the model asserts this denominator is bounded away from zero, so zero is outside its declared domain"", ""constraints"": """", ""note"": ""reported so the guard can be seen and challenged, not as a defect; zero is outside the domain this division is evaluated in""}",/data/mrumoca/eval/results/powergrids/findings.jsonl
powergrids,historical-static,PowerGrids.Controls.Test.TestRampTrackingFilter,252,divisor-reachable-zero,high,False,hold-needs-source-and-witness-review,"{""denominator"": ""(rampTrackingFilter2.leadMOrderLagCascade[1].leadLag.k * rampTrackingFilter2.leadMOrderLagCascade[1].leadLag.T1)"", ""witness"": ""rampTrackingFilter2.leadMOrderLagCascade[1].leadLag.k = 0"", ""witness_rationale"": ""set to zero"", ""denominator_at_witness"": 0.0, ""denominator_at_declared_values"": 2.0, ""denominator_range"": ""[-inf, inf]"", ""path_condition"": ""always evaluated"", ""verdict"": ""SAT"", ""proof"": ""the division is not inside any branch"", ""constraints"": ""rampTrackingFilter2.leadMOrderLagCascade[1].leadLag.k: unbounded"", ""note"": ""a permitted assignment drives the complete denominator to zero and the division is still evaluated there""}",/data/mrumoca/eval/results/powergrids/findings.jsonl
powergrids,historical-static,PowerGrids.Controls.Test.TestRampTrackingFilter,253,divisor-reachable-zero,high,False,hold-needs-source-and-witness-review,"{""denominator"": ""(rampTrackingFilter2.leadMOrderLagCascade[1].leadLag.k * rampTrackingFilter2.leadMOrderLagCascade[1].leadLag.T1)"", ""witness"": ""rampTrackingFilter2.leadMOrderLagCascade[1].leadLag.k = 0"", ""witness_rationale"": ""set to zero"", ""denominator_at_witness"": 0.0, ""denominator_at_declared_values"": 2.0, ""denominator_range"": ""[-inf, inf]"", ""path_condition"": ""always evaluated"", ""verdict"": ""SAT"", ""proof"": ""the division is not inside any branch"", ""constraints"": ""rampTrackingFilter2.leadMOrderLagCascade[1].leadLag.k: unbounded"", ""note"": ""a permitted assignment drives the complete denominator to zero and the division is still evaluated there""}",/data/mrumoca/eval/results/powergrids/findings.jsonl
powergrids,historical-static,PowerGrids.Controls.Test.TestRampTrackingFilter,254,network-boundary-port,low,False,standalone-topology-not-defect-proof,"{""node"": ""rampTrackingFilter1 -- rampTrackingFilter1.gain -- rampTrackingFilter1.leadMOrderLagCascade[10] -- rampTrackingFilter1.leadMOrderLagCascade[10].firstOrderCascade[1] -- rampTrackingFilter1.leadMOrderLagCascade[10].firstOrderCascade[1].firstOrder1 -- rampTrackingFilter1.leadMOrderLagCascade[10].leadLag -- rampTrackingFilter1.leadMOrderLagCascade[10].leadLag.feedback -- rampTrackingFilter1.leadMOrderLagCascade[10].leadLag.firstOrder -- rampTrackingFilter1.leadMOrderLagCascade[10].leadLag.gain -- rampTrackingFilter1.leadMOrderLagCascade[11] -- rampTrackingFilter1.leadMOrderLagCascade[11].firstOrderCascade[1] -- rampTrackingFilter1.leadMOrderLagCascade[11].firstOrderCascade[1].firstOrder1 -- rampTrackingFilter1.leadMOrderLagCascade[11].leadLag -- rampTrackingFilter1.leadMOrderLagCascade[11].leadLag.feedback -- rampTrackingFilter1.leadMOrderLagCascade[11].leadLag.firstOrder -- rampTrackingFilter1.leadMOrderLagCascade[11].leadLag.gain -- rampTrackingFilter1.leadMOrderLagCascade[12] -- rampTrackingFilter1.leadMOrderLagCascade[12].firstOrderCascade[1] -- rampTrackingFilter1.leadMOrderLagCascade[12].firstOrderCascade[1].firstOrder1 -- rampTrackingFilter1.leadMOrderLagCascade[12].leadLag -- rampTrackingFilter1.leadMOrderLagCascade[12].leadLag.feedback -- rampTrackingFilter1.leadMOrderLagCascade[12].leadLag.firstOrder -- rampTrackingFilter1.leadMOrderLagCascade[12].leadLag.gain -- rampTrackingFilter1.leadMOrderLagCascade[13] -- rampTrackingFilter1.leadMOrderLagCascade[13].firstOrderCascade[1] -- rampTrackingFilter1.leadMOrderLagCascade[13].firstOrderCascade[1].firstOrder1 -- rampTrackingFilter1.leadMOrderLagCascade[13].leadLag -- rampTrackingFilter1.leadMOrderLagCascade[13].leadLag.feedback -- rampTrackingFilter1.leadMOrderLagCascade[13].leadLag.firstOrder -- rampTrackingFilter1.leadMOrderLagCascade[13].leadLag.gain -- rampTrackingFilter1.leadMOrderLagCascade[14] -- rampTrackingFilter1.leadMOrderLagCascade[14].firstOrderCascade[1] -- rampTrackingFilter1.leadMOrderLagCascade[14].firstOrderCascade[1].firstOrder1 -- rampTrackingFilter1.leadMOrderLagCascade[14].leadLag -- rampTrackingFilter1.leadMOrderLagCascade[14].leadLag.feedback -- rampTrackingFilter1.leadMOrderLagCascade[14].leadLag.firstOrder -- rampTrackingFilter1.leadMOrderLagCascade[14].leadLag.gain -- rampTrackingFilter1.leadMOrderLagCascade[15] -- rampTrackingFilter1.leadMOrderLagCascade[15].firstOrderCascade[1] -- rampTrackingFilter1.leadMOrderLagCascade[15].firstOrderCascade[1].firstOrder1 -- rampTrackingFilter1.leadMOrderLagCascade[15].leadLag -- rampTrackingFilter1.leadMOrderLagCascade[15].leadLag.feedback -- rampTrackingFilter1.leadMOrderLagCascade[15].leadLag.firstOrder -- rampTrackingFilter1.leadMOrderLagCascade[15].leadLag.gain -- rampTrackingFilter1.leadMOrderLagCascade[16] -- rampTrackingFilter1.leadMOrderLagCascade[16].firstOrderCascade[1] -- rampTrackingFilter1.leadMOrderLagCascade[16].firstOrderCascade[1].firstOrder1 -- rampTrackingFilter1.leadMOrderLagCascade[16].leadLag -- rampTrackingFilter1.leadMOrderLagCascade[16].leadLag.feedback -- rampTrackingFilter1.leadMOrderLagCascade[16].leadLag.firstOrder -- rampTrackingFilter1.leadMOrderLagCascade[16].leadLag.gain -- rampTrackingFilter1.leadMOrderLagCascade[17] -- rampTrackingFilter1.leadMOrderLagCascade[17].firstOrderCascade[1] -- rampTrackingFilter1.leadMOrderLagCascade[17].firstOrderCascade[1].firstOrder1 -- rampTrackingFilter1.leadMOrderLagCascade[17].leadLag -- rampTrackingFilter1.leadMOrderLagCascade[17].leadLag.feedback -- rampTrackingFilter1.leadMOrderLagCascade[17].leadLag.firstOrder -- rampTrackingFilter1.leadMOrderLagCascade[17].leadLag.gain -- rampTrackingFilter1.leadMOrderLagCascade[18] -- rampTrackingFilter1.leadMOrderLagCascade[18].firstOrderCascade[1] -- rampTrackingFilter1.leadMOrderLagCascade[18].firstOrderCascade[1].firstOrder1 -- rampTrackingFilter1.leadMOrderLagCascade[18].leadLag -- rampTrackingFilter1.leadMOrderLagCascade[18].leadLag.feedback -- rampTrackingFilter1.leadMOrderLagCascade[18].leadLag.firstOrder -- rampTrackingFilter1.leadMOrderLagCascade[18].leadLag.gain -- rampTrackingFilter1.leadMOrderLagCascade[19] -- rampTrackingFilter1.leadMOrderLagCascade[19].firstOrderCascade[1] -- rampTrackingFilter1.leadMOrderLagCascade[19].firstOrderCascade[1].firstOrder1 -- rampTrackingFilter1.leadMOrderLagCascade[19].leadLag -- rampTrackingFilter1.leadMOrderLagCascade[19].leadLag.feedback -- rampTrackingFilter1.leadMOrderLagCascade[19].leadLag.firstOrder -- rampTrackingFilter1.leadMOrderLagCascade[19].leadLag.gain -- rampTrackingFilter1.leadMOrderLagCascade[1] -- rampTrackingFilter1.leadMOrderLagCascade[1].firstOrderCascade[1] -- rampTrackingFilter1.leadMOrderLagCascade[1].firstOrderCascade[1].firstOrder1 -- rampTrackingFilter1.leadMOrderLagCascade[1].leadLag -- rampTrackingFilter1.leadMOrderLagCascade[1].leadLag.feedback -- rampTrackingFilter1.leadMOrderLagCascade[1].leadLag.firstOrder -- rampTrackingFilter1.leadMOrderLagCascade[1].leadLag.gain -- rampTrackingFilter1.leadMOrderLagCascade[20] -- rampTrackingFilter1.leadMOrderLagCascade[20].firstOrderCascade[1] -- rampTrackingFilter1.leadMOrderLagCascade[20].firstOrderCascade[1].firstOrder1 -- rampTrackingFilter1.leadMOrderLagCascade[20].leadLag -- rampTrackingFilter1.leadMOrderLagCascade[20].leadLag.feedback -- rampTrackingFilter1.leadMOrderLagCascade[20].leadLag.firstOrder -- rampTrackingFilter1.leadMOrderLagCascade[20].leadLag.gain -- rampTrackingFilter1.leadMOrderLagCascade[21] -- rampTrackingFilter1.leadMOrderLagCascade[21].firstOrderCascade[1] -- rampTrackingFilter1.leadMOrderLagCascade[21].firstOrderCascade[1].firstOrder1 -- rampTrackingFilter1.leadMOrderLagCascade[21].leadLag -- rampTrackingFilter1.leadMOrderLagCascade[21].leadLag.feedback -- rampTrackingFilter1.leadMOrderLagCascade[21].leadLag.firstOrder -- rampTrackingFilter1.leadMOrderLagCascade[21].leadLag.gain -- rampTrackingFilter1.leadMOrderLagCascade[22] -- rampTrackingFilter1.leadMOrderLagCascade[22].firstOrderCascade[1] -- rampTrackingFilter1.leadMOrderLagCascade[22].firstOrderCascade[1].firstOrder1 -- rampTrackingFilter1.leadMOrderLagCascade[22].leadLag -- rampTrackingFilter1.leadMOrderLagCascade[22].leadLag.feedback -- rampTrackingFilter1.leadMOrderLagCascade[22].leadLag.firstOrder -- rampTrackingFilter1.leadMOrderLagCascade[22].leadLag.gain -- rampTrackingFilter1.leadMOrderLagCascade[23] -- rampTrackingFilter1.leadMOrderLagCascade[23].firstOrderCascade[1] -- rampTrackingFilter1.leadMOrderLagCascade[23].firstOrderCascade[1].firstOrder1 -- rampTrackingFilter1.leadMOrderLagCascade[23].leadLag -- rampTrackingFilter1.leadMOrderLagCascade[23].leadLag.feedback -- rampTrackingFilter1.leadMOrderLagCascade[23].leadLag.firstOrder -- rampTrackingFilter1.leadMOrderLagCascade[23].leadLag.gain -- rampTrackingFilter1.leadMOrderLagCascade[24] -- rampTrackingFilter1.leadMOrderLagCascade[24].firstOrderCascade[1] -- rampTrackingFilter1.leadMOrderLagCascade[24].firstOrderCascade[1].firstOrder1 -- rampTrackingFilter1.leadMOrderLagCascade[24].leadLag -- rampTrackingFilter1.leadMOrderLagCascade[24].leadLag.feedback -- rampTrackingFilter1.leadMOrderLagCascade[24].leadLag.firstOrder -- rampTrackingFilter1.leadMOrderLagCascade[24].leadLag.gain -- rampTrackingFilter1.leadMOrderLagCascade[25] -- rampTrackingFilter1.leadMOrderLagCascade[25].firstOrderCascade[1] -- rampTrackingFilter1.leadMOrderLagCascade[25].firstOrderCascade[1].firstOrder1 -- rampTrackingFilter1.leadMOrderLagCascade[25].leadLag -- rampTrackingFilter1.leadMOrderLagCascade[25].leadLag.feedback -- rampTrackingFilter1.leadMOrderLagCascade[25].leadLag.firstOrder -- rampTrackingFilter1.leadMOrderLagCascade[25].leadLag.gain -- rampTrackingFilter1.leadMOrderLagCascade[26] -- rampTrackingFilter1.leadMOrderLagCascade[26].firstOrderCascade[1] -- rampTrackingFilter1.leadMOrderLagCascade[26].firstOrderCascade[1].firstOrder1 -- rampTrackingFilter1.leadMOrderLagCascade[26].leadLag -- rampTrackingFilter1.leadMOrderLagCascade[26].leadLag.feedback -- rampTrackingFilter1.leadMOrderLagCascade[26].leadLag.firstOrder -- rampTrackingFilter1.leadMOrderLagCascade[26].leadLag.gain -- rampTrackingFilter1.leadMOrderLagCascade[27] -- rampTrackingFilter1.leadMOrderLagCascade[27].firstOrderCascade[1] -- rampTrackingFilter1.leadMOrderLagCascade[27].firstOrderCascade[1].firstOrder1 -- rampTrackingFilter1.leadMOrderLagCascade[27].leadLag -- rampTrackingFilter1.leadMOrderLagCascade[27].leadLag.feedback -- rampTrackingFilter1.leadMOrderLagCascade[27].leadLag.firstOrder -- rampTrackingFilter1.leadMOrderLagCascade[27].leadLag.gain -- rampTrackingFilter1.leadMOrderLagCascade[28] -- rampTrackingFilter1.leadMOrderLagCascade[28].firstOrderCascade[1] -- rampTrackingFilter1.leadMOrderLagCascade[28].firstOrderCascade[1].firstOrder1 -- rampTrackingFilter1.leadMOrderLagCascade[28].leadLag -- rampTrackingFilter1.leadMOrderLagCascade[28].leadLag.feedback -- rampTrackingFilter1.leadMOrderLagCascade[28].leadLag.firstOrder -- rampTrackingFilter1.leadMOrderLagCascade[28].leadLag.gain -- rampTrackingFilter1.leadMOrderLagCascade[29] -- rampTrackingFilter1.leadMOrderLagCascade[29].firstOrderCascade[1] -- rampTrackingFilter1.leadMOrderLagCascade[29].firstOrderCascade[1].firstOrder1 -- rampTrackingFilter1.leadMOrderLagCascade[29].leadLag -- rampTrackingFilter1.leadMOrderLagCascade[29].leadLag.feedback -- rampTrackingFilter1.leadMOrderLagCascade[29].leadLag.firstOrder -- rampTrackingFilter1.leadMOrderLagCascade[29].leadLag.gain -- rampTrackingFilter1.leadMOrderLagCascade[2] -- rampTrackingFilter1.leadMOrderLagCascade[2].firstOrderCascade[1] -- rampTrackingFilter1.leadMOrderLagCascade[2].firstOrderCascade[1].firstOrder1 -- rampTrackingFilter1.leadMOrderLagCascade[2].leadLag -- rampTrackingFilter1.leadMOrderLagCascade[2].leadLag.feedback -- rampTrackingFilter1.leadMOrderLagCascade[2].leadLag.firstOrder -- rampTrackingFilter1.leadMOrderLagCascade[2].leadLag.gain -- rampTrackingFilter1.leadMOrderLagCascade[30] -- rampTrackingFilter1.leadMOrderLagCascade[30].firstOrderCascade[1] -- rampTrackingFilter1.leadMOrderLagCascade[30].firstOrderCascade[1].firstOrder1 -- rampTrackingFilter1.leadMOrderLagCascade[30].leadLag -- rampTrackingFilter1.leadMOrderLagCascade[30].leadLag.feedback -- rampTrackingFilter1.leadMOrderLagCascade[30].leadLag.firstOrder -- rampTrackingFilter1.leadMOrderLagCascade[30].leadLag.gain -- rampTrackingFilter1.leadMOrderLagCascade[31] -- rampTrackingFilter1.leadMOrderLagCascade[31].firstOrderCascade[1] -- rampTrackingFilter1.leadMOrderLagCascade[31].firstOrderCascade[1].firstOrder1 -- rampTrackingFilter1.leadMOrderLagCascade[31].leadLag -- rampTrackingFilter1.leadMOrderLagCascade[31].leadLag.feedback -- rampTrackingFilter1.leadMOrderLagCascade[31].leadLag.firstOrder -- rampTrackingFilter1.leadMOrderLagCascade[31].leadLag.gain -- rampTrackingFilter1.leadMOrderLagCascade[32] -- rampTrackingFilter1.leadMOrderLagCascade[32].firstOrderCascade[1] -- rampTrackingFilter1.leadMOrderLagCascade[32].firstOrderCascade[1].firstOrder1 -- rampTrackingFilter1.leadMOrderLagCascade[32].leadLag -- rampTrackingFilter1.leadMOrderLagCascade[32].leadLag.feedback -- rampTrackingFilter1.leadMOrderLagCascade[32].leadLag.firstOrder -- rampTrackingFilter1.leadMOrderLagCascade[32].leadLag.gain -- rampTrackingFilter1.leadMOrderLagCascade[33] -- rampTrackingFilter1.leadMOrderLagCascade[33].firstOrderCascade[1] -- rampTrackingFilter1.leadMOrderLagCascade[33].firstOrderCascade[1].firstOrder1 -- rampTrackingFilter1.leadMOrderLagCascade[33].leadLag -- rampTrackingFilter1.leadMOrderLagCascade[33].leadLag.feedback -- rampTrackingFilter1.leadMOrderLagCascade[33].leadLag.firstOrder -- rampTrackingFilter1.leadMOrderLagCascade[33].leadLag.gain -- rampTrackingFilter1.leadMOrderLagCascade[34] -- rampTrackingFilter1.leadMOrderLagCascade[34].firstOrderCascade[1] -- rampTrackingFilter1.leadMOrderLagCascade[34].firstOrderCascade[1].firstOrder1 -- rampTrackingFilter1.leadMOrderLagCascade[34].leadLag -- rampTrackingFilter1.leadMOrderLagCascade[34].leadLag.feedback -- rampTrackingFilter1.leadMOrderLagCascade[34].leadLag.firstOrder -- rampTrackingFilter1.leadMOrderLagCascade[34].leadLag.gain -- rampTrackingFilter1.leadMOrderLagCascade[35] -- rampTrackingFilter1.leadMOrderLagCascade[35].firstOrderCascade[1] -- rampTrackingFilter1.leadMOrderLagCascade[35].firstOrderCascade[1].firstOrder1 -- rampTrackingFilter1.leadMOrderLagCascade[35].leadLag -- rampTrackingFilter1.leadMOrderLagCascade[35].leadLag.feedback -- rampTrackingFilter1.leadMOrderLagCascade[35].leadLag.firstOrder -- rampTrackingFilter1.leadMOrderLagCascade[35].leadLag.gain -- rampTrackingFilter1.leadMOrderLagCascade[36] -- rampTrackingFilter1.leadMOrderLagCascade[36].firstOrderCascade[1] -- rampTrackingFilter1.leadMOrderLagCascade[36].firstOrderCascade[1].firstOrder1 -- rampTrackingFilter1.leadMOrderLagCascade[36].leadLag -- rampTrackingFilter1.leadMOrderLagCascade[36].leadLag.feedback -- rampTrackingFilter1.leadMOrderLagCascade[36].leadLag.firstOrder -- rampTrackingFilter1.leadMOrderLagCascade[36].leadLag.gain -- rampTrackingFilter1.leadMOrderLagCascade[37] -- rampTrackingFilter1.leadMOrderLagCascade[37].firstOrderCascade[1] -- rampTrackingFilter1.leadMOrderLagCascade[37].firstOrderCascade[1].firstOrder1 -- rampTrackingFilter1.leadMOrderLagCascade[37].leadLag -- rampTrackingFilter1.leadMOrderLagCascade[37].leadLag.feedback -- rampTrackingFilter1.leadMOrderLagCascade[37].leadLag.firstOrder -- rampTrackingFilter1.leadMOrderLagCascade[37].leadLag.gain -- rampTrackingFilter1.leadMOrderLagCascade[38] -- rampTrackingFilter1.leadMOrderLagCascade[38].firstOrderCascade[1] -- rampTrackingFilter1.leadMOrderLagCascade[38].firstOrderCascade[1].firstOrder1 -- rampTrackingFilter1.leadMOrderLagCascade[38].leadLag -- rampTrackingFilter1.leadMOrderLagCascade[38].leadLag.feedback -- rampTrackingFilter1.leadMOrderLagCascade[38].leadLag.firstOrder -- rampTrackingFilter1.leadMOrderLagCascade[38].leadLag.gain -- rampTrackingFilter1.leadMOrderLagCascade[39] -- rampTrackingFilter1.leadMOrderLagCascade[39].firstOrderCascade[1] -- rampTrackingFilter1.leadMOrderLagCascade[39].firstOrderCascade[1].firstOrder1 -- rampTrackingFilter1.leadMOrderLagCascade[39].leadLag -- rampTrackingFilter1.leadMOrderLagCascade[39].leadLag.feedback -- rampTrackingFilter1.leadMOrderLagCascade[39].leadLag.firstOrder -- rampTrackingFilter1.leadMOrderLagCascade[39].leadLag.gain -- rampTrackingFilter1.leadMOrderLagCascade[3] -- rampTrackingFilter1.leadMOrderLagCascade[3].firstOrderCascade[1] -- rampTrackingFilter1.leadMOrderLagCascade[3].firstOrderCascade[1].firstOrder1 -- rampTrackingFilter1.leadMOrderLagCascade[3].leadLag -- rampTrackingFilter1.leadMOrderLagCascade[3].leadLag.feedback -- rampTrackingFilter1.leadMOrderLagCascade[3].leadLag.firstOrder -- rampTrackingFilter1.leadMOrderLagCascade[3].leadLag.gain -- rampTrackingFilter1.leadMOrderLagCascade[40] -- rampTrackingFilter1.leadMOrderLagCascade[40].firstOrderCascade[1] -- rampTrackingFilter1.leadMOrderLagCascade[40].firstOrderCascade[1].firstOrder1 -- rampTrackingFilter1.leadMOrderLagCascade[40].leadLag -- rampTrackingFilter1.leadMOrderLagCascade[40].leadLag.feedback -- rampTrackingFilter1.leadMOrderLagCascade[40].leadLag.firstOrder -- rampTrackingFilter1.leadMOrderLagCascade[40].leadLag.gain -- rampTrackingFilter1.leadMOrderLagCascade[41] -- rampTrackingFilter1.leadMOrderLagCascade[41].firstOrderCascade[1] -- rampTrackingFilter1.leadMOrderLagCascade[41].firstOrderCascade[1].firstOrder1 -- rampTrackingFilter1.leadMOrderLagCascade[41].leadLag -- rampTrackingFilter1.leadMOrderLagCascade[41].leadLag.feedback -- rampTrackingFilter1.leadMOrderLagCascade[41].leadLag.firstOrder -- rampTrackingFilter1.leadMOrderLagCascade[41].leadLag.gain -- rampTrackingFilter1.leadMOrderLagCascade[42] -- rampTrackingFilter1.leadMOrderLagCascade[42].firstOrderCascade[1] -- rampTrackingFilter1.leadMOrderLagCascade[42].firstOrderCascade[1].firstOrder1 -- rampTrackingFilter1.leadMOrderLagCascade[42].leadLag -- rampTrackingFilter1.leadMOrderLagCascade[42].leadLag.feedback -- rampTrackingFilter1.leadMOrderLagCascade[42].leadLag.firstOrder -- rampTrackingFilter1.leadMOrderLagCascade[42].leadLag.gain -- rampTrackingFilter1.leadMOrderLagCascade[43] -- rampTrackingFilter1.leadMOrderLagCascade[43].firstOrderCascade[1] -- rampTrackingFilter1.leadMOrderLagCascade[43].firstOrderCascade[1].firstOrder1 -- rampTrackingFilter1.leadMOrderLagCascade[43].leadLag -- rampTrackingFilter1.leadMOrderLagCascade[43].leadLag.feedback -- rampTrackingFilter1.leadMOrderLagCascade[43].leadLag.firstOrder -- rampTrackingFilter1.leadMOrderLagCascade[43].leadLag.gain -- rampTrackingFilter1.leadMOrderLagCascade[44] -- rampTrackingFilter1.leadMOrderLagCascade[44].firstOrderCascade[1] -- rampTrackingFilter1.leadMOrderLagCascade[44].firstOrderCascade[1].firstOrder1 -- rampTrackingFilter1.leadMOrderLagCascade[44].leadLag -- rampTrackingFilter1.leadMOrderLagCascade[44].leadLag.feedback -- rampTrackingFilter1.leadMOrderLagCascade[44].leadLag.firstOrder -- rampTrackingFilter1.leadMOrderLagCascade[44].leadLag.gain -- rampTrackingFilter1.leadMOrderLagCascade[45] -- rampTrackingFilter1.leadMOrderLagCascade[45].firstOrderCascade[1] -- rampTrackingFilter1.leadMOrderLagCascade[45].firstOrderCascade[1].firstOrder1 -- rampTrackingFilter1.leadMOrderLagCascade[45].leadLag -- rampTrackingFilter1.leadMOrderLagCascade[45].leadLag.feedback -- rampTrackingFilter1.leadMOrderLagCascade[45].leadLag.firstOrder -- rampTrackingFilter1.leadMOrderLagCascade[45].leadLag.gain -- rampTrackingFilter1.leadMOrderLagCascade[46] -- rampTrackingFilter1.leadMOrderLagCascade[46].firstOrderCascade[1] -- rampTrackingFilter1.leadMOrderLagCascade[46].firstOrderCascade[1].firstOrder1 -- rampTrackingFilter1.leadMOrderLagCascade[46].leadLag -- rampTrackingFilter1.leadMOrderLagCascade[46].leadLag.feedback -- rampTrackingFilter1.leadMOrderLagCascade[46].leadLag.firstOrder -- rampTrackingFilter1.leadMOrderLagCascade[46].leadLag.gain -- rampTrackingFilter1.leadMOrderLagCascade[47] -- rampTrackingFilter1.leadMOrderLagCascade[47].firstOrderCascade[1] -- rampTrackingFilter1.leadMOrderLagCascade[47].firstOrderCascade[1].firstOrder1 -- rampTrackingFilter1.leadMOrderLagCascade[47].leadLag -- rampTrackingFilter1.leadMOrderLagCascade[47].leadLag.feedback -- rampTrackingFilter1.leadMOrderLagCascade[47].leadLag.firstOrder -- rampTrackingFilter1.leadMOrderLagCascade[47].leadLag.gain -- rampTrackingFilter1.leadMOrderLagCascade[48] -- rampTrackingFilter1.leadMOrderLagCascade[48].firstOrderCascade[1] -- rampTrackingFilter1.leadMOrderLagCascade[48].firstOrderCascade[1].firstOrder1 -- rampTrackingFilter1.leadMOrderLagCascade[48].leadLag -- rampTrackingFilter1.leadMOrderLagCascade[48].leadLag.feedback -- rampTrackingFilter1.leadMOrderLagCascade[48].leadLag.firstOrder -- rampTrackingFilter1.leadMOrderLagCascade[48].leadLag.gain -- rampTrackingFilter1.leadMOrderLagCascade[49] -- rampTrackingFilter1.leadMOrderLagCascade[49].firstOrderCascade[1] -- rampTrackingFilter1.leadMOrderLagCascade[49].firstOrderCascade[1].firstOrder1 -- rampTrackingFilter1.leadMOrderLagCascade[49].leadLag -- rampTrackingFilter1.leadMOrderLagCascade[49].leadLag.feedback -- rampTrackingFilter1.leadMOrderLagCascade[49].leadLag.firstOrder -- rampTrackingFilter1.leadMOrderLagCascade[49].leadLag.gain -- rampTrackingFilter1.leadMOrderLagCascade[4] -- rampTrackingFilter1.leadMOrderLagCascade[4].firstOrderCascade[1] -- rampTrackingFilter1.leadMOrderLagCascade[4].firstOrderCascade[1].firstOrder1 -- rampTrackingFilter1.leadMOrderLagCascade[4].leadLag -- rampTrackingFilter1.leadMOrderLagCascade[4].leadLag.feedback -- rampTrackingFilter1.leadMOrderLagCascade[4].leadLag.firstOrder -- rampTrackingFilter1.leadMOrderLagCascade[4].leadLag.gain -- rampTrackingFilter1.leadMOrderLagCascade[50] -- rampTrackingFilter1.leadMOrderLagCascade[50].firstOrderCascade[1] -- rampTrackingFilter1.leadMOrderLagCascade[50].firstOrderCascade[1].firstOrder1 -- rampTrackingFilter1.leadMOrderLagCascade[50].leadLag -- rampTrackingFilter1.leadMOrderLagCascade[50].leadLag.feedback -- rampTrackingFilter1.leadMOrderLagCascade[50].leadLag.firstOrder -- rampTrackingFilter1.leadMOrderLagCascade[50].leadLag.gain -- rampTrackingFilter1.leadMOrderLagCascade[5] -- rampTrackingFilter1.leadMOrderLagCascade[5].firstOrderCascade[1] -- rampTrackingFilter1.leadMOrderLagCascade[5].firstOrderCascade[1].firstOrder1 -- rampTrackingFilter1.leadMOrderLagCascade[5].leadLag -- rampTrackingFilter1.leadMOrderLagCascade[5].leadLag.feedback -- rampTrackingFilter1.leadMOrderLagCascade[5].leadLag.firstOrder -- rampTrackingFilter1.leadMOrderLagCascade[5].leadLag.gain -- rampTrackingFilter1.leadMOrderLagCascade[6] -- rampTrackingFilter1.leadMOrderLagCascade[6].firstOrderCascade[1] -- rampTrackingFilter1.leadMOrderLagCascade[6].firstOrderCascade[1].firstOrder1 -- rampTrackingFilter1.leadMOrderLagCascade[6].leadLag -- rampTrackingFilter1.leadMOrderLagCascade[6].leadLag.feedback -- rampTrackingFilter1.leadMOrderLagCascade[6].leadLag.firstOrder -- rampTrackingFilter1.leadMOrderLagCascade[6].leadLag.gain -- rampTrackingFilter1.leadMOrderLagCascade[7] -- rampTrackingFilter1.leadMOrderLagCascade[7].firstOrderCascade[1] -- rampTrackingFilter1.leadMOrderLagCascade[7].firstOrderCascade[1].firstOrder1 -- rampTrackingFilter1.leadMOrderLagCascade[7].leadLag -- rampTrackingFilter1.leadMOrderLagCascade[7].leadLag.feedback -- rampTrackingFilter1.leadMOrderLagCascade[7].leadLag.firstOrder -- rampTrackingFilter1.leadMOrderLagCascade[7].leadLag.gain -- rampTrackingFilter1.leadMOrderLagCascade[8] -- rampTrackingFilter1.leadMOrderLagCascade[8].firstOrderCascade[1] -- rampTrackingFilter1.leadMOrderLagCascade[8].firstOrderCascade[1].firstOrder1 -- rampTrackingFilter1.leadMOrderLagCascade[8].leadLag -- rampTrackingFilter1.leadMOrderLagCascade[8].leadLag.feedback -- rampTrackingFilter1.leadMOrderLagCascade[8].leadLag.firstOrder -- rampTrackingFilter1.leadMOrderLagCascade[8].leadLag.gain -- rampTrackingFilter1.leadMOrderLagCascade[9] -- rampTrackingFilter1.leadMOrderLagCascade[9].firstOrderCascade[1] -- rampTrackingFilter1.leadMOrderLagCascade[9].firstOrderCascade[1].firstOrder1 -- rampTrackingFilter1.leadMOrderLagCascade[9].leadLag -- rampTrackingFilter1.leadMOrderLagCascade[9].leadLag.feedback -- rampTrackingFilter1.leadMOrderLagCascade[9].leadLag.firstOrder -- rampTrackingFilter1.leadMOrderLagCascade[9].leadLag.gain -- rampTrackingFilter2 -- rampTrackingFilter2.gain -- rampTrackingFilter2.leadMOrderLagCascade[1] -- rampTrackingFilter2.leadMOrderLagCascade[1].leadLag -- rampTrackingFilter2.leadMOrderLagCascade[1].leadLag.feedback -- rampTrackingFilter2.leadMOrderLagCascade[1].leadLag.firstOrder -- rampTrackingFilter2.leadMOrderLagCascade[1].leadLag.gain -- rampTrackingFilter3 -- rampTrackingFilter3.gain -- step"", ""boundary_connectors"": ""rampTrackingFilter1, rampTrackingFilter2, rampTrackingFilter3, step"", ""wired_to"": ""rampTrackingFilter1.gain, rampTrackingFilter1.leadMOrderLagCascade[10], rampTrackingFilter1.leadMOrderLagCascade[10].firstOrderCascade[1], rampTrackingFilter1.leadMOrderLagCascade[10].firstOrderCascade[1].firstOrder1, rampTrackingFilter1.leadMOrderLagCascade[10].leadLag, rampTrackingFilter1.leadMOrderLagCascade[10].leadLag.feedback, rampTrackingFilter1.leadMOrderLagCascade[10].leadLag.firstOrder, rampTrackingFilter1.leadMOrderLagCascade[10].leadLag.gain, rampTrackingFilter1.leadMOrderLagCascade[11], rampTrackingFilter1.leadMOrderLagCascade[11].firstOrderCascade[1], rampTrackingFilter1.leadMOrderLagCascade[11].firstOrderCascade[1].firstOrder1, rampTrackingFilter1.leadMOrderLagCascade[11].leadLag, rampTrackingFilter1.leadMOrderLagCascade[11].leadLag.feedback, rampTrackingFilter1.leadMOrderLagCascade[11].leadLag.firstOrder, rampTrackingFilter1.leadMOrderLagCascade[11].leadLag.gain, rampTrackingFilter1.leadMOrderLagCascade[12], rampTrackingFilter1.leadMOrderLagCascade[12].firstOrderCascade[1], rampTrackingFilter1.leadMOrderLagCascade[12].firstOrderCascade[1].firstOrder1, rampTrackingFilter1.leadMOrderLagCascade[12].leadLag, rampTrackingFilter1.leadMOrderLagCascade[12].leadLag.feedback, rampTrackingFilter1.leadMOrderLagCascade[12].leadLag.firstOrder, rampTrackingFilter1.leadMOrderLagCascade[12].leadLag.gain, rampTrackingFilter1.leadMOrderLagCascade[13], rampTrackingFilter1.leadMOrderLagCascade[13].firstOrderCascade[1], rampTrackingFilter1.leadMOrderLagCascade[13].firstOrderCascade[1].firstOrder1, rampTrackingFilter1.leadMOrderLagCascade[13].leadLag, rampTrackingFilter1.leadMOrderLagCascade[13].leadLag.feedback, rampTrackingFilter1.leadMOrderLagCascade[13].leadLag.firstOrder, rampTrackingFilter1.leadMOrderLagCascade[13].leadLag.gain, rampTrackingFilter1.leadMOrderLagCascade[14], rampTrackingFilter1.leadMOrderLagCascade[14].firstOrderCascade[1], rampTrackingFilter1.leadMOrderLagCascade[14].firstOrderCascade[1].firstOrder1, rampTrackingFilter1.leadMOrderLagCascade[14].leadLag, rampTrackingFilter1.leadMOrderLagCascade[14].leadLag.feedback, rampTrackingFilter1.leadMOrderLagCascade[14].leadLag.firstOrder, rampTrackingFilter1.leadMOrderLagCascade[14].leadLag.gain, rampTrackingFilter1.leadMOrderLagCascade[15], rampTrackingFilter1.leadMOrderLagCascade[15].firstOrderCascade[1], rampTrackingFilter1.leadMOrderLagCascade[15].firstOrderCascade[1].firstOrder1, rampTrackingFilter1.leadMOrderLagCascade[15].leadLag, rampTrackingFilter1.leadMOrderLagCascade[15].leadLag.feedback, rampTrackingFilter1.leadMOrderLagCascade[15].leadLag.firstOrder, rampTrackingFilter1.leadMOrderLagCascade[15].leadLag.gain, rampTrackingFilter1.leadMOrderLagCascade[16], rampTrackingFilter1.leadMOrderLagCascade[16].firstOrderCascade[1], rampTrackingFilter1.leadMOrderLagCascade[16].firstOrderCascade[1].firstOrder1, rampTrackingFilter1.leadMOrderLagCascade[16].leadLag, rampTrackingFilter1.leadMOrderLagCascade[16].leadLag.feedback, rampTrackingFilter1.leadMOrderLagCascade[16].leadLag.firstOrder, rampTrackingFilter1.leadMOrderLagCascade[16].leadLag.gain, rampTrackingFilter1.leadMOrderLagCascade[17], rampTrackingFilter1.leadMOrderLagCascade[17].firstOrderCascade[1], rampTrackingFilter1.leadMOrderLagCascade[17].firstOrderCascade[1].firstOrder1, rampTrackingFilter1.leadMOrderLagCascade[17].leadLag, rampTrackingFilter1.leadMOrderLagCascade[17].leadLag.feedback, rampTrackingFilter1.leadMOrderLagCascade[17].leadLag.firstOrder, rampTrackingFilter1.leadMOrderLagCascade[17].leadLag.gain, rampTrackingFilter1.leadMOrderLagCascade[18], rampTrackingFilter1.leadMOrderLagCascade[18].firstOrderCascade[1], rampTrackingFilter1.leadMOrderLagCascade[18].firstOrderCascade[1].firstOrder1, rampTrackingFilter1.leadMOrderLagCascade[18].leadLag, rampTrackingFilter1.leadMOrderLagCascade[18].leadLag.feedback, rampTrackingFilter1.leadMOrderLagCascade[18].leadLag.firstOrder, rampTrackingFilter1.leadMOrderLagCascade[18].leadLag.gain, rampTrackingFilter1.leadMOrderLagCascade[19], rampTrackingFilter1.leadMOrderLagCascade[19].firstOrderCascade[1], rampTrackingFilter1.leadMOrderLagCascade[19].firstOrderCascade[1].firstOrder1, rampTrackingFilter1.leadMOrderLagCascade[19].leadLag, rampTrackingFilter1.leadMOrderLagCascade[19].leadLag.feedback, rampTrackingFilter1.leadMOrderLagCascade[19].leadLag.firstOrder, rampTrackingFilter1.leadMOrderLagCascade[19].leadLag.gain, rampTrackingFilter1.leadMOrderLagCascade[1], rampTrackingFilter1.leadMOrderLagCascade[1].firstOrderCascade[1], rampTrackingFilter1.leadMOrderLagCascade[1].firstOrderCascade[1].firstOrder1, rampTrackingFilter1.leadMOrderLagCascade[1].leadLag, rampTrackingFilter1.leadMOrderLagCascade[1].leadLag.feedback, rampTrackingFilter1.leadMOrderLagCascade[1].leadLag.firstOrder, rampTrackingFilter1.leadMOrderLagCascade[1].leadLag.gain, rampTrackingFilter1.leadMOrderLagCascade[20], rampTrackingFilter1.leadMOrderLagCascade[20].firstOrderCascade[1], rampTrackingFilter1.leadMOrderLagCascade[20].firstOrderCascade[1].firstOrder1, rampTrackingFilter1.leadMOrderLagCascade[20].leadLag, rampTrackingFilter1.leadMOrderLagCascade[20].leadLag.feedback, rampTrackingFilter1.leadMOrderLagCascade[20].leadLag.firstOrder, rampTrackingFilter1.leadMOrderLagCascade[20].leadLag.gain, rampTrackingFilter1.leadMOrderLagCascade[21], rampTrackingFilter1.leadMOrderLagCascade[21].firstOrderCascade[1], rampTrackingFilter1.leadMOrderLagCascade[21].firstOrderCascade[1].firstOrder1, rampTrackingFilter1.leadMOrderLagCascade[21].leadLag, rampTrackingFilter1.leadMOrderLagCascade[21].leadLag.feedback, rampTrackingFilter1.leadMOrderLagCascade[21].leadLag.firstOrder, rampTrackingFilter1.leadMOrderLagCascade[21].leadLag.gain, rampTrackingFilter1.leadMOrderLagCascade[22], rampTrackingFilter1.leadMOrderLagCascade[22].firstOrderCascade[1], rampTrackingFilter1.leadMOrderLagCascade[22].firstOrderCascade[1].firstOrder1, rampTrackingFilter1.leadMOrderLagCascade[22].leadLag, rampTrackingFilter1.leadMOrderLagCascade[22].leadLag.feedback, rampTrackingFilter1.leadMOrderLagCascade[22].leadLag.firstOrder, rampTrackingFilter1.leadMOrderLagCascade[22].leadLag.gain, rampTrackingFilter1.leadMOrderLagCascade[23], rampTrackingFilter1.leadMOrderLagCascade[23].firstOrderCascade[1], rampTrackingFilter1.leadMOrderLagCascade[23].firstOrderCascade[1].firstOrder1, rampTrackingFilter1.leadMOrderLagCascade[23].leadLag, rampTrackingFilter1.leadMOrderLagCascade[23].leadLag.feedback, rampTrackingFilter1.leadMOrderLagCascade[23].leadLag.firstOrder, rampTrackingFilter1.leadMOrderLagCascade[23].leadLag.gain, rampTrackingFilter1.leadMOrderLagCascade[24], rampTrackingFilter1.leadMOrderLagCascade[24].firstOrderCascade[1], rampTrackingFilter1.leadMOrderLagCascade[24].firstOrderCascade[1].firstOrder1, rampTrackingFilter1.leadMOrderLagCascade[24].leadLag, rampTrackingFilter1.leadMOrderLagCascade[24].leadLag.feedback, rampTrackingFilter1.leadMOrderLagCascade[24].leadLag.firstOrder, rampTrackingFilter1.leadMOrderLagCascade[24].leadLag.gain, rampTrackingFilter1.leadMOrderLagCascade[25], rampTrackingFilter1.leadMOrderLagCascade[25].firstOrderCascade[1], rampTrackingFilter1.leadMOrderLagCascade[25].firstOrderCascade[1].firstOrder1, rampTrackingFilter1.leadMOrderLagCascade[25].leadLag, rampTrackingFilter1.leadMOrderLagCascade[25].leadLag.feedback, rampTrackingFilter1.leadMOrderLagCascade[25].leadLag.firstOrder, rampTrackingFilter1.leadMOrderLagCascade[25].leadLag.gain, rampTrackingFilter1.leadMOrderLagCascade[26], rampTrackingFilter1.leadMOrderLagCascade[26].firstOrderCascade[1], rampTrackingFilter1.leadMOrderLagCascade[26].firstOrderCascade[1].firstOrder1, rampTrackingFilter1.leadMOrderLagCascade[26].leadLag, rampTrackingFilter1.leadMOrderLagCascade[26].leadLag.feedback, rampTrackingFilter1.leadMOrderLagCascade[26].leadLag.firstOrder, rampTrackingFilter1.leadMOrderLagCascade[26].leadLag.gain, rampTrackingFilter1.leadMOrderLagCascade[27], rampTrackingFilter1.leadMOrderLagCascade[27].firstOrderCascade[1], rampTrackingFilter1.leadMOrderLagCascade[27].firstOrderCascade[1].firstOrder1, rampTrackingFilter1.leadMOrderLagCascade[27].leadLag, rampTrackingFilter1.leadMOrderLagCascade[27].leadLag.feedback, rampTrackingFilter1.leadMOrderLagCascade[27].leadLag.firstOrder, rampTrackingFilter1.leadMOrderLagCascade[27].leadLag.gain, rampTrackingFilter1.leadMOrderLagCascade[28], rampTrackingFilter1.leadMOrderLagCascade[28].firstOrderCascade[1], rampTrackingFilter1.leadMOrderLagCascade[28].firstOrderCascade[1].firstOrder1, rampTrackingFilter1.leadMOrderLagCascade[28].leadLag, rampTrackingFilter1.leadMOrderLagCascade[28].leadLag.feedback, rampTrackingFilter1.leadMOrderLagCascade[28].leadLag.firstOrder, rampTrackingFilter1.leadMOrderLagCascade[28].leadLag.gain, rampTrackingFilter1.leadMOrderLagCascade[29], rampTrackingFilter1.leadMOrderLagCascade[29].firstOrderCascade[1], rampTrackingFilter1.leadMOrderLagCascade[29].firstOrderCascade[1].firstOrder1, rampTrackingFilter1.leadMOrderLagCascade[29].leadLag, rampTrackingFilter1.leadMOrderLagCascade[29].leadLag.feedback, rampTrackingFilter1.leadMOrderLagCascade[29].leadLag.firstOrder, rampTrackingFilter1.leadMOrderLagCascade[29].leadLag.gain, rampTrackingFilter1.leadMOrderLagCascade[2], rampTrackingFilter1.leadMOrderLagCascade[2].firstOrderCascade[1], rampTrackingFilter1.leadMOrderLagCascade[2].firstOrderCascade[1].firstOrder1, rampTrackingFilter1.leadMOrderLagCascade[2].leadLag, rampTrackingFilter1.leadMOrderLagCascade[2].leadLag.feedback, rampTrackingFilter1.leadMOrderLagCascade[2].leadLag.firstOrder, rampTrackingFilter1.leadMOrderLagCascade[2].leadLag.gain, rampTrackingFilter1.leadMOrderLagCascade[30], rampTrackingFilter1.leadMOrderLagCascade[30].firstOrderCascade[1], rampTrackingFilter1.leadMOrderLagCascade[30].firstOrderCascade[1].firstOrder1, rampTrackingFilter1.leadMOrderLagCascade[30].leadLag, rampTrackingFilter1.leadMOrderLagCascade[30].leadLag.feedback, rampTrackingFilter1.leadMOrderLagCascade[30].leadLag.firstOrder, rampTrackingFilter1.leadMOrderLagCascade[30].leadLag.gain, rampTrackingFilter1.leadMOrderLagCascade[31], rampTrackingFilter1.leadMOrderLagCascade[31].firstOrderCascade[1], rampTrackingFilter1.leadMOrderLagCascade[31].firstOrderCascade[1].firstOrder1, rampTrackingFilter1.leadMOrderLagCascade[31].leadLag, rampTrackingFilter1.leadMOrderLagCascade[31].leadLag.feedback, rampTrackingFilter1.leadMOrderLagCascade[31].leadLag.firstOrder, rampTrackingFilter1.leadMOrderLagCascade[31].leadLag.gain, rampTrackingFilter1.leadMOrderLagCascade[32], rampTrackingFilter1.leadMOrderLagCascade[32].firstOrderCascade[1], rampTrackingFilter1.leadMOrderLagCascade[32].firstOrderCascade[1].firstOrder1, rampTrackingFilter1.leadMOrderLagCascade[32].leadLag, rampTrackingFilter1.leadMOrderLagCascade[32].leadLag.feedback, rampTrackingFilter1.leadMOrderLagCascade[32].leadLag.firstOrder, rampTrackingFilter1.leadMOrderLagCascade[32].leadLag.gain, rampTrackingFilter1.leadMOrderLagCascade[33], rampTrackingFilter1.leadMOrderLagCascade[33].firstOrderCascade[1], rampTrackingFilter1.leadMOrderLagCascade[33].firstOrderCascade[1].firstOrder1, rampTrackingFilter1.leadMOrderLagCascade[33].leadLag, rampTrackingFilter1.leadMOrderLagCascade[33].leadLag.feedback, rampTrackingFilter1.leadMOrderLagCascade[33].leadLag.firstOrder, rampTrackingFilter1.leadMOrderLagCascade[33].leadLag.gain, rampTrackingFilter1.leadMOrderLagCascade[34], rampTrackingFilter1.leadMOrderLagCascade[34].firstOrderCascade[1], rampTrackingFilter1.leadMOrderLagCascade[34].firstOrderCascade[1].firstOrder1, rampTrackingFilter1.leadMOrderLagCascade[34].leadLag, rampTrackingFilter1.leadMOrderLagCascade[34].leadLag.feedback, rampTrackingFilter1.leadMOrderLagCascade[34].leadLag.firstOrder, rampTrackingFilter1.leadMOrderLagCascade[34].leadLag.gain, rampTrackingFilter1.leadMOrderLagCascade[35], rampTrackingFilter1.leadMOrderLagCascade[35].firstOrderCascade[1], rampTrackingFilter1.leadMOrderLagCascade[35].firstOrderCascade[1].firstOrder1, rampTrackingFilter1.leadMOrderLagCascade[35].leadLag, rampTrackingFilter1.leadMOrderLagCascade[35].leadLag.feedback, rampTrackingFilter1.leadMOrderLagCascade[35].leadLag.firstOrder, rampTrackingFilter1.leadMOrderLagCascade[35].leadLag.gain, rampTrackingFilter1.leadMOrderLagCascade[36], rampTrackingFilter1.leadMOrderLagCascade[36].firstOrderCascade[1], rampTrackingFilter1.leadMOrderLagCascade[36].firstOrderCascade[1].firstOrder1, rampTrackingFilter1.leadMOrderLagCascade[36].leadLag, rampTrackingFilter1.leadMOrderLagCascade[36].leadLag.feedback, rampTrackingFilter1.leadMOrderLagCascade[36].leadLag.firstOrder, rampTrackingFilter1.leadMOrderLagCascade[36].leadLag.gain, rampTrackingFilter1.leadMOrderLagCascade[37], rampTrackingFilter1.leadMOrderLagCascade[37].firstOrderCascade[1], rampTrackingFilter1.leadMOrderLagCascade[37].firstOrderCascade[1].firstOrder1, rampTrackingFilter1.leadMOrderLagCascade[37].leadLag, rampTrackingFilter1.leadMOrderLagCascade[37].leadLag.feedback, rampTrackingFilter1.leadMOrderLagCascade[37].leadLag.firstOrder, rampTrackingFilter1.leadMOrderLagCascade[37].leadLag.gain, rampTrackingFilter1.leadMOrderLagCascade[38], rampTrackingFilter1.leadMOrderLagCascade[38].firstOrderCascade[1], rampTrackingFilter1.leadMOrderLagCascade[38].firstOrderCascade[1].firstOrder1, rampTrackingFilter1.leadMOrderLagCascade[38].leadLag, rampTrackingFilter1.leadMOrderLagCascade[38].leadLag.feedback, rampTrackingFilter1.leadMOrderLagCascade[38].leadLag.firstOrder, rampTrackingFilter1.leadMOrderLagCascade[38].leadLag.gain, rampTrackingFilter1.leadMOrderLagCascade[39], rampTrackingFilter1.leadMOrderLagCascade[39].firstOrderCascade[1], rampTrackingFilter1.leadMOrderLagCascade[39].firstOrderCascade[1].firstOrder1, rampTrackingFilter1.leadMOrderLagCascade[39].leadLag, rampTrackingFilter1.leadMOrderLagCascade[39].leadLag.feedback, rampTrackingFilter1.leadMOrderLagCascade[39].leadLag.firstOrder, rampTrackingFilter1.leadMOrderLagCascade[39].leadLag.gain, rampTrackingFilter1.leadMOrderLagCascade[3], rampTrackingFilter1.leadMOrderLagCascade[3].firstOrderCascade[1], rampTrackingFilter1.leadMOrderLagCascade[3].firstOrderCascade[1].firstOrder1, rampTrackingFilter1.leadMOrderLagCascade[3].leadLag, rampTrackingFilter1.leadMOrderLagCascade[3].leadLag.feedback, rampTrackingFilter1.leadMOrderLagCascade[3].leadLag.firstOrder, rampTrackingFilter1.leadMOrderLagCascade[3].leadLag.gain, rampTrackingFilter1.leadMOrderLagCascade[40], rampTrackingFilter1.leadMOrderLagCascade[40].firstOrderCascade[1], rampTrackingFilter1.leadMOrderLagCascade[40].firstOrderCascade[1].firstOrder1, rampTrackingFilter1.leadMOrderLagCascade[40].leadLag, rampTrackingFilter1.leadMOrderLagCascade[40].leadLag.feedback, rampTrackingFilter1.leadMOrderLagCascade[40].leadLag.firstOrder, rampTrackingFilter1.leadMOrderLagCascade[40].leadLag.gain, rampTrackingFilter1.leadMOrderLagCascade[41], rampTrackingFilter1.leadMOrderLagCascade[41].firstOrderCascade[1], rampTrackingFilter1.leadMOrderLagCascade[41].firstOrderCascade[1].firstOrder1, rampTrackingFilter1.leadMOrderLagCascade[41].leadLag, rampTrackingFilter1.leadMOrderLagCascade[41].leadLag.feedback, rampTrackingFilter1.leadMOrderLagCascade[41].leadLag.firstOrder, rampTrackingFilter1.leadMOrderLagCascade[41].leadLag.gain, rampTrackingFilter1.leadMOrderLagCascade[42], rampTrackingFilter1.leadMOrderLagCascade[42].firstOrderCascade[1], rampTrackingFilter1.leadMOrderLagCascade[42].firstOrderCascade[1].firstOrder1, rampTrackingFilter1.leadMOrderLagCascade[42].leadLag, rampTrackingFilter1.leadMOrderLagCascade[42].leadLag.feedback, rampTrackingFilter1.leadMOrderLagCascade[42].leadLag.firstOrder, rampTrackingFilter1.leadMOrderLagCascade[42].leadLag.gain, rampTrackingFilter1.leadMOrderLagCascade[43], rampTrackingFilter1.leadMOrderLagCascade[43].firstOrderCascade[1], rampTrackingFilter1.leadMOrderLagCascade[43].firstOrderCascade[1].firstOrder1, rampTrackingFilter1.leadMOrderLagCascade[43].leadLag, rampTrackingFilter1.leadMOrderLagCascade[43].leadLag.feedback, rampTrackingFilter1.leadMOrderLagCascade[43].leadLag.firstOrder, rampTrackingFilter1.leadMOrderLagCascade[43].leadLag.gain, rampTrackingFilter1.leadMOrderLagCascade[44], rampTrackingFilter1.leadMOrderLagCascade[44].firstOrderCascade[1], rampTrackingFilter1.leadMOrderLagCascade[44].firstOrderCascade[1].firstOrder1, rampTrackingFilter1.leadMOrderLagCascade[44].leadLag, rampTrackingFilter1.leadMOrderLagCascade[44].leadLag.feedback, rampTrackingFilter1.leadMOrderLagCascade[44].leadLag.firstOrder, rampTrackingFilter1.leadMOrderLagCascade[44].leadLag.gain, rampTrackingFilter1.leadMOrderLagCascade[45], rampTrackingFilter1.leadMOrderLagCascade[45].firstOrderCascade[1], rampTrackingFilter1.leadMOrderLagCascade[45].firstOrderCascade[1].firstOrder1, rampTrackingFilter1.leadMOrderLagCascade[45].leadLag, rampTrackingFilter1.leadMOrderLagCascade[45].leadLag.feedback, rampTrackingFilter1.leadMOrderLagCascade[45].leadLag.firstOrder, rampTrackingFilter1.leadMOrderLagCascade[45].leadLag.gain, rampTrackingFilter1.leadMOrderLagCascade[46], rampTrackingFilter1.leadMOrderLagCascade[46].firstOrderCascade[1], rampTrackingFilter1.leadMOrderLagCascade[46].firstOrderCascade[1].firstOrder1, rampTrackingFilter1.leadMOrderLagCascade[46].leadLag, rampTrackingFilter1.leadMOrderLagCascade[46].leadLag.feedback, rampTrackingFilter1.leadMOrderLagCascade[46].leadLag.firstOrder, rampTrackingFilter1.leadMOrderLagCascade[46].leadLag.gain, rampTrackingFilter1.leadMOrderLagCascade[47], rampTrackingFilter1.leadMOrderLagCascade[47].firstOrderCascade[1], rampTrackingFilter1.leadMOrderLagCascade[47].firstOrderCascade[1].firstOrder1, rampTrackingFilter1.leadMOrderLagCascade[47].leadLag, rampTrackingFilter1.leadMOrderLagCascade[47].leadLag.feedback, rampTrackingFilter1.leadMOrderLagCascade[47].leadLag.firstOrder, rampTrackingFilter1.leadMOrderLagCascade[47].leadLag.gain, rampTrackingFilter1.leadMOrderLagCascade[48], rampTrackingFilter1.leadMOrderLagCascade[48].firstOrderCascade[1], rampTrackingFilter1.leadMOrderLagCascade[48].firstOrderCascade[1].firstOrder1, rampTrackingFilter1.leadMOrderLagCascade[48].leadLag, rampTrackingFilter1.leadMOrderLagCascade[48].leadLag.feedback, rampTrackingFilter1.leadMOrderLagCascade[48].leadLag.firstOrder, rampTrackingFilter1.leadMOrderLagCascade[48].leadLag.gain, rampTrackingFilter1.leadMOrderLagCascade[49], rampTrackingFilter1.leadMOrderLagCascade[49].firstOrderCascade[1], rampTrackingFilter1.leadMOrderLagCascade[49].firstOrderCascade[1].firstOrder1, rampTrackingFilter1.leadMOrderLagCascade[49].leadLag, rampTrackingFilter1.leadMOrderLagCascade[49].leadLag.feedback, rampTrackingFilter1.leadMOrderLagCascade[49].leadLag.firstOrder, rampTrackingFilter1.leadMOrderLagCascade[49].leadLag.gain, rampTrackingFilter1.leadMOrderLagCascade[4], rampTrackingFilter1.leadMOrderLagCascade[4].firstOrderCascade[1], rampTrackingFilter1.leadMOrderLagCascade[4].firstOrderCascade[1].firstOrder1, rampTrackingFilter1.leadMOrderLagCascade[4].leadLag, rampTrackingFilter1.leadMOrderLagCascade[4].leadLag.feedback, rampTrackingFilter1.leadMOrderLagCascade[4].leadLag.firstOrder, rampTrackingFilter1.leadMOrderLagCascade[4].leadLag.gain, rampTrackingFilter1.leadMOrderLagCascade[50], rampTrackingFilter1.leadMOrderLagCascade[50].firstOrderCascade[1], rampTrackingFilter1.leadMOrderLagCascade[50].firstOrderCascade[1].firstOrder1, rampTrackingFilter1.leadMOrderLagCascade[50].leadLag, rampTrackingFilter1.leadMOrderLagCascade[50].leadLag.feedback, rampTrackingFilter1.leadMOrderLagCascade[50].leadLag.firstOrder, rampTrackingFilter1.leadMOrderLagCascade[50].leadLag.gain, rampTrackingFilter1.leadMOrderLagCascade[5], rampTrackingFilter1.leadMOrderLagCascade[5].firstOrderCascade[1], rampTrackingFilter1.leadMOrderLagCascade[5].firstOrderCascade[1].firstOrder1, rampTrackingFilter1.leadMOrderLagCascade[5].leadLag, rampTrackingFilter1.leadMOrderLagCascade[5].leadLag.feedback, rampTrackingFilter1.leadMOrderLagCascade[5].leadLag.firstOrder, rampTrackingFilter1.leadMOrderLagCascade[5].leadLag.gain, rampTrackingFilter1.leadMOrderLagCascade[6], rampTrackingFilter1.leadMOrderLagCascade[6].firstOrderCascade[1], rampTrackingFilter1.leadMOrderLagCascade[6].firstOrderCascade[1].firstOrder1, rampTrackingFilter1.leadMOrderLagCascade[6].leadLag, rampTrackingFilter1.leadMOrderLagCascade[6].leadLag.feedback, rampTrackingFilter1.leadMOrderLagCascade[6].leadLag.firstOrder, rampTrackingFilter1.leadMOrderLagCascade[6].leadLag.gain, rampTrackingFilter1.leadMOrderLagCascade[7], rampTrackingFilter1.leadMOrderLagCascade[7].firstOrderCascade[1], rampTrackingFilter1.leadMOrderLagCascade[7].firstOrderCascade[1].firstOrder1, rampTrackingFilter1.leadMOrderLagCascade[7].leadLag, rampTrackingFilter1.leadMOrderLagCascade[7].leadLag.feedback, rampTrackingFilter1.leadMOrderLagCascade[7].leadLag.firstOrder, rampTrackingFilter1.leadMOrderLagCascade[7].leadLag.gain, rampTrackingFilter1.leadMOrderLagCascade[8], rampTrackingFilter1.leadMOrderLagCascade[8].firstOrderCascade[1], rampTrackingFilter1.leadMOrderLagCascade[8].firstOrderCascade[1].firstOrder1, rampTrackingFilter1.leadMOrderLagCascade[8].leadLag, rampTrackingFilter1.leadMOrderLagCascade[8].leadLag.feedback, rampTrackingFilter1.leadMOrderLagCascade[8].leadLag.firstOrder, rampTrackingFilter1.leadMOrderLagCascade[8].leadLag.gain, rampTrackingFilter1.leadMOrderLagCascade[9], rampTrackingFilter1.leadMOrderLagCascade[9].firstOrderCascade[1], rampTrackingFilter1.leadMOrderLagCascade[9].firstOrderCascade[1].firstOrder1, rampTrackingFilter1.leadMOrderLagCascade[9].leadLag, rampTrackingFilter1.leadMOrderLagCascade[9].leadLag.feedback, rampTrackingFilter1.leadMOrderLagCascade[9].leadLag.firstOrder, rampTrackingFilter1.leadMOrderLagCascade[9].leadLag.gain, rampTrackingFilter2.gain, rampTrackingFilter2.leadMOrderLagCascade[1], rampTrackingFilter2.leadMOrderLagCascade[1].leadLag, rampTrackingFilter2.leadMOrderLagCascade[1].leadLag.feedback, rampTrackingFilter2.leadMOrderLagCascade[1].leadLag.firstOrder, rampTrackingFilter2.leadMOrderLagCascade[1].leadLag.gain, rampTrackingFilter3.gain"", ""note"": ""this connector belongs to the model itself, not to a component inside it: the model is an interface compiled on its own, so the node is open on one side. Nothing forces its flow, which is why a structural matching reports an unmatched unknown here. Not a defect in the model""}",/data/mrumoca/eval/results/powergrids/findings.jsonl
powergrids,historical-static,PowerGrids.Controls.Test.TestRampTrackingFilter,255,vanishing-coefficient,medium,False,hold-needs-source-and-witness-review,"{""parameter"": ""rampTrackingFilter1.leadMOrderLagCascade[1].leadLag.firstOrder.k"", ""declared_min"": null, ""shape"": ""parameter multiplies a derivative; zero removes the equation's only determination of that state""}",/data/mrumoca/eval/results/powergrids/findings.jsonl
powergrids,historical-static,PowerGrids.Controls.Test.TestRampTrackingFilter,256,vanishing-coefficient,medium,False,hold-needs-source-and-witness-review,"{""parameter"": ""rampTrackingFilter1.leadMOrderLagCascade[1].firstOrderCascade[1].firstOrder1.k"", ""declared_min"": null, ""shape"": ""parameter multiplies a derivative; zero removes the equation's only determination of that state""}",/data/mrumoca/eval/results/powergrids/findings.jsonl
powergrids,historical-static,PowerGrids.Controls.Test.TestRampTrackingFilter,257,vanishing-coefficient,medium,False,hold-needs-source-and-witness-review,"{""parameter"": ""rampTrackingFilter1.leadMOrderLagCascade[2].leadLag.firstOrder.k"", ""declared_min"": null, ""shape"": ""parameter multiplies a derivative; zero removes the equation's only determination of that state""}",/data/mrumoca/eval/results/powergrids/findings.jsonl
powergrids,historical-static,PowerGrids.Controls.Test.TestRampTrackingFilter,258,vanishing-coefficient,medium,False,hold-needs-source-and-witness-review,"{""parameter"": ""rampTrackingFilter1.leadMOrderLagCascade[2].firstOrderCascade[1].firstOrder1.k"", ""declared_min"": null, ""shape"": ""parameter multiplies a derivative; zero removes the equation's only determination of that state""}",/data/mrumoca/eval/results/powergrids/findings.jsonl
powergrids,historical-static,PowerGrids.Controls.Test.TestRampTrackingFilter,259,vanishing-coefficient,medium,False,hold-needs-source-and-witness-review,"{""parameter"": ""rampTrackingFilter1.leadMOrderLagCascade[3].leadLag.firstOrder.k"", ""declared_min"": null, ""shape"": ""parameter multiplies a derivative; zero removes the equation's only determination of that state""}",/data/mrumoca/eval/results/powergrids/findings.jsonl
powergrids,historical-static,PowerGrids.Controls.Test.TestRampTrackingFilter,260,vanishing-coefficient,medium,False,hold-needs-source-and-witness-review,"{""parameter"": ""rampTrackingFilter1.leadMOrderLagCascade[3].firstOrderCascade[1].firstOrder1.k"", ""declared_min"": null, ""shape"": ""parameter multiplies a derivative; zero removes the equation's only determination of that state""}",/data/mrumoca/eval/results/powergrids/findings.jsonl
powergrids,historical-static,PowerGrids.Controls.Test.TestRampTrackingFilter,261,vanishing-coefficient,medium,False,hold-needs-source-and-witness-review,"{""parameter"": ""rampTrackingFilter1.leadMOrderLagCascade[4].leadLag.firstOrder.k"", ""declared_min"": null, ""shape"": ""parameter multiplies a derivative; zero removes the equation's only determination of that state""}",/data/mrumoca/eval/results/powergrids/findings.jsonl
powergrids,historical-static,PowerGrids.Controls.Test.TestRampTrackingFilter,262,vanishing-coefficient,medium,False,hold-needs-source-and-witness-review,"{""parameter"": ""rampTrackingFilter1.leadMOrderLagCascade[4].firstOrderCascade[1].firstOrder1.k"", ""declared_min"": null, ""shape"": ""parameter multiplies a derivative; zero removes the equation's only determination of that state""}",/data/mrumoca/eval/results/powergrids/findings.jsonl
powergrids,historical-static,PowerGrids.Controls.Test.TestRampTrackingFilter,263,vanishing-coefficient,medium,False,hold-needs-source-and-witness-review,"{""parameter"": ""rampTrackingFilter1.leadMOrderLagCascade[5].leadLag.firstOrder.k"", ""declared_min"": null, ""shape"": ""parameter multiplies a derivative; zero removes the equation's only determination of that state""}",/data/mrumoca/eval/results/powergrids/findings.jsonl
powergrids,historical-static,PowerGrids.Controls.Test.TestRampTrackingFilter,264,vanishing-coefficient,medium,False,hold-needs-source-and-witness-review,"{""parameter"": ""rampTrackingFilter1.leadMOrderLagCascade[5].firstOrderCascade[1].firstOrder1.k"", ""declared_min"": null, ""shape"": ""parameter multiplies a derivative; zero removes the equation's only determination of that state""}",/data/mrumoca/eval/results/powergrids/findings.jsonl
powergrids,historical-static,PowerGrids.Controls.Test.TestRampTrackingFilter,265,vanishing-coefficient,medium,False,hold-needs-source-and-witness-review,"{""parameter"": ""rampTrackingFilter1.leadMOrderLagCascade[6].leadLag.firstOrder.k"", ""declared_min"": null, ""shape"": ""parameter multiplies a derivative; zero removes the equation's only determination of that state""}",/data/mrumoca/eval/results/powergrids/findings.jsonl
powergrids,historical-static,PowerGrids.Controls.Test.TestRampTrackingFilter,266,vanishing-coefficient,medium,False,hold-needs-source-and-witness-review,"{""parameter"": ""rampTrackingFilter1.leadMOrderLagCascade[6].firstOrderCascade[1].firstOrder1.k"", ""declared_min"": null, ""shape"": ""parameter multiplies a derivative; zero removes the equation's only determination of that state""}",/data/mrumoca/eval/results/powergrids/findings.jsonl
powergrids,historical-static,PowerGrids.Controls.Test.TestRampTrackingFilter,267,vanishing-coefficient,medium,False,hold-needs-source-and-witness-review,"{""parameter"": ""rampTrackingFilter1.leadMOrderLagCascade[7].leadLag.firstOrder.k"", ""declared_min"": null, ""shape"": ""parameter multiplies a derivative; zero removes the equation's only determination of that state""}",/data/mrumoca/eval/results/powergrids/findings.jsonl
powergrids,historical-static,PowerGrids.Controls.Test.TestRampTrackingFilter,268,vanishing-coefficient,medium,False,hold-needs-source-and-witness-review,"{""parameter"": ""rampTrackingFilter1.leadMOrderLagCascade[7].firstOrderCascade[1].firstOrder1.k"", ""declared_min"": null, ""shape"": ""parameter multiplies a derivative; zero removes the equation's only determination of that state""}",/data/mrumoca/eval/results/powergrids/findings.jsonl
powergrids,historical-static,PowerGrids.Controls.Test.TestRampTrackingFilter,269,vanishing-coefficient,medium,False,hold-needs-source-and-witness-review,"{""parameter"": ""rampTrackingFilter1.leadMOrderLagCascade[8].leadLag.firstOrder.k"", ""declared_min"": null, ""shape"": ""parameter multiplies a derivative; zero removes the equation's only determination of that state""}",/data/mrumoca/eval/results/powergrids/findings.jsonl
powergrids,historical-static,PowerGrids.Controls.Test.TestRampTrackingFilter,270,vanishing-coefficient,medium,False,hold-needs-source-and-witness-review,"{""parameter"": ""rampTrackingFilter1.leadMOrderLagCascade[8].firstOrderCascade[1].firstOrder1.k"", ""declared_min"": null, ""shape"": ""parameter multiplies a derivative; zero removes the equation's only determination of that state""}",/data/mrumoca/eval/results/powergrids/findings.jsonl
powergrids,historical-static,PowerGrids.Controls.Test.TestRampTrackingFilter,271,vanishing-coefficient,medium,False,hold-needs-source-and-witness-review,"{""parameter"": ""rampTrackingFilter1.leadMOrderLagCascade[9].leadLag.firstOrder.k"", ""declared_min"": null, ""shape"": ""parameter multiplies a derivative; zero removes the equation's only determination of that state""}",/data/mrumoca/eval/results/powergrids/findings.jsonl
powergrids,historical-static,PowerGrids.Controls.Test.TestRampTrackingFilter,272,vanishing-coefficient,medium,False,hold-needs-source-and-witness-review,"{""parameter"": ""rampTrackingFilter1.leadMOrderLagCascade[9].firstOrderCascade[1].firstOrder1.k"", ""declared_min"": null, ""shape"": ""parameter multiplies a derivative; zero removes the equation's only determination of that state""}",/data/mrumoca/eval/results/powergrids/findings.jsonl
powergrids,historical-static,PowerGrids.Controls.Test.TestRampTrackingFilter,273,vanishing-coefficient,medium,False,hold-needs-source-and-witness-review,"{""parameter"": ""rampTrackingFilter1.leadMOrderLagCascade[10].leadLag.firstOrder.k"", ""declared_min"": null, ""shape"": ""parameter multiplies a derivative; zero removes the equation's only determination of that state""}",/data/mrumoca/eval/results/powergrids/findings.jsonl
powergrids,historical-static,PowerGrids.Controls.Test.TestRampTrackingFilter,274,vanishing-coefficient,medium,False,hold-needs-source-and-witness-review,"{""parameter"": ""rampTrackingFilter1.leadMOrderLagCascade[10].firstOrderCascade[1].firstOrder1.k"", ""declared_min"": null, ""shape"": ""parameter multiplies a derivative; zero removes the equation's only determination of that state""}",/data/mrumoca/eval/results/powergrids/findings.jsonl
powergrids,historical-static,PowerGrids.Controls.Test.TestRampTrackingFilter,275,vanishing-coefficient,medium,False,hold-needs-source-and-witness-review,"{""parameter"": ""rampTrackingFilter1.leadMOrderLagCascade[11].leadLag.firstOrder.k"", ""declared_min"": null, ""shape"": ""parameter multiplies a derivative; zero removes the equation's only determination of that state""}",/data/mrumoca/eval/results/powergrids/findings.jsonl
powergrids,historical-static,PowerGrids.Controls.Test.TestRampTrackingFilter,276,vanishing-coefficient,medium,False,hold-needs-source-and-witness-review,"{""parameter"": ""rampTrackingFilter1.leadMOrderLagCascade[11].firstOrderCascade[1].firstOrder1.k"", ""declared_min"": null, ""shape"": ""parameter multiplies a derivative; zero removes the equation's only determination of that state""}",/data/mrumoca/eval/results/powergrids/findings.jsonl
powergrids,historical-static,PowerGrids.Controls.Test.TestRampTrackingFilter,277,vanishing-coefficient,medium,False,hold-needs-source-and-witness-review,"{""parameter"": ""rampTrackingFilter1.leadMOrderLagCascade[12].leadLag.firstOrder.k"", ""declared_min"": null, ""shape"": ""parameter multiplies a derivative; zero removes the equation's only determination of that state""}",/data/mrumoca/eval/results/powergrids/findings.jsonl
powergrids,historical-static,PowerGrids.Controls.Test.TestRampTrackingFilter,278,vanishing-coefficient,medium,False,hold-needs-source-and-witness-review,"{""parameter"": ""rampTrackingFilter1.leadMOrderLagCascade[12].firstOrderCascade[1].firstOrder1.k"", ""declared_min"": null, ""shape"": ""parameter multiplies a derivative; zero removes the equation's only determination of that state""}",/data/mrumoca/eval/results/powergrids/findings.jsonl
powergrids,historical-static,PowerGrids.Controls.Test.TestRampTrackingFilter,279,vanishing-coefficient,medium,False,hold-needs-source-and-witness-review,"{""parameter"": ""rampTrackingFilter1.leadMOrderLagCascade[13].leadLag.firstOrder.k"", ""declared_min"": null, ""shape"": ""parameter multiplies a derivative; zero removes the equation's only determination of that state""}",/data/mrumoca/eval/results/powergrids/findings.jsonl
powergrids,historical-static,PowerGrids.Controls.Test.TestRampTrackingFilter,280,vanishing-coefficient,medium,False,hold-needs-source-and-witness-review,"{""parameter"": ""rampTrackingFilter1.leadMOrderLagCascade[13].firstOrderCascade[1].firstOrder1.k"", ""declared_min"": null, ""shape"": ""parameter multiplies a derivative; zero removes the equation's only determination of that state""}",/data/mrumoca/eval/results/powergrids/findings.jsonl
powergrids,historical-static,PowerGrids.Controls.Test.TestRampTrackingFilter,281,vanishing-coefficient,medium,False,hold-needs-source-and-witness-review,"{""parameter"": ""rampTrackingFilter1.leadMOrderLagCascade[14].leadLag.firstOrder.k"", ""declared_min"": null, ""shape"": ""parameter multiplies a derivative; zero removes the equation's only determination of that state""}",/data/mrumoca/eval/results/powergrids/findings.jsonl
powergrids,historical-static,PowerGrids.Controls.Test.TestRampTrackingFilter,282,vanishing-coefficient,medium,False,hold-needs-source-and-witness-review,"{""parameter"": ""rampTrackingFilter1.leadMOrderLagCascade[14].firstOrderCascade[1].firstOrder1.k"", ""declared_min"": null, ""shape"": ""parameter multiplies a derivative; zero removes the equation's only determination of that state""}",/data/mrumoca/eval/results/powergrids/findings.jsonl
powergrids,historical-static,PowerGrids.Controls.Test.TestRampTrackingFilter,283,vanishing-coefficient,medium,False,hold-needs-source-and-witness-review,"{""parameter"": ""rampTrackingFilter1.leadMOrderLagCascade[15].leadLag.firstOrder.k"", ""declared_min"": null, ""shape"": ""parameter multiplies a derivative; zero removes the equation's only determination of that state""}",/data/mrumoca/eval/results/powergrids/findings.jsonl
powergrids,historical-static,PowerGrids.Controls.Test.TestRampTrackingFilter,284,vanishing-coefficient,medium,False,hold-needs-source-and-witness-review,"{""parameter"": ""rampTrackingFilter1.leadMOrderLagCascade[15].firstOrderCascade[1].firstOrder1.k"", ""declared_min"": null, ""shape"": ""parameter multiplies a derivative; zero removes the equation's only determination of that state""}",/data/mrumoca/eval/results/powergrids/findings.jsonl
powergrids,historical-static,PowerGrids.Controls.Test.TestRampTrackingFilter,285,vanishing-coefficient,medium,False,hold-needs-source-and-witness-review,"{""parameter"": ""rampTrackingFilter1.leadMOrderLagCascade[16].leadLag.firstOrder.k"", ""declared_min"": null, ""shape"": ""parameter multiplies a derivative; zero removes the equation's only determination of that state""}",/data/mrumoca/eval/results/powergrids/findings.jsonl
powergrids,historical-static,PowerGrids.Controls.Test.TestRampTrackingFilter,286,vanishing-coefficient,medium,False,hold-needs-source-and-witness-review,"{""parameter"": ""rampTrackingFilter1.leadMOrderLagCascade[16].firstOrderCascade[1].firstOrder1.k"", ""declared_min"": null, ""shape"": ""parameter multiplies a derivative; zero removes the equation's only determination of that state""}",/data/mrumoca/eval/results/powergrids/findings.jsonl
powergrids,historical-static,PowerGrids.Controls.Test.TestRampTrackingFilter,287,vanishing-coefficient,medium,False,hold-needs-source-and-witness-review,"{""parameter"": ""rampTrackingFilter1.leadMOrderLagCascade[17].leadLag.firstOrder.k"", ""declared_min"": null, ""shape"": ""parameter multiplies a derivative; zero removes the equation's only determination of that state""}",/data/mrumoca/eval/results/powergrids/findings.jsonl
powergrids,historical-static,PowerGrids.Controls.Test.TestRampTrackingFilter,288,vanishing-coefficient,medium,False,hold-needs-source-and-witness-review,"{""parameter"": ""rampTrackingFilter1.leadMOrderLagCascade[17].firstOrderCascade[1].firstOrder1.k"", ""declared_min"": null, ""shape"": ""parameter multiplies a derivative; zero removes the equation's only determination of that state""}",/data/mrumoca/eval/results/powergrids/findings.jsonl
powergrids,historical-static,PowerGrids.Controls.Test.TestRampTrackingFilter,289,vanishing-coefficient,medium,False,hold-needs-source-and-witness-review,"{""parameter"": ""rampTrackingFilter1.leadMOrderLagCascade[18].leadLag.firstOrder.k"", ""declared_min"": null, ""shape"": ""parameter multiplies a derivative; zero removes the equation's only determination of that state""}",/data/mrumoca/eval/results/powergrids/findings.jsonl
powergrids,historical-static,PowerGrids.Controls.Test.TestRampTrackingFilter,290,vanishing-coefficient,medium,False,hold-needs-source-and-witness-review,"{""parameter"": ""rampTrackingFilter1.leadMOrderLagCascade[18].firstOrderCascade[1].firstOrder1.k"", ""declared_min"": null, ""shape"": ""parameter multiplies a derivative; zero removes the equation's only determination of that state""}",/data/mrumoca/eval/results/powergrids/findings.jsonl
powergrids,historical-static,PowerGrids.Controls.Test.TestRampTrackingFilter,291,vanishing-coefficient,medium,False,hold-needs-source-and-witness-review,"{""parameter"": ""rampTrackingFilter1.leadMOrderLagCascade[19].leadLag.firstOrder.k"", ""declared_min"": null, ""shape"": ""parameter multiplies a derivative; zero removes the equation's only determination of that state""}",/data/mrumoca/eval/results/powergrids/findings.jsonl
powergrids,historical-static,PowerGrids.Controls.Test.TestRampTrackingFilter,292,vanishing-coefficient,medium,False,hold-needs-source-and-witness-review,"{""parameter"": ""rampTrackingFilter1.leadMOrderLagCascade[19].firstOrderCascade[1].firstOrder1.k"", ""declared_min"": null, ""shape"": ""parameter multiplies a derivative; zero removes the equation's only determination of that state""}",/data/mrumoca/eval/results/powergrids/findings.jsonl
powergrids,historical-static,PowerGrids.Controls.Test.TestRampTrackingFilter,293,vanishing-coefficient,medium,False,hold-needs-source-and-witness-review,"{""parameter"": ""rampTrackingFilter1.leadMOrderLagCascade[20].leadLag.firstOrder.k"", ""declared_min"": null, ""shape"": ""parameter multiplies a derivative; zero removes the equation's only determination of that state""}",/data/mrumoca/eval/results/powergrids/findings.jsonl
powergrids,historical-static,PowerGrids.Controls.Test.TestRampTrackingFilter,294,vanishing-coefficient,medium,False,hold-needs-source-and-witness-review,"{""parameter"": ""rampTrackingFilter1.leadMOrderLagCascade[20].firstOrderCascade[1].firstOrder1.k"", ""declared_min"": null, ""shape"": ""parameter multiplies a derivative; zero removes the equation's only determination of that state""}",/data/mrumoca/eval/results/powergrids/findings.jsonl
powergrids,historical-static,PowerGrids.Controls.Test.TestRampTrackingFilter,295,vanishing-coefficient,medium,False,hold-needs-source-and-witness-review,"{""parameter"": ""rampTrackingFilter1.leadMOrderLagCascade[21].leadLag.firstOrder.k"", ""declared_min"": null, ""shape"": ""parameter multiplies a derivative; zero removes the equation's only determination of that state""}",/data/mrumoca/eval/results/powergrids/findings.jsonl
powergrids,historical-static,PowerGrids.Controls.Test.TestRampTrackingFilter,296,vanishing-coefficient,medium,False,hold-needs-source-and-witness-review,"{""parameter"": ""rampTrackingFilter1.leadMOrderLagCascade[21].firstOrderCascade[1].firstOrder1.k"", ""declared_min"": null, ""shape"": ""parameter multiplies a derivative; zero removes the equation's only determination of that state""}",/data/mrumoca/eval/results/powergrids/findings.jsonl
powergrids,historical-static,PowerGrids.Controls.Test.TestRampTrackingFilter,297,vanishing-coefficient,medium,False,hold-needs-source-and-witness-review,"{""parameter"": ""rampTrackingFilter1.leadMOrderLagCascade[22].leadLag.firstOrder.k"", ""declared_min"": null, ""shape"": ""parameter multiplies a derivative; zero removes the equation's only determination of that state""}",/data/mrumoca/eval/results/powergrids/findings.jsonl
powergrids,historical-static,PowerGrids.Controls.Test.TestRampTrackingFilter,298,vanishing-coefficient,medium,False,hold-needs-source-and-witness-review,"{""parameter"": ""rampTrackingFilter1.leadMOrderLagCascade[22].firstOrderCascade[1].firstOrder1.k"", ""declared_min"": null, ""shape"": ""parameter multiplies a derivative; zero removes the equation's only determination of that state""}",/data/mrumoca/eval/results/powergrids/findings.jsonl
powergrids,historical-static,PowerGrids.Controls.Test.TestRampTrackingFilter,299,vanishing-coefficient,medium,False,hold-needs-source-and-witness-review,"{""parameter"": ""rampTrackingFilter1.leadMOrderLagCascade[23].leadLag.firstOrder.k"", ""declared_min"": null, ""shape"": ""parameter multiplies a derivative; zero removes the equation's only determination of that state""}",/data/mrumoca/eval/results/powergrids/findings.jsonl
powergrids,historical-static,PowerGrids.Controls.Test.TestRampTrackingFilter,300,vanishing-coefficient,medium,False,hold-needs-source-and-witness-review,"{""parameter"": ""rampTrackingFilter1.leadMOrderLagCascade[23].firstOrderCascade[1].firstOrder1.k"", ""declared_min"": null, ""shape"": ""parameter multiplies a derivative; zero removes the equation's only determination of that state""}",/data/mrumoca/eval/results/powergrids/findings.jsonl
powergrids,historical-static,PowerGrids.Controls.Test.TestRampTrackingFilter,301,vanishing-coefficient,medium,False,hold-needs-source-and-witness-review,"{""parameter"": ""rampTrackingFilter1.leadMOrderLagCascade[24].leadLag.firstOrder.k"", ""declared_min"": null, ""shape"": ""parameter multiplies a derivative; zero removes the equation's only determination of that state""}",/data/mrumoca/eval/results/powergrids/findings.jsonl
powergrids,historical-static,PowerGrids.Controls.Test.TestRampTrackingFilter,302,vanishing-coefficient,medium,False,hold-needs-source-and-witness-review,"{""parameter"": ""rampTrackingFilter1.leadMOrderLagCascade[24].firstOrderCascade[1].firstOrder1.k"", ""declared_min"": null, ""shape"": ""parameter multiplies a derivative; zero removes the equation's only determination of that state""}",/data/mrumoca/eval/results/powergrids/findings.jsonl
powergrids,historical-static,PowerGrids.Controls.Test.TestRampTrackingFilter,303,vanishing-coefficient,medium,False,hold-needs-source-and-witness-review,"{""parameter"": ""rampTrackingFilter1.leadMOrderLagCascade[25].leadLag.firstOrder.k"", ""declared_min"": null, ""shape"": ""parameter multiplies a derivative; zero removes the equation's only determination of that state""}",/data/mrumoca/eval/results/powergrids/findings.jsonl
powergrids,historical-static,PowerGrids.Controls.Test.TestRampTrackingFilter,304,vanishing-coefficient,medium,False,hold-needs-source-and-witness-review,"{""parameter"": ""rampTrackingFilter1.leadMOrderLagCascade[25].firstOrderCascade[1].firstOrder1.k"", ""declared_min"": null, ""shape"": ""parameter multiplies a derivative; zero removes the equation's only determination of that state""}",/data/mrumoca/eval/results/powergrids/findings.jsonl
powergrids,historical-static,PowerGrids.Controls.Test.TestRampTrackingFilter,305,vanishing-coefficient,medium,False,hold-needs-source-and-witness-review,"{""parameter"": ""rampTrackingFilter1.leadMOrderLagCascade[26].leadLag.firstOrder.k"", ""declared_min"": null, ""shape"": ""parameter multiplies a derivative; zero removes the equation's only determination of that state""}",/data/mrumoca/eval/results/powergrids/findings.jsonl
powergrids,historical-static,PowerGrids.Controls.Test.TestRampTrackingFilter,306,vanishing-coefficient,medium,False,hold-needs-source-and-witness-review,"{""parameter"": ""rampTrackingFilter1.leadMOrderLagCascade[26].firstOrderCascade[1].firstOrder1.k"", ""declared_min"": null, ""shape"": ""parameter multiplies a derivative; zero removes the equation's only determination of that state""}",/data/mrumoca/eval/results/powergrids/findings.jsonl
powergrids,historical-static,PowerGrids.Controls.Test.TestRampTrackingFilter,307,vanishing-coefficient,medium,False,hold-needs-source-and-witness-review,"{""parameter"": ""rampTrackingFilter1.leadMOrderLagCascade[27].leadLag.firstOrder.k"", ""declared_min"": null, ""shape"": ""parameter multiplies a derivative; zero removes the equation's only determination of that state""}",/data/mrumoca/eval/results/powergrids/findings.jsonl
powergrids,historical-static,PowerGrids.Controls.Test.TestRampTrackingFilter,308,vanishing-coefficient,medium,False,hold-needs-source-and-witness-review,"{""parameter"": ""rampTrackingFilter1.leadMOrderLagCascade[27].firstOrderCascade[1].firstOrder1.k"", ""declared_min"": null, ""shape"": ""parameter multiplies a derivative; zero removes the equation's only determination of that state""}",/data/mrumoca/eval/results/powergrids/findings.jsonl
powergrids,historical-static,PowerGrids.Controls.Test.TestRampTrackingFilter,309,vanishing-coefficient,medium,False,hold-needs-source-and-witness-review,"{""parameter"": ""rampTrackingFilter1.leadMOrderLagCascade[28].leadLag.firstOrder.k"", ""declared_min"": null, ""shape"": ""parameter multiplies a derivative; zero removes the equation's only determination of that state""}",/data/mrumoca/eval/results/powergrids/findings.jsonl
powergrids,historical-static,PowerGrids.Controls.Test.TestRampTrackingFilter,310,vanishing-coefficient,medium,False,hold-needs-source-and-witness-review,"{""parameter"": ""rampTrackingFilter1.leadMOrderLagCascade[28].firstOrderCascade[1].firstOrder1.k"", ""declared_min"": null, ""shape"": ""parameter multiplies a derivative; zero removes the equation's only determination of that state""}",/data/mrumoca/eval/results/powergrids/findings.jsonl
powergrids,historical-static,PowerGrids.Controls.Test.TestRampTrackingFilter,311,vanishing-coefficient,medium,False,hold-needs-source-and-witness-review,"{""parameter"": ""rampTrackingFilter1.leadMOrderLagCascade[29].leadLag.firstOrder.k"", ""declared_min"": null, ""shape"": ""parameter multiplies a derivative; zero removes the equation's only determination of that state""}",/data/mrumoca/eval/results/powergrids/findings.jsonl
powergrids,historical-static,PowerGrids.Controls.Test.TestRampTrackingFilter,312,vanishing-coefficient,medium,False,hold-needs-source-and-witness-review,"{""parameter"": ""rampTrackingFilter1.leadMOrderLagCascade[29].firstOrderCascade[1].firstOrder1.k"", ""declared_min"": null, ""shape"": ""parameter multiplies a derivative; zero removes the equation's only determination of that state""}",/data/mrumoca/eval/results/powergrids/findings.jsonl
powergrids,historical-static,PowerGrids.Controls.Test.TestRampTrackingFilter,313,vanishing-coefficient,medium,False,hold-needs-source-and-witness-review,"{""parameter"": ""rampTrackingFilter1.leadMOrderLagCascade[30].leadLag.firstOrder.k"", ""declared_min"": null, ""shape"": ""parameter multiplies a derivative; zero removes the equation's only determination of that state""}",/data/mrumoca/eval/results/powergrids/findings.jsonl
powergrids,historical-static,PowerGrids.Controls.Test.TestRampTrackingFilter,314,vanishing-coefficient,medium,False,hold-needs-source-and-witness-review,"{""parameter"": ""rampTrackingFilter1.leadMOrderLagCascade[30].firstOrderCascade[1].firstOrder1.k"", ""declared_min"": null, ""shape"": ""parameter multiplies a derivative; zero removes the equation's only determination of that state""}",/data/mrumoca/eval/results/powergrids/findings.jsonl
powergrids,historical-static,PowerGrids.Controls.Test.TestRampTrackingFilter,315,vanishing-coefficient,medium,False,hold-needs-source-and-witness-review,"{""parameter"": ""rampTrackingFilter1.leadMOrderLagCascade[31].leadLag.firstOrder.k"", ""declared_min"": null, ""shape"": ""parameter multiplies a derivative; zero removes the equation's only determination of that state""}",/data/mrumoca/eval/results/powergrids/findings.jsonl
powergrids,historical-static,PowerGrids.Controls.Test.TestRampTrackingFilter,316,vanishing-coefficient,medium,False,hold-needs-source-and-witness-review,"{""parameter"": ""rampTrackingFilter1.leadMOrderLagCascade[31].firstOrderCascade[1].firstOrder1.k"", ""declared_min"": null, ""shape"": ""parameter multiplies a derivative; zero removes the equation's only determination of that state""}",/data/mrumoca/eval/results/powergrids/findings.jsonl
powergrids,historical-static,PowerGrids.Controls.Test.TestRampTrackingFilter,317,vanishing-coefficient,medium,False,hold-needs-source-and-witness-review,"{""parameter"": ""rampTrackingFilter1.leadMOrderLagCascade[32].leadLag.firstOrder.k"", ""declared_min"": null, ""shape"": ""parameter multiplies a derivative; zero removes the equation's only determination of that state""}",/data/mrumoca/eval/results/powergrids/findings.jsonl
powergrids,historical-static,PowerGrids.Controls.Test.TestRampTrackingFilter,318,vanishing-coefficient,medium,False,hold-needs-source-and-witness-review,"{""parameter"": ""rampTrackingFilter1.leadMOrderLagCascade[32].firstOrderCascade[1].firstOrder1.k"", ""declared_min"": null, ""shape"": ""parameter multiplies a derivative; zero removes the equation's only determination of that state""}",/data/mrumoca/eval/results/powergrids/findings.jsonl
powergrids,historical-static,PowerGrids.Controls.Test.TestRampTrackingFilter,319,vanishing-coefficient,medium,False,hold-needs-source-and-witness-review,"{""parameter"": ""rampTrackingFilter1.leadMOrderLagCascade[33].leadLag.firstOrder.k"", ""declared_min"": null, ""shape"": ""parameter multiplies a derivative; zero removes the equation's only determination of that state""}",/data/mrumoca/eval/results/powergrids/findings.jsonl
powergrids,historical-static,PowerGrids.Controls.Test.TestRampTrackingFilter,320,vanishing-coefficient,medium,False,hold-needs-source-and-witness-review,"{""parameter"": ""rampTrackingFilter1.leadMOrderLagCascade[33].firstOrderCascade[1].firstOrder1.k"", ""declared_min"": null, ""shape"": ""parameter multiplies a derivative; zero removes the equation's only determination of that state""}",/data/mrumoca/eval/results/powergrids/findings.jsonl
powergrids,historical-static,PowerGrids.Controls.Test.TestRampTrackingFilter,321,vanishing-coefficient,medium,False,hold-needs-source-and-witness-review,"{""parameter"": ""rampTrackingFilter1.leadMOrderLagCascade[34].leadLag.firstOrder.k"", ""declared_min"": null, ""shape"": ""parameter multiplies a derivative; zero removes the equation's only determination of that state""}",/data/mrumoca/eval/results/powergrids/findings.jsonl
powergrids,historical-static,PowerGrids.Controls.Test.TestRampTrackingFilter,322,vanishing-coefficient,medium,False,hold-needs-source-and-witness-review,"{""parameter"": ""rampTrackingFilter1.leadMOrderLagCascade[34].firstOrderCascade[1].firstOrder1.k"", ""declared_min"": null, ""shape"": ""parameter multiplies a derivative; zero removes the equation's only determination of that state""}",/data/mrumoca/eval/results/powergrids/findings.jsonl
powergrids,historical-static,PowerGrids.Controls.Test.TestRampTrackingFilter,323,vanishing-coefficient,medium,False,hold-needs-source-and-witness-review,"{""parameter"": ""rampTrackingFilter1.leadMOrderLagCascade[35].leadLag.firstOrder.k"", ""declared_min"": null, ""shape"": ""parameter multiplies a derivative; zero removes the equation's only determination of that state""}",/data/mrumoca/eval/results/powergrids/findings.jsonl
powergrids,historical-static,PowerGrids.Controls.Test.TestRampTrackingFilter,324,vanishing-coefficient,medium,False,hold-needs-source-and-witness-review,"{""parameter"": ""rampTrackingFilter1.leadMOrderLagCascade[35].firstOrderCascade[1].firstOrder1.k"", ""declared_min"": null, ""shape"": ""parameter multiplies a derivative; zero removes the equation's only determination of that state""}",/data/mrumoca/eval/results/powergrids/findings.jsonl
powergrids,historical-static,PowerGrids.Controls.Test.TestRampTrackingFilter,325,vanishing-coefficient,medium,False,hold-needs-source-and-witness-review,"{""parameter"": ""rampTrackingFilter1.leadMOrderLagCascade[36].leadLag.firstOrder.k"", ""declared_min"": null, ""shape"": ""parameter multiplies a derivative; zero removes the equation's only determination of that state""}",/data/mrumoca/eval/results/powergrids/findings.jsonl
powergrids,historical-static,PowerGrids.Controls.Test.TestRampTrackingFilter,326,vanishing-coefficient,medium,False,hold-needs-source-and-witness-review,"{""parameter"": ""rampTrackingFilter1.leadMOrderLagCascade[36].firstOrderCascade[1].firstOrder1.k"", ""declared_min"": null, ""shape"": ""parameter multiplies a derivative; zero removes the equation's only determination of that state""}",/data/mrumoca/eval/results/powergrids/findings.jsonl
powergrids,historical-static,PowerGrids.Controls.Test.TestRampTrackingFilter,327,vanishing-coefficient,medium,False,hold-needs-source-and-witness-review,"{""parameter"": ""rampTrackingFilter1.leadMOrderLagCascade[37].leadLag.firstOrder.k"", ""declared_min"": null, ""shape"": ""parameter multiplies a derivative; zero removes the equation's only determination of that state""}",/data/mrumoca/eval/results/powergrids/findings.jsonl
powergrids,historical-static,PowerGrids.Controls.Test.TestRampTrackingFilter,328,vanishing-coefficient,medium,False,hold-needs-source-and-witness-review,"{""parameter"": ""rampTrackingFilter1.leadMOrderLagCascade[37].firstOrderCascade[1].firstOrder1.k"", ""declared_min"": null, ""shape"": ""parameter multiplies a derivative; zero removes the equation's only determination of that state""}",/data/mrumoca/eval/results/powergrids/findings.jsonl
powergrids,historical-static,PowerGrids.Controls.Test.TestRampTrackingFilter,329,vanishing-coefficient,medium,False,hold-needs-source-and-witness-review,"{""parameter"": ""rampTrackingFilter1.leadMOrderLagCascade[38].leadLag.firstOrder.k"", ""declared_min"": null, ""shape"": ""parameter multiplies a derivative; zero removes the equation's only determination of that state""}",/data/mrumoca/eval/results/powergrids/findings.jsonl
powergrids,historical-static,PowerGrids.Controls.Test.TestRampTrackingFilter,330,vanishing-coefficient,medium,False,hold-needs-source-and-witness-review,"{""parameter"": ""rampTrackingFilter1.leadMOrderLagCascade[38].firstOrderCascade[1].firstOrder1.k"", ""declared_min"": null, ""shape"": ""parameter multiplies a derivative; zero removes the equation's only determination of that state""}",/data/mrumoca/eval/results/powergrids/findings.jsonl
powergrids,historical-static,PowerGrids.Controls.Test.TestRampTrackingFilter,331,vanishing-coefficient,medium,False,hold-needs-source-and-witness-review,"{""parameter"": ""rampTrackingFilter1.leadMOrderLagCascade[39].leadLag.firstOrder.k"", ""declared_min"": null, ""shape"": ""parameter multiplies a derivative; zero removes the equation's only determination of that state""}",/data/mrumoca/eval/results/powergrids/findings.jsonl
powergrids,historical-static,PowerGrids.Controls.Test.TestRampTrackingFilter,332,vanishing-coefficient,medium,False,hold-needs-source-and-witness-review,"{""parameter"": ""rampTrackingFilter1.leadMOrderLagCascade[39].firstOrderCascade[1].firstOrder1.k"", ""declared_min"": null, ""shape"": ""parameter multiplies a derivative; zero removes the equation's only determination of that state""}",/data/mrumoca/eval/results/powergrids/findings.jsonl
powergrids,historical-static,PowerGrids.Controls.Test.TestRampTrackingFilter,333,vanishing-coefficient,medium,False,hold-needs-source-and-witness-review,"{""parameter"": ""rampTrackingFilter1.leadMOrderLagCascade[40].leadLag.firstOrder.k"", ""declared_min"": null, ""shape"": ""parameter multiplies a derivative; zero removes the equation's only determination of that state""}",/data/mrumoca/eval/results/powergrids/findings.jsonl
powergrids,historical-static,PowerGrids.Controls.Test.TestRampTrackingFilter,334,vanishing-coefficient,medium,False,hold-needs-source-and-witness-review,"{""parameter"": ""rampTrackingFilter1.leadMOrderLagCascade[40].firstOrderCascade[1].firstOrder1.k"", ""declared_min"": null, ""shape"": ""parameter multiplies a derivative; zero removes the equation's only determination of that state""}",/data/mrumoca/eval/results/powergrids/findings.jsonl
powergrids,historical-static,PowerGrids.Controls.Test.TestRampTrackingFilter,335,vanishing-coefficient,medium,False,hold-needs-source-and-witness-review,"{""parameter"": ""rampTrackingFilter1.leadMOrderLagCascade[41].leadLag.firstOrder.k"", ""declared_min"": null, ""shape"": ""parameter multiplies a derivative; zero removes the equation's only determination of that state""}",/data/mrumoca/eval/results/powergrids/findings.jsonl
powergrids,historical-static,PowerGrids.Controls.Test.TestRampTrackingFilter,336,vanishing-coefficient,medium,False,hold-needs-source-and-witness-review,"{""parameter"": ""rampTrackingFilter1.leadMOrderLagCascade[41].firstOrderCascade[1].firstOrder1.k"", ""declared_min"": null, ""shape"": ""parameter multiplies a derivative; zero removes the equation's only determination of that state""}",/data/mrumoca/eval/results/powergrids/findings.jsonl
powergrids,historical-static,PowerGrids.Controls.Test.TestRampTrackingFilter,337,vanishing-coefficient,medium,False,hold-needs-source-and-witness-review,"{""parameter"": ""rampTrackingFilter1.leadMOrderLagCascade[42].leadLag.firstOrder.k"", ""declared_min"": null, ""shape"": ""parameter multiplies a derivative; zero removes the equation's only determination of that state""}",/data/mrumoca/eval/results/powergrids/findings.jsonl
powergrids,historical-static,PowerGrids.Controls.Test.TestRampTrackingFilter,338,vanishing-coefficient,medium,False,hold-needs-source-and-witness-review,"{""parameter"": ""rampTrackingFilter1.leadMOrderLagCascade[42].firstOrderCascade[1].firstOrder1.k"", ""declared_min"": null, ""shape"": ""parameter multiplies a derivative; zero removes the equation's only determination of that state""}",/data/mrumoca/eval/results/powergrids/findings.jsonl
powergrids,historical-static,PowerGrids.Controls.Test.TestRampTrackingFilter,339,vanishing-coefficient,medium,False,hold-needs-source-and-witness-review,"{""parameter"": ""rampTrackingFilter1.leadMOrderLagCascade[43].leadLag.firstOrder.k"", ""declared_min"": null, ""shape"": ""parameter multiplies a derivative; zero removes the equation's only determination of that state""}",/data/mrumoca/eval/results/powergrids/findings.jsonl
powergrids,historical-static,PowerGrids.Controls.Test.TestRampTrackingFilter,340,vanishing-coefficient,medium,False,hold-needs-source-and-witness-review,"{""parameter"": ""rampTrackingFilter1.leadMOrderLagCascade[43].firstOrderCascade[1].firstOrder1.k"", ""declared_min"": null, ""shape"": ""parameter multiplies a derivative; zero removes the equation's only determination of that state""}",/data/mrumoca/eval/results/powergrids/findings.jsonl
powergrids,historical-static,PowerGrids.Controls.Test.TestRampTrackingFilter,341,vanishing-coefficient,medium,False,hold-needs-source-and-witness-review,"{""parameter"": ""rampTrackingFilter1.leadMOrderLagCascade[44].leadLag.firstOrder.k"", ""declared_min"": null, ""shape"": ""parameter multiplies a derivative; zero removes the equation's only determination of that state""}",/data/mrumoca/eval/results/powergrids/findings.jsonl
powergrids,historical-static,PowerGrids.Controls.Test.TestRampTrackingFilter,342,vanishing-coefficient,medium,False,hold-needs-source-and-witness-review,"{""parameter"": ""rampTrackingFilter1.leadMOrderLagCascade[44].firstOrderCascade[1].firstOrder1.k"", ""declared_min"": null, ""shape"": ""parameter multiplies a derivative; zero removes the equation's only determination of that state""}",/data/mrumoca/eval/results/powergrids/findings.jsonl
powergrids,historical-static,PowerGrids.Controls.Test.TestRampTrackingFilter,343,vanishing-coefficient,medium,False,hold-needs-source-and-witness-review,"{""parameter"": ""rampTrackingFilter1.leadMOrderLagCascade[45].leadLag.firstOrder.k"", ""declared_min"": null, ""shape"": ""parameter multiplies a derivative; zero removes the equation's only determination of that state""}",/data/mrumoca/eval/results/powergrids/findings.jsonl
powergrids,historical-static,PowerGrids.Controls.Test.TestRampTrackingFilter,344,vanishing-coefficient,medium,False,hold-needs-source-and-witness-review,"{""parameter"": ""rampTrackingFilter1.leadMOrderLagCascade[45].firstOrderCascade[1].firstOrder1.k"", ""declared_min"": null, ""shape"": ""parameter multiplies a derivative; zero removes the equation's only determination of that state""}",/data/mrumoca/eval/results/powergrids/findings.jsonl
powergrids,historical-static,PowerGrids.Controls.Test.TestRampTrackingFilter,345,vanishing-coefficient,medium,False,hold-needs-source-and-witness-review,"{""parameter"": ""rampTrackingFilter1.leadMOrderLagCascade[46].leadLag.firstOrder.k"", ""declared_min"": null, ""shape"": ""parameter multiplies a derivative; zero removes the equation's only determination of that state""}",/data/mrumoca/eval/results/powergrids/findings.jsonl
powergrids,historical-static,PowerGrids.Controls.Test.TestRampTrackingFilter,346,vanishing-coefficient,medium,False,hold-needs-source-and-witness-review,"{""parameter"": ""rampTrackingFilter1.leadMOrderLagCascade[46].firstOrderCascade[1].firstOrder1.k"", ""declared_min"": null, ""shape"": ""parameter multiplies a derivative; zero removes the equation's only determination of that state""}",/data/mrumoca/eval/results/powergrids/findings.jsonl
powergrids,historical-static,PowerGrids.Controls.Test.TestRampTrackingFilter,347,vanishing-coefficient,medium,False,hold-needs-source-and-witness-review,"{""parameter"": ""rampTrackingFilter1.leadMOrderLagCascade[47].leadLag.firstOrder.k"", ""declared_min"": null, ""shape"": ""parameter multiplies a derivative; zero removes the equation's only determination of that state""}",/data/mrumoca/eval/results/powergrids/findings.jsonl
powergrids,historical-static,PowerGrids.Controls.Test.TestRampTrackingFilter,348,vanishing-coefficient,medium,False,hold-needs-source-and-witness-review,"{""parameter"": ""rampTrackingFilter1.leadMOrderLagCascade[47].firstOrderCascade[1].firstOrder1.k"", ""declared_min"": null, ""shape"": ""parameter multiplies a derivative; zero removes the equation's only determination of that state""}",/data/mrumoca/eval/results/powergrids/findings.jsonl
powergrids,historical-static,PowerGrids.Controls.Test.TestRampTrackingFilter,349,vanishing-coefficient,medium,False,hold-needs-source-and-witness-review,"{""parameter"": ""rampTrackingFilter1.leadMOrderLagCascade[48].leadLag.firstOrder.k"", ""declared_min"": null, ""shape"": ""parameter multiplies a derivative; zero removes the equation's only determination of that state""}",/data/mrumoca/eval/results/powergrids/findings.jsonl
powergrids,historical-static,PowerGrids.Controls.Test.TestRampTrackingFilter,350,vanishing-coefficient,medium,False,hold-needs-source-and-witness-review,"{""parameter"": ""rampTrackingFilter1.leadMOrderLagCascade[48].firstOrderCascade[1].firstOrder1.k"", ""declared_min"": null, ""shape"": ""parameter multiplies a derivative; zero removes the equation's only determination of that state""}",/data/mrumoca/eval/results/powergrids/findings.jsonl
powergrids,historical-static,PowerGrids.Controls.Test.TestRampTrackingFilter,351,vanishing-coefficient,medium,False,hold-needs-source-and-witness-review,"{""parameter"": ""rampTrackingFilter1.leadMOrderLagCascade[49].leadLag.firstOrder.k"", ""declared_min"": null, ""shape"": ""parameter multiplies a derivative; zero removes the equation's only determination of that state""}",/data/mrumoca/eval/results/powergrids/findings.jsonl
powergrids,historical-static,PowerGrids.Controls.Test.TestRampTrackingFilter,352,vanishing-coefficient,medium,False,hold-needs-source-and-witness-review,"{""parameter"": ""rampTrackingFilter1.leadMOrderLagCascade[49].firstOrderCascade[1].firstOrder1.k"", ""declared_min"": null, ""shape"": ""parameter multiplies a derivative; zero removes the equation's only determination of that state""}",/data/mrumoca/eval/results/powergrids/findings.jsonl
powergrids,historical-static,PowerGrids.Controls.Test.TestRampTrackingFilter,353,vanishing-coefficient,medium,False,hold-needs-source-and-witness-review,"{""parameter"": ""rampTrackingFilter1.leadMOrderLagCascade[50].leadLag.firstOrder.k"", ""declared_min"": null, ""shape"": ""parameter multiplies a derivative; zero removes the equation's only determination of that state""}",/data/mrumoca/eval/results/powergrids/findings.jsonl
powergrids,historical-static,PowerGrids.Controls.Test.TestRampTrackingFilter,354,vanishing-coefficient,medium,False,hold-needs-source-and-witness-review,"{""parameter"": ""rampTrackingFilter1.leadMOrderLagCascade[50].firstOrderCascade[1].firstOrder1.k"", ""declared_min"": null, ""shape"": ""parameter multiplies a derivative; zero removes the equation's only determination of that state""}",/data/mrumoca/eval/results/powergrids/findings.jsonl
powergrids,historical-static,PowerGrids.Controls.Test.TestRampTrackingFilter,355,vanishing-coefficient,medium,False,hold-needs-source-and-witness-review,"{""parameter"": ""rampTrackingFilter2.leadMOrderLagCascade[1].leadLag.firstOrder.k"", ""declared_min"": null, ""shape"": ""parameter multiplies a derivative; zero removes the equation's only determination of that state""}",/data/mrumoca/eval/results/powergrids/findings.jsonl
powergrids,historical-static,PowerGrids.Controls.Test.TestRampTrackingFilter,356,STRUCTURE_DEGENERATES_AT_ZERO,low,False,hold-needs-source-and-witness-review,"{""parameter"": ""rampTrackingFilter1.leadMOrderLagCascade[1].leadLag.firstOrder.k"", ""contract"": ""Modelica.Blocks.Continuous.FirstOrder.k: feature_disabled (proven, from equation) \u2014 the parameter appears only as a multiplier, so at zero the term it scales drops out and the rest of the model is unaffected"", ""contract_behavior"": ""feature_disabled"", ""contract_confidence"": ""proven"", ""confidence"": ""low"", ""result"": ""TOPOLOGY_SPECIFIC"", ""incidences_lost"": 0, ""unknowns_left_undetermined"": 0, ""evidence_kind"": ""scales-a-rate"", ""note"": ""at zero this parameter removes a state and the equation that determines it. The matching survives, so the system is not structurally short; whether it is *algebraically* singular depends on this model's topology and initialization and needs execution to decide. This is not a claim that the declaration should forbid zero.""}",/data/mrumoca/eval/results/powergrids/findings.jsonl
powergrids,historical-static,PowerGrids.Controls.Test.TestRampTrackingFilter,357,STRUCTURE_DEGENERATES_AT_ZERO,low,False,hold-needs-source-and-witness-review,"{""parameter"": ""rampTrackingFilter1.leadMOrderLagCascade[1].firstOrderCascade[1].firstOrder1.k"", ""contract"": ""Modelica.Blocks.Continuous.FirstOrder.k: feature_disabled (proven, from equation) \u2014 the parameter appears only as a multiplier, so at zero the term it scales drops out and the rest of the model is unaffected"", ""contract_behavior"": ""feature_disabled"", ""contract_confidence"": ""proven"", ""confidence"": ""low"", ""result"": ""TOPOLOGY_SPECIFIC"", ""incidences_lost"": 0, ""unknowns_left_undetermined"": 0, ""evidence_kind"": ""scales-a-rate"", ""note"": ""at zero this parameter removes a state and the equation that determines it. The matching survives, so the system is not structurally short; whether it is *algebraically* singular depends on this model's topology and initialization and needs execution to decide. This is not a claim that the declaration should forbid zero.""}",/data/mrumoca/eval/results/powergrids/findings.jsonl
powergrids,historical-static,PowerGrids.Controls.Test.TestRampTrackingFilter,358,STRUCTURE_DEGENERATES_AT_ZERO,low,False,hold-needs-source-and-witness-review,"{""parameter"": ""rampTrackingFilter1.leadMOrderLagCascade[2].leadLag.firstOrder.k"", ""contract"": ""Modelica.Blocks.Continuous.FirstOrder.k: feature_disabled (proven, from equation) \u2014 the parameter appears only as a multiplier, so at zero the term it scales drops out and the rest of the model is unaffected"", ""contract_behavior"": ""feature_disabled"", ""contract_confidence"": ""proven"", ""confidence"": ""low"", ""result"": ""TOPOLOGY_SPECIFIC"", ""incidences_lost"": 0, ""unknowns_left_undetermined"": 0, ""evidence_kind"": ""scales-a-rate"", ""note"": ""at zero this parameter removes a state and the equation that determines it. The matching survives, so the system is not structurally short; whether it is *algebraically* singular depends on this model's topology and initialization and needs execution to decide. This is not a claim that the declaration should forbid zero.""}",/data/mrumoca/eval/results/powergrids/findings.jsonl
powergrids,historical-static,PowerGrids.Controls.Test.TestRampTrackingFilter,359,STRUCTURE_DEGENERATES_AT_ZERO,low,False,hold-needs-source-and-witness-review,"{""parameter"": ""rampTrackingFilter1.leadMOrderLagCascade[2].firstOrderCascade[1].firstOrder1.k"", ""contract"": ""Modelica.Blocks.Continuous.FirstOrder.k: feature_disabled (proven, from equation) \u2014 the parameter appears only as a multiplier, so at zero the term it scales drops out and the rest of the model is unaffected"", ""contract_behavior"": ""feature_disabled"", ""contract_confidence"": ""proven"", ""confidence"": ""low"", ""result"": ""TOPOLOGY_SPECIFIC"", ""incidences_lost"": 0, ""unknowns_left_undetermined"": 0, ""evidence_kind"": ""scales-a-rate"", ""note"": ""at zero this parameter removes a state and the equation that determines it. The matching survives, so the system is not structurally short; whether it is *algebraically* singular depends on this model's topology and initialization and needs execution to decide. This is not a claim that the declaration should forbid zero.""}",/data/mrumoca/eval/results/powergrids/findings.jsonl
powergrids,historical-static,PowerGrids.Controls.Test.TestRampTrackingFilter,360,STRUCTURE_DEGENERATES_AT_ZERO,low,False,hold-needs-source-and-witness-review,"{""parameter"": ""rampTrackingFilter1.leadMOrderLagCascade[3].leadLag.firstOrder.k"", ""contract"": ""Modelica.Blocks.Continuous.FirstOrder.k: feature_disabled (proven, from equation) \u2014 the parameter appears only as a multiplier, so at zero the term it scales drops out and the rest of the model is unaffected"", ""contract_behavior"": ""feature_disabled"", ""contract_confidence"": ""proven"", ""confidence"": ""low"", ""result"": ""TOPOLOGY_SPECIFIC"", ""incidences_lost"": 0, ""unknowns_left_undetermined"": 0, ""evidence_kind"": ""scales-a-rate"", ""note"": ""at zero this parameter removes a state and the equation that determines it. The matching survives, so the system is not structurally short; whether it is *algebraically* singular depends on this model's topology and initialization and needs execution to decide. This is not a claim that the declaration should forbid zero.""}",/data/mrumoca/eval/results/powergrids/findings.jsonl
powergrids,historical-static,PowerGrids.Controls.Test.TestRampTrackingFilter,361,STRUCTURE_DEGENERATES_AT_ZERO,low,False,hold-needs-source-and-witness-review,"{""parameter"": ""rampTrackingFilter1.leadMOrderLagCascade[3].firstOrderCascade[1].firstOrder1.k"", ""contract"": ""Modelica.Blocks.Continuous.FirstOrder.k: feature_disabled (proven, from equation) \u2014 the parameter appears only as a multiplier, so at zero the term it scales drops out and the rest of the model is unaffected"", ""contract_behavior"": ""feature_disabled"", ""contract_confidence"": ""proven"", ""confidence"": ""low"", ""result"": ""TOPOLOGY_SPECIFIC"", ""incidences_lost"": 0, ""unknowns_left_undetermined"": 0, ""evidence_kind"": ""scales-a-rate"", ""note"": ""at zero this parameter removes a state and the equation that determines it. The matching survives, so the system is not structurally short; whether it is *algebraically* singular depends on this model's topology and initialization and needs execution to decide. This is not a claim that the declaration should forbid zero.""}",/data/mrumoca/eval/results/powergrids/findings.jsonl
powergrids,historical-static,PowerGrids.Controls.Test.TestRampTrackingFilter,362,STRUCTURE_DEGENERATES_AT_ZERO,low,False,hold-needs-source-and-witness-review,"{""parameter"": ""rampTrackingFilter1.leadMOrderLagCascade[4].leadLag.firstOrder.k"", ""contract"": ""Modelica.Blocks.Continuous.FirstOrder.k: feature_disabled (proven, from equation) \u2014 the parameter appears only as a multiplier, so at zero the term it scales drops out and the rest of the model is unaffected"", ""contract_behavior"": ""feature_disabled"", ""contract_confidence"": ""proven"", ""confidence"": ""low"", ""result"": ""TOPOLOGY_SPECIFIC"", ""incidences_lost"": 0, ""unknowns_left_undetermined"": 0, ""evidence_kind"": ""scales-a-rate"", ""note"": ""at zero this parameter removes a state and the equation that determines it. The matching survives, so the system is not structurally short; whether it is *algebraically* singular depends on this model's topology and initialization and needs execution to decide. This is not a claim that the declaration should forbid zero.""}",/data/mrumoca/eval/results/powergrids/findings.jsonl
powergrids,historical-static,PowerGrids.Controls.Test.TestRampTrackingFilter,363,STRUCTURE_DEGENERATES_AT_ZERO,low,False,hold-needs-source-and-witness-review,"{""parameter"": ""rampTrackingFilter1.leadMOrderLagCascade[4].firstOrderCascade[1].firstOrder1.k"", ""contract"": ""Modelica.Blocks.Continuous.FirstOrder.k: feature_disabled (proven, from equation) \u2014 the parameter appears only as a multiplier, so at zero the term it scales drops out and the rest of the model is unaffected"", ""contract_behavior"": ""feature_disabled"", ""contract_confidence"": ""proven"", ""confidence"": ""low"", ""result"": ""TOPOLOGY_SPECIFIC"", ""incidences_lost"": 0, ""unknowns_left_undetermined"": 0, ""evidence_kind"": ""scales-a-rate"", ""note"": ""at zero this parameter removes a state and the equation that determines it. The matching survives, so the system is not structurally short; whether it is *algebraically* singular depends on this model's topology and initialization and needs execution to decide. This is not a claim that the declaration should forbid zero.""}",/data/mrumoca/eval/results/powergrids/findings.jsonl
powergrids,historical-static,PowerGrids.Controls.Test.TestRampTrackingFilter,364,STRUCTURE_DEGENERATES_AT_ZERO,low,False,hold-needs-source-and-witness-review,"{""parameter"": ""rampTrackingFilter1.leadMOrderLagCascade[5].leadLag.firstOrder.k"", ""contract"": ""Modelica.Blocks.Continuous.FirstOrder.k: feature_disabled (proven, from equation) \u2014 the parameter appears only as a multiplier, so at zero the term it scales drops out and the rest of the model is unaffected"", ""contract_behavior"": ""feature_disabled"", ""contract_confidence"": ""proven"", ""confidence"": ""low"", ""result"": ""TOPOLOGY_SPECIFIC"", ""incidences_lost"": 0, ""unknowns_left_undetermined"": 0, ""evidence_kind"": ""scales-a-rate"", ""note"": ""at zero this parameter removes a state and the equation that determines it. The matching survives, so the system is not structurally short; whether it is *algebraically* singular depends on this model's topology and initialization and needs execution to decide. This is not a claim that the declaration should forbid zero.""}",/data/mrumoca/eval/results/powergrids/findings.jsonl
powergrids,historical-static,PowerGrids.Controls.Test.TestRampTrackingFilter,365,STRUCTURE_DEGENERATES_AT_ZERO,low,False,hold-needs-source-and-witness-review,"{""parameter"": ""rampTrackingFilter1.leadMOrderLagCascade[5].firstOrderCascade[1].firstOrder1.k"", ""contract"": ""Modelica.Blocks.Continuous.FirstOrder.k: feature_disabled (proven, from equation) \u2014 the parameter appears only as a multiplier, so at zero the term it scales drops out and the rest of the model is unaffected"", ""contract_behavior"": ""feature_disabled"", ""contract_confidence"": ""proven"", ""confidence"": ""low"", ""result"": ""TOPOLOGY_SPECIFIC"", ""incidences_lost"": 0, ""unknowns_left_undetermined"": 0, ""evidence_kind"": ""scales-a-rate"", ""note"": ""at zero this parameter removes a state and the equation that determines it. The matching survives, so the system is not structurally short; whether it is *algebraically* singular depends on this model's topology and initialization and needs execution to decide. This is not a claim that the declaration should forbid zero.""}",/data/mrumoca/eval/results/powergrids/findings.jsonl
powergrids,historical-static,PowerGrids.Controls.Test.TestRampTrackingFilter,366,STRUCTURE_DEGENERATES_AT_ZERO,low,False,hold-needs-source-and-witness-review,"{""parameter"": ""rampTrackingFilter1.leadMOrderLagCascade[6].leadLag.firstOrder.k"", ""contract"": ""Modelica.Blocks.Continuous.FirstOrder.k: feature_disabled (proven, from equation) \u2014 the parameter appears only as a multiplier, so at zero the term it scales drops out and the rest of the model is unaffected"", ""contract_behavior"": ""feature_disabled"", ""contract_confidence"": ""proven"", ""confidence"": ""low"", ""result"": ""TOPOLOGY_SPECIFIC"", ""incidences_lost"": 0, ""unknowns_left_undetermined"": 0, ""evidence_kind"": ""scales-a-rate"", ""note"": ""at zero this parameter removes a state and the equation that determines it. The matching survives, so the system is not structurally short; whether it is *algebraically* singular depends on this model's topology and initialization and needs execution to decide. This is not a claim that the declaration should forbid zero.""}",/data/mrumoca/eval/results/powergrids/findings.jsonl
powergrids,historical-static,PowerGrids.Controls.Test.TestRampTrackingFilter,367,STRUCTURE_DEGENERATES_AT_ZERO,low,False,hold-needs-source-and-witness-review,"{""parameter"": ""rampTrackingFilter1.leadMOrderLagCascade[6].firstOrderCascade[1].firstOrder1.k"", ""contract"": ""Modelica.Blocks.Continuous.FirstOrder.k: feature_disabled (proven, from equation) \u2014 the parameter appears only as a multiplier, so at zero the term it scales drops out and the rest of the model is unaffected"", ""contract_behavior"": ""feature_disabled"", ""contract_confidence"": ""proven"", ""confidence"": ""low"", ""result"": ""TOPOLOGY_SPECIFIC"", ""incidences_lost"": 0, ""unknowns_left_undetermined"": 0, ""evidence_kind"": ""scales-a-rate"", ""note"": ""at zero this parameter removes a state and the equation that determines it. The matching survives, so the system is not structurally short; whether it is *algebraically* singular depends on this model's topology and initialization and needs execution to decide. This is not a claim that the declaration should forbid zero.""}",/data/mrumoca/eval/results/powergrids/findings.jsonl
powergrids,historical-static,PowerGrids.Controls.Test.TestRampTrackingFilter,368,STRUCTURE_DEGENERATES_AT_ZERO,low,False,hold-needs-source-and-witness-review,"{""parameter"": ""rampTrackingFilter1.leadMOrderLagCascade[7].leadLag.firstOrder.k"", ""contract"": ""Modelica.Blocks.Continuous.FirstOrder.k: feature_disabled (proven, from equation) \u2014 the parameter appears only as a multiplier, so at zero the term it scales drops out and the rest of the model is unaffected"", ""contract_behavior"": ""feature_disabled"", ""contract_confidence"": ""proven"", ""confidence"": ""low"", ""result"": ""TOPOLOGY_SPECIFIC"", ""incidences_lost"": 0, ""unknowns_left_undetermined"": 0, ""evidence_kind"": ""scales-a-rate"", ""note"": ""at zero this parameter removes a state and the equation that determines it. The matching survives, so the system is not structurally short; whether it is *algebraically* singular depends on this model's topology and initialization and needs execution to decide. This is not a claim that the declaration should forbid zero.""}",/data/mrumoca/eval/results/powergrids/findings.jsonl
powergrids,historical-static,PowerGrids.Controls.Test.TestRampTrackingFilter,369,STRUCTURE_DEGENERATES_AT_ZERO,low,False,hold-needs-source-and-witness-review,"{""parameter"": ""rampTrackingFilter1.leadMOrderLagCascade[7].firstOrderCascade[1].firstOrder1.k"", ""contract"": ""Modelica.Blocks.Continuous.FirstOrder.k: feature_disabled (proven, from equation) \u2014 the parameter appears only as a multiplier, so at zero the term it scales drops out and the rest of the model is unaffected"", ""contract_behavior"": ""feature_disabled"", ""contract_confidence"": ""proven"", ""confidence"": ""low"", ""result"": ""TOPOLOGY_SPECIFIC"", ""incidences_lost"": 0, ""unknowns_left_undetermined"": 0, ""evidence_kind"": ""scales-a-rate"", ""note"": ""at zero this parameter removes a state and the equation that determines it. The matching survives, so the system is not structurally short; whether it is *algebraically* singular depends on this model's topology and initialization and needs execution to decide. This is not a claim that the declaration should forbid zero.""}",/data/mrumoca/eval/results/powergrids/findings.jsonl
powergrids,historical-static,PowerGrids.Controls.Test.TestRampTrackingFilter,370,STRUCTURE_DEGENERATES_AT_ZERO,low,False,hold-needs-source-and-witness-review,"{""parameter"": ""rampTrackingFilter1.leadMOrderLagCascade[8].leadLag.firstOrder.k"", ""contract"": ""Modelica.Blocks.Continuous.FirstOrder.k: feature_disabled (proven, from equation) \u2014 the parameter appears only as a multiplier, so at zero the term it scales drops out and the rest of the model is unaffected"", ""contract_behavior"": ""feature_disabled"", ""contract_confidence"": ""proven"", ""confidence"": ""low"", ""result"": ""TOPOLOGY_SPECIFIC"", ""incidences_lost"": 0, ""unknowns_left_undetermined"": 0, ""evidence_kind"": ""scales-a-rate"", ""note"": ""at zero this parameter removes a state and the equation that determines it. The matching survives, so the system is not structurally short; whether it is *algebraically* singular depends on this model's topology and initialization and needs execution to decide. This is not a claim that the declaration should forbid zero.""}",/data/mrumoca/eval/results/powergrids/findings.jsonl
powergrids,historical-static,PowerGrids.Controls.Test.TestRampTrackingFilter,371,STRUCTURE_DEGENERATES_AT_ZERO,low,False,hold-needs-source-and-witness-review,"{""parameter"": ""rampTrackingFilter1.leadMOrderLagCascade[8].firstOrderCascade[1].firstOrder1.k"", ""contract"": ""Modelica.Blocks.Continuous.FirstOrder.k: feature_disabled (proven, from equation) \u2014 the parameter appears only as a multiplier, so at zero the term it scales drops out and the rest of the model is unaffected"", ""contract_behavior"": ""feature_disabled"", ""contract_confidence"": ""proven"", ""confidence"": ""low"", ""result"": ""TOPOLOGY_SPECIFIC"", ""incidences_lost"": 0, ""unknowns_left_undetermined"": 0, ""evidence_kind"": ""scales-a-rate"", ""note"": ""at zero this parameter removes a state and the equation that determines it. The matching survives, so the system is not structurally short; whether it is *algebraically* singular depends on this model's topology and initialization and needs execution to decide. This is not a claim that the declaration should forbid zero.""}",/data/mrumoca/eval/results/powergrids/findings.jsonl
powergrids,historical-static,PowerGrids.Controls.Test.TestRampTrackingFilter,372,STRUCTURE_DEGENERATES_AT_ZERO,low,False,hold-needs-source-and-witness-review,"{""parameter"": ""rampTrackingFilter1.leadMOrderLagCascade[9].leadLag.firstOrder.k"", ""contract"": ""Modelica.Blocks.Continuous.FirstOrder.k: feature_disabled (proven, from equation) \u2014 the parameter appears only as a multiplier, so at zero the term it scales drops out and the rest of the model is unaffected"", ""contract_behavior"": ""feature_disabled"", ""contract_confidence"": ""proven"", ""confidence"": ""low"", ""result"": ""TOPOLOGY_SPECIFIC"", ""incidences_lost"": 0, ""unknowns_left_undetermined"": 0, ""evidence_kind"": ""scales-a-rate"", ""note"": ""at zero this parameter removes a state and the equation that determines it. The matching survives, so the system is not structurally short; whether it is *algebraically* singular depends on this model's topology and initialization and needs execution to decide. This is not a claim that the declaration should forbid zero.""}",/data/mrumoca/eval/results/powergrids/findings.jsonl
powergrids,historical-static,PowerGrids.Controls.Test.TestRampTrackingFilter,373,STRUCTURE_DEGENERATES_AT_ZERO,low,False,hold-needs-source-and-witness-review,"{""parameter"": ""rampTrackingFilter1.leadMOrderLagCascade[9].firstOrderCascade[1].firstOrder1.k"", ""contract"": ""Modelica.Blocks.Continuous.FirstOrder.k: feature_disabled (proven, from equation) \u2014 the parameter appears only as a multiplier, so at zero the term it scales drops out and the rest of the model is unaffected"", ""contract_behavior"": ""feature_disabled"", ""contract_confidence"": ""proven"", ""confidence"": ""low"", ""result"": ""TOPOLOGY_SPECIFIC"", ""incidences_lost"": 0, ""unknowns_left_undetermined"": 0, ""evidence_kind"": ""scales-a-rate"", ""note"": ""at zero this parameter removes a state and the equation that determines it. The matching survives, so the system is not structurally short; whether it is *algebraically* singular depends on this model's topology and initialization and needs execution to decide. This is not a claim that the declaration should forbid zero.""}",/data/mrumoca/eval/results/powergrids/findings.jsonl
powergrids,historical-static,PowerGrids.Controls.Test.TestRampTrackingFilter,374,STRUCTURE_DEGENERATES_AT_ZERO,low,False,hold-needs-source-and-witness-review,"{""parameter"": ""rampTrackingFilter1.leadMOrderLagCascade[10].leadLag.firstOrder.k"", ""contract"": ""Modelica.Blocks.Continuous.FirstOrder.k: feature_disabled (proven, from equation) \u2014 the parameter appears only as a multiplier, so at zero the term it scales drops out and the rest of the model is unaffected"", ""contract_behavior"": ""feature_disabled"", ""contract_confidence"": ""proven"", ""confidence"": ""low"", ""result"": ""TOPOLOGY_SPECIFIC"", ""incidences_lost"": 0, ""unknowns_left_undetermined"": 0, ""evidence_kind"": ""scales-a-rate"", ""note"": ""at zero this parameter removes a state and the equation that determines it. The matching survives, so the system is not structurally short; whether it is *algebraically* singular depends on this model's topology and initialization and needs execution to decide. This is not a claim that the declaration should forbid zero.""}",/data/mrumoca/eval/results/powergrids/findings.jsonl
powergrids,historical-static,PowerGrids.Controls.Test.TestRampTrackingFilter,375,STRUCTURE_DEGENERATES_AT_ZERO,low,False,hold-needs-source-and-witness-review,"{""parameter"": ""rampTrackingFilter1.leadMOrderLagCascade[10].firstOrderCascade[1].firstOrder1.k"", ""contract"": ""Modelica.Blocks.Continuous.FirstOrder.k: feature_disabled (proven, from equation) \u2014 the parameter appears only as a multiplier, so at zero the term it scales drops out and the rest of the model is unaffected"", ""contract_behavior"": ""feature_disabled"", ""contract_confidence"": ""proven"", ""confidence"": ""low"", ""result"": ""TOPOLOGY_SPECIFIC"", ""incidences_lost"": 0, ""unknowns_left_undetermined"": 0, ""evidence_kind"": ""scales-a-rate"", ""note"": ""at zero this parameter removes a state and the equation that determines it. The matching survives, so the system is not structurally short; whether it is *algebraically* singular depends on this model's topology and initialization and needs execution to decide. This is not a claim that the declaration should forbid zero.""}",/data/mrumoca/eval/results/powergrids/findings.jsonl
powergrids,historical-static,PowerGrids.Controls.Test.TestRampTrackingFilter,376,STRUCTURE_DEGENERATES_AT_ZERO,low,False,hold-needs-source-and-witness-review,"{""parameter"": ""rampTrackingFilter1.leadMOrderLagCascade[11].leadLag.firstOrder.k"", ""contract"": ""Modelica.Blocks.Continuous.FirstOrder.k: feature_disabled (proven, from equation) \u2014 the parameter appears only as a multiplier, so at zero the term it scales drops out and the rest of the model is unaffected"", ""contract_behavior"": ""feature_disabled"", ""contract_confidence"": ""proven"", ""confidence"": ""low"", ""result"": ""TOPOLOGY_SPECIFIC"", ""incidences_lost"": 0, ""unknowns_left_undetermined"": 0, ""evidence_kind"": ""scales-a-rate"", ""note"": ""at zero this parameter removes a state and the equation that determines it. The matching survives, so the system is not structurally short; whether it is *algebraically* singular depends on this model's topology and initialization and needs execution to decide. This is not a claim that the declaration should forbid zero.""}",/data/mrumoca/eval/results/powergrids/findings.jsonl
powergrids,historical-static,PowerGrids.Controls.Test.TestRampTrackingFilter,377,STRUCTURE_DEGENERATES_AT_ZERO,low,False,hold-needs-source-and-witness-review,"{""parameter"": ""rampTrackingFilter1.leadMOrderLagCascade[11].firstOrderCascade[1].firstOrder1.k"", ""contract"": ""Modelica.Blocks.Continuous.FirstOrder.k: feature_disabled (proven, from equation) \u2014 the parameter appears only as a multiplier, so at zero the term it scales drops out and the rest of the model is unaffected"", ""contract_behavior"": ""feature_disabled"", ""contract_confidence"": ""proven"", ""confidence"": ""low"", ""result"": ""TOPOLOGY_SPECIFIC"", ""incidences_lost"": 0, ""unknowns_left_undetermined"": 0, ""evidence_kind"": ""scales-a-rate"", ""note"": ""at zero this parameter removes a state and the equation that determines it. The matching survives, so the system is not structurally short; whether it is *algebraically* singular depends on this model's topology and initialization and needs execution to decide. This is not a claim that the declaration should forbid zero.""}",/data/mrumoca/eval/results/powergrids/findings.jsonl
powergrids,historical-static,PowerGrids.Controls.Test.TestRampTrackingFilter,378,STRUCTURE_DEGENERATES_AT_ZERO,low,False,hold-needs-source-and-witness-review,"{""parameter"": ""rampTrackingFilter1.leadMOrderLagCascade[12].leadLag.firstOrder.k"", ""contract"": ""Modelica.Blocks.Continuous.FirstOrder.k: feature_disabled (proven, from equation) \u2014 the parameter appears only as a multiplier, so at zero the term it scales drops out and the rest of the model is unaffected"", ""contract_behavior"": ""feature_disabled"", ""contract_confidence"": ""proven"", ""confidence"": ""low"", ""result"": ""TOPOLOGY_SPECIFIC"", ""incidences_lost"": 0, ""unknowns_left_undetermined"": 0, ""evidence_kind"": ""scales-a-rate"", ""note"": ""at zero this parameter removes a state and the equation that determines it. The matching survives, so the system is not structurally short; whether it is *algebraically* singular depends on this model's topology and initialization and needs execution to decide. This is not a claim that the declaration should forbid zero.""}",/data/mrumoca/eval/results/powergrids/findings.jsonl
powergrids,historical-static,PowerGrids.Controls.Test.TestRampTrackingFilter,379,STRUCTURE_DEGENERATES_AT_ZERO,low,False,hold-needs-source-and-witness-review,"{""parameter"": ""rampTrackingFilter1.leadMOrderLagCascade[12].firstOrderCascade[1].firstOrder1.k"", ""contract"": ""Modelica.Blocks.Continuous.FirstOrder.k: feature_disabled (proven, from equation) \u2014 the parameter appears only as a multiplier, so at zero the term it scales drops out and the rest of the model is unaffected"", ""contract_behavior"": ""feature_disabled"", ""contract_confidence"": ""proven"", ""confidence"": ""low"", ""result"": ""TOPOLOGY_SPECIFIC"", ""incidences_lost"": 0, ""unknowns_left_undetermined"": 0, ""evidence_kind"": ""scales-a-rate"", ""note"": ""at zero this parameter removes a state and the equation that determines it. The matching survives, so the system is not structurally short; whether it is *algebraically* singular depends on this model's topology and initialization and needs execution to decide. This is not a claim that the declaration should forbid zero.""}",/data/mrumoca/eval/results/powergrids/findings.jsonl
powergrids,historical-static,PowerGrids.Controls.Test.TestRampTrackingFilter,380,STRUCTURE_DEGENERATES_AT_ZERO,low,False,hold-needs-source-and-witness-review,"{""parameter"": ""rampTrackingFilter1.leadMOrderLagCascade[13].leadLag.firstOrder.k"", ""contract"": ""Modelica.Blocks.Continuous.FirstOrder.k: feature_disabled (proven, from equation) \u2014 the parameter appears only as a multiplier, so at zero the term it scales drops out and the rest of the model is unaffected"", ""contract_behavior"": ""feature_disabled"", ""contract_confidence"": ""proven"", ""confidence"": ""low"", ""result"": ""TOPOLOGY_SPECIFIC"", ""incidences_lost"": 0, ""unknowns_left_undetermined"": 0, ""evidence_kind"": ""scales-a-rate"", ""note"": ""at zero this parameter removes a state and the equation that determines it. The matching survives, so the system is not structurally short; whether it is *algebraically* singular depends on this model's topology and initialization and needs execution to decide. This is not a claim that the declaration should forbid zero.""}",/data/mrumoca/eval/results/powergrids/findings.jsonl
powergrids,historical-static,PowerGrids.Controls.Test.TestRampTrackingFilter,381,STRUCTURE_DEGENERATES_AT_ZERO,low,False,hold-needs-source-and-witness-review,"{""parameter"": ""rampTrackingFilter1.leadMOrderLagCascade[13].firstOrderCascade[1].firstOrder1.k"", ""contract"": ""Modelica.Blocks.Continuous.FirstOrder.k: feature_disabled (proven, from equation) \u2014 the parameter appears only as a multiplier, so at zero the term it scales drops out and the rest of the model is unaffected"", ""contract_behavior"": ""feature_disabled"", ""contract_confidence"": ""proven"", ""confidence"": ""low"", ""result"": ""TOPOLOGY_SPECIFIC"", ""incidences_lost"": 0, ""unknowns_left_undetermined"": 0, ""evidence_kind"": ""scales-a-rate"", ""note"": ""at zero this parameter removes a state and the equation that determines it. The matching survives, so the system is not structurally short; whether it is *algebraically* singular depends on this model's topology and initialization and needs execution to decide. This is not a claim that the declaration should forbid zero.""}",/data/mrumoca/eval/results/powergrids/findings.jsonl
powergrids,historical-static,PowerGrids.Controls.Test.TestRampTrackingFilter,382,STRUCTURE_DEGENERATES_AT_ZERO,low,False,hold-needs-source-and-witness-review,"{""parameter"": ""rampTrackingFilter1.leadMOrderLagCascade[14].leadLag.firstOrder.k"", ""contract"": ""Modelica.Blocks.Continuous.FirstOrder.k: feature_disabled (proven, from equation) \u2014 the parameter appears only as a multiplier, so at zero the term it scales drops out and the rest of the model is unaffected"", ""contract_behavior"": ""feature_disabled"", ""contract_confidence"": ""proven"", ""confidence"": ""low"", ""result"": ""TOPOLOGY_SPECIFIC"", ""incidences_lost"": 0, ""unknowns_left_undetermined"": 0, ""evidence_kind"": ""scales-a-rate"", ""note"": ""at zero this parameter removes a state and the equation that determines it. The matching survives, so the system is not structurally short; whether it is *algebraically* singular depends on this model's topology and initialization and needs execution to decide. This is not a claim that the declaration should forbid zero.""}",/data/mrumoca/eval/results/powergrids/findings.jsonl
powergrids,historical-static,PowerGrids.Controls.Test.TestRampTrackingFilter,383,STRUCTURE_DEGENERATES_AT_ZERO,low,False,hold-needs-source-and-witness-review,"{""parameter"": ""rampTrackingFilter1.leadMOrderLagCascade[14].firstOrderCascade[1].firstOrder1.k"", ""contract"": ""Modelica.Blocks.Continuous.FirstOrder.k: feature_disabled (proven, from equation) \u2014 the parameter appears only as a multiplier, so at zero the term it scales drops out and the rest of the model is unaffected"", ""contract_behavior"": ""feature_disabled"", ""contract_confidence"": ""proven"", ""confidence"": ""low"", ""result"": ""TOPOLOGY_SPECIFIC"", ""incidences_lost"": 0, ""unknowns_left_undetermined"": 0, ""evidence_kind"": ""scales-a-rate"", ""note"": ""at zero this parameter removes a state and the equation that determines it. The matching survives, so the system is not structurally short; whether it is *algebraically* singular depends on this model's topology and initialization and needs execution to decide. This is not a claim that the declaration should forbid zero.""}",/data/mrumoca/eval/results/powergrids/findings.jsonl
powergrids,historical-static,PowerGrids.Controls.Test.TestRampTrackingFilter,384,STRUCTURE_DEGENERATES_AT_ZERO,low,False,hold-needs-source-and-witness-review,"{""parameter"": ""rampTrackingFilter1.leadMOrderLagCascade[15].leadLag.firstOrder.k"", ""contract"": ""Modelica.Blocks.Continuous.FirstOrder.k: feature_disabled (proven, from equation) \u2014 the parameter appears only as a multiplier, so at zero the term it scales drops out and the rest of the model is unaffected"", ""contract_behavior"": ""feature_disabled"", ""contract_confidence"": ""proven"", ""confidence"": ""low"", ""result"": ""TOPOLOGY_SPECIFIC"", ""incidences_lost"": 0, ""unknowns_left_undetermined"": 0, ""evidence_kind"": ""scales-a-rate"", ""note"": ""at zero this parameter removes a state and the equation that determines it. The matching survives, so the system is not structurally short; whether it is *algebraically* singular depends on this model's topology and initialization and needs execution to decide. This is not a claim that the declaration should forbid zero.""}",/data/mrumoca/eval/results/powergrids/findings.jsonl
powergrids,historical-static,PowerGrids.Controls.Test.TestRampTrackingFilter,385,STRUCTURE_DEGENERATES_AT_ZERO,low,False,hold-needs-source-and-witness-review,"{""parameter"": ""rampTrackingFilter1.leadMOrderLagCascade[15].firstOrderCascade[1].firstOrder1.k"", ""contract"": ""Modelica.Blocks.Continuous.FirstOrder.k: feature_disabled (proven, from equation) \u2014 the parameter appears only as a multiplier, so at zero the term it scales drops out and the rest of the model is unaffected"", ""contract_behavior"": ""feature_disabled"", ""contract_confidence"": ""proven"", ""confidence"": ""low"", ""result"": ""TOPOLOGY_SPECIFIC"", ""incidences_lost"": 0, ""unknowns_left_undetermined"": 0, ""evidence_kind"": ""scales-a-rate"", ""note"": ""at zero this parameter removes a state and the equation that determines it. The matching survives, so the system is not structurally short; whether it is *algebraically* singular depends on this model's topology and initialization and needs execution to decide. This is not a claim that the declaration should forbid zero.""}",/data/mrumoca/eval/results/powergrids/findings.jsonl
powergrids,historical-static,PowerGrids.Controls.Test.TestRampTrackingFilter,386,STRUCTURE_DEGENERATES_AT_ZERO,low,False,hold-needs-source-and-witness-review,"{""parameter"": ""rampTrackingFilter1.leadMOrderLagCascade[16].leadLag.firstOrder.k"", ""contract"": ""Modelica.Blocks.Continuous.FirstOrder.k: feature_disabled (proven, from equation) \u2014 the parameter appears only as a multiplier, so at zero the term it scales drops out and the rest of the model is unaffected"", ""contract_behavior"": ""feature_disabled"", ""contract_confidence"": ""proven"", ""confidence"": ""low"", ""result"": ""TOPOLOGY_SPECIFIC"", ""incidences_lost"": 0, ""unknowns_left_undetermined"": 0, ""evidence_kind"": ""scales-a-rate"", ""note"": ""at zero this parameter removes a state and the equation that determines it. The matching survives, so the system is not structurally short; whether it is *algebraically* singular depends on this model's topology and initialization and needs execution to decide. This is not a claim that the declaration should forbid zero.""}",/data/mrumoca/eval/results/powergrids/findings.jsonl
powergrids,historical-static,PowerGrids.Controls.Test.TestRampTrackingFilter,387,STRUCTURE_DEGENERATES_AT_ZERO,low,False,hold-needs-source-and-witness-review,"{""parameter"": ""rampTrackingFilter1.leadMOrderLagCascade[16].firstOrderCascade[1].firstOrder1.k"", ""contract"": ""Modelica.Blocks.Continuous.FirstOrder.k: feature_disabled (proven, from equation) \u2014 the parameter appears only as a multiplier, so at zero the term it scales drops out and the rest of the model is unaffected"", ""contract_behavior"": ""feature_disabled"", ""contract_confidence"": ""proven"", ""confidence"": ""low"", ""result"": ""TOPOLOGY_SPECIFIC"", ""incidences_lost"": 0, ""unknowns_left_undetermined"": 0, ""evidence_kind"": ""scales-a-rate"", ""note"": ""at zero this parameter removes a state and the equation that determines it. The matching survives, so the system is not structurally short; whether it is *algebraically* singular depends on this model's topology and initialization and needs execution to decide. This is not a claim that the declaration should forbid zero.""}",/data/mrumoca/eval/results/powergrids/findings.jsonl
powergrids,historical-static,PowerGrids.Controls.Test.TestRampTrackingFilter,388,STRUCTURE_DEGENERATES_AT_ZERO,low,False,hold-needs-source-and-witness-review,"{""parameter"": ""rampTrackingFilter1.leadMOrderLagCascade[17].leadLag.firstOrder.k"", ""contract"": ""Modelica.Blocks.Continuous.FirstOrder.k: feature_disabled (proven, from equation) \u2014 the parameter appears only as a multiplier, so at zero the term it scales drops out and the rest of the model is unaffected"", ""contract_behavior"": ""feature_disabled"", ""contract_confidence"": ""proven"", ""confidence"": ""low"", ""result"": ""TOPOLOGY_SPECIFIC"", ""incidences_lost"": 0, ""unknowns_left_undetermined"": 0, ""evidence_kind"": ""scales-a-rate"", ""note"": ""at zero this parameter removes a state and the equation that determines it. The matching survives, so the system is not structurally short; whether it is *algebraically* singular depends on this model's topology and initialization and needs execution to decide. This is not a claim that the declaration should forbid zero.""}",/data/mrumoca/eval/results/powergrids/findings.jsonl
powergrids,historical-static,PowerGrids.Controls.Test.TestRampTrackingFilter,389,STRUCTURE_DEGENERATES_AT_ZERO,low,False,hold-needs-source-and-witness-review,"{""parameter"": ""rampTrackingFilter1.leadMOrderLagCascade[17].firstOrderCascade[1].firstOrder1.k"", ""contract"": ""Modelica.Blocks.Continuous.FirstOrder.k: feature_disabled (proven, from equation) \u2014 the parameter appears only as a multiplier, so at zero the term it scales drops out and the rest of the model is unaffected"", ""contract_behavior"": ""feature_disabled"", ""contract_confidence"": ""proven"", ""confidence"": ""low"", ""result"": ""TOPOLOGY_SPECIFIC"", ""incidences_lost"": 0, ""unknowns_left_undetermined"": 0, ""evidence_kind"": ""scales-a-rate"", ""note"": ""at zero this parameter removes a state and the equation that determines it. The matching survives, so the system is not structurally short; whether it is *algebraically* singular depends on this model's topology and initialization and needs execution to decide. This is not a claim that the declaration should forbid zero.""}",/data/mrumoca/eval/results/powergrids/findings.jsonl
powergrids,historical-static,PowerGrids.Controls.Test.TestRampTrackingFilter,390,STRUCTURE_DEGENERATES_AT_ZERO,low,False,hold-needs-source-and-witness-review,"{""parameter"": ""rampTrackingFilter1.leadMOrderLagCascade[18].leadLag.firstOrder.k"", ""contract"": ""Modelica.Blocks.Continuous.FirstOrder.k: feature_disabled (proven, from equation) \u2014 the parameter appears only as a multiplier, so at zero the term it scales drops out and the rest of the model is unaffected"", ""contract_behavior"": ""feature_disabled"", ""contract_confidence"": ""proven"", ""confidence"": ""low"", ""result"": ""TOPOLOGY_SPECIFIC"", ""incidences_lost"": 0, ""unknowns_left_undetermined"": 0, ""evidence_kind"": ""scales-a-rate"", ""note"": ""at zero this parameter removes a state and the equation that determines it. The matching survives, so the system is not structurally short; whether it is *algebraically* singular depends on this model's topology and initialization and needs execution to decide. This is not a claim that the declaration should forbid zero.""}",/data/mrumoca/eval/results/powergrids/findings.jsonl
powergrids,historical-static,PowerGrids.Controls.Test.TestRampTrackingFilter,391,STRUCTURE_DEGENERATES_AT_ZERO,low,False,hold-needs-source-and-witness-review,"{""parameter"": ""rampTrackingFilter1.leadMOrderLagCascade[18].firstOrderCascade[1].firstOrder1.k"", ""contract"": ""Modelica.Blocks.Continuous.FirstOrder.k: feature_disabled (proven, from equation) \u2014 the parameter appears only as a multiplier, so at zero the term it scales drops out and the rest of the model is unaffected"", ""contract_behavior"": ""feature_disabled"", ""contract_confidence"": ""proven"", ""confidence"": ""low"", ""result"": ""TOPOLOGY_SPECIFIC"", ""incidences_lost"": 0, ""unknowns_left_undetermined"": 0, ""evidence_kind"": ""scales-a-rate"", ""note"": ""at zero this parameter removes a state and the equation that determines it. The matching survives, so the system is not structurally short; whether it is *algebraically* singular depends on this model's topology and initialization and needs execution to decide. This is not a claim that the declaration should forbid zero.""}",/data/mrumoca/eval/results/powergrids/findings.jsonl
powergrids,historical-static,PowerGrids.Controls.Test.TestRampTrackingFilter,392,STRUCTURE_DEGENERATES_AT_ZERO,low,False,hold-needs-source-and-witness-review,"{""parameter"": ""rampTrackingFilter1.leadMOrderLagCascade[19].leadLag.firstOrder.k"", ""contract"": ""Modelica.Blocks.Continuous.FirstOrder.k: feature_disabled (proven, from equation) \u2014 the parameter appears only as a multiplier, so at zero the term it scales drops out and the rest of the model is unaffected"", ""contract_behavior"": ""feature_disabled"", ""contract_confidence"": ""proven"", ""confidence"": ""low"", ""result"": ""TOPOLOGY_SPECIFIC"", ""incidences_lost"": 0, ""unknowns_left_undetermined"": 0, ""evidence_kind"": ""scales-a-rate"", ""note"": ""at zero this parameter removes a state and the equation that determines it. The matching survives, so the system is not structurally short; whether it is *algebraically* singular depends on this model's topology and initialization and needs execution to decide. This is not a claim that the declaration should forbid zero.""}",/data/mrumoca/eval/results/powergrids/findings.jsonl
powergrids,historical-static,PowerGrids.Controls.Test.TestRampTrackingFilter,393,STRUCTURE_DEGENERATES_AT_ZERO,low,False,hold-needs-source-and-witness-review,"{""parameter"": ""rampTrackingFilter1.leadMOrderLagCascade[19].firstOrderCascade[1].firstOrder1.k"", ""contract"": ""Modelica.Blocks.Continuous.FirstOrder.k: feature_disabled (proven, from equation) \u2014 the parameter appears only as a multiplier, so at zero the term it scales drops out and the rest of the model is unaffected"", ""contract_behavior"": ""feature_disabled"", ""contract_confidence"": ""proven"", ""confidence"": ""low"", ""result"": ""TOPOLOGY_SPECIFIC"", ""incidences_lost"": 0, ""unknowns_left_undetermined"": 0, ""evidence_kind"": ""scales-a-rate"", ""note"": ""at zero this parameter removes a state and the equation that determines it. The matching survives, so the system is not structurally short; whether it is *algebraically* singular depends on this model's topology and initialization and needs execution to decide. This is not a claim that the declaration should forbid zero.""}",/data/mrumoca/eval/results/powergrids/findings.jsonl
powergrids,historical-static,PowerGrids.Controls.Test.TestRampTrackingFilter,394,STRUCTURE_DEGENERATES_AT_ZERO,low,False,hold-needs-source-and-witness-review,"{""parameter"": ""rampTrackingFilter1.leadMOrderLagCascade[20].leadLag.firstOrder.k"", ""contract"": ""Modelica.Blocks.Continuous.FirstOrder.k: feature_disabled (proven, from equation) \u2014 the parameter appears only as a multiplier, so at zero the term it scales drops out and the rest of the model is unaffected"", ""contract_behavior"": ""feature_disabled"", ""contract_confidence"": ""proven"", ""confidence"": ""low"", ""result"": ""TOPOLOGY_SPECIFIC"", ""incidences_lost"": 0, ""unknowns_left_undetermined"": 0, ""evidence_kind"": ""scales-a-rate"", ""note"": ""at zero this parameter removes a state and the equation that determines it. The matching survives, so the system is not structurally short; whether it is *algebraically* singular depends on this model's topology and initialization and needs execution to decide. This is not a claim that the declaration should forbid zero.""}",/data/mrumoca/eval/results/powergrids/findings.jsonl
powergrids,historical-static,PowerGrids.Controls.Test.TestRampTrackingFilter,395,STRUCTURE_DEGENERATES_AT_ZERO,low,False,hold-needs-source-and-witness-review,"{""parameter"": ""rampTrackingFilter1.leadMOrderLagCascade[20].firstOrderCascade[1].firstOrder1.k"", ""contract"": ""Modelica.Blocks.Continuous.FirstOrder.k: feature_disabled (proven, from equation) \u2014 the parameter appears only as a multiplier, so at zero the term it scales drops out and the rest of the model is unaffected"", ""contract_behavior"": ""feature_disabled"", ""contract_confidence"": ""proven"", ""confidence"": ""low"", ""result"": ""TOPOLOGY_SPECIFIC"", ""incidences_lost"": 0, ""unknowns_left_undetermined"": 0, ""evidence_kind"": ""scales-a-rate"", ""note"": ""at zero this parameter removes a state and the equation that determines it. The matching survives, so the system is not structurally short; whether it is *algebraically* singular depends on this model's topology and initialization and needs execution to decide. This is not a claim that the declaration should forbid zero.""}",/data/mrumoca/eval/results/powergrids/findings.jsonl
powergrids,historical-static,PowerGrids.Controls.Test.TestRampTrackingFilter,396,STRUCTURE_DEGENERATES_AT_ZERO,low,False,hold-needs-source-and-witness-review,"{""parameter"": ""rampTrackingFilter1.leadMOrderLagCascade[21].leadLag.firstOrder.k"", ""contract"": ""Modelica.Blocks.Continuous.FirstOrder.k: feature_disabled (proven, from equation) \u2014 the parameter appears only as a multiplier, so at zero the term it scales drops out and the rest of the model is unaffected"", ""contract_behavior"": ""feature_disabled"", ""contract_confidence"": ""proven"", ""confidence"": ""low"", ""result"": ""TOPOLOGY_SPECIFIC"", ""incidences_lost"": 0, ""unknowns_left_undetermined"": 0, ""evidence_kind"": ""scales-a-rate"", ""note"": ""at zero this parameter removes a state and the equation that determines it. The matching survives, so the system is not structurally short; whether it is *algebraically* singular depends on this model's topology and initialization and needs execution to decide. This is not a claim that the declaration should forbid zero.""}",/data/mrumoca/eval/results/powergrids/findings.jsonl
powergrids,historical-static,PowerGrids.Controls.Test.TestRampTrackingFilter,397,STRUCTURE_DEGENERATES_AT_ZERO,low,False,hold-needs-source-and-witness-review,"{""parameter"": ""rampTrackingFilter1.leadMOrderLagCascade[21].firstOrderCascade[1].firstOrder1.k"", ""contract"": ""Modelica.Blocks.Continuous.FirstOrder.k: feature_disabled (proven, from equation) \u2014 the parameter appears only as a multiplier, so at zero the term it scales drops out and the rest of the model is unaffected"", ""contract_behavior"": ""feature_disabled"", ""contract_confidence"": ""proven"", ""confidence"": ""low"", ""result"": ""TOPOLOGY_SPECIFIC"", ""incidences_lost"": 0, ""unknowns_left_undetermined"": 0, ""evidence_kind"": ""scales-a-rate"", ""note"": ""at zero this parameter removes a state and the equation that determines it. The matching survives, so the system is not structurally short; whether it is *algebraically* singular depends on this model's topology and initialization and needs execution to decide. This is not a claim that the declaration should forbid zero.""}",/data/mrumoca/eval/results/powergrids/findings.jsonl
powergrids,historical-static,PowerGrids.Controls.Test.TestRampTrackingFilter,398,STRUCTURE_DEGENERATES_AT_ZERO,low,False,hold-needs-source-and-witness-review,"{""parameter"": ""rampTrackingFilter1.leadMOrderLagCascade[22].leadLag.firstOrder.k"", ""contract"": ""Modelica.Blocks.Continuous.FirstOrder.k: feature_disabled (proven, from equation) \u2014 the parameter appears only as a multiplier, so at zero the term it scales drops out and the rest of the model is unaffected"", ""contract_behavior"": ""feature_disabled"", ""contract_confidence"": ""proven"", ""confidence"": ""low"", ""result"": ""TOPOLOGY_SPECIFIC"", ""incidences_lost"": 0, ""unknowns_left_undetermined"": 0, ""evidence_kind"": ""scales-a-rate"", ""note"": ""at zero this parameter removes a state and the equation that determines it. The matching survives, so the system is not structurally short; whether it is *algebraically* singular depends on this model's topology and initialization and needs execution to decide. This is not a claim that the declaration should forbid zero.""}",/data/mrumoca/eval/results/powergrids/findings.jsonl
powergrids,historical-static,PowerGrids.Controls.Test.TestRampTrackingFilter,399,STRUCTURE_DEGENERATES_AT_ZERO,low,False,hold-needs-source-and-witness-review,"{""parameter"": ""rampTrackingFilter1.leadMOrderLagCascade[22].firstOrderCascade[1].firstOrder1.k"", ""contract"": ""Modelica.Blocks.Continuous.FirstOrder.k: feature_disabled (proven, from equation) \u2014 the parameter appears only as a multiplier, so at zero the term it scales drops out and the rest of the model is unaffected"", ""contract_behavior"": ""feature_disabled"", ""contract_confidence"": ""proven"", ""confidence"": ""low"", ""result"": ""TOPOLOGY_SPECIFIC"", ""incidences_lost"": 0, ""unknowns_left_undetermined"": 0, ""evidence_kind"": ""scales-a-rate"", ""note"": ""at zero this parameter removes a state and the equation that determines it. The matching survives, so the system is not structurally short; whether it is *algebraically* singular depends on this model's topology and initialization and needs execution to decide. This is not a claim that the declaration should forbid zero.""}",/data/mrumoca/eval/results/powergrids/findings.jsonl
powergrids,historical-static,PowerGrids.Controls.Test.TestRampTrackingFilter,400,STRUCTURE_DEGENERATES_AT_ZERO,low,False,hold-needs-source-and-witness-review,"{""parameter"": ""rampTrackingFilter1.leadMOrderLagCascade[23].leadLag.firstOrder.k"", ""contract"": ""Modelica.Blocks.Continuous.FirstOrder.k: feature_disabled (proven, from equation) \u2014 the parameter appears only as a multiplier, so at zero the term it scales drops out and the rest of the model is unaffected"", ""contract_behavior"": ""feature_disabled"", ""contract_confidence"": ""proven"", ""confidence"": ""low"", ""result"": ""TOPOLOGY_SPECIFIC"", ""incidences_lost"": 0, ""unknowns_left_undetermined"": 0, ""evidence_kind"": ""scales-a-rate"", ""note"": ""at zero this parameter removes a state and the equation that determines it. The matching survives, so the system is not structurally short; whether it is *algebraically* singular depends on this model's topology and initialization and needs execution to decide. This is not a claim that the declaration should forbid zero.""}",/data/mrumoca/eval/results/powergrids/findings.jsonl
powergrids,historical-static,PowerGrids.Controls.Test.TestRampTrackingFilter,401,STRUCTURE_DEGENERATES_AT_ZERO,low,False,hold-needs-source-and-witness-review,"{""parameter"": ""rampTrackingFilter1.leadMOrderLagCascade[23].firstOrderCascade[1].firstOrder1.k"", ""contract"": ""Modelica.Blocks.Continuous.FirstOrder.k: feature_disabled (proven, from equation) \u2014 the parameter appears only as a multiplier, so at zero the term it scales drops out and the rest of the model is unaffected"", ""contract_behavior"": ""feature_disabled"", ""contract_confidence"": ""proven"", ""confidence"": ""low"", ""result"": ""TOPOLOGY_SPECIFIC"", ""incidences_lost"": 0, ""unknowns_left_undetermined"": 0, ""evidence_kind"": ""scales-a-rate"", ""note"": ""at zero this parameter removes a state and the equation that determines it. The matching survives, so the system is not structurally short; whether it is *algebraically* singular depends on this model's topology and initialization and needs execution to decide. This is not a claim that the declaration should forbid zero.""}",/data/mrumoca/eval/results/powergrids/findings.jsonl
powergrids,historical-static,PowerGrids.Controls.Test.TestRampTrackingFilter,402,STRUCTURE_DEGENERATES_AT_ZERO,low,False,hold-needs-source-and-witness-review,"{""parameter"": ""rampTrackingFilter1.leadMOrderLagCascade[24].leadLag.firstOrder.k"", ""contract"": ""Modelica.Blocks.Continuous.FirstOrder.k: feature_disabled (proven, from equation) \u2014 the parameter appears only as a multiplier, so at zero the term it scales drops out and the rest of the model is unaffected"", ""contract_behavior"": ""feature_disabled"", ""contract_confidence"": ""proven"", ""confidence"": ""low"", ""result"": ""TOPOLOGY_SPECIFIC"", ""incidences_lost"": 0, ""unknowns_left_undetermined"": 0, ""evidence_kind"": ""scales-a-rate"", ""note"": ""at zero this parameter removes a state and the equation that determines it. The matching survives, so the system is not structurally short; whether it is *algebraically* singular depends on this model's topology and initialization and needs execution to decide. This is not a claim that the declaration should forbid zero.""}",/data/mrumoca/eval/results/powergrids/findings.jsonl
powergrids,historical-static,PowerGrids.Controls.Test.TestRampTrackingFilter,403,STRUCTURE_DEGENERATES_AT_ZERO,low,False,hold-needs-source-and-witness-review,"{""parameter"": ""rampTrackingFilter1.leadMOrderLagCascade[24].firstOrderCascade[1].firstOrder1.k"", ""contract"": ""Modelica.Blocks.Continuous.FirstOrder.k: feature_disabled (proven, from equation) \u2014 the parameter appears only as a multiplier, so at zero the term it scales drops out and the rest of the model is unaffected"", ""contract_behavior"": ""feature_disabled"", ""contract_confidence"": ""proven"", ""confidence"": ""low"", ""result"": ""TOPOLOGY_SPECIFIC"", ""incidences_lost"": 0, ""unknowns_left_undetermined"": 0, ""evidence_kind"": ""scales-a-rate"", ""note"": ""at zero this parameter removes a state and the equation that determines it. The matching survives, so the system is not structurally short; whether it is *algebraically* singular depends on this model's topology and initialization and needs execution to decide. This is not a claim that the declaration should forbid zero.""}",/data/mrumoca/eval/results/powergrids/findings.jsonl
powergrids,historical-static,PowerGrids.Controls.Test.TestRampTrackingFilter,404,STRUCTURE_DEGENERATES_AT_ZERO,low,False,hold-needs-source-and-witness-review,"{""parameter"": ""rampTrackingFilter1.leadMOrderLagCascade[25].leadLag.firstOrder.k"", ""contract"": ""Modelica.Blocks.Continuous.FirstOrder.k: feature_disabled (proven, from equation) \u2014 the parameter appears only as a multiplier, so at zero the term it scales drops out and the rest of the model is unaffected"", ""contract_behavior"": ""feature_disabled"", ""contract_confidence"": ""proven"", ""confidence"": ""low"", ""result"": ""TOPOLOGY_SPECIFIC"", ""incidences_lost"": 0, ""unknowns_left_undetermined"": 0, ""evidence_kind"": ""scales-a-rate"", ""note"": ""at zero this parameter removes a state and the equation that determines it. The matching survives, so the system is not structurally short; whether it is *algebraically* singular depends on this model's topology and initialization and needs execution to decide. This is not a claim that the declaration should forbid zero.""}",/data/mrumoca/eval/results/powergrids/findings.jsonl
powergrids,historical-static,PowerGrids.Controls.Test.TestRampTrackingFilter,405,STRUCTURE_DEGENERATES_AT_ZERO,low,False,hold-needs-source-and-witness-review,"{""parameter"": ""rampTrackingFilter1.leadMOrderLagCascade[25].firstOrderCascade[1].firstOrder1.k"", ""contract"": ""Modelica.Blocks.Continuous.FirstOrder.k: feature_disabled (proven, from equation) \u2014 the parameter appears only as a multiplier, so at zero the term it scales drops out and the rest of the model is unaffected"", ""contract_behavior"": ""feature_disabled"", ""contract_confidence"": ""proven"", ""confidence"": ""low"", ""result"": ""TOPOLOGY_SPECIFIC"", ""incidences_lost"": 0, ""unknowns_left_undetermined"": 0, ""evidence_kind"": ""scales-a-rate"", ""note"": ""at zero this parameter removes a state and the equation that determines it. The matching survives, so the system is not structurally short; whether it is *algebraically* singular depends on this model's topology and initialization and needs execution to decide. This is not a claim that the declaration should forbid zero.""}",/data/mrumoca/eval/results/powergrids/findings.jsonl
powergrids,historical-static,PowerGrids.Controls.Test.TestRampTrackingFilter,406,STRUCTURE_DEGENERATES_AT_ZERO,low,False,hold-needs-source-and-witness-review,"{""parameter"": ""rampTrackingFilter1.leadMOrderLagCascade[26].leadLag.firstOrder.k"", ""contract"": ""Modelica.Blocks.Continuous.FirstOrder.k: feature_disabled (proven, from equation) \u2014 the parameter appears only as a multiplier, so at zero the term it scales drops out and the rest of the model is unaffected"", ""contract_behavior"": ""feature_disabled"", ""contract_confidence"": ""proven"", ""confidence"": ""low"", ""result"": ""TOPOLOGY_SPECIFIC"", ""incidences_lost"": 0, ""unknowns_left_undetermined"": 0, ""evidence_kind"": ""scales-a-rate"", ""note"": ""at zero this parameter removes a state and the equation that determines it. The matching survives, so the system is not structurally short; whether it is *algebraically* singular depends on this model's topology and initialization and needs execution to decide. This is not a claim that the declaration should forbid zero.""}",/data/mrumoca/eval/results/powergrids/findings.jsonl
powergrids,historical-static,PowerGrids.Controls.Test.TestRampTrackingFilter,407,STRUCTURE_DEGENERATES_AT_ZERO,low,False,hold-needs-source-and-witness-review,"{""parameter"": ""rampTrackingFilter1.leadMOrderLagCascade[26].firstOrderCascade[1].firstOrder1.k"", ""contract"": ""Modelica.Blocks.Continuous.FirstOrder.k: feature_disabled (proven, from equation) \u2014 the parameter appears only as a multiplier, so at zero the term it scales drops out and the rest of the model is unaffected"", ""contract_behavior"": ""feature_disabled"", ""contract_confidence"": ""proven"", ""confidence"": ""low"", ""result"": ""TOPOLOGY_SPECIFIC"", ""incidences_lost"": 0, ""unknowns_left_undetermined"": 0, ""evidence_kind"": ""scales-a-rate"", ""note"": ""at zero this parameter removes a state and the equation that determines it. The matching survives, so the system is not structurally short; whether it is *algebraically* singular depends on this model's topology and initialization and needs execution to decide. This is not a claim that the declaration should forbid zero.""}",/data/mrumoca/eval/results/powergrids/findings.jsonl
powergrids,historical-static,PowerGrids.Controls.Test.TestRampTrackingFilter,408,STRUCTURE_DEGENERATES_AT_ZERO,low,False,hold-needs-source-and-witness-review,"{""parameter"": ""rampTrackingFilter1.leadMOrderLagCascade[27].leadLag.firstOrder.k"", ""contract"": ""Modelica.Blocks.Continuous.FirstOrder.k: feature_disabled (proven, from equation) \u2014 the parameter appears only as a multiplier, so at zero the term it scales drops out and the rest of the model is unaffected"", ""contract_behavior"": ""feature_disabled"", ""contract_confidence"": ""proven"", ""confidence"": ""low"", ""result"": ""TOPOLOGY_SPECIFIC"", ""incidences_lost"": 0, ""unknowns_left_undetermined"": 0, ""evidence_kind"": ""scales-a-rate"", ""note"": ""at zero this parameter removes a state and the equation that determines it. The matching survives, so the system is not structurally short; whether it is *algebraically* singular depends on this model's topology and initialization and needs execution to decide. This is not a claim that the declaration should forbid zero.""}",/data/mrumoca/eval/results/powergrids/findings.jsonl
powergrids,historical-static,PowerGrids.Controls.Test.TestRampTrackingFilter,409,STRUCTURE_DEGENERATES_AT_ZERO,low,False,hold-needs-source-and-witness-review,"{""parameter"": ""rampTrackingFilter1.leadMOrderLagCascade[27].firstOrderCascade[1].firstOrder1.k"", ""contract"": ""Modelica.Blocks.Continuous.FirstOrder.k: feature_disabled (proven, from equation) \u2014 the parameter appears only as a multiplier, so at zero the term it scales drops out and the rest of the model is unaffected"", ""contract_behavior"": ""feature_disabled"", ""contract_confidence"": ""proven"", ""confidence"": ""low"", ""result"": ""TOPOLOGY_SPECIFIC"", ""incidences_lost"": 0, ""unknowns_left_undetermined"": 0, ""evidence_kind"": ""scales-a-rate"", ""note"": ""at zero this parameter removes a state and the equation that determines it. The matching survives, so the system is not structurally short; whether it is *algebraically* singular depends on this model's topology and initialization and needs execution to decide. This is not a claim that the declaration should forbid zero.""}",/data/mrumoca/eval/results/powergrids/findings.jsonl
powergrids,historical-static,PowerGrids.Controls.Test.TestRampTrackingFilter,410,STRUCTURE_DEGENERATES_AT_ZERO,low,False,hold-needs-source-and-witness-review,"{""parameter"": ""rampTrackingFilter1.leadMOrderLagCascade[28].leadLag.firstOrder.k"", ""contract"": ""Modelica.Blocks.Continuous.FirstOrder.k: feature_disabled (proven, from equation) \u2014 the parameter appears only as a multiplier, so at zero the term it scales drops out and the rest of the model is unaffected"", ""contract_behavior"": ""feature_disabled"", ""contract_confidence"": ""proven"", ""confidence"": ""low"", ""result"": ""TOPOLOGY_SPECIFIC"", ""incidences_lost"": 0, ""unknowns_left_undetermined"": 0, ""evidence_kind"": ""scales-a-rate"", ""note"": ""at zero this parameter removes a state and the equation that determines it. The matching survives, so the system is not structurally short; whether it is *algebraically* singular depends on this model's topology and initialization and needs execution to decide. This is not a claim that the declaration should forbid zero.""}",/data/mrumoca/eval/results/powergrids/findings.jsonl
powergrids,historical-static,PowerGrids.Controls.Test.TestRampTrackingFilter,411,STRUCTURE_DEGENERATES_AT_ZERO,low,False,hold-needs-source-and-witness-review,"{""parameter"": ""rampTrackingFilter1.leadMOrderLagCascade[28].firstOrderCascade[1].firstOrder1.k"", ""contract"": ""Modelica.Blocks.Continuous.FirstOrder.k: feature_disabled (proven, from equation) \u2014 the parameter appears only as a multiplier, so at zero the term it scales drops out and the rest of the model is unaffected"", ""contract_behavior"": ""feature_disabled"", ""contract_confidence"": ""proven"", ""confidence"": ""low"", ""result"": ""TOPOLOGY_SPECIFIC"", ""incidences_lost"": 0, ""unknowns_left_undetermined"": 0, ""evidence_kind"": ""scales-a-rate"", ""note"": ""at zero this parameter removes a state and the equation that determines it. The matching survives, so the system is not structurally short; whether it is *algebraically* singular depends on this model's topology and initialization and needs execution to decide. This is not a claim that the declaration should forbid zero.""}",/data/mrumoca/eval/results/powergrids/findings.jsonl
powergrids,historical-static,PowerGrids.Controls.Test.TestRampTrackingFilter,412,STRUCTURE_DEGENERATES_AT_ZERO,low,False,hold-needs-source-and-witness-review,"{""parameter"": ""rampTrackingFilter1.leadMOrderLagCascade[29].leadLag.firstOrder.k"", ""contract"": ""Modelica.Blocks.Continuous.FirstOrder.k: feature_disabled (proven, from equation) \u2014 the parameter appears only as a multiplier, so at zero the term it scales drops out and the rest of the model is unaffected"", ""contract_behavior"": ""feature_disabled"", ""contract_confidence"": ""proven"", ""confidence"": ""low"", ""result"": ""TOPOLOGY_SPECIFIC"", ""incidences_lost"": 0, ""unknowns_left_undetermined"": 0, ""evidence_kind"": ""scales-a-rate"", ""note"": ""at zero this parameter removes a state and the equation that determines it. The matching survives, so the system is not structurally short; whether it is *algebraically* singular depends on this model's topology and initialization and needs execution to decide. This is not a claim that the declaration should forbid zero.""}",/data/mrumoca/eval/results/powergrids/findings.jsonl
powergrids,historical-static,PowerGrids.Controls.Test.TestRampTrackingFilter,413,STRUCTURE_DEGENERATES_AT_ZERO,low,False,hold-needs-source-and-witness-review,"{""parameter"": ""rampTrackingFilter1.leadMOrderLagCascade[29].firstOrderCascade[1].firstOrder1.k"", ""contract"": ""Modelica.Blocks.Continuous.FirstOrder.k: feature_disabled (proven, from equation) \u2014 the parameter appears only as a multiplier, so at zero the term it scales drops out and the rest of the model is unaffected"", ""contract_behavior"": ""feature_disabled"", ""contract_confidence"": ""proven"", ""confidence"": ""low"", ""result"": ""TOPOLOGY_SPECIFIC"", ""incidences_lost"": 0, ""unknowns_left_undetermined"": 0, ""evidence_kind"": ""scales-a-rate"", ""note"": ""at zero this parameter removes a state and the equation that determines it. The matching survives, so the system is not structurally short; whether it is *algebraically* singular depends on this model's topology and initialization and needs execution to decide. This is not a claim that the declaration should forbid zero.""}",/data/mrumoca/eval/results/powergrids/findings.jsonl
powergrids,historical-static,PowerGrids.Controls.Test.TestRampTrackingFilter,414,STRUCTURE_DEGENERATES_AT_ZERO,low,False,hold-needs-source-and-witness-review,"{""parameter"": ""rampTrackingFilter1.leadMOrderLagCascade[30].leadLag.firstOrder.k"", ""contract"": ""Modelica.Blocks.Continuous.FirstOrder.k: feature_disabled (proven, from equation) \u2014 the parameter appears only as a multiplier, so at zero the term it scales drops out and the rest of the model is unaffected"", ""contract_behavior"": ""feature_disabled"", ""contract_confidence"": ""proven"", ""confidence"": ""low"", ""result"": ""TOPOLOGY_SPECIFIC"", ""incidences_lost"": 0, ""unknowns_left_undetermined"": 0, ""evidence_kind"": ""scales-a-rate"", ""note"": ""at zero this parameter removes a state and the equation that determines it. The matching survives, so the system is not structurally short; whether it is *algebraically* singular depends on this model's topology and initialization and needs execution to decide. This is not a claim that the declaration should forbid zero.""}",/data/mrumoca/eval/results/powergrids/findings.jsonl
powergrids,historical-static,PowerGrids.Controls.Test.TestRampTrackingFilter,415,STRUCTURE_DEGENERATES_AT_ZERO,low,False,hold-needs-source-and-witness-review,"{""parameter"": ""rampTrackingFilter1.leadMOrderLagCascade[30].firstOrderCascade[1].firstOrder1.k"", ""contract"": ""Modelica.Blocks.Continuous.FirstOrder.k: feature_disabled (proven, from equation) \u2014 the parameter appears only as a multiplier, so at zero the term it scales drops out and the rest of the model is unaffected"", ""contract_behavior"": ""feature_disabled"", ""contract_confidence"": ""proven"", ""confidence"": ""low"", ""result"": ""TOPOLOGY_SPECIFIC"", ""incidences_lost"": 0, ""unknowns_left_undetermined"": 0, ""evidence_kind"": ""scales-a-rate"", ""note"": ""at zero this parameter removes a state and the equation that determines it. The matching survives, so the system is not structurally short; whether it is *algebraically* singular depends on this model's topology and initialization and needs execution to decide. This is not a claim that the declaration should forbid zero.""}",/data/mrumoca/eval/results/powergrids/findings.jsonl
powergrids,historical-static,PowerGrids.Controls.Test.TestRampTrackingFilter,416,STRUCTURE_DEGENERATES_AT_ZERO,low,False,hold-needs-source-and-witness-review,"{""parameter"": ""rampTrackingFilter1.leadMOrderLagCascade[31].leadLag.firstOrder.k"", ""contract"": ""Modelica.Blocks.Continuous.FirstOrder.k: feature_disabled (proven, from equation) \u2014 the parameter appears only as a multiplier, so at zero the term it scales drops out and the rest of the model is unaffected"", ""contract_behavior"": ""feature_disabled"", ""contract_confidence"": ""proven"", ""confidence"": ""low"", ""result"": ""TOPOLOGY_SPECIFIC"", ""incidences_lost"": 0, ""unknowns_left_undetermined"": 0, ""evidence_kind"": ""scales-a-rate"", ""note"": ""at zero this parameter removes a state and the equation that determines it. The matching survives, so the system is not structurally short; whether it is *algebraically* singular depends on this model's topology and initialization and needs execution to decide. This is not a claim that the declaration should forbid zero.""}",/data/mrumoca/eval/results/powergrids/findings.jsonl
powergrids,historical-static,PowerGrids.Controls.Test.TestRampTrackingFilter,417,STRUCTURE_DEGENERATES_AT_ZERO,low,False,hold-needs-source-and-witness-review,"{""parameter"": ""rampTrackingFilter1.leadMOrderLagCascade[31].firstOrderCascade[1].firstOrder1.k"", ""contract"": ""Modelica.Blocks.Continuous.FirstOrder.k: feature_disabled (proven, from equation) \u2014 the parameter appears only as a multiplier, so at zero the term it scales drops out and the rest of the model is unaffected"", ""contract_behavior"": ""feature_disabled"", ""contract_confidence"": ""proven"", ""confidence"": ""low"", ""result"": ""TOPOLOGY_SPECIFIC"", ""incidences_lost"": 0, ""unknowns_left_undetermined"": 0, ""evidence_kind"": ""scales-a-rate"", ""note"": ""at zero this parameter removes a state and the equation that determines it. The matching survives, so the system is not structurally short; whether it is *algebraically* singular depends on this model's topology and initialization and needs execution to decide. This is not a claim that the declaration should forbid zero.""}",/data/mrumoca/eval/results/powergrids/findings.jsonl
powergrids,historical-static,PowerGrids.Controls.Test.TestRampTrackingFilter,418,STRUCTURE_DEGENERATES_AT_ZERO,low,False,hold-needs-source-and-witness-review,"{""parameter"": ""rampTrackingFilter1.leadMOrderLagCascade[32].leadLag.firstOrder.k"", ""contract"": ""Modelica.Blocks.Continuous.FirstOrder.k: feature_disabled (proven, from equation) \u2014 the parameter appears only as a multiplier, so at zero the term it scales drops out and the rest of the model is unaffected"", ""contract_behavior"": ""feature_disabled"", ""contract_confidence"": ""proven"", ""confidence"": ""low"", ""result"": ""TOPOLOGY_SPECIFIC"", ""incidences_lost"": 0, ""unknowns_left_undetermined"": 0, ""evidence_kind"": ""scales-a-rate"", ""note"": ""at zero this parameter removes a state and the equation that determines it. The matching survives, so the system is not structurally short; whether it is *algebraically* singular depends on this model's topology and initialization and needs execution to decide. This is not a claim that the declaration should forbid zero.""}",/data/mrumoca/eval/results/powergrids/findings.jsonl
powergrids,historical-static,PowerGrids.Controls.Test.TestRampTrackingFilter,419,STRUCTURE_DEGENERATES_AT_ZERO,low,False,hold-needs-source-and-witness-review,"{""parameter"": ""rampTrackingFilter1.leadMOrderLagCascade[32].firstOrderCascade[1].firstOrder1.k"", ""contract"": ""Modelica.Blocks.Continuous.FirstOrder.k: feature_disabled (proven, from equation) \u2014 the parameter appears only as a multiplier, so at zero the term it scales drops out and the rest of the model is unaffected"", ""contract_behavior"": ""feature_disabled"", ""contract_confidence"": ""proven"", ""confidence"": ""low"", ""result"": ""TOPOLOGY_SPECIFIC"", ""incidences_lost"": 0, ""unknowns_left_undetermined"": 0, ""evidence_kind"": ""scales-a-rate"", ""note"": ""at zero this parameter removes a state and the equation that determines it. The matching survives, so the system is not structurally short; whether it is *algebraically* singular depends on this model's topology and initialization and needs execution to decide. This is not a claim that the declaration should forbid zero.""}",/data/mrumoca/eval/results/powergrids/findings.jsonl
powergrids,historical-static,PowerGrids.Controls.Test.TestRampTrackingFilter,420,STRUCTURE_DEGENERATES_AT_ZERO,low,False,hold-needs-source-and-witness-review,"{""parameter"": ""rampTrackingFilter1.leadMOrderLagCascade[33].leadLag.firstOrder.k"", ""contract"": ""Modelica.Blocks.Continuous.FirstOrder.k: feature_disabled (proven, from equation) \u2014 the parameter appears only as a multiplier, so at zero the term it scales drops out and the rest of the model is unaffected"", ""contract_behavior"": ""feature_disabled"", ""contract_confidence"": ""proven"", ""confidence"": ""low"", ""result"": ""TOPOLOGY_SPECIFIC"", ""incidences_lost"": 0, ""unknowns_left_undetermined"": 0, ""evidence_kind"": ""scales-a-rate"", ""note"": ""at zero this parameter removes a state and the equation that determines it. The matching survives, so the system is not structurally short; whether it is *algebraically* singular depends on this model's topology and initialization and needs execution to decide. This is not a claim that the declaration should forbid zero.""}",/data/mrumoca/eval/results/powergrids/findings.jsonl
powergrids,historical-static,PowerGrids.Controls.Test.TestRampTrackingFilter,421,STRUCTURE_DEGENERATES_AT_ZERO,low,False,hold-needs-source-and-witness-review,"{""parameter"": ""rampTrackingFilter1.leadMOrderLagCascade[33].firstOrderCascade[1].firstOrder1.k"", ""contract"": ""Modelica.Blocks.Continuous.FirstOrder.k: feature_disabled (proven, from equation) \u2014 the parameter appears only as a multiplier, so at zero the term it scales drops out and the rest of the model is unaffected"", ""contract_behavior"": ""feature_disabled"", ""contract_confidence"": ""proven"", ""confidence"": ""low"", ""result"": ""TOPOLOGY_SPECIFIC"", ""incidences_lost"": 0, ""unknowns_left_undetermined"": 0, ""evidence_kind"": ""scales-a-rate"", ""note"": ""at zero this parameter removes a state and the equation that determines it. The matching survives, so the system is not structurally short; whether it is *algebraically* singular depends on this model's topology and initialization and needs execution to decide. This is not a claim that the declaration should forbid zero.""}",/data/mrumoca/eval/results/powergrids/findings.jsonl
powergrids,historical-static,PowerGrids.Controls.Test.TestRampTrackingFilter,422,STRUCTURE_DEGENERATES_AT_ZERO,low,False,hold-needs-source-and-witness-review,"{""parameter"": ""rampTrackingFilter1.leadMOrderLagCascade[34].leadLag.firstOrder.k"", ""contract"": ""Modelica.Blocks.Continuous.FirstOrder.k: feature_disabled (proven, from equation) \u2014 the parameter appears only as a multiplier, so at zero the term it scales drops out and the rest of the model is unaffected"", ""contract_behavior"": ""feature_disabled"", ""contract_confidence"": ""proven"", ""confidence"": ""low"", ""result"": ""TOPOLOGY_SPECIFIC"", ""incidences_lost"": 0, ""unknowns_left_undetermined"": 0, ""evidence_kind"": ""scales-a-rate"", ""note"": ""at zero this parameter removes a state and the equation that determines it. The matching survives, so the system is not structurally short; whether it is *algebraically* singular depends on this model's topology and initialization and needs execution to decide. This is not a claim that the declaration should forbid zero.""}",/data/mrumoca/eval/results/powergrids/findings.jsonl
powergrids,historical-static,PowerGrids.Controls.Test.TestRampTrackingFilter,423,STRUCTURE_DEGENERATES_AT_ZERO,low,False,hold-needs-source-and-witness-review,"{""parameter"": ""rampTrackingFilter1.leadMOrderLagCascade[34].firstOrderCascade[1].firstOrder1.k"", ""contract"": ""Modelica.Blocks.Continuous.FirstOrder.k: feature_disabled (proven, from equation) \u2014 the parameter appears only as a multiplier, so at zero the term it scales drops out and the rest of the model is unaffected"", ""contract_behavior"": ""feature_disabled"", ""contract_confidence"": ""proven"", ""confidence"": ""low"", ""result"": ""TOPOLOGY_SPECIFIC"", ""incidences_lost"": 0, ""unknowns_left_undetermined"": 0, ""evidence_kind"": ""scales-a-rate"", ""note"": ""at zero this parameter removes a state and the equation that determines it. The matching survives, so the system is not structurally short; whether it is *algebraically* singular depends on this model's topology and initialization and needs execution to decide. This is not a claim that the declaration should forbid zero.""}",/data/mrumoca/eval/results/powergrids/findings.jsonl
powergrids,historical-static,PowerGrids.Controls.Test.TestRampTrackingFilter,424,STRUCTURE_DEGENERATES_AT_ZERO,low,False,hold-needs-source-and-witness-review,"{""parameter"": ""rampTrackingFilter1.leadMOrderLagCascade[35].leadLag.firstOrder.k"", ""contract"": ""Modelica.Blocks.Continuous.FirstOrder.k: feature_disabled (proven, from equation) \u2014 the parameter appears only as a multiplier, so at zero the term it scales drops out and the rest of the model is unaffected"", ""contract_behavior"": ""feature_disabled"", ""contract_confidence"": ""proven"", ""confidence"": ""low"", ""result"": ""TOPOLOGY_SPECIFIC"", ""incidences_lost"": 0, ""unknowns_left_undetermined"": 0, ""evidence_kind"": ""scales-a-rate"", ""note"": ""at zero this parameter removes a state and the equation that determines it. The matching survives, so the system is not structurally short; whether it is *algebraically* singular depends on this model's topology and initialization and needs execution to decide. This is not a claim that the declaration should forbid zero.""}",/data/mrumoca/eval/results/powergrids/findings.jsonl
powergrids,historical-static,PowerGrids.Controls.Test.TestRampTrackingFilter,425,STRUCTURE_DEGENERATES_AT_ZERO,low,False,hold-needs-source-and-witness-review,"{""parameter"": ""rampTrackingFilter1.leadMOrderLagCascade[35].firstOrderCascade[1].firstOrder1.k"", ""contract"": ""Modelica.Blocks.Continuous.FirstOrder.k: feature_disabled (proven, from equation) \u2014 the parameter appears only as a multiplier, so at zero the term it scales drops out and the rest of the model is unaffected"", ""contract_behavior"": ""feature_disabled"", ""contract_confidence"": ""proven"", ""confidence"": ""low"", ""result"": ""TOPOLOGY_SPECIFIC"", ""incidences_lost"": 0, ""unknowns_left_undetermined"": 0, ""evidence_kind"": ""scales-a-rate"", ""note"": ""at zero this parameter removes a state and the equation that determines it. The matching survives, so the system is not structurally short; whether it is *algebraically* singular depends on this model's topology and initialization and needs execution to decide. This is not a claim that the declaration should forbid zero.""}",/data/mrumoca/eval/results/powergrids/findings.jsonl
powergrids,historical-static,PowerGrids.Controls.Test.TestRampTrackingFilter,426,STRUCTURE_DEGENERATES_AT_ZERO,low,False,hold-needs-source-and-witness-review,"{""parameter"": ""rampTrackingFilter1.leadMOrderLagCascade[36].leadLag.firstOrder.k"", ""contract"": ""Modelica.Blocks.Continuous.FirstOrder.k: feature_disabled (proven, from equation) \u2014 the parameter appears only as a multiplier, so at zero the term it scales drops out and the rest of the model is unaffected"", ""contract_behavior"": ""feature_disabled"", ""contract_confidence"": ""proven"", ""confidence"": ""low"", ""result"": ""TOPOLOGY_SPECIFIC"", ""incidences_lost"": 0, ""unknowns_left_undetermined"": 0, ""evidence_kind"": ""scales-a-rate"", ""note"": ""at zero this parameter removes a state and the equation that determines it. The matching survives, so the system is not structurally short; whether it is *algebraically* singular depends on this model's topology and initialization and needs execution to decide. This is not a claim that the declaration should forbid zero.""}",/data/mrumoca/eval/results/powergrids/findings.jsonl
powergrids,historical-static,PowerGrids.Controls.Test.TestRampTrackingFilter,427,STRUCTURE_DEGENERATES_AT_ZERO,low,False,hold-needs-source-and-witness-review,"{""parameter"": ""rampTrackingFilter1.leadMOrderLagCascade[36].firstOrderCascade[1].firstOrder1.k"", ""contract"": ""Modelica.Blocks.Continuous.FirstOrder.k: feature_disabled (proven, from equation) \u2014 the parameter appears only as a multiplier, so at zero the term it scales drops out and the rest of the model is unaffected"", ""contract_behavior"": ""feature_disabled"", ""contract_confidence"": ""proven"", ""confidence"": ""low"", ""result"": ""TOPOLOGY_SPECIFIC"", ""incidences_lost"": 0, ""unknowns_left_undetermined"": 0, ""evidence_kind"": ""scales-a-rate"", ""note"": ""at zero this parameter removes a state and the equation that determines it. The matching survives, so the system is not structurally short; whether it is *algebraically* singular depends on this model's topology and initialization and needs execution to decide. This is not a claim that the declaration should forbid zero.""}",/data/mrumoca/eval/results/powergrids/findings.jsonl
powergrids,historical-static,PowerGrids.Controls.Test.TestRampTrackingFilter,428,STRUCTURE_DEGENERATES_AT_ZERO,low,False,hold-needs-source-and-witness-review,"{""parameter"": ""rampTrackingFilter1.leadMOrderLagCascade[37].leadLag.firstOrder.k"", ""contract"": ""Modelica.Blocks.Continuous.FirstOrder.k: feature_disabled (proven, from equation) \u2014 the parameter appears only as a multiplier, so at zero the term it scales drops out and the rest of the model is unaffected"", ""contract_behavior"": ""feature_disabled"", ""contract_confidence"": ""proven"", ""confidence"": ""low"", ""result"": ""TOPOLOGY_SPECIFIC"", ""incidences_lost"": 0, ""unknowns_left_undetermined"": 0, ""evidence_kind"": ""scales-a-rate"", ""note"": ""at zero this parameter removes a state and the equation that determines it. The matching survives, so the system is not structurally short; whether it is *algebraically* singular depends on this model's topology and initialization and needs execution to decide. This is not a claim that the declaration should forbid zero.""}",/data/mrumoca/eval/results/powergrids/findings.jsonl
powergrids,historical-static,PowerGrids.Controls.Test.TestRampTrackingFilter,429,STRUCTURE_DEGENERATES_AT_ZERO,low,False,hold-needs-source-and-witness-review,"{""parameter"": ""rampTrackingFilter1.leadMOrderLagCascade[37].firstOrderCascade[1].firstOrder1.k"", ""contract"": ""Modelica.Blocks.Continuous.FirstOrder.k: feature_disabled (proven, from equation) \u2014 the parameter appears only as a multiplier, so at zero the term it scales drops out and the rest of the model is unaffected"", ""contract_behavior"": ""feature_disabled"", ""contract_confidence"": ""proven"", ""confidence"": ""low"", ""result"": ""TOPOLOGY_SPECIFIC"", ""incidences_lost"": 0, ""unknowns_left_undetermined"": 0, ""evidence_kind"": ""scales-a-rate"", ""note"": ""at zero this parameter removes a state and the equation that determines it. The matching survives, so the system is not structurally short; whether it is *algebraically* singular depends on this model's topology and initialization and needs execution to decide. This is not a claim that the declaration should forbid zero.""}",/data/mrumoca/eval/results/powergrids/findings.jsonl
powergrids,historical-static,PowerGrids.Controls.Test.TestRampTrackingFilter,430,STRUCTURE_DEGENERATES_AT_ZERO,low,False,hold-needs-source-and-witness-review,"{""parameter"": ""rampTrackingFilter1.leadMOrderLagCascade[38].leadLag.firstOrder.k"", ""contract"": ""Modelica.Blocks.Continuous.FirstOrder.k: feature_disabled (proven, from equation) \u2014 the parameter appears only as a multiplier, so at zero the term it scales drops out and the rest of the model is unaffected"", ""contract_behavior"": ""feature_disabled"", ""contract_confidence"": ""proven"", ""confidence"": ""low"", ""result"": ""TOPOLOGY_SPECIFIC"", ""incidences_lost"": 0, ""unknowns_left_undetermined"": 0, ""evidence_kind"": ""scales-a-rate"", ""note"": ""at zero this parameter removes a state and the equation that determines it. The matching survives, so the system is not structurally short; whether it is *algebraically* singular depends on this model's topology and initialization and needs execution to decide. This is not a claim that the declaration should forbid zero.""}",/data/mrumoca/eval/results/powergrids/findings.jsonl
powergrids,historical-static,PowerGrids.Controls.Test.TestRampTrackingFilter,431,STRUCTURE_DEGENERATES_AT_ZERO,low,False,hold-needs-source-and-witness-review,"{""parameter"": ""rampTrackingFilter1.leadMOrderLagCascade[38].firstOrderCascade[1].firstOrder1.k"", ""contract"": ""Modelica.Blocks.Continuous.FirstOrder.k: feature_disabled (proven, from equation) \u2014 the parameter appears only as a multiplier, so at zero the term it scales drops out and the rest of the model is unaffected"", ""contract_behavior"": ""feature_disabled"", ""contract_confidence"": ""proven"", ""confidence"": ""low"", ""result"": ""TOPOLOGY_SPECIFIC"", ""incidences_lost"": 0, ""unknowns_left_undetermined"": 0, ""evidence_kind"": ""scales-a-rate"", ""note"": ""at zero this parameter removes a state and the equation that determines it. The matching survives, so the system is not structurally short; whether it is *algebraically* singular depends on this model's topology and initialization and needs execution to decide. This is not a claim that the declaration should forbid zero.""}",/data/mrumoca/eval/results/powergrids/findings.jsonl
powergrids,historical-static,PowerGrids.Controls.Test.TestRampTrackingFilter,432,STRUCTURE_DEGENERATES_AT_ZERO,low,False,hold-needs-source-and-witness-review,"{""parameter"": ""rampTrackingFilter1.leadMOrderLagCascade[39].leadLag.firstOrder.k"", ""contract"": ""Modelica.Blocks.Continuous.FirstOrder.k: feature_disabled (proven, from equation) \u2014 the parameter appears only as a multiplier, so at zero the term it scales drops out and the rest of the model is unaffected"", ""contract_behavior"": ""feature_disabled"", ""contract_confidence"": ""proven"", ""confidence"": ""low"", ""result"": ""TOPOLOGY_SPECIFIC"", ""incidences_lost"": 0, ""unknowns_left_undetermined"": 0, ""evidence_kind"": ""scales-a-rate"", ""note"": ""at zero this parameter removes a state and the equation that determines it. The matching survives, so the system is not structurally short; whether it is *algebraically* singular depends on this model's topology and initialization and needs execution to decide. This is not a claim that the declaration should forbid zero.""}",/data/mrumoca/eval/results/powergrids/findings.jsonl
powergrids,historical-static,PowerGrids.Controls.Test.TestRampTrackingFilter,433,STRUCTURE_DEGENERATES_AT_ZERO,low,False,hold-needs-source-and-witness-review,"{""parameter"": ""rampTrackingFilter1.leadMOrderLagCascade[39].firstOrderCascade[1].firstOrder1.k"", ""contract"": ""Modelica.Blocks.Continuous.FirstOrder.k: feature_disabled (proven, from equation) \u2014 the parameter appears only as a multiplier, so at zero the term it scales drops out and the rest of the model is unaffected"", ""contract_behavior"": ""feature_disabled"", ""contract_confidence"": ""proven"", ""confidence"": ""low"", ""result"": ""TOPOLOGY_SPECIFIC"", ""incidences_lost"": 0, ""unknowns_left_undetermined"": 0, ""evidence_kind"": ""scales-a-rate"", ""note"": ""at zero this parameter removes a state and the equation that determines it. The matching survives, so the system is not structurally short; whether it is *algebraically* singular depends on this model's topology and initialization and needs execution to decide. This is not a claim that the declaration should forbid zero.""}",/data/mrumoca/eval/results/powergrids/findings.jsonl
powergrids,historical-static,PowerGrids.Controls.Test.TestRampTrackingFilter,434,STRUCTURE_DEGENERATES_AT_ZERO,low,False,hold-needs-source-and-witness-review,"{""parameter"": ""rampTrackingFilter1.leadMOrderLagCascade[40].leadLag.firstOrder.k"", ""contract"": ""Modelica.Blocks.Continuous.FirstOrder.k: feature_disabled (proven, from equation) \u2014 the parameter appears only as a multiplier, so at zero the term it scales drops out and the rest of the model is unaffected"", ""contract_behavior"": ""feature_disabled"", ""contract_confidence"": ""proven"", ""confidence"": ""low"", ""result"": ""TOPOLOGY_SPECIFIC"", ""incidences_lost"": 0, ""unknowns_left_undetermined"": 0, ""evidence_kind"": ""scales-a-rate"", ""note"": ""at zero this parameter removes a state and the equation that determines it. The matching survives, so the system is not structurally short; whether it is *algebraically* singular depends on this model's topology and initialization and needs execution to decide. This is not a claim that the declaration should forbid zero.""}",/data/mrumoca/eval/results/powergrids/findings.jsonl
powergrids,historical-static,PowerGrids.Controls.Test.TestRampTrackingFilter,435,STRUCTURE_DEGENERATES_AT_ZERO,low,False,hold-needs-source-and-witness-review,"{""parameter"": ""rampTrackingFilter1.leadMOrderLagCascade[40].firstOrderCascade[1].firstOrder1.k"", ""contract"": ""Modelica.Blocks.Continuous.FirstOrder.k: feature_disabled (proven, from equation) \u2014 the parameter appears only as a multiplier, so at zero the term it scales drops out and the rest of the model is unaffected"", ""contract_behavior"": ""feature_disabled"", ""contract_confidence"": ""proven"", ""confidence"": ""low"", ""result"": ""TOPOLOGY_SPECIFIC"", ""incidences_lost"": 0, ""unknowns_left_undetermined"": 0, ""evidence_kind"": ""scales-a-rate"", ""note"": ""at zero this parameter removes a state and the equation that determines it. The matching survives, so the system is not structurally short; whether it is *algebraically* singular depends on this model's topology and initialization and needs execution to decide. This is not a claim that the declaration should forbid zero.""}",/data/mrumoca/eval/results/powergrids/findings.jsonl
powergrids,historical-static,PowerGrids.Controls.Test.TestRampTrackingFilter,436,STRUCTURE_DEGENERATES_AT_ZERO,low,False,hold-needs-source-and-witness-review,"{""parameter"": ""rampTrackingFilter1.leadMOrderLagCascade[41].leadLag.firstOrder.k"", ""contract"": ""Modelica.Blocks.Continuous.FirstOrder.k: feature_disabled (proven, from equation) \u2014 the parameter appears only as a multiplier, so at zero the term it scales drops out and the rest of the model is unaffected"", ""contract_behavior"": ""feature_disabled"", ""contract_confidence"": ""proven"", ""confidence"": ""low"", ""result"": ""TOPOLOGY_SPECIFIC"", ""incidences_lost"": 0, ""unknowns_left_undetermined"": 0, ""evidence_kind"": ""scales-a-rate"", ""note"": ""at zero this parameter removes a state and the equation that determines it. The matching survives, so the system is not structurally short; whether it is *algebraically* singular depends on this model's topology and initialization and needs execution to decide. This is not a claim that the declaration should forbid zero.""}",/data/mrumoca/eval/results/powergrids/findings.jsonl
powergrids,historical-static,PowerGrids.Controls.Test.TestRampTrackingFilter,437,STRUCTURE_DEGENERATES_AT_ZERO,low,False,hold-needs-source-and-witness-review,"{""parameter"": ""rampTrackingFilter1.leadMOrderLagCascade[41].firstOrderCascade[1].firstOrder1.k"", ""contract"": ""Modelica.Blocks.Continuous.FirstOrder.k: feature_disabled (proven, from equation) \u2014 the parameter appears only as a multiplier, so at zero the term it scales drops out and the rest of the model is unaffected"", ""contract_behavior"": ""feature_disabled"", ""contract_confidence"": ""proven"", ""confidence"": ""low"", ""result"": ""TOPOLOGY_SPECIFIC"", ""incidences_lost"": 0, ""unknowns_left_undetermined"": 0, ""evidence_kind"": ""scales-a-rate"", ""note"": ""at zero this parameter removes a state and the equation that determines it. The matching survives, so the system is not structurally short; whether it is *algebraically* singular depends on this model's topology and initialization and needs execution to decide. This is not a claim that the declaration should forbid zero.""}",/data/mrumoca/eval/results/powergrids/findings.jsonl
powergrids,historical-static,PowerGrids.Controls.Test.TestRampTrackingFilter,438,STRUCTURE_DEGENERATES_AT_ZERO,low,False,hold-needs-source-and-witness-review,"{""parameter"": ""rampTrackingFilter1.leadMOrderLagCascade[42].leadLag.firstOrder.k"", ""contract"": ""Modelica.Blocks.Continuous.FirstOrder.k: feature_disabled (proven, from equation) \u2014 the parameter appears only as a multiplier, so at zero the term it scales drops out and the rest of the model is unaffected"", ""contract_behavior"": ""feature_disabled"", ""contract_confidence"": ""proven"", ""confidence"": ""low"", ""result"": ""TOPOLOGY_SPECIFIC"", ""incidences_lost"": 0, ""unknowns_left_undetermined"": 0, ""evidence_kind"": ""scales-a-rate"", ""note"": ""at zero this parameter removes a state and the equation that determines it. The matching survives, so the system is not structurally short; whether it is *algebraically* singular depends on this model's topology and initialization and needs execution to decide. This is not a claim that the declaration should forbid zero.""}",/data/mrumoca/eval/results/powergrids/findings.jsonl
powergrids,historical-static,PowerGrids.Controls.Test.TestRampTrackingFilter,439,STRUCTURE_DEGENERATES_AT_ZERO,low,False,hold-needs-source-and-witness-review,"{""parameter"": ""rampTrackingFilter1.leadMOrderLagCascade[42].firstOrderCascade[1].firstOrder1.k"", ""contract"": ""Modelica.Blocks.Continuous.FirstOrder.k: feature_disabled (proven, from equation) \u2014 the parameter appears only as a multiplier, so at zero the term it scales drops out and the rest of the model is unaffected"", ""contract_behavior"": ""feature_disabled"", ""contract_confidence"": ""proven"", ""confidence"": ""low"", ""result"": ""TOPOLOGY_SPECIFIC"", ""incidences_lost"": 0, ""unknowns_left_undetermined"": 0, ""evidence_kind"": ""scales-a-rate"", ""note"": ""at zero this parameter removes a state and the equation that determines it. The matching survives, so the system is not structurally short; whether it is *algebraically* singular depends on this model's topology and initialization and needs execution to decide. This is not a claim that the declaration should forbid zero.""}",/data/mrumoca/eval/results/powergrids/findings.jsonl
powergrids,historical-static,PowerGrids.Controls.Test.TestRampTrackingFilter,440,STRUCTURE_DEGENERATES_AT_ZERO,low,False,hold-needs-source-and-witness-review,"{""parameter"": ""rampTrackingFilter1.leadMOrderLagCascade[43].leadLag.firstOrder.k"", ""contract"": ""Modelica.Blocks.Continuous.FirstOrder.k: feature_disabled (proven, from equation) \u2014 the parameter appears only as a multiplier, so at zero the term it scales drops out and the rest of the model is unaffected"", ""contract_behavior"": ""feature_disabled"", ""contract_confidence"": ""proven"", ""confidence"": ""low"", ""result"": ""TOPOLOGY_SPECIFIC"", ""incidences_lost"": 0, ""unknowns_left_undetermined"": 0, ""evidence_kind"": ""scales-a-rate"", ""note"": ""at zero this parameter removes a state and the equation that determines it. The matching survives, so the system is not structurally short; whether it is *algebraically* singular depends on this model's topology and initialization and needs execution to decide. This is not a claim that the declaration should forbid zero.""}",/data/mrumoca/eval/results/powergrids/findings.jsonl
powergrids,historical-static,PowerGrids.Controls.Test.TestRampTrackingFilter,441,STRUCTURE_DEGENERATES_AT_ZERO,low,False,hold-needs-source-and-witness-review,"{""parameter"": ""rampTrackingFilter1.leadMOrderLagCascade[43].firstOrderCascade[1].firstOrder1.k"", ""contract"": ""Modelica.Blocks.Continuous.FirstOrder.k: feature_disabled (proven, from equation) \u2014 the parameter appears only as a multiplier, so at zero the term it scales drops out and the rest of the model is unaffected"", ""contract_behavior"": ""feature_disabled"", ""contract_confidence"": ""proven"", ""confidence"": ""low"", ""result"": ""TOPOLOGY_SPECIFIC"", ""incidences_lost"": 0, ""unknowns_left_undetermined"": 0, ""evidence_kind"": ""scales-a-rate"", ""note"": ""at zero this parameter removes a state and the equation that determines it. The matching survives, so the system is not structurally short; whether it is *algebraically* singular depends on this model's topology and initialization and needs execution to decide. This is not a claim that the declaration should forbid zero.""}",/data/mrumoca/eval/results/powergrids/findings.jsonl
powergrids,historical-static,PowerGrids.Controls.Test.TestRampTrackingFilter,442,STRUCTURE_DEGENERATES_AT_ZERO,low,False,hold-needs-source-and-witness-review,"{""parameter"": ""rampTrackingFilter1.leadMOrderLagCascade[44].leadLag.firstOrder.k"", ""contract"": ""Modelica.Blocks.Continuous.FirstOrder.k: feature_disabled (proven, from equation) \u2014 the parameter appears only as a multiplier, so at zero the term it scales drops out and the rest of the model is unaffected"", ""contract_behavior"": ""feature_disabled"", ""contract_confidence"": ""proven"", ""confidence"": ""low"", ""result"": ""TOPOLOGY_SPECIFIC"", ""incidences_lost"": 0, ""unknowns_left_undetermined"": 0, ""evidence_kind"": ""scales-a-rate"", ""note"": ""at zero this parameter removes a state and the equation that determines it. The matching survives, so the system is not structurally short; whether it is *algebraically* singular depends on this model's topology and initialization and needs execution to decide. This is not a claim that the declaration should forbid zero.""}",/data/mrumoca/eval/results/powergrids/findings.jsonl
powergrids,historical-static,PowerGrids.Controls.Test.TestRampTrackingFilter,443,STRUCTURE_DEGENERATES_AT_ZERO,low,False,hold-needs-source-and-witness-review,"{""parameter"": ""rampTrackingFilter1.leadMOrderLagCascade[44].firstOrderCascade[1].firstOrder1.k"", ""contract"": ""Modelica.Blocks.Continuous.FirstOrder.k: feature_disabled (proven, from equation) \u2014 the parameter appears only as a multiplier, so at zero the term it scales drops out and the rest of the model is unaffected"", ""contract_behavior"": ""feature_disabled"", ""contract_confidence"": ""proven"", ""confidence"": ""low"", ""result"": ""TOPOLOGY_SPECIFIC"", ""incidences_lost"": 0, ""unknowns_left_undetermined"": 0, ""evidence_kind"": ""scales-a-rate"", ""note"": ""at zero this parameter removes a state and the equation that determines it. The matching survives, so the system is not structurally short; whether it is *algebraically* singular depends on this model's topology and initialization and needs execution to decide. This is not a claim that the declaration should forbid zero.""}",/data/mrumoca/eval/results/powergrids/findings.jsonl
powergrids,historical-static,PowerGrids.Controls.Test.TestRampTrackingFilter,444,STRUCTURE_DEGENERATES_AT_ZERO,low,False,hold-needs-source-and-witness-review,"{""parameter"": ""rampTrackingFilter1.leadMOrderLagCascade[45].leadLag.firstOrder.k"", ""contract"": ""Modelica.Blocks.Continuous.FirstOrder.k: feature_disabled (proven, from equation) \u2014 the parameter appears only as a multiplier, so at zero the term it scales drops out and the rest of the model is unaffected"", ""contract_behavior"": ""feature_disabled"", ""contract_confidence"": ""proven"", ""confidence"": ""low"", ""result"": ""TOPOLOGY_SPECIFIC"", ""incidences_lost"": 0, ""unknowns_left_undetermined"": 0, ""evidence_kind"": ""scales-a-rate"", ""note"": ""at zero this parameter removes a state and the equation that determines it. The matching survives, so the system is not structurally short; whether it is *algebraically* singular depends on this model's topology and initialization and needs execution to decide. This is not a claim that the declaration should forbid zero.""}",/data/mrumoca/eval/results/powergrids/findings.jsonl
powergrids,historical-static,PowerGrids.Controls.Test.TestRampTrackingFilter,445,STRUCTURE_DEGENERATES_AT_ZERO,low,False,hold-needs-source-and-witness-review,"{""parameter"": ""rampTrackingFilter1.leadMOrderLagCascade[45].firstOrderCascade[1].firstOrder1.k"", ""contract"": ""Modelica.Blocks.Continuous.FirstOrder.k: feature_disabled (proven, from equation) \u2014 the parameter appears only as a multiplier, so at zero the term it scales drops out and the rest of the model is unaffected"", ""contract_behavior"": ""feature_disabled"", ""contract_confidence"": ""proven"", ""confidence"": ""low"", ""result"": ""TOPOLOGY_SPECIFIC"", ""incidences_lost"": 0, ""unknowns_left_undetermined"": 0, ""evidence_kind"": ""scales-a-rate"", ""note"": ""at zero this parameter removes a state and the equation that determines it. The matching survives, so the system is not structurally short; whether it is *algebraically* singular depends on this model's topology and initialization and needs execution to decide. This is not a claim that the declaration should forbid zero.""}",/data/mrumoca/eval/results/powergrids/findings.jsonl
powergrids,historical-static,PowerGrids.Controls.Test.TestRampTrackingFilter,446,STRUCTURE_DEGENERATES_AT_ZERO,low,False,hold-needs-source-and-witness-review,"{""parameter"": ""rampTrackingFilter1.leadMOrderLagCascade[46].leadLag.firstOrder.k"", ""contract"": ""Modelica.Blocks.Continuous.FirstOrder.k: feature_disabled (proven, from equation) \u2014 the parameter appears only as a multiplier, so at zero the term it scales drops out and the rest of the model is unaffected"", ""contract_behavior"": ""feature_disabled"", ""contract_confidence"": ""proven"", ""confidence"": ""low"", ""result"": ""TOPOLOGY_SPECIFIC"", ""incidences_lost"": 0, ""unknowns_left_undetermined"": 0, ""evidence_kind"": ""scales-a-rate"", ""note"": ""at zero this parameter removes a state and the equation that determines it. The matching survives, so the system is not structurally short; whether it is *algebraically* singular depends on this model's topology and initialization and needs execution to decide. This is not a claim that the declaration should forbid zero.""}",/data/mrumoca/eval/results/powergrids/findings.jsonl
powergrids,historical-static,PowerGrids.Controls.Test.TestRampTrackingFilter,447,STRUCTURE_DEGENERATES_AT_ZERO,low,False,hold-needs-source-and-witness-review,"{""parameter"": ""rampTrackingFilter1.leadMOrderLagCascade[46].firstOrderCascade[1].firstOrder1.k"", ""contract"": ""Modelica.Blocks.Continuous.FirstOrder.k: feature_disabled (proven, from equation) \u2014 the parameter appears only as a multiplier, so at zero the term it scales drops out and the rest of the model is unaffected"", ""contract_behavior"": ""feature_disabled"", ""contract_confidence"": ""proven"", ""confidence"": ""low"", ""result"": ""TOPOLOGY_SPECIFIC"", ""incidences_lost"": 0, ""unknowns_left_undetermined"": 0, ""evidence_kind"": ""scales-a-rate"", ""note"": ""at zero this parameter removes a state and the equation that determines it. The matching survives, so the system is not structurally short; whether it is *algebraically* singular depends on this model's topology and initialization and needs execution to decide. This is not a claim that the declaration should forbid zero.""}",/data/mrumoca/eval/results/powergrids/findings.jsonl
powergrids,historical-static,PowerGrids.Controls.Test.TestRampTrackingFilter,448,STRUCTURE_DEGENERATES_AT_ZERO,low,False,hold-needs-source-and-witness-review,"{""parameter"": ""rampTrackingFilter1.leadMOrderLagCascade[47].leadLag.firstOrder.k"", ""contract"": ""Modelica.Blocks.Continuous.FirstOrder.k: feature_disabled (proven, from equation) \u2014 the parameter appears only as a multiplier, so at zero the term it scales drops out and the rest of the model is unaffected"", ""contract_behavior"": ""feature_disabled"", ""contract_confidence"": ""proven"", ""confidence"": ""low"", ""result"": ""TOPOLOGY_SPECIFIC"", ""incidences_lost"": 0, ""unknowns_left_undetermined"": 0, ""evidence_kind"": ""scales-a-rate"", ""note"": ""at zero this parameter removes a state and the equation that determines it. The matching survives, so the system is not structurally short; whether it is *algebraically* singular depends on this model's topology and initialization and needs execution to decide. This is not a claim that the declaration should forbid zero.""}",/data/mrumoca/eval/results/powergrids/findings.jsonl
powergrids,historical-static,PowerGrids.Controls.Test.TestRampTrackingFilter,449,STRUCTURE_DEGENERATES_AT_ZERO,low,False,hold-needs-source-and-witness-review,"{""parameter"": ""rampTrackingFilter1.leadMOrderLagCascade[47].firstOrderCascade[1].firstOrder1.k"", ""contract"": ""Modelica.Blocks.Continuous.FirstOrder.k: feature_disabled (proven, from equation) \u2014 the parameter appears only as a multiplier, so at zero the term it scales drops out and the rest of the model is unaffected"", ""contract_behavior"": ""feature_disabled"", ""contract_confidence"": ""proven"", ""confidence"": ""low"", ""result"": ""TOPOLOGY_SPECIFIC"", ""incidences_lost"": 0, ""unknowns_left_undetermined"": 0, ""evidence_kind"": ""scales-a-rate"", ""note"": ""at zero this parameter removes a state and the equation that determines it. The matching survives, so the system is not structurally short; whether it is *algebraically* singular depends on this model's topology and initialization and needs execution to decide. This is not a claim that the declaration should forbid zero.""}",/data/mrumoca/eval/results/powergrids/findings.jsonl
powergrids,historical-static,PowerGrids.Controls.Test.TestRampTrackingFilter,450,STRUCTURE_DEGENERATES_AT_ZERO,low,False,hold-needs-source-and-witness-review,"{""parameter"": ""rampTrackingFilter1.leadMOrderLagCascade[48].leadLag.firstOrder.k"", ""contract"": ""Modelica.Blocks.Continuous.FirstOrder.k: feature_disabled (proven, from equation) \u2014 the parameter appears only as a multiplier, so at zero the term it scales drops out and the rest of the model is unaffected"", ""contract_behavior"": ""feature_disabled"", ""contract_confidence"": ""proven"", ""confidence"": ""low"", ""result"": ""TOPOLOGY_SPECIFIC"", ""incidences_lost"": 0, ""unknowns_left_undetermined"": 0, ""evidence_kind"": ""scales-a-rate"", ""note"": ""at zero this parameter removes a state and the equation that determines it. The matching survives, so the system is not structurally short; whether it is *algebraically* singular depends on this model's topology and initialization and needs execution to decide. This is not a claim that the declaration should forbid zero.""}",/data/mrumoca/eval/results/powergrids/findings.jsonl
powergrids,historical-static,PowerGrids.Controls.Test.TestRampTrackingFilter,451,STRUCTURE_DEGENERATES_AT_ZERO,low,False,hold-needs-source-and-witness-review,"{""parameter"": ""rampTrackingFilter1.leadMOrderLagCascade[48].firstOrderCascade[1].firstOrder1.k"", ""contract"": ""Modelica.Blocks.Continuous.FirstOrder.k: feature_disabled (proven, from equation) \u2014 the parameter appears only as a multiplier, so at zero the term it scales drops out and the rest of the model is unaffected"", ""contract_behavior"": ""feature_disabled"", ""contract_confidence"": ""proven"", ""confidence"": ""low"", ""result"": ""TOPOLOGY_SPECIFIC"", ""incidences_lost"": 0, ""unknowns_left_undetermined"": 0, ""evidence_kind"": ""scales-a-rate"", ""note"": ""at zero this parameter removes a state and the equation that determines it. The matching survives, so the system is not structurally short; whether it is *algebraically* singular depends on this model's topology and initialization and needs execution to decide. This is not a claim that the declaration should forbid zero.""}",/data/mrumoca/eval/results/powergrids/findings.jsonl
powergrids,historical-static,PowerGrids.Controls.Test.TestRampTrackingFilter,452,STRUCTURE_DEGENERATES_AT_ZERO,low,False,hold-needs-source-and-witness-review,"{""parameter"": ""rampTrackingFilter1.leadMOrderLagCascade[49].leadLag.firstOrder.k"", ""contract"": ""Modelica.Blocks.Continuous.FirstOrder.k: feature_disabled (proven, from equation) \u2014 the parameter appears only as a multiplier, so at zero the term it scales drops out and the rest of the model is unaffected"", ""contract_behavior"": ""feature_disabled"", ""contract_confidence"": ""proven"", ""confidence"": ""low"", ""result"": ""TOPOLOGY_SPECIFIC"", ""incidences_lost"": 0, ""unknowns_left_undetermined"": 0, ""evidence_kind"": ""scales-a-rate"", ""note"": ""at zero this parameter removes a state and the equation that determines it. The matching survives, so the system is not structurally short; whether it is *algebraically* singular depends on this model's topology and initialization and needs execution to decide. This is not a claim that the declaration should forbid zero.""}",/data/mrumoca/eval/results/powergrids/findings.jsonl
powergrids,historical-static,PowerGrids.Controls.Test.TestRampTrackingFilter,453,STRUCTURE_DEGENERATES_AT_ZERO,low,False,hold-needs-source-and-witness-review,"{""parameter"": ""rampTrackingFilter1.leadMOrderLagCascade[49].firstOrderCascade[1].firstOrder1.k"", ""contract"": ""Modelica.Blocks.Continuous.FirstOrder.k: feature_disabled (proven, from equation) \u2014 the parameter appears only as a multiplier, so at zero the term it scales drops out and the rest of the model is unaffected"", ""contract_behavior"": ""feature_disabled"", ""contract_confidence"": ""proven"", ""confidence"": ""low"", ""result"": ""TOPOLOGY_SPECIFIC"", ""incidences_lost"": 0, ""unknowns_left_undetermined"": 0, ""evidence_kind"": ""scales-a-rate"", ""note"": ""at zero this parameter removes a state and the equation that determines it. The matching survives, so the system is not structurally short; whether it is *algebraically* singular depends on this model's topology and initialization and needs execution to decide. This is not a claim that the declaration should forbid zero.""}",/data/mrumoca/eval/results/powergrids/findings.jsonl
powergrids,historical-static,PowerGrids.Controls.Test.TestRampTrackingFilter,454,STRUCTURE_DEGENERATES_AT_ZERO,low,False,hold-needs-source-and-witness-review,"{""parameter"": ""rampTrackingFilter1.leadMOrderLagCascade[50].leadLag.firstOrder.k"", ""contract"": ""Modelica.Blocks.Continuous.FirstOrder.k: feature_disabled (proven, from equation) \u2014 the parameter appears only as a multiplier, so at zero the term it scales drops out and the rest of the model is unaffected"", ""contract_behavior"": ""feature_disabled"", ""contract_confidence"": ""proven"", ""confidence"": ""low"", ""result"": ""TOPOLOGY_SPECIFIC"", ""incidences_lost"": 0, ""unknowns_left_undetermined"": 0, ""evidence_kind"": ""scales-a-rate"", ""note"": ""at zero this parameter removes a state and the equation that determines it. The matching survives, so the system is not structurally short; whether it is *algebraically* singular depends on this model's topology and initialization and needs execution to decide. This is not a claim that the declaration should forbid zero.""}",/data/mrumoca/eval/results/powergrids/findings.jsonl
powergrids,historical-static,PowerGrids.Controls.Test.TestRampTrackingFilter,455,STRUCTURE_DEGENERATES_AT_ZERO,low,False,hold-needs-source-and-witness-review,"{""parameter"": ""rampTrackingFilter1.leadMOrderLagCascade[50].firstOrderCascade[1].firstOrder1.k"", ""contract"": ""Modelica.Blocks.Continuous.FirstOrder.k: feature_disabled (proven, from equation) \u2014 the parameter appears only as a multiplier, so at zero the term it scales drops out and the rest of the model is unaffected"", ""contract_behavior"": ""feature_disabled"", ""contract_confidence"": ""proven"", ""confidence"": ""low"", ""result"": ""TOPOLOGY_SPECIFIC"", ""incidences_lost"": 0, ""unknowns_left_undetermined"": 0, ""evidence_kind"": ""scales-a-rate"", ""note"": ""at zero this parameter removes a state and the equation that determines it. The matching survives, so the system is not structurally short; whether it is *algebraically* singular depends on this model's topology and initialization and needs execution to decide. This is not a claim that the declaration should forbid zero.""}",/data/mrumoca/eval/results/powergrids/findings.jsonl
powergrids,historical-static,PowerGrids.Controls.Test.TestRampTrackingFilter,456,STRUCTURE_DEGENERATES_AT_ZERO,low,False,hold-needs-source-and-witness-review,"{""parameter"": ""rampTrackingFilter2.leadMOrderLagCascade[1].leadLag.firstOrder.k"", ""contract"": ""Modelica.Blocks.Continuous.FirstOrder.k: feature_disabled (proven, from equation) \u2014 the parameter appears only as a multiplier, so at zero the term it scales drops out and the rest of the model is unaffected"", ""contract_behavior"": ""feature_disabled"", ""contract_confidence"": ""proven"", ""confidence"": ""low"", ""result"": ""TOPOLOGY_SPECIFIC"", ""incidences_lost"": 0, ""unknowns_left_undetermined"": 0, ""evidence_kind"": ""scales-a-rate"", ""note"": ""at zero this parameter removes a state and the equation that determines it. The matching survives, so the system is not structurally short; whether it is *algebraically* singular depends on this model's topology and initialization and needs execution to decide. This is not a claim that the declaration should forbid zero.""}",/data/mrumoca/eval/results/powergrids/findings.jsonl
powergrids,runtime-v3,PowerGrids.Controls.FirstOrderWithNonWindupLimiter,0,network-boundary-port,low,True,execution-not-completed,"{""node"": ""G -- Gk -- I -- feedback -- lim -- u -- y"", ""boundary_connectors"": ""G, Gk, I, feedback, lim, u, y"", ""wired_to"": ""nothing"", ""note"": ""this connector belongs to the model itself, not to a component inside it: the model is an interface compiled on its own, so the node is open on one side. Nothing forces its flow, which is why a structural matching reports an unmatched unknown here. Not a defect in the model""}",/data/mrumoca/eval/results_v3/powergrids/runtime_free.jsonl
powergrids,runtime-v3,PowerGrids.Controls.FirstOrderWithNonWindupLimiter,1,network-observation-incomplete,info,True,execution-not-completed,"{""reason"": ""missing or unsynchronized connector member observations"", ""note"": ""coverage gap, not a model defect""}",/data/mrumoca/eval/results_v3/powergrids/runtime_free.jsonl
powergrids,runtime-v3,PowerGrids.Controls.FirstOrderWithNonWindupLimiter,2,initialization-failure,high,True,execution-not-completed,"{""failure_kind"": ""unknown"", ""reason"": ""r start values: u=0 Simulating PowerGrids.Controls.FirstOrderWithNonWindupLimiter to t=1 with 16 trace point(s)... \u001b[31m\u001b[0m simulation failed: parameter `T` has neither a binding nor an initial value"", ""raw"": ""reading /tmp/tmpya8zj45j/traced.rbc (bitcode v2, cbor) holding 1 free input(s) constant at their start values: u=0 Simulating PowerGrids.Controls.FirstOrderWithNonWindupLimiter to t=1 with 16 trace point(s)... \u001b[31m\u001b[0m simulation failed: parameter `T` has neither a binding nor an initial value"", ""tool_side"": false}",/data/mrumoca/eval/results_v3/powergrids/runtime_free.jsonl
powergrids,runtime-v3,PowerGrids.Controls.LeadLagWithNonWindupLimiter,0,network-boundary-port,low,True,hold-input-contract-validation,"{""node"": ""feedback_u -- feedback_y -- gain_dir -- gain_fb -- integ_fb -- limiter_y -- u -- y"", ""boundary_connectors"": ""feedback_u, feedback_y, gain_dir, gain_fb, integ_fb, limiter_y, u, y"", ""wired_to"": ""nothing"", ""note"": ""this connector belongs to the model itself, not to a component inside it: the model is an interface compiled on its own, so the node is open on one side. Nothing forces its flow, which is why a structural matching reports an unmatched unknown here. Not a defect in the model""}",/data/mrumoca/eval/results_v3/powergrids/runtime_free.jsonl
powergrids,runtime-v3,PowerGrids.Controls.PIWithNonWindupLimiter,0,network-boundary-port,low,True,hold-input-contract-validation,"{""node"": ""G -- feedback -- lim -- u -- y -- zero"", ""boundary_connectors"": ""G, feedback, lim, u, y, zero"", ""wired_to"": ""nothing"", ""note"": ""this connector belongs to the model itself, not to a component inside it: the model is an interface compiled on its own, so the node is open on one side. Nothing forces its flow, which is why a structural matching reports an unmatched unknown here. Not a defect in the model""}",/data/mrumoca/eval/results_v3/powergrids/runtime_free.jsonl
powergrids,runtime-v3,PowerGrids.Controls.IntegratorWithNonWindupLimiter,0,network-boundary-port,low,True,hold-input-contract-validation,"{""node"": ""I -- lim -- y"", ""boundary_connectors"": ""I, lim, y"", ""wired_to"": ""nothing"", ""note"": ""this connector belongs to the model itself, not to a component inside it: the model is an interface compiled on its own, so the node is open on one side. Nothing forces its flow, which is why a structural matching reports an unmatched unknown here. Not a defect in the model""}",/data/mrumoca/eval/results_v3/powergrids/runtime_free.jsonl
powergrids,runtime-v3,PowerGrids.Controls.Test.TestDeadBand,0,network-boundary-port,low,False,standalone-topology-not-defect-proof,"{""node"": ""deadBand -- inputSignal"", ""boundary_connectors"": ""deadBand, inputSignal"", ""wired_to"": ""nothing"", ""note"": ""this connector belongs to the model itself, not to a component inside it: the model is an interface compiled on its own, so the node is open on one side. Nothing forces its flow, which is why a structural matching reports an unmatched unknown here. Not a defect in the model""}",/data/mrumoca/eval/results_v3/powergrids/runtime_free.jsonl
powergrids,runtime-v3,PowerGrids.Controls.Test.TestDerivativeLag,0,network-boundary-port,low,False,standalone-topology-not-defect-proof,"{""node"": ""derivativeLag -- derivativeLag.feedback -- derivativeLag.gain -- derivativeLag.integrator -- derivativeLagNoDynamics -- derivativeLagNoDynamics.feedback -- derivativeLagNoDynamics.gain -- derivativeLagNoDynamics.zero -- step"", ""boundary_connectors"": ""derivativeLag, derivativeLagNoDynamics, step"", ""wired_to"": ""derivativeLag.feedback, derivativeLag.gain, derivativeLag.integrator, derivativeLagNoDynamics.feedback, derivativeLagNoDynamics.gain, derivativeLagNoDynamics.zero"", ""note"": ""this connector belongs to the model itself, not to a component inside it: the model is an interface compiled on its own, so the node is open on one side. Nothing forces its flow, which is why a structural matching reports an unmatched unknown here. Not a defect in the model""}",/data/mrumoca/eval/results_v3/powergrids/runtime_free.jsonl
powergrids,runtime-v3,PowerGrids.Controls.Test.TestDiscontinuousDeadBand,0,network-boundary-port,low,False,standalone-topology-not-defect-proof,"{""node"": ""discontinuousDeadBand -- inputSignal"", ""boundary_connectors"": ""discontinuousDeadBand, inputSignal"", ""wired_to"": ""nothing"", ""note"": ""this connector belongs to the model itself, not to a component inside it: the model is an interface compiled on its own, so the node is open on one side. Nothing forces its flow, which is why a structural matching reports an unmatched unknown here. Not a defect in the model""}",/data/mrumoca/eval/results_v3/powergrids/runtime_free.jsonl
powergrids,runtime-v3,PowerGrids.Electrical.Buses.Ground,0,network-port-unconnected,low,False,standalone-topology-not-defect-proof,"{""connector"": ""terminal.i"", ""component"": ""terminal"", ""component_class"": ""unknown"", ""flows_forced_to_zero"": ""terminal.i.re, terminal.i.im"", ""note"": ""nothing is connected to this port, so MLS \u00a79.2 forces its flow to zero. That is correct for a component compiled on its own and is not a defect; it is recorded because it is the commonest reason a model looks structurally singular""}",/data/mrumoca/eval/results_v3/powergrids/runtime_free.jsonl
powergrids,runtime-v3,PowerGrids.Electrical.Buses.Ground,1,network-component-isolated,low,False,standalone-topology-not-defect-proof,"{""component"": ""terminal"", ""component_class"": ""unknown"", ""ports"": ""terminal.i"", ""note"": ""every port of this instance is unconnected, so it exchanges nothing with the rest of the model while still contributing its equations""}",/data/mrumoca/eval/results_v3/powergrids/runtime_free.jsonl
powergrids,runtime-v3,PowerGrids.Controls.Test.TestLeadLag,0,network-boundary-port,low,False,standalone-topology-not-defect-proof,"{""node"": ""leadLag -- leadLag.feedback -- leadLag.firstOrder -- leadLag.gain -- leadLagNoDynamics -- leadLagNoDynamics.feedback -- leadLagNoDynamics.gain -- leadLagNoDynamics.zero -- step"", ""boundary_connectors"": ""leadLag, leadLagNoDynamics, step"", ""wired_to"": ""leadLag.feedback, leadLag.firstOrder, leadLag.gain, leadLagNoDynamics.feedback, leadLagNoDynamics.gain, leadLagNoDynamics.zero"", ""note"": ""this connector belongs to the model itself, not to a component inside it: the model is an interface compiled on its own, so the node is open on one side. Nothing forces its flow, which is why a structural matching reports an unmatched unknown here. Not a defect in the model""}",/data/mrumoca/eval/results_v3/powergrids/runtime_free.jsonl
powergrids,runtime-v3,PowerGrids.Electrical.Test.TestExciterRectifierRegulationCharacteristicIEEE,0,network-boundary-port,low,False,standalone-topology-not-defect-proof,"{""node"": ""exciterRectifierRegulationCharacteristicIEEE -- realExpression"", ""boundary_connectors"": ""exciterRectifierRegulationCharacteristicIEEE, realExpression"", ""wired_to"": ""nothing"", ""note"": ""this connector belongs to the model itself, not to a component inside it: the model is an interface compiled on its own, so the node is open on one side. Nothing forces its flow, which is why a structural matching reports an unmatched unknown here. Not a defect in the model""}",/data/mrumoca/eval/results_v3/powergrids/runtime_free.jsonl
powergrids,runtime-v3,PowerGrids.Electrical.Test.TestTapChangerLogicMax,0,extreme-magnitude,medium,False,source-sentinel-or-protection-not-defect-proof,"{""variable"": ""tValueAboveMaxWhileRunning"", ""value"": 1e+60, ""anchor_quality"": ""canonical""}",/data/mrumoca/eval/results_v3/powergrids/runtime_free.jsonl
powergrids,runtime-v3,PowerGrids.Electrical.Test.TestTapChangerLogicInterval,0,extreme-magnitude,medium,False,source-sentinel-or-protection-not-defect-proof,"{""variable"": ""tValueUnderMinWhileRunning"", ""value"": 1e+60, ""anchor_quality"": ""canonical""}",/data/mrumoca/eval/results_v3/powergrids/runtime_free.jsonl
powergrids,runtime-v3,PowerGrids.Controls.Test.TestLeadMOrderLag,0,network-boundary-port,low,False,standalone-topology-not-defect-proof,"{""node"": ""leadLag -- leadLag.leadLag -- leadLag.leadLag.feedback -- leadLag.leadLag.firstOrder -- leadLag.leadLag.gain -- mOrderLag -- mOrderLag.firstOrderCascade[10] -- mOrderLag.firstOrderCascade[10].firstOrder1 -- mOrderLag.firstOrderCascade[11] -- mOrderLag.firstOrderCascade[11].firstOrder1 -- mOrderLag.firstOrderCascade[12] -- mOrderLag.firstOrderCascade[12].firstOrder1 -- mOrderLag.firstOrderCascade[13] -- mOrderLag.firstOrderCascade[13].firstOrder1 -- mOrderLag.firstOrderCascade[14] -- mOrderLag.firstOrderCascade[14].firstOrder1 -- mOrderLag.firstOrderCascade[15] -- mOrderLag.firstOrderCascade[15].firstOrder1 -- mOrderLag.firstOrderCascade[16] -- mOrderLag.firstOrderCascade[16].firstOrder1 -- mOrderLag.firstOrderCascade[17] -- mOrderLag.firstOrderCascade[17].firstOrder1 -- mOrderLag.firstOrderCascade[18] -- mOrderLag.firstOrderCascade[18].firstOrder1 -- mOrderLag.firstOrderCascade[19] -- mOrderLag.firstOrderCascade[19].firstOrder1 -- mOrderLag.firstOrderCascade[1] -- mOrderLag.firstOrderCascade[1].firstOrder1 -- mOrderLag.firstOrderCascade[20] -- mOrderLag.firstOrderCascade[20].firstOrder1 -- mOrderLag.firstOrderCascade[21] -- mOrderLag.firstOrderCascade[21].firstOrder1 -- mOrderLag.firstOrderCascade[22] -- mOrderLag.firstOrderCascade[22].firstOrder1 -- mOrderLag.firstOrderCascade[23] -- mOrderLag.firstOrderCascade[23].firstOrder1 -- mOrderLag.firstOrderCascade[24] -- mOrderLag.firstOrderCascade[24].firstOrder1 -- mOrderLag.firstOrderCascade[25] -- mOrderLag.firstOrderCascade[25].firstOrder1 -- mOrderLag.firstOrderCascade[26] -- mOrderLag.firstOrderCascade[26].firstOrder1 -- mOrderLag.firstOrderCascade[27] -- mOrderLag.firstOrderCascade[27].firstOrder1 -- mOrderLag.firstOrderCascade[28] -- mOrderLag.firstOrderCascade[28].firstOrder1 -- mOrderLag.firstOrderCascade[29] -- mOrderLag.firstOrderCascade[29].firstOrder1 -- mOrderLag.firstOrderCascade[2] -- mOrderLag.firstOrderCascade[2].firstOrder1 -- mOrderLag.firstOrderCascade[30] -- mOrderLag.firstOrderCascade[30].firstOrder1 -- mOrderLag.firstOrderCascade[31] -- mOrderLag.firstOrderCascade[31].firstOrder1 -- mOrderLag.firstOrderCascade[32] -- mOrderLag.firstOrderCascade[32].firstOrder1 -- mOrderLag.firstOrderCascade[33] -- mOrderLag.firstOrderCascade[33].firstOrder1 -- mOrderLag.firstOrderCascade[34] -- mOrderLag.firstOrderCascade[34].firstOrder1 -- mOrderLag.firstOrderCascade[35] -- mOrderLag.firstOrderCascade[35].firstOrder1 -- mOrderLag.firstOrderCascade[36] -- mOrderLag.firstOrderCascade[36].firstOrder1 -- mOrderLag.firstOrderCascade[37] -- mOrderLag.firstOrderCascade[37].firstOrder1 -- mOrderLag.firstOrderCascade[38] -- mOrderLag.firstOrderCascade[38].firstOrder1 -- mOrderLag.firstOrderCascade[39] -- mOrderLag.firstOrderCascade[39].firstOrder1 -- mOrderLag.firstOrderCascade[3] -- mOrderLag.firstOrderCascade[3].firstOrder1 -- mOrderLag.firstOrderCascade[40] -- mOrderLag.firstOrderCascade[40].firstOrder1 -- mOrderLag.firstOrderCascade[41] -- mOrderLag.firstOrderCascade[41].firstOrder1 -- mOrderLag.firstOrderCascade[42] -- mOrderLag.firstOrderCascade[42].firstOrder1 -- mOrderLag.firstOrderCascade[43] -- mOrderLag.firstOrderCascade[43].firstOrder1 -- mOrderLag.firstOrderCascade[44] -- mOrderLag.firstOrderCascade[44].firstOrder1 -- mOrderLag.firstOrderCascade[45] -- mOrderLag.firstOrderCascade[45].firstOrder1 -- mOrderLag.firstOrderCascade[46] -- mOrderLag.firstOrderCascade[46].firstOrder1 -- mOrderLag.firstOrderCascade[47] -- mOrderLag.firstOrderCascade[47].firstOrder1 -- mOrderLag.firstOrderCascade[48] -- mOrderLag.firstOrderCascade[48].firstOrder1 -- mOrderLag.firstOrderCascade[49] -- mOrderLag.firstOrderCascade[49].firstOrder1 -- mOrderLag.firstOrderCascade[4] -- mOrderLag.firstOrderCascade[4].firstOrder1 -- mOrderLag.firstOrderCascade[50] -- mOrderLag.firstOrderCascade[50].firstOrder1 -- mOrderLag.firstOrderCascade[51] -- mOrderLag.firstOrderCascade[51].firstOrder1 -- mOrderLag.firstOrderCascade[52] -- mOrderLag.firstOrderCascade[52].firstOrder1 -- mOrderLag.firstOrderCascade[53] -- mOrderLag.firstOrderCascade[53].firstOrder1 -- mOrderLag.firstOrderCascade[54] -- mOrderLag.firstOrderCascade[54].firstOrder1 -- mOrderLag.firstOrderCascade[55] -- mOrderLag.firstOrderCascade[55].firstOrder1 -- mOrderLag.firstOrderCascade[56] -- mOrderLag.firstOrderCascade[56].firstOrder1 -- mOrderLag.firstOrderCascade[57] -- mOrderLag.firstOrderCascade[57].firstOrder1 -- mOrderLag.firstOrderCascade[58] -- mOrderLag.firstOrderCascade[58].firstOrder1 -- mOrderLag.firstOrderCascade[59] -- mOrderLag.firstOrderCascade[59].firstOrder1 -- mOrderLag.firstOrderCascade[5] -- mOrderLag.firstOrderCascade[5].firstOrder1 -- mOrderLag.firstOrderCascade[60] -- mOrderLag.firstOrderCascade[60].firstOrder1 -- mOrderLag.firstOrderCascade[61] -- mOrderLag.firstOrderCascade[61].firstOrder1 -- mOrderLag.firstOrderCascade[62] -- mOrderLag.firstOrderCascade[62].firstOrder1 -- mOrderLag.firstOrderCascade[63] -- mOrderLag.firstOrderCascade[63].firstOrder1 -- mOrderLag.firstOrderCascade[64] -- mOrderLag.firstOrderCascade[64].firstOrder1 -- mOrderLag.firstOrderCascade[65] -- mOrderLag.firstOrderCascade[65].firstOrder1 -- mOrderLag.firstOrderCascade[66] -- mOrderLag.firstOrderCascade[66].firstOrder1 -- mOrderLag.firstOrderCascade[67] -- mOrderLag.firstOrderCascade[67].firstOrder1 -- mOrderLag.firstOrderCascade[68] -- mOrderLag.firstOrderCascade[68].firstOrder1 -- mOrderLag.firstOrderCascade[69] -- mOrderLag.firstOrderCascade[69].firstOrder1 -- mOrderLag.firstOrderCascade[6] -- mOrderLag.firstOrderCascade[6].firstOrder1 -- mOrderLag.firstOrderCascade[70] -- mOrderLag.firstOrderCascade[70].firstOrder1 -- mOrderLag.firstOrderCascade[71] -- mOrderLag.firstOrderCascade[71].firstOrder1 -- mOrderLag.firstOrderCascade[72] -- mOrderLag.firstOrderCascade[72].firstOrder1 -- mOrderLag.firstOrderCascade[73] -- mOrderLag.firstOrderCascade[73].firstOrder1 -- mOrderLag.firstOrderCascade[74] -- mOrderLag.firstOrderCascade[74].firstOrder1 -- mOrderLag.firstOrderCascade[75] -- mOrderLag.firstOrderCascade[75].firstOrder1 -- mOrderLag.firstOrderCascade[76] -- mOrderLag.firstOrderCascade[76].firstOrder1 -- mOrderLag.firstOrderCascade[77] -- mOrderLag.firstOrderCascade[77].firstOrder1 -- mOrderLag.firstOrderCascade[78] -- mOrderLag.firstOrderCascade[78].firstOrder1 -- mOrderLag.firstOrderCascade[79] -- mOrderLag.firstOrderCascade[79].firstOrder1 -- mOrderLag.firstOrderCascade[7] -- mOrderLag.firstOrderCascade[7].firstOrder1 -- mOrderLag.firstOrderCascade[80] -- mOrderLag.firstOrderCascade[80].firstOrder1 -- mOrderLag.firstOrderCascade[81] -- mOrderLag.firstOrderCascade[81].firstOrder1 -- mOrderLag.firstOrderCascade[82] -- mOrderLag.firstOrderCascade[82].firstOrder1 -- mOrderLag.firstOrderCascade[83] -- mOrderLag.firstOrderCascade[83].firstOrder1 -- mOrderLag.firstOrderCascade[84] -- mOrderLag.firstOrderCascade[84].firstOrder1 -- mOrderLag.firstOrderCascade[85] -- mOrderLag.firstOrderCascade[85].firstOrder1 -- mOrderLag.firstOrderCascade[86] -- mOrderLag.firstOrderCascade[86].firstOrder1 -- mOrderLag.firstOrderCascade[87] -- mOrderLag.firstOrderCascade[87].firstOrder1 -- mOrderLag.firstOrderCascade[88] -- mOrderLag.firstOrderCascade[88].firstOrder1 -- mOrderLag.firstOrderCascade[89] -- mOrderLag.firstOrderCascade[89].firstOrder1 -- mOrderLag.firstOrderCascade[8] -- mOrderLag.firstOrderCascade[8].firstOrder1 -- mOrderLag.firstOrderCascade[90] -- mOrderLag.firstOrderCascade[90].firstOrder1 -- mOrderLag.firstOrderCascade[91] -- mOrderLag.firstOrderCascade[91].firstOrder1 -- mOrderLag.firstOrderCascade[92] -- mOrderLag.firstOrderCascade[92].firstOrder1 -- mOrderLag.firstOrderCascade[93] -- mOrderLag.firstOrderCascade[93].firstOrder1 -- mOrderLag.firstOrderCascade[94] -- mOrderLag.firstOrderCascade[94].firstOrder1 -- mOrderLag.firstOrderCascade[95] -- mOrderLag.firstOrderCascade[95].firstOrder1 -- mOrderLag.firstOrderCascade[96] -- mOrderLag.firstOrderCascade[96].firstOrder1 -- mOrderLag.firstOrderCascade[97] -- mOrderLag.firstOrderCascade[97].firstOrder1 -- mOrderLag.firstOrderCascade[98] -- mOrderLag.firstOrderCascade[98].firstOrder1 -- mOrderLag.firstOrderCascade[99] -- mOrderLag.firstOrderCascade[99].firstOrder1 -- mOrderLag.firstOrderCascade[9] -- mOrderLag.firstOrderCascade[9].firstOrder1 -- mOrderLag.leadLag -- mOrderLag.leadLag.feedback -- mOrderLag.leadLag.firstOrder -- mOrderLag.leadLag.gain -- step"", ""boundary_connectors"": ""leadLag, mOrderLag, step"", ""wired_to"": ""leadLag.leadLag, leadLag.leadLag.feedback, leadLag.leadLag.firstOrder, leadLag.leadLag.gain, mOrderLag.firstOrderCascade[10], mOrderLag.firstOrderCascade[10].firstOrder1, mOrderLag.firstOrderCascade[11], mOrderLag.firstOrderCascade[11].firstOrder1, mOrderLag.firstOrderCascade[12], mOrderLag.firstOrderCascade[12].firstOrder1, mOrderLag.firstOrderCascade[13], mOrderLag.firstOrderCascade[13].firstOrder1, mOrderLag.firstOrderCascade[14], mOrderLag.firstOrderCascade[14].firstOrder1, mOrderLag.firstOrderCascade[15], mOrderLag.firstOrderCascade[15].firstOrder1, mOrderLag.firstOrderCascade[16], mOrderLag.firstOrderCascade[16].firstOrder1, mOrderLag.firstOrderCascade[17], mOrderLag.firstOrderCascade[17].firstOrder1, mOrderLag.firstOrderCascade[18], mOrderLag.firstOrderCascade[18].firstOrder1, mOrderLag.firstOrderCascade[19], mOrderLag.firstOrderCascade[19].firstOrder1, mOrderLag.firstOrderCascade[1], mOrderLag.firstOrderCascade[1].firstOrder1, mOrderLag.firstOrderCascade[20], mOrderLag.firstOrderCascade[20].firstOrder1, mOrderLag.firstOrderCascade[21], mOrderLag.firstOrderCascade[21].firstOrder1, mOrderLag.firstOrderCascade[22], mOrderLag.firstOrderCascade[22].firstOrder1, mOrderLag.firstOrderCascade[23], mOrderLag.firstOrderCascade[23].firstOrder1, mOrderLag.firstOrderCascade[24], mOrderLag.firstOrderCascade[24].firstOrder1, mOrderLag.firstOrderCascade[25], mOrderLag.firstOrderCascade[25].firstOrder1, mOrderLag.firstOrderCascade[26], mOrderLag.firstOrderCascade[26].firstOrder1, mOrderLag.firstOrderCascade[27], mOrderLag.firstOrderCascade[27].firstOrder1, mOrderLag.firstOrderCascade[28], mOrderLag.firstOrderCascade[28].firstOrder1, mOrderLag.firstOrderCascade[29], mOrderLag.firstOrderCascade[29].firstOrder1, mOrderLag.firstOrderCascade[2], mOrderLag.firstOrderCascade[2].firstOrder1, mOrderLag.firstOrderCascade[30], mOrderLag.firstOrderCascade[30].firstOrder1, mOrderLag.firstOrderCascade[31], mOrderLag.firstOrderCascade[31].firstOrder1, mOrderLag.firstOrderCascade[32], mOrderLag.firstOrderCascade[32].firstOrder1, mOrderLag.firstOrderCascade[33], mOrderLag.firstOrderCascade[33].firstOrder1, mOrderLag.firstOrderCascade[34], mOrderLag.firstOrderCascade[34].firstOrder1, mOrderLag.firstOrderCascade[35], mOrderLag.firstOrderCascade[35].firstOrder1, mOrderLag.firstOrderCascade[36], mOrderLag.firstOrderCascade[36].firstOrder1, mOrderLag.firstOrderCascade[37], mOrderLag.firstOrderCascade[37].firstOrder1, mOrderLag.firstOrderCascade[38], mOrderLag.firstOrderCascade[38].firstOrder1, mOrderLag.firstOrderCascade[39], mOrderLag.firstOrderCascade[39].firstOrder1, mOrderLag.firstOrderCascade[3], mOrderLag.firstOrderCascade[3].firstOrder1, mOrderLag.firstOrderCascade[40], mOrderLag.firstOrderCascade[40].firstOrder1, mOrderLag.firstOrderCascade[41], mOrderLag.firstOrderCascade[41].firstOrder1, mOrderLag.firstOrderCascade[42], mOrderLag.firstOrderCascade[42].firstOrder1, mOrderLag.firstOrderCascade[43], mOrderLag.firstOrderCascade[43].firstOrder1, mOrderLag.firstOrderCascade[44], mOrderLag.firstOrderCascade[44].firstOrder1, mOrderLag.firstOrderCascade[45], mOrderLag.firstOrderCascade[45].firstOrder1, mOrderLag.firstOrderCascade[46], mOrderLag.firstOrderCascade[46].firstOrder1, mOrderLag.firstOrderCascade[47], mOrderLag.firstOrderCascade[47].firstOrder1, mOrderLag.firstOrderCascade[48], mOrderLag.firstOrderCascade[48].firstOrder1, mOrderLag.firstOrderCascade[49], mOrderLag.firstOrderCascade[49].firstOrder1, mOrderLag.firstOrderCascade[4], mOrderLag.firstOrderCascade[4].firstOrder1, mOrderLag.firstOrderCascade[50], mOrderLag.firstOrderCascade[50].firstOrder1, mOrderLag.firstOrderCascade[51], mOrderLag.firstOrderCascade[51].firstOrder1, mOrderLag.firstOrderCascade[52], mOrderLag.firstOrderCascade[52].firstOrder1, mOrderLag.firstOrderCascade[53], mOrderLag.firstOrderCascade[53].firstOrder1, mOrderLag.firstOrderCascade[54], mOrderLag.firstOrderCascade[54].firstOrder1, mOrderLag.firstOrderCascade[55], mOrderLag.firstOrderCascade[55].firstOrder1, mOrderLag.firstOrderCascade[56], mOrderLag.firstOrderCascade[56].firstOrder1, mOrderLag.firstOrderCascade[57], mOrderLag.firstOrderCascade[57].firstOrder1, mOrderLag.firstOrderCascade[58], mOrderLag.firstOrderCascade[58].firstOrder1, mOrderLag.firstOrderCascade[59], mOrderLag.firstOrderCascade[59].firstOrder1, mOrderLag.firstOrderCascade[5], mOrderLag.firstOrderCascade[5].firstOrder1, mOrderLag.firstOrderCascade[60], mOrderLag.firstOrderCascade[60].firstOrder1, mOrderLag.firstOrderCascade[61], mOrderLag.firstOrderCascade[61].firstOrder1, mOrderLag.firstOrderCascade[62], mOrderLag.firstOrderCascade[62].firstOrder1, mOrderLag.firstOrderCascade[63], mOrderLag.firstOrderCascade[63].firstOrder1, mOrderLag.firstOrderCascade[64], mOrderLag.firstOrderCascade[64].firstOrder1, mOrderLag.firstOrderCascade[65], mOrderLag.firstOrderCascade[65].firstOrder1, mOrderLag.firstOrderCascade[66], mOrderLag.firstOrderCascade[66].firstOrder1, mOrderLag.firstOrderCascade[67], mOrderLag.firstOrderCascade[67].firstOrder1, mOrderLag.firstOrderCascade[68], mOrderLag.firstOrderCascade[68].firstOrder1, mOrderLag.firstOrderCascade[69], mOrderLag.firstOrderCascade[69].firstOrder1, mOrderLag.firstOrderCascade[6], mOrderLag.firstOrderCascade[6].firstOrder1, mOrderLag.firstOrderCascade[70], mOrderLag.firstOrderCascade[70].firstOrder1, mOrderLag.firstOrderCascade[71], mOrderLag.firstOrderCascade[71].firstOrder1, mOrderLag.firstOrderCascade[72], mOrderLag.firstOrderCascade[72].firstOrder1, mOrderLag.firstOrderCascade[73], mOrderLag.firstOrderCascade[73].firstOrder1, mOrderLag.firstOrderCascade[74], mOrderLag.firstOrderCascade[74].firstOrder1, mOrderLag.firstOrderCascade[75], mOrderLag.firstOrderCascade[75].firstOrder1, mOrderLag.firstOrderCascade[76], mOrderLag.firstOrderCascade[76].firstOrder1, mOrderLag.firstOrderCascade[77], mOrderLag.firstOrderCascade[77].firstOrder1, mOrderLag.firstOrderCascade[78], mOrderLag.firstOrderCascade[78].firstOrder1, mOrderLag.firstOrderCascade[79], mOrderLag.firstOrderCascade[79].firstOrder1, mOrderLag.firstOrderCascade[7], mOrderLag.firstOrderCascade[7].firstOrder1, mOrderLag.firstOrderCascade[80], mOrderLag.firstOrderCascade[80].firstOrder1, mOrderLag.firstOrderCascade[81], mOrderLag.firstOrderCascade[81].firstOrder1, mOrderLag.firstOrderCascade[82], mOrderLag.firstOrderCascade[82].firstOrder1, mOrderLag.firstOrderCascade[83], mOrderLag.firstOrderCascade[83].firstOrder1, mOrderLag.firstOrderCascade[84], mOrderLag.firstOrderCascade[84].firstOrder1, mOrderLag.firstOrderCascade[85], mOrderLag.firstOrderCascade[85].firstOrder1, mOrderLag.firstOrderCascade[86], mOrderLag.firstOrderCascade[86].firstOrder1, mOrderLag.firstOrderCascade[87], mOrderLag.firstOrderCascade[87].firstOrder1, mOrderLag.firstOrderCascade[88], mOrderLag.firstOrderCascade[88].firstOrder1, mOrderLag.firstOrderCascade[89], mOrderLag.firstOrderCascade[89].firstOrder1, mOrderLag.firstOrderCascade[8], mOrderLag.firstOrderCascade[8].firstOrder1, mOrderLag.firstOrderCascade[90], mOrderLag.firstOrderCascade[90].firstOrder1, mOrderLag.firstOrderCascade[91], mOrderLag.firstOrderCascade[91].firstOrder1, mOrderLag.firstOrderCascade[92], mOrderLag.firstOrderCascade[92].firstOrder1, mOrderLag.firstOrderCascade[93], mOrderLag.firstOrderCascade[93].firstOrder1, mOrderLag.firstOrderCascade[94], mOrderLag.firstOrderCascade[94].firstOrder1, mOrderLag.firstOrderCascade[95], mOrderLag.firstOrderCascade[95].firstOrder1, mOrderLag.firstOrderCascade[96], mOrderLag.firstOrderCascade[96].firstOrder1, mOrderLag.firstOrderCascade[97], mOrderLag.firstOrderCascade[97].firstOrder1, mOrderLag.firstOrderCascade[98], mOrderLag.firstOrderCascade[98].firstOrder1, mOrderLag.firstOrderCascade[99], mOrderLag.firstOrderCascade[99].firstOrder1, mOrderLag.firstOrderCascade[9], mOrderLag.firstOrderCascade[9].firstOrder1, mOrderLag.leadLag, mOrderLag.leadLag.feedback, mOrderLag.leadLag.firstOrder, mOrderLag.leadLag.gain"", ""note"": ""this connector belongs to the model itself, not to a component inside it: the model is an interface compiled on its own, so the node is open on one side. Nothing forces its flow, which is why a structural matching reports an unmatched unknown here. Not a defect in the model""}",/data/mrumoca/eval/results_v3/powergrids/runtime_free.jsonl
powergrids,runtime-v3,PowerGrids.Controls.Test.TestRampTrackingFilter,0,network-boundary-port,low,False,standalone-topology-not-defect-proof,"{""node"": ""rampTrackingFilter1 -- rampTrackingFilter1.gain -- rampTrackingFilter1.leadMOrderLagCascade[10] -- rampTrackingFilter1.leadMOrderLagCascade[10].firstOrderCascade[1] -- rampTrackingFilter1.leadMOrderLagCascade[10].firstOrderCascade[1].firstOrder1 -- rampTrackingFilter1.leadMOrderLagCascade[10].leadLag -- rampTrackingFilter1.leadMOrderLagCascade[10].leadLag.feedback -- rampTrackingFilter1.leadMOrderLagCascade[10].leadLag.firstOrder -- rampTrackingFilter1.leadMOrderLagCascade[10].leadLag.gain -- rampTrackingFilter1.leadMOrderLagCascade[11] -- rampTrackingFilter1.leadMOrderLagCascade[11].firstOrderCascade[1] -- rampTrackingFilter1.leadMOrderLagCascade[11].firstOrderCascade[1].firstOrder1 -- rampTrackingFilter1.leadMOrderLagCascade[11].leadLag -- rampTrackingFilter1.leadMOrderLagCascade[11].leadLag.feedback -- rampTrackingFilter1.leadMOrderLagCascade[11].leadLag.firstOrder -- rampTrackingFilter1.leadMOrderLagCascade[11].leadLag.gain -- rampTrackingFilter1.leadMOrderLagCascade[12] -- rampTrackingFilter1.leadMOrderLagCascade[12].firstOrderCascade[1] -- rampTrackingFilter1.leadMOrderLagCascade[12].firstOrderCascade[1].firstOrder1 -- rampTrackingFilter1.leadMOrderLagCascade[12].leadLag -- rampTrackingFilter1.leadMOrderLagCascade[12].leadLag.feedback -- rampTrackingFilter1.leadMOrderLagCascade[12].leadLag.firstOrder -- rampTrackingFilter1.leadMOrderLagCascade[12].leadLag.gain -- rampTrackingFilter1.leadMOrderLagCascade[13] -- rampTrackingFilter1.leadMOrderLagCascade[13].firstOrderCascade[1] -- rampTrackingFilter1.leadMOrderLagCascade[13].firstOrderCascade[1].firstOrder1 -- rampTrackingFilter1.leadMOrderLagCascade[13].leadLag -- rampTrackingFilter1.leadMOrderLagCascade[13].leadLag.feedback -- rampTrackingFilter1.leadMOrderLagCascade[13].leadLag.firstOrder -- rampTrackingFilter1.leadMOrderLagCascade[13].leadLag.gain -- rampTrackingFilter1.leadMOrderLagCascade[14] -- rampTrackingFilter1.leadMOrderLagCascade[14].firstOrderCascade[1] -- rampTrackingFilter1.leadMOrderLagCascade[14].firstOrderCascade[1].firstOrder1 -- rampTrackingFilter1.leadMOrderLagCascade[14].leadLag -- rampTrackingFilter1.leadMOrderLagCascade[14].leadLag.feedback -- rampTrackingFilter1.leadMOrderLagCascade[14].leadLag.firstOrder -- rampTrackingFilter1.leadMOrderLagCascade[14].leadLag.gain -- rampTrackingFilter1.leadMOrderLagCascade[15] -- rampTrackingFilter1.leadMOrderLagCascade[15].firstOrderCascade[1] -- rampTrackingFilter1.leadMOrderLagCascade[15].firstOrderCascade[1].firstOrder1 -- rampTrackingFilter1.leadMOrderLagCascade[15].leadLag -- rampTrackingFilter1.leadMOrderLagCascade[15].leadLag.feedback -- rampTrackingFilter1.leadMOrderLagCascade[15].leadLag.firstOrder -- rampTrackingFilter1.leadMOrderLagCascade[15].leadLag.gain -- rampTrackingFilter1.leadMOrderLagCascade[16] -- rampTrackingFilter1.leadMOrderLagCascade[16].firstOrderCascade[1] -- rampTrackingFilter1.leadMOrderLagCascade[16].firstOrderCascade[1].firstOrder1 -- rampTrackingFilter1.leadMOrderLagCascade[16].leadLag -- rampTrackingFilter1.leadMOrderLagCascade[16].leadLag.feedback -- rampTrackingFilter1.leadMOrderLagCascade[16].leadLag.firstOrder -- rampTrackingFilter1.leadMOrderLagCascade[16].leadLag.gain -- rampTrackingFilter1.leadMOrderLagCascade[17] -- rampTrackingFilter1.leadMOrderLagCascade[17].firstOrderCascade[1] -- rampTrackingFilter1.leadMOrderLagCascade[17].firstOrderCascade[1].firstOrder1 -- rampTrackingFilter1.leadMOrderLagCascade[17].leadLag -- rampTrackingFilter1.leadMOrderLagCascade[17].leadLag.feedback -- rampTrackingFilter1.leadMOrderLagCascade[17].leadLag.firstOrder -- rampTrackingFilter1.leadMOrderLagCascade[17].leadLag.gain -- rampTrackingFilter1.leadMOrderLagCascade[18] -- rampTrackingFilter1.leadMOrderLagCascade[18].firstOrderCascade[1] -- rampTrackingFilter1.leadMOrderLagCascade[18].firstOrderCascade[1].firstOrder1 -- rampTrackingFilter1.leadMOrderLagCascade[18].leadLag -- rampTrackingFilter1.leadMOrderLagCascade[18].leadLag.feedback -- rampTrackingFilter1.leadMOrderLagCascade[18].leadLag.firstOrder -- rampTrackingFilter1.leadMOrderLagCascade[18].leadLag.gain -- rampTrackingFilter1.leadMOrderLagCascade[19] -- rampTrackingFilter1.leadMOrderLagCascade[19].firstOrderCascade[1] -- rampTrackingFilter1.leadMOrderLagCascade[19].firstOrderCascade[1].firstOrder1 -- rampTrackingFilter1.leadMOrderLagCascade[19].leadLag -- rampTrackingFilter1.leadMOrderLagCascade[19].leadLag.feedback -- rampTrackingFilter1.leadMOrderLagCascade[19].leadLag.firstOrder -- rampTrackingFilter1.leadMOrderLagCascade[19].leadLag.gain -- rampTrackingFilter1.leadMOrderLagCascade[1] -- rampTrackingFilter1.leadMOrderLagCascade[1].firstOrderCascade[1] -- rampTrackingFilter1.leadMOrderLagCascade[1].firstOrderCascade[1].firstOrder1 -- rampTrackingFilter1.leadMOrderLagCascade[1].leadLag -- rampTrackingFilter1.leadMOrderLagCascade[1].leadLag.feedback -- rampTrackingFilter1.leadMOrderLagCascade[1].leadLag.firstOrder -- rampTrackingFilter1.leadMOrderLagCascade[1].leadLag.gain -- rampTrackingFilter1.leadMOrderLagCascade[20] -- rampTrackingFilter1.leadMOrderLagCascade[20].firstOrderCascade[1] -- rampTrackingFilter1.leadMOrderLagCascade[20].firstOrderCascade[1].firstOrder1 -- rampTrackingFilter1.leadMOrderLagCascade[20].leadLag -- rampTrackingFilter1.leadMOrderLagCascade[20].leadLag.feedback -- rampTrackingFilter1.leadMOrderLagCascade[20].leadLag.firstOrder -- rampTrackingFilter1.leadMOrderLagCascade[20].leadLag.gain -- rampTrackingFilter1.leadMOrderLagCascade[21] -- rampTrackingFilter1.leadMOrderLagCascade[21].firstOrderCascade[1] -- rampTrackingFilter1.leadMOrderLagCascade[21].firstOrderCascade[1].firstOrder1 -- rampTrackingFilter1.leadMOrderLagCascade[21].leadLag -- rampTrackingFilter1.leadMOrderLagCascade[21].leadLag.feedback -- rampTrackingFilter1.leadMOrderLagCascade[21].leadLag.firstOrder -- rampTrackingFilter1.leadMOrderLagCascade[21].leadLag.gain -- rampTrackingFilter1.leadMOrderLagCascade[22] -- rampTrackingFilter1.leadMOrderLagCascade[22].firstOrderCascade[1] -- rampTrackingFilter1.leadMOrderLagCascade[22].firstOrderCascade[1].firstOrder1 -- rampTrackingFilter1.leadMOrderLagCascade[22].leadLag -- rampTrackingFilter1.leadMOrderLagCascade[22].leadLag.feedback -- rampTrackingFilter1.leadMOrderLagCascade[22].leadLag.firstOrder -- rampTrackingFilter1.leadMOrderLagCascade[22].leadLag.gain -- rampTrackingFilter1.leadMOrderLagCascade[23] -- rampTrackingFilter1.leadMOrderLagCascade[23].firstOrderCascade[1] -- rampTrackingFilter1.leadMOrderLagCascade[23].firstOrderCascade[1].firstOrder1 -- rampTrackingFilter1.leadMOrderLagCascade[23].leadLag -- rampTrackingFilter1.leadMOrderLagCascade[23].leadLag.feedback -- rampTrackingFilter1.leadMOrderLagCascade[23].leadLag.firstOrder -- rampTrackingFilter1.leadMOrderLagCascade[23].leadLag.gain -- rampTrackingFilter1.leadMOrderLagCascade[24] -- rampTrackingFilter1.leadMOrderLagCascade[24].firstOrderCascade[1] -- rampTrackingFilter1.leadMOrderLagCascade[24].firstOrderCascade[1].firstOrder1 -- rampTrackingFilter1.leadMOrderLagCascade[24].leadLag -- rampTrackingFilter1.leadMOrderLagCascade[24].leadLag.feedback -- rampTrackingFilter1.leadMOrderLagCascade[24].leadLag.firstOrder -- rampTrackingFilter1.leadMOrderLagCascade[24].leadLag.gain -- rampTrackingFilter1.leadMOrderLagCascade[25] -- rampTrackingFilter1.leadMOrderLagCascade[25].firstOrderCascade[1] -- rampTrackingFilter1.leadMOrderLagCascade[25].firstOrderCascade[1].firstOrder1 -- rampTrackingFilter1.leadMOrderLagCascade[25].leadLag -- rampTrackingFilter1.leadMOrderLagCascade[25].leadLag.feedback -- rampTrackingFilter1.leadMOrderLagCascade[25].leadLag.firstOrder -- rampTrackingFilter1.leadMOrderLagCascade[25].leadLag.gain -- rampTrackingFilter1.leadMOrderLagCascade[26] -- rampTrackingFilter1.leadMOrderLagCascade[26].firstOrderCascade[1] -- rampTrackingFilter1.leadMOrderLagCascade[26].firstOrderCascade[1].firstOrder1 -- rampTrackingFilter1.leadMOrderLagCascade[26].leadLag -- rampTrackingFilter1.leadMOrderLagCascade[26].leadLag.feedback -- rampTrackingFilter1.leadMOrderLagCascade[26].leadLag.firstOrder -- rampTrackingFilter1.leadMOrderLagCascade[26].leadLag.gain -- rampTrackingFilter1.leadMOrderLagCascade[27] -- rampTrackingFilter1.leadMOrderLagCascade[27].firstOrderCascade[1] -- rampTrackingFilter1.leadMOrderLagCascade[27].firstOrderCascade[1].firstOrder1 -- rampTrackingFilter1.leadMOrderLagCascade[27].leadLag -- rampTrackingFilter1.leadMOrderLagCascade[27].leadLag.feedback -- rampTrackingFilter1.leadMOrderLagCascade[27].leadLag.firstOrder -- rampTrackingFilter1.leadMOrderLagCascade[27].leadLag.gain -- rampTrackingFilter1.leadMOrderLagCascade[28] -- rampTrackingFilter1.leadMOrderLagCascade[28].firstOrderCascade[1] -- rampTrackingFilter1.leadMOrderLagCascade[28].firstOrderCascade[1].firstOrder1 -- rampTrackingFilter1.leadMOrderLagCascade[28].leadLag -- rampTrackingFilter1.leadMOrderLagCascade[28].leadLag.feedback -- rampTrackingFilter1.leadMOrderLagCascade[28].leadLag.firstOrder -- rampTrackingFilter1.leadMOrderLagCascade[28].leadLag.gain -- rampTrackingFilter1.leadMOrderLagCascade[29] -- rampTrackingFilter1.leadMOrderLagCascade[29].firstOrderCascade[1] -- rampTrackingFilter1.leadMOrderLagCascade[29].firstOrderCascade[1].firstOrder1 -- rampTrackingFilter1.leadMOrderLagCascade[29].leadLag -- rampTrackingFilter1.leadMOrderLagCascade[29].leadLag.feedback -- rampTrackingFilter1.leadMOrderLagCascade[29].leadLag.firstOrder -- rampTrackingFilter1.leadMOrderLagCascade[29].leadLag.gain -- rampTrackingFilter1.leadMOrderLagCascade[2] -- rampTrackingFilter1.leadMOrderLagCascade[2].firstOrderCascade[1] -- rampTrackingFilter1.leadMOrderLagCascade[2].firstOrderCascade[1].firstOrder1 -- rampTrackingFilter1.leadMOrderLagCascade[2].leadLag -- rampTrackingFilter1.leadMOrderLagCascade[2].leadLag.feedback -- rampTrackingFilter1.leadMOrderLagCascade[2].leadLag.firstOrder -- rampTrackingFilter1.leadMOrderLagCascade[2].leadLag.gain -- rampTrackingFilter1.leadMOrderLagCascade[30] -- rampTrackingFilter1.leadMOrderLagCascade[30].firstOrderCascade[1] -- rampTrackingFilter1.leadMOrderLagCascade[30].firstOrderCascade[1].firstOrder1 -- rampTrackingFilter1.leadMOrderLagCascade[30].leadLag -- rampTrackingFilter1.leadMOrderLagCascade[30].leadLag.feedback -- rampTrackingFilter1.leadMOrderLagCascade[30].leadLag.firstOrder -- rampTrackingFilter1.leadMOrderLagCascade[30].leadLag.gain -- rampTrackingFilter1.leadMOrderLagCascade[31] -- rampTrackingFilter1.leadMOrderLagCascade[31].firstOrderCascade[1] -- rampTrackingFilter1.leadMOrderLagCascade[31].firstOrderCascade[1].firstOrder1 -- rampTrackingFilter1.leadMOrderLagCascade[31].leadLag -- rampTrackingFilter1.leadMOrderLagCascade[31].leadLag.feedback -- rampTrackingFilter1.leadMOrderLagCascade[31].leadLag.firstOrder -- rampTrackingFilter1.leadMOrderLagCascade[31].leadLag.gain -- rampTrackingFilter1.leadMOrderLagCascade[32] -- rampTrackingFilter1.leadMOrderLagCascade[32].firstOrderCascade[1] -- rampTrackingFilter1.leadMOrderLagCascade[32].firstOrderCascade[1].firstOrder1 -- rampTrackingFilter1.leadMOrderLagCascade[32].leadLag -- rampTrackingFilter1.leadMOrderLagCascade[32].leadLag.feedback -- rampTrackingFilter1.leadMOrderLagCascade[32].leadLag.firstOrder -- rampTrackingFilter1.leadMOrderLagCascade[32].leadLag.gain -- rampTrackingFilter1.leadMOrderLagCascade[33] -- rampTrackingFilter1.leadMOrderLagCascade[33].firstOrderCascade[1] -- rampTrackingFilter1.leadMOrderLagCascade[33].firstOrderCascade[1].firstOrder1 -- rampTrackingFilter1.leadMOrderLagCascade[33].leadLag -- rampTrackingFilter1.leadMOrderLagCascade[33].leadLag.feedback -- rampTrackingFilter1.leadMOrderLagCascade[33].leadLag.firstOrder -- rampTrackingFilter1.leadMOrderLagCascade[33].leadLag.gain -- rampTrackingFilter1.leadMOrderLagCascade[34] -- rampTrackingFilter1.leadMOrderLagCascade[34].firstOrderCascade[1] -- rampTrackingFilter1.leadMOrderLagCascade[34].firstOrderCascade[1].firstOrder1 -- rampTrackingFilter1.leadMOrderLagCascade[34].leadLag -- rampTrackingFilter1.leadMOrderLagCascade[34].leadLag.feedback -- rampTrackingFilter1.leadMOrderLagCascade[34].leadLag.firstOrder -- rampTrackingFilter1.leadMOrderLagCascade[34].leadLag.gain -- rampTrackingFilter1.leadMOrderLagCascade[35] -- rampTrackingFilter1.leadMOrderLagCascade[35].firstOrderCascade[1] -- rampTrackingFilter1.leadMOrderLagCascade[35].firstOrderCascade[1].firstOrder1 -- rampTrackingFilter1.leadMOrderLagCascade[35].leadLag -- rampTrackingFilter1.leadMOrderLagCascade[35].leadLag.feedback -- rampTrackingFilter1.leadMOrderLagCascade[35].leadLag.firstOrder -- rampTrackingFilter1.leadMOrderLagCascade[35].leadLag.gain -- rampTrackingFilter1.leadMOrderLagCascade[36] -- rampTrackingFilter1.leadMOrderLagCascade[36].firstOrderCascade[1] -- rampTrackingFilter1.leadMOrderLagCascade[36].firstOrderCascade[1].firstOrder1 -- rampTrackingFilter1.leadMOrderLagCascade[36].leadLag -- rampTrackingFilter1.leadMOrderLagCascade[36].leadLag.feedback -- rampTrackingFilter1.leadMOrderLagCascade[36].leadLag.firstOrder -- rampTrackingFilter1.leadMOrderLagCascade[36].leadLag.gain -- rampTrackingFilter1.leadMOrderLagCascade[37] -- rampTrackingFilter1.leadMOrderLagCascade[37].firstOrderCascade[1] -- rampTrackingFilter1.leadMOrderLagCascade[37].firstOrderCascade[1].firstOrder1 -- rampTrackingFilter1.leadMOrderLagCascade[37].leadLag -- rampTrackingFilter1.leadMOrderLagCascade[37].leadLag.feedback -- rampTrackingFilter1.leadMOrderLagCascade[37].leadLag.firstOrder -- rampTrackingFilter1.leadMOrderLagCascade[37].leadLag.gain -- rampTrackingFilter1.leadMOrderLagCascade[38] -- rampTrackingFilter1.leadMOrderLagCascade[38].firstOrderCascade[1] -- rampTrackingFilter1.leadMOrderLagCascade[38].firstOrderCascade[1].firstOrder1 -- rampTrackingFilter1.leadMOrderLagCascade[38].leadLag -- rampTrackingFilter1.leadMOrderLagCascade[38].leadLag.feedback -- rampTrackingFilter1.leadMOrderLagCascade[38].leadLag.firstOrder -- rampTrackingFilter1.leadMOrderLagCascade[38].leadLag.gain -- rampTrackingFilter1.leadMOrderLagCascade[39] -- rampTrackingFilter1.leadMOrderLagCascade[39].firstOrderCascade[1] -- rampTrackingFilter1.leadMOrderLagCascade[39].firstOrderCascade[1].firstOrder1 -- rampTrackingFilter1.leadMOrderLagCascade[39].leadLag -- rampTrackingFilter1.leadMOrderLagCascade[39].leadLag.feedback -- rampTrackingFilter1.leadMOrderLagCascade[39].leadLag.firstOrder -- rampTrackingFilter1.leadMOrderLagCascade[39].leadLag.gain -- rampTrackingFilter1.leadMOrderLagCascade[3] -- rampTrackingFilter1.leadMOrderLagCascade[3].firstOrderCascade[1] -- rampTrackingFilter1.leadMOrderLagCascade[3].firstOrderCascade[1].firstOrder1 -- rampTrackingFilter1.leadMOrderLagCascade[3].leadLag -- rampTrackingFilter1.leadMOrderLagCascade[3].leadLag.feedback -- rampTrackingFilter1.leadMOrderLagCascade[3].leadLag.firstOrder -- rampTrackingFilter1.leadMOrderLagCascade[3].leadLag.gain -- rampTrackingFilter1.leadMOrderLagCascade[40] -- rampTrackingFilter1.leadMOrderLagCascade[40].firstOrderCascade[1] -- rampTrackingFilter1.leadMOrderLagCascade[40].firstOrderCascade[1].firstOrder1 -- rampTrackingFilter1.leadMOrderLagCascade[40].leadLag -- rampTrackingFilter1.leadMOrderLagCascade[40].leadLag.feedback -- rampTrackingFilter1.leadMOrderLagCascade[40].leadLag.firstOrder -- rampTrackingFilter1.leadMOrderLagCascade[40].leadLag.gain -- rampTrackingFilter1.leadMOrderLagCascade[41] -- rampTrackingFilter1.leadMOrderLagCascade[41].firstOrderCascade[1] -- rampTrackingFilter1.leadMOrderLagCascade[41].firstOrderCascade[1].firstOrder1 -- rampTrackingFilter1.leadMOrderLagCascade[41].leadLag -- rampTrackingFilter1.leadMOrderLagCascade[41].leadLag.feedback -- rampTrackingFilter1.leadMOrderLagCascade[41].leadLag.firstOrder -- rampTrackingFilter1.leadMOrderLagCascade[41].leadLag.gain -- rampTrackingFilter1.leadMOrderLagCascade[42] -- rampTrackingFilter1.leadMOrderLagCascade[42].firstOrderCascade[1] -- rampTrackingFilter1.leadMOrderLagCascade[42].firstOrderCascade[1].firstOrder1 -- rampTrackingFilter1.leadMOrderLagCascade[42].leadLag -- rampTrackingFilter1.leadMOrderLagCascade[42].leadLag.feedback -- rampTrackingFilter1.leadMOrderLagCascade[42].leadLag.firstOrder -- rampTrackingFilter1.leadMOrderLagCascade[42].leadLag.gain -- rampTrackingFilter1.leadMOrderLagCascade[43] -- rampTrackingFilter1.leadMOrderLagCascade[43].firstOrderCascade[1] -- rampTrackingFilter1.leadMOrderLagCascade[43].firstOrderCascade[1].firstOrder1 -- rampTrackingFilter1.leadMOrderLagCascade[43].leadLag -- rampTrackingFilter1.leadMOrderLagCascade[43].leadLag.feedback -- rampTrackingFilter1.leadMOrderLagCascade[43].leadLag.firstOrder -- rampTrackingFilter1.leadMOrderLagCascade[43].leadLag.gain -- rampTrackingFilter1.leadMOrderLagCascade[44] -- rampTrackingFilter1.leadMOrderLagCascade[44].firstOrderCascade[1] -- rampTrackingFilter1.leadMOrderLagCascade[44].firstOrderCascade[1].firstOrder1 -- rampTrackingFilter1.leadMOrderLagCascade[44].leadLag -- rampTrackingFilter1.leadMOrderLagCascade[44].leadLag.feedback -- rampTrackingFilter1.leadMOrderLagCascade[44].leadLag.firstOrder -- rampTrackingFilter1.leadMOrderLagCascade[44].leadLag.gain -- rampTrackingFilter1.leadMOrderLagCascade[45] -- rampTrackingFilter1.leadMOrderLagCascade[45].firstOrderCascade[1] -- rampTrackingFilter1.leadMOrderLagCascade[45].firstOrderCascade[1].firstOrder1 -- rampTrackingFilter1.leadMOrderLagCascade[45].leadLag -- rampTrackingFilter1.leadMOrderLagCascade[45].leadLag.feedback -- rampTrackingFilter1.leadMOrderLagCascade[45].leadLag.firstOrder -- rampTrackingFilter1.leadMOrderLagCascade[45].leadLag.gain -- rampTrackingFilter1.leadMOrderLagCascade[46] -- rampTrackingFilter1.leadMOrderLagCascade[46].firstOrderCascade[1] -- rampTrackingFilter1.leadMOrderLagCascade[46].firstOrderCascade[1].firstOrder1 -- rampTrackingFilter1.leadMOrderLagCascade[46].leadLag -- rampTrackingFilter1.leadMOrderLagCascade[46].leadLag.feedback -- rampTrackingFilter1.leadMOrderLagCascade[46].leadLag.firstOrder -- rampTrackingFilter1.leadMOrderLagCascade[46].leadLag.gain -- rampTrackingFilter1.leadMOrderLagCascade[47] -- rampTrackingFilter1.leadMOrderLagCascade[47].firstOrderCascade[1] -- rampTrackingFilter1.leadMOrderLagCascade[47].firstOrderCascade[1].firstOrder1 -- rampTrackingFilter1.leadMOrderLagCascade[47].leadLag -- rampTrackingFilter1.leadMOrderLagCascade[47].leadLag.feedback -- rampTrackingFilter1.leadMOrderLagCascade[47].leadLag.firstOrder -- rampTrackingFilter1.leadMOrderLagCascade[47].leadLag.gain -- rampTrackingFilter1.leadMOrderLagCascade[48] -- rampTrackingFilter1.leadMOrderLagCascade[48].firstOrderCascade[1] -- rampTrackingFilter1.leadMOrderLagCascade[48].firstOrderCascade[1].firstOrder1 -- rampTrackingFilter1.leadMOrderLagCascade[48].leadLag -- rampTrackingFilter1.leadMOrderLagCascade[48].leadLag.feedback -- rampTrackingFilter1.leadMOrderLagCascade[48].leadLag.firstOrder -- rampTrackingFilter1.leadMOrderLagCascade[48].leadLag.gain -- rampTrackingFilter1.leadMOrderLagCascade[49] -- rampTrackingFilter1.leadMOrderLagCascade[49].firstOrderCascade[1] -- rampTrackingFilter1.leadMOrderLagCascade[49].firstOrderCascade[1].firstOrder1 -- rampTrackingFilter1.leadMOrderLagCascade[49].leadLag -- rampTrackingFilter1.leadMOrderLagCascade[49].leadLag.feedback -- rampTrackingFilter1.leadMOrderLagCascade[49].leadLag.firstOrder -- rampTrackingFilter1.leadMOrderLagCascade[49].leadLag.gain -- rampTrackingFilter1.leadMOrderLagCascade[4] -- rampTrackingFilter1.leadMOrderLagCascade[4].firstOrderCascade[1] -- rampTrackingFilter1.leadMOrderLagCascade[4].firstOrderCascade[1].firstOrder1 -- rampTrackingFilter1.leadMOrderLagCascade[4].leadLag -- rampTrackingFilter1.leadMOrderLagCascade[4].leadLag.feedback -- rampTrackingFilter1.leadMOrderLagCascade[4].leadLag.firstOrder -- rampTrackingFilter1.leadMOrderLagCascade[4].leadLag.gain -- rampTrackingFilter1.leadMOrderLagCascade[50] -- rampTrackingFilter1.leadMOrderLagCascade[50].firstOrderCascade[1] -- rampTrackingFilter1.leadMOrderLagCascade[50].firstOrderCascade[1].firstOrder1 -- rampTrackingFilter1.leadMOrderLagCascade[50].leadLag -- rampTrackingFilter1.leadMOrderLagCascade[50].leadLag.feedback -- rampTrackingFilter1.leadMOrderLagCascade[50].leadLag.firstOrder -- rampTrackingFilter1.leadMOrderLagCascade[50].leadLag.gain -- rampTrackingFilter1.leadMOrderLagCascade[5] -- rampTrackingFilter1.leadMOrderLagCascade[5].firstOrderCascade[1] -- rampTrackingFilter1.leadMOrderLagCascade[5].firstOrderCascade[1].firstOrder1 -- rampTrackingFilter1.leadMOrderLagCascade[5].leadLag -- rampTrackingFilter1.leadMOrderLagCascade[5].leadLag.feedback -- rampTrackingFilter1.leadMOrderLagCascade[5].leadLag.firstOrder -- rampTrackingFilter1.leadMOrderLagCascade[5].leadLag.gain -- rampTrackingFilter1.leadMOrderLagCascade[6] -- rampTrackingFilter1.leadMOrderLagCascade[6].firstOrderCascade[1] -- rampTrackingFilter1.leadMOrderLagCascade[6].firstOrderCascade[1].firstOrder1 -- rampTrackingFilter1.leadMOrderLagCascade[6].leadLag -- rampTrackingFilter1.leadMOrderLagCascade[6].leadLag.feedback -- rampTrackingFilter1.leadMOrderLagCascade[6].leadLag.firstOrder -- rampTrackingFilter1.leadMOrderLagCascade[6].leadLag.gain -- rampTrackingFilter1.leadMOrderLagCascade[7] -- rampTrackingFilter1.leadMOrderLagCascade[7].firstOrderCascade[1] -- rampTrackingFilter1.leadMOrderLagCascade[7].firstOrderCascade[1].firstOrder1 -- rampTrackingFilter1.leadMOrderLagCascade[7].leadLag -- rampTrackingFilter1.leadMOrderLagCascade[7].leadLag.feedback -- rampTrackingFilter1.leadMOrderLagCascade[7].leadLag.firstOrder -- rampTrackingFilter1.leadMOrderLagCascade[7].leadLag.gain -- rampTrackingFilter1.leadMOrderLagCascade[8] -- rampTrackingFilter1.leadMOrderLagCascade[8].firstOrderCascade[1] -- rampTrackingFilter1.leadMOrderLagCascade[8].firstOrderCascade[1].firstOrder1 -- rampTrackingFilter1.leadMOrderLagCascade[8].leadLag -- rampTrackingFilter1.leadMOrderLagCascade[8].leadLag.feedback -- rampTrackingFilter1.leadMOrderLagCascade[8].leadLag.firstOrder -- rampTrackingFilter1.leadMOrderLagCascade[8].leadLag.gain -- rampTrackingFilter1.leadMOrderLagCascade[9] -- rampTrackingFilter1.leadMOrderLagCascade[9].firstOrderCascade[1] -- rampTrackingFilter1.leadMOrderLagCascade[9].firstOrderCascade[1].firstOrder1 -- rampTrackingFilter1.leadMOrderLagCascade[9].leadLag -- rampTrackingFilter1.leadMOrderLagCascade[9].leadLag.feedback -- rampTrackingFilter1.leadMOrderLagCascade[9].leadLag.firstOrder -- rampTrackingFilter1.leadMOrderLagCascade[9].leadLag.gain -- rampTrackingFilter2 -- rampTrackingFilter2.gain -- rampTrackingFilter2.leadMOrderLagCascade[1] -- rampTrackingFilter2.leadMOrderLagCascade[1].leadLag -- rampTrackingFilter2.leadMOrderLagCascade[1].leadLag.feedback -- rampTrackingFilter2.leadMOrderLagCascade[1].leadLag.firstOrder -- rampTrackingFilter2.leadMOrderLagCascade[1].leadLag.gain -- rampTrackingFilter3 -- rampTrackingFilter3.gain -- step"", ""boundary_connectors"": ""rampTrackingFilter1, rampTrackingFilter2, rampTrackingFilter3, step"", ""wired_to"": ""rampTrackingFilter1.gain, rampTrackingFilter1.leadMOrderLagCascade[10], rampTrackingFilter1.leadMOrderLagCascade[10].firstOrderCascade[1], rampTrackingFilter1.leadMOrderLagCascade[10].firstOrderCascade[1].firstOrder1, rampTrackingFilter1.leadMOrderLagCascade[10].leadLag, rampTrackingFilter1.leadMOrderLagCascade[10].leadLag.feedback, rampTrackingFilter1.leadMOrderLagCascade[10].leadLag.firstOrder, rampTrackingFilter1.leadMOrderLagCascade[10].leadLag.gain, rampTrackingFilter1.leadMOrderLagCascade[11], rampTrackingFilter1.leadMOrderLagCascade[11].firstOrderCascade[1], rampTrackingFilter1.leadMOrderLagCascade[11].firstOrderCascade[1].firstOrder1, rampTrackingFilter1.leadMOrderLagCascade[11].leadLag, rampTrackingFilter1.leadMOrderLagCascade[11].leadLag.feedback, rampTrackingFilter1.leadMOrderLagCascade[11].leadLag.firstOrder, rampTrackingFilter1.leadMOrderLagCascade[11].leadLag.gain, rampTrackingFilter1.leadMOrderLagCascade[12], rampTrackingFilter1.leadMOrderLagCascade[12].firstOrderCascade[1], rampTrackingFilter1.leadMOrderLagCascade[12].firstOrderCascade[1].firstOrder1, rampTrackingFilter1.leadMOrderLagCascade[12].leadLag, rampTrackingFilter1.leadMOrderLagCascade[12].leadLag.feedback, rampTrackingFilter1.leadMOrderLagCascade[12].leadLag.firstOrder, rampTrackingFilter1.leadMOrderLagCascade[12].leadLag.gain, rampTrackingFilter1.leadMOrderLagCascade[13], rampTrackingFilter1.leadMOrderLagCascade[13].firstOrderCascade[1], rampTrackingFilter1.leadMOrderLagCascade[13].firstOrderCascade[1].firstOrder1, rampTrackingFilter1.leadMOrderLagCascade[13].leadLag, rampTrackingFilter1.leadMOrderLagCascade[13].leadLag.feedback, rampTrackingFilter1.leadMOrderLagCascade[13].leadLag.firstOrder, rampTrackingFilter1.leadMOrderLagCascade[13].leadLag.gain, rampTrackingFilter1.leadMOrderLagCascade[14], rampTrackingFilter1.leadMOrderLagCascade[14].firstOrderCascade[1], rampTrackingFilter1.leadMOrderLagCascade[14].firstOrderCascade[1].firstOrder1, rampTrackingFilter1.leadMOrderLagCascade[14].leadLag, rampTrackingFilter1.leadMOrderLagCascade[14].leadLag.feedback, rampTrackingFilter1.leadMOrderLagCascade[14].leadLag.firstOrder, rampTrackingFilter1.leadMOrderLagCascade[14].leadLag.gain, rampTrackingFilter1.leadMOrderLagCascade[15], rampTrackingFilter1.leadMOrderLagCascade[15].firstOrderCascade[1], rampTrackingFilter1.leadMOrderLagCascade[15].firstOrderCascade[1].firstOrder1, rampTrackingFilter1.leadMOrderLagCascade[15].leadLag, rampTrackingFilter1.leadMOrderLagCascade[15].leadLag.feedback, rampTrackingFilter1.leadMOrderLagCascade[15].leadLag.firstOrder, rampTrackingFilter1.leadMOrderLagCascade[15].leadLag.gain, rampTrackingFilter1.leadMOrderLagCascade[16], rampTrackingFilter1.leadMOrderLagCascade[16].firstOrderCascade[1], rampTrackingFilter1.leadMOrderLagCascade[16].firstOrderCascade[1].firstOrder1, rampTrackingFilter1.leadMOrderLagCascade[16].leadLag, rampTrackingFilter1.leadMOrderLagCascade[16].leadLag.feedback, rampTrackingFilter1.leadMOrderLagCascade[16].leadLag.firstOrder, rampTrackingFilter1.leadMOrderLagCascade[16].leadLag.gain, rampTrackingFilter1.leadMOrderLagCascade[17], rampTrackingFilter1.leadMOrderLagCascade[17].firstOrderCascade[1], rampTrackingFilter1.leadMOrderLagCascade[17].firstOrderCascade[1].firstOrder1, rampTrackingFilter1.leadMOrderLagCascade[17].leadLag, rampTrackingFilter1.leadMOrderLagCascade[17].leadLag.feedback, rampTrackingFilter1.leadMOrderLagCascade[17].leadLag.firstOrder, rampTrackingFilter1.leadMOrderLagCascade[17].leadLag.gain, rampTrackingFilter1.leadMOrderLagCascade[18], rampTrackingFilter1.leadMOrderLagCascade[18].firstOrderCascade[1], rampTrackingFilter1.leadMOrderLagCascade[18].firstOrderCascade[1].firstOrder1, rampTrackingFilter1.leadMOrderLagCascade[18].leadLag, rampTrackingFilter1.leadMOrderLagCascade[18].leadLag.feedback, rampTrackingFilter1.leadMOrderLagCascade[18].leadLag.firstOrder, rampTrackingFilter1.leadMOrderLagCascade[18].leadLag.gain, rampTrackingFilter1.leadMOrderLagCascade[19], rampTrackingFilter1.leadMOrderLagCascade[19].firstOrderCascade[1], rampTrackingFilter1.leadMOrderLagCascade[19].firstOrderCascade[1].firstOrder1, rampTrackingFilter1.leadMOrderLagCascade[19].leadLag, rampTrackingFilter1.leadMOrderLagCascade[19].leadLag.feedback, rampTrackingFilter1.leadMOrderLagCascade[19].leadLag.firstOrder, rampTrackingFilter1.leadMOrderLagCascade[19].leadLag.gain, rampTrackingFilter1.leadMOrderLagCascade[1], rampTrackingFilter1.leadMOrderLagCascade[1].firstOrderCascade[1], rampTrackingFilter1.leadMOrderLagCascade[1].firstOrderCascade[1].firstOrder1, rampTrackingFilter1.leadMOrderLagCascade[1].leadLag, rampTrackingFilter1.leadMOrderLagCascade[1].leadLag.feedback, rampTrackingFilter1.leadMOrderLagCascade[1].leadLag.firstOrder, rampTrackingFilter1.leadMOrderLagCascade[1].leadLag.gain, rampTrackingFilter1.leadMOrderLagCascade[20], rampTrackingFilter1.leadMOrderLagCascade[20].firstOrderCascade[1], rampTrackingFilter1.leadMOrderLagCascade[20].firstOrderCascade[1].firstOrder1, rampTrackingFilter1.leadMOrderLagCascade[20].leadLag, rampTrackingFilter1.leadMOrderLagCascade[20].leadLag.feedback, rampTrackingFilter1.leadMOrderLagCascade[20].leadLag.firstOrder, rampTrackingFilter1.leadMOrderLagCascade[20].leadLag.gain, rampTrackingFilter1.leadMOrderLagCascade[21], rampTrackingFilter1.leadMOrderLagCascade[21].firstOrderCascade[1], rampTrackingFilter1.leadMOrderLagCascade[21].firstOrderCascade[1].firstOrder1, rampTrackingFilter1.leadMOrderLagCascade[21].leadLag, rampTrackingFilter1.leadMOrderLagCascade[21].leadLag.feedback, rampTrackingFilter1.leadMOrderLagCascade[21].leadLag.firstOrder, rampTrackingFilter1.leadMOrderLagCascade[21].leadLag.gain, rampTrackingFilter1.leadMOrderLagCascade[22], rampTrackingFilter1.leadMOrderLagCascade[22].firstOrderCascade[1], rampTrackingFilter1.leadMOrderLagCascade[22].firstOrderCascade[1].firstOrder1, rampTrackingFilter1.leadMOrderLagCascade[22].leadLag, rampTrackingFilter1.leadMOrderLagCascade[22].leadLag.feedback, rampTrackingFilter1.leadMOrderLagCascade[22].leadLag.firstOrder, rampTrackingFilter1.leadMOrderLagCascade[22].leadLag.gain, rampTrackingFilter1.leadMOrderLagCascade[23], rampTrackingFilter1.leadMOrderLagCascade[23].firstOrderCascade[1], rampTrackingFilter1.leadMOrderLagCascade[23].firstOrderCascade[1].firstOrder1, rampTrackingFilter1.leadMOrderLagCascade[23].leadLag, rampTrackingFilter1.leadMOrderLagCascade[23].leadLag.feedback, rampTrackingFilter1.leadMOrderLagCascade[23].leadLag.firstOrder, rampTrackingFilter1.leadMOrderLagCascade[23].leadLag.gain, rampTrackingFilter1.leadMOrderLagCascade[24], rampTrackingFilter1.leadMOrderLagCascade[24].firstOrderCascade[1], rampTrackingFilter1.leadMOrderLagCascade[24].firstOrderCascade[1].firstOrder1, rampTrackingFilter1.leadMOrderLagCascade[24].leadLag, rampTrackingFilter1.leadMOrderLagCascade[24].leadLag.feedback, rampTrackingFilter1.leadMOrderLagCascade[24].leadLag.firstOrder, rampTrackingFilter1.leadMOrderLagCascade[24].leadLag.gain, rampTrackingFilter1.leadMOrderLagCascade[25], rampTrackingFilter1.leadMOrderLagCascade[25].firstOrderCascade[1], rampTrackingFilter1.leadMOrderLagCascade[25].firstOrderCascade[1].firstOrder1, rampTrackingFilter1.leadMOrderLagCascade[25].leadLag, rampTrackingFilter1.leadMOrderLagCascade[25].leadLag.feedback, rampTrackingFilter1.leadMOrderLagCascade[25].leadLag.firstOrder, rampTrackingFilter1.leadMOrderLagCascade[25].leadLag.gain, rampTrackingFilter1.leadMOrderLagCascade[26], rampTrackingFilter1.leadMOrderLagCascade[26].firstOrderCascade[1], rampTrackingFilter1.leadMOrderLagCascade[26].firstOrderCascade[1].firstOrder1, rampTrackingFilter1.leadMOrderLagCascade[26].leadLag, rampTrackingFilter1.leadMOrderLagCascade[26].leadLag.feedback, rampTrackingFilter1.leadMOrderLagCascade[26].leadLag.firstOrder, rampTrackingFilter1.leadMOrderLagCascade[26].leadLag.gain, rampTrackingFilter1.leadMOrderLagCascade[27], rampTrackingFilter1.leadMOrderLagCascade[27].firstOrderCascade[1], rampTrackingFilter1.leadMOrderLagCascade[27].firstOrderCascade[1].firstOrder1, rampTrackingFilter1.leadMOrderLagCascade[27].leadLag, rampTrackingFilter1.leadMOrderLagCascade[27].leadLag.feedback, rampTrackingFilter1.leadMOrderLagCascade[27].leadLag.firstOrder, rampTrackingFilter1.leadMOrderLagCascade[27].leadLag.gain, rampTrackingFilter1.leadMOrderLagCascade[28], rampTrackingFilter1.leadMOrderLagCascade[28].firstOrderCascade[1], rampTrackingFilter1.leadMOrderLagCascade[28].firstOrderCascade[1].firstOrder1, rampTrackingFilter1.leadMOrderLagCascade[28].leadLag, rampTrackingFilter1.leadMOrderLagCascade[28].leadLag.feedback, rampTrackingFilter1.leadMOrderLagCascade[28].leadLag.firstOrder, rampTrackingFilter1.leadMOrderLagCascade[28].leadLag.gain, rampTrackingFilter1.leadMOrderLagCascade[29], rampTrackingFilter1.leadMOrderLagCascade[29].firstOrderCascade[1], rampTrackingFilter1.leadMOrderLagCascade[29].firstOrderCascade[1].firstOrder1, rampTrackingFilter1.leadMOrderLagCascade[29].leadLag, rampTrackingFilter1.leadMOrderLagCascade[29].leadLag.feedback, rampTrackingFilter1.leadMOrderLagCascade[29].leadLag.firstOrder, rampTrackingFilter1.leadMOrderLagCascade[29].leadLag.gain, rampTrackingFilter1.leadMOrderLagCascade[2], rampTrackingFilter1.leadMOrderLagCascade[2].firstOrderCascade[1], rampTrackingFilter1.leadMOrderLagCascade[2].firstOrderCascade[1].firstOrder1, rampTrackingFilter1.leadMOrderLagCascade[2].leadLag, rampTrackingFilter1.leadMOrderLagCascade[2].leadLag.feedback, rampTrackingFilter1.leadMOrderLagCascade[2].leadLag.firstOrder, rampTrackingFilter1.leadMOrderLagCascade[2].leadLag.gain, rampTrackingFilter1.leadMOrderLagCascade[30], rampTrackingFilter1.leadMOrderLagCascade[30].firstOrderCascade[1], rampTrackingFilter1.leadMOrderLagCascade[30].firstOrderCascade[1].firstOrder1, rampTrackingFilter1.leadMOrderLagCascade[30].leadLag, rampTrackingFilter1.leadMOrderLagCascade[30].leadLag.feedback, rampTrackingFilter1.leadMOrderLagCascade[30].leadLag.firstOrder, rampTrackingFilter1.leadMOrderLagCascade[30].leadLag.gain, rampTrackingFilter1.leadMOrderLagCascade[31], rampTrackingFilter1.leadMOrderLagCascade[31].firstOrderCascade[1], rampTrackingFilter1.leadMOrderLagCascade[31].firstOrderCascade[1].firstOrder1, rampTrackingFilter1.leadMOrderLagCascade[31].leadLag, rampTrackingFilter1.leadMOrderLagCascade[31].leadLag.feedback, rampTrackingFilter1.leadMOrderLagCascade[31].leadLag.firstOrder, rampTrackingFilter1.leadMOrderLagCascade[31].leadLag.gain, rampTrackingFilter1.leadMOrderLagCascade[32], rampTrackingFilter1.leadMOrderLagCascade[32].firstOrderCascade[1], rampTrackingFilter1.leadMOrderLagCascade[32].firstOrderCascade[1].firstOrder1, rampTrackingFilter1.leadMOrderLagCascade[32].leadLag, rampTrackingFilter1.leadMOrderLagCascade[32].leadLag.feedback, rampTrackingFilter1.leadMOrderLagCascade[32].leadLag.firstOrder, rampTrackingFilter1.leadMOrderLagCascade[32].leadLag.gain, rampTrackingFilter1.leadMOrderLagCascade[33], rampTrackingFilter1.leadMOrderLagCascade[33].firstOrderCascade[1], rampTrackingFilter1.leadMOrderLagCascade[33].firstOrderCascade[1].firstOrder1, rampTrackingFilter1.leadMOrderLagCascade[33].leadLag, rampTrackingFilter1.leadMOrderLagCascade[33].leadLag.feedback, rampTrackingFilter1.leadMOrderLagCascade[33].leadLag.firstOrder, rampTrackingFilter1.leadMOrderLagCascade[33].leadLag.gain, rampTrackingFilter1.leadMOrderLagCascade[34], rampTrackingFilter1.leadMOrderLagCascade[34].firstOrderCascade[1], rampTrackingFilter1.leadMOrderLagCascade[34].firstOrderCascade[1].firstOrder1, rampTrackingFilter1.leadMOrderLagCascade[34].leadLag, rampTrackingFilter1.leadMOrderLagCascade[34].leadLag.feedback, rampTrackingFilter1.leadMOrderLagCascade[34].leadLag.firstOrder, rampTrackingFilter1.leadMOrderLagCascade[34].leadLag.gain, rampTrackingFilter1.leadMOrderLagCascade[35], rampTrackingFilter1.leadMOrderLagCascade[35].firstOrderCascade[1], rampTrackingFilter1.leadMOrderLagCascade[35].firstOrderCascade[1].firstOrder1, rampTrackingFilter1.leadMOrderLagCascade[35].leadLag, rampTrackingFilter1.leadMOrderLagCascade[35].leadLag.feedback, rampTrackingFilter1.leadMOrderLagCascade[35].leadLag.firstOrder, rampTrackingFilter1.leadMOrderLagCascade[35].leadLag.gain, rampTrackingFilter1.leadMOrderLagCascade[36], rampTrackingFilter1.leadMOrderLagCascade[36].firstOrderCascade[1], rampTrackingFilter1.leadMOrderLagCascade[36].firstOrderCascade[1].firstOrder1, rampTrackingFilter1.leadMOrderLagCascade[36].leadLag, rampTrackingFilter1.leadMOrderLagCascade[36].leadLag.feedback, rampTrackingFilter1.leadMOrderLagCascade[36].leadLag.firstOrder, rampTrackingFilter1.leadMOrderLagCascade[36].leadLag.gain, rampTrackingFilter1.leadMOrderLagCascade[37], rampTrackingFilter1.leadMOrderLagCascade[37].firstOrderCascade[1], rampTrackingFilter1.leadMOrderLagCascade[37].firstOrderCascade[1].firstOrder1, rampTrackingFilter1.leadMOrderLagCascade[37].leadLag, rampTrackingFilter1.leadMOrderLagCascade[37].leadLag.feedback, rampTrackingFilter1.leadMOrderLagCascade[37].leadLag.firstOrder, rampTrackingFilter1.leadMOrderLagCascade[37].leadLag.gain, rampTrackingFilter1.leadMOrderLagCascade[38], rampTrackingFilter1.leadMOrderLagCascade[38].firstOrderCascade[1], rampTrackingFilter1.leadMOrderLagCascade[38].firstOrderCascade[1].firstOrder1, rampTrackingFilter1.leadMOrderLagCascade[38].leadLag, rampTrackingFilter1.leadMOrderLagCascade[38].leadLag.feedback, rampTrackingFilter1.leadMOrderLagCascade[38].leadLag.firstOrder, rampTrackingFilter1.leadMOrderLagCascade[38].leadLag.gain, rampTrackingFilter1.leadMOrderLagCascade[39], rampTrackingFilter1.leadMOrderLagCascade[39].firstOrderCascade[1], rampTrackingFilter1.leadMOrderLagCascade[39].firstOrderCascade[1].firstOrder1, rampTrackingFilter1.leadMOrderLagCascade[39].leadLag, rampTrackingFilter1.leadMOrderLagCascade[39].leadLag.feedback, rampTrackingFilter1.leadMOrderLagCascade[39].leadLag.firstOrder, rampTrackingFilter1.leadMOrderLagCascade[39].leadLag.gain, rampTrackingFilter1.leadMOrderLagCascade[3], rampTrackingFilter1.leadMOrderLagCascade[3].firstOrderCascade[1], rampTrackingFilter1.leadMOrderLagCascade[3].firstOrderCascade[1].firstOrder1, rampTrackingFilter1.leadMOrderLagCascade[3].leadLag, rampTrackingFilter1.leadMOrderLagCascade[3].leadLag.feedback, rampTrackingFilter1.leadMOrderLagCascade[3].leadLag.firstOrder, rampTrackingFilter1.leadMOrderLagCascade[3].leadLag.gain, rampTrackingFilter1.leadMOrderLagCascade[40], rampTrackingFilter1.leadMOrderLagCascade[40].firstOrderCascade[1], rampTrackingFilter1.leadMOrderLagCascade[40].firstOrderCascade[1].firstOrder1, rampTrackingFilter1.leadMOrderLagCascade[40].leadLag, rampTrackingFilter1.leadMOrderLagCascade[40].leadLag.feedback, rampTrackingFilter1.leadMOrderLagCascade[40].leadLag.firstOrder, rampTrackingFilter1.leadMOrderLagCascade[40].leadLag.gain, rampTrackingFilter1.leadMOrderLagCascade[41], rampTrackingFilter1.leadMOrderLagCascade[41].firstOrderCascade[1], rampTrackingFilter1.leadMOrderLagCascade[41].firstOrderCascade[1].firstOrder1, rampTrackingFilter1.leadMOrderLagCascade[41].leadLag, rampTrackingFilter1.leadMOrderLagCascade[41].leadLag.feedback, rampTrackingFilter1.leadMOrderLagCascade[41].leadLag.firstOrder, rampTrackingFilter1.leadMOrderLagCascade[41].leadLag.gain, rampTrackingFilter1.leadMOrderLagCascade[42], rampTrackingFilter1.leadMOrderLagCascade[42].firstOrderCascade[1], rampTrackingFilter1.leadMOrderLagCascade[42].firstOrderCascade[1].firstOrder1, rampTrackingFilter1.leadMOrderLagCascade[42].leadLag, rampTrackingFilter1.leadMOrderLagCascade[42].leadLag.feedback, rampTrackingFilter1.leadMOrderLagCascade[42].leadLag.firstOrder, rampTrackingFilter1.leadMOrderLagCascade[42].leadLag.gain, rampTrackingFilter1.leadMOrderLagCascade[43], rampTrackingFilter1.leadMOrderLagCascade[43].firstOrderCascade[1], rampTrackingFilter1.leadMOrderLagCascade[43].firstOrderCascade[1].firstOrder1, rampTrackingFilter1.leadMOrderLagCascade[43].leadLag, rampTrackingFilter1.leadMOrderLagCascade[43].leadLag.feedback, rampTrackingFilter1.leadMOrderLagCascade[43].leadLag.firstOrder, rampTrackingFilter1.leadMOrderLagCascade[43].leadLag.gain, rampTrackingFilter1.leadMOrderLagCascade[44], rampTrackingFilter1.leadMOrderLagCascade[44].firstOrderCascade[1], rampTrackingFilter1.leadMOrderLagCascade[44].firstOrderCascade[1].firstOrder1, rampTrackingFilter1.leadMOrderLagCascade[44].leadLag, rampTrackingFilter1.leadMOrderLagCascade[44].leadLag.feedback, rampTrackingFilter1.leadMOrderLagCascade[44].leadLag.firstOrder, rampTrackingFilter1.leadMOrderLagCascade[44].leadLag.gain, rampTrackingFilter1.leadMOrderLagCascade[45], rampTrackingFilter1.leadMOrderLagCascade[45].firstOrderCascade[1], rampTrackingFilter1.leadMOrderLagCascade[45].firstOrderCascade[1].firstOrder1, rampTrackingFilter1.leadMOrderLagCascade[45].leadLag, rampTrackingFilter1.leadMOrderLagCascade[45].leadLag.feedback, rampTrackingFilter1.leadMOrderLagCascade[45].leadLag.firstOrder, rampTrackingFilter1.leadMOrderLagCascade[45].leadLag.gain, rampTrackingFilter1.leadMOrderLagCascade[46], rampTrackingFilter1.leadMOrderLagCascade[46].firstOrderCascade[1], rampTrackingFilter1.leadMOrderLagCascade[46].firstOrderCascade[1].firstOrder1, rampTrackingFilter1.leadMOrderLagCascade[46].leadLag, rampTrackingFilter1.leadMOrderLagCascade[46].leadLag.feedback, rampTrackingFilter1.leadMOrderLagCascade[46].leadLag.firstOrder, rampTrackingFilter1.leadMOrderLagCascade[46].leadLag.gain, rampTrackingFilter1.leadMOrderLagCascade[47], rampTrackingFilter1.leadMOrderLagCascade[47].firstOrderCascade[1], rampTrackingFilter1.leadMOrderLagCascade[47].firstOrderCascade[1].firstOrder1, rampTrackingFilter1.leadMOrderLagCascade[47].leadLag, rampTrackingFilter1.leadMOrderLagCascade[47].leadLag.feedback, rampTrackingFilter1.leadMOrderLagCascade[47].leadLag.firstOrder, rampTrackingFilter1.leadMOrderLagCascade[47].leadLag.gain, rampTrackingFilter1.leadMOrderLagCascade[48], rampTrackingFilter1.leadMOrderLagCascade[48].firstOrderCascade[1], rampTrackingFilter1.leadMOrderLagCascade[48].firstOrderCascade[1].firstOrder1, rampTrackingFilter1.leadMOrderLagCascade[48].leadLag, rampTrackingFilter1.leadMOrderLagCascade[48].leadLag.feedback, rampTrackingFilter1.leadMOrderLagCascade[48].leadLag.firstOrder, rampTrackingFilter1.leadMOrderLagCascade[48].leadLag.gain, rampTrackingFilter1.leadMOrderLagCascade[49], rampTrackingFilter1.leadMOrderLagCascade[49].firstOrderCascade[1], rampTrackingFilter1.leadMOrderLagCascade[49].firstOrderCascade[1].firstOrder1, rampTrackingFilter1.leadMOrderLagCascade[49].leadLag, rampTrackingFilter1.leadMOrderLagCascade[49].leadLag.feedback, rampTrackingFilter1.leadMOrderLagCascade[49].leadLag.firstOrder, rampTrackingFilter1.leadMOrderLagCascade[49].leadLag.gain, rampTrackingFilter1.leadMOrderLagCascade[4], rampTrackingFilter1.leadMOrderLagCascade[4].firstOrderCascade[1], rampTrackingFilter1.leadMOrderLagCascade[4].firstOrderCascade[1].firstOrder1, rampTrackingFilter1.leadMOrderLagCascade[4].leadLag, rampTrackingFilter1.leadMOrderLagCascade[4].leadLag.feedback, rampTrackingFilter1.leadMOrderLagCascade[4].leadLag.firstOrder, rampTrackingFilter1.leadMOrderLagCascade[4].leadLag.gain, rampTrackingFilter1.leadMOrderLagCascade[50], rampTrackingFilter1.leadMOrderLagCascade[50].firstOrderCascade[1], rampTrackingFilter1.leadMOrderLagCascade[50].firstOrderCascade[1].firstOrder1, rampTrackingFilter1.leadMOrderLagCascade[50].leadLag, rampTrackingFilter1.leadMOrderLagCascade[50].leadLag.feedback, rampTrackingFilter1.leadMOrderLagCascade[50].leadLag.firstOrder, rampTrackingFilter1.leadMOrderLagCascade[50].leadLag.gain, rampTrackingFilter1.leadMOrderLagCascade[5], rampTrackingFilter1.leadMOrderLagCascade[5].firstOrderCascade[1], rampTrackingFilter1.leadMOrderLagCascade[5].firstOrderCascade[1].firstOrder1, rampTrackingFilter1.leadMOrderLagCascade[5].leadLag, rampTrackingFilter1.leadMOrderLagCascade[5].leadLag.feedback, rampTrackingFilter1.leadMOrderLagCascade[5].leadLag.firstOrder, rampTrackingFilter1.leadMOrderLagCascade[5].leadLag.gain, rampTrackingFilter1.leadMOrderLagCascade[6], rampTrackingFilter1.leadMOrderLagCascade[6].firstOrderCascade[1], rampTrackingFilter1.leadMOrderLagCascade[6].firstOrderCascade[1].firstOrder1, rampTrackingFilter1.leadMOrderLagCascade[6].leadLag, rampTrackingFilter1.leadMOrderLagCascade[6].leadLag.feedback, rampTrackingFilter1.leadMOrderLagCascade[6].leadLag.firstOrder, rampTrackingFilter1.leadMOrderLagCascade[6].leadLag.gain, rampTrackingFilter1.leadMOrderLagCascade[7], rampTrackingFilter1.leadMOrderLagCascade[7].firstOrderCascade[1], rampTrackingFilter1.leadMOrderLagCascade[7].firstOrderCascade[1].firstOrder1, rampTrackingFilter1.leadMOrderLagCascade[7].leadLag, rampTrackingFilter1.leadMOrderLagCascade[7].leadLag.feedback, rampTrackingFilter1.leadMOrderLagCascade[7].leadLag.firstOrder, rampTrackingFilter1.leadMOrderLagCascade[7].leadLag.gain, rampTrackingFilter1.leadMOrderLagCascade[8], rampTrackingFilter1.leadMOrderLagCascade[8].firstOrderCascade[1], rampTrackingFilter1.leadMOrderLagCascade[8].firstOrderCascade[1].firstOrder1, rampTrackingFilter1.leadMOrderLagCascade[8].leadLag, rampTrackingFilter1.leadMOrderLagCascade[8].leadLag.feedback, rampTrackingFilter1.leadMOrderLagCascade[8].leadLag.firstOrder, rampTrackingFilter1.leadMOrderLagCascade[8].leadLag.gain, rampTrackingFilter1.leadMOrderLagCascade[9], rampTrackingFilter1.leadMOrderLagCascade[9].firstOrderCascade[1], rampTrackingFilter1.leadMOrderLagCascade[9].firstOrderCascade[1].firstOrder1, rampTrackingFilter1.leadMOrderLagCascade[9].leadLag, rampTrackingFilter1.leadMOrderLagCascade[9].leadLag.feedback, rampTrackingFilter1.leadMOrderLagCascade[9].leadLag.firstOrder, rampTrackingFilter1.leadMOrderLagCascade[9].leadLag.gain, rampTrackingFilter2.gain, rampTrackingFilter2.leadMOrderLagCascade[1], rampTrackingFilter2.leadMOrderLagCascade[1].leadLag, rampTrackingFilter2.leadMOrderLagCascade[1].leadLag.feedback, rampTrackingFilter2.leadMOrderLagCascade[1].leadLag.firstOrder, rampTrackingFilter2.leadMOrderLagCascade[1].leadLag.gain, rampTrackingFilter3.gain"", ""note"": ""this connector belongs to the model itself, not to a component inside it: the model is an interface compiled on its own, so the node is open on one side. Nothing forces its flow, which is why a structural matching reports an unmatched unknown here. Not a defect in the model""}",/data/mrumoca/eval/results_v3/powergrids/runtime_free.jsonl
