library,phase,model,ordinal,kind,severity,held_inputs,route,evidence,source
openipsl,runtime-v3,OpenIPSL.Electrical.Banks.PwCapacitorBank,0,network-port-unconnected,low,False,execution-not-completed,"{""connector"": ""p"", ""component"": ""<top level>"", ""component_class"": ""unknown"", ""flows_forced_to_zero"": ""p.ir, p.ii"", ""note"": ""nothing is connected to this port, so MLS \u00a79.2 forces its flow to zero. That is correct for a component compiled on its own and is not a defect; it is recorded because it is the commonest reason a model looks structurally singular""}",/data/mrumoca/eval/results_v3/openipsl/runtime_free.jsonl
openipsl,runtime-v3,OpenIPSL.Electrical.Banks.PwCapacitorBank,1,network-component-isolated,low,False,execution-not-completed,"{""component"": ""<top level>"", ""component_class"": ""unknown"", ""ports"": ""p"", ""note"": ""every port of this instance is unconnected, so it exchanges nothing with the rest of the model while still contributing its equations""}",/data/mrumoca/eval/results_v3/openipsl/runtime_free.jsonl
openipsl,runtime-v3,OpenIPSL.Electrical.Banks.PwCapacitorBank,2,division-out-of-domain,high,False,execution-not-completed,"{""operation"": ""division"", ""requirement"": ""nonzero"", ""operand_value"": 0.0, ""coordinates"": ""internal-evaluation"", ""run_completed"": false, ""claim"": ""native operation domain violation; not a source-model verdict""}",/data/mrumoca/eval/results_v3/openipsl/runtime_free.jsonl
openipsl,runtime-v3,OpenIPSL.Electrical.Banks.PwCapacitorBank,3,division-out-of-domain,high,False,execution-not-completed,"{""operation"": ""division"", ""requirement"": ""nonzero"", ""operand_value"": 0.0, ""coordinates"": ""internal-evaluation"", ""run_completed"": false, ""claim"": ""native operation domain violation; not a source-model verdict""}",/data/mrumoca/eval/results_v3/openipsl/runtime_free.jsonl
openipsl,runtime-v3,OpenIPSL.Electrical.Banks.PwCapacitorBank,4,network-observation-incomplete,info,False,execution-not-completed,"{""reason"": ""missing or unsynchronized connector member observations"", ""note"": ""coverage gap, not a model defect""}",/data/mrumoca/eval/results_v3/openipsl/runtime_free.jsonl
openipsl,runtime-v3,OpenIPSL.Electrical.Banks.PwCapacitorBank,5,simulation-failure,high,False,execution-not-completed,"{""failure_kind"": ""non-finite-value"", ""reason"": ""braic projection did not establish coordinate \u001b[31m\u2502\u001b[0m convergence: worst scaled residual row=1 target=p.vi value=NaN ratio=NaN \u001b[31m\u2502\u001b[0m norm=inf row_scale=1.000000e0 scaled_tolerance=1.000000e-10"", ""raw"": ""reading /tmp/tmpsifd27z9/traced.rbc (bitcode v2, cbor) Simulating OpenIPSL.Electrical.Banks.PwCapacitorBank to t=1 with 4 trace point(s)... \u001b[31m\u001b[0m simulation failed: algebraic projection did not establish coordinate \u001b[31m\u2502\u001b[0m convergence: worst scaled residual row=1 target=p.vi value=NaN ratio=NaN \u001b[31m\u2502\u001b[0m norm=inf row_scale=1.000000e0 scaled_tolerance=1.000000e-10"", ""tool_side"": false}",/data/mrumoca/eval/results_v3/openipsl/runtime_free.jsonl
openipsl,runtime-v3,OpenIPSL.Electrical.Banks.Simulink.Shunt,0,network-port-unconnected,low,False,execution-not-completed,"{""connector"": ""p"", ""component"": ""<top level>"", ""component_class"": ""unknown"", ""flows_forced_to_zero"": ""p.ir, p.ii"", ""note"": ""nothing is connected to this port, so MLS \u00a79.2 forces its flow to zero. That is correct for a component compiled on its own and is not a defect; it is recorded because it is the commonest reason a model looks structurally singular""}",/data/mrumoca/eval/results_v3/openipsl/runtime_free.jsonl
openipsl,runtime-v3,OpenIPSL.Electrical.Banks.Simulink.Shunt,1,network-component-isolated,low,False,execution-not-completed,"{""component"": ""<top level>"", ""component_class"": ""unknown"", ""ports"": ""p"", ""note"": ""every port of this instance is unconnected, so it exchanges nothing with the rest of the model while still contributing its equations""}",/data/mrumoca/eval/results_v3/openipsl/runtime_free.jsonl
openipsl,runtime-v3,OpenIPSL.Electrical.Banks.Simulink.Shunt,2,network-observation-incomplete,info,False,execution-not-completed,"{""reason"": ""missing or unsynchronized connector member observations"", ""note"": ""coverage gap, not a model defect""}",/data/mrumoca/eval/results_v3/openipsl/runtime_free.jsonl
openipsl,runtime-v3,OpenIPSL.Electrical.Banks.Simulink.Shunt,3,initialization-failure,high,False,execution-not-completed,"{""failure_kind"": ""unknown"", ""reason"": ""itcode v2, cbor) Simulating OpenIPSL.Electrical.Banks.Simulink.Shunt to t=1 with 6 trace point(s)... \u001b[31m\u001b[0m simulation failed: parameter `Qnom` has neither a binding nor an initial \u001b[31m\u2502\u001b[0m value"", ""raw"": ""reading /tmp/tmpy3qshq5l/traced.rbc (bitcode v2, cbor) Simulating OpenIPSL.Electrical.Banks.Simulink.Shunt to t=1 with 6 trace point(s)... \u001b[31m\u001b[0m simulation failed: parameter `Qnom` has neither a binding nor an initial \u001b[31m\u2502\u001b[0m value"", ""tool_side"": false}",/data/mrumoca/eval/results_v3/openipsl/runtime_free.jsonl
openipsl,runtime-v3,OpenIPSL.Electrical.Banks.PwShunt,0,network-port-unconnected,low,True,execution-not-completed,"{""connector"": ""p"", ""component"": ""<top level>"", ""component_class"": ""unknown"", ""flows_forced_to_zero"": ""p.ir, p.ii"", ""note"": ""nothing is connected to this port, so MLS \u00a79.2 forces its flow to zero. That is correct for a component compiled on its own and is not a defect; it is recorded because it is the commonest reason a model looks structurally singular""}",/data/mrumoca/eval/results_v3/openipsl/runtime_free.jsonl
openipsl,runtime-v3,OpenIPSL.Electrical.Banks.PwShunt,1,network-component-isolated,low,True,execution-not-completed,"{""component"": ""<top level>"", ""component_class"": ""unknown"", ""ports"": ""p"", ""note"": ""every port of this instance is unconnected, so it exchanges nothing with the rest of the model while still contributing its equations""}",/data/mrumoca/eval/results_v3/openipsl/runtime_free.jsonl
openipsl,runtime-v3,OpenIPSL.Electrical.Banks.PwShunt,2,division-out-of-domain,high,True,execution-not-completed,"{""operation"": ""division"", ""requirement"": ""nonzero"", ""operand_value"": 0.0, ""coordinates"": ""internal-evaluation"", ""run_completed"": false, ""claim"": ""native operation domain violation; not a source-model verdict""}",/data/mrumoca/eval/results_v3/openipsl/runtime_free.jsonl
openipsl,runtime-v3,OpenIPSL.Electrical.Banks.PwShunt,3,network-observation-incomplete,info,True,execution-not-completed,"{""reason"": ""missing or unsynchronized connector member observations"", ""note"": ""coverage gap, not a model defect""}",/data/mrumoca/eval/results_v3/openipsl/runtime_free.jsonl
openipsl,runtime-v3,OpenIPSL.Electrical.Banks.PwShunt,4,simulation-failure,high,True,execution-not-completed,"{""failure_kind"": ""non-finite-value"", ""reason"": ""lgebraic projection did not establish coordinate \u001b[31m\u2502\u001b[0m convergence: worst scaled residual row=4 target=v value=NaN ratio=NaN \u001b[31m\u2502\u001b[0m norm=inf row_scale=1.000000e0 scaled_tolerance=1.000000e-10"", ""raw"": ""reading /tmp/tmpg_23k1h_/traced.rbc (bitcode v2, cbor) holding 1 free input(s) constant at their start values: Q=0 Simulating OpenIPSL.Electrical.Banks.PwShunt to t=1 with 11 trace point(s)... \u001b[31m\u001b[0m simulation failed: algebraic projection did not establish coordinate \u001b[31m\u2502\u001b[0m convergence: worst scaled residual row=4 target=v value=NaN ratio=NaN \u001b[31m\u2502\u001b[0m norm=inf row_scale=1.000000e0 scaled"", ""tool_side"": false}",/data/mrumoca/eval/results_v3/openipsl/runtime_free.jsonl
openipsl,runtime-v3,OpenIPSL.Electrical.Branches.PSAT.ULTC_VoltageControl,0,network-port-unconnected,low,False,execution-not-completed,"{""connector"": ""p"", ""component"": ""<top level>"", ""component_class"": ""unknown"", ""flows_forced_to_zero"": ""p.ir, p.ii"", ""note"": ""nothing is connected to this port, so MLS \u00a79.2 forces its flow to zero. That is correct for a component compiled on its own and is not a defect; it is recorded because it is the commonest reason a model looks structurally singular""}",/data/mrumoca/eval/results_v3/openipsl/runtime_free.jsonl
openipsl,runtime-v3,OpenIPSL.Electrical.Branches.PSAT.ULTC_VoltageControl,1,network-port-unconnected,low,False,execution-not-completed,"{""connector"": ""n"", ""component"": ""<top level>"", ""component_class"": ""unknown"", ""flows_forced_to_zero"": ""n.ir, n.ii"", ""note"": ""nothing is connected to this port, so MLS \u00a79.2 forces its flow to zero. That is correct for a component compiled on its own and is not a defect; it is recorded because it is the commonest reason a model looks structurally singular""}",/data/mrumoca/eval/results_v3/openipsl/runtime_free.jsonl
openipsl,runtime-v3,OpenIPSL.Electrical.Branches.PSAT.ULTC_VoltageControl,2,network-component-isolated,low,False,execution-not-completed,"{""component"": ""<top level>"", ""component_class"": ""unknown"", ""ports"": ""p, n"", ""note"": ""every port of this instance is unconnected, so it exchanges nothing with the rest of the model while still contributing its equations""}",/data/mrumoca/eval/results_v3/openipsl/runtime_free.jsonl
openipsl,runtime-v3,OpenIPSL.Electrical.Branches.PSAT.ULTC_VoltageControl,3,physical-zero-is-a-supported-limit,low,False,execution-not-completed,"{""domain"": ""electrical"", ""rule"": ""elec.resistance.positive"", ""rule_origin"": ""a passive resistor dissipates energy; R <= 0 would make it a source, and R = 0 removes the equation that determines its current"", ""rule_reference"": ""MSL Electrical.Analog.Basic.Resistor"", ""matched_by"": {""quantity"": ""Resistance"", ""unit"": ""Ohm"", ""confidence"": ""QUANTITY_AND_UNIT"", ""premise_state"": ""unknown"", ""authority"": ""quantity_or_unit"", ""canonical_declaration"": ""OpenIPSL.Electrical.Branches.PSAT.ULTC_VoltageControl.Zn""}, ""required"": ""Zn > 0"", ""declared_min"": null, ""variable_role"": ""parameter"", ""premise_state"": ""refuted"", ""authority"": ""component_contract"", ""contract"": ""OpenIPSL.Electrical.Branches.PSAT.ULTC_VoltageControl.Zn: feature_disabled (proven, from equation) \u2014 the parameter appears only as a multiplier, so at zero the term it scales drops out and the rest of the model is unaffected"", ""contract_behavior"": ""feature_disabled"", ""contract_confidence"": ""proven"", ""contract_source"": ""equation"", ""note"": ""the positivity rule does not apply: this component documents zero as a meaningful limit, so reporting a missing bound would contradict its contract""}",/data/mrumoca/eval/results_v3/openipsl/runtime_free.jsonl
openipsl,runtime-v3,OpenIPSL.Electrical.Branches.PSAT.ULTC_VoltageControl,4,physical-domain-unenforced,medium,False,execution-not-completed,"{""domain"": ""electrical"", ""rule"": ""elec.resistance.positive"", ""rule_origin"": ""a passive resistor dissipates energy; R <= 0 would make it a source, and R = 0 removes the equation that determines its current"", ""rule_reference"": ""MSL Electrical.Analog.Basic.Resistor"", ""matched_by"": {""quantity"": ""Resistance"", ""unit"": ""Ohm"", ""confidence"": ""QUANTITY_AND_UNIT"", ""premise_state"": ""unknown"", ""authority"": ""quantity_or_unit"", ""canonical_declaration"": ""OpenIPSL.Electrical.Branches.PSAT.ULTC_VoltageControl.Zb""}, ""required"": ""Zb > 0"", ""declared_min"": null, ""variable_role"": ""parameter"", ""premise_state"": ""established"", ""authority"": ""source_arithmetic"", ""canonical_declaration"": ""OpenIPSL.Electrical.Branches.PSAT.ULTC_VoltageControl.Zb"", ""contract_source"": ""equation"", ""premise_reason"": ""a source equation divides by this parameter, so the value is excluded by arithmetic rather than by intent"", ""note"": ""nothing bounds this declaration, so it permits values the component's own contract forbids""}",/data/mrumoca/eval/results_v3/openipsl/runtime_free.jsonl
openipsl,runtime-v3,OpenIPSL.Electrical.Branches.PSAT.ULTC_VoltageControl,5,network-observation-incomplete,info,False,execution-not-completed,"{""reason"": ""missing or unsynchronized connector member observations"", ""note"": ""coverage gap, not a model defect""}",/data/mrumoca/eval/results_v3/openipsl/runtime_free.jsonl
openipsl,runtime-v3,OpenIPSL.Electrical.Branches.PSAT.ULTC_VoltageControl,6,simulation-failure,high,False,execution-not-completed,"{""failure_kind"": ""unknown"", ""reason"": ""rivative reads: DAE system is not computable: cannot \u001b[31m\u2502\u001b[0m substitute derivative definition for m[0]: DAE system is not computable: \u001b[31m\u2502\u001b[0m matched derivative is not an isolated affine product"", ""raw"": ""reading /tmp/tmpahzsjvo9/traced.rbc (bitcode v2, cbor) Simulating OpenIPSL.Electrical.Branches.PSAT.ULTC_VoltageControl to t=1 with 13 trace point(s)... \u001b[31m\u001b[0m simulation failed: DAE system is not computable: continuous algebraic row 4 \u001b[31m\u2502\u001b[0m cannot resolve its derivative reads: DAE system is not computable: cannot \u001b[31m\u2502\u001b[0m substitute derivative definition for m[0]: DAE system is not comp"", ""tool_side"": false}",/data/mrumoca/eval/results_v3/openipsl/runtime_free.jsonl
openipsl,runtime-v3,OpenIPSL.Electrical.Banks.PwCapacitorBankWithModification,0,network-port-unconnected,low,False,execution-not-completed,"{""connector"": ""p"", ""component"": ""<top level>"", ""component_class"": ""unknown"", ""flows_forced_to_zero"": ""p.ir, p.ii"", ""note"": ""nothing is connected to this port, so MLS \u00a79.2 forces its flow to zero. That is correct for a component compiled on its own and is not a defect; it is recorded because it is the commonest reason a model looks structurally singular""}",/data/mrumoca/eval/results_v3/openipsl/runtime_free.jsonl
openipsl,runtime-v3,OpenIPSL.Electrical.Banks.PwCapacitorBankWithModification,1,network-component-isolated,low,False,execution-not-completed,"{""component"": ""<top level>"", ""component_class"": ""unknown"", ""ports"": ""p"", ""note"": ""every port of this instance is unconnected, so it exchanges nothing with the rest of the model while still contributing its equations""}",/data/mrumoca/eval/results_v3/openipsl/runtime_free.jsonl
openipsl,runtime-v3,OpenIPSL.Electrical.Banks.PwCapacitorBankWithModification,2,network-observation-incomplete,info,False,execution-not-completed,"{""reason"": ""missing or unsynchronized connector member observations"", ""note"": ""coverage gap, not a model defect""}",/data/mrumoca/eval/results_v3/openipsl/runtime_free.jsonl
openipsl,runtime-v3,OpenIPSL.Electrical.Banks.PwCapacitorBankWithModification,3,initialization-failure,high,False,execution-not-completed,"{""failure_kind"": ""unknown"", ""reason"": "") Simulating OpenIPSL.Electrical.Banks.PwCapacitorBankWithModification to t=1 with 7 trace point(s)... \u001b[31m\u001b[0m simulation failed: parameter `Go` has neither a binding nor an initial \u001b[31m\u2502\u001b[0m value"", ""raw"": ""reading /tmp/tmps2j2i9zu/traced.rbc (bitcode v2, cbor) Simulating OpenIPSL.Electrical.Banks.PwCapacitorBankWithModification to t=1 with 7 trace point(s)... \u001b[31m\u001b[0m simulation failed: parameter `Go` has neither a binding nor an initial \u001b[31m\u2502\u001b[0m value"", ""tool_side"": false}",/data/mrumoca/eval/results_v3/openipsl/runtime_free.jsonl
openipsl,runtime-v3,OpenIPSL.Electrical.Banks.PSSE.SVC,0,network-boundary-port,low,False,execution-not-completed,"{""node"": ""VIB -- absoluteVoltage.p -- shunt.p"", ""boundary_connectors"": ""VIB"", ""wired_to"": ""absoluteVoltage.p, shunt.p"", ""note"": ""this connector belongs to the model itself, not to a component inside it: the model is an interface compiled on its own, so the node is open on one side. Nothing forces its flow, which is why a structural matching reports an unmatched unknown here. Not a defect in the model""}",/data/mrumoca/eval/results_v3/openipsl/runtime_free.jsonl
openipsl,runtime-v3,OpenIPSL.Electrical.Banks.PSSE.SVC,1,network-boundary-port,low,False,execution-not-completed,"{""node"": ""Q_Reactors -- Q_capacitors -- absoluteVoltage -- add -- add3_1 -- imGain -- imLeadLag -- imLeadLag.TF -- imLeadLag1 -- imLeadLag1.TF -- imLimited -- imLimitedSimpleLag -- imRelay -- imRelay.greaterThreshold -- imRelay.lessThreshold -- imRelay.switch_u3 -- imRelay.switch_u4 -- imSetPoint -- imSetPoint1 -- imSetPoint2 -- shunt"", ""boundary_connectors"": ""Q_Reactors, Q_capacitors, absoluteVoltage, add, add3_1, imGain, imLeadLag, imLeadLag1, imLimited, imLimitedSimpleLag, imRelay, imSetPoint, imSetPoint1, imSetPoint2, shunt"", ""wired_to"": ""imLeadLag.TF, imLeadLag1.TF, imRelay.greaterThreshold, imRelay.lessThreshold, imRelay.switch_u3, imRelay.switch_u4"", ""note"": ""this connector belongs to the model itself, not to a component inside it: the model is an interface compiled on its own, so the node is open on one side. Nothing forces its flow, which is why a structural matching reports an unmatched unknown here. Not a defect in the model""}",/data/mrumoca/eval/results_v3/openipsl/runtime_free.jsonl
openipsl,runtime-v3,OpenIPSL.Electrical.Banks.PSSE.SVC,2,network-observation-incomplete,info,False,execution-not-completed,"{""reason"": ""missing or unsynchronized connector member observations"", ""note"": ""coverage gap, not a model defect""}",/data/mrumoca/eval/results_v3/openipsl/runtime_free.jsonl
openipsl,runtime-v3,OpenIPSL.Electrical.Banks.PSSE.SVC,3,initialization-failure,high,False,execution-not-completed,"{""failure_kind"": ""unknown"", ""reason"": ""bc (bitcode v2, cbor) Simulating OpenIPSL.Electrical.Banks.PSSE.SVC to t=1 with 76 trace point(s)... \u001b[31m\u001b[0m simulation failed: parameter `Vref` has neither a binding nor an initial \u001b[31m\u2502\u001b[0m value"", ""raw"": ""reading /tmp/tmphbxag054/traced.rbc (bitcode v2, cbor) Simulating OpenIPSL.Electrical.Banks.PSSE.SVC to t=1 with 76 trace point(s)... \u001b[31m\u001b[0m simulation failed: parameter `Vref` has neither a binding nor an initial \u001b[31m\u2502\u001b[0m value"", ""tool_side"": false}",/data/mrumoca/eval/results_v3/openipsl/runtime_free.jsonl
openipsl,runtime-v3,OpenIPSL.Electrical.Branches.Simulink.LTC.LTC,0,network-boundary-port,low,True,execution-not-completed,"{""node"": ""add -- deadband1 -- imLimitedIntegrator -- imLimitedIntegrator1 -- imSetPoint -- imSetPoint1 -- lTC_lookup -- lTC_quantizer -- lTC_switch -- r -- u"", ""boundary_connectors"": ""add, deadband1, imLimitedIntegrator, imLimitedIntegrator1, imSetPoint, imSetPoint1, lTC_lookup, lTC_quantizer, lTC_switch, r, u"", ""wired_to"": ""nothing"", ""note"": ""this connector belongs to the model itself, not to a component inside it: the model is an interface compiled on its own, so the node is open on one side. Nothing forces its flow, which is why a structural matching reports an unmatched unknown here. Not a defect in the model""}",/data/mrumoca/eval/results_v3/openipsl/runtime_free.jsonl
openipsl,runtime-v3,OpenIPSL.Electrical.Branches.Simulink.LTC.LTC,1,network-observation-incomplete,info,True,execution-not-completed,"{""reason"": ""missing or unsynchronized connector member observations"", ""note"": ""coverage gap, not a model defect""}",/data/mrumoca/eval/results_v3/openipsl/runtime_free.jsonl
openipsl,runtime-v3,OpenIPSL.Electrical.Branches.Simulink.LTC.LTC,2,simulation-failure,high,True,execution-not-completed,"{""failure_kind"": ""non-finite-value"", ""reason"": ""nstant at their start values: u=0 Simulating OpenIPSL.Electrical.Branches.Simulink.LTC.LTC to t=1 with 25 trace point(s)... \u001b[31m\u001b[0m simulation failed: numeric evaluation produced a non-finite result"", ""raw"": ""reading /tmp/tmp6dcxqus2/traced.rbc (bitcode v2, cbor) holding 1 free input(s) constant at their start values: u=0 Simulating OpenIPSL.Electrical.Branches.Simulink.LTC.LTC to t=1 with 25 trace point(s)... \u001b[31m\u001b[0m simulation failed: numeric evaluation produced a non-finite result"", ""tool_side"": false}",/data/mrumoca/eval/results_v3/openipsl/runtime_free.jsonl
openipsl,runtime-v3,OpenIPSL.Electrical.Buses.Bus,0,network-port-unconnected,low,False,execution-not-completed,"{""connector"": ""p"", ""component"": ""<top level>"", ""component_class"": ""unknown"", ""flows_forced_to_zero"": ""p.ir, p.ii"", ""note"": ""nothing is connected to this port, so MLS \u00a79.2 forces its flow to zero. That is correct for a component compiled on its own and is not a defect; it is recorded because it is the commonest reason a model looks structurally singular""}",/data/mrumoca/eval/results_v3/openipsl/runtime_free.jsonl
openipsl,runtime-v3,OpenIPSL.Electrical.Buses.Bus,1,network-component-isolated,low,False,execution-not-completed,"{""component"": ""<top level>"", ""component_class"": ""unknown"", ""ports"": ""p"", ""note"": ""every port of this instance is unconnected, so it exchanges nothing with the rest of the model while still contributing its equations""}",/data/mrumoca/eval/results_v3/openipsl/runtime_free.jsonl
openipsl,runtime-v3,OpenIPSL.Electrical.Buses.Bus,2,network-observation-incomplete,info,False,execution-not-completed,"{""reason"": ""missing or unsynchronized connector member observations"", ""note"": ""coverage gap, not a model defect""}",/data/mrumoca/eval/results_v3/openipsl/runtime_free.jsonl
openipsl,runtime-v3,OpenIPSL.Electrical.Buses.Bus,3,initialization-failure,high,False,execution-not-completed,"{""failure_kind"": ""singular-system"", ""reason"": ""IPSL.Electrical.Buses.Bus to t=1 with 7 trace point(s)... \u001b[31m\u001b[0m simulation failed: DAE structural proof failed: structurally singular \u001b[31m\u2502\u001b[0m system: 5 matched out of 7 equations and 7 unknowns"", ""raw"": ""reading /tmp/tmpcnxnsj7g/traced.rbc (bitcode v2, cbor) Simulating OpenIPSL.Electrical.Buses.Bus to t=1 with 7 trace point(s)... \u001b[31m\u001b[0m simulation failed: DAE structural proof failed: structurally singular \u001b[31m\u2502\u001b[0m system: 5 matched out of 7 equations and 7 unknowns"", ""tool_side"": false}",/data/mrumoca/eval/results_v3/openipsl/runtime_free.jsonl
openipsl,runtime-v3,OpenIPSL.Electrical.Buses.InfiniteBus,0,network-port-unconnected,low,False,standalone-topology-not-defect-proof,"{""connector"": ""p"", ""component"": ""<top level>"", ""component_class"": ""unknown"", ""flows_forced_to_zero"": ""p.ir, p.ii"", ""note"": ""nothing is connected to this port, so MLS \u00a79.2 forces its flow to zero. That is correct for a component compiled on its own and is not a defect; it is recorded because it is the commonest reason a model looks structurally singular""}",/data/mrumoca/eval/results_v3/openipsl/runtime_free.jsonl
openipsl,runtime-v3,OpenIPSL.Electrical.Buses.InfiniteBus,1,network-component-isolated,low,False,standalone-topology-not-defect-proof,"{""component"": ""<top level>"", ""component_class"": ""unknown"", ""ports"": ""p"", ""note"": ""every port of this instance is unconnected, so it exchanges nothing with the rest of the model while still contributing its equations""}",/data/mrumoca/eval/results_v3/openipsl/runtime_free.jsonl
openipsl,runtime-v3,OpenIPSL.Electrical.Buses.InternalBus,0,network-port-unconnected,low,False,execution-not-completed,"{""connector"": ""p"", ""component"": ""<top level>"", ""component_class"": ""unknown"", ""flows_forced_to_zero"": ""p.ir, p.ii"", ""note"": ""nothing is connected to this port, so MLS \u00a79.2 forces its flow to zero. That is correct for a component compiled on its own and is not a defect; it is recorded because it is the commonest reason a model looks structurally singular""}",/data/mrumoca/eval/results_v3/openipsl/runtime_free.jsonl
openipsl,runtime-v3,OpenIPSL.Electrical.Buses.InternalBus,1,network-port-unconnected,low,False,execution-not-completed,"{""connector"": ""n"", ""component"": ""<top level>"", ""component_class"": ""unknown"", ""flows_forced_to_zero"": ""n.ir, n.ii"", ""note"": ""nothing is connected to this port, so MLS \u00a79.2 forces its flow to zero. That is correct for a component compiled on its own and is not a defect; it is recorded because it is the commonest reason a model looks structurally singular""}",/data/mrumoca/eval/results_v3/openipsl/runtime_free.jsonl
openipsl,runtime-v3,OpenIPSL.Electrical.Buses.InternalBus,2,network-component-isolated,low,False,execution-not-completed,"{""component"": ""<top level>"", ""component_class"": ""unknown"", ""ports"": ""p, n"", ""note"": ""every port of this instance is unconnected, so it exchanges nothing with the rest of the model while still contributing its equations""}",/data/mrumoca/eval/results_v3/openipsl/runtime_free.jsonl
openipsl,runtime-v3,OpenIPSL.Electrical.Buses.InternalBus,3,network-observation-incomplete,info,False,execution-not-completed,"{""reason"": ""missing or unsynchronized connector member observations"", ""note"": ""coverage gap, not a model defect""}",/data/mrumoca/eval/results_v3/openipsl/runtime_free.jsonl
openipsl,runtime-v3,OpenIPSL.Electrical.Buses.InternalBus,4,initialization-failure,high,False,execution-not-completed,"{""failure_kind"": ""singular-system"", ""reason"": ""ctrical.Buses.InternalBus to t=1 with 8 trace point(s)... \u001b[31m\u001b[0m simulation failed: DAE structural proof failed: structurally singular \u001b[31m\u2502\u001b[0m system: 6 matched out of 8 equations and 8 unknowns"", ""raw"": ""reading /tmp/tmpl6hggadn/traced.rbc (bitcode v2, cbor) Simulating OpenIPSL.Electrical.Buses.InternalBus to t=1 with 8 trace point(s)... \u001b[31m\u001b[0m simulation failed: DAE structural proof failed: structurally singular \u001b[31m\u2502\u001b[0m system: 6 matched out of 8 equations and 8 unknowns"", ""tool_side"": false}",/data/mrumoca/eval/results_v3/openipsl/runtime_free.jsonl
openipsl,runtime-v3,OpenIPSL.Electrical.Controls.CGMES.ES.ExcSEXS,0,network-boundary-port,low,True,execution-not-completed,"{""node"": ""DiffV -- DiffV1 -- ECOMP -- EFD -- VOEL -- VOTHSG -- VUEL -- V_erro -- VoltageReference -- leadLag -- leadLag.TF -- limiter -- simpleLagLim -- transferFunction"", ""boundary_connectors"": ""DiffV, DiffV1, ECOMP, EFD, VOEL, VOTHSG, VUEL, V_erro, VoltageReference, leadLag, limiter, simpleLagLim, transferFunction"", ""wired_to"": ""leadLag.TF"", ""note"": ""this connector belongs to the model itself, not to a component inside it: the model is an interface compiled on its own, so the node is open on one side. Nothing forces its flow, which is why a structural matching reports an unmatched unknown here. Not a defect in the model""}",/data/mrumoca/eval/results_v3/openipsl/runtime_free.jsonl
openipsl,runtime-v3,OpenIPSL.Electrical.Controls.CGMES.ES.ExcSEXS,1,network-observation-incomplete,info,True,execution-not-completed,"{""reason"": ""missing or unsynchronized connector member observations"", ""note"": ""coverage gap, not a model defect""}",/data/mrumoca/eval/results_v3/openipsl/runtime_free.jsonl
openipsl,runtime-v3,OpenIPSL.Electrical.Controls.CGMES.ES.ExcSEXS,2,simulation-failure,high,True,execution-not-completed,"{""failure_kind"": ""non-finite-value"", ""reason"": ""D0=0, VOTHSG=0, ECOMP=0, XADIFD=0 Simulating OpenIPSL.Electrical.Controls.CGMES.ES.ExcSEXS to t=1 with 37 trace point(s)... \u001b[31m\u001b[0m simulation failed: numeric evaluation produced a non-finite result"", ""raw"": ""reading /tmp/tmpq0gv5nv7/traced.rbc (bitcode v2, cbor) holding 6 free input(s) constant at their start values: VUEL=0, VOEL=0, EFD0=0, VOTHSG=0, ECOMP=0, XADIFD=0 Simulating OpenIPSL.Electrical.Controls.CGMES.ES.ExcSEXS to t=1 with 37 trace point(s)... \u001b[31m\u001b[0m simulation failed: numeric evaluation produced a non-finite result"", ""tool_side"": false}",/data/mrumoca/eval/results_v3/openipsl/runtime_free.jsonl
openipsl,runtime-v3,OpenIPSL.Electrical.Controls.PSAT.OEL.FieldCurrent,0,initialization-failure,high,True,execution-not-completed,"{""failure_kind"": ""unknown"", ""reason"": ""p=0, q=0 Simulating OpenIPSL.Electrical.Controls.PSAT.OEL.FieldCurrent to t=1 with 6 trace point(s)... \u001b[31m\u001b[0m simulation failed: parameter `xd` has neither a binding nor an initial \u001b[31m\u2502\u001b[0m value"", ""raw"": ""reading /tmp/tmp4ay3jzm2/traced.rbc (bitcode v2, cbor) holding 3 free input(s) constant at their start values: v=0, p=0, q=0 Simulating OpenIPSL.Electrical.Controls.PSAT.OEL.FieldCurrent to t=1 with 6 trace point(s)... \u001b[31m\u001b[0m simulation failed: parameter `xd` has neither a binding nor an initial \u001b[31m\u2502\u001b[0m value"", ""tool_side"": false}",/data/mrumoca/eval/results_v3/openipsl/runtime_free.jsonl
openipsl,runtime-v3,OpenIPSL.Electrical.Controls.PSAT.OEL.OEL,0,network-boundary-port,low,True,execution-not-completed,"{""node"": ""add -- currentLimit -- difference -- field_current -- limIntegrator -- p -- q -- v -- v_ref -- v_ref0"", ""boundary_connectors"": ""add, currentLimit, difference, field_current, limIntegrator, p, q, v, v_ref, v_ref0"", ""wired_to"": ""nothing"", ""note"": ""this connector belongs to the model itself, not to a component inside it: the model is an interface compiled on its own, so the node is open on one side. Nothing forces its flow, which is why a structural matching reports an unmatched unknown here. Not a defect in the model""}",/data/mrumoca/eval/results_v3/openipsl/runtime_free.jsonl
openipsl,runtime-v3,OpenIPSL.Electrical.Controls.PSAT.OEL.OEL,1,network-observation-incomplete,info,True,execution-not-completed,"{""reason"": ""missing or unsynchronized connector member observations"", ""note"": ""coverage gap, not a model defect""}",/data/mrumoca/eval/results_v3/openipsl/runtime_free.jsonl
openipsl,runtime-v3,OpenIPSL.Electrical.Controls.PSAT.OEL.OEL,2,initialization-failure,high,True,execution-not-completed,"{""failure_kind"": ""unknown"", ""reason"": ""0, q=0, v_ref0=0 Simulating OpenIPSL.Electrical.Controls.PSAT.OEL.OEL to t=1 with 22 trace point(s)... \u001b[31m\u001b[0m simulation failed: parameter `xd` has neither a binding nor an initial \u001b[31m\u2502\u001b[0m value"", ""raw"": ""reading /tmp/tmpdyndi6_f/traced.rbc (bitcode v2, cbor) holding 4 free input(s) constant at their start values: v=0, p=0, q=0, v_ref0=0 Simulating OpenIPSL.Electrical.Controls.PSAT.OEL.OEL to t=1 with 22 trace point(s)... \u001b[31m\u001b[0m simulation failed: parameter `xd` has neither a binding nor an initial \u001b[31m\u2502\u001b[0m value"", ""tool_side"": false}",/data/mrumoca/eval/results_v3/openipsl/runtime_free.jsonl
openipsl,runtime-v3,OpenIPSL.Electrical.Controls.PSAT.PSS.PSSTypeI,0,network-boundary-port,low,True,execution-not-completed,"{""node"": ""Pg -- Vg -- Vref -- add -- add3 -- derivativeLag -- derivativeLag.TF -- gainActivePower -- gainStabilizer -- gainVoltage -- simpleLagLim -- vref0 -- w"", ""boundary_connectors"": ""Pg, Vg, Vref, add, add3, derivativeLag, gainActivePower, gainStabilizer, gainVoltage, simpleLagLim, vref0, w"", ""wired_to"": ""derivativeLag.TF"", ""note"": ""this connector belongs to the model itself, not to a component inside it: the model is an interface compiled on its own, so the node is open on one side. Nothing forces its flow, which is why a structural matching reports an unmatched unknown here. Not a defect in the model""}",/data/mrumoca/eval/results_v3/openipsl/runtime_free.jsonl
openipsl,runtime-v3,OpenIPSL.Electrical.Controls.PSAT.PSS.PSSTypeI,1,network-observation-incomplete,info,True,execution-not-completed,"{""reason"": ""missing or unsynchronized connector member observations"", ""note"": ""coverage gap, not a model defect""}",/data/mrumoca/eval/results_v3/openipsl/runtime_free.jsonl
openipsl,runtime-v3,OpenIPSL.Electrical.Controls.PSAT.PSS.PSSTypeI,2,initialization-failure,high,True,execution-not-completed,"{""failure_kind"": ""unknown"", ""reason"": "" vref0=0 Simulating OpenIPSL.Electrical.Controls.PSAT.PSS.PSSTypeI to t=1 with 29 trace point(s)... \u001b[31m\u001b[0m simulation failed: parameter `vsmax` has neither a binding nor an initial \u001b[31m\u2502\u001b[0m value"", ""raw"": ""reading /tmp/tmp0plz7hav/traced.rbc (bitcode v2, cbor) holding 4 free input(s) constant at their start values: w=0, Pg=0, Vg=0, vref0=0 Simulating OpenIPSL.Electrical.Controls.PSAT.PSS.PSSTypeI to t=1 with 29 trace point(s)... \u001b[31m\u001b[0m simulation failed: parameter `vsmax` has neither a binding nor an initial \u001b[31m\u2502\u001b[0m value"", ""tool_side"": false}",/data/mrumoca/eval/results_v3/openipsl/runtime_free.jsonl
openipsl,runtime-v3,OpenIPSL.Electrical.Controls.PSAT.PSS.PSSTypeII,0,network-boundary-port,low,True,execution-not-completed,"{""node"": ""derivativeLag -- derivativeLag.TF -- imLeadLag -- imLeadLag.TF -- imLeadLag1 -- imLeadLag1.TF -- limiter -- vSI -- vs"", ""boundary_connectors"": ""derivativeLag, imLeadLag, imLeadLag1, limiter, vSI, vs"", ""wired_to"": ""derivativeLag.TF, imLeadLag.TF, imLeadLag1.TF"", ""note"": ""this connector belongs to the model itself, not to a component inside it: the model is an interface compiled on its own, so the node is open on one side. Nothing forces its flow, which is why a structural matching reports an unmatched unknown here. Not a defect in the model""}",/data/mrumoca/eval/results_v3/openipsl/runtime_free.jsonl
openipsl,runtime-v3,OpenIPSL.Electrical.Controls.PSAT.PSS.PSSTypeII,1,network-observation-incomplete,info,True,execution-not-completed,"{""reason"": ""missing or unsynchronized connector member observations"", ""note"": ""coverage gap, not a model defect""}",/data/mrumoca/eval/results_v3/openipsl/runtime_free.jsonl
openipsl,runtime-v3,OpenIPSL.Electrical.Controls.PSAT.PSS.PSSTypeII,2,initialization-failure,high,True,execution-not-completed,"{""failure_kind"": ""unknown"", ""reason"": "": vSI=0 Simulating OpenIPSL.Electrical.Controls.PSAT.PSS.PSSTypeII to t=1 with 28 trace point(s)... \u001b[31m\u001b[0m simulation failed: parameter `vsmax` has neither a binding nor an initial \u001b[31m\u2502\u001b[0m value"", ""raw"": ""reading /tmp/tmpeiclrt93/traced.rbc (bitcode v2, cbor) holding 1 free input(s) constant at their start values: vSI=0 Simulating OpenIPSL.Electrical.Controls.PSAT.PSS.PSSTypeII to t=1 with 28 trace point(s)... \u001b[31m\u001b[0m simulation failed: parameter `vsmax` has neither a binding nor an initial \u001b[31m\u2502\u001b[0m value"", ""tool_side"": false}",/data/mrumoca/eval/results_v3/openipsl/runtime_free.jsonl
openipsl,runtime-v3,OpenIPSL.Electrical.Controls.PSAT.TG.TGTypeI,0,initialization-failure,high,True,execution-not-completed,"{""failure_kind"": ""unknown"", ""reason"": "" values: w=0 Simulating OpenIPSL.Electrical.Controls.PSAT.TG.TGTypeI to t=1 with 7 trace point(s)... \u001b[31m\u001b[0m simulation failed: parameter `pref` has neither a binding nor an initial \u001b[31m\u2502\u001b[0m value"", ""raw"": ""reading /tmp/tmp8oz6y517/traced.rbc (bitcode v2, cbor) holding 1 free input(s) constant at their start values: w=0 Simulating OpenIPSL.Electrical.Controls.PSAT.TG.TGTypeI to t=1 with 7 trace point(s)... \u001b[31m\u001b[0m simulation failed: parameter `pref` has neither a binding nor an initial \u001b[31m\u2502\u001b[0m value"", ""tool_side"": false}",/data/mrumoca/eval/results_v3/openipsl/runtime_free.jsonl
openipsl,runtime-v3,OpenIPSL.Electrical.Controls.PSAT.PSS.PSSTypeIII,0,network-boundary-port,low,True,execution-not-completed,"{""node"": ""Vref -- derivativeLag -- derivativeLag.TF -- simpleLagLim -- transferFunction -- vs1"", ""boundary_connectors"": ""Vref, derivativeLag, simpleLagLim, transferFunction, vs1"", ""wired_to"": ""derivativeLag.TF"", ""note"": ""this connector belongs to the model itself, not to a component inside it: the model is an interface compiled on its own, so the node is open on one side. Nothing forces its flow, which is why a structural matching reports an unmatched unknown here. Not a defect in the model""}",/data/mrumoca/eval/results_v3/openipsl/runtime_free.jsonl
openipsl,runtime-v3,OpenIPSL.Electrical.Controls.PSAT.PSS.PSSTypeIII,1,network-observation-incomplete,info,True,execution-not-completed,"{""reason"": ""missing or unsynchronized connector member observations"", ""note"": ""coverage gap, not a model defect""}",/data/mrumoca/eval/results_v3/openipsl/runtime_free.jsonl
openipsl,runtime-v3,OpenIPSL.Electrical.Controls.PSAT.PSS.PSSTypeIII,2,initialization-failure,high,True,execution-not-completed,"{""failure_kind"": ""unknown"", ""reason"": ""es: vs1=0 Simulating OpenIPSL.Electrical.Controls.PSAT.PSS.PSSTypeIII to t=1 with 17 trace point(s)... \u001b[31m\u001b[0m simulation failed: parameter `Tw` has neither a binding nor an initial \u001b[31m\u2502\u001b[0m value"", ""raw"": ""reading /tmp/tmpl9mums8d/traced.rbc (bitcode v2, cbor) holding 1 free input(s) constant at their start values: vs1=0 Simulating OpenIPSL.Electrical.Controls.PSAT.PSS.PSSTypeIII to t=1 with 17 trace point(s)... \u001b[31m\u001b[0m simulation failed: parameter `Tw` has neither a binding nor an initial \u001b[31m\u2502\u001b[0m value"", ""tool_side"": false}",/data/mrumoca/eval/results_v3/openipsl/runtime_free.jsonl
openipsl,runtime-v3,OpenIPSL.Electrical.Controls.PSAT.TG.TGTypeIII,0,network-boundary-port,low,True,execution-not-completed,"{""node"": ""G6 -- add -- add1 -- add2 -- add3_1 -- const -- const1 -- feedback -- feedback1 -- feedback2 -- gain -- gain1 -- gain2 -- gain3 -- gain4 -- gain5 -- gain7 -- integrator -- integrator1 -- integrator2 -- integrator3 -- limiter -- limiter1 -- pm -- w"", ""boundary_connectors"": ""G6, add, add1, add2, add3_1, const, const1, feedback, feedback1, feedback2, gain, gain1, gain2, gain3, gain4, gain5, gain7, integrator, integrator1, integrator2, integrator3, limiter, limiter1, pm, w"", ""wired_to"": ""nothing"", ""note"": ""this connector belongs to the model itself, not to a component inside it: the model is an interface compiled on its own, so the node is open on one side. Nothing forces its flow, which is why a structural matching reports an unmatched unknown here. Not a defect in the model""}",/data/mrumoca/eval/results_v3/openipsl/runtime_free.jsonl
openipsl,runtime-v3,OpenIPSL.Electrical.Controls.PSAT.TG.TGTypeIII,1,network-observation-incomplete,info,True,execution-not-completed,"{""reason"": ""missing or unsynchronized connector member observations"", ""note"": ""coverage gap, not a model defect""}",/data/mrumoca/eval/results_v3/openipsl/runtime_free.jsonl
openipsl,runtime-v3,OpenIPSL.Electrical.Controls.PSAT.TG.TGTypeIII,2,initialization-failure,high,True,execution-not-completed,"{""failure_kind"": ""unknown"", ""reason"": ""alues: w=0 Simulating OpenIPSL.Electrical.Controls.PSAT.TG.TGTypeIII to t=1 with 66 trace point(s)... \u001b[31m\u001b[0m simulation failed: parameter `P_0` has neither a binding nor an initial \u001b[31m\u2502\u001b[0m value"", ""raw"": ""reading /tmp/tmpk0swjs9x/traced.rbc (bitcode v2, cbor) holding 1 free input(s) constant at their start values: w=0 Simulating OpenIPSL.Electrical.Controls.PSAT.TG.TGTypeIII to t=1 with 66 trace point(s)... \u001b[31m\u001b[0m simulation failed: parameter `P_0` has neither a binding nor an initial \u001b[31m\u2502\u001b[0m value"", ""tool_side"": false}",/data/mrumoca/eval/results_v3/openipsl/runtime_free.jsonl
openipsl,runtime-v3,OpenIPSL.Electrical.Controls.PSAT.TG.TGTypeII,0,network-boundary-port,low,True,hold-input-contract-validation,"{""node"": ""add1 -- add2 -- const -- gain1 -- limiter1 -- pm -- pm0 -- transferFunction1 -- w"", ""boundary_connectors"": ""add1, add2, const, gain1, limiter1, pm, pm0, transferFunction1, w"", ""wired_to"": ""nothing"", ""note"": ""this connector belongs to the model itself, not to a component inside it: the model is an interface compiled on its own, so the node is open on one side. Nothing forces its flow, which is why a structural matching reports an unmatched unknown here. Not a defect in the model""}",/data/mrumoca/eval/results_v3/openipsl/runtime_free.jsonl
openipsl,runtime-v3,OpenIPSL.Electrical.Controls.PSAT.TG.TGTypeIV,0,network-boundary-port,low,True,execution-not-completed,"{""node"": ""G6 -- Pm -- add1 -- add2 -- add3 -- add3_1 -- const1 -- feedback -- feedback1 -- feedback2 -- gain -- gain1 -- gain2 -- gain3 -- gain4 -- gain5 -- gain6 -- gain7 -- gain8 -- integrator1 -- integrator2 -- integrator3 -- integrator4 -- integrator5 -- limiter -- limiter1 -- w"", ""boundary_connectors"": ""G6, Pm, add1, add2, add3, add3_1, const1, feedback, feedback1, feedback2, gain, gain1, gain2, gain3, gain4, gain5, gain6, gain7, gain8, integrator1, integrator2, integrator3, integrator4, integrator5, limiter, limiter1, w"", ""wired_to"": ""nothing"", ""note"": ""this connector belongs to the model itself, not to a component inside it: the model is an interface compiled on its own, so the node is open on one side. Nothing forces its flow, which is why a structural matching reports an unmatched unknown here. Not a defect in the model""}",/data/mrumoca/eval/results_v3/openipsl/runtime_free.jsonl
openipsl,runtime-v3,OpenIPSL.Electrical.Controls.PSAT.TG.TGTypeIV,1,network-observation-incomplete,info,True,execution-not-completed,"{""reason"": ""missing or unsynchronized connector member observations"", ""note"": ""coverage gap, not a model defect""}",/data/mrumoca/eval/results_v3/openipsl/runtime_free.jsonl
openipsl,runtime-v3,OpenIPSL.Electrical.Controls.PSAT.TG.TGTypeIV,2,initialization-failure,high,True,execution-not-completed,"{""failure_kind"": ""unknown"", ""reason"": ""alues: w=0 Simulating OpenIPSL.Electrical.Controls.PSAT.TG.TGTypeIV to t=1 with 73 trace point(s)... \u001b[31m\u001b[0m simulation failed: parameter `wref` has neither a binding nor an initial \u001b[31m\u2502\u001b[0m value"", ""raw"": ""reading /tmp/tmpwa9lc772/traced.rbc (bitcode v2, cbor) holding 1 free input(s) constant at their start values: w=0 Simulating OpenIPSL.Electrical.Controls.PSAT.TG.TGTypeIV to t=1 with 73 trace point(s)... \u001b[31m\u001b[0m simulation failed: parameter `wref` has neither a binding nor an initial \u001b[31m\u2502\u001b[0m value"", ""tool_side"": false}",/data/mrumoca/eval/results_v3/openipsl/runtime_free.jsonl
openipsl,runtime-v3,OpenIPSL.Electrical.Controls.PSAT.TG.TGTypeV,0,network-boundary-port,low,True,execution-not-completed,"{""node"": ""Integral -- Pm -- Proportional -- add1 -- add2 -- add3 -- division -- gain -- gain6 -- gain7 -- gain8 -- gain9 -- integrator -- integrator3 -- integrator4 -- integrator5 -- limiter2 -- limiter3 -- multiSum3 -- multiSum6 -- one -- p_feedback -- pref -- product1 -- square -- w -- w_feedback -- wref"", ""boundary_connectors"": ""Integral, Pm, Proportional, add1, add2, add3, division, gain, gain6, gain7, gain8, gain9, integrator, integrator3, integrator4, integrator5, limiter2, limiter3, multiSum3, multiSum6, one, p_feedback, pref, product1, square, w, w_feedback, wref"", ""wired_to"": ""nothing"", ""note"": ""this connector belongs to the model itself, not to a component inside it: the model is an interface compiled on its own, so the node is open on one side. Nothing forces its flow, which is why a structural matching reports an unmatched unknown here. Not a defect in the model""}",/data/mrumoca/eval/results_v3/openipsl/runtime_free.jsonl
openipsl,runtime-v3,OpenIPSL.Electrical.Controls.PSAT.TG.TGTypeV,1,network-observation-incomplete,info,True,execution-not-completed,"{""reason"": ""missing or unsynchronized connector member observations"", ""note"": ""coverage gap, not a model defect""}",/data/mrumoca/eval/results_v3/openipsl/runtime_free.jsonl
openipsl,runtime-v3,OpenIPSL.Electrical.Controls.PSAT.TG.TGTypeV,2,initialization-failure,high,True,execution-not-completed,"{""failure_kind"": ""unknown"", ""reason"": ""ref=0, wref=0 Simulating OpenIPSL.Electrical.Controls.PSAT.TG.TGTypeV to t=1 with 69 trace point(s)... \u001b[31m\u001b[0m simulation failed: parameter `Tg` has neither a binding nor an initial \u001b[31m\u2502\u001b[0m value"", ""raw"": ""reading /tmp/tmp01g_gdu7/traced.rbc (bitcode v2, cbor) holding 3 free input(s) constant at their start values: w=0, pref=0, wref=0 Simulating OpenIPSL.Electrical.Controls.PSAT.TG.TGTypeV to t=1 with 69 trace point(s)... \u001b[31m\u001b[0m simulation failed: parameter `Tg` has neither a binding nor an initial \u001b[31m\u2502\u001b[0m value"", ""tool_side"": false}",/data/mrumoca/eval/results_v3/openipsl/runtime_free.jsonl
openipsl,runtime-v3,OpenIPSL.Electrical.Controls.PSAT.TG.TGTypeVI,0,network-boundary-port,low,True,execution-not-completed,"{""node"": ""Gain10 -- Pm -- Proportional -- const -- derivative -- division -- feedback -- feedback1 -- gain6 -- gain7 -- gain8 -- gain9 -- integrator -- integrator3 -- integrator5 -- limiter -- limiter1 -- multiSum3 -- multiSum4 -- multiSum5 -- one -- pe -- pref -- product1 -- realToBoolean -- servo_fb -- square -- switch1 -- transferFunction -- w_fb -- we -- wref"", ""boundary_connectors"": ""Gain10, Pm, Proportional, const, derivative, division, feedback, feedback1, gain6, gain7, gain8, gain9, integrator, integrator3, integrator5, limiter, limiter1, multiSum3, multiSum4, multiSum5, one, pe, pref, product1, realToBoolean, servo_fb, square, switch1, transferFunction, w_fb, we, wref"", ""wired_to"": ""nothing"", ""note"": ""this connector belongs to the model itself, not to a component inside it: the model is an interface compiled on its own, so the node is open on one side. Nothing forces its flow, which is why a structural matching reports an unmatched unknown here. Not a defect in the model""}",/data/mrumoca/eval/results_v3/openipsl/runtime_free.jsonl
openipsl,runtime-v3,OpenIPSL.Electrical.Controls.PSAT.TG.TGTypeVI,1,network-observation-incomplete,info,True,execution-not-completed,"{""reason"": ""missing or unsynchronized connector member observations"", ""note"": ""coverage gap, not a model defect""}",/data/mrumoca/eval/results_v3/openipsl/runtime_free.jsonl
openipsl,runtime-v3,OpenIPSL.Electrical.Controls.PSAT.TG.TGTypeVI,2,initialization-failure,high,True,execution-not-completed,"{""failure_kind"": ""unknown"", ""reason"": ""ef=0, we=0 Simulating OpenIPSL.Electrical.Controls.PSAT.TG.TGTypeVI to t=1 with 77 trace point(s)... \u001b[31m\u001b[0m simulation failed: parameter `gmax` has neither a binding nor an initial \u001b[31m\u2502\u001b[0m value"", ""raw"": ""reading /tmp/tmpwqgfi0e2/traced.rbc (bitcode v2, cbor) holding 4 free input(s) constant at their start values: pe=0, pref=0, wref=0, we=0 Simulating OpenIPSL.Electrical.Controls.PSAT.TG.TGTypeVI to t=1 with 77 trace point(s)... \u001b[31m\u001b[0m simulation failed: parameter `gmax` has neither a binding nor an initial \u001b[31m\u2502\u001b[0m value"", ""tool_side"": false}",/data/mrumoca/eval/results_v3/openipsl/runtime_free.jsonl
openipsl,runtime-v3,OpenIPSL.Electrical.Controls.PSSE.ES.AC7B,0,network-boundary-port,low,True,execution-not-completed,"{""node"": ""DiffV -- DiffV2 -- DiffV3 -- ECOMP -- EFD -- FEMAX -- TransducerDelay -- Upper_Limit -- VOTHSG -- VT -- VUEL -- VoltageReference -- XADIFD -- add -- add1 -- add3 -- add3_2 -- const -- division -- gain -- gain1 -- gain2 -- gain4 -- gain5 -- imDerivativeLag -- lowLim -- pID_No_Windup -- pID_No_Windup.add -- pID_No_Windup.derivative -- pID_No_Windup.derivative_add -- pID_No_Windup.gain1 -- pID_No_Windup.gain2 -- pID_No_Windup.integral -- pID_No_Windup.limiter -- pID_No_Windup.proportional -- pID_No_Windup.reset_switch -- pID_No_Windup.zero -- pI_No_Windup -- pI_No_Windup.add -- pI_No_Windup.integral -- pI_No_Windup.limiter -- pI_No_Windup.proportional -- pI_No_Windup.reset_switch -- pI_No_Windup.zero -- product -- rectifierCommutationVoltageDrop -- rectifierCommutationVoltageDrop.division -- rectifierCommutationVoltageDrop.fEX -- rectifierCommutationVoltageDrop.gain2 -- rectifierCommutationVoltageDrop.product1 -- rotatingExciterWithDemagnetizationVarLim -- rotatingExciterWithDemagnetizationVarLim.Sum -- rotatingExciterWithDemagnetizationVarLim.VE -- rotatingExciterWithDemagnetizationVarLim.feedback -- rotatingExciterWithDemagnetizationVarLim.gain -- rotatingExciterWithDemagnetizationVarLim.sISO -- rotatingExciterWithDemagnetizationVarLim.se1 -- se1 -- variableLimiter"", ""boundary_connectors"": ""DiffV, DiffV2, DiffV3, ECOMP, EFD, FEMAX, TransducerDelay, Upper_Limit, VOTHSG, VT, VUEL, VoltageReference, XADIFD, add, add1, add3, add3_2, const, division, gain, gain1, gain2, gain4, gain5, imDerivativeLag, lowLim, pID_No_Windup, pI_No_Windup, product, rectifierCommutationVoltageDrop, rotatingExciterWithDemagnetizationVarLim, se1, variableLimiter"", ""wired_to"": ""pID_No_Windup.add, pID_No_Windup.derivative, pID_No_Windup.derivative_add, pID_No_Windup.gain1, pID_No_Windup.gain2, pID_No_Windup.integral, pID_No_Windup.limiter, pID_No_Windup.proportional, pID_No_Windup.reset_switch, pID_No_Windup.zero, pI_No_Windup.add, pI_No_Windup.integral, pI_No_Windup.limiter, pI_No_Windup.proportional, pI_No_Windup.reset_switch, pI_No_Windup.zero, rectifierCommutationVoltageDrop.division, rectifierCommutationVoltageDrop.fEX, rectifierCommutationVoltageDrop.gain2, rectifierCommutationVoltageDrop.product1, rotatingExciterWithDemagnetizationVarLim.Sum, rotatingExciterWithDemagnetizationVarLim.VE, rotatingExciterWithDemagnetizationVarLim.feedback, rotatingExciterWithDemagnetizationVarLim.gain, rotatingExciterWithDemagnetizationVarLim.sISO, rotatingExciterWithDemagnetizationVarLim.se1"", ""note"": ""this connector belongs to the model itself, not to a component inside it: the model is an interface compiled on its own, so the node is open on one side. Nothing forces its flow, which is why a structural matching reports an unmatched unknown here. Not a defect in the model""}",/data/mrumoca/eval/results_v3/openipsl/runtime_free.jsonl
openipsl,runtime-v3,OpenIPSL.Electrical.Controls.PSSE.ES.AC7B,1,network-observation-incomplete,info,True,execution-not-completed,"{""reason"": ""missing or unsynchronized connector member observations"", ""note"": ""coverage gap, not a model defect""}",/data/mrumoca/eval/results_v3/openipsl/runtime_free.jsonl
openipsl,runtime-v3,OpenIPSL.Electrical.Controls.PSSE.ES.AC7B,2,initialization-failure,high,True,execution-not-completed,"{""failure_kind"": ""unknown"", ""reason"": ""XADIFD=0, VT=0 Simulating OpenIPSL.Electrical.Controls.PSSE.ES.AC7B to t=1 with 149 trace point(s)... \u001b[31m\u001b[0m simulation failed: parameter `T_R` has neither a binding nor an initial \u001b[31m\u2502\u001b[0m value"", ""raw"": ""reading /tmp/tmpqcxdgl3q/traced.rbc (bitcode v2, cbor) holding 7 free input(s) constant at their start values: VUEL=0, VOEL=0, EFD0=0, VOTHSG=0, ECOMP=0, XADIFD=0, VT=0 Simulating OpenIPSL.Electrical.Controls.PSSE.ES.AC7B to t=1 with 149 trace point(s)... \u001b[31m\u001b[0m simulation failed: parameter `T_R` has neither a binding nor an initial \u001b[31m\u2502\u001b[0m value"", ""tool_side"": false}",/data/mrumoca/eval/results_v3/openipsl/runtime_free.jsonl
openipsl,runtime-v3,OpenIPSL.Electrical.Controls.PSSE.ES.BaseClasses.RectifierCommutationVoltageDrop,0,network-boundary-port,low,True,execution-not-completed,"{""node"": ""EFD -- V_EX -- XADIFD -- division -- fEX -- gain2 -- product1"", ""boundary_connectors"": ""EFD, V_EX, XADIFD, division, fEX, gain2, product1"", ""wired_to"": ""nothing"", ""note"": ""this connector belongs to the model itself, not to a component inside it: the model is an interface compiled on its own, so the node is open on one side. Nothing forces its flow, which is why a structural matching reports an unmatched unknown here. Not a defect in the model""}",/data/mrumoca/eval/results_v3/openipsl/runtime_free.jsonl
openipsl,runtime-v3,OpenIPSL.Electrical.Controls.PSSE.ES.BaseClasses.RectifierCommutationVoltageDrop,1,network-observation-incomplete,info,True,execution-not-completed,"{""reason"": ""missing or unsynchronized connector member observations"", ""note"": ""coverage gap, not a model defect""}",/data/mrumoca/eval/results_v3/openipsl/runtime_free.jsonl
openipsl,runtime-v3,OpenIPSL.Electrical.Controls.PSSE.ES.BaseClasses.RectifierCommutationVoltageDrop,2,initialization-failure,high,True,execution-not-completed,"{""failure_kind"": ""unknown"", ""reason"": ""ctrical.Controls.PSSE.ES.BaseClasses.RectifierCommutationVoltageDrop to t=1 with 13 trace point(s)... \u001b[31m\u001b[0m simulation failed: parameter `K_C` has neither a binding nor an initial \u001b[31m\u2502\u001b[0m value"", ""raw"": ""reading /tmp/tmpye6gq1pb/traced.rbc (bitcode v2, cbor) holding 2 free input(s) constant at their start values: V_EX=0, XADIFD=0 Simulating OpenIPSL.Electrical.Controls.PSSE.ES.BaseClasses.RectifierCommutationVoltageDrop to t=1 with 13 trace point(s)... \u001b[31m\u001b[0m simulation failed: parameter `K_C` has neither a binding nor an initial \u001b[31m\u2502\u001b[0m value"", ""tool_side"": false}",/data/mrumoca/eval/results_v3/openipsl/runtime_free.jsonl
openipsl,runtime-v3,OpenIPSL.Electrical.Controls.PSSE.ES.AC8B,0,network-boundary-port,low,True,execution-not-completed,"{""node"": ""DiffV -- DiffV1 -- DiffV2 -- DiffV3 -- ECOMP -- EFD -- FEMAX -- TransducerDelay -- VOEL -- VOTHSG -- VS -- VUEL -- VoltageReference -- XADIFD -- const -- div0block -- lowLim -- pID_No_Windup -- pID_No_Windup.add -- pID_No_Windup.derivative -- pID_No_Windup.derivative_add -- pID_No_Windup.gain1 -- pID_No_Windup.gain2 -- pID_No_Windup.integral -- pID_No_Windup.limiter -- pID_No_Windup.proportional -- pID_No_Windup.reset_switch -- pID_No_Windup.zero -- rectifierCommutationVoltageDrop -- rectifierCommutationVoltageDrop.division -- rectifierCommutationVoltageDrop.fEX -- rectifierCommutationVoltageDrop.gain2 -- rectifierCommutationVoltageDrop.product1 -- rotatingExciterWithDemagnetizationVarLim -- rotatingExciterWithDemagnetizationVarLim.Sum -- rotatingExciterWithDemagnetizationVarLim.VE -- rotatingExciterWithDemagnetizationVarLim.feedback -- rotatingExciterWithDemagnetizationVarLim.gain -- rotatingExciterWithDemagnetizationVarLim.sISO -- rotatingExciterWithDemagnetizationVarLim.se1 -- se1 -- simpleLagLim"", ""boundary_connectors"": ""DiffV, DiffV1, DiffV2, DiffV3, ECOMP, EFD, FEMAX, TransducerDelay, VOEL, VOTHSG, VS, VUEL, VoltageReference, XADIFD, const, div0block, lowLim, pID_No_Windup, rectifierCommutationVoltageDrop, rotatingExciterWithDemagnetizationVarLim, se1, simpleLagLim"", ""wired_to"": ""pID_No_Windup.add, pID_No_Windup.derivative, pID_No_Windup.derivative_add, pID_No_Windup.gain1, pID_No_Windup.gain2, pID_No_Windup.integral, pID_No_Windup.limiter, pID_No_Windup.proportional, pID_No_Windup.reset_switch, pID_No_Windup.zero, rectifierCommutationVoltageDrop.division, rectifierCommutationVoltageDrop.fEX, rectifierCommutationVoltageDrop.gain2, rectifierCommutationVoltageDrop.product1, rotatingExciterWithDemagnetizationVarLim.Sum, rotatingExciterWithDemagnetizationVarLim.VE, rotatingExciterWithDemagnetizationVarLim.feedback, rotatingExciterWithDemagnetizationVarLim.gain, rotatingExciterWithDemagnetizationVarLim.sISO, rotatingExciterWithDemagnetizationVarLim.se1"", ""note"": ""this connector belongs to the model itself, not to a component inside it: the model is an interface compiled on its own, so the node is open on one side. Nothing forces its flow, which is why a structural matching reports an unmatched unknown here. Not a defect in the model""}",/data/mrumoca/eval/results_v3/openipsl/runtime_free.jsonl
openipsl,runtime-v3,OpenIPSL.Electrical.Controls.PSSE.ES.AC8B,1,network-observation-incomplete,info,True,execution-not-completed,"{""reason"": ""missing or unsynchronized connector member observations"", ""note"": ""coverage gap, not a model defect""}",/data/mrumoca/eval/results_v3/openipsl/runtime_free.jsonl
openipsl,runtime-v3,OpenIPSL.Electrical.Controls.PSSE.ES.AC8B,2,initialization-failure,high,True,execution-not-completed,"{""failure_kind"": ""unknown"", ""reason"": ""MP=0, XADIFD=0 Simulating OpenIPSL.Electrical.Controls.PSSE.ES.AC8B to t=1 with 106 trace point(s)... \u001b[31m\u001b[0m simulation failed: parameter `T_R` has neither a binding nor an initial \u001b[31m\u2502\u001b[0m value"", ""raw"": ""reading /tmp/tmpd3uwcxx4/traced.rbc (bitcode v2, cbor) holding 6 free input(s) constant at their start values: VUEL=0, VOEL=0, EFD0=0, VOTHSG=0, ECOMP=0, XADIFD=0 Simulating OpenIPSL.Electrical.Controls.PSSE.ES.AC8B to t=1 with 106 trace point(s)... \u001b[31m\u001b[0m simulation failed: parameter `T_R` has neither a binding nor an initial \u001b[31m\u2502\u001b[0m value"", ""tool_side"": false}",/data/mrumoca/eval/results_v3/openipsl/runtime_free.jsonl
openipsl,runtime-v3,OpenIPSL.Electrical.Controls.PSSE.ES.BaseClasses.RotatingExciter,0,network-boundary-port,low,True,execution-not-completed,"{""node"": ""EFD -- I_C -- Sum -- VE -- feedback -- gain -- sISO -- se1"", ""boundary_connectors"": ""EFD, I_C, Sum, VE, feedback, gain, sISO, se1"", ""wired_to"": ""nothing"", ""note"": ""this connector belongs to the model itself, not to a component inside it: the model is an interface compiled on its own, so the node is open on one side. Nothing forces its flow, which is why a structural matching reports an unmatched unknown here. Not a defect in the model""}",/data/mrumoca/eval/results_v3/openipsl/runtime_free.jsonl
openipsl,runtime-v3,OpenIPSL.Electrical.Controls.PSSE.ES.BaseClasses.RotatingExciter,1,network-observation-incomplete,info,True,execution-not-completed,"{""reason"": ""missing or unsynchronized connector member observations"", ""note"": ""coverage gap, not a model defect""}",/data/mrumoca/eval/results_v3/openipsl/runtime_free.jsonl
openipsl,runtime-v3,OpenIPSL.Electrical.Controls.PSSE.ES.BaseClasses.RotatingExciter,2,initialization-failure,high,True,execution-not-completed,"{""failure_kind"": ""unknown"", ""reason"": ""ing OpenIPSL.Electrical.Controls.PSSE.ES.BaseClasses.RotatingExciter to t=1 with 19 trace point(s)... \u001b[31m\u001b[0m simulation failed: parameter `T_E` has neither a binding nor an initial \u001b[31m\u2502\u001b[0m value"", ""raw"": ""reading /tmp/tmpi2mr8eas/traced.rbc (bitcode v2, cbor) holding 1 free input(s) constant at their start values: I_C=0 Simulating OpenIPSL.Electrical.Controls.PSSE.ES.BaseClasses.RotatingExciter to t=1 with 19 trace point(s)... \u001b[31m\u001b[0m simulation failed: parameter `T_E` has neither a binding nor an initial \u001b[31m\u2502\u001b[0m value"", ""tool_side"": false}",/data/mrumoca/eval/results_v3/openipsl/runtime_free.jsonl
openipsl,runtime-v3,OpenIPSL.Electrical.Controls.PSSE.ES.BaseClasses.RotatingExciterLimited,0,network-boundary-port,low,True,execution-not-completed,"{""node"": ""EFD -- I_C -- Sum -- VE -- feedback -- gain -- sISO -- se1"", ""boundary_connectors"": ""EFD, I_C, Sum, VE, feedback, gain, sISO, se1"", ""wired_to"": ""nothing"", ""note"": ""this connector belongs to the model itself, not to a component inside it: the model is an interface compiled on its own, so the node is open on one side. Nothing forces its flow, which is why a structural matching reports an unmatched unknown here. Not a defect in the model""}",/data/mrumoca/eval/results_v3/openipsl/runtime_free.jsonl
openipsl,runtime-v3,OpenIPSL.Electrical.Controls.PSSE.ES.BaseClasses.RotatingExciterLimited,1,network-observation-incomplete,info,True,execution-not-completed,"{""reason"": ""missing or unsynchronized connector member observations"", ""note"": ""coverage gap, not a model defect""}",/data/mrumoca/eval/results_v3/openipsl/runtime_free.jsonl
openipsl,runtime-v3,OpenIPSL.Electrical.Controls.PSSE.ES.BaseClasses.RotatingExciterLimited,2,initialization-failure,high,True,execution-not-completed,"{""failure_kind"": ""unknown"", ""reason"": ""nIPSL.Electrical.Controls.PSSE.ES.BaseClasses.RotatingExciterLimited to t=1 with 19 trace point(s)... \u001b[31m\u001b[0m simulation failed: parameter `T_E` has neither a binding nor an initial \u001b[31m\u2502\u001b[0m value"", ""raw"": ""reading /tmp/tmpeyfgzcxe/traced.rbc (bitcode v2, cbor) holding 1 free input(s) constant at their start values: I_C=0 Simulating OpenIPSL.Electrical.Controls.PSSE.ES.BaseClasses.RotatingExciterLimited to t=1 with 19 trace point(s)... \u001b[31m\u001b[0m simulation failed: parameter `T_E` has neither a binding nor an initial \u001b[31m\u2502\u001b[0m value"", ""tool_side"": false}",/data/mrumoca/eval/results_v3/openipsl/runtime_free.jsonl
openipsl,runtime-v3,OpenIPSL.Electrical.Controls.PSSE.ES.BaseClasses.RotatingExciterWithDemagnetizationLimited,0,network-boundary-port,low,True,execution-not-completed,"{""node"": ""EFD -- I_C -- Sum -- VE -- V_FE -- XADIFD -- feedback -- gain -- sISO -- se1"", ""boundary_connectors"": ""EFD, I_C, Sum, VE, V_FE, XADIFD, feedback, gain, sISO, se1"", ""wired_to"": ""nothing"", ""note"": ""this connector belongs to the model itself, not to a component inside it: the model is an interface compiled on its own, so the node is open on one side. Nothing forces its flow, which is why a structural matching reports an unmatched unknown here. Not a defect in the model""}",/data/mrumoca/eval/results_v3/openipsl/runtime_free.jsonl
openipsl,runtime-v3,OpenIPSL.Electrical.Controls.PSSE.ES.BaseClasses.RotatingExciterWithDemagnetizationLimited,1,network-observation-incomplete,info,True,execution-not-completed,"{""reason"": ""missing or unsynchronized connector member observations"", ""note"": ""coverage gap, not a model defect""}",/data/mrumoca/eval/results_v3/openipsl/runtime_free.jsonl
openipsl,runtime-v3,OpenIPSL.Electrical.Controls.PSSE.ES.BaseClasses.RotatingExciterWithDemagnetizationLimited,2,initialization-failure,high,True,execution-not-completed,"{""failure_kind"": ""unknown"", ""reason"": ""ntrols.PSSE.ES.BaseClasses.RotatingExciterWithDemagnetizationLimited to t=1 with 22 trace point(s)... \u001b[31m\u001b[0m simulation failed: parameter `K_D` has neither a binding nor an initial \u001b[31m\u2502\u001b[0m value"", ""raw"": ""reading /tmp/tmpmvdxqsyf/traced.rbc (bitcode v2, cbor) holding 2 free input(s) constant at their start values: XADIFD=0, I_C=0 Simulating OpenIPSL.Electrical.Controls.PSSE.ES.BaseClasses.RotatingExciterWithDemagnetizationLimited to t=1 with 22 trace point(s)... \u001b[31m\u001b[0m simulation failed: parameter `K_D` has neither a binding nor an initial \u001b[31m\u2502\u001b[0m value"", ""tool_side"": false}",/data/mrumoca/eval/results_v3/openipsl/runtime_free.jsonl
openipsl,runtime-v3,OpenIPSL.Electrical.Controls.PSSE.ES.BaseClasses.RotatingExciterWithDemagnetizationVarLim,0,network-boundary-port,low,True,execution-not-completed,"{""node"": ""EFD -- I_C -- Sum -- VE -- V_FE -- XADIFD -- feedback -- gain -- sISO -- se1"", ""boundary_connectors"": ""EFD, I_C, Sum, VE, V_FE, XADIFD, feedback, gain, sISO, se1"", ""wired_to"": ""nothing"", ""note"": ""this connector belongs to the model itself, not to a component inside it: the model is an interface compiled on its own, so the node is open on one side. Nothing forces its flow, which is why a structural matching reports an unmatched unknown here. Not a defect in the model""}",/data/mrumoca/eval/results_v3/openipsl/runtime_free.jsonl
openipsl,runtime-v3,OpenIPSL.Electrical.Controls.PSSE.ES.BaseClasses.RotatingExciterWithDemagnetizationVarLim,1,network-observation-incomplete,info,True,execution-not-completed,"{""reason"": ""missing or unsynchronized connector member observations"", ""note"": ""coverage gap, not a model defect""}",/data/mrumoca/eval/results_v3/openipsl/runtime_free.jsonl
openipsl,runtime-v3,OpenIPSL.Electrical.Controls.PSSE.ES.BaseClasses.RotatingExciterWithDemagnetizationVarLim,2,initialization-failure,high,True,execution-not-completed,"{""failure_kind"": ""unknown"", ""reason"": ""ontrols.PSSE.ES.BaseClasses.RotatingExciterWithDemagnetizationVarLim to t=1 with 24 trace point(s)... \u001b[31m\u001b[0m simulation failed: parameter `K_D` has neither a binding nor an initial \u001b[31m\u2502\u001b[0m value"", ""raw"": ""reading /tmp/tmpas6g428_/traced.rbc (bitcode v2, cbor) holding 4 free input(s) constant at their start values: XADIFD=0, I_C=0, outMin=0, outMax=0 Simulating OpenIPSL.Electrical.Controls.PSSE.ES.BaseClasses.RotatingExciterWithDemagnetizationVarLim to t=1 with 24 trace point(s)... \u001b[31m\u001b[0m simulation failed: parameter `K_D` has neither a binding nor an initial \u001b[31m\u2502\u001b[0m value"", ""tool_side"": false}",/data/mrumoca/eval/results_v3/openipsl/runtime_free.jsonl
openipsl,runtime-v3,OpenIPSL.Electrical.Controls.PSSE.ES.BaseClasses.RotatingExciterWithDemagnetization,0,network-boundary-port,low,True,execution-not-completed,"{""node"": ""EFD -- I_C -- Sum -- VE -- V_FE -- XADIFD -- feedback -- gain -- sISO -- se1"", ""boundary_connectors"": ""EFD, I_C, Sum, VE, V_FE, XADIFD, feedback, gain, sISO, se1"", ""wired_to"": ""nothing"", ""note"": ""this connector belongs to the model itself, not to a component inside it: the model is an interface compiled on its own, so the node is open on one side. Nothing forces its flow, which is why a structural matching reports an unmatched unknown here. Not a defect in the model""}",/data/mrumoca/eval/results_v3/openipsl/runtime_free.jsonl
openipsl,runtime-v3,OpenIPSL.Electrical.Controls.PSSE.ES.BaseClasses.RotatingExciterWithDemagnetization,1,network-observation-incomplete,info,True,execution-not-completed,"{""reason"": ""missing or unsynchronized connector member observations"", ""note"": ""coverage gap, not a model defect""}",/data/mrumoca/eval/results_v3/openipsl/runtime_free.jsonl
openipsl,runtime-v3,OpenIPSL.Electrical.Controls.PSSE.ES.BaseClasses.RotatingExciterWithDemagnetization,2,initialization-failure,high,True,execution-not-completed,"{""failure_kind"": ""unknown"", ""reason"": ""ical.Controls.PSSE.ES.BaseClasses.RotatingExciterWithDemagnetization to t=1 with 22 trace point(s)... \u001b[31m\u001b[0m simulation failed: parameter `T_E` has neither a binding nor an initial \u001b[31m\u2502\u001b[0m value"", ""raw"": ""reading /tmp/tmpabadia7n/traced.rbc (bitcode v2, cbor) holding 2 free input(s) constant at their start values: I_C=0, XADIFD=0 Simulating OpenIPSL.Electrical.Controls.PSSE.ES.BaseClasses.RotatingExciterWithDemagnetization to t=1 with 22 trace point(s)... \u001b[31m\u001b[0m simulation failed: parameter `T_E` has neither a binding nor an initial \u001b[31m\u2502\u001b[0m value"", ""tool_side"": false}",/data/mrumoca/eval/results_v3/openipsl/runtime_free.jsonl
openipsl,runtime-v3,OpenIPSL.Electrical.Controls.PSSE.ES.ConstantExcitation,0,network-boundary-port,low,True,hold-input-contract-validation,"{""node"": ""DiffV -- VoltageReference"", ""boundary_connectors"": ""DiffV, VoltageReference"", ""wired_to"": ""nothing"", ""note"": ""this connector belongs to the model itself, not to a component inside it: the model is an interface compiled on its own, so the node is open on one side. Nothing forces its flow, which is why a structural matching reports an unmatched unknown here. Not a defect in the model""}",/data/mrumoca/eval/results_v3/openipsl/runtime_free.jsonl
openipsl,runtime-v3,OpenIPSL.Electrical.Controls.PSSE.ES.ConstantExcitation,1,network-boundary-port,low,True,hold-input-contract-validation,"{""node"": ""EFD -- EFD0"", ""boundary_connectors"": ""EFD, EFD0"", ""wired_to"": ""nothing"", ""note"": ""this connector belongs to the model itself, not to a component inside it: the model is an interface compiled on its own, so the node is open on one side. Nothing forces its flow, which is why a structural matching reports an unmatched unknown here. Not a defect in the model""}",/data/mrumoca/eval/results_v3/openipsl/runtime_free.jsonl
openipsl,runtime-v3,OpenIPSL.Electrical.Controls.PSSE.ES.DC4B,0,network-boundary-port,low,True,execution-not-completed,"{""node"": ""DiffV -- ECOMP -- EFD -- TransducerDelay -- VOEL -- VOTHSG -- VT -- VUEL -- VUEL_VOEL_add -- VoltageReference -- Vpss_Add -- add3_1 -- derivativeLag -- gain -- gain1 -- hV_GATE -- lV_GATE -- pID_No_Windup -- pID_No_Windup.add -- pID_No_Windup.derivative -- pID_No_Windup.derivative_add -- pID_No_Windup.gain1 -- pID_No_Windup.gain2 -- pID_No_Windup.integral -- pID_No_Windup.limiter -- pID_No_Windup.proportional -- pID_No_Windup.reset_switch -- pID_No_Windup.zero -- product1 -- rotatingExciterLimited -- rotatingExciterLimited.Sum -- rotatingExciterLimited.VE -- rotatingExciterLimited.feedback -- rotatingExciterLimited.gain -- rotatingExciterLimited.sISO -- rotatingExciterLimited.se1 -- simpleLagLimVar -- switch_VOEL -- switch_VUEL"", ""boundary_connectors"": ""DiffV, ECOMP, EFD, TransducerDelay, VOEL, VOTHSG, VT, VUEL, VUEL_VOEL_add, VoltageReference, Vpss_Add, add3_1, derivativeLag, gain, gain1, hV_GATE, lV_GATE, pID_No_Windup, product1, rotatingExciterLimited, simpleLagLimVar, switch_VOEL, switch_VUEL"", ""wired_to"": ""pID_No_Windup.add, pID_No_Windup.derivative, pID_No_Windup.derivative_add, pID_No_Windup.gain1, pID_No_Windup.gain2, pID_No_Windup.integral, pID_No_Windup.limiter, pID_No_Windup.proportional, pID_No_Windup.reset_switch, pID_No_Windup.zero, rotatingExciterLimited.Sum, rotatingExciterLimited.VE, rotatingExciterLimited.feedback, rotatingExciterLimited.gain, rotatingExciterLimited.sISO, rotatingExciterLimited.se1"", ""note"": ""this connector belongs to the model itself, not to a component inside it: the model is an interface compiled on its own, so the node is open on one side. Nothing forces its flow, which is why a structural matching reports an unmatched unknown here. Not a defect in the model""}",/data/mrumoca/eval/results_v3/openipsl/runtime_free.jsonl
openipsl,runtime-v3,OpenIPSL.Electrical.Controls.PSSE.ES.DC4B,1,division-out-of-domain,high,True,execution-not-completed,"{""operation"": ""division"", ""requirement"": ""nonzero"", ""operand_value"": 0.0, ""coordinates"": ""internal-evaluation"", ""run_completed"": false, ""claim"": ""native operation domain violation; not a source-model verdict""}",/data/mrumoca/eval/results_v3/openipsl/runtime_free.jsonl
openipsl,runtime-v3,OpenIPSL.Electrical.Controls.PSSE.ES.DC4B,2,network-observation-incomplete,info,True,execution-not-completed,"{""reason"": ""missing or unsynchronized connector member observations"", ""note"": ""coverage gap, not a model defect""}",/data/mrumoca/eval/results_v3/openipsl/runtime_free.jsonl
openipsl,runtime-v3,OpenIPSL.Electrical.Controls.PSSE.ES.DC4B,3,simulation-failure,high,True,execution-not-completed,"{""failure_kind"": ""non-finite-value"", ""reason"": ""nitial variable projection did not satisfy the \u001b[31m\u2502\u001b[0m complete residual system: max selected residual row=15 original_row=15 \u001b[31m\u2502\u001b[0m target=P { index: 111, byte_offset: 888 } value=NaN norm=inf"", ""raw"": ""reading /tmp/tmpmg4_yf0o/traced.rbc (bitcode v2, cbor) holding 7 free input(s) constant at their start values: VUEL=0, VOEL=0, EFD0=0, VOTHSG=0, ECOMP=0, XADIFD=0, VT=0 Simulating OpenIPSL.Electrical.Controls.PSSE.ES.DC4B to t=1 with 102 trace point(s)... \u001b[31m\u001b[0m simulation failed: solve-IR evaluation failed: initial homotopy \u001b[31m\u2502\u001b[0m continuation failed at lambda=0.000000000 step=1.250e-1: so"", ""tool_side"": false}",/data/mrumoca/eval/results_v3/openipsl/runtime_free.jsonl
openipsl,runtime-v3,OpenIPSL.Electrical.Controls.PSSE.ES.ESAC1A,0,network-boundary-port,low,True,execution-not-completed,"{""node"": ""DiffV -- ECOMP -- EFD -- VOEL -- VOTHSG -- VUEL -- VoltageReference -- XADIFD -- add3_1 -- derivative -- hV_GATE -- imLeadLag -- imLeadLag.TF -- imSimpleLag -- lV_GATE -- limiter1 -- rectifierCommutationVoltageDrop -- rectifierCommutationVoltageDrop.division -- rectifierCommutationVoltageDrop.fEX -- rectifierCommutationVoltageDrop.gain2 -- rectifierCommutationVoltageDrop.product1 -- rotatingExciterWithDemagnetization -- rotatingExciterWithDemagnetization.Sum -- rotatingExciterWithDemagnetization.VE -- rotatingExciterWithDemagnetization.feedback -- rotatingExciterWithDemagnetization.gain -- rotatingExciterWithDemagnetization.sISO -- rotatingExciterWithDemagnetization.se1 -- simpleLagLim"", ""boundary_connectors"": ""DiffV, ECOMP, EFD, VOEL, VOTHSG, VUEL, VoltageReference, XADIFD, add3_1, derivative, hV_GATE, imLeadLag, imSimpleLag, lV_GATE, limiter1, rectifierCommutationVoltageDrop, rotatingExciterWithDemagnetization, simpleLagLim"", ""wired_to"": ""imLeadLag.TF, rectifierCommutationVoltageDrop.division, rectifierCommutationVoltageDrop.fEX, rectifierCommutationVoltageDrop.gain2, rectifierCommutationVoltageDrop.product1, rotatingExciterWithDemagnetization.Sum, rotatingExciterWithDemagnetization.VE, rotatingExciterWithDemagnetization.feedback, rotatingExciterWithDemagnetization.gain, rotatingExciterWithDemagnetization.sISO, rotatingExciterWithDemagnetization.se1"", ""note"": ""this connector belongs to the model itself, not to a component inside it: the model is an interface compiled on its own, so the node is open on one side. Nothing forces its flow, which is why a structural matching reports an unmatched unknown here. Not a defect in the model""}",/data/mrumoca/eval/results_v3/openipsl/runtime_free.jsonl
openipsl,runtime-v3,OpenIPSL.Electrical.Controls.PSSE.ES.ESAC1A,1,network-observation-incomplete,info,True,execution-not-completed,"{""reason"": ""missing or unsynchronized connector member observations"", ""note"": ""coverage gap, not a model defect""}",/data/mrumoca/eval/results_v3/openipsl/runtime_free.jsonl
openipsl,runtime-v3,OpenIPSL.Electrical.Controls.PSSE.ES.ESAC1A,2,simulation-failure,high,True,execution-not-completed,"{""failure_kind"": ""non-finite-value"", ""reason"": ""{ source: SourceId(6832497664377395004), start: BytePos(12035), end: \u001b[31m\u2502\u001b[0m BytePos(12047) } @ Span { source: SourceId(6832497664377395004), start: \u001b[31m\u2502\u001b[0m BytePos(12035), end: BytePos(12047) }"", ""raw"": ""reading /tmp/tmpob23j9x1/traced.rbc (bitcode v2, cbor) holding 6 free input(s) constant at their start values: VUEL=0, VOEL=0, EFD0=0, VOTHSG=0, ECOMP=0, XADIFD=0 Simulating OpenIPSL.Electrical.Controls.PSSE.ES.ESAC1A to t=1 with 78 trace point(s)... \u001b[31m\u001b[0m simulation failed: solve-IR evaluation failed: initial homotopy \u001b[31m\u2502\u001b[0m continuation failed at lambda=0.000000000 step=1.250e-1: non-fin"", ""tool_side"": false}",/data/mrumoca/eval/results_v3/openipsl/runtime_free.jsonl
openipsl,runtime-v3,OpenIPSL.Electrical.Controls.PSSE.ES.ESAC2A,0,network-boundary-port,low,True,execution-not-completed,"{""node"": ""DiffV -- DiffV1 -- DiffV2 -- DiffV3 -- ECOMP -- EFD -- FEMAX -- VOEL -- VOTHSG -- VUEL -- VoltageReference -- XADIFD -- add3_1 -- const -- derivative -- div0block -- gain -- gain1 -- hV_GATE -- imLeadLag -- imLeadLag.TF -- imSimpleLag -- lV_GATE -- limiter1 -- lowLim -- rectifierCommutationVoltageDrop -- rectifierCommutationVoltageDrop.division -- rectifierCommutationVoltageDrop.fEX -- rectifierCommutationVoltageDrop.gain2 -- rectifierCommutationVoltageDrop.product1 -- rotatingExciterWithDemagnetization -- rotatingExciterWithDemagnetization.Sum -- rotatingExciterWithDemagnetization.VE -- rotatingExciterWithDemagnetization.feedback -- rotatingExciterWithDemagnetization.gain -- rotatingExciterWithDemagnetization.sISO -- rotatingExciterWithDemagnetization.se1 -- se1 -- simpleLagLim"", ""boundary_connectors"": ""DiffV, DiffV1, DiffV2, DiffV3, ECOMP, EFD, FEMAX, VOEL, VOTHSG, VUEL, VoltageReference, XADIFD, add3_1, const, derivative, div0block, gain, gain1, hV_GATE, imLeadLag, imSimpleLag, lV_GATE, limiter1, lowLim, rectifierCommutationVoltageDrop, rotatingExciterWithDemagnetization, se1, simpleLagLim"", ""wired_to"": ""imLeadLag.TF, rectifierCommutationVoltageDrop.division, rectifierCommutationVoltageDrop.fEX, rectifierCommutationVoltageDrop.gain2, rectifierCommutationVoltageDrop.product1, rotatingExciterWithDemagnetization.Sum, rotatingExciterWithDemagnetization.VE, rotatingExciterWithDemagnetization.feedback, rotatingExciterWithDemagnetization.gain, rotatingExciterWithDemagnetization.sISO, rotatingExciterWithDemagnetization.se1"", ""note"": ""this connector belongs to the model itself, not to a component inside it: the model is an interface compiled on its own, so the node is open on one side. Nothing forces its flow, which is why a structural matching reports an unmatched unknown here. Not a defect in the model""}",/data/mrumoca/eval/results_v3/openipsl/runtime_free.jsonl
openipsl,runtime-v3,OpenIPSL.Electrical.Controls.PSSE.ES.ESAC2A,1,network-observation-incomplete,info,True,execution-not-completed,"{""reason"": ""missing or unsynchronized connector member observations"", ""note"": ""coverage gap, not a model defect""}",/data/mrumoca/eval/results_v3/openipsl/runtime_free.jsonl
openipsl,runtime-v3,OpenIPSL.Electrical.Controls.PSSE.ES.ESAC2A,2,simulation-failure,high,True,execution-not-completed,"{""failure_kind"": ""non-finite-value"", ""reason"": ""{ source: SourceId(6832497664377395004), start: BytePos(12035), end: \u001b[31m\u2502\u001b[0m BytePos(12047) } @ Span { source: SourceId(6832497664377395004), start: \u001b[31m\u2502\u001b[0m BytePos(12035), end: BytePos(12047) }"", ""raw"": ""reading /tmp/tmp58x0oipi/traced.rbc (bitcode v2, cbor) holding 6 free input(s) constant at their start values: VUEL=0, VOEL=0, EFD0=0, VOTHSG=0, ECOMP=0, XADIFD=0 Simulating OpenIPSL.Electrical.Controls.PSSE.ES.ESAC2A to t=1 with 101 trace point(s)... \u001b[31m\u001b[0m simulation failed: solve-IR evaluation failed: initial homotopy \u001b[31m\u2502\u001b[0m continuation failed at lambda=0.000000000 step=1.250e-1: non-fi"", ""tool_side"": false}",/data/mrumoca/eval/results_v3/openipsl/runtime_free.jsonl
openipsl,runtime-v3,OpenIPSL.Electrical.Controls.PSSE.ES.ESDC1A,0,network-boundary-port,low,True,hold-input-contract-validation,"{""node"": ""DiffV -- DiffV1 -- ECOMP -- EFD -- TransducerDelay -- VOEL -- VOTHSG -- VUEL -- VoltageReference -- add3_1 -- hV_GATE -- imDerivativeLag -- imLeadLag -- imLeadLag.TF -- rotatingExciterLimited -- rotatingExciterLimited.Sum -- rotatingExciterLimited.VE -- rotatingExciterLimited.feedback -- rotatingExciterLimited.gain -- rotatingExciterLimited.sISO -- rotatingExciterLimited.se1 -- simpleLagLim"", ""boundary_connectors"": ""DiffV, DiffV1, ECOMP, EFD, TransducerDelay, VOEL, VOTHSG, VUEL, VoltageReference, add3_1, hV_GATE, imDerivativeLag, imLeadLag, rotatingExciterLimited, simpleLagLim"", ""wired_to"": ""imLeadLag.TF, rotatingExciterLimited.Sum, rotatingExciterLimited.VE, rotatingExciterLimited.feedback, rotatingExciterLimited.gain, rotatingExciterLimited.sISO, rotatingExciterLimited.se1"", ""note"": ""this connector belongs to the model itself, not to a component inside it: the model is an interface compiled on its own, so the node is open on one side. Nothing forces its flow, which is why a structural matching reports an unmatched unknown here. Not a defect in the model""}",/data/mrumoca/eval/results_v3/openipsl/runtime_free.jsonl
openipsl,runtime-v3,OpenIPSL.Electrical.Controls.PSSE.ES.ESDC2A,0,network-boundary-port,low,True,hold-input-contract-validation,"{""node"": ""DiffV -- DiffV1 -- ECOMP -- EFD -- TransducerDelay -- VOEL -- VOTHSG -- VT -- VUEL -- VoltageReference -- add3_1 -- gain -- gain1 -- hV_GATE -- imDerivativeLag -- imLeadLag -- imLeadLag.TF -- rotatingExciterLimited -- rotatingExciterLimited.Sum -- rotatingExciterLimited.VE -- rotatingExciterLimited.feedback -- rotatingExciterLimited.gain -- rotatingExciterLimited.sISO -- rotatingExciterLimited.se1 -- simpleLagLimVar"", ""boundary_connectors"": ""DiffV, DiffV1, ECOMP, EFD, TransducerDelay, VOEL, VOTHSG, VT, VUEL, VoltageReference, add3_1, gain, gain1, hV_GATE, imDerivativeLag, imLeadLag, rotatingExciterLimited, simpleLagLimVar"", ""wired_to"": ""imLeadLag.TF, rotatingExciterLimited.Sum, rotatingExciterLimited.VE, rotatingExciterLimited.feedback, rotatingExciterLimited.gain, rotatingExciterLimited.sISO, rotatingExciterLimited.se1"", ""note"": ""this connector belongs to the model itself, not to a component inside it: the model is an interface compiled on its own, so the node is open on one side. Nothing forces its flow, which is why a structural matching reports an unmatched unknown here. Not a defect in the model""}",/data/mrumoca/eval/results_v3/openipsl/runtime_free.jsonl
openipsl,runtime-v3,OpenIPSL.Electrical.Controls.PSSE.ES.ESST1A,0,network-boundary-port,low,True,hold-input-contract-validation,"{""node"": ""DiffV -- ECOMP -- EFD -- Limiters -- TransducerDelay -- VOEL -- VOTHSG -- VOTHSG2 -- VT -- VUEL -- VUEL2 -- VUEL3 -- VoltageReference -- Vref1 -- XADIFD -- add2 -- add3 -- add3_1 -- add3_2 -- hV_GATE -- hV_GATE1 -- imDerivativeLag -- imGain -- imGain1 -- imGain2 -- imGain3 -- imLeadLag -- imLeadLag.TF -- imLeadLag1 -- imLeadLag1.TF -- imLimited -- imLimited1 -- lV_GATE -- simpleLagLim -- variableLimiter"", ""boundary_connectors"": ""DiffV, ECOMP, EFD, Limiters, TransducerDelay, VOEL, VOTHSG, VOTHSG2, VT, VUEL, VUEL2, VUEL3, VoltageReference, Vref1, XADIFD, add2, add3, add3_1, add3_2, hV_GATE, hV_GATE1, imDerivativeLag, imGain, imGain1, imGain2, imGain3, imLeadLag, imLeadLag1, imLimited, imLimited1, lV_GATE, simpleLagLim, variableLimiter"", ""wired_to"": ""imLeadLag.TF, imLeadLag1.TF"", ""note"": ""this connector belongs to the model itself, not to a component inside it: the model is an interface compiled on its own, so the node is open on one side. Nothing forces its flow, which is why a structural matching reports an unmatched unknown here. Not a defect in the model""}",/data/mrumoca/eval/results_v3/openipsl/runtime_free.jsonl
openipsl,runtime-v3,OpenIPSL.Electrical.Controls.PSSE.ES.ESURRY,0,network-boundary-port,low,True,execution-not-completed,"{""node"": ""DiffV -- ECOMP -- EFD -- VOTHSG -- VUEL -- VoltageReference -- XADIFD -- add -- add3_2 -- add3_3 -- const -- gain -- gain1 -- leadLag -- leadLag.TF -- leadLag1 -- leadLag1.TF -- limiter -- rectifierCommutationVoltageDrop -- rectifierCommutationVoltageDrop.division -- rectifierCommutationVoltageDrop.fEX -- rectifierCommutationVoltageDrop.gain2 -- rectifierCommutationVoltageDrop.product1 -- rotatingExciterWithDemagnetization -- rotatingExciterWithDemagnetization.Sum -- rotatingExciterWithDemagnetization.VE -- rotatingExciterWithDemagnetization.feedback -- rotatingExciterWithDemagnetization.gain -- rotatingExciterWithDemagnetization.sISO -- rotatingExciterWithDemagnetization.se1 -- simpleLag -- simpleLag1 -- washout"", ""boundary_connectors"": ""DiffV, ECOMP, EFD, VOTHSG, VUEL, VoltageReference, XADIFD, add, add3_2, add3_3, const, gain, gain1, leadLag, leadLag1, limiter, rectifierCommutationVoltageDrop, rotatingExciterWithDemagnetization, simpleLag, simpleLag1, washout"", ""wired_to"": ""leadLag.TF, leadLag1.TF, rectifierCommutationVoltageDrop.division, rectifierCommutationVoltageDrop.fEX, rectifierCommutationVoltageDrop.gain2, rectifierCommutationVoltageDrop.product1, rotatingExciterWithDemagnetization.Sum, rotatingExciterWithDemagnetization.VE, rotatingExciterWithDemagnetization.feedback, rotatingExciterWithDemagnetization.gain, rotatingExciterWithDemagnetization.sISO, rotatingExciterWithDemagnetization.se1"", ""note"": ""this connector belongs to the model itself, not to a component inside it: the model is an interface compiled on its own, so the node is open on one side. Nothing forces its flow, which is why a structural matching reports an unmatched unknown here. Not a defect in the model""}",/data/mrumoca/eval/results_v3/openipsl/runtime_free.jsonl
openipsl,runtime-v3,OpenIPSL.Electrical.Controls.PSSE.ES.ESURRY,1,network-observation-incomplete,info,True,execution-not-completed,"{""reason"": ""missing or unsynchronized connector member observations"", ""note"": ""coverage gap, not a model defect""}",/data/mrumoca/eval/results_v3/openipsl/runtime_free.jsonl
openipsl,runtime-v3,OpenIPSL.Electrical.Controls.PSSE.ES.ESURRY,2,simulation-failure,high,True,execution-not-completed,"{""failure_kind"": ""non-finite-value"", ""reason"": ""{ source: SourceId(6832497664377395004), start: BytePos(12035), end: \u001b[31m\u2502\u001b[0m BytePos(12047) } @ Span { source: SourceId(6832497664377395004), start: \u001b[31m\u2502\u001b[0m BytePos(12035), end: BytePos(12047) }"", ""raw"": ""reading /tmp/tmpxy0ekxhr/traced.rbc (bitcode v2, cbor) holding 6 free input(s) constant at their start values: VUEL=0, VOEL=0, EFD0=0, VOTHSG=0, ECOMP=0, XADIFD=0 Simulating OpenIPSL.Electrical.Controls.PSSE.ES.ESURRY to t=1 with 92 trace point(s)... \u001b[31m\u001b[0m simulation failed: solve-IR evaluation failed: initial homotopy \u001b[31m\u2502\u001b[0m continuation failed at lambda=0.000000000 step=1.250e-1: non-fin"", ""tool_side"": false}",/data/mrumoca/eval/results_v3/openipsl/runtime_free.jsonl
openipsl,runtime-v3,OpenIPSL.Electrical.Controls.PSSE.ES.EXAC2,0,network-boundary-port,low,True,execution-not-completed,"{""node"": ""DiffV -- DiffV1 -- ECOMP -- EFD -- TransducerDelay -- VOEL -- VOTHSG -- VUEL -- VoltageReference -- Vref1 -- XADIFD -- add3 -- add3_1 -- add3_2 -- gain -- gain1 -- gain3 -- imDerivativeLag -- imLimitedSimpleLag -- lV_GATE -- leadLag -- leadLag.TF -- limiter -- rectifierCommutationVoltageDrop -- rectifierCommutationVoltageDrop.division -- rectifierCommutationVoltageDrop.fEX -- rectifierCommutationVoltageDrop.gain2 -- rectifierCommutationVoltageDrop.product1 -- rotatingExciterWithDemagnetizationLimited -- rotatingExciterWithDemagnetizationLimited.Sum -- rotatingExciterWithDemagnetizationLimited.VE -- rotatingExciterWithDemagnetizationLimited.feedback -- rotatingExciterWithDemagnetizationLimited.gain -- rotatingExciterWithDemagnetizationLimited.sISO -- rotatingExciterWithDemagnetizationLimited.se1"", ""boundary_connectors"": ""DiffV, DiffV1, ECOMP, EFD, TransducerDelay, VOEL, VOTHSG, VUEL, VoltageReference, Vref1, XADIFD, add3, add3_1, add3_2, gain, gain1, gain3, imDerivativeLag, imLimitedSimpleLag, lV_GATE, leadLag, limiter, rectifierCommutationVoltageDrop, rotatingExciterWithDemagnetizationLimited"", ""wired_to"": ""leadLag.TF, rectifierCommutationVoltageDrop.division, rectifierCommutationVoltageDrop.fEX, rectifierCommutationVoltageDrop.gain2, rectifierCommutationVoltageDrop.product1, rotatingExciterWithDemagnetizationLimited.Sum, rotatingExciterWithDemagnetizationLimited.VE, rotatingExciterWithDemagnetizationLimited.feedback, rotatingExciterWithDemagnetizationLimited.gain, rotatingExciterWithDemagnetizationLimited.sISO, rotatingExciterWithDemagnetizationLimited.se1"", ""note"": ""this connector belongs to the model itself, not to a component inside it: the model is an interface compiled on its own, so the node is open on one side. Nothing forces its flow, which is why a structural matching reports an unmatched unknown here. Not a defect in the model""}",/data/mrumoca/eval/results_v3/openipsl/runtime_free.jsonl
openipsl,runtime-v3,OpenIPSL.Electrical.Controls.PSSE.ES.EXAC2,1,network-observation-incomplete,info,True,execution-not-completed,"{""reason"": ""missing or unsynchronized connector member observations"", ""note"": ""coverage gap, not a model defect""}",/data/mrumoca/eval/results_v3/openipsl/runtime_free.jsonl
openipsl,runtime-v3,OpenIPSL.Electrical.Controls.PSSE.ES.EXAC2,2,simulation-failure,high,True,execution-not-completed,"{""failure_kind"": ""non-finite-value"", ""reason"": ""{ source: SourceId(6832497664377395004), start: BytePos(12035), end: \u001b[31m\u2502\u001b[0m BytePos(12047) } @ Span { source: SourceId(6832497664377395004), start: \u001b[31m\u2502\u001b[0m BytePos(12035), end: BytePos(12047) }"", ""raw"": ""reading /tmp/tmpxv7a4qmd/traced.rbc (bitcode v2, cbor) holding 6 free input(s) constant at their start values: VUEL=0, VOEL=0, EFD0=0, VOTHSG=0, ECOMP=0, XADIFD=0 Simulating OpenIPSL.Electrical.Controls.PSSE.ES.EXAC2 to t=1 with 92 trace point(s)... \u001b[31m\u001b[0m simulation failed: solve-IR evaluation failed: initial homotopy \u001b[31m\u2502\u001b[0m continuation failed at lambda=0.000000000 step=1.250e-1: non-fini"", ""tool_side"": false}",/data/mrumoca/eval/results_v3/openipsl/runtime_free.jsonl
openipsl,runtime-v3,OpenIPSL.Electrical.Controls.PSSE.ES.EXAC1,0,network-boundary-port,low,True,execution-not-completed,"{""node"": ""DiffV -- ECOMP -- EFD -- TransducerDelay -- VOEL -- VOTHSG -- VUEL -- VoltageReference -- XADIFD -- add3_1 -- add3_2 -- imDerivativeLag -- imLimitedSimpleLag -- leadLag -- leadLag.TF -- rectifierCommutationVoltageDrop -- rectifierCommutationVoltageDrop.division -- rectifierCommutationVoltageDrop.fEX -- rectifierCommutationVoltageDrop.gain2 -- rectifierCommutationVoltageDrop.product1 -- rotatingExciterWithDemagnetizationLimited -- rotatingExciterWithDemagnetizationLimited.Sum -- rotatingExciterWithDemagnetizationLimited.VE -- rotatingExciterWithDemagnetizationLimited.feedback -- rotatingExciterWithDemagnetizationLimited.gain -- rotatingExciterWithDemagnetizationLimited.sISO -- rotatingExciterWithDemagnetizationLimited.se1"", ""boundary_connectors"": ""DiffV, ECOMP, EFD, TransducerDelay, VOEL, VOTHSG, VUEL, VoltageReference, XADIFD, add3_1, add3_2, imDerivativeLag, imLimitedSimpleLag, leadLag, rectifierCommutationVoltageDrop, rotatingExciterWithDemagnetizationLimited"", ""wired_to"": ""leadLag.TF, rectifierCommutationVoltageDrop.division, rectifierCommutationVoltageDrop.fEX, rectifierCommutationVoltageDrop.gain2, rectifierCommutationVoltageDrop.product1, rotatingExciterWithDemagnetizationLimited.Sum, rotatingExciterWithDemagnetizationLimited.VE, rotatingExciterWithDemagnetizationLimited.feedback, rotatingExciterWithDemagnetizationLimited.gain, rotatingExciterWithDemagnetizationLimited.sISO, rotatingExciterWithDemagnetizationLimited.se1"", ""note"": ""this connector belongs to the model itself, not to a component inside it: the model is an interface compiled on its own, so the node is open on one side. Nothing forces its flow, which is why a structural matching reports an unmatched unknown here. Not a defect in the model""}",/data/mrumoca/eval/results_v3/openipsl/runtime_free.jsonl
openipsl,runtime-v3,OpenIPSL.Electrical.Controls.PSSE.ES.EXAC1,1,network-observation-incomplete,info,True,execution-not-completed,"{""reason"": ""missing or unsynchronized connector member observations"", ""note"": ""coverage gap, not a model defect""}",/data/mrumoca/eval/results_v3/openipsl/runtime_free.jsonl
openipsl,runtime-v3,OpenIPSL.Electrical.Controls.PSSE.ES.EXAC1,2,simulation-failure,high,True,execution-not-completed,"{""failure_kind"": ""non-finite-value"", ""reason"": ""nite (NaN) value \u001b[31m\u2502\u001b[0m computed for `rectifierCommutationVoltageDrop.division.y` @ Span { source: \u001b[31m\u2502\u001b[0m SourceId(6832497664377395004), start: BytePos(12035), end: \u001b[31m\u2502\u001b[0m BytePos(12047) }"", ""raw"": ""reading /tmp/tmpu_ytdo4b/traced.rbc (bitcode v2, cbor) holding 6 free input(s) constant at their start values: VUEL=0, VOEL=0, EFD0=0, VOTHSG=0, ECOMP=0, XADIFD=0 Simulating OpenIPSL.Electrical.Controls.PSSE.ES.EXAC1 to t=1 with 73 trace point(s)... \u001b[31m\u001b[0m simulation failed: solve-IR evaluation failed: non-finite (NaN) value \u001b[31m\u2502\u001b[0m computed for `rectifierCommutationVoltageDrop.division.y` @"", ""tool_side"": false}",/data/mrumoca/eval/results_v3/openipsl/runtime_free.jsonl
openipsl,runtime-v3,OpenIPSL.Electrical.Controls.PSSE.ES.EXBAS,0,network-boundary-port,low,True,execution-not-completed,"{""node"": ""DiffV -- ECOMP -- EFD -- VOEL -- VOTHSG -- VUEL -- VoltageReference -- XADIFD -- add -- add3_1 -- add3_2 -- gain -- imDerivativeLag -- integrator -- leadLag -- leadLag.TF -- leadLag1 -- leadLag1.TF -- rectifierCommutationVoltageDrop -- rectifierCommutationVoltageDrop.division -- rectifierCommutationVoltageDrop.fEX -- rectifierCommutationVoltageDrop.gain2 -- rectifierCommutationVoltageDrop.product1 -- rotatingExciterWithDemagnetizationLimited -- rotatingExciterWithDemagnetizationLimited.Sum -- rotatingExciterWithDemagnetizationLimited.VE -- rotatingExciterWithDemagnetizationLimited.feedback -- rotatingExciterWithDemagnetizationLimited.gain -- rotatingExciterWithDemagnetizationLimited.sISO -- rotatingExciterWithDemagnetizationLimited.se1 -- simpleLag -- simpleLagLim"", ""boundary_connectors"": ""DiffV, ECOMP, EFD, VOEL, VOTHSG, VUEL, VoltageReference, XADIFD, add, add3_1, add3_2, gain, imDerivativeLag, integrator, leadLag, leadLag1, rectifierCommutationVoltageDrop, rotatingExciterWithDemagnetizationLimited, simpleLag, simpleLagLim"", ""wired_to"": ""leadLag.TF, leadLag1.TF, rectifierCommutationVoltageDrop.division, rectifierCommutationVoltageDrop.fEX, rectifierCommutationVoltageDrop.gain2, rectifierCommutationVoltageDrop.product1, rotatingExciterWithDemagnetizationLimited.Sum, rotatingExciterWithDemagnetizationLimited.VE, rotatingExciterWithDemagnetizationLimited.feedback, rotatingExciterWithDemagnetizationLimited.gain, rotatingExciterWithDemagnetizationLimited.sISO, rotatingExciterWithDemagnetizationLimited.se1"", ""note"": ""this connector belongs to the model itself, not to a component inside it: the model is an interface compiled on its own, so the node is open on one side. Nothing forces its flow, which is why a structural matching reports an unmatched unknown here. Not a defect in the model""}",/data/mrumoca/eval/results_v3/openipsl/runtime_free.jsonl
openipsl,runtime-v3,OpenIPSL.Electrical.Controls.PSSE.ES.EXBAS,1,division-out-of-domain,high,True,execution-not-completed,"{""operation"": ""division"", ""requirement"": ""nonzero"", ""operand_value"": 0.0, ""coordinates"": ""internal-evaluation"", ""run_completed"": false, ""claim"": ""native operation domain violation; not a source-model verdict""}",/data/mrumoca/eval/results_v3/openipsl/runtime_free.jsonl
openipsl,runtime-v3,OpenIPSL.Electrical.Controls.PSSE.ES.EXBAS,2,network-observation-incomplete,info,True,execution-not-completed,"{""reason"": ""missing or unsynchronized connector member observations"", ""note"": ""coverage gap, not a model defect""}",/data/mrumoca/eval/results_v3/openipsl/runtime_free.jsonl
openipsl,runtime-v3,OpenIPSL.Electrical.Controls.PSSE.ES.EXBAS,3,simulation-failure,high,True,execution-not-completed,"{""failure_kind"": ""non-finite-value"", ""reason"": ""e at event boundary: worst scaled residual row=20 \u001b[31m\u2502\u001b[0m target=rectifierCommutationVoltageDrop.division.y value=NaN ratio=NaN \u001b[31m\u2502\u001b[0m norm=inf row_scale=1.000000e0 scaled_tolerance=1.000000e-6"", ""raw"": ""reading /tmp/tmpv0ll4y28/traced.rbc (bitcode v2, cbor) holding 6 free input(s) constant at their start values: VUEL=0, VOEL=0, EFD0=0, VOTHSG=0, ECOMP=0, XADIFD=0 Simulating OpenIPSL.Electrical.Controls.PSSE.ES.EXBAS to t=1 with 90 trace point(s)... \u001b[31m\u001b[0m simulation failed: solve-IR evaluation failed: algebraic projection did not \u001b[31m\u2502\u001b[0m converge at event boundary: worst scaled residual row"", ""tool_side"": false}",/data/mrumoca/eval/results_v3/openipsl/runtime_free.jsonl
openipsl,runtime-v3,OpenIPSL.Electrical.Controls.PSSE.ES.EXNI,0,network-boundary-port,low,True,execution-not-completed,"{""node"": ""DiffV -- ECOMP -- EFD -- Limiters -- TransducerDelay -- VOEL -- VOTHSG -- VR -- VUEL -- VoltageReference -- XADIFD -- add -- add3_1 -- booleanConstant -- derivativeLag -- limiter -- negCurLogic -- product -- simpleLag1 -- switch1"", ""boundary_connectors"": ""DiffV, ECOMP, EFD, Limiters, TransducerDelay, VOEL, VOTHSG, VR, VUEL, VoltageReference, XADIFD, add, add3_1, booleanConstant, derivativeLag, limiter, negCurLogic, product, simpleLag1, switch1"", ""wired_to"": ""nothing"", ""note"": ""this connector belongs to the model itself, not to a component inside it: the model is an interface compiled on its own, so the node is open on one side. Nothing forces its flow, which is why a structural matching reports an unmatched unknown here. Not a defect in the model""}",/data/mrumoca/eval/results_v3/openipsl/runtime_free.jsonl
openipsl,runtime-v3,OpenIPSL.Electrical.Controls.PSSE.ES.EXNI,1,division-out-of-domain,high,True,execution-not-completed,"{""operation"": ""division"", ""requirement"": ""nonzero"", ""operand_value"": 0.0, ""coordinates"": ""internal-evaluation"", ""run_completed"": false, ""claim"": ""native operation domain violation; not a source-model verdict""}",/data/mrumoca/eval/results_v3/openipsl/runtime_free.jsonl
openipsl,runtime-v3,OpenIPSL.Electrical.Controls.PSSE.ES.EXNI,2,network-observation-incomplete,info,True,execution-not-completed,"{""reason"": ""missing or unsynchronized connector member observations"", ""note"": ""coverage gap, not a model defect""}",/data/mrumoca/eval/results_v3/openipsl/runtime_free.jsonl
openipsl,runtime-v3,OpenIPSL.Electrical.Controls.PSSE.ES.EXNI,3,initialization-failure,high,True,execution-not-completed,"{""failure_kind"": ""non-finite-value"", ""reason"": "": initial variable projection did not satisfy the \u001b[31m\u2502\u001b[0m complete residual system: max selected residual row=6 original_row=6 \u001b[31m\u2502\u001b[0m target=P { index: 44, byte_offset: 352 } value=NaN norm=inf"", ""raw"": ""reading /tmp/tmpkezpdmmy/traced.rbc (bitcode v2, cbor) holding 6 free input(s) constant at their start values: VUEL=0, VOEL=0, EFD0=0, VOTHSG=0, ECOMP=0, XADIFD=0 Simulating OpenIPSL.Electrical.Controls.PSSE.ES.EXNI to t=1 with 51 trace point(s)... \u001b[31m\u001b[0m simulation failed: solve-IR evaluation failed: initial homotopy \u001b[31m\u2502\u001b[0m continuation failed at lambda=0.000000000 step=1.250e-1: solve-IR "", ""tool_side"": false}",/data/mrumoca/eval/results_v3/openipsl/runtime_free.jsonl
openipsl,runtime-v3,OpenIPSL.Electrical.Controls.PSSE.ES.EXST1,0,network-boundary-port,low,True,execution-not-completed,"{""node"": ""DiffV -- ECOMP -- EFD1 -- K_a -- Limiters -- TransducerDelay -- VOEL -- VOTHSG -- VUEL -- Vm1 -- VoltageReference -- add3_2 -- feedback -- imDerivativeLag -- imLeadLag -- imLeadLag.TF -- limiter"", ""boundary_connectors"": ""DiffV, ECOMP, EFD1, K_a, Limiters, TransducerDelay, VOEL, VOTHSG, VUEL, Vm1, VoltageReference, add3_2, feedback, imDerivativeLag, imLeadLag, limiter"", ""wired_to"": ""imLeadLag.TF"", ""note"": ""this connector belongs to the model itself, not to a component inside it: the model is an interface compiled on its own, so the node is open on one side. Nothing forces its flow, which is why a structural matching reports an unmatched unknown here. Not a defect in the model""}",/data/mrumoca/eval/results_v3/openipsl/runtime_free.jsonl
openipsl,runtime-v3,OpenIPSL.Electrical.Controls.PSSE.ES.EXST1,1,network-observation-incomplete,info,True,execution-not-completed,"{""reason"": ""missing or unsynchronized connector member observations"", ""note"": ""coverage gap, not a model defect""}",/data/mrumoca/eval/results_v3/openipsl/runtime_free.jsonl
openipsl,runtime-v3,OpenIPSL.Electrical.Controls.PSSE.ES.EXST1,2,simulation-failure,high,True,execution-not-completed,"{""failure_kind"": ""nonlinear-solver-failure"", ""reason"": ""nverge at event \u001b[31m\u2502\u001b[0m boundary: worst scaled residual row=21 target=EFD value=1.953125e-6 \u001b[31m\u2502\u001b[0m ratio=1.953125e0 norm=1.953125e-6 row_scale=1.000000e0 \u001b[31m\u2502\u001b[0m scaled_tolerance=1.000000e-6"", ""raw"": ""reading /tmp/tmpsln2102m/traced.rbc (bitcode v2, cbor) holding 6 free input(s) constant at their start values: VUEL=0, VOEL=0, EFD0=0, VOTHSG=0, ECOMP=0, XADIFD=0 Simulating OpenIPSL.Electrical.Controls.PSSE.ES.EXST1 to t=1 with 46 trace point(s)... \u001b[31m\u001b[0m simulation failed: solve-IR evaluation failed: initial homotopy \u001b[31m\u2502\u001b[0m continuation failed at lambda=0.000000000 step=1.250e-1: solve-IR"", ""tool_side"": false}",/data/mrumoca/eval/results_v3/openipsl/runtime_free.jsonl
openipsl,runtime-v3,OpenIPSL.Electrical.Controls.PSSE.ES.IEEET1,0,network-boundary-port,low,True,hold-input-contract-validation,"{""node"": ""DiffV -- DiffV1 -- ECOMP -- EFD -- TransducerDelay -- VOEL -- VOTHSG -- VUEL -- VoltageReference -- derivativeLag -- rotatingExciter -- rotatingExciter.Sum -- rotatingExciter.VE -- rotatingExciter.feedback -- rotatingExciter.gain -- rotatingExciter.sISO -- rotatingExciter.se1 -- simpleLagLim -- sum2 -- sum3"", ""boundary_connectors"": ""DiffV, DiffV1, ECOMP, EFD, TransducerDelay, VOEL, VOTHSG, VUEL, VoltageReference, derivativeLag, rotatingExciter, simpleLagLim, sum2, sum3"", ""wired_to"": ""rotatingExciter.Sum, rotatingExciter.VE, rotatingExciter.feedback, rotatingExciter.gain, rotatingExciter.sISO, rotatingExciter.se1"", ""note"": ""this connector belongs to the model itself, not to a component inside it: the model is an interface compiled on its own, so the node is open on one side. Nothing forces its flow, which is why a structural matching reports an unmatched unknown here. Not a defect in the model""}",/data/mrumoca/eval/results_v3/openipsl/runtime_free.jsonl
openipsl,runtime-v3,OpenIPSL.Electrical.Controls.PSSE.ES.SCRX,0,network-boundary-port,low,True,execution-not-completed,"{""node"": ""DiffV -- DiffV1 -- ECOMP -- EFD -- VOEL -- VOTHSG -- VUEL -- V_erro -- VoltageReference -- XADIFD -- booleanConstant -- imLeadLag -- imLeadLag.TF -- negCurLogic -- product -- simpleLagLim -- switch1"", ""boundary_connectors"": ""DiffV, DiffV1, ECOMP, EFD, VOEL, VOTHSG, VUEL, V_erro, VoltageReference, XADIFD, booleanConstant, imLeadLag, negCurLogic, product, simpleLagLim, switch1"", ""wired_to"": ""imLeadLag.TF"", ""note"": ""this connector belongs to the model itself, not to a component inside it: the model is an interface compiled on its own, so the node is open on one side. Nothing forces its flow, which is why a structural matching reports an unmatched unknown here. Not a defect in the model""}",/data/mrumoca/eval/results_v3/openipsl/runtime_free.jsonl
openipsl,runtime-v3,OpenIPSL.Electrical.Controls.PSSE.ES.SCRX,1,division-out-of-domain,high,True,execution-not-completed,"{""operation"": ""division"", ""requirement"": ""nonzero"", ""operand_value"": 0.0, ""coordinates"": ""internal-evaluation"", ""run_completed"": false, ""claim"": ""native operation domain violation; not a source-model verdict""}",/data/mrumoca/eval/results_v3/openipsl/runtime_free.jsonl
openipsl,runtime-v3,OpenIPSL.Electrical.Controls.PSSE.ES.SCRX,2,network-observation-incomplete,info,True,execution-not-completed,"{""reason"": ""missing or unsynchronized connector member observations"", ""note"": ""coverage gap, not a model defect""}",/data/mrumoca/eval/results_v3/openipsl/runtime_free.jsonl
openipsl,runtime-v3,OpenIPSL.Electrical.Controls.PSSE.ES.SCRX,3,initialization-failure,high,True,execution-not-completed,"{""failure_kind"": ""non-finite-value"", ""reason"": "": initial variable projection \u001b[31m\u2502\u001b[0m did not satisfy the complete residual system: max selected residual row=4 \u001b[31m\u2502\u001b[0m original_row=4 target=P { index: 48, byte_offset: 384 } value=NaN norm=inf"", ""raw"": ""reading /tmp/tmpzgzltunc/traced.rbc (bitcode v2, cbor) holding 6 free input(s) constant at their start values: VUEL=0, VOEL=0, EFD0=0, VOTHSG=0, ECOMP=0, XADIFD=0 Simulating OpenIPSL.Electrical.Controls.PSSE.ES.SCRX to t=1 with 42 trace point(s)... \u001b[31m\u001b[0m simulation failed: solve-IR evaluation failed: initial variable projection \u001b[31m\u2502\u001b[0m did not satisfy the complete residual system: max selec"", ""tool_side"": false}",/data/mrumoca/eval/results_v3/openipsl/runtime_free.jsonl
openipsl,runtime-v3,OpenIPSL.Electrical.Controls.PSSE.ES.IEEEX1,0,network-boundary-port,low,True,hold-input-contract-validation,"{""node"": ""DiffV -- ECOMP -- EFD -- LL -- LL.TF -- SL -- TransducerDelay -- VOEL -- VOTHSG -- VUEL -- V_Erro1 -- V_Erro2 -- VoltageReference -- imDerivativeLag -- rotatingExciter -- rotatingExciter.Sum -- rotatingExciter.VE -- rotatingExciter.feedback -- rotatingExciter.gain -- rotatingExciter.sISO -- rotatingExciter.se1"", ""boundary_connectors"": ""DiffV, ECOMP, EFD, LL, SL, TransducerDelay, VOEL, VOTHSG, VUEL, V_Erro1, V_Erro2, VoltageReference, imDerivativeLag, rotatingExciter"", ""wired_to"": ""LL.TF, rotatingExciter.Sum, rotatingExciter.VE, rotatingExciter.feedback, rotatingExciter.gain, rotatingExciter.sISO, rotatingExciter.se1"", ""note"": ""this connector belongs to the model itself, not to a component inside it: the model is an interface compiled on its own, so the node is open on one side. Nothing forces its flow, which is why a structural matching reports an unmatched unknown here. Not a defect in the model""}",/data/mrumoca/eval/results_v3/openipsl/runtime_free.jsonl
openipsl,runtime-v3,OpenIPSL.Electrical.Controls.PSSE.ES.IEEET2,0,network-boundary-port,low,True,hold-input-contract-validation,"{""node"": ""DiffV -- ECOMP -- EFD -- Limiters -- TransducerDelay -- VOEL -- VOTHSG -- VUEL -- VoltageReference -- add -- add3_1 -- derivativeLag -- rotatingExciter -- rotatingExciter.Sum -- rotatingExciter.VE -- rotatingExciter.feedback -- rotatingExciter.gain -- rotatingExciter.sISO -- rotatingExciter.se1 -- simpleLag -- simpleLagLim"", ""boundary_connectors"": ""DiffV, ECOMP, EFD, Limiters, TransducerDelay, VOEL, VOTHSG, VUEL, VoltageReference, add, add3_1, derivativeLag, rotatingExciter, simpleLag, simpleLagLim"", ""wired_to"": ""rotatingExciter.Sum, rotatingExciter.VE, rotatingExciter.feedback, rotatingExciter.gain, rotatingExciter.sISO, rotatingExciter.se1"", ""note"": ""this connector belongs to the model itself, not to a component inside it: the model is an interface compiled on its own, so the node is open on one side. Nothing forces its flow, which is why a structural matching reports an unmatched unknown here. Not a defect in the model""}",/data/mrumoca/eval/results_v3/openipsl/runtime_free.jsonl
openipsl,runtime-v3,OpenIPSL.Electrical.Controls.PSSE.ES.SEXS,0,network-boundary-port,low,True,hold-input-contract-validation,"{""node"": ""DiffV -- DiffV1 -- ECOMP -- EFD -- VOEL -- VOTHSG -- VUEL -- V_erro -- VoltageReference -- leadLag -- leadLag.TF -- simpleLagLim"", ""boundary_connectors"": ""DiffV, DiffV1, ECOMP, EFD, VOEL, VOTHSG, VUEL, V_erro, VoltageReference, leadLag, simpleLagLim"", ""wired_to"": ""leadLag.TF"", ""note"": ""this connector belongs to the model itself, not to a component inside it: the model is an interface compiled on its own, so the node is open on one side. Nothing forces its flow, which is why a structural matching reports an unmatched unknown here. Not a defect in the model""}",/data/mrumoca/eval/results_v3/openipsl/runtime_free.jsonl
openipsl,runtime-v3,OpenIPSL.Electrical.Controls.PSSE.ES.ST5B,0,network-boundary-port,low,True,hold-input-contract-validation,"{""node"": ""DiffV -- ECOMP -- EFD -- K_c -- K_r -- TransducerDelay -- VERR1 -- VERR2 -- VOEL -- VOTHSG -- VUEL -- VoltageReference -- XADIFD -- hV_Gate -- high -- imLimitedLeadLag -- imLimitedLeadLag.add2 -- imLimitedLeadLag.add3 -- imLimitedLeadLag.gain -- imLimitedLeadLag.gain1 -- imLimitedLeadLag.integrator -- imLimitedLeadLag.limiter -- imLimitedLeadLag1 -- imLimitedLeadLag1.add2 -- imLimitedLeadLag1.add3 -- imLimitedLeadLag1.gain -- imLimitedLeadLag1.gain1 -- imLimitedLeadLag1.integrator -- imLimitedLeadLag1.limiter -- imLimitedLeadLag2 -- imLimitedLeadLag2.add2 -- imLimitedLeadLag2.add3 -- imLimitedLeadLag2.gain -- imLimitedLeadLag2.gain1 -- imLimitedLeadLag2.integrator -- imLimitedLeadLag2.limiter -- imLimitedLeadLag3 -- imLimitedLeadLag3.add2 -- imLimitedLeadLag3.add3 -- imLimitedLeadLag3.gain -- imLimitedLeadLag3.gain1 -- imLimitedLeadLag3.integrator -- imLimitedLeadLag3.limiter -- imLimitedLeadLag4 -- imLimitedLeadLag4.add2 -- imLimitedLeadLag4.add3 -- imLimitedLeadLag4.gain -- imLimitedLeadLag4.gain1 -- imLimitedLeadLag4.integrator -- imLimitedLeadLag4.limiter -- imLimitedLeadLag5 -- imLimitedLeadLag5.add2 -- imLimitedLeadLag5.add3 -- imLimitedLeadLag5.gain -- imLimitedLeadLag5.gain1 -- imLimitedLeadLag5.integrator -- imLimitedLeadLag5.limiter -- lV_Gate -- limiter -- low -- simpleLagLimVar"", ""boundary_connectors"": ""DiffV, ECOMP, EFD, K_c, K_r, TransducerDelay, VERR1, VERR2, VOEL, VOTHSG, VUEL, VoltageReference, XADIFD, hV_Gate, high, imLimitedLeadLag, imLimitedLeadLag1, imLimitedLeadLag2, imLimitedLeadLag3, imLimitedLeadLag4, imLimitedLeadLag5, lV_Gate, limiter, low, simpleLagLimVar"", ""wired_to"": ""imLimitedLeadLag.add2, imLimitedLeadLag.add3, imLimitedLeadLag.gain, imLimitedLeadLag.gain1, imLimitedLeadLag.integrator, imLimitedLeadLag.limiter, imLimitedLeadLag1.add2, imLimitedLeadLag1.add3, imLimitedLeadLag1.gain, imLimitedLeadLag1.gain1, imLimitedLeadLag1.integrator, imLimitedLeadLag1.limiter, imLimitedLeadLag2.add2, imLimitedLeadLag2.add3, imLimitedLeadLag2.gain, imLimitedLeadLag2.gain1, imLimitedLeadLag2.integrator, imLimitedLeadLag2.limiter, imLimitedLeadLag3.add2, imLimitedLeadLag3.add3, imLimitedLeadLag3.gain, imLimitedLeadLag3.gain1, imLimitedLeadLag3.integrator, imLimitedLeadLag3.limiter, imLimitedLeadLag4.add2, imLimitedLeadLag4.add3, imLimitedLeadLag4.gain, imLimitedLeadLag4.gain1, imLimitedLeadLag4.integrator, imLimitedLeadLag4.limiter, imLimitedLeadLag5.add2, imLimitedLeadLag5.add3, imLimitedLeadLag5.gain, imLimitedLeadLag5.gain1, imLimitedLeadLag5.integrator, imLimitedLeadLag5.limiter"", ""note"": ""this connector belongs to the model itself, not to a component inside it: the model is an interface compiled on its own, so the node is open on one side. Nothing forces its flow, which is why a structural matching reports an unmatched unknown here. Not a defect in the model""}",/data/mrumoca/eval/results_v3/openipsl/runtime_free.jsonl
openipsl,runtime-v3,OpenIPSL.Electrical.Controls.PSSE.PSS.DisabledPSS,0,network-boundary-port,low,True,hold-input-contract-validation,"{""node"": ""VOTHSG -- const"", ""boundary_connectors"": ""VOTHSG, const"", ""wired_to"": ""nothing"", ""note"": ""this connector belongs to the model itself, not to a component inside it: the model is an interface compiled on its own, so the node is open on one side. Nothing forces its flow, which is why a structural matching reports an unmatched unknown here. Not a defect in the model""}",/data/mrumoca/eval/results_v3/openipsl/runtime_free.jsonl
openipsl,runtime-v3,OpenIPSL.Electrical.Controls.PSSE.ES.URST5T,0,network-boundary-port,low,True,hold-input-contract-validation,"{""node"": ""DiffV -- ECOMP -- EFD -- K_R -- K_c -- LL1 -- LL1.add2 -- LL1.add3 -- LL1.gain -- LL1.gain1 -- LL1.integrator -- LL1.limiter -- LL2 -- LL2.add2 -- LL2.add3 -- LL2.gain -- LL2.gain1 -- LL2.integrator -- LL2.limiter -- TransducerDelay -- VERR1 -- VERR2 -- VOEL -- VOTHSG -- VT -- VUEL -- Vmax -- Vmin -- VoltageReference -- XADIFD -- hV_Gate -- lV_Gate -- limiter -- simpleLagLimVar"", ""boundary_connectors"": ""DiffV, ECOMP, EFD, K_R, K_c, LL1, LL2, TransducerDelay, VERR1, VERR2, VOEL, VOTHSG, VT, VUEL, Vmax, Vmin, VoltageReference, XADIFD, hV_Gate, lV_Gate, limiter, simpleLagLimVar"", ""wired_to"": ""LL1.add2, LL1.add3, LL1.gain, LL1.gain1, LL1.integrator, LL1.limiter, LL2.add2, LL2.add3, LL2.gain, LL2.gain1, LL2.integrator, LL2.limiter"", ""note"": ""this connector belongs to the model itself, not to a component inside it: the model is an interface compiled on its own, so the node is open on one side. Nothing forces its flow, which is why a structural matching reports an unmatched unknown here. Not a defect in the model""}",/data/mrumoca/eval/results_v3/openipsl/runtime_free.jsonl
openipsl,runtime-v3,OpenIPSL.Electrical.Controls.PSSE.OEL.OEL,0,network-boundary-port,low,True,hold-input-contract-validation,"{""node"": ""IFD -- IFDSetpoint -- VOEL -- add -- comparisor -- imLimitedIntegrator -- imLimitedIntegrator1 -- imLimitedIntegrator2 -- imLimitedIntegrator3 -- multiSum"", ""boundary_connectors"": ""IFD, IFDSetpoint, VOEL, add, comparisor, imLimitedIntegrator, imLimitedIntegrator1, imLimitedIntegrator2, imLimitedIntegrator3, multiSum"", ""wired_to"": ""nothing"", ""note"": ""this connector belongs to the model itself, not to a component inside it: the model is an interface compiled on its own, so the node is open on one side. Nothing forces its flow, which is why a structural matching reports an unmatched unknown here. Not a defect in the model""}",/data/mrumoca/eval/results_v3/openipsl/runtime_free.jsonl
openipsl,runtime-v3,OpenIPSL.Electrical.Controls.PSSE.PSS.IEE2ST,0,network-boundary-port,low,True,hold-input-contract-validation,"{""node"": ""VSS -- V_S1 -- V_S2 -- add -- imDerivativeLag -- imLeadLag -- imLeadLag.TF -- imLeadLag1 -- imLeadLag1.TF -- imLeadLag2 -- imLeadLag2.TF -- imSimpleLag -- imSimpleLag1 -- limiter"", ""boundary_connectors"": ""VSS, V_S1, V_S2, add, imDerivativeLag, imLeadLag, imLeadLag1, imLeadLag2, imSimpleLag, imSimpleLag1, limiter"", ""wired_to"": ""imLeadLag.TF, imLeadLag1.TF, imLeadLag2.TF"", ""note"": ""this connector belongs to the model itself, not to a component inside it: the model is an interface compiled on its own, so the node is open on one side. Nothing forces its flow, which is why a structural matching reports an unmatched unknown here. Not a defect in the model""}",/data/mrumoca/eval/results_v3/openipsl/runtime_free.jsonl
openipsl,runtime-v3,OpenIPSL.Electrical.Controls.PSSE.PSS.STAB3,0,network-boundary-port,low,True,hold-input-contract-validation,"{""node"": ""PELEC -- VOTHSG -- const -- feedback -- imDerivativeLag -- imSimpleLag -- imSimpleLag1 -- limiter"", ""boundary_connectors"": ""PELEC, VOTHSG, const, feedback, imDerivativeLag, imSimpleLag, imSimpleLag1, limiter"", ""wired_to"": ""nothing"", ""note"": ""this connector belongs to the model itself, not to a component inside it: the model is an interface compiled on its own, so the node is open on one side. Nothing forces its flow, which is why a structural matching reports an unmatched unknown here. Not a defect in the model""}",/data/mrumoca/eval/results_v3/openipsl/runtime_free.jsonl
openipsl,runtime-v3,OpenIPSL.Electrical.Controls.PSSE.PSS.STAB2A,0,network-boundary-port,low,True,hold-input-contract-validation,"{""node"": ""K -- PELEC -- VOTHSG -- add -- limiter -- transferFunction -- transferFunction1 -- transferFunction2 -- transferFunction3 -- transferFunction4 -- transferFunction5"", ""boundary_connectors"": ""K, PELEC, VOTHSG, add, limiter, transferFunction, transferFunction1, transferFunction2, transferFunction3, transferFunction4, transferFunction5"", ""wired_to"": ""nothing"", ""note"": ""this connector belongs to the model itself, not to a component inside it: the model is an interface compiled on its own, so the node is open on one side. Nothing forces its flow, which is why a structural matching reports an unmatched unknown here. Not a defect in the model""}",/data/mrumoca/eval/results_v3/openipsl/runtime_free.jsonl
openipsl,runtime-v3,OpenIPSL.Electrical.Controls.PSSE.PSS.PSS2A,0,network-boundary-port,low,True,hold-input-contract-validation,"{""node"": ""Leadlag1 -- Leadlag1.TF -- Leadlag2 -- Leadlag2.TF -- SimpleLag1 -- SimpleLag2 -- VOTHSG -- V_S1 -- V_S2 -- add -- add1 -- derivativeLag -- derivativeLag.TF -- derivativeLag1 -- derivativeLag1.TF -- derivativeLag2 -- derivativeLag2.TF -- derivativeLag3 -- derivativeLag3.TF -- gain -- limiter -- rampTrackingFilter -- rampTrackingFilter.TF1[1] -- rampTrackingFilter.TF1[2] -- rampTrackingFilter.TF1[3] -- rampTrackingFilter.TF1[4] -- rampTrackingFilter.TF1[5] -- rampTrackingFilter.TF2[1]"", ""boundary_connectors"": ""Leadlag1, Leadlag2, SimpleLag1, SimpleLag2, VOTHSG, V_S1, V_S2, add, add1, derivativeLag, derivativeLag1, derivativeLag2, derivativeLag3, gain, limiter, rampTrackingFilter"", ""wired_to"": ""Leadlag1.TF, Leadlag2.TF, derivativeLag.TF, derivativeLag1.TF, derivativeLag2.TF, derivativeLag3.TF, rampTrackingFilter.TF1[1], rampTrackingFilter.TF1[2], rampTrackingFilter.TF1[3], rampTrackingFilter.TF1[4], rampTrackingFilter.TF1[5], rampTrackingFilter.TF2[1]"", ""note"": ""this connector belongs to the model itself, not to a component inside it: the model is an interface compiled on its own, so the node is open on one side. Nothing forces its flow, which is why a structural matching reports an unmatched unknown here. Not a defect in the model""}",/data/mrumoca/eval/results_v3/openipsl/runtime_free.jsonl
openipsl,runtime-v3,OpenIPSL.Electrical.Controls.PSSE.PSS.STABNI,0,network-boundary-port,low,True,hold-input-contract-validation,"{""node"": ""PELEC -- VOTHSG -- gain -- imDerivativeLag -- imDerivativeLag1 -- imLeadLag -- imLeadLag.TF -- imSimpleLag -- imSimpleLag1 -- limiter"", ""boundary_connectors"": ""PELEC, VOTHSG, gain, imDerivativeLag, imDerivativeLag1, imLeadLag, imSimpleLag, imSimpleLag1, limiter"", ""wired_to"": ""imLeadLag.TF"", ""note"": ""this connector belongs to the model itself, not to a component inside it: the model is an interface compiled on its own, so the node is open on one side. Nothing forces its flow, which is why a structural matching reports an unmatched unknown here. Not a defect in the model""}",/data/mrumoca/eval/results_v3/openipsl/runtime_free.jsonl
openipsl,runtime-v3,OpenIPSL.Electrical.Controls.PSSE.PSS.STBSVC,0,network-boundary-port,low,True,hold-input-contract-validation,"{""node"": ""VOTHSG -- V_S1 -- V_S2 -- add -- gain -- imDerivativeLag -- imLeadLag -- imLeadLag.TF -- imLeadLag1 -- imLeadLag1.TF -- imSimpleLag -- imSimpleLag1 -- limiter"", ""boundary_connectors"": ""VOTHSG, V_S1, V_S2, add, gain, imDerivativeLag, imLeadLag, imLeadLag1, imSimpleLag, imSimpleLag1, limiter"", ""wired_to"": ""imLeadLag.TF, imLeadLag1.TF"", ""note"": ""this connector belongs to the model itself, not to a component inside it: the model is an interface compiled on its own, so the node is open on one side. Nothing forces its flow, which is why a structural matching reports an unmatched unknown here. Not a defect in the model""}",/data/mrumoca/eval/results_v3/openipsl/runtime_free.jsonl
openipsl,runtime-v3,OpenIPSL.Electrical.Controls.PSSE.PSS.PSS2B,0,network-boundary-port,low,True,hold-input-contract-validation,"{""node"": ""Leadlag1 -- Leadlag1.TF -- Leadlag2 -- Leadlag2.TF -- Leadlag3 -- Leadlag3.TF -- SimpleLag1 -- SimpleLag2 -- VOTHSG -- V_S1 -- V_S2 -- add -- add1 -- derivativeLag -- derivativeLag.TF -- derivativeLag1 -- derivativeLag1.TF -- derivativeLag2 -- derivativeLag2.TF -- derivativeLag3 -- derivativeLag3.TF -- gain -- limiter -- limiter1 -- limiter2 -- rampTrackingFilter -- rampTrackingFilter.TF1[1] -- rampTrackingFilter.TF1[2] -- rampTrackingFilter.TF1[3] -- rampTrackingFilter.TF1[4] -- rampTrackingFilter.TF1[5] -- rampTrackingFilter.TF2[1]"", ""boundary_connectors"": ""Leadlag1, Leadlag2, Leadlag3, SimpleLag1, SimpleLag2, VOTHSG, V_S1, V_S2, add, add1, derivativeLag, derivativeLag1, derivativeLag2, derivativeLag3, gain, limiter, limiter1, limiter2, rampTrackingFilter"", ""wired_to"": ""Leadlag1.TF, Leadlag2.TF, Leadlag3.TF, derivativeLag.TF, derivativeLag1.TF, derivativeLag2.TF, derivativeLag3.TF, rampTrackingFilter.TF1[1], rampTrackingFilter.TF1[2], rampTrackingFilter.TF1[3], rampTrackingFilter.TF1[4], rampTrackingFilter.TF1[5], rampTrackingFilter.TF2[1]"", ""note"": ""this connector belongs to the model itself, not to a component inside it: the model is an interface compiled on its own, so the node is open on one side. Nothing forces its flow, which is why a structural matching reports an unmatched unknown here. Not a defect in the model""}",/data/mrumoca/eval/results_v3/openipsl/runtime_free.jsonl
openipsl,runtime-v3,OpenIPSL.Electrical.Controls.PSSE.TG.BaseClasses.GGOV1.AccelerationLimiter,0,network-boundary-port,low,True,hold-input-contract-validation,"{""node"": ""ASET -- FSR -- FSRA -- SPEED -- acceleration -- add -- add1 -- s8"", ""boundary_connectors"": ""ASET, FSR, FSRA, SPEED, acceleration, add, add1, s8"", ""wired_to"": ""nothing"", ""note"": ""this connector belongs to the model itself, not to a component inside it: the model is an interface compiled on its own, so the node is open on one side. Nothing forces its flow, which is why a structural matching reports an unmatched unknown here. Not a defect in the model""}",/data/mrumoca/eval/results_v3/openipsl/runtime_free.jsonl
openipsl,runtime-v3,OpenIPSL.Electrical.Controls.PSSE.TG.BaseClasses.GGOV1.Min_select,0,simulation-failure,high,False,execution-not-completed,"{""failure_kind"": ""unknown"", ""reason"": ""n failed: DAE system is not computable: continuous algebraic row 0 \u001b[31m\u2502\u001b[0m cannot resolve its derivative reads: DAE system is not computable: minimum \u001b[31m\u2502\u001b[0m and maximum require a nonempty array"", ""raw"": ""reading /tmp/tmpb0z8vj0s/traced.rbc (bitcode v2, cbor) Simulating OpenIPSL.Electrical.Controls.PSSE.TG.BaseClasses.GGOV1.Min_select to t=1 with 1 trace point(s)... \u001b[31m\u001b[0m simulation failed: DAE system is not computable: continuous algebraic row 0 \u001b[31m\u2502\u001b[0m cannot resolve its derivative reads: DAE system is not computable: minimum \u001b[31m\u2502\u001b[0m and maximum require a nonempty array"", ""tool_side"": false}",/data/mrumoca/eval/results_v3/openipsl/runtime_free.jsonl
openipsl,runtime-v3,OpenIPSL.Electrical.Controls.PSSE.TG.BaseClasses.GGOV1.LoadLimiter,0,network-boundary-port,low,True,hold-input-contract-validation,"{""node"": ""FSRT -- Gain -- KPLOAD -- LDREF -- LoadlimiterPI -- TEXM -- const -- diff -- gain -- maxLimiter -- s6 -- tlim"", ""boundary_connectors"": ""FSRT, Gain, KPLOAD, LDREF, LoadlimiterPI, TEXM, const, diff, gain, maxLimiter, s6, tlim"", ""wired_to"": ""nothing"", ""note"": ""this connector belongs to the model itself, not to a component inside it: the model is an interface compiled on its own, so the node is open on one side. Nothing forces its flow, which is why a structural matching reports an unmatched unknown here. Not a defect in the model""}",/data/mrumoca/eval/results_v3/openipsl/runtime_free.jsonl
openipsl,runtime-v3,OpenIPSL.Electrical.Controls.PSSE.TG.BaseClasses.GGOV1.LoadLimiterDU,0,network-boundary-port,low,True,hold-input-contract-validation,"{""node"": ""FSRT -- Gain -- KPLOAD -- LDREF -- LoadlimiterPI -- TEXM -- const -- diff -- gain -- limiter -- maxLimiter -- s6 -- tlim"", ""boundary_connectors"": ""FSRT, Gain, KPLOAD, LDREF, LoadlimiterPI, TEXM, const, diff, gain, limiter, maxLimiter, s6, tlim"", ""wired_to"": ""nothing"", ""note"": ""this connector belongs to the model itself, not to a component inside it: the model is an interface compiled on its own, so the node is open on one side. Nothing forces its flow, which is why a structural matching reports an unmatched unknown here. Not a defect in the model""}",/data/mrumoca/eval/results_v3/openipsl/runtime_free.jsonl
openipsl,runtime-v3,OpenIPSL.Electrical.Controls.PSSE.TG.BaseClasses.WEHGOV.Governor,0,network-boundary-port,low,True,execution-not-completed,"{""node"": ""DeadBand -- Distribution_Valve -- Feedback_Gain -- Feedback_Signal_Switch -- Feedback_Signal_Switch1 -- Gate_Position -- PELEC -- PE_Transducer -- PREF -- Pilot_Valve -- SPEED -- add3_1 -- add3_2 -- const1 -- derivativeLag -- gain -- gain1 -- limIntegrator1 -- limIntegrator2 -- multiSum -- realToBoolean -- realToBoolean1 -- switch1 -- switch2"", ""boundary_connectors"": ""DeadBand, Distribution_Valve, Feedback_Gain, Feedback_Signal_Switch, Feedback_Signal_Switch1, Gate_Position, PELEC, PE_Transducer, PREF, Pilot_Valve, SPEED, add3_1, add3_2, const1, derivativeLag, gain, gain1, limIntegrator1, limIntegrator2, multiSum, realToBoolean, realToBoolean1, switch1, switch2"", ""wired_to"": ""nothing"", ""note"": ""this connector belongs to the model itself, not to a component inside it: the model is an interface compiled on its own, so the node is open on one side. Nothing forces its flow, which is why a structural matching reports an unmatched unknown here. Not a defect in the model""}",/data/mrumoca/eval/results_v3/openipsl/runtime_free.jsonl
openipsl,runtime-v3,OpenIPSL.Electrical.Controls.PSSE.TG.BaseClasses.WEHGOV.Governor,1,division-out-of-domain,high,True,execution-not-completed,"{""operation"": ""division"", ""requirement"": ""nonzero"", ""operand_value"": 0.0, ""coordinates"": ""internal-evaluation"", ""run_completed"": false, ""claim"": ""native operation domain violation; not a source-model verdict""}",/data/mrumoca/eval/results_v3/openipsl/runtime_free.jsonl
openipsl,runtime-v3,OpenIPSL.Electrical.Controls.PSSE.TG.BaseClasses.WEHGOV.Governor,2,network-observation-incomplete,info,True,execution-not-completed,"{""reason"": ""missing or unsynchronized connector member observations"", ""note"": ""coverage gap, not a model defect""}",/data/mrumoca/eval/results_v3/openipsl/runtime_free.jsonl
openipsl,runtime-v3,OpenIPSL.Electrical.Controls.PSSE.TG.BaseClasses.WEHGOV.Governor,3,simulation-failure,high,True,execution-not-completed,"{""failure_kind"": ""non-finite-value"", ""reason"": ""nitial variable projection did not satisfy the \u001b[31m\u2502\u001b[0m complete residual system: max selected residual row=11 original_row=11 \u001b[31m\u2502\u001b[0m target=P { index: 118, byte_offset: 944 } value=NaN norm=inf"", ""raw"": ""reading /tmp/tmpd5q9uob1/traced.rbc (bitcode v2, cbor) holding 4 free input(s) constant at their start values: SPEED=0, PELEC=0, PREF=0, PMECH0=0 Simulating OpenIPSL.Electrical.Controls.PSSE.TG.BaseClasses.WEHGOV.Governor to t=1 with 61 trace point(s)... \u001b[31m\u001b[0m simulation failed: solve-IR evaluation failed: initial homotopy \u001b[31m\u2502\u001b[0m continuation failed at lambda=0.000000000 step=1.250e-1: sol"", ""tool_side"": false}",/data/mrumoca/eval/results_v3/openipsl/runtime_free.jsonl
openipsl,runtime-v3,OpenIPSL.Electrical.Controls.PSSE.TG.BaseClasses.GGOV1.PIDGovernor,0,network-boundary-port,low,True,hold-input-contract-validation,"{""node"": ""FSRN -- GOVOUT1 -- GovernorPID -- KPGOV -- KPGOV1 -- PELEC -- PMW_SET -- P_REF -- SPEED -- VSTROKE -- add2 -- add3 -- add3_2 -- deadZone -- limiterSerror -- r -- rSELECT -- s0 -- s1 -- s2 -- s7"", ""boundary_connectors"": ""FSRN, GOVOUT1, GovernorPID, KPGOV, KPGOV1, PELEC, PMW_SET, P_REF, SPEED, VSTROKE, add2, add3, add3_2, deadZone, limiterSerror, r, rSELECT, s0, s1, s2, s7"", ""wired_to"": ""nothing"", ""note"": ""this connector belongs to the model itself, not to a component inside it: the model is an interface compiled on its own, so the node is open on one side. Nothing forces its flow, which is why a structural matching reports an unmatched unknown here. Not a defect in the model""}",/data/mrumoca/eval/results_v3/openipsl/runtime_free.jsonl
openipsl,runtime-v3,OpenIPSL.Electrical.Controls.PSSE.TG.BaseClasses.GGOV1.PIDGovernorDU,0,network-boundary-port,low,True,hold-input-contract-validation,"{""node"": ""FSRN -- GOVOUT1 -- GovernorPID -- KPGOV -- KPGOV1 -- LoadlimiterPI2 -- PELEC -- PMW_SET -- P_REF -- SPEED -- VSTROKE -- add2 -- add3 -- add3_2 -- deadZone -- limiterSerror -- r -- rSELECT -- s0 -- s1 -- s2 -- s7"", ""boundary_connectors"": ""FSRN, GOVOUT1, GovernorPID, KPGOV, KPGOV1, LoadlimiterPI2, PELEC, PMW_SET, P_REF, SPEED, VSTROKE, add2, add3, add3_2, deadZone, limiterSerror, r, rSELECT, s0, s1, s2, s7"", ""wired_to"": ""nothing"", ""note"": ""this connector belongs to the model itself, not to a component inside it: the model is an interface compiled on its own, so the node is open on one side. Nothing forces its flow, which is why a structural matching reports an unmatched unknown here. Not a defect in the model""}",/data/mrumoca/eval/results_v3/openipsl/runtime_free.jsonl
openipsl,runtime-v3,OpenIPSL.Electrical.Controls.PSSE.TG.ConstantPower,0,network-boundary-port,low,True,hold-input-contract-validation,"{""node"": ""PMECH -- PMECH0"", ""boundary_connectors"": ""PMECH, PMECH0"", ""wired_to"": ""nothing"", ""note"": ""this connector belongs to the model itself, not to a component inside it: the model is an interface compiled on its own, so the node is open on one side. Nothing forces its flow, which is why a structural matching reports an unmatched unknown here. Not a defect in the model""}",/data/mrumoca/eval/results_v3/openipsl/runtime_free.jsonl
openipsl,runtime-v3,OpenIPSL.Electrical.Controls.PSSE.TG.ConstantPower,1,network-observation-incomplete,info,True,hold-input-contract-validation,"{""reason"": ""missing or unsynchronized connector member observations"", ""note"": ""coverage gap, not a model defect""}",/data/mrumoca/eval/results_v3/openipsl/runtime_free.jsonl
openipsl,runtime-v3,OpenIPSL.Electrical.Controls.PSSE.TG.IEEEG1,0,network-boundary-port,low,True,hold-input-contract-validation,"{""node"": ""PMECH_HP -- PMECH_LP -- Pref -- SPEED_HP -- add -- add1 -- add2 -- add3 -- add3_1 -- add4 -- add5 -- gain -- imGain1 -- imGain2 -- imGain3 -- imGain4 -- imGain5 -- imGain6 -- imGain7 -- imGain8 -- imLeadLag -- imLeadLag.TF -- imSimpleLag -- imSimpleLag1 -- imSimpleLag2 -- imSimpleLag3 -- limIntegrator -- limiter"", ""boundary_connectors"": ""PMECH_HP, PMECH_LP, Pref, SPEED_HP, add, add1, add2, add3, add3_1, add4, add5, gain, imGain1, imGain2, imGain3, imGain4, imGain5, imGain6, imGain7, imGain8, imLeadLag, imSimpleLag, imSimpleLag1, imSimpleLag2, imSimpleLag3, limIntegrator, limiter"", ""wired_to"": ""imLeadLag.TF"", ""note"": ""this connector belongs to the model itself, not to a component inside it: the model is an interface compiled on its own, so the node is open on one side. Nothing forces its flow, which is why a structural matching reports an unmatched unknown here. Not a defect in the model""}",/data/mrumoca/eval/results_v3/openipsl/runtime_free.jsonl
openipsl,runtime-v3,OpenIPSL.Electrical.Controls.PSSE.TG.TGOV1,0,network-boundary-port,low,True,hold-input-contract-validation,"{""node"": ""PMECH -- REF -- SPEED -- add -- add1 -- imGain1 -- imGain9 -- imLeadLag -- imLeadLag.TF -- simpleLagLim"", ""boundary_connectors"": ""PMECH, REF, SPEED, add, add1, imGain1, imGain9, imLeadLag, simpleLagLim"", ""wired_to"": ""imLeadLag.TF"", ""note"": ""this connector belongs to the model itself, not to a component inside it: the model is an interface compiled on its own, so the node is open on one side. Nothing forces its flow, which is why a structural matching reports an unmatched unknown here. Not a defect in the model""}",/data/mrumoca/eval/results_v3/openipsl/runtime_free.jsonl
openipsl,runtime-v3,OpenIPSL.Electrical.Controls.Simulink.OEL.OEL,0,network-boundary-port,low,True,hold-input-contract-validation,"{""node"": ""OEL_output -- Timer -- VolContinput -- add -- block_1_1 -- ifd -- ifd_lim_value -- imGain -- min -- relay -- relay.greaterThreshold -- relay.switch"", ""boundary_connectors"": ""OEL_output, Timer, VolContinput, add, block_1_1, ifd, ifd_lim_value, imGain, min, relay"", ""wired_to"": ""relay.greaterThreshold, relay.switch"", ""note"": ""this connector belongs to the model itself, not to a component inside it: the model is an interface compiled on its own, so the node is open on one side. Nothing forces its flow, which is why a structural matching reports an unmatched unknown here. Not a defect in the model""}",/data/mrumoca/eval/results_v3/openipsl/runtime_free.jsonl
openipsl,runtime-v3,OpenIPSL.Electrical.Controls.Simulink.ES.ExcitationSystemKp0,0,network-boundary-port,low,True,hold-input-contract-validation,"{""node"": ""Ka -- V -- V_0 -- add -- feedback -- ifd -- imLimitedIntegrator -- oEL -- oEL.Timer -- oEL.add -- oEL.block_1_1 -- oEL.ifd_lim_value -- oEL.imGain -- oEL.min -- oEL.relay -- oEL.relay.greaterThreshold -- oEL.relay.switch -- tgr -- tgr.TF -- vfd"", ""boundary_connectors"": ""Ka, V, V_0, add, feedback, ifd, imLimitedIntegrator, oEL, tgr, vfd"", ""wired_to"": ""oEL.Timer, oEL.add, oEL.block_1_1, oEL.ifd_lim_value, oEL.imGain, oEL.min, oEL.relay, oEL.relay.greaterThreshold, oEL.relay.switch, tgr.TF"", ""note"": ""this connector belongs to the model itself, not to a component inside it: the model is an interface compiled on its own, so the node is open on one side. Nothing forces its flow, which is why a structural matching reports an unmatched unknown here. Not a defect in the model""}",/data/mrumoca/eval/results_v3/openipsl/runtime_free.jsonl
openipsl,runtime-v3,OpenIPSL.Electrical.Controls.PSSE.UEL.MNLEX2,0,network-boundary-port,low,True,hold-input-contract-validation,"{""node"": ""Eterm -- PELEC -- QELEC -- VUEL -- add -- add3_1 -- derivativeLag -- derivativeLag.TF -- feedback -- gain -- gain1 -- product1 -- product2 -- product3 -- product4 -- simpleLagLim"", ""boundary_connectors"": ""Eterm, PELEC, QELEC, VUEL, add, add3_1, derivativeLag, feedback, gain, gain1, product1, product2, product3, product4, simpleLagLim"", ""wired_to"": ""derivativeLag.TF"", ""note"": ""this connector belongs to the model itself, not to a component inside it: the model is an interface compiled on its own, so the node is open on one side. Nothing forces its flow, which is why a structural matching reports an unmatched unknown here. Not a defect in the model""}",/data/mrumoca/eval/results_v3/openipsl/runtime_free.jsonl
openipsl,runtime-v3,OpenIPSL.Electrical.Controls.Simulink.ES.ExcitationSystem,0,network-boundary-port,low,True,execution-not-completed,"{""node"": ""Ka -- V -- V_0 -- add3_1 -- feedback -- ifd -- imLimitedIntegrator -- oEL -- oEL.Timer -- oEL.add -- oEL.block_1_1 -- oEL.ifd_lim_value -- oEL.imGain -- oEL.min -- oEL.relay -- oEL.relay.greaterThreshold -- oEL.relay.switch -- omega -- pSS -- pSS.Leadlag1 -- pSS.Leadlag1.TF -- pSS.Leadlag2 -- pSS.Leadlag2.TF -- pSS.add -- pSS.imGain -- pSS.imSimpleLag -- pSS.limit -- tgr -- tgr.TF -- vfd"", ""boundary_connectors"": ""Ka, V, V_0, add3_1, feedback, ifd, imLimitedIntegrator, oEL, omega, pSS, tgr, vfd"", ""wired_to"": ""oEL.Timer, oEL.add, oEL.block_1_1, oEL.ifd_lim_value, oEL.imGain, oEL.min, oEL.relay, oEL.relay.greaterThreshold, oEL.relay.switch, pSS.Leadlag1, pSS.Leadlag1.TF, pSS.Leadlag2, pSS.Leadlag2.TF, pSS.add, pSS.imGain, pSS.imSimpleLag, pSS.limit, tgr.TF"", ""note"": ""this connector belongs to the model itself, not to a component inside it: the model is an interface compiled on its own, so the node is open on one side. Nothing forces its flow, which is why a structural matching reports an unmatched unknown here. Not a defect in the model""}",/data/mrumoca/eval/results_v3/openipsl/runtime_free.jsonl
openipsl,runtime-v3,OpenIPSL.Electrical.Controls.Simulink.ES.ExcitationSystem,1,network-observation-incomplete,info,True,execution-not-completed,"{""reason"": ""missing or unsynchronized connector member observations"", ""note"": ""coverage gap, not a model defect""}",/data/mrumoca/eval/results_v3/openipsl/runtime_free.jsonl
openipsl,runtime-v3,OpenIPSL.Electrical.Controls.Simulink.ES.ExcitationSystem,2,simulation-failure,high,True,execution-not-completed,"{""failure_kind"": ""non-finite-value"", ""reason"": "": ifd=0, V=0, omega=0 Simulating OpenIPSL.Electrical.Controls.Simulink.ES.ExcitationSystem to t=1 with 84 trace point(s)... \u001b[31m\u001b[0m simulation failed: numeric evaluation produced a non-finite result"", ""raw"": ""reading /tmp/tmpw0kuuae0/traced.rbc (bitcode v2, cbor) holding 3 free input(s) constant at their start values: ifd=0, V=0, omega=0 Simulating OpenIPSL.Electrical.Controls.Simulink.ES.ExcitationSystem to t=1 with 84 trace point(s)... \u001b[31m\u001b[0m simulation failed: numeric evaluation produced a non-finite result"", ""tool_side"": false}",/data/mrumoca/eval/results_v3/openipsl/runtime_free.jsonl
openipsl,runtime-v3,OpenIPSL.Electrical.Controls.Simulink.PSS.PSS,0,network-boundary-port,low,True,execution-not-completed,"{""node"": ""Leadlag1 -- Leadlag1.TF -- Leadlag2 -- Leadlag2.TF -- Upss -- add -- imGain -- imSimpleLag -- limit -- omega"", ""boundary_connectors"": ""Leadlag1, Leadlag2, Upss, add, imGain, imSimpleLag, limit, omega"", ""wired_to"": ""Leadlag1.TF, Leadlag2.TF"", ""note"": ""this connector belongs to the model itself, not to a component inside it: the model is an interface compiled on its own, so the node is open on one side. Nothing forces its flow, which is why a structural matching reports an unmatched unknown here. Not a defect in the model""}",/data/mrumoca/eval/results_v3/openipsl/runtime_free.jsonl
openipsl,runtime-v3,OpenIPSL.Electrical.Controls.Simulink.PSS.PSS,1,network-observation-incomplete,info,True,execution-not-completed,"{""reason"": ""missing or unsynchronized connector member observations"", ""note"": ""coverage gap, not a model defect""}",/data/mrumoca/eval/results_v3/openipsl/runtime_free.jsonl
openipsl,runtime-v3,OpenIPSL.Electrical.Controls.Simulink.PSS.PSS,2,simulation-failure,high,True,execution-not-completed,"{""failure_kind"": ""non-finite-value"", ""reason"": ""nt at their start values: omega=0 Simulating OpenIPSL.Electrical.Controls.Simulink.PSS.PSS to t=1 with 30 trace point(s)... \u001b[31m\u001b[0m simulation failed: numeric evaluation produced a non-finite result"", ""raw"": ""reading /tmp/tmp8nf0mxap/traced.rbc (bitcode v2, cbor) holding 1 free input(s) constant at their start values: omega=0 Simulating OpenIPSL.Electrical.Controls.Simulink.PSS.PSS to t=1 with 30 trace point(s)... \u001b[31m\u001b[0m simulation failed: numeric evaluation produced a non-finite result"", ""tool_side"": false}",/data/mrumoca/eval/results_v3/openipsl/runtime_free.jsonl
openipsl,runtime-v3,OpenIPSL.Electrical.Controls.Simulink.TG.Governor,0,network-boundary-port,low,True,hold-input-contract-validation,"{""node"": ""Droop -- Gain1 -- Gain2 -- Gain3 -- Integrator -- Limited -- Omega -- Omega_n -- Pe -- Pm_set -- SimpleLag1 -- add -- add1 -- add2 -- add3 -- feedback -- imLimitedIntegrator -- z"", ""boundary_connectors"": ""Droop, Gain1, Gain2, Gain3, Integrator, Limited, Omega, Omega_n, Pe, Pm_set, SimpleLag1, add, add1, add2, add3, feedback, imLimitedIntegrator, z"", ""wired_to"": ""nothing"", ""note"": ""this connector belongs to the model itself, not to a component inside it: the model is an interface compiled on its own, so the node is open on one side. Nothing forces its flow, which is why a structural matching reports an unmatched unknown here. Not a defect in the model""}",/data/mrumoca/eval/results_v3/openipsl/runtime_free.jsonl
openipsl,runtime-v3,OpenIPSL.Electrical.Controls.Simulink.TG.TurbinePm,0,network-boundary-port,low,True,execution-not-completed,"{""node"": ""Hs -- Pm -- Tw -- add -- division1 -- imIntegrator -- product -- product1 -- z"", ""boundary_connectors"": ""Hs, Pm, Tw, add, division1, imIntegrator, product, product1, z"", ""wired_to"": ""nothing"", ""note"": ""this connector belongs to the model itself, not to a component inside it: the model is an interface compiled on its own, so the node is open on one side. Nothing forces its flow, which is why a structural matching reports an unmatched unknown here. Not a defect in the model""}",/data/mrumoca/eval/results_v3/openipsl/runtime_free.jsonl
openipsl,runtime-v3,OpenIPSL.Electrical.Controls.Simulink.TG.TurbinePm,1,network-observation-incomplete,info,True,execution-not-completed,"{""reason"": ""missing or unsynchronized connector member observations"", ""note"": ""coverage gap, not a model defect""}",/data/mrumoca/eval/results_v3/openipsl/runtime_free.jsonl
openipsl,runtime-v3,OpenIPSL.Electrical.Controls.Simulink.TG.TurbinePm,2,simulation-failure,high,True,execution-not-completed,"{""failure_kind"": ""non-finite-value"", ""reason"": ""failed: solve-IR evaluation failed: non-finite (NaN) value \u001b[31m\u2502\u001b[0m computed for `division1.y` @ Span { source: SourceId(6832497664377395004), \u001b[31m\u2502\u001b[0m start: BytePos(12035), end: BytePos(12047) }"", ""raw"": ""reading /tmp/tmpb7tcmkqe/traced.rbc (bitcode v2, cbor) holding 1 free input(s) constant at their start values: z=0 Simulating OpenIPSL.Electrical.Controls.Simulink.TG.TurbinePm to t=1 with 21 trace point(s)... \u001b[31m\u001b[0m simulation failed: solve-IR evaluation failed: non-finite (NaN) value \u001b[31m\u2502\u001b[0m computed for `division1.y` @ Span { source: SourceId(6832497664377395004), \u001b[31m\u2502\u001b[0m start: BytePo"", ""tool_side"": false}",/data/mrumoca/eval/results_v3/openipsl/runtime_free.jsonl
openipsl,runtime-v3,OpenIPSL.Electrical.Controls.Simulink.TG.TurbineTm,0,network-boundary-port,low,True,execution-not-completed,"{""node"": ""Hs -- Omega -- Tm -- Tw -- add -- division -- division1 -- imIntegrator -- product -- product1 -- z"", ""boundary_connectors"": ""Hs, Omega, Tm, Tw, add, division, division1, imIntegrator, product, product1, z"", ""wired_to"": ""nothing"", ""note"": ""this connector belongs to the model itself, not to a component inside it: the model is an interface compiled on its own, so the node is open on one side. Nothing forces its flow, which is why a structural matching reports an unmatched unknown here. Not a defect in the model""}",/data/mrumoca/eval/results_v3/openipsl/runtime_free.jsonl
openipsl,runtime-v3,OpenIPSL.Electrical.Controls.Simulink.TG.TurbineTm,1,network-observation-incomplete,info,True,execution-not-completed,"{""reason"": ""missing or unsynchronized connector member observations"", ""note"": ""coverage gap, not a model defect""}",/data/mrumoca/eval/results_v3/openipsl/runtime_free.jsonl
openipsl,runtime-v3,OpenIPSL.Electrical.Controls.Simulink.TG.TurbineTm,2,simulation-failure,high,True,execution-not-completed,"{""failure_kind"": ""non-finite-value"", ""reason"": ""failed: solve-IR evaluation failed: non-finite (NaN) value \u001b[31m\u2502\u001b[0m computed for `division1.y` @ Span { source: SourceId(6832497664377395004), \u001b[31m\u2502\u001b[0m start: BytePos(12035), end: BytePos(12047) }"", ""raw"": ""reading /tmp/tmpl8sxip66/traced.rbc (bitcode v2, cbor) holding 2 free input(s) constant at their start values: z=0, Omega=0 Simulating OpenIPSL.Electrical.Controls.Simulink.TG.TurbineTm to t=1 with 25 trace point(s)... \u001b[31m\u001b[0m simulation failed: solve-IR evaluation failed: non-finite (NaN) value \u001b[31m\u2502\u001b[0m computed for `division1.y` @ Span { source: SourceId(6832497664377395004), \u001b[31m\u2502\u001b[0m star"", ""tool_side"": false}",/data/mrumoca/eval/results_v3/openipsl/runtime_free.jsonl
openipsl,runtime-v3,OpenIPSL.Electrical.Events.PwFault,0,network-port-unconnected,low,False,execution-not-completed,"{""connector"": ""p"", ""component"": ""<top level>"", ""component_class"": ""unknown"", ""flows_forced_to_zero"": ""p.ir, p.ii"", ""note"": ""nothing is connected to this port, so MLS \u00a79.2 forces its flow to zero. That is correct for a component compiled on its own and is not a defect; it is recorded because it is the commonest reason a model looks structurally singular""}",/data/mrumoca/eval/results_v3/openipsl/runtime_free.jsonl
openipsl,runtime-v3,OpenIPSL.Electrical.Events.PwFault,1,network-component-isolated,low,False,execution-not-completed,"{""component"": ""<top level>"", ""component_class"": ""unknown"", ""ports"": ""p"", ""note"": ""every port of this instance is unconnected, so it exchanges nothing with the rest of the model while still contributing its equations""}",/data/mrumoca/eval/results_v3/openipsl/runtime_free.jsonl
openipsl,runtime-v3,OpenIPSL.Electrical.Events.PwFault,2,network-observation-incomplete,info,False,execution-not-completed,"{""reason"": ""missing or unsynchronized connector member observations"", ""note"": ""coverage gap, not a model defect""}",/data/mrumoca/eval/results_v3/openipsl/runtime_free.jsonl
openipsl,runtime-v3,OpenIPSL.Electrical.Events.PwFault,3,initialization-failure,high,False,execution-not-completed,"{""failure_kind"": ""unknown"", ""reason"": ""v79o8l/traced.rbc (bitcode v2, cbor) Simulating OpenIPSL.Electrical.Events.PwFault to t=1 with 4 trace point(s)... \u001b[31m\u001b[0m simulation failed: parameter `R` has neither a binding nor an initial value"", ""raw"": ""reading /tmp/tmp7vv79o8l/traced.rbc (bitcode v2, cbor) Simulating OpenIPSL.Electrical.Events.PwFault to t=1 with 4 trace point(s)... \u001b[31m\u001b[0m simulation failed: parameter `R` has neither a binding nor an initial value"", ""tool_side"": false}",/data/mrumoca/eval/results_v3/openipsl/runtime_free.jsonl
openipsl,runtime-v3,OpenIPSL.Electrical.Events.PwFaultPQ,0,network-port-unconnected,low,False,execution-not-completed,"{""connector"": ""p"", ""component"": ""<top level>"", ""component_class"": ""unknown"", ""flows_forced_to_zero"": ""p.ir, p.ii"", ""note"": ""nothing is connected to this port, so MLS \u00a79.2 forces its flow to zero. That is correct for a component compiled on its own and is not a defect; it is recorded because it is the commonest reason a model looks structurally singular""}",/data/mrumoca/eval/results_v3/openipsl/runtime_free.jsonl
openipsl,runtime-v3,OpenIPSL.Electrical.Events.PwFaultPQ,1,network-component-isolated,low,False,execution-not-completed,"{""component"": ""<top level>"", ""component_class"": ""unknown"", ""ports"": ""p"", ""note"": ""every port of this instance is unconnected, so it exchanges nothing with the rest of the model while still contributing its equations""}",/data/mrumoca/eval/results_v3/openipsl/runtime_free.jsonl
openipsl,runtime-v3,OpenIPSL.Electrical.Events.PwFaultPQ,2,network-observation-incomplete,info,False,execution-not-completed,"{""reason"": ""missing or unsynchronized connector member observations"", ""note"": ""coverage gap, not a model defect""}",/data/mrumoca/eval/results_v3/openipsl/runtime_free.jsonl
openipsl,runtime-v3,OpenIPSL.Electrical.Events.PwFaultPQ,3,initialization-failure,high,False,execution-not-completed,"{""failure_kind"": ""unknown"", ""reason"": ""dl7c/traced.rbc (bitcode v2, cbor) Simulating OpenIPSL.Electrical.Events.PwFaultPQ to t=1 with 6 trace point(s)... \u001b[31m\u001b[0m simulation failed: parameter `R` has neither a binding nor an initial value"", ""raw"": ""reading /tmp/tmppfxodl7c/traced.rbc (bitcode v2, cbor) Simulating OpenIPSL.Electrical.Events.PwFaultPQ to t=1 with 6 trace point(s)... \u001b[31m\u001b[0m simulation failed: parameter `R` has neither a binding nor an initial value"", ""tool_side"": false}",/data/mrumoca/eval/results_v3/openipsl/runtime_free.jsonl
openipsl,runtime-v3,OpenIPSL.Electrical.GFCs.GFMs.REGFMA1.BasicComponentsAndCntrlSchemes.PFdrp,0,network-boundary-port,low,True,hold-input-contract-validation,"{""node"": ""DP -- Pfilt -- Plim_in -- Pref -- add -- delta_droop -- integrator -- mpGain -- omega0val -- omega_droop -- sum_Plim -- w0Gain"", ""boundary_connectors"": ""DP, Pfilt, Plim_in, Pref, add, delta_droop, integrator, mpGain, omega0val, omega_droop, sum_Plim, w0Gain"", ""wired_to"": ""nothing"", ""note"": ""this connector belongs to the model itself, not to a component inside it: the model is an interface compiled on its own, so the node is open on one side. Nothing forces its flow, which is why a structural matching reports an unmatched unknown here. Not a defect in the model""}",/data/mrumoca/eval/results_v3/openipsl/runtime_free.jsonl
openipsl,runtime-v3,OpenIPSL.Electrical.GFCs.GFMs.REGFMA1.BasicComponentsAndCntrlSchemes.LPFilter,0,network-boundary-port,low,True,hold-input-contract-validation,"{""node"": ""lfp -- u -- y"", ""boundary_connectors"": ""lfp, u, y"", ""wired_to"": ""nothing"", ""note"": ""this connector belongs to the model itself, not to a component inside it: the model is an interface compiled on its own, so the node is open on one side. Nothing forces its flow, which is why a structural matching reports an unmatched unknown here. Not a defect in the model""}",/data/mrumoca/eval/results_v3/openipsl/runtime_free.jsonl
openipsl,runtime-v3,OpenIPSL.Electrical.GFCs.GFMs.REGFMA1.BasicComponentsAndCntrlSchemes.QVdrp,0,network-boundary-port,low,True,hold-input-contract-validation,"{""node"": ""Qfilt -- Qlim -- Qref -- Vout_qv_droop -- Vref -- feedback -- mqGain -- sum_Vref_Qlim_DeltaQmq"", ""boundary_connectors"": ""Qfilt, Qlim, Qref, Vout_qv_droop, Vref, feedback, mqGain, sum_Vref_Qlim_DeltaQmq"", ""wired_to"": ""nothing"", ""note"": ""this connector belongs to the model itself, not to a component inside it: the model is an interface compiled on its own, so the node is open on one side. Nothing forces its flow, which is why a structural matching reports an unmatched unknown here. Not a defect in the model""}",/data/mrumoca/eval/results_v3/openipsl/runtime_free.jsonl
openipsl,runtime-v3,OpenIPSL.Electrical.GFCs.GFMs.REGFMA1.BasicComponentsAndCntrlSchemes.PFdrpScheme,0,network-boundary-port,low,True,hold-input-contract-validation,"{""node"": ""Edelta0 -- Pfilt -- Pfilt.lfp -- Plimsig -- Pmeas -- Pref -- delta_droop -- omega_droop -- pfdroop -- pfdroop.DP -- pfdroop.add -- pfdroop.integrator -- pfdroop.mpGain -- pfdroop.omega0val -- pfdroop.sum_Plim -- pfdroop.w0Gain"", ""boundary_connectors"": ""Edelta0, Pfilt, Plimsig, Pmeas, Pref, delta_droop, omega_droop, pfdroop"", ""wired_to"": ""Pfilt.lfp, pfdroop.DP, pfdroop.add, pfdroop.integrator, pfdroop.mpGain, pfdroop.omega0val, pfdroop.sum_Plim, pfdroop.w0Gain"", ""note"": ""this connector belongs to the model itself, not to a component inside it: the model is an interface compiled on its own, so the node is open on one side. Nothing forces its flow, which is why a structural matching reports an unmatched unknown here. Not a defect in the model""}",/data/mrumoca/eval/results_v3/openipsl/runtime_free.jsonl
openipsl,runtime-v3,OpenIPSL.Electrical.FACTS.PSAT.STATCOM,0,network-port-unconnected,low,True,hold-input-contract-validation,"{""connector"": ""p"", ""component"": ""<top level>"", ""component_class"": ""unknown"", ""flows_forced_to_zero"": ""p.ir, p.ii"", ""note"": ""nothing is connected to this port, so MLS \u00a79.2 forces its flow to zero. That is correct for a component compiled on its own and is not a defect; it is recorded because it is the commonest reason a model looks structurally singular""}",/data/mrumoca/eval/results_v3/openipsl/runtime_free.jsonl
openipsl,runtime-v3,OpenIPSL.Electrical.FACTS.PSAT.STATCOM,1,network-boundary-port,low,True,hold-input-contract-validation,"{""node"": ""V -- V_ref -- feedback -- i_SH -- simpleLagLim -- v_POD"", ""boundary_connectors"": ""V, V_ref, feedback, i_SH, simpleLagLim, v_POD"", ""wired_to"": ""nothing"", ""note"": ""this connector belongs to the model itself, not to a component inside it: the model is an interface compiled on its own, so the node is open on one side. Nothing forces its flow, which is why a structural matching reports an unmatched unknown here. Not a defect in the model""}",/data/mrumoca/eval/results_v3/openipsl/runtime_free.jsonl
openipsl,runtime-v3,OpenIPSL.Electrical.FACTS.PSAT.TCSC,0,network-port-unconnected,low,True,hold-input-contract-validation,"{""connector"": ""p"", ""component"": ""<top level>"", ""component_class"": ""unknown"", ""flows_forced_to_zero"": ""p.ir, p.ii"", ""note"": ""nothing is connected to this port, so MLS \u00a79.2 forces its flow to zero. That is correct for a component compiled on its own and is not a defect; it is recorded because it is the commonest reason a model looks structurally singular""}",/data/mrumoca/eval/results_v3/openipsl/runtime_free.jsonl
openipsl,runtime-v3,OpenIPSL.Electrical.FACTS.PSAT.TCSC,1,network-port-unconnected,low,True,hold-input-contract-validation,"{""connector"": ""n"", ""component"": ""<top level>"", ""component_class"": ""unknown"", ""flows_forced_to_zero"": ""n.ir, n.ii"", ""note"": ""nothing is connected to this port, so MLS \u00a79.2 forces its flow to zero. That is correct for a component compiled on its own and is not a defect; it is recorded because it is the commonest reason a model looks structurally singular""}",/data/mrumoca/eval/results_v3/openipsl/runtime_free.jsonl
openipsl,runtime-v3,OpenIPSL.Electrical.FACTS.PSAT.TCSC,2,network-boundary-port,low,True,hold-input-contract-validation,"{""node"": ""PIcontroller -- Pkm -- Pref -- Vs_pod -- X1 -- feedback -- powerDiff -- stabilizer"", ""boundary_connectors"": ""PIcontroller, Pkm, Pref, Vs_pod, X1, feedback, powerDiff, stabilizer"", ""wired_to"": ""nothing"", ""note"": ""this connector belongs to the model itself, not to a component inside it: the model is an interface compiled on its own, so the node is open on one side. Nothing forces its flow, which is why a structural matching reports an unmatched unknown here. Not a defect in the model""}",/data/mrumoca/eval/results_v3/openipsl/runtime_free.jsonl
openipsl,runtime-v3,OpenIPSL.Electrical.GFCs.GFMs.REGFMA1.PQLimitersAndCntrlSchemes.PfdrpControlSchemePLim,0,network-boundary-port,low,True,hold-input-contract-validation,"{""node"": ""Edelta0 -- Pfilt -- Pfilt.lfp -- Pmeas -- Pref -- delta_droop -- omega_droop -- pfdroop -- pfdroop.DP -- pfdroop.add -- pfdroop.integrator -- pfdroop.mpGain -- pfdroop.omega0val -- pfdroop.sum_Plim -- pfdroop.w0Gain -- plimiter -- plimiter.Pmax_val -- plimiter.Pmin_val -- plimiter.add_Pmax_PI -- plimiter.add_Pmaxlim_and_Pminlim -- plimiter.add_Pmin_PI -- plimiter.error_Pmax_Pfilt -- plimiter.error_Pmin_Pfilt -- plimiter.gain_kppmax_Pmax -- plimiter.gain_kppmax_Pmin -- plimiter.lim_Pmax_out -- plimiter.lim_Pmin_out -- plimiter.lim_kipmax_Pmax -- plimiter.lim_kipmax_Pmin -- sig_P0"", ""boundary_connectors"": ""Edelta0, Pfilt, Pmeas, Pref, delta_droop, omega_droop, pfdroop, plimiter, sig_P0"", ""wired_to"": ""Pfilt.lfp, pfdroop.DP, pfdroop.add, pfdroop.integrator, pfdroop.mpGain, pfdroop.omega0val, pfdroop.sum_Plim, pfdroop.w0Gain, plimiter.Pmax_val, plimiter.Pmin_val, plimiter.add_Pmax_PI, plimiter.add_Pmaxlim_and_Pminlim, plimiter.add_Pmin_PI, plimiter.error_Pmax_Pfilt, plimiter.error_Pmin_Pfilt, plimiter.gain_kppmax_Pmax, plimiter.gain_kppmax_Pmin, plimiter.lim_Pmax_out, plimiter.lim_Pmin_out, plimiter.lim_kipmax_Pmax, plimiter.lim_kipmax_Pmin"", ""note"": ""this connector belongs to the model itself, not to a component inside it: the model is an interface compiled on its own, so the node is open on one side. Nothing forces its flow, which is why a structural matching reports an unmatched unknown here. Not a defect in the model""}",/data/mrumoca/eval/results_v3/openipsl/runtime_free.jsonl
openipsl,runtime-v3,OpenIPSL.Electrical.GFCs.GFMs.REGFMA1.BasicComponentsAndCntrlSchemes.QVdrpCntrlScheme,0,network-boundary-port,low,True,hold-input-contract-validation,"{""node"": ""Edroop -- Elims -- ElimsPID -- QVFlag_switch -- QVFlag_val -- Qfilt -- Qfilt.lfp -- Qlimsig -- Qmeas -- Qref0 -- VFlag_switch -- VFlag_val -- Vfilt -- Vfilt.lfp -- Vmeas -- Vref -- kivInt -- kpvGain -- qv_drp1 -- qv_drp1.feedback -- qv_drp1.mqGain -- qv_drp1.sum_Vref_Qlim_DeltaQmq -- sum_PI -- sum_Vcmd_Vinv"", ""boundary_connectors"": ""Edroop, Elims, ElimsPID, QVFlag_switch, QVFlag_val, Qfilt, Qlimsig, Qmeas, Qref0, VFlag_switch, VFlag_val, Vfilt, Vmeas, Vref, kivInt, kpvGain, qv_drp1, sum_PI, sum_Vcmd_Vinv"", ""wired_to"": ""Qfilt.lfp, Vfilt.lfp, qv_drp1.feedback, qv_drp1.mqGain, qv_drp1.sum_Vref_Qlim_DeltaQmq"", ""note"": ""this connector belongs to the model itself, not to a component inside it: the model is an interface compiled on its own, so the node is open on one side. Nothing forces its flow, which is why a structural matching reports an unmatched unknown here. Not a defect in the model""}",/data/mrumoca/eval/results_v3/openipsl/runtime_free.jsonl
openipsl,runtime-v3,OpenIPSL.Electrical.GFCs.GFMs.REGFMA1.PQLimitersAndCntrlSchemes.Qlimiter,0,network-boundary-port,low,True,hold-input-contract-validation,"{""node"": ""Qfilt -- Qlim_out -- Qmax_val -- Qmin_val -- add_Qmax_PI -- add_Qmaxlim_and_Qminlim -- add_Qmin_PI -- error_Qmax_Qfilt -- error_Qmin_Qfilt -- gain_kpqmax_Qmax -- gain_kpqmax_Qmax1 -- lim_Qmax_out -- lim_Qmin_out -- lim_kiqmax_Qmax -- lim_kiqmax_Qmin"", ""boundary_connectors"": ""Qfilt, Qlim_out, Qmax_val, Qmin_val, add_Qmax_PI, add_Qmaxlim_and_Qminlim, add_Qmin_PI, error_Qmax_Qfilt, error_Qmin_Qfilt, gain_kpqmax_Qmax, gain_kpqmax_Qmax1, lim_Qmax_out, lim_Qmin_out, lim_kiqmax_Qmax, lim_kiqmax_Qmin"", ""wired_to"": ""nothing"", ""note"": ""this connector belongs to the model itself, not to a component inside it: the model is an interface compiled on its own, so the node is open on one side. Nothing forces its flow, which is why a structural matching reports an unmatched unknown here. Not a defect in the model""}",/data/mrumoca/eval/results_v3/openipsl/runtime_free.jsonl
openipsl,runtime-v3,OpenIPSL.Electrical.GFCs.GFMs.REGFMA1.PQLimitersAndCntrlSchemes.Plimiter,0,network-boundary-port,low,True,hold-input-contract-validation,"{""node"": ""Pfilt -- Plim_out -- Pmax_val -- Pmin_val -- add_Pmax_PI -- add_Pmaxlim_and_Pminlim -- add_Pmin_PI -- error_Pmax_Pfilt -- error_Pmin_Pfilt -- gain_kppmax_Pmax -- gain_kppmax_Pmin -- lim_Pmax_out -- lim_Pmin_out -- lim_kipmax_Pmax -- lim_kipmax_Pmin"", ""boundary_connectors"": ""Pfilt, Plim_out, Pmax_val, Pmin_val, add_Pmax_PI, add_Pmaxlim_and_Pminlim, add_Pmin_PI, error_Pmax_Pfilt, error_Pmin_Pfilt, gain_kppmax_Pmax, gain_kppmax_Pmin, lim_Pmax_out, lim_Pmin_out, lim_kipmax_Pmax, lim_kipmax_Pmin"", ""wired_to"": ""nothing"", ""note"": ""this connector belongs to the model itself, not to a component inside it: the model is an interface compiled on its own, so the node is open on one side. Nothing forces its flow, which is why a structural matching reports an unmatched unknown here. Not a defect in the model""}",/data/mrumoca/eval/results_v3/openipsl/runtime_free.jsonl
openipsl,runtime-v3,OpenIPSL.Electrical.GFCs.GFMs.VoltageSources.VSIOforGFM,0,network-boundary-port,low,True,hold-input-contract-validation,"{""node"": ""VS.p -- p"", ""boundary_connectors"": ""p"", ""wired_to"": ""VS.p"", ""note"": ""this connector belongs to the model itself, not to a component inside it: the model is an interface compiled on its own, so the node is open on one side. Nothing forces its flow, which is why a structural matching reports an unmatched unknown here. Not a defect in the model""}",/data/mrumoca/eval/results_v3/openipsl/runtime_free.jsonl
openipsl,runtime-v3,OpenIPSL.Electrical.GFCs.GFMs.VoltageSources.VSIOforGFM,1,network-boundary-port,low,True,hold-input-contract-validation,"{""node"": ""P_meas -- Pmeas"", ""boundary_connectors"": ""P_meas, Pmeas"", ""wired_to"": ""nothing"", ""note"": ""this connector belongs to the model itself, not to a component inside it: the model is an interface compiled on its own, so the node is open on one side. Nothing forces its flow, which is why a structural matching reports an unmatched unknown here. Not a defect in the model""}",/data/mrumoca/eval/results_v3/openipsl/runtime_free.jsonl
openipsl,runtime-v3,OpenIPSL.Electrical.GFCs.GFMs.VoltageSources.VSIOforGFM,2,network-boundary-port,low,True,hold-input-contract-validation,"{""node"": ""Q_meas -- Qmeas"", ""boundary_connectors"": ""Q_meas, Qmeas"", ""wired_to"": ""nothing"", ""note"": ""this connector belongs to the model itself, not to a component inside it: the model is an interface compiled on its own, so the node is open on one side. Nothing forces its flow, which is why a structural matching reports an unmatched unknown here. Not a defect in the model""}",/data/mrumoca/eval/results_v3/openipsl/runtime_free.jsonl
openipsl,runtime-v3,OpenIPSL.Electrical.GFCs.GFMs.VoltageSources.VSIOforGFM,3,network-boundary-port,low,True,hold-input-contract-validation,"{""node"": ""V -- Vmeas"", ""boundary_connectors"": ""V, Vmeas"", ""wired_to"": ""nothing"", ""note"": ""this connector belongs to the model itself, not to a component inside it: the model is an interface compiled on its own, so the node is open on one side. Nothing forces its flow, which is why a structural matching reports an unmatched unknown here. Not a defect in the model""}",/data/mrumoca/eval/results_v3/openipsl/runtime_free.jsonl
openipsl,runtime-v3,OpenIPSL.Electrical.GFCs.GFMs.VoltageSources.VSIOforGFM,4,network-boundary-port,low,True,hold-input-contract-validation,"{""node"": ""anglev -- anglevmeas"", ""boundary_connectors"": ""anglev, anglevmeas"", ""wired_to"": ""nothing"", ""note"": ""this connector belongs to the model itself, not to a component inside it: the model is an interface compiled on its own, so the node is open on one side. Nothing forces its flow, which is why a structural matching reports an unmatched unknown here. Not a defect in the model""}",/data/mrumoca/eval/results_v3/openipsl/runtime_free.jsonl
openipsl,runtime-v3,OpenIPSL.Electrical.GFCs.GFMs.VoltageSources.VSIOforGFM,5,network-boundary-port,low,True,hold-input-contract-validation,"{""node"": ""E0 -- Edelta -- Emag -- VS -- VS.p2R -- delta0 -- uEang -- uEmag"", ""boundary_connectors"": ""E0, Edelta, Emag, VS, delta0, uEang, uEmag"", ""wired_to"": ""VS.p2R"", ""note"": ""this connector belongs to the model itself, not to a component inside it: the model is an interface compiled on its own, so the node is open on one side. Nothing forces its flow, which is why a structural matching reports an unmatched unknown here. Not a defect in the model""}",/data/mrumoca/eval/results_v3/openipsl/runtime_free.jsonl
openipsl,runtime-v3,OpenIPSL.Electrical.GFCs.GFMs.VoltageSources.VSIOforGFM,6,network-boundary-port,low,True,hold-input-contract-validation,"{""node"": ""p0 -- p0meas"", ""boundary_connectors"": ""p0, p0meas"", ""wired_to"": ""nothing"", ""note"": ""this connector belongs to the model itself, not to a component inside it: the model is an interface compiled on its own, so the node is open on one side. Nothing forces its flow, which is why a structural matching reports an unmatched unknown here. Not a defect in the model""}",/data/mrumoca/eval/results_v3/openipsl/runtime_free.jsonl
openipsl,runtime-v3,OpenIPSL.Electrical.GFCs.GFMs.VoltageSources.VSIOforGFM,7,network-boundary-port,low,True,hold-input-contract-validation,"{""node"": ""q0 -- q0meas"", ""boundary_connectors"": ""q0, q0meas"", ""wired_to"": ""nothing"", ""note"": ""this connector belongs to the model itself, not to a component inside it: the model is an interface compiled on its own, so the node is open on one side. Nothing forces its flow, which is why a structural matching reports an unmatched unknown here. Not a defect in the model""}",/data/mrumoca/eval/results_v3/openipsl/runtime_free.jsonl
openipsl,runtime-v3,OpenIPSL.Electrical.GFCs.GFMs.VoltageSources.VSIOforGFM,8,network-boundary-port,low,True,hold-input-contract-validation,"{""node"": ""vt0 -- vt0meas"", ""boundary_connectors"": ""vt0, vt0meas"", ""wired_to"": ""nothing"", ""note"": ""this connector belongs to the model itself, not to a component inside it: the model is an interface compiled on its own, so the node is open on one side. Nothing forces its flow, which is why a structural matching reports an unmatched unknown here. Not a defect in the model""}",/data/mrumoca/eval/results_v3/openipsl/runtime_free.jsonl
openipsl,runtime-v3,OpenIPSL.Electrical.GFCs.GFMs.REGFMA1.PQLimitersAndCntrlSchemes.QVdrpCntrlSchemeQLim,0,network-boundary-port,low,True,hold-input-contract-validation,"{""node"": ""Edroop -- Elims -- ElimsPID -- QVFlag_switch -- QVFlag_val -- Qfilt -- Qfilt.lfp -- Qmeas -- Qref0 -- VFlag_switch -- VFlag_val -- Vfilt -- Vfilt.lfp -- Vmeas -- Vref -- kivInt -- kpvGain -- qlimiter -- qlimiter.Qmax_val -- qlimiter.Qmin_val -- qlimiter.add_Qmax_PI -- qlimiter.add_Qmaxlim_and_Qminlim -- qlimiter.add_Qmin_PI -- qlimiter.error_Qmax_Qfilt -- qlimiter.error_Qmin_Qfilt -- qlimiter.gain_kpqmax_Qmax -- qlimiter.gain_kpqmax_Qmax1 -- qlimiter.lim_Qmax_out -- qlimiter.lim_Qmin_out -- qlimiter.lim_kiqmax_Qmax -- qlimiter.lim_kiqmax_Qmin -- qv_drp1 -- qv_drp1.feedback -- qv_drp1.mqGain -- qv_drp1.sum_Vref_Qlim_DeltaQmq -- sig_Q0 -- sum_PI -- sum_Vcmd_Vinv"", ""boundary_connectors"": ""Edroop, Elims, ElimsPID, QVFlag_switch, QVFlag_val, Qfilt, Qmeas, Qref0, VFlag_switch, VFlag_val, Vfilt, Vmeas, Vref, kivInt, kpvGain, qlimiter, qv_drp1, sig_Q0, sum_PI, sum_Vcmd_Vinv"", ""wired_to"": ""Qfilt.lfp, Vfilt.lfp, qlimiter.Qmax_val, qlimiter.Qmin_val, qlimiter.add_Qmax_PI, qlimiter.add_Qmaxlim_and_Qminlim, qlimiter.add_Qmin_PI, qlimiter.error_Qmax_Qfilt, qlimiter.error_Qmin_Qfilt, qlimiter.gain_kpqmax_Qmax, qlimiter.gain_kpqmax_Qmax1, qlimiter.lim_Qmax_out, qlimiter.lim_Qmin_out, qlimiter.lim_kiqmax_Qmax, qlimiter.lim_kiqmax_Qmin, qv_drp1.feedback, qv_drp1.mqGain, qv_drp1.sum_Vref_Qlim_DeltaQmq"", ""note"": ""this connector belongs to the model itself, not to a component inside it: the model is an interface compiled on its own, so the node is open on one side. Nothing forces its flow, which is why a structural matching reports an unmatched unknown here. Not a defect in the model""}",/data/mrumoca/eval/results_v3/openipsl/runtime_free.jsonl
openipsl,runtime-v3,OpenIPSL.Electrical.GFCs.GFMs.VoltageSources.VSIOwVReInput,0,network-port-unconnected,low,True,hold-input-contract-validation,"{""connector"": ""p"", ""component"": ""<top level>"", ""component_class"": ""unknown"", ""flows_forced_to_zero"": ""p.ir, p.ii"", ""note"": ""nothing is connected to this port, so MLS \u00a79.2 forces its flow to zero. That is correct for a component compiled on its own and is not a defect; it is recorded because it is the commonest reason a model looks structurally singular""}",/data/mrumoca/eval/results_v3/openipsl/runtime_free.jsonl
openipsl,runtime-v3,OpenIPSL.Electrical.GFCs.GFMs.VoltageSources.VSIOwVReInput,1,network-boundary-port,low,True,hold-input-contract-validation,"{""node"": ""p2R -- uEang -- uEmag"", ""boundary_connectors"": ""p2R, uEang, uEmag"", ""wired_to"": ""nothing"", ""note"": ""this connector belongs to the model itself, not to a component inside it: the model is an interface compiled on its own, so the node is open on one side. Nothing forces its flow, which is why a structural matching reports an unmatched unknown here. Not a defect in the model""}",/data/mrumoca/eval/results_v3/openipsl/runtime_free.jsonl
openipsl,runtime-v3,OpenIPSL.Electrical.Loads.PSAT.ExponentialRecovery,0,network-port-unconnected,low,False,standalone-topology-not-defect-proof,"{""connector"": ""p"", ""component"": ""<top level>"", ""component_class"": ""unknown"", ""flows_forced_to_zero"": ""p.ir, p.ii"", ""note"": ""nothing is connected to this port, so MLS \u00a79.2 forces its flow to zero. That is correct for a component compiled on its own and is not a defect; it is recorded because it is the commonest reason a model looks structurally singular""}",/data/mrumoca/eval/results_v3/openipsl/runtime_free.jsonl
openipsl,runtime-v3,OpenIPSL.Electrical.Loads.PSAT.ExponentialRecovery,1,network-component-isolated,low,False,standalone-topology-not-defect-proof,"{""component"": ""<top level>"", ""component_class"": ""unknown"", ""ports"": ""p"", ""note"": ""every port of this instance is unconnected, so it exchanges nothing with the rest of the model while still contributing its equations""}",/data/mrumoca/eval/results_v3/openipsl/runtime_free.jsonl
openipsl,runtime-v3,OpenIPSL.Electrical.Loads.PSAT.PQ,0,network-port-unconnected,low,False,execution-not-completed,"{""connector"": ""p"", ""component"": ""<top level>"", ""component_class"": ""unknown"", ""flows_forced_to_zero"": ""p.ir, p.ii"", ""note"": ""nothing is connected to this port, so MLS \u00a79.2 forces its flow to zero. That is correct for a component compiled on its own and is not a defect; it is recorded because it is the commonest reason a model looks structurally singular""}",/data/mrumoca/eval/results_v3/openipsl/runtime_free.jsonl
openipsl,runtime-v3,OpenIPSL.Electrical.Loads.PSAT.PQ,1,network-component-isolated,low,False,execution-not-completed,"{""component"": ""<top level>"", ""component_class"": ""unknown"", ""ports"": ""p"", ""note"": ""every port of this instance is unconnected, so it exchanges nothing with the rest of the model while still contributing its equations""}",/data/mrumoca/eval/results_v3/openipsl/runtime_free.jsonl
openipsl,runtime-v3,OpenIPSL.Electrical.Loads.PSAT.PQ,2,network-observation-incomplete,info,False,execution-not-completed,"{""reason"": ""missing or unsynchronized connector member observations"", ""note"": ""coverage gap, not a model defect""}",/data/mrumoca/eval/results_v3/openipsl/runtime_free.jsonl
openipsl,runtime-v3,OpenIPSL.Electrical.Loads.PSAT.PQ,3,simulation-failure,high,False,execution-not-completed,"{""failure_kind"": ""nonlinear-solver-failure"", ""reason"": "" coordinate \u001b[31m\u2502\u001b[0m convergence: worst scaled residual row=0 target=p.vi value=1.000000e-2 \u001b[31m\u2502\u001b[0m ratio=1.000000e8 norm=1.000000e-2 row_scale=1.000000e0 \u001b[31m\u2502\u001b[0m scaled_tolerance=1.000000e-10"", ""raw"": ""reading /tmp/tmpysbubm1a/traced.rbc (bitcode v2, cbor) Simulating OpenIPSL.Electrical.Loads.PSAT.PQ to t=1 with 8 trace point(s)... \u001b[31m\u001b[0m simulation failed: algebraic projection did not establish coordinate \u001b[31m\u2502\u001b[0m convergence: worst scaled residual row=0 target=p.vi value=1.000000e-2 \u001b[31m\u2502\u001b[0m ratio=1.000000e8 norm=1.000000e-2 row_scale=1.000000e0 \u001b[31m\u2502\u001b[0m scaled_tolerance=1.000000e-10"", ""tool_side"": false}",/data/mrumoca/eval/results_v3/openipsl/runtime_free.jsonl
openipsl,runtime-v3,OpenIPSL.Electrical.Loads.PSAT.PQvar,0,network-port-unconnected,low,False,execution-not-completed,"{""connector"": ""p"", ""component"": ""<top level>"", ""component_class"": ""unknown"", ""flows_forced_to_zero"": ""p.ir, p.ii"", ""note"": ""nothing is connected to this port, so MLS \u00a79.2 forces its flow to zero. That is correct for a component compiled on its own and is not a defect; it is recorded because it is the commonest reason a model looks structurally singular""}",/data/mrumoca/eval/results_v3/openipsl/runtime_free.jsonl
openipsl,runtime-v3,OpenIPSL.Electrical.Loads.PSAT.PQvar,1,network-component-isolated,low,False,execution-not-completed,"{""component"": ""<top level>"", ""component_class"": ""unknown"", ""ports"": ""p"", ""note"": ""every port of this instance is unconnected, so it exchanges nothing with the rest of the model while still contributing its equations""}",/data/mrumoca/eval/results_v3/openipsl/runtime_free.jsonl
openipsl,runtime-v3,OpenIPSL.Electrical.Loads.PSAT.PQvar,2,network-observation-incomplete,info,False,execution-not-completed,"{""reason"": ""missing or unsynchronized connector member observations"", ""note"": ""coverage gap, not a model defect""}",/data/mrumoca/eval/results_v3/openipsl/runtime_free.jsonl
openipsl,runtime-v3,OpenIPSL.Electrical.Loads.PSAT.PQvar,3,simulation-failure,high,False,execution-not-completed,"{""failure_kind"": ""nonlinear-solver-failure"", ""reason"": "" coordinate \u001b[31m\u2502\u001b[0m convergence: worst scaled residual row=0 target=p.vi value=1.000000e-2 \u001b[31m\u2502\u001b[0m ratio=1.000000e8 norm=1.000000e-2 row_scale=1.000000e0 \u001b[31m\u2502\u001b[0m scaled_tolerance=1.000000e-10"", ""raw"": ""reading /tmp/tmpglhol95e/traced.rbc (bitcode v2, cbor) Simulating OpenIPSL.Electrical.Loads.PSAT.PQvar to t=1 with 10 trace point(s)... \u001b[31m\u001b[0m simulation failed: algebraic projection did not establish coordinate \u001b[31m\u2502\u001b[0m convergence: worst scaled residual row=0 target=p.vi value=1.000000e-2 \u001b[31m\u2502\u001b[0m ratio=1.000000e8 norm=1.000000e-2 row_scale=1.000000e0 \u001b[31m\u2502\u001b[0m scaled_tolerance=1.000000e"", ""tool_side"": false}",/data/mrumoca/eval/results_v3/openipsl/runtime_free.jsonl
openipsl,runtime-v3,OpenIPSL.Electrical.Loads.PSAT.Mixed,0,network-port-unconnected,low,False,execution-not-completed,"{""connector"": ""p"", ""component"": ""<top level>"", ""component_class"": ""unknown"", ""flows_forced_to_zero"": ""p.ir, p.ii"", ""note"": ""nothing is connected to this port, so MLS \u00a79.2 forces its flow to zero. That is correct for a component compiled on its own and is not a defect; it is recorded because it is the commonest reason a model looks structurally singular""}",/data/mrumoca/eval/results_v3/openipsl/runtime_free.jsonl
openipsl,runtime-v3,OpenIPSL.Electrical.Loads.PSAT.Mixed,1,network-component-isolated,low,False,execution-not-completed,"{""component"": ""<top level>"", ""component_class"": ""unknown"", ""ports"": ""p"", ""note"": ""every port of this instance is unconnected, so it exchanges nothing with the rest of the model while still contributing its equations""}",/data/mrumoca/eval/results_v3/openipsl/runtime_free.jsonl
openipsl,runtime-v3,OpenIPSL.Electrical.Loads.PSAT.Mixed,2,network-observation-incomplete,info,False,execution-not-completed,"{""reason"": ""missing or unsynchronized connector member observations"", ""note"": ""coverage gap, not a model defect""}",/data/mrumoca/eval/results_v3/openipsl/runtime_free.jsonl
openipsl,runtime-v3,OpenIPSL.Electrical.Loads.PSAT.Mixed,3,simulation-failure,high,False,execution-not-completed,"{""failure_kind"": ""nonlinear-solver-failure"", ""reason"": ""n did not converge at event boundary: \u001b[31m\u2502\u001b[0m worst scaled residual row=2 target=v value=-1.092987e-2 ratio=1.092987e8 \u001b[31m\u2502\u001b[0m norm=8.637453e-2 row_scale=1.000000e0 scaled_tolerance=1.000000e-10"", ""raw"": ""reading /tmp/tmp185c34k1/traced.rbc (bitcode v2, cbor) Simulating OpenIPSL.Electrical.Loads.PSAT.Mixed to t=1 with 13 trace point(s)... \u001b[31m\u001b[0m simulation failed: algebraic projection did not converge at event boundary: \u001b[31m\u2502\u001b[0m worst scaled residual row=2 target=v value=-1.092987e-2 ratio=1.092987e8 \u001b[31m\u2502\u001b[0m norm=8.637453e-2 row_scale=1.000000e0 scaled_tolerance=1.000000e-10"", ""tool_side"": false}",/data/mrumoca/eval/results_v3/openipsl/runtime_free.jsonl
openipsl,runtime-v3,OpenIPSL.Electrical.Loads.PSAT.VoltageDependent,0,network-port-unconnected,low,False,standalone-topology-not-defect-proof,"{""connector"": ""p"", ""component"": ""<top level>"", ""component_class"": ""unknown"", ""flows_forced_to_zero"": ""p.ir, p.ii"", ""note"": ""nothing is connected to this port, so MLS \u00a79.2 forces its flow to zero. That is correct for a component compiled on its own and is not a defect; it is recorded because it is the commonest reason a model looks structurally singular""}",/data/mrumoca/eval/results_v3/openipsl/runtime_free.jsonl
openipsl,runtime-v3,OpenIPSL.Electrical.Loads.PSAT.VoltageDependent,1,network-component-isolated,low,False,standalone-topology-not-defect-proof,"{""component"": ""<top level>"", ""component_class"": ""unknown"", ""ports"": ""p"", ""note"": ""every port of this instance is unconnected, so it exchanges nothing with the rest of the model while still contributing its equations""}",/data/mrumoca/eval/results_v3/openipsl/runtime_free.jsonl
openipsl,runtime-v3,OpenIPSL.Electrical.Loads.PSAT.ZIP_ExtInput,0,network-port-unconnected,low,True,execution-not-completed,"{""connector"": ""p"", ""component"": ""<top level>"", ""component_class"": ""unknown"", ""flows_forced_to_zero"": ""p.ir, p.ii"", ""note"": ""nothing is connected to this port, so MLS \u00a79.2 forces its flow to zero. That is correct for a component compiled on its own and is not a defect; it is recorded because it is the commonest reason a model looks structurally singular""}",/data/mrumoca/eval/results_v3/openipsl/runtime_free.jsonl
openipsl,runtime-v3,OpenIPSL.Electrical.Loads.PSAT.ZIP_ExtInput,1,network-component-isolated,low,True,execution-not-completed,"{""component"": ""<top level>"", ""component_class"": ""unknown"", ""ports"": ""p"", ""note"": ""every port of this instance is unconnected, so it exchanges nothing with the rest of the model while still contributing its equations""}",/data/mrumoca/eval/results_v3/openipsl/runtime_free.jsonl
openipsl,runtime-v3,OpenIPSL.Electrical.Loads.PSAT.ZIP_ExtInput,2,network-observation-incomplete,info,True,execution-not-completed,"{""reason"": ""missing or unsynchronized connector member observations"", ""note"": ""coverage gap, not a model defect""}",/data/mrumoca/eval/results_v3/openipsl/runtime_free.jsonl
openipsl,runtime-v3,OpenIPSL.Electrical.Loads.PSAT.ZIP_ExtInput,3,simulation-failure,high,True,execution-not-completed,"{""failure_kind"": ""nonlinear-solver-failure"", ""reason"": ""coordinate \u001b[31m\u2502\u001b[0m convergence: worst scaled residual row=2 target=p.vi value=-2.502294e-1 \u001b[31m\u2502\u001b[0m ratio=2.502294e9 norm=2.502294e-1 row_scale=1.000000e0 \u001b[31m\u2502\u001b[0m scaled_tolerance=1.000000e-10"", ""raw"": ""reading /tmp/tmpg06msxc1/traced.rbc (bitcode v2, cbor) holding 1 free input(s) constant at their start values: u=0 Simulating OpenIPSL.Electrical.Loads.PSAT.ZIP_ExtInput to t=1 with 10 trace point(s)... \u001b[31m\u001b[0m simulation failed: algebraic projection did not establish coordinate \u001b[31m\u2502\u001b[0m convergence: worst scaled residual row=2 target=p.vi value=-2.502294e-1 \u001b[31m\u2502\u001b[0m ratio=2.502294e9 norm=2."", ""tool_side"": false}",/data/mrumoca/eval/results_v3/openipsl/runtime_free.jsonl
openipsl,runtime-v3,OpenIPSL.Electrical.Loads.PSAT.ZIP,0,network-port-unconnected,low,False,execution-not-completed,"{""connector"": ""p"", ""component"": ""<top level>"", ""component_class"": ""unknown"", ""flows_forced_to_zero"": ""p.ir, p.ii"", ""note"": ""nothing is connected to this port, so MLS \u00a79.2 forces its flow to zero. That is correct for a component compiled on its own and is not a defect; it is recorded because it is the commonest reason a model looks structurally singular""}",/data/mrumoca/eval/results_v3/openipsl/runtime_free.jsonl
openipsl,runtime-v3,OpenIPSL.Electrical.Loads.PSAT.ZIP,1,network-component-isolated,low,False,execution-not-completed,"{""component"": ""<top level>"", ""component_class"": ""unknown"", ""ports"": ""p"", ""note"": ""every port of this instance is unconnected, so it exchanges nothing with the rest of the model while still contributing its equations""}",/data/mrumoca/eval/results_v3/openipsl/runtime_free.jsonl
openipsl,runtime-v3,OpenIPSL.Electrical.Loads.PSAT.ZIP,2,network-observation-incomplete,info,False,execution-not-completed,"{""reason"": ""missing or unsynchronized connector member observations"", ""note"": ""coverage gap, not a model defect""}",/data/mrumoca/eval/results_v3/openipsl/runtime_free.jsonl
openipsl,runtime-v3,OpenIPSL.Electrical.Loads.PSAT.ZIP,3,simulation-failure,high,False,execution-not-completed,"{""failure_kind"": ""nonlinear-solver-failure"", ""reason"": ""coordinate \u001b[31m\u2502\u001b[0m convergence: worst scaled residual row=2 target=p.vi value=-2.502294e-1 \u001b[31m\u2502\u001b[0m ratio=2.502294e9 norm=2.502294e-1 row_scale=1.000000e0 \u001b[31m\u2502\u001b[0m scaled_tolerance=1.000000e-10"", ""raw"": ""reading /tmp/tmpdaj5cg7g/traced.rbc (bitcode v2, cbor) Simulating OpenIPSL.Electrical.Loads.PSAT.ZIP to t=1 with 9 trace point(s)... \u001b[31m\u001b[0m simulation failed: algebraic projection did not establish coordinate \u001b[31m\u2502\u001b[0m convergence: worst scaled residual row=2 target=p.vi value=-2.502294e-1 \u001b[31m\u2502\u001b[0m ratio=2.502294e9 norm=2.502294e-1 row_scale=1.000000e0 \u001b[31m\u2502\u001b[0m scaled_tolerance=1.000000e-1"", ""tool_side"": false}",/data/mrumoca/eval/results_v3/openipsl/runtime_free.jsonl
openipsl,runtime-v3,OpenIPSL.Electrical.Machines.PSAT.MotorTypeI,0,network-port-unconnected,low,False,execution-not-completed,"{""connector"": ""p"", ""component"": ""<top level>"", ""component_class"": ""unknown"", ""flows_forced_to_zero"": ""p.ir, p.ii"", ""note"": ""nothing is connected to this port, so MLS \u00a79.2 forces its flow to zero. That is correct for a component compiled on its own and is not a defect; it is recorded because it is the commonest reason a model looks structurally singular""}",/data/mrumoca/eval/results_v3/openipsl/runtime_free.jsonl
openipsl,runtime-v3,OpenIPSL.Electrical.Machines.PSAT.MotorTypeI,1,network-component-isolated,low,False,execution-not-completed,"{""component"": ""<top level>"", ""component_class"": ""unknown"", ""ports"": ""p"", ""note"": ""every port of this instance is unconnected, so it exchanges nothing with the rest of the model while still contributing its equations""}",/data/mrumoca/eval/results_v3/openipsl/runtime_free.jsonl
openipsl,runtime-v3,OpenIPSL.Electrical.Machines.PSAT.MotorTypeI,2,network-observation-incomplete,info,False,execution-not-completed,"{""reason"": ""missing or unsynchronized connector member observations"", ""note"": ""coverage gap, not a model defect""}",/data/mrumoca/eval/results_v3/openipsl/runtime_free.jsonl
openipsl,runtime-v3,OpenIPSL.Electrical.Machines.PSAT.MotorTypeI,3,initialization-failure,high,False,execution-not-completed,"{""failure_kind"": ""nonlinear-solver-failure"", ""reason"": ""valuation failed: initial variable projection \u001b[31m\u2502\u001b[0m did not satisfy the complete residual system: max selected residual row=0 \u001b[31m\u2502\u001b[0m original_row=0 target=s value=8.333333e-2 norm=8.333333e-2"", ""raw"": ""reading /tmp/tmps28ihg0d/traced.rbc (bitcode v2, cbor) Simulating OpenIPSL.Electrical.Machines.PSAT.MotorTypeI to t=1 with 11 trace point(s)... \u001b[31m\u001b[0m simulation failed: solve-IR evaluation failed: initial variable projection \u001b[31m\u2502\u001b[0m did not satisfy the complete residual system: max selected residual row=0 \u001b[31m\u2502\u001b[0m original_row=0 target=s value=8.333333e-2 norm=8.333333e-2"", ""tool_side"": false}",/data/mrumoca/eval/results_v3/openipsl/runtime_free.jsonl
openipsl,runtime-v3,OpenIPSL.Electrical.GFCs.GFMs.REGFMA1.REGFMA1Light,0,network-boundary-port,low,True,hold-input-contract-validation,"{""node"": ""VS.VS.p -- VS.p -- p1"", ""boundary_connectors"": ""p1"", ""wired_to"": ""VS.VS.p, VS.p"", ""note"": ""this connector belongs to the model itself, not to a component inside it: the model is an interface compiled on its own, so the node is open on one side. Nothing forces its flow, which is why a structural matching reports an unmatched unknown here. Not a defect in the model""}",/data/mrumoca/eval/results_v3/openipsl/runtime_free.jsonl
openipsl,runtime-v3,OpenIPSL.Electrical.GFCs.GFMs.REGFMA1.REGFMA1Light,1,network-boundary-port,low,True,hold-input-contract-validation,"{""node"": ""Edelta -- sigaEdelta"", ""boundary_connectors"": ""Edelta, sigaEdelta"", ""wired_to"": ""nothing"", ""note"": ""this connector belongs to the model itself, not to a component inside it: the model is an interface compiled on its own, so the node is open on one side. Nothing forces its flow, which is why a structural matching reports an unmatched unknown here. Not a defect in the model""}",/data/mrumoca/eval/results_v3/openipsl/runtime_free.jsonl
openipsl,runtime-v3,OpenIPSL.Electrical.GFCs.GFMs.REGFMA1.REGFMA1Light,2,network-boundary-port,low,True,hold-input-contract-validation,"{""node"": ""Emag -- sigaEmag"", ""boundary_connectors"": ""Emag, sigaEmag"", ""wired_to"": ""nothing"", ""note"": ""this connector belongs to the model itself, not to a component inside it: the model is an interface compiled on its own, so the node is open on one side. Nothing forces its flow, which is why a structural matching reports an unmatched unknown here. Not a defect in the model""}",/data/mrumoca/eval/results_v3/openipsl/runtime_free.jsonl
openipsl,runtime-v3,OpenIPSL.Electrical.GFCs.GFMs.REGFMA1.REGFMA1Light,3,network-boundary-port,low,True,hold-input-contract-validation,"{""node"": ""P_meas -- sigPmeas"", ""boundary_connectors"": ""P_meas, sigPmeas"", ""wired_to"": ""nothing"", ""note"": ""this connector belongs to the model itself, not to a component inside it: the model is an interface compiled on its own, so the node is open on one side. Nothing forces its flow, which is why a structural matching reports an unmatched unknown here. Not a defect in the model""}",/data/mrumoca/eval/results_v3/openipsl/runtime_free.jsonl
openipsl,runtime-v3,OpenIPSL.Electrical.GFCs.GFMs.REGFMA1.REGFMA1Light,4,network-boundary-port,low,True,hold-input-contract-validation,"{""node"": ""Q_meas -- sigQmeas"", ""boundary_connectors"": ""Q_meas, sigQmeas"", ""wired_to"": ""nothing"", ""note"": ""this connector belongs to the model itself, not to a component inside it: the model is an interface compiled on its own, so the node is open on one side. Nothing forces its flow, which is why a structural matching reports an unmatched unknown here. Not a defect in the model""}",/data/mrumoca/eval/results_v3/openipsl/runtime_free.jsonl
openipsl,runtime-v3,OpenIPSL.Electrical.GFCs.GFMs.REGFMA1.REGFMA1Light,5,network-boundary-port,low,True,hold-input-contract-validation,"{""node"": ""V -- sigVmeas"", ""boundary_connectors"": ""V, sigVmeas"", ""wired_to"": ""nothing"", ""note"": ""this connector belongs to the model itself, not to a component inside it: the model is an interface compiled on its own, so the node is open on one side. Nothing forces its flow, which is why a structural matching reports an unmatched unknown here. Not a defect in the model""}",/data/mrumoca/eval/results_v3/openipsl/runtime_free.jsonl
openipsl,runtime-v3,OpenIPSL.Electrical.GFCs.GFMs.REGFMA1.REGFMA1Light,6,network-boundary-port,low,True,hold-input-contract-validation,"{""node"": ""anglev -- siganglevmeas"", ""boundary_connectors"": ""anglev, siganglevmeas"", ""wired_to"": ""nothing"", ""note"": ""this connector belongs to the model itself, not to a component inside it: the model is an interface compiled on its own, so the node is open on one side. Nothing forces its flow, which is why a structural matching reports an unmatched unknown here. Not a defect in the model""}",/data/mrumoca/eval/results_v3/openipsl/runtime_free.jsonl
openipsl,runtime-v3,OpenIPSL.Electrical.GFCs.GFMs.REGFMA1.REGFMA1Light,7,network-boundary-port,low,True,hold-input-contract-validation,"{""node"": ""Pref -- VS -- VS.Pmeas -- VS.Qmeas -- VS.VS -- VS.VS.p2R -- VS.Vmeas -- VS.anglevmeas -- VS.p0meas -- VS.q0meas -- VS.vt0meas -- Vref -- gain2P0pu -- gain2Q0pu -- omega_droop -- pfdroopcntrl -- pfdroopcntrl.Pfilt -- pfdroopcntrl.Pfilt.lfp -- pfdroopcntrl.Plimsig -- pfdroopcntrl.pfdroop -- pfdroopcntrl.pfdroop.DP -- pfdroopcntrl.pfdroop.add -- pfdroopcntrl.pfdroop.integrator -- pfdroopcntrl.pfdroop.mpGain -- pfdroopcntrl.pfdroop.omega0val -- pfdroopcntrl.pfdroop.sum_Plim -- pfdroopcntrl.pfdroop.w0Gain -- q_v_droop_scheme -- q_v_droop_scheme.Elims -- q_v_droop_scheme.ElimsPID -- q_v_droop_scheme.QVFlag_switch -- q_v_droop_scheme.QVFlag_val -- q_v_droop_scheme.Qfilt -- q_v_droop_scheme.Qfilt.lfp -- q_v_droop_scheme.Qlimsig -- q_v_droop_scheme.Qref0 -- q_v_droop_scheme.VFlag_switch -- q_v_droop_scheme.VFlag_val -- q_v_droop_scheme.Vfilt -- q_v_droop_scheme.Vfilt.lfp -- q_v_droop_scheme.kivInt -- q_v_droop_scheme.kpvGain -- q_v_droop_scheme.qv_drp1 -- q_v_droop_scheme.qv_drp1.feedback -- q_v_droop_scheme.qv_drp1.mqGain -- q_v_droop_scheme.qv_drp1.sum_Vref_Qlim_DeltaQmq -- q_v_droop_scheme.sum_PI -- q_v_droop_scheme.sum_Vcmd_Vinv -- sig_E0 -- sig_Pmeas -- sig_Qmeas -- sig_V0 -- sig_Vmeas -- sig_q0"", ""boundary_connectors"": ""Pref, VS, Vref, gain2P0pu, gain2Q0pu, omega_droop, pfdroopcntrl, q_v_droop_scheme, sig_E0, sig_Pmeas, sig_Qmeas, sig_V0, sig_Vmeas, sig_q0"", ""wired_to"": ""VS.Pmeas, VS.Qmeas, VS.VS, VS.VS.p2R, VS.Vmeas, VS.anglevmeas, VS.p0meas, VS.q0meas, VS.vt0meas, pfdroopcntrl.Pfilt, pfdroopcntrl.Pfilt.lfp, pfdroopcntrl.Plimsig, pfdroopcntrl.pfdroop, pfdroopcntrl.pfdroop.DP, pfdroopcntrl.pfdroop.add, pfdroopcntrl.pfdroop.integrator, pfdroopcntrl.pfdroop.mpGain, pfdroopcntrl.pfdroop.omega0val, pfdroopcntrl.pfdroop.sum_Plim, pfdroopcntrl.pfdroop.w0Gain, q_v_droop_scheme.Elims, q_v_droop_scheme.ElimsPID, q_v_droop_scheme.QVFlag_switch, q_v_droop_scheme.QVFlag_val, q_v_droop_scheme.Qfilt, q_v_droop_scheme.Qfilt.lfp, q_v_droop_scheme.Qlimsig, q_v_droop_scheme.Qref0, q_v_droop_scheme.VFlag_switch, q_v_droop_scheme.VFlag_val, q_v_droop_scheme.Vfilt, q_v_droop_scheme.Vfilt.lfp, q_v_droop_scheme.kivInt, q_v_droop_scheme.kpvGain, q_v_droop_scheme.qv_drp1, q_v_droop_scheme.qv_drp1.feedback, q_v_droop_scheme.qv_drp1.mqGain, q_v_droop_scheme.qv_drp1.sum_Vref_Qlim_DeltaQmq, q_v_droop_scheme.sum_PI, q_v_droop_scheme.sum_Vcmd_Vinv"", ""note"": ""this connector belongs to the model itself, not to a component inside it: the model is an interface compiled on its own, so the node is open on one side. Nothing forces its flow, which is why a structural matching reports an unmatched unknown here. Not a defect in the model""}",/data/mrumoca/eval/results_v3/openipsl/runtime_free.jsonl
openipsl,runtime-v3,OpenIPSL.Electrical.Machines.PSAT.MotorTypeIII,0,network-port-unconnected,low,False,execution-not-completed,"{""connector"": ""p"", ""component"": ""<top level>"", ""component_class"": ""unknown"", ""flows_forced_to_zero"": ""p.ir, p.ii"", ""note"": ""nothing is connected to this port, so MLS \u00a79.2 forces its flow to zero. That is correct for a component compiled on its own and is not a defect; it is recorded because it is the commonest reason a model looks structurally singular""}",/data/mrumoca/eval/results_v3/openipsl/runtime_free.jsonl
openipsl,runtime-v3,OpenIPSL.Electrical.Machines.PSAT.MotorTypeIII,1,network-component-isolated,low,False,execution-not-completed,"{""component"": ""<top level>"", ""component_class"": ""unknown"", ""ports"": ""p"", ""note"": ""every port of this instance is unconnected, so it exchanges nothing with the rest of the model while still contributing its equations""}",/data/mrumoca/eval/results_v3/openipsl/runtime_free.jsonl
openipsl,runtime-v3,OpenIPSL.Electrical.Machines.PSAT.MotorTypeIII,2,network-observation-incomplete,info,False,execution-not-completed,"{""reason"": ""missing or unsynchronized connector member observations"", ""note"": ""coverage gap, not a model defect""}",/data/mrumoca/eval/results_v3/openipsl/runtime_free.jsonl
openipsl,runtime-v3,OpenIPSL.Electrical.Machines.PSAT.MotorTypeIII,3,initialization-failure,high,False,execution-not-completed,"{""failure_kind"": ""nonlinear-solver-failure"", ""reason"": ""valuation failed: initial variable projection \u001b[31m\u2502\u001b[0m did not satisfy the complete residual system: max selected residual row=0 \u001b[31m\u2502\u001b[0m original_row=0 target=s value=4.166667e-2 norm=4.166667e-2"", ""raw"": ""reading /tmp/tmpkp04vhvi/traced.rbc (bitcode v2, cbor) Simulating OpenIPSL.Electrical.Machines.PSAT.MotorTypeIII to t=1 with 19 trace point(s)... \u001b[31m\u001b[0m simulation failed: solve-IR evaluation failed: initial variable projection \u001b[31m\u2502\u001b[0m did not satisfy the complete residual system: max selected residual row=0 \u001b[31m\u2502\u001b[0m original_row=0 target=s value=4.166667e-2 norm=4.166667e-2"", ""tool_side"": false}",/data/mrumoca/eval/results_v3/openipsl/runtime_free.jsonl
openipsl,runtime-v3,OpenIPSL.Electrical.Renewables.PSSE.ElectricalController.BaseClasses.CurrentLimitLogicREECA,0,initialization-failure,high,True,execution-not-completed,"{""failure_kind"": ""unknown"", ""reason"": ""es.PSSE.ElectricalController.BaseClasses.CurrentLimitLogicREECA to t=1 with 11 trace point(s)... \u001b[31m\u001b[0m simulation failed: parameter `start_ii` has neither a binding nor an \u001b[31m\u2502\u001b[0m initial value"", ""raw"": ""reading /tmp/tmpbkkpgbof/traced.rbc (bitcode v2, cbor) holding 5 free input(s) constant at their start values: VDL1_out=0, pqflag=0, VDL2_out=0, Iqcmd=0, Ipcmd=0 Simulating OpenIPSL.Electrical.Renewables.PSSE.ElectricalController.BaseClasses.CurrentLimitLogicREECA to t=1 with 11 trace point(s)... \u001b[31m\u001b[0m simulation failed: parameter `start_ii` has neither a binding nor an \u001b[31m\u2502\u001b[0m initial valu"", ""tool_side"": false}",/data/mrumoca/eval/results_v3/openipsl/runtime_free.jsonl
openipsl,runtime-v3,OpenIPSL.Electrical.Renewables.PSSE.ElectricalController.BaseClasses.CurrentLimitLogicREECB,0,initialization-failure,high,True,execution-not-completed,"{""failure_kind"": ""unknown"", ""reason"": ""les.PSSE.ElectricalController.BaseClasses.CurrentLimitLogicREECB to t=1 with 7 trace point(s)... \u001b[31m\u001b[0m simulation failed: parameter `start_ii` has neither a binding nor an \u001b[31m\u2502\u001b[0m initial value"", ""raw"": ""reading /tmp/tmpvzh0jvgv/traced.rbc (bitcode v2, cbor) holding 3 free input(s) constant at their start values: Iqcmd=0, Ipcmd=0, Pqflag=0 Simulating OpenIPSL.Electrical.Renewables.PSSE.ElectricalController.BaseClasses.CurrentLimitLogicREECB to t=1 with 7 trace point(s)... \u001b[31m\u001b[0m simulation failed: parameter `start_ii` has neither a binding nor an \u001b[31m\u2502\u001b[0m initial value"", ""tool_side"": false}",/data/mrumoca/eval/results_v3/openipsl/runtime_free.jsonl
openipsl,runtime-v3,OpenIPSL.Electrical.Loads.PSAT.ZIP_Jimma,0,network-port-unconnected,low,False,execution-not-completed,"{""connector"": ""p"", ""component"": ""<top level>"", ""component_class"": ""unknown"", ""flows_forced_to_zero"": ""p.ir, p.ii"", ""note"": ""nothing is connected to this port, so MLS \u00a79.2 forces its flow to zero. That is correct for a component compiled on its own and is not a defect; it is recorded because it is the commonest reason a model looks structurally singular""}",/data/mrumoca/eval/results_v3/openipsl/runtime_free.jsonl
openipsl,runtime-v3,OpenIPSL.Electrical.Loads.PSAT.ZIP_Jimma,1,network-component-isolated,low,False,execution-not-completed,"{""component"": ""<top level>"", ""component_class"": ""unknown"", ""ports"": ""p"", ""note"": ""every port of this instance is unconnected, so it exchanges nothing with the rest of the model while still contributing its equations""}",/data/mrumoca/eval/results_v3/openipsl/runtime_free.jsonl
openipsl,runtime-v3,OpenIPSL.Electrical.Loads.PSAT.ZIP_Jimma,2,network-observation-incomplete,info,False,execution-not-completed,"{""reason"": ""missing or unsynchronized connector member observations"", ""note"": ""coverage gap, not a model defect""}",/data/mrumoca/eval/results_v3/openipsl/runtime_free.jsonl
openipsl,runtime-v3,OpenIPSL.Electrical.Loads.PSAT.ZIP_Jimma,3,simulation-failure,high,False,execution-not-completed,"{""failure_kind"": ""nonlinear-solver-failure"", ""reason"": ""\u001b[31m\u2502\u001b[0m converge at event boundary: worst scaled residual row=4 target=v \u001b[31m\u2502\u001b[0m value=-3.211090e-1 ratio=3.211090e5 norm=3.211090e-1 row_scale=1.000000e0 \u001b[31m\u2502\u001b[0m scaled_tolerance=1.000000e-6"", ""raw"": ""reading /tmp/tmp9ofe_tv9/traced.rbc (bitcode v2, cbor) Simulating OpenIPSL.Electrical.Loads.PSAT.ZIP_Jimma to t=1 with 11 trace point(s)... \u001b[31m\u001b[0m simulation failed: solve-IR evaluation failed: algebraic projection did not \u001b[31m\u2502\u001b[0m converge at event boundary: worst scaled residual row=4 target=v \u001b[31m\u2502\u001b[0m value=-3.211090e-1 ratio=3.211090e5 norm=3.211090e-1 row_scale=1.000000e0 \u001b[31m\u2502\u001b[0m sc"", ""tool_side"": false}",/data/mrumoca/eval/results_v3/openipsl/runtime_free.jsonl
openipsl,runtime-v3,OpenIPSL.Electrical.Renewables.PSSE.ElectricalController.BaseClasses.CurrentLimitLogicREECC,0,initialization-failure,high,True,execution-not-completed,"{""failure_kind"": ""unknown"", ""reason"": ""les.PSSE.ElectricalController.BaseClasses.CurrentLimitLogicREECC to t=1 with 9 trace point(s)... \u001b[31m\u001b[0m simulation failed: parameter `start_ii` has neither a binding nor an \u001b[31m\u2502\u001b[0m initial value"", ""raw"": ""reading /tmp/tmptld2yfco/traced.rbc (bitcode v2, cbor) holding 5 free input(s) constant at their start values: VDL1_out=0, pqflag=0, VDL2_out=0, Iqcmd=0, Ipcmd=0 Simulating OpenIPSL.Electrical.Renewables.PSSE.ElectricalController.BaseClasses.CurrentLimitLogicREECC to t=1 with 9 trace point(s)... \u001b[31m\u001b[0m simulation failed: parameter `start_ii` has neither a binding nor an \u001b[31m\u2502\u001b[0m initial value"", ""tool_side"": false}",/data/mrumoca/eval/results_v3/openipsl/runtime_free.jsonl
openipsl,runtime-v3,OpenIPSL.Electrical.Machines.PSAT.MotorTypeV,0,network-port-unconnected,low,False,execution-not-completed,"{""connector"": ""p"", ""component"": ""<top level>"", ""component_class"": ""unknown"", ""flows_forced_to_zero"": ""p.ir, p.ii"", ""note"": ""nothing is connected to this port, so MLS \u00a79.2 forces its flow to zero. That is correct for a component compiled on its own and is not a defect; it is recorded because it is the commonest reason a model looks structurally singular""}",/data/mrumoca/eval/results_v3/openipsl/runtime_free.jsonl
openipsl,runtime-v3,OpenIPSL.Electrical.Machines.PSAT.MotorTypeV,1,network-component-isolated,low,False,execution-not-completed,"{""component"": ""<top level>"", ""component_class"": ""unknown"", ""ports"": ""p"", ""note"": ""every port of this instance is unconnected, so it exchanges nothing with the rest of the model while still contributing its equations""}",/data/mrumoca/eval/results_v3/openipsl/runtime_free.jsonl
openipsl,runtime-v3,OpenIPSL.Electrical.Machines.PSAT.MotorTypeV,2,network-observation-incomplete,info,False,execution-not-completed,"{""reason"": ""missing or unsynchronized connector member observations"", ""note"": ""coverage gap, not a model defect""}",/data/mrumoca/eval/results_v3/openipsl/runtime_free.jsonl
openipsl,runtime-v3,OpenIPSL.Electrical.Machines.PSAT.MotorTypeV,3,initialization-failure,high,False,execution-not-completed,"{""failure_kind"": ""nonlinear-solver-failure"", ""reason"": ""valuation failed: initial variable projection \u001b[31m\u2502\u001b[0m did not satisfy the complete residual system: max selected residual row=2 \u001b[31m\u2502\u001b[0m original_row=2 target=e1m value=1.791230e1 norm=1.791230e1"", ""raw"": ""reading /tmp/tmpp5ylz_5r/traced.rbc (bitcode v2, cbor) Simulating OpenIPSL.Electrical.Machines.PSAT.MotorTypeV to t=1 with 19 trace point(s)... \u001b[31m\u001b[0m simulation failed: solve-IR evaluation failed: initial variable projection \u001b[31m\u2502\u001b[0m did not satisfy the complete residual system: max selected residual row=2 \u001b[31m\u2502\u001b[0m original_row=2 target=e1m value=1.791230e1 norm=1.791230e1"", ""tool_side"": false}",/data/mrumoca/eval/results_v3/openipsl/runtime_free.jsonl
openipsl,runtime-v3,OpenIPSL.Electrical.Renewables.PSSE.ElectricalController.BaseClasses.PIwithNoVariableLimiter,0,network-boundary-port,low,True,execution-not-completed,"{""node"": ""PI_add -- integral -- limiter -- or1 -- proportional -- realExpression -- reset_switch -- u -- voltage_dip -- y"", ""boundary_connectors"": ""PI_add, integral, limiter, or1, proportional, realExpression, reset_switch, u, voltage_dip, y"", ""wired_to"": ""nothing"", ""note"": ""this connector belongs to the model itself, not to a component inside it: the model is an interface compiled on its own, so the node is open on one side. Nothing forces its flow, which is why a structural matching reports an unmatched unknown here. Not a defect in the model""}",/data/mrumoca/eval/results_v3/openipsl/runtime_free.jsonl
openipsl,runtime-v3,OpenIPSL.Electrical.Renewables.PSSE.ElectricalController.BaseClasses.PIwithNoVariableLimiter,1,network-observation-incomplete,info,True,execution-not-completed,"{""reason"": ""missing or unsynchronized connector member observations"", ""note"": ""coverage gap, not a model defect""}",/data/mrumoca/eval/results_v3/openipsl/runtime_free.jsonl
openipsl,runtime-v3,OpenIPSL.Electrical.Renewables.PSSE.ElectricalController.BaseClasses.PIwithNoVariableLimiter,2,initialization-failure,high,True,execution-not-completed,"{""failure_kind"": ""unknown"", ""reason"": ""les.PSSE.ElectricalController.BaseClasses.PIwithNoVariableLimiter to t=1 with 23 trace point(s)... \u001b[31m\u001b[0m simulation failed: parameter `V_RMAX` has neither a binding nor an initial \u001b[31m\u2502\u001b[0m value"", ""raw"": ""reading /tmp/tmpmxeapb4x/traced.rbc (bitcode v2, cbor) holding 2 free input(s) constant at their start values: u=0, voltage_dip=0 Simulating OpenIPSL.Electrical.Renewables.PSSE.ElectricalController.BaseClasses.PIwithNoVariableLimiter to t=1 with 23 trace point(s)... \u001b[31m\u001b[0m simulation failed: parameter `V_RMAX` has neither a binding nor an initial \u001b[31m\u2502\u001b[0m value"", ""tool_side"": false}",/data/mrumoca/eval/results_v3/openipsl/runtime_free.jsonl
openipsl,runtime-v3,OpenIPSL.Electrical.Renewables.PSSE.ElectricalController.BaseClasses.PIwithVariableLimiter,0,network-boundary-port,low,True,hold-input-contract-validation,"{""node"": ""PI_add -- integral -- limit1 -- limit2 -- or1 -- proportional -- realExpression -- reset_switch -- u -- variableLimiter1 -- voltage_dip -- y"", ""boundary_connectors"": ""PI_add, integral, limit1, limit2, or1, proportional, realExpression, reset_switch, u, variableLimiter1, voltage_dip, y"", ""wired_to"": ""nothing"", ""note"": ""this connector belongs to the model itself, not to a component inside it: the model is an interface compiled on its own, so the node is open on one side. Nothing forces its flow, which is why a structural matching reports an unmatched unknown here. Not a defect in the model""}",/data/mrumoca/eval/results_v3/openipsl/runtime_free.jsonl
openipsl,runtime-v3,OpenIPSL.Electrical.Renewables.PSSE.ElectricalController.BaseClasses.StateOfChargeLogic,0,initialization-failure,high,True,execution-not-completed,"{""failure_kind"": ""unknown"", ""reason"": ""enewables.PSSE.ElectricalController.BaseClasses.StateOfChargeLogic to t=1 with 3 trace point(s)... \u001b[31m\u001b[0m simulation failed: parameter `SOCmin` has neither a binding nor an initial \u001b[31m\u2502\u001b[0m value"", ""raw"": ""reading /tmp/tmpygm8qr54/traced.rbc (bitcode v2, cbor) holding 1 free input(s) constant at their start values: SOC=0 Simulating OpenIPSL.Electrical.Renewables.PSSE.ElectricalController.BaseClasses.StateOfChargeLogic to t=1 with 3 trace point(s)... \u001b[31m\u001b[0m simulation failed: parameter `SOCmin` has neither a binding nor an initial \u001b[31m\u2502\u001b[0m value"", ""tool_side"": false}",/data/mrumoca/eval/results_v3/openipsl/runtime_free.jsonl
openipsl,runtime-v3,OpenIPSL.Electrical.Renewables.PSSE.InverterInterface.BaseClasses.LVACM,0,initialization-failure,high,True,execution-not-completed,"{""failure_kind"": ""unknown"", ""reason"": ""PSL.Electrical.Renewables.PSSE.InverterInterface.BaseClasses.LVACM to t=1 with 2 trace point(s)... \u001b[31m\u001b[0m simulation failed: parameter `lvpnt0` has neither a binding nor an initial \u001b[31m\u2502\u001b[0m value"", ""raw"": ""reading /tmp/tmpgpr63nmk/traced.rbc (bitcode v2, cbor) holding 1 free input(s) constant at their start values: Vt=0 Simulating OpenIPSL.Electrical.Renewables.PSSE.InverterInterface.BaseClasses.LVACM to t=1 with 2 trace point(s)... \u001b[31m\u001b[0m simulation failed: parameter `lvpnt0` has neither a binding nor an initial \u001b[31m\u2502\u001b[0m value"", ""tool_side"": false}",/data/mrumoca/eval/results_v3/openipsl/runtime_free.jsonl
openipsl,runtime-v3,OpenIPSL.Electrical.GFCs.GFMs.REGFMA1.REGFMA1wPQLimiters,0,network-boundary-port,low,True,hold-input-contract-validation,"{""node"": ""VS.VS.p -- VS.p -- p"", ""boundary_connectors"": ""p"", ""wired_to"": ""VS.VS.p, VS.p"", ""note"": ""this connector belongs to the model itself, not to a component inside it: the model is an interface compiled on its own, so the node is open on one side. Nothing forces its flow, which is why a structural matching reports an unmatched unknown here. Not a defect in the model""}",/data/mrumoca/eval/results_v3/openipsl/runtime_free.jsonl
openipsl,runtime-v3,OpenIPSL.Electrical.GFCs.GFMs.REGFMA1.REGFMA1wPQLimiters,1,network-boundary-port,low,True,hold-input-contract-validation,"{""node"": ""Edelta -- sigaEdelta"", ""boundary_connectors"": ""Edelta, sigaEdelta"", ""wired_to"": ""nothing"", ""note"": ""this connector belongs to the model itself, not to a component inside it: the model is an interface compiled on its own, so the node is open on one side. Nothing forces its flow, which is why a structural matching reports an unmatched unknown here. Not a defect in the model""}",/data/mrumoca/eval/results_v3/openipsl/runtime_free.jsonl
openipsl,runtime-v3,OpenIPSL.Electrical.GFCs.GFMs.REGFMA1.REGFMA1wPQLimiters,2,network-boundary-port,low,True,hold-input-contract-validation,"{""node"": ""Emag -- sigaEmag"", ""boundary_connectors"": ""Emag, sigaEmag"", ""wired_to"": ""nothing"", ""note"": ""this connector belongs to the model itself, not to a component inside it: the model is an interface compiled on its own, so the node is open on one side. Nothing forces its flow, which is why a structural matching reports an unmatched unknown here. Not a defect in the model""}",/data/mrumoca/eval/results_v3/openipsl/runtime_free.jsonl
openipsl,runtime-v3,OpenIPSL.Electrical.GFCs.GFMs.REGFMA1.REGFMA1wPQLimiters,3,network-boundary-port,low,True,hold-input-contract-validation,"{""node"": ""P_meas -- sigPmeas"", ""boundary_connectors"": ""P_meas, sigPmeas"", ""wired_to"": ""nothing"", ""note"": ""this connector belongs to the model itself, not to a component inside it: the model is an interface compiled on its own, so the node is open on one side. Nothing forces its flow, which is why a structural matching reports an unmatched unknown here. Not a defect in the model""}",/data/mrumoca/eval/results_v3/openipsl/runtime_free.jsonl
openipsl,runtime-v3,OpenIPSL.Electrical.GFCs.GFMs.REGFMA1.REGFMA1wPQLimiters,4,network-boundary-port,low,True,hold-input-contract-validation,"{""node"": ""Q_meas -- sigQmeas"", ""boundary_connectors"": ""Q_meas, sigQmeas"", ""wired_to"": ""nothing"", ""note"": ""this connector belongs to the model itself, not to a component inside it: the model is an interface compiled on its own, so the node is open on one side. Nothing forces its flow, which is why a structural matching reports an unmatched unknown here. Not a defect in the model""}",/data/mrumoca/eval/results_v3/openipsl/runtime_free.jsonl
openipsl,runtime-v3,OpenIPSL.Electrical.GFCs.GFMs.REGFMA1.REGFMA1wPQLimiters,5,network-boundary-port,low,True,hold-input-contract-validation,"{""node"": ""V -- sigVmeas"", ""boundary_connectors"": ""V, sigVmeas"", ""wired_to"": ""nothing"", ""note"": ""this connector belongs to the model itself, not to a component inside it: the model is an interface compiled on its own, so the node is open on one side. Nothing forces its flow, which is why a structural matching reports an unmatched unknown here. Not a defect in the model""}",/data/mrumoca/eval/results_v3/openipsl/runtime_free.jsonl
openipsl,runtime-v3,OpenIPSL.Electrical.GFCs.GFMs.REGFMA1.REGFMA1wPQLimiters,6,network-boundary-port,low,True,hold-input-contract-validation,"{""node"": ""anglev -- siganglevmeas"", ""boundary_connectors"": ""anglev, siganglevmeas"", ""wired_to"": ""nothing"", ""note"": ""this connector belongs to the model itself, not to a component inside it: the model is an interface compiled on its own, so the node is open on one side. Nothing forces its flow, which is why a structural matching reports an unmatched unknown here. Not a defect in the model""}",/data/mrumoca/eval/results_v3/openipsl/runtime_free.jsonl
openipsl,runtime-v3,OpenIPSL.Electrical.GFCs.GFMs.REGFMA1.REGFMA1wPQLimiters,7,network-boundary-port,low,True,hold-input-contract-validation,"{""node"": ""Pref -- VS -- VS.Pmeas -- VS.Qmeas -- VS.VS -- VS.VS.p2R -- VS.Vmeas -- VS.anglevmeas -- VS.p0meas -- VS.q0meas -- VS.vt0meas -- Vref -- gain2P0pu -- gain2Q0pu -- omega_droop -- pfdroopcntrl -- pfdroopcntrl.Pfilt -- pfdroopcntrl.Pfilt.lfp -- pfdroopcntrl.pfdroop -- pfdroopcntrl.pfdroop.DP -- pfdroopcntrl.pfdroop.add -- pfdroopcntrl.pfdroop.integrator -- pfdroopcntrl.pfdroop.mpGain -- pfdroopcntrl.pfdroop.omega0val -- pfdroopcntrl.pfdroop.sum_Plim -- pfdroopcntrl.pfdroop.w0Gain -- pfdroopcntrl.plimiter -- pfdroopcntrl.plimiter.Pmax_val -- pfdroopcntrl.plimiter.Pmin_val -- pfdroopcntrl.plimiter.add_Pmax_PI -- pfdroopcntrl.plimiter.add_Pmaxlim_and_Pminlim -- pfdroopcntrl.plimiter.add_Pmin_PI -- pfdroopcntrl.plimiter.error_Pmax_Pfilt -- pfdroopcntrl.plimiter.error_Pmin_Pfilt -- pfdroopcntrl.plimiter.gain_kppmax_Pmax -- pfdroopcntrl.plimiter.gain_kppmax_Pmin -- pfdroopcntrl.plimiter.lim_Pmax_out -- pfdroopcntrl.plimiter.lim_Pmin_out -- pfdroopcntrl.plimiter.lim_kipmax_Pmax -- pfdroopcntrl.plimiter.lim_kipmax_Pmin -- pfdroopcntrl.sig_P0 -- q_v_droop_scheme -- q_v_droop_scheme.Elims -- q_v_droop_scheme.ElimsPID -- q_v_droop_scheme.QVFlag_switch -- q_v_droop_scheme.QVFlag_val -- q_v_droop_scheme.Qfilt -- q_v_droop_scheme.Qfilt.lfp -- q_v_droop_scheme.Qref0 -- q_v_droop_scheme.VFlag_switch -- q_v_droop_scheme.VFlag_val -- q_v_droop_scheme.Vfilt -- q_v_droop_scheme.Vfilt.lfp -- q_v_droop_scheme.kivInt -- q_v_droop_scheme.kpvGain -- q_v_droop_scheme.qlimiter -- q_v_droop_scheme.qlimiter.Qmax_val -- q_v_droop_scheme.qlimiter.Qmin_val -- q_v_droop_scheme.qlimiter.add_Qmax_PI -- q_v_droop_scheme.qlimiter.add_Qmaxlim_and_Qminlim -- q_v_droop_scheme.qlimiter.add_Qmin_PI -- q_v_droop_scheme.qlimiter.error_Qmax_Qfilt -- q_v_droop_scheme.qlimiter.error_Qmin_Qfilt -- q_v_droop_scheme.qlimiter.gain_kpqmax_Qmax -- q_v_droop_scheme.qlimiter.gain_kpqmax_Qmax1 -- q_v_droop_scheme.qlimiter.lim_Qmax_out -- q_v_droop_scheme.qlimiter.lim_Qmin_out -- q_v_droop_scheme.qlimiter.lim_kiqmax_Qmax -- q_v_droop_scheme.qlimiter.lim_kiqmax_Qmin -- q_v_droop_scheme.qv_drp1 -- q_v_droop_scheme.qv_drp1.feedback -- q_v_droop_scheme.qv_drp1.mqGain -- q_v_droop_scheme.qv_drp1.sum_Vref_Qlim_DeltaQmq -- q_v_droop_scheme.sig_Q0 -- q_v_droop_scheme.sum_PI -- q_v_droop_scheme.sum_Vcmd_Vinv -- sig_E0 -- sig_Pmeas -- sig_Qmeas -- sig_V0 -- sig_Vmeas -- sig_q0"", ""boundary_connectors"": ""Pref, VS, Vref, gain2P0pu, gain2Q0pu, omega_droop, pfdroopcntrl, q_v_droop_scheme, sig_E0, sig_Pmeas, sig_Qmeas, sig_V0, sig_Vmeas, sig_q0"", ""wired_to"": ""VS.Pmeas, VS.Qmeas, VS.VS, VS.VS.p2R, VS.Vmeas, VS.anglevmeas, VS.p0meas, VS.q0meas, VS.vt0meas, pfdroopcntrl.Pfilt, pfdroopcntrl.Pfilt.lfp, pfdroopcntrl.pfdroop, pfdroopcntrl.pfdroop.DP, pfdroopcntrl.pfdroop.add, pfdroopcntrl.pfdroop.integrator, pfdroopcntrl.pfdroop.mpGain, pfdroopcntrl.pfdroop.omega0val, pfdroopcntrl.pfdroop.sum_Plim, pfdroopcntrl.pfdroop.w0Gain, pfdroopcntrl.plimiter, pfdroopcntrl.plimiter.Pmax_val, pfdroopcntrl.plimiter.Pmin_val, pfdroopcntrl.plimiter.add_Pmax_PI, pfdroopcntrl.plimiter.add_Pmaxlim_and_Pminlim, pfdroopcntrl.plimiter.add_Pmin_PI, pfdroopcntrl.plimiter.error_Pmax_Pfilt, pfdroopcntrl.plimiter.error_Pmin_Pfilt, pfdroopcntrl.plimiter.gain_kppmax_Pmax, pfdroopcntrl.plimiter.gain_kppmax_Pmin, pfdroopcntrl.plimiter.lim_Pmax_out, pfdroopcntrl.plimiter.lim_Pmin_out, pfdroopcntrl.plimiter.lim_kipmax_Pmax, pfdroopcntrl.plimiter.lim_kipmax_Pmin, pfdroopcntrl.sig_P0, q_v_droop_scheme.Elims, q_v_droop_scheme.ElimsPID, q_v_droop_scheme.QVFlag_switch, q_v_droop_scheme.QVFlag_val, q_v_droop_scheme.Qfilt, q_v_droop_scheme.Qfilt.lfp, q_v_droop_scheme.Qref0, q_v_droop_scheme.VFlag_switch, q_v_droop_scheme.VFlag_val, q_v_droop_scheme.Vfilt, q_v_droop_scheme.Vfilt.lfp, q_v_droop_scheme.kivInt, q_v_droop_scheme.kpvGain, q_v_droop_scheme.qlimiter, q_v_droop_scheme.qlimiter.Qmax_val, q_v_droop_scheme.qlimiter.Qmin_val, q_v_droop_scheme.qlimiter.add_Qmax_PI, q_v_droop_scheme.qlimiter.add_Qmaxlim_and_Qminlim, q_v_droop_scheme.qlimiter.add_Qmin_PI, q_v_droop_scheme.qlimiter.error_Qmax_Qfilt, q_v_droop_scheme.qlimiter.error_Qmin_Qfilt, q_v_droop_scheme.qlimiter.gain_kpqmax_Qmax, q_v_droop_scheme.qlimiter.gain_kpqmax_Qmax1, q_v_droop_scheme.qlimiter.lim_Qmax_out, q_v_droop_scheme.qlimiter.lim_Qmin_out, q_v_droop_scheme.qlimiter.lim_kiqmax_Qmax, q_v_droop_scheme.qlimiter.lim_kiqmax_Qmin, q_v_droop_scheme.qv_drp1, q_v_droop_scheme.qv_drp1.feedback, q_v_droop_scheme.qv_drp1.mqGain, q_v_droop_scheme.qv_drp1.sum_Vref_Qlim_DeltaQmq, q_v_droop_scheme.sig_Q0, q_v_droop_scheme.sum_PI, q_v_droop_scheme.sum_Vcmd_Vinv"", ""note"": ""this connector belongs to the model itself, not to a component inside it: the model is an interface compiled on its own, so the node is open on one side. Nothing forces its flow, which is why a structural matching reports an unmatched unknown here. Not a defect in the model""}",/data/mrumoca/eval/results_v3/openipsl/runtime_free.jsonl
openipsl,runtime-v3,OpenIPSL.Electrical.Renewables.PSSE.InverterInterface.BaseClasses.LVPL,0,initialization-failure,high,True,execution-not-completed,"{""failure_kind"": ""unknown"", ""reason"": ""nIPSL.Electrical.Renewables.PSSE.InverterInterface.BaseClasses.LVPL to t=1 with 2 trace point(s)... \u001b[31m\u001b[0m simulation failed: parameter `Brkpt` has neither a binding nor an initial \u001b[31m\u2502\u001b[0m value"", ""raw"": ""reading /tmp/tmpn_zi7g2i/traced.rbc (bitcode v2, cbor) holding 1 free input(s) constant at their start values: V=0 Simulating OpenIPSL.Electrical.Renewables.PSSE.InverterInterface.BaseClasses.LVPL to t=1 with 2 trace point(s)... \u001b[31m\u001b[0m simulation failed: parameter `Brkpt` has neither a binding nor an initial \u001b[31m\u2502\u001b[0m value"", ""tool_side"": false}",/data/mrumoca/eval/results_v3/openipsl/runtime_free.jsonl
openipsl,runtime-v3,OpenIPSL.Electrical.Renewables.PSSE.ElectricalController.REECB1,0,network-boundary-port,low,True,execution-not-completed,"{""node"": ""IPMAX -- IPMIN -- IQMAX -- IQMAX_ -- IQMIN -- IQMIN_ -- Ipcmd -- Iqcmd -- PFAREF -- Pe -- PfFlag -- PfFlag_logic -- Pqflag_logic -- Pref -- QFLAG -- QFlag -- Qext -- Qgen -- VFlag -- VREF0 -- VReF0 -- Vflag_logic -- Vt -- Vt_filt1 -- Vt_filt2 -- Vt_filt3 -- add -- add1 -- add2 -- add4 -- add5 -- add6 -- add7 -- add8 -- ccl -- dbd1_dbd2 -- division -- division1 -- frzState -- frzState1 -- frzState2 -- gain -- gain1 -- gain2 -- integrator -- integrator1 -- integrator2 -- integrator3 -- limiter -- limiter1 -- limiter2 -- limiter3 -- limiter4 -- limiter5 -- limiter7 -- limiter8 -- product1 -- product2 -- product3 -- product4 -- product6 -- simpleLag -- simpleLag1 -- tan1 -- variableLimiter -- variableLimiter1 -- variableLimiter2"", ""boundary_connectors"": ""IPMAX, IPMIN, IQMAX, IQMAX_, IQMIN, IQMIN_, Ipcmd, Iqcmd, PFAREF, Pe, PfFlag, PfFlag_logic, Pqflag_logic, Pref, QFLAG, QFlag, Qext, Qgen, VFlag, VREF0, VReF0, Vflag_logic, Vt, Vt_filt1, Vt_filt2, Vt_filt3, add, add1, add2, add4, add5, add6, add7, add8, ccl, dbd1_dbd2, division, division1, frzState, frzState1, frzState2, gain, gain1, gain2, integrator, integrator1, integrator2, integrator3, limiter, limiter1, limiter2, limiter3, limiter4, limiter5, limiter7, limiter8, product1, product2, product3, product4, product6, simpleLag, simpleLag1, tan1, variableLimiter, variableLimiter1, variableLimiter2"", ""wired_to"": ""nothing"", ""note"": ""this connector belongs to the model itself, not to a component inside it: the model is an interface compiled on its own, so the node is open on one side. Nothing forces its flow, which is why a structural matching reports an unmatched unknown here. Not a defect in the model""}",/data/mrumoca/eval/results_v3/openipsl/runtime_free.jsonl
openipsl,runtime-v3,OpenIPSL.Electrical.Renewables.PSSE.ElectricalController.REECB1,1,network-observation-incomplete,info,True,execution-not-completed,"{""reason"": ""missing or unsynchronized connector member observations"", ""note"": ""coverage gap, not a model defect""}",/data/mrumoca/eval/results_v3/openipsl/runtime_free.jsonl
openipsl,runtime-v3,OpenIPSL.Electrical.Renewables.PSSE.ElectricalController.REECB1,2,simulation-failure,high,True,execution-not-completed,"{""failure_kind"": ""non-finite-value"", ""reason"": ""=0, p0=0, q0=0 Simulating OpenIPSL.Electrical.Renewables.PSSE.ElectricalController.REECB1 to t=1 with 169 trace point(s)... \u001b[31m\u001b[0m simulation failed: numeric evaluation produced a non-finite result"", ""raw"": ""reading /tmp/tmpd527ce82/traced.rbc (bitcode v2, cbor) holding 10 free input(s) constant at their start values: Vt=0, Pe=0, Qext=0, Qgen=0, Pref=0, ip0=0, iq0=0, v0=0, p0=0, q0=0 Simulating OpenIPSL.Electrical.Renewables.PSSE.ElectricalController.REECB1 to t=1 with 169 trace point(s)... \u001b[31m\u001b[0m simulation failed: numeric evaluation produced a non-finite result"", ""tool_side"": false}",/data/mrumoca/eval/results_v3/openipsl/runtime_free.jsonl
openipsl,runtime-v3,OpenIPSL.Electrical.Loads.PSAT.FrequencyDependent,0,network-port-unconnected,low,False,execution-not-completed,"{""connector"": ""p"", ""component"": ""<top level>"", ""component_class"": ""unknown"", ""flows_forced_to_zero"": ""p.ir, p.ii"", ""note"": ""nothing is connected to this port, so MLS \u00a79.2 forces its flow to zero. That is correct for a component compiled on its own and is not a defect; it is recorded because it is the commonest reason a model looks structurally singular""}",/data/mrumoca/eval/results_v3/openipsl/runtime_free.jsonl
openipsl,runtime-v3,OpenIPSL.Electrical.Loads.PSAT.FrequencyDependent,1,network-component-isolated,low,False,execution-not-completed,"{""component"": ""<top level>"", ""component_class"": ""unknown"", ""ports"": ""p"", ""note"": ""every port of this instance is unconnected, so it exchanges nothing with the rest of the model while still contributing its equations""}",/data/mrumoca/eval/results_v3/openipsl/runtime_free.jsonl
openipsl,runtime-v3,OpenIPSL.Electrical.Loads.PSAT.FrequencyDependent,2,network-observation-incomplete,info,False,execution-not-completed,"{""reason"": ""missing or unsynchronized connector member observations"", ""note"": ""coverage gap, not a model defect""}",/data/mrumoca/eval/results_v3/openipsl/runtime_free.jsonl
openipsl,runtime-v3,OpenIPSL.Electrical.Loads.PSAT.FrequencyDependent,3,simulation-failure,high,False,execution-not-completed,"{""failure_kind"": ""nonlinear-solver-failure"", ""reason"": ""\u001b[31m\u2502\u001b[0m converge at event boundary: worst scaled residual row=2 target=v \u001b[31m\u2502\u001b[0m value=-9.898077e-3 ratio=9.897880e3 norm=9.898077e-3 row_scale=1.000020e0 \u001b[31m\u2502\u001b[0m scaled_tolerance=1.000020e-6"", ""raw"": ""reading /tmp/tmpvv08uyhq/traced.rbc (bitcode v2, cbor) Simulating OpenIPSL.Electrical.Loads.PSAT.FrequencyDependent to t=1 with 11 trace point(s)... \u001b[31m\u001b[0m simulation failed: solve-IR evaluation failed: algebraic projection did not \u001b[31m\u2502\u001b[0m converge at event boundary: worst scaled residual row=2 target=v \u001b[31m\u2502\u001b[0m value=-9.898077e-3 ratio=9.897880e3 norm=9.898077e-3 row_scale=1.000020e0 \u001b[31"", ""tool_side"": false}",/data/mrumoca/eval/results_v3/openipsl/runtime_free.jsonl
openipsl,runtime-v3,OpenIPSL.Electrical.Renewables.PSSE.WindDriveTrain.WTDTA1,0,network-boundary-port,low,True,hold-input-contract-validation,"{""node"": ""Coef1 -- Coef2 -- Pe -- Pm -- W_0 -- add -- add1 -- add2 -- add3 -- add3_1 -- add3_2 -- add4 -- const -- const1 -- division -- division1 -- integrator -- integrator1 -- integrator2 -- integrator3 -- realExpression -- realExpression1 -- realExpression2 -- w0_ -- w0__ -- wg -- wt"", ""boundary_connectors"": ""Coef1, Coef2, Pe, Pm, W_0, add, add1, add2, add3, add3_1, add3_2, add4, const, const1, division, division1, integrator, integrator1, integrator2, integrator3, realExpression, realExpression1, realExpression2, w0_, w0__, wg, wt"", ""wired_to"": ""nothing"", ""note"": ""this connector belongs to the model itself, not to a component inside it: the model is an interface compiled on its own, so the node is open on one side. Nothing forces its flow, which is why a structural matching reports an unmatched unknown here. Not a defect in the model""}",/data/mrumoca/eval/results_v3/openipsl/runtime_free.jsonl
openipsl,runtime-v3,OpenIPSL.Electrical.Sensors.PwCurrent,0,network-port-unconnected,low,False,execution-not-completed,"{""connector"": ""p"", ""component"": ""<top level>"", ""component_class"": ""unknown"", ""flows_forced_to_zero"": ""p.ir, p.ii"", ""note"": ""nothing is connected to this port, so MLS \u00a79.2 forces its flow to zero. That is correct for a component compiled on its own and is not a defect; it is recorded because it is the commonest reason a model looks structurally singular""}",/data/mrumoca/eval/results_v3/openipsl/runtime_free.jsonl
openipsl,runtime-v3,OpenIPSL.Electrical.Sensors.PwCurrent,1,network-port-unconnected,low,False,execution-not-completed,"{""connector"": ""n"", ""component"": ""<top level>"", ""component_class"": ""unknown"", ""flows_forced_to_zero"": ""n.ir, n.ii"", ""note"": ""nothing is connected to this port, so MLS \u00a79.2 forces its flow to zero. That is correct for a component compiled on its own and is not a defect; it is recorded because it is the commonest reason a model looks structurally singular""}",/data/mrumoca/eval/results_v3/openipsl/runtime_free.jsonl
openipsl,runtime-v3,OpenIPSL.Electrical.Sensors.PwCurrent,2,network-component-isolated,low,False,execution-not-completed,"{""component"": ""<top level>"", ""component_class"": ""unknown"", ""ports"": ""p, n"", ""note"": ""every port of this instance is unconnected, so it exchanges nothing with the rest of the model while still contributing its equations""}",/data/mrumoca/eval/results_v3/openipsl/runtime_free.jsonl
openipsl,runtime-v3,OpenIPSL.Electrical.Sensors.PwCurrent,3,network-observation-incomplete,info,False,execution-not-completed,"{""reason"": ""missing or unsynchronized connector member observations"", ""note"": ""coverage gap, not a model defect""}",/data/mrumoca/eval/results_v3/openipsl/runtime_free.jsonl
openipsl,runtime-v3,OpenIPSL.Electrical.Sensors.PwCurrent,4,initialization-failure,high,False,execution-not-completed,"{""failure_kind"": ""singular-system"", ""reason"": ""ical.Sensors.PwCurrent to t=1 with 11 trace point(s)... \u001b[31m\u001b[0m simulation failed: DAE structural proof failed: structurally singular \u001b[31m\u2502\u001b[0m system: 9 matched out of 11 equations and 11 unknowns"", ""raw"": ""reading /tmp/tmp3ssu9rms/traced.rbc (bitcode v2, cbor) Simulating OpenIPSL.Electrical.Sensors.PwCurrent to t=1 with 11 trace point(s)... \u001b[31m\u001b[0m simulation failed: DAE structural proof failed: structurally singular \u001b[31m\u2502\u001b[0m system: 9 matched out of 11 equations and 11 unknowns"", ""tool_side"": false}",/data/mrumoca/eval/results_v3/openipsl/runtime_free.jsonl
openipsl,runtime-v3,OpenIPSL.Electrical.Sensors.SoftPMU,0,network-boundary-port,low,False,execution-not-completed,"{""node"": ""n -- p"", ""boundary_connectors"": ""n, p"", ""wired_to"": ""nothing"", ""note"": ""this connector belongs to the model itself, not to a component inside it: the model is an interface compiled on its own, so the node is open on one side. Nothing forces its flow, which is why a structural matching reports an unmatched unknown here. Not a defect in the model""}",/data/mrumoca/eval/results_v3/openipsl/runtime_free.jsonl
openipsl,runtime-v3,OpenIPSL.Electrical.Sensors.SoftPMU,1,network-boundary-port,low,False,execution-not-completed,"{""node"": ""fCalc -- fCalc.ImagXderReal -- fCalc.RealXderImag -- fCalc.derOfImag -- fCalc.derOfReal -- fCalc.diff -- fCalc.division -- fCalc.imag2 -- fCalc.real2 -- fCalc.sum"", ""boundary_connectors"": ""fCalc"", ""wired_to"": ""fCalc.ImagXderReal, fCalc.RealXderImag, fCalc.derOfImag, fCalc.derOfReal, fCalc.diff, fCalc.division, fCalc.imag2, fCalc.real2, fCalc.sum"", ""note"": ""this connector belongs to the model itself, not to a component inside it: the model is an interface compiled on its own, so the node is open on one side. Nothing forces its flow, which is why a structural matching reports an unmatched unknown here. Not a defect in the model""}",/data/mrumoca/eval/results_v3/openipsl/runtime_free.jsonl
openipsl,runtime-v3,OpenIPSL.Electrical.Sensors.SoftPMU,2,network-observation-incomplete,info,False,execution-not-completed,"{""reason"": ""missing or unsynchronized connector member observations"", ""note"": ""coverage gap, not a model defect""}",/data/mrumoca/eval/results_v3/openipsl/runtime_free.jsonl
openipsl,runtime-v3,OpenIPSL.Electrical.Sensors.SoftPMU,3,initialization-failure,high,False,execution-not-completed,"{""failure_kind"": ""singular-system"", ""reason"": ""rical.Sensors.SoftPMU to t=1 with 41 trace point(s)... \u001b[31m\u001b[0m simulation failed: DAE structural proof failed: structurally singular \u001b[31m\u2502\u001b[0m system: 39 matched out of 41 equations and 41 unknowns"", ""raw"": ""reading /tmp/tmp2loutoz_/traced.rbc (bitcode v2, cbor) Simulating OpenIPSL.Electrical.Sensors.SoftPMU to t=1 with 41 trace point(s)... \u001b[31m\u001b[0m simulation failed: DAE structural proof failed: structurally singular \u001b[31m\u2502\u001b[0m system: 39 matched out of 41 equations and 41 unknowns"", ""tool_side"": false}",/data/mrumoca/eval/results_v3/openipsl/runtime_free.jsonl
openipsl,runtime-v3,OpenIPSL.Electrical.Renewables.PSSE.PlantController.REPCA1,0,network-boundary-port,low,True,execution-not-completed,"{""node"": ""DDN -- DUP -- FREQ_FLAG -- FREQ_FLAG_logic -- Freq -- Freq_ref -- KIG -- KPG -- Pbranch -- Plant_pref -- Pref -- add -- add1 -- add2 -- add3_1 -- deadZone1 -- limiter -- limiter1 -- limiter2 -- limiter3 -- p0 -- simpleLag -- simpleLag1"", ""boundary_connectors"": ""DDN, DUP, FREQ_FLAG, FREQ_FLAG_logic, Freq, Freq_ref, KIG, KPG, Pbranch, Plant_pref, Pref, add, add1, add2, add3_1, deadZone1, limiter, limiter1, limiter2, limiter3, p0, simpleLag, simpleLag1"", ""wired_to"": ""nothing"", ""note"": ""this connector belongs to the model itself, not to a component inside it: the model is an interface compiled on its own, so the node is open on one side. Nothing forces its flow, which is why a structural matching reports an unmatched unknown here. Not a defect in the model""}",/data/mrumoca/eval/results_v3/openipsl/runtime_free.jsonl
openipsl,runtime-v3,OpenIPSL.Electrical.Renewables.PSSE.PlantController.REPCA1,1,network-boundary-port,low,True,execution-not-completed,"{""node"": ""KC -- Qbranch -- Qext -- Qref -- REFFLAG -- REFFLAG_logic -- VCFLAG -- VCFLAG_logic -- VLogic -- VREF -- Voltage_diff -- Vreg -- add3 -- add4 -- add5 -- deadZone -- leadLag -- leadLag.TF -- limiter4 -- pI_No_Windup_notVariable -- pI_No_Windup_notVariable.PI_add -- pI_No_Windup_notVariable.integral -- pI_No_Windup_notVariable.limiter -- pI_No_Windup_notVariable.or1 -- pI_No_Windup_notVariable.proportional -- pI_No_Windup_notVariable.realExpression -- pI_No_Windup_notVariable.reset_switch -- simpleLag2 -- simpleLag3"", ""boundary_connectors"": ""KC, Qbranch, Qext, Qref, REFFLAG, REFFLAG_logic, VCFLAG, VCFLAG_logic, VLogic, VREF, Voltage_diff, Vreg, add3, add4, add5, deadZone, leadLag, limiter4, pI_No_Windup_notVariable, simpleLag2, simpleLag3"", ""wired_to"": ""leadLag.TF, pI_No_Windup_notVariable.PI_add, pI_No_Windup_notVariable.integral, pI_No_Windup_notVariable.limiter, pI_No_Windup_notVariable.or1, pI_No_Windup_notVariable.proportional, pI_No_Windup_notVariable.realExpression, pI_No_Windup_notVariable.reset_switch"", ""note"": ""this connector belongs to the model itself, not to a component inside it: the model is an interface compiled on its own, so the node is open on one side. Nothing forces its flow, which is why a structural matching reports an unmatched unknown here. Not a defect in the model""}",/data/mrumoca/eval/results_v3/openipsl/runtime_free.jsonl
openipsl,runtime-v3,OpenIPSL.Electrical.Renewables.PSSE.PlantController.REPCA1,2,network-observation-incomplete,info,True,execution-not-completed,"{""reason"": ""missing or unsynchronized connector member observations"", ""note"": ""coverage gap, not a model defect""}",/data/mrumoca/eval/results_v3/openipsl/runtime_free.jsonl
openipsl,runtime-v3,OpenIPSL.Electrical.Renewables.PSSE.PlantController.REPCA1,3,simulation-failure,high,True,execution-not-completed,"{""failure_kind"": ""nonlinear-solver-failure"", ""reason"": ""failed: discrete event equations did not converge at \u001b[31m\u2502\u001b[0m t=0.0004904132248869486; coupled Newton recovery failed: no Real-valued \u001b[31m\u2502\u001b[0m event update rows are available for the coupled solve"", ""raw"": ""reading /tmp/tmp2ientqvi/traced.rbc (bitcode v2, cbor) holding 11 free input(s) constant at their start values: Qref=0, Plant_pref=0, Freq=0, Freq_ref=0, p0=0, q0=0, v0=0, branch_ir=0, branch_ii=0, regulate_vr=0, regulate_vi=0 Simulating OpenIPSL.Electrical.Renewables.PSSE.PlantController.REPCA1 to t=1 with 139 trace point(s)... \u001b[31m\u001b[0m simulation failed: discrete event equations did not converg"", ""tool_side"": false}",/data/mrumoca/eval/results_v3/openipsl/runtime_free.jsonl
openipsl,runtime-v3,OpenIPSL.Electrical.Loads.PSAT.ThermostaticallyControlled,0,network-port-unconnected,low,True,hold-input-contract-validation,"{""connector"": ""p"", ""component"": ""<top level>"", ""component_class"": ""unknown"", ""flows_forced_to_zero"": ""p.ir, p.ii"", ""note"": ""nothing is connected to this port, so MLS \u00a79.2 forces its flow to zero. That is correct for a component compiled on its own and is not a defect; it is recorded because it is the commonest reason a model looks structurally singular""}",/data/mrumoca/eval/results_v3/openipsl/runtime_free.jsonl
openipsl,runtime-v3,OpenIPSL.Electrical.Loads.PSAT.ThermostaticallyControlled,1,network-boundary-port,low,True,hold-input-contract-validation,"{""node"": ""Limiter -- Limiter1 -- add -- add1 -- add4 -- firstOrder -- gain -- gain1 -- gain2 -- product -- realExpression -- t_a -- t_ref"", ""boundary_connectors"": ""Limiter, Limiter1, add, add1, add4, firstOrder, gain, gain1, gain2, product, realExpression, t_a, t_ref"", ""wired_to"": ""nothing"", ""note"": ""this connector belongs to the model itself, not to a component inside it: the model is an interface compiled on its own, so the node is open on one side. Nothing forces its flow, which is why a structural matching reports an unmatched unknown here. Not a defect in the model""}",/data/mrumoca/eval/results_v3/openipsl/runtime_free.jsonl
openipsl,runtime-v3,OpenIPSL.Electrical.Solar.PowerFactory.DIgSILENT.Auxiliary.SLDWindV,0,network-boundary-port,low,True,execution-not-completed,"{""node"": ""add -- const -- diq -- division -- duac -- duac_abs -- gain -- limiter -- product"", ""boundary_connectors"": ""add, const, diq, division, duac, duac_abs, gain, limiter, product"", ""wired_to"": ""nothing"", ""note"": ""this connector belongs to the model itself, not to a component inside it: the model is an interface compiled on its own, so the node is open on one side. Nothing forces its flow, which is why a structural matching reports an unmatched unknown here. Not a defect in the model""}",/data/mrumoca/eval/results_v3/openipsl/runtime_free.jsonl
openipsl,runtime-v3,OpenIPSL.Electrical.Solar.PowerFactory.DIgSILENT.Auxiliary.SLDWindV,1,network-observation-incomplete,info,True,execution-not-completed,"{""reason"": ""missing or unsynchronized connector member observations"", ""note"": ""coverage gap, not a model defect""}",/data/mrumoca/eval/results_v3/openipsl/runtime_free.jsonl
openipsl,runtime-v3,OpenIPSL.Electrical.Solar.PowerFactory.DIgSILENT.Auxiliary.SLDWindV,2,initialization-failure,high,True,execution-not-completed,"{""failure_kind"": ""unknown"", ""reason"": ""IPSL.Electrical.Solar.PowerFactory.DIgSILENT.Auxiliary.SLDWindV to t=1 with 19 trace point(s)... \u001b[31m\u001b[0m simulation failed: parameter `Deadband` has neither a binding nor an \u001b[31m\u2502\u001b[0m initial value"", ""raw"": ""reading /tmp/tmpx7gmdvf4/traced.rbc (bitcode v2, cbor) holding 1 free input(s) constant at their start values: duac=0 Simulating OpenIPSL.Electrical.Solar.PowerFactory.DIgSILENT.Auxiliary.SLDWindV to t=1 with 19 trace point(s)... \u001b[31m\u001b[0m simulation failed: parameter `Deadband` has neither a binding nor an \u001b[31m\u2502\u001b[0m initial value"", ""tool_side"": false}",/data/mrumoca/eval/results_v3/openipsl/runtime_free.jsonl
openipsl,runtime-v3,OpenIPSL.Electrical.Solar.PowerFactory.DIgSILENT.Auxiliary.ActivePowerController,0,network-boundary-port,low,True,execution-not-completed,"{""node"": ""I -- P -- add -- feedback -- limiter -- limiter1 -- pred -- product -- tracker -- x -- yi -- yo1 -- yo2"", ""boundary_connectors"": ""I, P, add, feedback, limiter, limiter1, pred, product, tracker, x, yi, yo1, yo2"", ""wired_to"": ""nothing"", ""note"": ""this connector belongs to the model itself, not to a component inside it: the model is an interface compiled on its own, so the node is open on one side. Nothing forces its flow, which is why a structural matching reports an unmatched unknown here. Not a defect in the model""}",/data/mrumoca/eval/results_v3/openipsl/runtime_free.jsonl
openipsl,runtime-v3,OpenIPSL.Electrical.Solar.PowerFactory.DIgSILENT.Auxiliary.ActivePowerController,1,network-observation-incomplete,info,True,execution-not-completed,"{""reason"": ""missing or unsynchronized connector member observations"", ""note"": ""coverage gap, not a model defect""}",/data/mrumoca/eval/results_v3/openipsl/runtime_free.jsonl
openipsl,runtime-v3,OpenIPSL.Electrical.Solar.PowerFactory.DIgSILENT.Auxiliary.ActivePowerController,2,initialization-failure,high,True,execution-not-completed,"{""failure_kind"": ""unknown"", ""reason"": ""ctrical.Solar.PowerFactory.DIgSILENT.Auxiliary.ActivePowerController to t=1 with 31 trace point(s)... \u001b[31m\u001b[0m simulation failed: parameter `id0` has neither a binding nor an initial \u001b[31m\u2502\u001b[0m value"", ""raw"": ""reading /tmp/tmpi_6r_b_v/traced.rbc (bitcode v2, cbor) holding 2 free input(s) constant at their start values: yi=0, pred=0 Simulating OpenIPSL.Electrical.Solar.PowerFactory.DIgSILENT.Auxiliary.ActivePowerController to t=1 with 31 trace point(s)... \u001b[31m\u001b[0m simulation failed: parameter `id0` has neither a binding nor an initial \u001b[31m\u2502\u001b[0m value"", ""tool_side"": false}",/data/mrumoca/eval/results_v3/openipsl/runtime_free.jsonl
openipsl,runtime-v3,OpenIPSL.Electrical.Solar.PSAT.ConstantPQPV.PQ1,0,network-port-unconnected,low,False,standalone-topology-not-defect-proof,"{""connector"": ""p"", ""component"": ""<top level>"", ""component_class"": ""unknown"", ""flows_forced_to_zero"": ""p.ir, p.ii"", ""note"": ""nothing is connected to this port, so MLS \u00a79.2 forces its flow to zero. That is correct for a component compiled on its own and is not a defect; it is recorded because it is the commonest reason a model looks structurally singular""}",/data/mrumoca/eval/results_v3/openipsl/runtime_free.jsonl
openipsl,runtime-v3,OpenIPSL.Electrical.Solar.PSAT.ConstantPQPV.PQ1,1,network-component-isolated,low,False,standalone-topology-not-defect-proof,"{""component"": ""<top level>"", ""component_class"": ""unknown"", ""ports"": ""p"", ""note"": ""every port of this instance is unconnected, so it exchanges nothing with the rest of the model while still contributing its equations""}",/data/mrumoca/eval/results_v3/openipsl/runtime_free.jsonl
openipsl,runtime-v3,OpenIPSL.Electrical.Solar.PSAT.ConstantPQPV.PQ1,2,network-conservation-violated,high,False,analyzer-tolerance-review-near-zero-residual,"{""node"": ""p"", ""required"": ""+p.ir = 0"", ""worst_residual"": 3.576812567614148e-18, ""largest_flow_there"": 3.576812567614148e-18, ""at_sample"": 100, ""tolerance"": ""1e-06 relative"", ""note"": ""the conservation law this node asserts does not hold in the observed trajectory; either the solver is not holding the constraint or the observations are not of the same instant""}",/data/mrumoca/eval/results_v3/openipsl/runtime_free.jsonl
openipsl,runtime-v3,OpenIPSL.Electrical.Solar.PowerFactory.DIgSILENT.Auxiliary.ReactivePowerSupport,0,network-boundary-port,low,True,execution-not-completed,"{""node"": ""FRTCharac -- FRT_characteristic_selection -- abs -- add -- deadZone -- duac -- gain -- greaterEqualThreshold -- initial_current -- iq -- limiter -- picdro -- picdro.greaterThreshold -- picdro.greaterThreshold1 -- picdro.not1 -- picdro.rSFlipFlop -- picdro.rSFlipFlop.nor -- picdro.rSFlipFlop.nor1 -- picdro.rSFlipFlop.pre -- picdro.timer -- picdro.timer1 -- sLDWindV -- sLDWindV.add -- sLDWindV.const -- sLDWindV.division -- sLDWindV.duac_abs -- sLDWindV.gain -- sLDWindV.limiter -- sLDWindV.product -- switch -- switch1 -- zero_FRT_support"", ""boundary_connectors"": ""FRTCharac, FRT_characteristic_selection, abs, add, deadZone, duac, gain, greaterEqualThreshold, initial_current, iq, limiter, picdro, sLDWindV, switch, switch1, zero_FRT_support"", ""wired_to"": ""picdro.greaterThreshold, picdro.greaterThreshold1, picdro.not1, picdro.rSFlipFlop, picdro.rSFlipFlop.nor, picdro.rSFlipFlop.nor1, picdro.rSFlipFlop.pre, picdro.timer, picdro.timer1, sLDWindV.add, sLDWindV.const, sLDWindV.division, sLDWindV.duac_abs, sLDWindV.gain, sLDWindV.limiter, sLDWindV.product"", ""note"": ""this connector belongs to the model itself, not to a component inside it: the model is an interface compiled on its own, so the node is open on one side. Nothing forces its flow, which is why a structural matching reports an unmatched unknown here. Not a defect in the model""}",/data/mrumoca/eval/results_v3/openipsl/runtime_free.jsonl
openipsl,runtime-v3,OpenIPSL.Electrical.Solar.PowerFactory.DIgSILENT.Auxiliary.ReactivePowerSupport,1,network-observation-incomplete,info,True,execution-not-completed,"{""reason"": ""missing or unsynchronized connector member observations"", ""note"": ""coverage gap, not a model defect""}",/data/mrumoca/eval/results_v3/openipsl/runtime_free.jsonl
openipsl,runtime-v3,OpenIPSL.Electrical.Solar.PowerFactory.DIgSILENT.Auxiliary.ReactivePowerSupport,2,initialization-failure,high,True,execution-not-completed,"{""failure_kind"": ""unknown"", ""reason"": ""rical.Solar.PowerFactory.DIgSILENT.Auxiliary.ReactivePowerSupport to t=1 with 76 trace point(s)... \u001b[31m\u001b[0m simulation failed: parameter `iq_max` has neither a binding nor an initial \u001b[31m\u2502\u001b[0m value"", ""raw"": ""reading /tmp/tmp6ca0w91f/traced.rbc (bitcode v2, cbor) holding 1 free input(s) constant at their start values: duac=0 Simulating OpenIPSL.Electrical.Solar.PowerFactory.DIgSILENT.Auxiliary.ReactivePowerSupport to t=1 with 76 trace point(s)... \u001b[31m\u001b[0m simulation failed: parameter `iq_max` has neither a binding nor an initial \u001b[31m\u2502\u001b[0m value"", ""tool_side"": false}",/data/mrumoca/eval/results_v3/openipsl/runtime_free.jsonl
openipsl,runtime-v3,OpenIPSL.Electrical.Solar.PowerFactory.DIgSILENT.DCBusBar,0,network-boundary-port,low,True,execution-not-completed,"{""node"": ""I_pv -- P_conv -- P_to_I -- Udc -- add -- integrator"", ""boundary_connectors"": ""I_pv, P_conv, P_to_I, Udc, add, integrator"", ""wired_to"": ""nothing"", ""note"": ""this connector belongs to the model itself, not to a component inside it: the model is an interface compiled on its own, so the node is open on one side. Nothing forces its flow, which is why a structural matching reports an unmatched unknown here. Not a defect in the model""}",/data/mrumoca/eval/results_v3/openipsl/runtime_free.jsonl
openipsl,runtime-v3,OpenIPSL.Electrical.Solar.PowerFactory.DIgSILENT.DCBusBar,1,physical-bound-permits-zero,low,True,execution-not-completed,"{""domain"": ""electrical"", ""rule"": ""elec.capacitance.positive"", ""rule_origin"": ""stored energy is C*v^2/2, which a negative capacitance makes negative; C = 0 removes the state"", ""rule_reference"": ""MSL Electrical.Analog.Basic.Capacitor"", ""matched_by"": {""quantity"": ""Capacitance"", ""unit"": ""F"", ""confidence"": ""QUANTITY_AND_UNIT"", ""premise_state"": ""unknown"", ""authority"": ""quantity_or_unit"", ""canonical_declaration"": ""OpenIPSL.Electrical.Solar.PowerFactory.DIgSILENT.DCBusBar.C""}, ""required"": ""C > 0"", ""declared_min"": 0.0, ""variable_role"": ""parameter"", ""premise_state"": ""established"", ""authority"": ""source_arithmetic"", ""canonical_declaration"": ""OpenIPSL.Electrical.Solar.PowerFactory.DIgSILENT.DCBusBar.C"", ""contract_source"": ""equation"", ""premise_reason"": ""a source equation divides by this parameter, so the value is excluded by arithmetic rather than by intent"", ""note"": ""the declaration explicitly permits zero (`min=0`); whether zero is actually admissible needs execution, and for Mass/Inertia it is not""}",/data/mrumoca/eval/results_v3/openipsl/runtime_free.jsonl
openipsl,runtime-v3,OpenIPSL.Electrical.Solar.PowerFactory.DIgSILENT.DCBusBar,2,network-observation-incomplete,info,True,execution-not-completed,"{""reason"": ""missing or unsynchronized connector member observations"", ""note"": ""coverage gap, not a model defect""}",/data/mrumoca/eval/results_v3/openipsl/runtime_free.jsonl
openipsl,runtime-v3,OpenIPSL.Electrical.Solar.PowerFactory.DIgSILENT.DCBusBar,3,simulation-failure,high,True,execution-not-completed,"{""failure_kind"": ""non-finite-value"", ""reason"": ""on failed: solve-IR evaluation failed: non-finite (NaN) value \u001b[31m\u2502\u001b[0m computed for `P_to_I.y` @ Span { source: SourceId(6832497664377395004), \u001b[31m\u2502\u001b[0m start: BytePos(12035), end: BytePos(12047) }"", ""raw"": ""reading /tmp/tmpr_qb83dq/traced.rbc (bitcode v2, cbor) holding 2 free input(s) constant at their start values: P_conv=0, I_pv=0 Simulating OpenIPSL.Electrical.Solar.PowerFactory.DIgSILENT.DCBusBar to t=1 with 13 trace point(s)... \u001b[31m\u001b[0m simulation failed: solve-IR evaluation failed: non-finite (NaN) value \u001b[31m\u2502\u001b[0m computed for `P_to_I.y` @ Span { source: SourceId(6832497664377395004), \u001b[31m\u2502\u001b"", ""tool_side"": false}",/data/mrumoca/eval/results_v3/openipsl/runtime_free.jsonl
openipsl,runtime-v3,OpenIPSL.Electrical.Solar.PowerFactory.DIgSILENT.CurrentLimiter,0,network-boundary-port,low,True,execution-not-completed,"{""node"": ""abs -- abs1 -- add -- const -- const1 -- deadZone -- dlim_frt_op -- dlim_normal_op -- duac -- gain -- gain1 -- greaterEqualThreshold -- idin -- idout -- iqin -- iqout -- limiter -- maximum_current -- min -- picdro -- picdro.greaterThreshold -- picdro.greaterThreshold1 -- picdro.not1 -- picdro.rSFlipFlop -- picdro.rSFlipFlop.nor -- picdro.rSFlipFlop.nor1 -- picdro.rSFlipFlop.pre -- picdro.timer -- picdro.timer1 -- pythagoras -- qlim_frt_op -- qlim_normal_op -- switch1 -- switch_q_frt_normal"", ""boundary_connectors"": ""abs, abs1, add, const, const1, deadZone, dlim_frt_op, dlim_normal_op, duac, gain, gain1, greaterEqualThreshold, idin, idout, iqin, iqout, limiter, maximum_current, min, picdro, pythagoras, qlim_frt_op, qlim_normal_op, switch1, switch_q_frt_normal"", ""wired_to"": ""picdro.greaterThreshold, picdro.greaterThreshold1, picdro.not1, picdro.rSFlipFlop, picdro.rSFlipFlop.nor, picdro.rSFlipFlop.nor1, picdro.rSFlipFlop.pre, picdro.timer, picdro.timer1"", ""note"": ""this connector belongs to the model itself, not to a component inside it: the model is an interface compiled on its own, so the node is open on one side. Nothing forces its flow, which is why a structural matching reports an unmatched unknown here. Not a defect in the model""}",/data/mrumoca/eval/results_v3/openipsl/runtime_free.jsonl
openipsl,runtime-v3,OpenIPSL.Electrical.Solar.PowerFactory.DIgSILENT.CurrentLimiter,1,network-observation-incomplete,info,True,execution-not-completed,"{""reason"": ""missing or unsynchronized connector member observations"", ""note"": ""coverage gap, not a model defect""}",/data/mrumoca/eval/results_v3/openipsl/runtime_free.jsonl
openipsl,runtime-v3,OpenIPSL.Electrical.Solar.PowerFactory.DIgSILENT.CurrentLimiter,2,initialization-failure,high,True,execution-not-completed,"{""failure_kind"": ""unknown"", ""reason"": ""penIPSL.Electrical.Solar.PowerFactory.DIgSILENT.CurrentLimiter to t=1 with 84 trace point(s)... \u001b[31m\u001b[0m simulation failed: parameter `maxAbsCur` has neither a binding nor an \u001b[31m\u2502\u001b[0m initial value"", ""raw"": ""reading /tmp/tmputam7bp8/traced.rbc (bitcode v2, cbor) holding 3 free input(s) constant at their start values: idin=0, iqin=0, duac=0 Simulating OpenIPSL.Electrical.Solar.PowerFactory.DIgSILENT.CurrentLimiter to t=1 with 84 trace point(s)... \u001b[31m\u001b[0m simulation failed: parameter `maxAbsCur` has neither a binding nor an \u001b[31m\u2502\u001b[0m initial value"", ""tool_side"": false}",/data/mrumoca/eval/results_v3/openipsl/runtime_free.jsonl
openipsl,runtime-v3,OpenIPSL.Electrical.Solar.PowerFactory.DIgSILENT.PVArray,0,network-boundary-port,low,True,execution-not-completed,"{""node"": ""Iarray -- Uarray -- Vmpp_array -- gain -- gain1 -- gain2 -- module -- module.not_use_input_E -- module.not_use_input_theta -- module_time"", ""boundary_connectors"": ""Iarray, Uarray, Vmpp_array, gain, gain1, gain2, module, module_time"", ""wired_to"": ""module.not_use_input_E, module.not_use_input_theta"", ""note"": ""this connector belongs to the model itself, not to a component inside it: the model is an interface compiled on its own, so the node is open on one side. Nothing forces its flow, which is why a structural matching reports an unmatched unknown here. Not a defect in the model""}",/data/mrumoca/eval/results_v3/openipsl/runtime_free.jsonl
openipsl,runtime-v3,OpenIPSL.Electrical.Solar.PowerFactory.DIgSILENT.PVArray,1,network-observation-incomplete,info,True,execution-not-completed,"{""reason"": ""missing or unsynchronized connector member observations"", ""note"": ""coverage gap, not a model defect""}",/data/mrumoca/eval/results_v3/openipsl/runtime_free.jsonl
openipsl,runtime-v3,OpenIPSL.Electrical.Solar.PowerFactory.DIgSILENT.PVArray,2,initialization-failure,high,True,execution-not-completed,"{""failure_kind"": ""singular-system"", ""reason"": ""ory.DIgSILENT.PVArray to t=1 with 27 trace point(s)... \u001b[31m\u001b[0m simulation failed: DAE structural proof failed: structurally singular \u001b[31m\u2502\u001b[0m system: 25 matched out of 26 equations and 26 unknowns"", ""raw"": ""reading /tmp/tmp97n3lxj_/traced.rbc (bitcode v2, cbor) holding 1 free input(s) constant at their start values: Uarray=0 Simulating OpenIPSL.Electrical.Solar.PowerFactory.DIgSILENT.PVArray to t=1 with 27 trace point(s)... \u001b[31m\u001b[0m simulation failed: DAE structural proof failed: structurally singular \u001b[31m\u2502\u001b[0m system: 25 matched out of 26 equations and 26 unknowns"", ""tool_side"": false}",/data/mrumoca/eval/results_v3/openipsl/runtime_free.jsonl
openipsl,runtime-v3,OpenIPSL.Electrical.Solar.PowerFactory.DIgSILENT.PVModule,0,network-boundary-port,low,True,execution-not-completed,"{""node"": ""P -- not_use_input_E"", ""boundary_connectors"": ""P, not_use_input_E"", ""wired_to"": ""nothing"", ""note"": ""this connector belongs to the model itself, not to a component inside it: the model is an interface compiled on its own, so the node is open on one side. Nothing forces its flow, which is why a structural matching reports an unmatched unknown here. Not a defect in the model""}",/data/mrumoca/eval/results_v3/openipsl/runtime_free.jsonl
openipsl,runtime-v3,OpenIPSL.Electrical.Solar.PowerFactory.DIgSILENT.PVModule,1,network-boundary-port,low,True,execution-not-completed,"{""node"": ""local_theta -- not_use_input_theta"", ""boundary_connectors"": ""local_theta, not_use_input_theta"", ""wired_to"": ""nothing"", ""note"": ""this connector belongs to the model itself, not to a component inside it: the model is an interface compiled on its own, so the node is open on one side. Nothing forces its flow, which is why a structural matching reports an unmatched unknown here. Not a defect in the model""}",/data/mrumoca/eval/results_v3/openipsl/runtime_free.jsonl
openipsl,runtime-v3,OpenIPSL.Electrical.Solar.PowerFactory.DIgSILENT.PVModule,2,network-observation-incomplete,info,True,execution-not-completed,"{""reason"": ""missing or unsynchronized connector member observations"", ""note"": ""coverage gap, not a model defect""}",/data/mrumoca/eval/results_v3/openipsl/runtime_free.jsonl
openipsl,runtime-v3,OpenIPSL.Electrical.Solar.PowerFactory.DIgSILENT.PVModule,3,initialization-failure,high,True,execution-not-completed,"{""failure_kind"": ""singular-system"", ""reason"": ""ry.DIgSILENT.PVModule to t=1 with 16 trace point(s)... \u001b[31m\u001b[0m simulation failed: DAE structural proof failed: structurally singular \u001b[31m\u2502\u001b[0m system: 14 matched out of 15 equations and 15 unknowns"", ""raw"": ""reading /tmp/tmpwbe3wlkr/traced.rbc (bitcode v2, cbor) holding 1 free input(s) constant at their start values: U=0 Simulating OpenIPSL.Electrical.Solar.PowerFactory.DIgSILENT.PVModule to t=1 with 16 trace point(s)... \u001b[31m\u001b[0m simulation failed: DAE structural proof failed: structurally singular \u001b[31m\u2502\u001b[0m system: 14 matched out of 15 equations and 15 unknowns"", ""tool_side"": false}",/data/mrumoca/eval/results_v3/openipsl/runtime_free.jsonl
openipsl,runtime-v3,OpenIPSL.Electrical.Solar.PowerFactory.General.ElmGenstat,0,network-port-unconnected,low,True,execution-not-completed,"{""connector"": ""p"", ""component"": ""<top level>"", ""component_class"": ""unknown"", ""flows_forced_to_zero"": ""p.ir, p.ii"", ""note"": ""nothing is connected to this port, so MLS \u00a79.2 forces its flow to zero. That is correct for a component compiled on its own and is not a defect; it is recorded because it is the commonest reason a model looks structurally singular""}",/data/mrumoca/eval/results_v3/openipsl/runtime_free.jsonl
openipsl,runtime-v3,OpenIPSL.Electrical.Solar.PowerFactory.General.ElmGenstat,1,network-component-isolated,low,True,execution-not-completed,"{""component"": ""<top level>"", ""component_class"": ""unknown"", ""ports"": ""p"", ""note"": ""every port of this instance is unconnected, so it exchanges nothing with the rest of the model while still contributing its equations""}",/data/mrumoca/eval/results_v3/openipsl/runtime_free.jsonl
openipsl,runtime-v3,OpenIPSL.Electrical.Solar.PowerFactory.General.ElmGenstat,2,network-observation-incomplete,info,True,execution-not-completed,"{""reason"": ""missing or unsynchronized connector member observations"", ""note"": ""coverage gap, not a model defect""}",/data/mrumoca/eval/results_v3/openipsl/runtime_free.jsonl
openipsl,runtime-v3,OpenIPSL.Electrical.Solar.PowerFactory.General.ElmGenstat,3,initialization-failure,high,True,execution-not-completed,"{""failure_kind"": ""unknown"", ""reason"": ""Simulating OpenIPSL.Electrical.Solar.PowerFactory.General.ElmGenstat to t=1 with 14 trace point(s)... \u001b[31m\u001b[0m simulation failed: parameter `M_b` has neither a binding nor an initial \u001b[31m\u2502\u001b[0m value"", ""raw"": ""reading /tmp/tmpu9esb5pp/traced.rbc (bitcode v2, cbor) holding 2 free input(s) constant at their start values: id_ref=0, iq_ref=0 Simulating OpenIPSL.Electrical.Solar.PowerFactory.General.ElmGenstat to t=1 with 14 trace point(s)... \u001b[31m\u001b[0m simulation failed: parameter `M_b` has neither a binding nor an initial \u001b[31m\u2502\u001b[0m value"", ""tool_side"": false}",/data/mrumoca/eval/results_v3/openipsl/runtime_free.jsonl
openipsl,runtime-v3,OpenIPSL.Electrical.Solar.PowerFactory.General.ElmPhi_pll,0,network-port-unconnected,low,False,execution-not-completed,"{""connector"": ""p"", ""component"": ""<top level>"", ""component_class"": ""unknown"", ""flows_forced_to_zero"": ""p.ir, p.ii"", ""note"": ""nothing is connected to this port, so MLS \u00a79.2 forces its flow to zero. That is correct for a component compiled on its own and is not a defect; it is recorded because it is the commonest reason a model looks structurally singular""}",/data/mrumoca/eval/results_v3/openipsl/runtime_free.jsonl
openipsl,runtime-v3,OpenIPSL.Electrical.Solar.PowerFactory.General.ElmPhi_pll,1,network-component-isolated,low,False,execution-not-completed,"{""component"": ""<top level>"", ""component_class"": ""unknown"", ""ports"": ""p"", ""note"": ""every port of this instance is unconnected, so it exchanges nothing with the rest of the model while still contributing its equations""}",/data/mrumoca/eval/results_v3/openipsl/runtime_free.jsonl
openipsl,runtime-v3,OpenIPSL.Electrical.Solar.PowerFactory.General.ElmPhi_pll,2,network-observation-incomplete,info,False,execution-not-completed,"{""reason"": ""missing or unsynchronized connector member observations"", ""note"": ""coverage gap, not a model defect""}",/data/mrumoca/eval/results_v3/openipsl/runtime_free.jsonl
openipsl,runtime-v3,OpenIPSL.Electrical.Solar.PowerFactory.General.ElmPhi_pll,3,initialization-failure,high,False,execution-not-completed,"{""failure_kind"": ""singular-system"", ""reason"": ""actory.General.ElmPhi_pll to t=1 with 7 trace point(s)... \u001b[31m\u001b[0m simulation failed: DAE structural proof failed: structurally singular \u001b[31m\u2502\u001b[0m system: 5 matched out of 7 equations and 7 unknowns"", ""raw"": ""reading /tmp/tmpc3_1fq2h/traced.rbc (bitcode v2, cbor) Simulating OpenIPSL.Electrical.Solar.PowerFactory.General.ElmPhi_pll to t=1 with 7 trace point(s)... \u001b[31m\u001b[0m simulation failed: DAE structural proof failed: structurally singular \u001b[31m\u2502\u001b[0m system: 5 matched out of 7 equations and 7 unknowns"", ""tool_side"": false}",/data/mrumoca/eval/results_v3/openipsl/runtime_free.jsonl
openipsl,runtime-v3,OpenIPSL.Electrical.Solar.PSAT.ConstantPQPV.PV1,0,network-port-unconnected,low,False,execution-not-completed,"{""connector"": ""p"", ""component"": ""<top level>"", ""component_class"": ""unknown"", ""flows_forced_to_zero"": ""p.ir, p.ii"", ""note"": ""nothing is connected to this port, so MLS \u00a79.2 forces its flow to zero. That is correct for a component compiled on its own and is not a defect; it is recorded because it is the commonest reason a model looks structurally singular""}",/data/mrumoca/eval/results_v3/openipsl/runtime_free.jsonl
openipsl,runtime-v3,OpenIPSL.Electrical.Solar.PSAT.ConstantPQPV.PV1,1,network-component-isolated,low,False,execution-not-completed,"{""component"": ""<top level>"", ""component_class"": ""unknown"", ""ports"": ""p"", ""note"": ""every port of this instance is unconnected, so it exchanges nothing with the rest of the model while still contributing its equations""}",/data/mrumoca/eval/results_v3/openipsl/runtime_free.jsonl
openipsl,runtime-v3,OpenIPSL.Electrical.Solar.PSAT.ConstantPQPV.PV1,2,network-observation-incomplete,info,False,execution-not-completed,"{""reason"": ""missing or unsynchronized connector member observations"", ""note"": ""coverage gap, not a model defect""}",/data/mrumoca/eval/results_v3/openipsl/runtime_free.jsonl
openipsl,runtime-v3,OpenIPSL.Electrical.Solar.PSAT.ConstantPQPV.PV1,3,simulation-failure,high,False,execution-not-completed,"{""failure_kind"": ""nonlinear-solver-failure"", ""reason"": ""0m establish coordinate convergence: worst scaled residual row=8 target=p.vr \u001b[31m\u2502\u001b[0m value=-3.725655e0 ratio=4.848536e9 norm=3.725655e0 row_scale=7.684083e0 \u001b[31m\u2502\u001b[0m scaled_tolerance=7.684083e-10"", ""raw"": ""reading /tmp/tmp_f8eg4cx/traced.rbc (bitcode v2, cbor) Simulating OpenIPSL.Electrical.Solar.PSAT.ConstantPQPV.PV1 to t=1 with 16 trace point(s)... \u001b[31m\u001b[0m simulation failed: solve-IR evaluation failed: algebraic projection did not \u001b[31m\u2502\u001b[0m establish coordinate convergence: worst scaled residual row=8 target=p.vr \u001b[31m\u2502\u001b[0m value=-3.725655e0 ratio=4.848536e9 norm=3.725655e0 row_scale=7.684083e0"", ""tool_side"": false}",/data/mrumoca/eval/results_v3/openipsl/runtime_free.jsonl
openipsl,runtime-v3,OpenIPSL.Electrical.Solar.PowerFactory.General.ElmVac,0,network-port-unconnected,low,True,hold-input-contract-validation,"{""connector"": ""p"", ""component"": ""<top level>"", ""component_class"": ""unknown"", ""flows_forced_to_zero"": ""p.ir, p.ii"", ""note"": ""nothing is connected to this port, so MLS \u00a79.2 forces its flow to zero. That is correct for a component compiled on its own and is not a defect; it is recorded because it is the commonest reason a model looks structurally singular""}",/data/mrumoca/eval/results_v3/openipsl/runtime_free.jsonl
openipsl,runtime-v3,OpenIPSL.Electrical.Solar.PowerFactory.General.ElmVac,1,network-component-isolated,low,True,hold-input-contract-validation,"{""component"": ""<top level>"", ""component_class"": ""unknown"", ""ports"": ""p"", ""note"": ""every port of this instance is unconnected, so it exchanges nothing with the rest of the model while still contributing its equations""}",/data/mrumoca/eval/results_v3/openipsl/runtime_free.jsonl
openipsl,runtime-v3,OpenIPSL.Electrical.Solar.PowerFactory.WECC.PVD1.PQPriority,0,network-boundary-port,low,True,execution-not-completed,"{""node"": ""Imax2 -- Imax_ -- Ip -- IpLimiter -- Ipcmd -- Ipcmd2 -- Ipmax_ -- Iq -- IqLimiter -- Iqcmd -- Iqcmd2 -- Iqmax_ -- PqFlag_ -- diffP -- diffQ -- neg -- zero"", ""boundary_connectors"": ""Imax2, Imax_, Ip, IpLimiter, Ipcmd, Ipcmd2, Ipmax_, Iq, IqLimiter, Iqcmd, Iqcmd2, Iqmax_, PqFlag_, diffP, diffQ, neg, zero"", ""wired_to"": ""nothing"", ""note"": ""this connector belongs to the model itself, not to a component inside it: the model is an interface compiled on its own, so the node is open on one side. Nothing forces its flow, which is why a structural matching reports an unmatched unknown here. Not a defect in the model""}",/data/mrumoca/eval/results_v3/openipsl/runtime_free.jsonl
openipsl,runtime-v3,OpenIPSL.Electrical.Solar.PowerFactory.WECC.PVD1.PQPriority,1,network-observation-incomplete,info,True,execution-not-completed,"{""reason"": ""missing or unsynchronized connector member observations"", ""note"": ""coverage gap, not a model defect""}",/data/mrumoca/eval/results_v3/openipsl/runtime_free.jsonl
openipsl,runtime-v3,OpenIPSL.Electrical.Solar.PowerFactory.WECC.PVD1.PQPriority,2,initialization-failure,high,True,execution-not-completed,"{""failure_kind"": ""unknown"", ""reason"": ""ulating OpenIPSL.Electrical.Solar.PowerFactory.WECC.PVD1.PQPriority to t=1 with 42 trace point(s)... \u001b[31m\u001b[0m simulation failed: parameter `Imax` has neither a binding nor an initial \u001b[31m\u2502\u001b[0m value"", ""raw"": ""reading /tmp/tmp2b33ojx_/traced.rbc (bitcode v2, cbor) holding 2 free input(s) constant at their start values: Ip=0, Iq=0 Simulating OpenIPSL.Electrical.Solar.PowerFactory.WECC.PVD1.PQPriority to t=1 with 42 trace point(s)... \u001b[31m\u001b[0m simulation failed: parameter `Imax` has neither a binding nor an initial \u001b[31m\u2502\u001b[0m value"", ""tool_side"": false}",/data/mrumoca/eval/results_v3/openipsl/runtime_free.jsonl
openipsl,runtime-v3,OpenIPSL.Electrical.Solar.PowerFactory.General.StaVmea,0,network-port-unconnected,low,False,execution-not-completed,"{""connector"": ""p"", ""component"": ""<top level>"", ""component_class"": ""unknown"", ""flows_forced_to_zero"": ""p.ir, p.ii"", ""note"": ""nothing is connected to this port, so MLS \u00a79.2 forces its flow to zero. That is correct for a component compiled on its own and is not a defect; it is recorded because it is the commonest reason a model looks structurally singular""}",/data/mrumoca/eval/results_v3/openipsl/runtime_free.jsonl
openipsl,runtime-v3,OpenIPSL.Electrical.Solar.PowerFactory.General.StaVmea,1,network-boundary-port,low,False,execution-not-completed,"{""node"": ""local_df -- local_df_internal"", ""boundary_connectors"": ""local_df, local_df_internal"", ""wired_to"": ""nothing"", ""note"": ""this connector belongs to the model itself, not to a component inside it: the model is an interface compiled on its own, so the node is open on one side. Nothing forces its flow, which is why a structural matching reports an unmatched unknown here. Not a defect in the model""}",/data/mrumoca/eval/results_v3/openipsl/runtime_free.jsonl
openipsl,runtime-v3,OpenIPSL.Electrical.Solar.PowerFactory.General.StaVmea,2,network-observation-incomplete,info,False,execution-not-completed,"{""reason"": ""missing or unsynchronized connector member observations"", ""note"": ""coverage gap, not a model defect""}",/data/mrumoca/eval/results_v3/openipsl/runtime_free.jsonl
openipsl,runtime-v3,OpenIPSL.Electrical.Solar.PowerFactory.General.StaVmea,3,initialization-failure,high,False,execution-not-completed,"{""failure_kind"": ""singular-system"", ""reason"": ""ctory.General.StaVmea to t=1 with 15 trace point(s)... \u001b[31m\u001b[0m simulation failed: DAE structural proof failed: structurally singular \u001b[31m\u2502\u001b[0m system: 13 matched out of 15 equations and 15 unknowns"", ""raw"": ""reading /tmp/tmp2bkn1p1g/traced.rbc (bitcode v2, cbor) Simulating OpenIPSL.Electrical.Solar.PowerFactory.General.StaVmea to t=1 with 15 trace point(s)... \u001b[31m\u001b[0m simulation failed: DAE structural proof failed: structurally singular \u001b[31m\u2502\u001b[0m system: 13 matched out of 15 equations and 15 unknowns"", ""tool_side"": false}",/data/mrumoca/eval/results_v3/openipsl/runtime_free.jsonl
openipsl,runtime-v3,OpenIPSL.Electrical.Solar.PowerFactory.WECC.PVD1.Controller,0,network-boundary-port,low,True,execution-not-completed,"{""node"": ""Ip -- Iq -- It -- PCurrentController -- QCurrentController -- Vt -- active_power_reference -- add -- add1 -- add2 -- add4 -- compensation -- deadZone -- deadband_voltage -- division -- division1 -- freq -- freq_ref -- frequency_droop -- frequency_tripping -- limiter -- numerical_limit -- product -- product1 -- product2 -- product3 -- product4 -- qppriority -- qppriority.Imax2 -- qppriority.Imax_ -- qppriority.IpLimiter -- qppriority.Ipcmd2 -- qppriority.Ipmax_ -- qppriority.IqLimiter -- qppriority.Iqcmd2 -- qppriority.Iqmax_ -- qppriority.PqFlag_ -- qppriority.diffP -- qppriority.diffQ -- qppriority.neg -- qppriority.zero -- reactive_power_reference -- voltage_droop -- voltage_tripping"", ""boundary_connectors"": ""Ip, Iq, It, PCurrentController, QCurrentController, Vt, active_power_reference, add, add1, add2, add4, compensation, deadZone, deadband_voltage, division, division1, freq, freq_ref, frequency_droop, frequency_tripping, limiter, numerical_limit, product, product1, product2, product3, product4, qppriority, reactive_power_reference, voltage_droop, voltage_tripping"", ""wired_to"": ""qppriority.Imax2, qppriority.Imax_, qppriority.IpLimiter, qppriority.Ipcmd2, qppriority.Ipmax_, qppriority.IqLimiter, qppriority.Iqcmd2, qppriority.Iqmax_, qppriority.PqFlag_, qppriority.diffP, qppriority.diffQ, qppriority.neg, qppriority.zero"", ""note"": ""this connector belongs to the model itself, not to a component inside it: the model is an interface compiled on its own, so the node is open on one side. Nothing forces its flow, which is why a structural matching reports an unmatched unknown here. Not a defect in the model""}",/data/mrumoca/eval/results_v3/openipsl/runtime_free.jsonl
openipsl,runtime-v3,OpenIPSL.Electrical.Solar.PowerFactory.WECC.PVD1.Controller,1,network-observation-incomplete,info,True,execution-not-completed,"{""reason"": ""missing or unsynchronized connector member observations"", ""note"": ""coverage gap, not a model defect""}",/data/mrumoca/eval/results_v3/openipsl/runtime_free.jsonl
openipsl,runtime-v3,OpenIPSL.Electrical.Solar.PowerFactory.WECC.PVD1.Controller,2,initialization-failure,high,True,execution-not-completed,"{""failure_kind"": ""unknown"", ""reason"": ""lating OpenIPSL.Electrical.Solar.PowerFactory.WECC.PVD1.Controller to t=1 with 113 trace point(s)... \u001b[31m\u001b[0m simulation failed: parameter `Pref` has neither a binding nor an initial \u001b[31m\u2502\u001b[0m value"", ""raw"": ""reading /tmp/tmpc3mvghp8/traced.rbc (bitcode v2, cbor) holding 3 free input(s) constant at their start values: Vt=0, It=0, freq=0 Simulating OpenIPSL.Electrical.Solar.PowerFactory.WECC.PVD1.Controller to t=1 with 113 trace point(s)... \u001b[31m\u001b[0m simulation failed: parameter `Pref` has neither a binding nor an initial \u001b[31m\u2502\u001b[0m value"", ""tool_side"": false}",/data/mrumoca/eval/results_v3/openipsl/runtime_free.jsonl
openipsl,runtime-v3,OpenIPSL.Electrical.Solar.PowerFactory.WECC.PVD1.PlantPVD1,0,network-boundary-port,low,False,execution-not-completed,"{""node"": ""p -- staVmea.p -- static_generator.p"", ""boundary_connectors"": ""p"", ""wired_to"": ""staVmea.p, static_generator.p"", ""note"": ""this connector belongs to the model itself, not to a component inside it: the model is an interface compiled on its own, so the node is open on one side. Nothing forces its flow, which is why a structural matching reports an unmatched unknown here. Not a defect in the model""}",/data/mrumoca/eval/results_v3/openipsl/runtime_free.jsonl
openipsl,runtime-v3,OpenIPSL.Electrical.Solar.PowerFactory.WECC.PVD1.PlantPVD1,1,network-boundary-port,low,False,execution-not-completed,"{""node"": ""pvd1 -- pvd1.PCurrentController -- pvd1.QCurrentController -- pvd1.active_power_reference -- pvd1.add -- pvd1.add1 -- pvd1.add2 -- pvd1.add4 -- pvd1.compensation -- pvd1.deadZone -- pvd1.deadband_voltage -- pvd1.division -- pvd1.division1 -- pvd1.freq_ref -- pvd1.frequency_droop -- pvd1.frequency_tripping -- pvd1.limiter -- pvd1.numerical_limit -- pvd1.product -- pvd1.product1 -- pvd1.product2 -- pvd1.product3 -- pvd1.product4 -- pvd1.qppriority -- pvd1.qppriority.Imax2 -- pvd1.qppriority.Imax_ -- pvd1.qppriority.IpLimiter -- pvd1.qppriority.Ipcmd2 -- pvd1.qppriority.Ipmax_ -- pvd1.qppriority.IqLimiter -- pvd1.qppriority.Iqcmd2 -- pvd1.qppriority.Iqmax_ -- pvd1.qppriority.PqFlag_ -- pvd1.qppriority.diffP -- pvd1.qppriority.diffQ -- pvd1.qppriority.neg -- pvd1.qppriority.zero -- pvd1.reactive_power_reference -- pvd1.voltage_droop -- pvd1.voltage_tripping -- staVmea -- static_generator"", ""boundary_connectors"": ""pvd1, staVmea, static_generator"", ""wired_to"": ""pvd1.PCurrentController, pvd1.QCurrentController, pvd1.active_power_reference, pvd1.add, pvd1.add1, pvd1.add2, pvd1.add4, pvd1.compensation, pvd1.deadZone, pvd1.deadband_voltage, pvd1.division, pvd1.division1, pvd1.freq_ref, pvd1.frequency_droop, pvd1.frequency_tripping, pvd1.limiter, pvd1.numerical_limit, pvd1.product, pvd1.product1, pvd1.product2, pvd1.product3, pvd1.product4, pvd1.qppriority, pvd1.qppriority.Imax2, pvd1.qppriority.Imax_, pvd1.qppriority.IpLimiter, pvd1.qppriority.Ipcmd2, pvd1.qppriority.Ipmax_, pvd1.qppriority.IqLimiter, pvd1.qppriority.Iqcmd2, pvd1.qppriority.Iqmax_, pvd1.qppriority.PqFlag_, pvd1.qppriority.diffP, pvd1.qppriority.diffQ, pvd1.qppriority.neg, pvd1.qppriority.zero, pvd1.reactive_power_reference, pvd1.voltage_droop, pvd1.voltage_tripping"", ""note"": ""this connector belongs to the model itself, not to a component inside it: the model is an interface compiled on its own, so the node is open on one side. Nothing forces its flow, which is why a structural matching reports an unmatched unknown here. Not a defect in the model""}",/data/mrumoca/eval/results_v3/openipsl/runtime_free.jsonl
openipsl,runtime-v3,OpenIPSL.Electrical.Solar.PowerFactory.WECC.PVD1.PlantPVD1,2,network-observation-incomplete,info,False,execution-not-completed,"{""reason"": ""missing or unsynchronized connector member observations"", ""note"": ""coverage gap, not a model defect""}",/data/mrumoca/eval/results_v3/openipsl/runtime_free.jsonl
openipsl,runtime-v3,OpenIPSL.Electrical.Solar.PowerFactory.WECC.PVD1.PlantPVD1,3,initialization-failure,high,False,execution-not-completed,"{""failure_kind"": ""singular-system"", ""reason"": ""CC.PVD1.PlantPVD1 to t=1 with 146 trace point(s)... \u001b[31m\u001b[0m simulation failed: DAE structural proof failed: structurally singular \u001b[31m\u2502\u001b[0m system: 141 matched out of 143 equations and 143 unknowns"", ""raw"": ""reading /tmp/tmp1o1b6rb5/traced.rbc (bitcode v2, cbor) Simulating OpenIPSL.Electrical.Solar.PowerFactory.WECC.PVD1.PlantPVD1 to t=1 with 146 trace point(s)... \u001b[31m\u001b[0m simulation failed: DAE structural proof failed: structurally singular \u001b[31m\u2502\u001b[0m system: 141 matched out of 143 equations and 143 unknowns"", ""tool_side"": false}",/data/mrumoca/eval/results_v3/openipsl/runtime_free.jsonl
openipsl,runtime-v3,OpenIPSL.Electrical.ThreePhase.Banks.CapacitorBank_1Ph,0,network-port-unconnected,low,False,standalone-topology-not-defect-proof,"{""connector"": ""A"", ""component"": ""<top level>"", ""component_class"": ""unknown"", ""flows_forced_to_zero"": ""A.ir, A.ii"", ""note"": ""nothing is connected to this port, so MLS \u00a79.2 forces its flow to zero. That is correct for a component compiled on its own and is not a defect; it is recorded because it is the commonest reason a model looks structurally singular""}",/data/mrumoca/eval/results_v3/openipsl/runtime_free.jsonl
openipsl,runtime-v3,OpenIPSL.Electrical.ThreePhase.Banks.CapacitorBank_1Ph,1,network-component-isolated,low,False,standalone-topology-not-defect-proof,"{""component"": ""<top level>"", ""component_class"": ""unknown"", ""ports"": ""A"", ""note"": ""every port of this instance is unconnected, so it exchanges nothing with the rest of the model while still contributing its equations""}",/data/mrumoca/eval/results_v3/openipsl/runtime_free.jsonl
openipsl,runtime-v3,OpenIPSL.Electrical.Sources.CurrentSourceReImInput,0,network-port-unconnected,low,True,execution-not-completed,"{""connector"": ""p"", ""component"": ""<top level>"", ""component_class"": ""unknown"", ""flows_forced_to_zero"": ""p.ir, p.ii"", ""note"": ""nothing is connected to this port, so MLS \u00a79.2 forces its flow to zero. That is correct for a component compiled on its own and is not a defect; it is recorded because it is the commonest reason a model looks structurally singular""}",/data/mrumoca/eval/results_v3/openipsl/runtime_free.jsonl
openipsl,runtime-v3,OpenIPSL.Electrical.Sources.CurrentSourceReImInput,1,network-component-isolated,low,True,execution-not-completed,"{""component"": ""<top level>"", ""component_class"": ""unknown"", ""ports"": ""p"", ""note"": ""every port of this instance is unconnected, so it exchanges nothing with the rest of the model while still contributing its equations""}",/data/mrumoca/eval/results_v3/openipsl/runtime_free.jsonl
openipsl,runtime-v3,OpenIPSL.Electrical.Sources.CurrentSourceReImInput,2,network-observation-incomplete,info,True,execution-not-completed,"{""reason"": ""missing or unsynchronized connector member observations"", ""note"": ""coverage gap, not a model defect""}",/data/mrumoca/eval/results_v3/openipsl/runtime_free.jsonl
openipsl,runtime-v3,OpenIPSL.Electrical.Sources.CurrentSourceReImInput,3,initialization-failure,high,True,execution-not-completed,"{""failure_kind"": ""singular-system"", ""reason"": ""s.CurrentSourceReImInput to t=1 with 10 trace point(s)... \u001b[31m\u001b[0m simulation failed: DAE structural proof failed: structurally singular \u001b[31m\u2502\u001b[0m system: 6 matched out of 8 equations and 8 unknowns"", ""raw"": ""reading /tmp/tmplo51qp49/traced.rbc (bitcode v2, cbor) holding 2 free input(s) constant at their start values: iRe=0, iIm=0 Simulating OpenIPSL.Electrical.Sources.CurrentSourceReImInput to t=1 with 10 trace point(s)... \u001b[31m\u001b[0m simulation failed: DAE structural proof failed: structurally singular \u001b[31m\u2502\u001b[0m system: 6 matched out of 8 equations and 8 unknowns"", ""tool_side"": false}",/data/mrumoca/eval/results_v3/openipsl/runtime_free.jsonl
openipsl,runtime-v3,OpenIPSL.Electrical.Sources.SourceBehindImpedance.VoltageSources.VSourceIO,0,network-port-unconnected,low,True,hold-input-contract-validation,"{""connector"": ""p"", ""component"": ""<top level>"", ""component_class"": ""unknown"", ""flows_forced_to_zero"": ""p.ir, p.ii"", ""note"": ""nothing is connected to this port, so MLS \u00a79.2 forces its flow to zero. That is correct for a component compiled on its own and is not a defect; it is recorded because it is the commonest reason a model looks structurally singular""}",/data/mrumoca/eval/results_v3/openipsl/runtime_free.jsonl
openipsl,runtime-v3,OpenIPSL.Electrical.Sources.SourceBehindImpedance.VoltageSources.VSourceIO,1,network-boundary-port,low,True,hold-input-contract-validation,"{""node"": ""p2R -- uDEang -- uDEmag"", ""boundary_connectors"": ""p2R, uDEang, uDEmag"", ""wired_to"": ""nothing"", ""note"": ""this connector belongs to the model itself, not to a component inside it: the model is an interface compiled on its own, so the node is open on one side. Nothing forces its flow, which is why a structural matching reports an unmatched unknown here. Not a defect in the model""}",/data/mrumoca/eval/results_v3/openipsl/runtime_free.jsonl
openipsl,runtime-v3,OpenIPSL.Electrical.Sources.VoltageSourceReImInput,0,network-port-unconnected,low,True,hold-input-contract-validation,"{""connector"": ""p"", ""component"": ""<top level>"", ""component_class"": ""unknown"", ""flows_forced_to_zero"": ""p.ir, p.ii"", ""note"": ""nothing is connected to this port, so MLS \u00a79.2 forces its flow to zero. That is correct for a component compiled on its own and is not a defect; it is recorded because it is the commonest reason a model looks structurally singular""}",/data/mrumoca/eval/results_v3/openipsl/runtime_free.jsonl
openipsl,runtime-v3,OpenIPSL.Electrical.Sources.VoltageSourceReImInput,1,network-component-isolated,low,True,hold-input-contract-validation,"{""component"": ""<top level>"", ""component_class"": ""unknown"", ""ports"": ""p"", ""note"": ""every port of this instance is unconnected, so it exchanges nothing with the rest of the model while still contributing its equations""}",/data/mrumoca/eval/results_v3/openipsl/runtime_free.jsonl
openipsl,runtime-v3,OpenIPSL.Electrical.Sources.SourceBehindImpedance.VoltageSources.VSource,0,network-port-unconnected,low,False,standalone-topology-not-defect-proof,"{""connector"": ""p"", ""component"": ""<top level>"", ""component_class"": ""unknown"", ""flows_forced_to_zero"": ""p.ir, p.ii"", ""note"": ""nothing is connected to this port, so MLS \u00a79.2 forces its flow to zero. That is correct for a component compiled on its own and is not a defect; it is recorded because it is the commonest reason a model looks structurally singular""}",/data/mrumoca/eval/results_v3/openipsl/runtime_free.jsonl
openipsl,runtime-v3,OpenIPSL.Electrical.Sources.SourceBehindImpedance.VoltageSources.VSource,1,network-component-isolated,low,False,standalone-topology-not-defect-proof,"{""component"": ""<top level>"", ""component_class"": ""unknown"", ""ports"": ""p"", ""note"": ""every port of this instance is unconnected, so it exchanges nothing with the rest of the model while still contributing its equations""}",/data/mrumoca/eval/results_v3/openipsl/runtime_free.jsonl
openipsl,runtime-v3,OpenIPSL.Electrical.ThreePhase.Banks.CapacitorBank_3Ph,0,network-port-unconnected,low,False,standalone-topology-not-defect-proof,"{""connector"": ""A"", ""component"": ""<top level>"", ""component_class"": ""unknown"", ""flows_forced_to_zero"": ""A.ir, A.ii"", ""note"": ""nothing is connected to this port, so MLS \u00a79.2 forces its flow to zero. That is correct for a component compiled on its own and is not a defect; it is recorded because it is the commonest reason a model looks structurally singular""}",/data/mrumoca/eval/results_v3/openipsl/runtime_free.jsonl
openipsl,runtime-v3,OpenIPSL.Electrical.ThreePhase.Banks.CapacitorBank_3Ph,1,network-port-unconnected,low,False,standalone-topology-not-defect-proof,"{""connector"": ""B"", ""component"": ""<top level>"", ""component_class"": ""unknown"", ""flows_forced_to_zero"": ""B.ir, B.ii"", ""note"": ""nothing is connected to this port, so MLS \u00a79.2 forces its flow to zero. That is correct for a component compiled on its own and is not a defect; it is recorded because it is the commonest reason a model looks structurally singular""}",/data/mrumoca/eval/results_v3/openipsl/runtime_free.jsonl
openipsl,runtime-v3,OpenIPSL.Electrical.ThreePhase.Banks.CapacitorBank_3Ph,2,network-port-unconnected,low,False,standalone-topology-not-defect-proof,"{""connector"": ""C"", ""component"": ""<top level>"", ""component_class"": ""unknown"", ""flows_forced_to_zero"": ""C.ir, C.ii"", ""note"": ""nothing is connected to this port, so MLS \u00a79.2 forces its flow to zero. That is correct for a component compiled on its own and is not a defect; it is recorded because it is the commonest reason a model looks structurally singular""}",/data/mrumoca/eval/results_v3/openipsl/runtime_free.jsonl
openipsl,runtime-v3,OpenIPSL.Electrical.ThreePhase.Banks.CapacitorBank_3Ph,3,network-component-isolated,low,False,standalone-topology-not-defect-proof,"{""component"": ""<top level>"", ""component_class"": ""unknown"", ""ports"": ""A, B, C"", ""note"": ""every port of this instance is unconnected, so it exchanges nothing with the rest of the model while still contributing its equations""}",/data/mrumoca/eval/results_v3/openipsl/runtime_free.jsonl
openipsl,runtime-v3,OpenIPSL.Electrical.ThreePhase.Branches.Lines.Line_2Ph,0,network-port-unconnected,low,False,standalone-topology-not-defect-proof,"{""connector"": ""Ain"", ""component"": ""<top level>"", ""component_class"": ""unknown"", ""flows_forced_to_zero"": ""Ain.ir, Ain.ii"", ""note"": ""nothing is connected to this port, so MLS \u00a79.2 forces its flow to zero. That is correct for a component compiled on its own and is not a defect; it is recorded because it is the commonest reason a model looks structurally singular""}",/data/mrumoca/eval/results_v3/openipsl/runtime_free.jsonl
openipsl,runtime-v3,OpenIPSL.Electrical.ThreePhase.Branches.Lines.Line_2Ph,1,network-port-unconnected,low,False,standalone-topology-not-defect-proof,"{""connector"": ""Bin"", ""component"": ""<top level>"", ""component_class"": ""unknown"", ""flows_forced_to_zero"": ""Bin.ir, Bin.ii"", ""note"": ""nothing is connected to this port, so MLS \u00a79.2 forces its flow to zero. That is correct for a component compiled on its own and is not a defect; it is recorded because it is the commonest reason a model looks structurally singular""}",/data/mrumoca/eval/results_v3/openipsl/runtime_free.jsonl
openipsl,runtime-v3,OpenIPSL.Electrical.ThreePhase.Branches.Lines.Line_2Ph,2,network-port-unconnected,low,False,standalone-topology-not-defect-proof,"{""connector"": ""Aout"", ""component"": ""<top level>"", ""component_class"": ""unknown"", ""flows_forced_to_zero"": ""Aout.ir, Aout.ii"", ""note"": ""nothing is connected to this port, so MLS \u00a79.2 forces its flow to zero. That is correct for a component compiled on its own and is not a defect; it is recorded because it is the commonest reason a model looks structurally singular""}",/data/mrumoca/eval/results_v3/openipsl/runtime_free.jsonl
openipsl,runtime-v3,OpenIPSL.Electrical.ThreePhase.Branches.Lines.Line_2Ph,3,network-port-unconnected,low,False,standalone-topology-not-defect-proof,"{""connector"": ""Bout"", ""component"": ""<top level>"", ""component_class"": ""unknown"", ""flows_forced_to_zero"": ""Bout.ir, Bout.ii"", ""note"": ""nothing is connected to this port, so MLS \u00a79.2 forces its flow to zero. That is correct for a component compiled on its own and is not a defect; it is recorded because it is the commonest reason a model looks structurally singular""}",/data/mrumoca/eval/results_v3/openipsl/runtime_free.jsonl
openipsl,runtime-v3,OpenIPSL.Electrical.ThreePhase.Branches.Lines.Line_2Ph,4,network-component-isolated,low,False,standalone-topology-not-defect-proof,"{""component"": ""<top level>"", ""component_class"": ""unknown"", ""ports"": ""Ain, Bin, Aout, Bout"", ""note"": ""every port of this instance is unconnected, so it exchanges nothing with the rest of the model while still contributing its equations""}",/data/mrumoca/eval/results_v3/openipsl/runtime_free.jsonl
openipsl,runtime-v3,OpenIPSL.Electrical.ThreePhase.Buses.Bus_1Ph,0,network-port-unconnected,low,False,execution-not-completed,"{""connector"": ""p1"", ""component"": ""<top level>"", ""component_class"": ""unknown"", ""flows_forced_to_zero"": ""p1.ir, p1.ii"", ""note"": ""nothing is connected to this port, so MLS \u00a79.2 forces its flow to zero. That is correct for a component compiled on its own and is not a defect; it is recorded because it is the commonest reason a model looks structurally singular""}",/data/mrumoca/eval/results_v3/openipsl/runtime_free.jsonl
openipsl,runtime-v3,OpenIPSL.Electrical.ThreePhase.Buses.Bus_1Ph,1,network-component-isolated,low,False,execution-not-completed,"{""component"": ""<top level>"", ""component_class"": ""unknown"", ""ports"": ""p1"", ""note"": ""every port of this instance is unconnected, so it exchanges nothing with the rest of the model while still contributing its equations""}",/data/mrumoca/eval/results_v3/openipsl/runtime_free.jsonl
openipsl,runtime-v3,OpenIPSL.Electrical.ThreePhase.Buses.Bus_1Ph,2,network-observation-incomplete,info,False,execution-not-completed,"{""reason"": ""missing or unsynchronized connector member observations"", ""note"": ""coverage gap, not a model defect""}",/data/mrumoca/eval/results_v3/openipsl/runtime_free.jsonl
openipsl,runtime-v3,OpenIPSL.Electrical.ThreePhase.Buses.Bus_1Ph,3,initialization-failure,high,False,execution-not-completed,"{""failure_kind"": ""singular-system"", ""reason"": "".ThreePhase.Buses.Bus_1Ph to t=1 with 7 trace point(s)... \u001b[31m\u001b[0m simulation failed: DAE structural proof failed: structurally singular \u001b[31m\u2502\u001b[0m system: 6 matched out of 8 equations and 8 unknowns"", ""raw"": ""reading /tmp/tmpdcoed4w5/traced.rbc (bitcode v2, cbor) Simulating OpenIPSL.Electrical.ThreePhase.Buses.Bus_1Ph to t=1 with 7 trace point(s)... \u001b[31m\u001b[0m simulation failed: DAE structural proof failed: structurally singular \u001b[31m\u2502\u001b[0m system: 6 matched out of 8 equations and 8 unknowns"", ""tool_side"": false}",/data/mrumoca/eval/results_v3/openipsl/runtime_free.jsonl
openipsl,runtime-v3,OpenIPSL.Electrical.ThreePhase.Branches.Lines.Line_1Ph,0,network-port-unconnected,low,False,standalone-topology-not-defect-proof,"{""connector"": ""Ain"", ""component"": ""<top level>"", ""component_class"": ""unknown"", ""flows_forced_to_zero"": ""Ain.ir, Ain.ii"", ""note"": ""nothing is connected to this port, so MLS \u00a79.2 forces its flow to zero. That is correct for a component compiled on its own and is not a defect; it is recorded because it is the commonest reason a model looks structurally singular""}",/data/mrumoca/eval/results_v3/openipsl/runtime_free.jsonl
openipsl,runtime-v3,OpenIPSL.Electrical.ThreePhase.Branches.Lines.Line_1Ph,1,network-port-unconnected,low,False,standalone-topology-not-defect-proof,"{""connector"": ""Aout"", ""component"": ""<top level>"", ""component_class"": ""unknown"", ""flows_forced_to_zero"": ""Aout.ir, Aout.ii"", ""note"": ""nothing is connected to this port, so MLS \u00a79.2 forces its flow to zero. That is correct for a component compiled on its own and is not a defect; it is recorded because it is the commonest reason a model looks structurally singular""}",/data/mrumoca/eval/results_v3/openipsl/runtime_free.jsonl
openipsl,runtime-v3,OpenIPSL.Electrical.ThreePhase.Branches.Lines.Line_1Ph,2,network-component-isolated,low,False,standalone-topology-not-defect-proof,"{""component"": ""<top level>"", ""component_class"": ""unknown"", ""ports"": ""Ain, Aout"", ""note"": ""every port of this instance is unconnected, so it exchanges nothing with the rest of the model while still contributing its equations""}",/data/mrumoca/eval/results_v3/openipsl/runtime_free.jsonl
openipsl,runtime-v3,OpenIPSL.Electrical.ThreePhase.Branches.Lines.Line_3Ph,0,network-port-unconnected,low,False,standalone-topology-not-defect-proof,"{""connector"": ""Ain"", ""component"": ""<top level>"", ""component_class"": ""unknown"", ""flows_forced_to_zero"": ""Ain.ir, Ain.ii"", ""note"": ""nothing is connected to this port, so MLS \u00a79.2 forces its flow to zero. That is correct for a component compiled on its own and is not a defect; it is recorded because it is the commonest reason a model looks structurally singular""}",/data/mrumoca/eval/results_v3/openipsl/runtime_free.jsonl
openipsl,runtime-v3,OpenIPSL.Electrical.ThreePhase.Branches.Lines.Line_3Ph,1,network-port-unconnected,low,False,standalone-topology-not-defect-proof,"{""connector"": ""Bin"", ""component"": ""<top level>"", ""component_class"": ""unknown"", ""flows_forced_to_zero"": ""Bin.ir, Bin.ii"", ""note"": ""nothing is connected to this port, so MLS \u00a79.2 forces its flow to zero. That is correct for a component compiled on its own and is not a defect; it is recorded because it is the commonest reason a model looks structurally singular""}",/data/mrumoca/eval/results_v3/openipsl/runtime_free.jsonl
openipsl,runtime-v3,OpenIPSL.Electrical.ThreePhase.Branches.Lines.Line_3Ph,2,network-port-unconnected,low,False,standalone-topology-not-defect-proof,"{""connector"": ""Cin"", ""component"": ""<top level>"", ""component_class"": ""unknown"", ""flows_forced_to_zero"": ""Cin.ir, Cin.ii"", ""note"": ""nothing is connected to this port, so MLS \u00a79.2 forces its flow to zero. That is correct for a component compiled on its own and is not a defect; it is recorded because it is the commonest reason a model looks structurally singular""}",/data/mrumoca/eval/results_v3/openipsl/runtime_free.jsonl
openipsl,runtime-v3,OpenIPSL.Electrical.ThreePhase.Branches.Lines.Line_3Ph,3,network-port-unconnected,low,False,standalone-topology-not-defect-proof,"{""connector"": ""Aout"", ""component"": ""<top level>"", ""component_class"": ""unknown"", ""flows_forced_to_zero"": ""Aout.ir, Aout.ii"", ""note"": ""nothing is connected to this port, so MLS \u00a79.2 forces its flow to zero. That is correct for a component compiled on its own and is not a defect; it is recorded because it is the commonest reason a model looks structurally singular""}",/data/mrumoca/eval/results_v3/openipsl/runtime_free.jsonl
openipsl,runtime-v3,OpenIPSL.Electrical.ThreePhase.Branches.Lines.Line_3Ph,4,network-port-unconnected,low,False,standalone-topology-not-defect-proof,"{""connector"": ""Bout"", ""component"": ""<top level>"", ""component_class"": ""unknown"", ""flows_forced_to_zero"": ""Bout.ir, Bout.ii"", ""note"": ""nothing is connected to this port, so MLS \u00a79.2 forces its flow to zero. That is correct for a component compiled on its own and is not a defect; it is recorded because it is the commonest reason a model looks structurally singular""}",/data/mrumoca/eval/results_v3/openipsl/runtime_free.jsonl
openipsl,runtime-v3,OpenIPSL.Electrical.ThreePhase.Branches.Lines.Line_3Ph,5,network-port-unconnected,low,False,standalone-topology-not-defect-proof,"{""connector"": ""Cout"", ""component"": ""<top level>"", ""component_class"": ""unknown"", ""flows_forced_to_zero"": ""Cout.ir, Cout.ii"", ""note"": ""nothing is connected to this port, so MLS \u00a79.2 forces its flow to zero. That is correct for a component compiled on its own and is not a defect; it is recorded because it is the commonest reason a model looks structurally singular""}",/data/mrumoca/eval/results_v3/openipsl/runtime_free.jsonl
openipsl,runtime-v3,OpenIPSL.Electrical.ThreePhase.Branches.Lines.Line_3Ph,6,network-component-isolated,low,False,standalone-topology-not-defect-proof,"{""component"": ""<top level>"", ""component_class"": ""unknown"", ""ports"": ""Ain, Bin, Cin, Aout, Bout, Cout"", ""note"": ""every port of this instance is unconnected, so it exchanges nothing with the rest of the model while still contributing its equations""}",/data/mrumoca/eval/results_v3/openipsl/runtime_free.jsonl
openipsl,runtime-v3,OpenIPSL.Electrical.ThreePhase.Buses.Bus_3Ph,0,network-port-unconnected,low,False,execution-not-completed,"{""connector"": ""p1"", ""component"": ""<top level>"", ""component_class"": ""unknown"", ""flows_forced_to_zero"": ""p1.ir, p1.ii"", ""note"": ""nothing is connected to this port, so MLS \u00a79.2 forces its flow to zero. That is correct for a component compiled on its own and is not a defect; it is recorded because it is the commonest reason a model looks structurally singular""}",/data/mrumoca/eval/results_v3/openipsl/runtime_free.jsonl
openipsl,runtime-v3,OpenIPSL.Electrical.ThreePhase.Buses.Bus_3Ph,1,network-port-unconnected,low,False,execution-not-completed,"{""connector"": ""p2"", ""component"": ""<top level>"", ""component_class"": ""unknown"", ""flows_forced_to_zero"": ""p2.ir, p2.ii"", ""note"": ""nothing is connected to this port, so MLS \u00a79.2 forces its flow to zero. That is correct for a component compiled on its own and is not a defect; it is recorded because it is the commonest reason a model looks structurally singular""}",/data/mrumoca/eval/results_v3/openipsl/runtime_free.jsonl
openipsl,runtime-v3,OpenIPSL.Electrical.ThreePhase.Buses.Bus_3Ph,2,network-port-unconnected,low,False,execution-not-completed,"{""connector"": ""p3"", ""component"": ""<top level>"", ""component_class"": ""unknown"", ""flows_forced_to_zero"": ""p3.ir, p3.ii"", ""note"": ""nothing is connected to this port, so MLS \u00a79.2 forces its flow to zero. That is correct for a component compiled on its own and is not a defect; it is recorded because it is the commonest reason a model looks structurally singular""}",/data/mrumoca/eval/results_v3/openipsl/runtime_free.jsonl
openipsl,runtime-v3,OpenIPSL.Electrical.ThreePhase.Buses.Bus_3Ph,3,network-component-isolated,low,False,execution-not-completed,"{""component"": ""<top level>"", ""component_class"": ""unknown"", ""ports"": ""p1, p2, p3"", ""note"": ""every port of this instance is unconnected, so it exchanges nothing with the rest of the model while still contributing its equations""}",/data/mrumoca/eval/results_v3/openipsl/runtime_free.jsonl
openipsl,runtime-v3,OpenIPSL.Electrical.ThreePhase.Buses.Bus_3Ph,4,network-observation-incomplete,info,False,execution-not-completed,"{""reason"": ""missing or unsynchronized connector member observations"", ""note"": ""coverage gap, not a model defect""}",/data/mrumoca/eval/results_v3/openipsl/runtime_free.jsonl
openipsl,runtime-v3,OpenIPSL.Electrical.ThreePhase.Buses.Bus_3Ph,5,initialization-failure,high,False,execution-not-completed,"{""failure_kind"": ""singular-system"", ""reason"": ""eePhase.Buses.Bus_3Ph to t=1 with 19 trace point(s)... \u001b[31m\u001b[0m simulation failed: DAE structural proof failed: structurally singular \u001b[31m\u2502\u001b[0m system: 18 matched out of 24 equations and 24 unknowns"", ""raw"": ""reading /tmp/tmpyy7ts9yq/traced.rbc (bitcode v2, cbor) Simulating OpenIPSL.Electrical.ThreePhase.Buses.Bus_3Ph to t=1 with 19 trace point(s)... \u001b[31m\u001b[0m simulation failed: DAE structural proof failed: structurally singular \u001b[31m\u2502\u001b[0m system: 18 matched out of 24 equations and 24 unknowns"", ""tool_side"": false}",/data/mrumoca/eval/results_v3/openipsl/runtime_free.jsonl
openipsl,runtime-v3,OpenIPSL.Electrical.ThreePhase.Buses.Bus_2Ph,0,network-port-unconnected,low,False,execution-not-completed,"{""connector"": ""p1"", ""component"": ""<top level>"", ""component_class"": ""unknown"", ""flows_forced_to_zero"": ""p1.ir, p1.ii"", ""note"": ""nothing is connected to this port, so MLS \u00a79.2 forces its flow to zero. That is correct for a component compiled on its own and is not a defect; it is recorded because it is the commonest reason a model looks structurally singular""}",/data/mrumoca/eval/results_v3/openipsl/runtime_free.jsonl
openipsl,runtime-v3,OpenIPSL.Electrical.ThreePhase.Buses.Bus_2Ph,1,network-port-unconnected,low,False,execution-not-completed,"{""connector"": ""p2"", ""component"": ""<top level>"", ""component_class"": ""unknown"", ""flows_forced_to_zero"": ""p2.ir, p2.ii"", ""note"": ""nothing is connected to this port, so MLS \u00a79.2 forces its flow to zero. That is correct for a component compiled on its own and is not a defect; it is recorded because it is the commonest reason a model looks structurally singular""}",/data/mrumoca/eval/results_v3/openipsl/runtime_free.jsonl
openipsl,runtime-v3,OpenIPSL.Electrical.ThreePhase.Buses.Bus_2Ph,2,network-component-isolated,low,False,execution-not-completed,"{""component"": ""<top level>"", ""component_class"": ""unknown"", ""ports"": ""p1, p2"", ""note"": ""every port of this instance is unconnected, so it exchanges nothing with the rest of the model while still contributing its equations""}",/data/mrumoca/eval/results_v3/openipsl/runtime_free.jsonl
openipsl,runtime-v3,OpenIPSL.Electrical.ThreePhase.Buses.Bus_2Ph,3,network-observation-incomplete,info,False,execution-not-completed,"{""reason"": ""missing or unsynchronized connector member observations"", ""note"": ""coverage gap, not a model defect""}",/data/mrumoca/eval/results_v3/openipsl/runtime_free.jsonl
openipsl,runtime-v3,OpenIPSL.Electrical.ThreePhase.Buses.Bus_2Ph,4,initialization-failure,high,False,execution-not-completed,"{""failure_kind"": ""singular-system"", ""reason"": ""eePhase.Buses.Bus_2Ph to t=1 with 13 trace point(s)... \u001b[31m\u001b[0m simulation failed: DAE structural proof failed: structurally singular \u001b[31m\u2502\u001b[0m system: 12 matched out of 16 equations and 16 unknowns"", ""raw"": ""reading /tmp/tmp5ljmvsev/traced.rbc (bitcode v2, cbor) Simulating OpenIPSL.Electrical.ThreePhase.Buses.Bus_2Ph to t=1 with 13 trace point(s)... \u001b[31m\u001b[0m simulation failed: DAE structural proof failed: structurally singular \u001b[31m\u2502\u001b[0m system: 12 matched out of 16 equations and 16 unknowns"", ""tool_side"": false}",/data/mrumoca/eval/results_v3/openipsl/runtime_free.jsonl
openipsl,runtime-v3,OpenIPSL.Electrical.ThreePhase.Loads.Dyn_wye_1Ph,0,network-port-unconnected,low,True,execution-not-completed,"{""connector"": ""A"", ""component"": ""<top level>"", ""component_class"": ""unknown"", ""flows_forced_to_zero"": ""A.ir, A.ii"", ""note"": ""nothing is connected to this port, so MLS \u00a79.2 forces its flow to zero. That is correct for a component compiled on its own and is not a defect; it is recorded because it is the commonest reason a model looks structurally singular""}",/data/mrumoca/eval/results_v3/openipsl/runtime_free.jsonl
openipsl,runtime-v3,OpenIPSL.Electrical.ThreePhase.Loads.Dyn_wye_1Ph,1,network-component-isolated,low,True,execution-not-completed,"{""component"": ""<top level>"", ""component_class"": ""unknown"", ""ports"": ""A"", ""note"": ""every port of this instance is unconnected, so it exchanges nothing with the rest of the model while still contributing its equations""}",/data/mrumoca/eval/results_v3/openipsl/runtime_free.jsonl
openipsl,runtime-v3,OpenIPSL.Electrical.ThreePhase.Loads.Dyn_wye_1Ph,2,network-observation-incomplete,info,True,execution-not-completed,"{""reason"": ""missing or unsynchronized connector member observations"", ""note"": ""coverage gap, not a model defect""}",/data/mrumoca/eval/results_v3/openipsl/runtime_free.jsonl
openipsl,runtime-v3,OpenIPSL.Electrical.ThreePhase.Loads.Dyn_wye_1Ph,3,initialization-failure,high,True,execution-not-completed,"{""failure_kind"": ""unknown"", ""reason"": ""=0, Q_in=0 Simulating OpenIPSL.Electrical.ThreePhase.Loads.Dyn_wye_1Ph to t=1 with 8 trace point(s)... \u001b[31m\u001b[0m simulation failed: parameter `P0` has neither a binding nor an initial \u001b[31m\u2502\u001b[0m value"", ""raw"": ""reading /tmp/tmppugyukqu/traced.rbc (bitcode v2, cbor) holding 2 free input(s) constant at their start values: P_in=0, Q_in=0 Simulating OpenIPSL.Electrical.ThreePhase.Loads.Dyn_wye_1Ph to t=1 with 8 trace point(s)... \u001b[31m\u001b[0m simulation failed: parameter `P0` has neither a binding nor an initial \u001b[31m\u2502\u001b[0m value"", ""tool_side"": false}",/data/mrumoca/eval/results_v3/openipsl/runtime_free.jsonl
openipsl,runtime-v3,OpenIPSL.Electrical.ThreePhase.Buses.MeasurementBus,0,network-boundary-port,low,False,execution-not-completed,"{""node"": ""p1 -- p4"", ""boundary_connectors"": ""p1, p4"", ""wired_to"": ""nothing"", ""note"": ""this connector belongs to the model itself, not to a component inside it: the model is an interface compiled on its own, so the node is open on one side. Nothing forces its flow, which is why a structural matching reports an unmatched unknown here. Not a defect in the model""}",/data/mrumoca/eval/results_v3/openipsl/runtime_free.jsonl
openipsl,runtime-v3,OpenIPSL.Electrical.ThreePhase.Buses.MeasurementBus,1,network-boundary-port,low,False,execution-not-completed,"{""node"": ""p2 -- p5"", ""boundary_connectors"": ""p2, p5"", ""wired_to"": ""nothing"", ""note"": ""this connector belongs to the model itself, not to a component inside it: the model is an interface compiled on its own, so the node is open on one side. Nothing forces its flow, which is why a structural matching reports an unmatched unknown here. Not a defect in the model""}",/data/mrumoca/eval/results_v3/openipsl/runtime_free.jsonl
openipsl,runtime-v3,OpenIPSL.Electrical.ThreePhase.Buses.MeasurementBus,2,network-boundary-port,low,False,execution-not-completed,"{""node"": ""p3 -- p6"", ""boundary_connectors"": ""p3, p6"", ""wired_to"": ""nothing"", ""note"": ""this connector belongs to the model itself, not to a component inside it: the model is an interface compiled on its own, so the node is open on one side. Nothing forces its flow, which is why a structural matching reports an unmatched unknown here. Not a defect in the model""}",/data/mrumoca/eval/results_v3/openipsl/runtime_free.jsonl
openipsl,runtime-v3,OpenIPSL.Electrical.ThreePhase.Buses.MeasurementBus,3,network-observation-incomplete,info,False,execution-not-completed,"{""reason"": ""missing or unsynchronized connector member observations"", ""note"": ""coverage gap, not a model defect""}",/data/mrumoca/eval/results_v3/openipsl/runtime_free.jsonl
openipsl,runtime-v3,OpenIPSL.Electrical.ThreePhase.Buses.MeasurementBus,4,initialization-failure,high,False,execution-not-completed,"{""failure_kind"": ""singular-system"", ""reason"": "".Buses.MeasurementBus to t=1 with 36 trace point(s)... \u001b[31m\u001b[0m simulation failed: DAE structural proof failed: structurally singular \u001b[31m\u2502\u001b[0m system: 30 matched out of 36 equations and 36 unknowns"", ""raw"": ""reading /tmp/tmp7m2tvh1t/traced.rbc (bitcode v2, cbor) Simulating OpenIPSL.Electrical.ThreePhase.Buses.MeasurementBus to t=1 with 36 trace point(s)... \u001b[31m\u001b[0m simulation failed: DAE structural proof failed: structurally singular \u001b[31m\u2502\u001b[0m system: 30 matched out of 36 equations and 36 unknowns"", ""tool_side"": false}",/data/mrumoca/eval/results_v3/openipsl/runtime_free.jsonl
openipsl,runtime-v3,OpenIPSL.Electrical.ThreePhase.Loads.Dyn_wye_2Ph_balanced,0,network-port-unconnected,low,True,execution-not-completed,"{""connector"": ""A"", ""component"": ""<top level>"", ""component_class"": ""unknown"", ""flows_forced_to_zero"": ""A.ir, A.ii"", ""note"": ""nothing is connected to this port, so MLS \u00a79.2 forces its flow to zero. That is correct for a component compiled on its own and is not a defect; it is recorded because it is the commonest reason a model looks structurally singular""}",/data/mrumoca/eval/results_v3/openipsl/runtime_free.jsonl
openipsl,runtime-v3,OpenIPSL.Electrical.ThreePhase.Loads.Dyn_wye_2Ph_balanced,1,network-port-unconnected,low,True,execution-not-completed,"{""connector"": ""B"", ""component"": ""<top level>"", ""component_class"": ""unknown"", ""flows_forced_to_zero"": ""B.ir, B.ii"", ""note"": ""nothing is connected to this port, so MLS \u00a79.2 forces its flow to zero. That is correct for a component compiled on its own and is not a defect; it is recorded because it is the commonest reason a model looks structurally singular""}",/data/mrumoca/eval/results_v3/openipsl/runtime_free.jsonl
openipsl,runtime-v3,OpenIPSL.Electrical.ThreePhase.Loads.Dyn_wye_2Ph_balanced,2,network-component-isolated,low,True,execution-not-completed,"{""component"": ""<top level>"", ""component_class"": ""unknown"", ""ports"": ""A, B"", ""note"": ""every port of this instance is unconnected, so it exchanges nothing with the rest of the model while still contributing its equations""}",/data/mrumoca/eval/results_v3/openipsl/runtime_free.jsonl
openipsl,runtime-v3,OpenIPSL.Electrical.ThreePhase.Loads.Dyn_wye_2Ph_balanced,3,network-observation-incomplete,info,True,execution-not-completed,"{""reason"": ""missing or unsynchronized connector member observations"", ""note"": ""coverage gap, not a model defect""}",/data/mrumoca/eval/results_v3/openipsl/runtime_free.jsonl
openipsl,runtime-v3,OpenIPSL.Electrical.ThreePhase.Loads.Dyn_wye_2Ph_balanced,4,initialization-failure,high,True,execution-not-completed,"{""failure_kind"": ""unknown"", ""reason"": "" Simulating OpenIPSL.Electrical.ThreePhase.Loads.Dyn_wye_2Ph_balanced to t=1 with 14 trace point(s)... \u001b[31m\u001b[0m simulation failed: parameter `P0` has neither a binding nor an initial \u001b[31m\u2502\u001b[0m value"", ""raw"": ""reading /tmp/tmpvsnv9nf_/traced.rbc (bitcode v2, cbor) holding 2 free input(s) constant at their start values: P_in=0, Q_in=0 Simulating OpenIPSL.Electrical.ThreePhase.Loads.Dyn_wye_2Ph_balanced to t=1 with 14 trace point(s)... \u001b[31m\u001b[0m simulation failed: parameter `P0` has neither a binding nor an initial \u001b[31m\u2502\u001b[0m value"", ""tool_side"": false}",/data/mrumoca/eval/results_v3/openipsl/runtime_free.jsonl
openipsl,runtime-v3,OpenIPSL.Electrical.ThreePhase.Loads.Dyn_wye_2Ph_unbalanced,0,network-port-unconnected,low,True,execution-not-completed,"{""connector"": ""A"", ""component"": ""<top level>"", ""component_class"": ""unknown"", ""flows_forced_to_zero"": ""A.ir, A.ii"", ""note"": ""nothing is connected to this port, so MLS \u00a79.2 forces its flow to zero. That is correct for a component compiled on its own and is not a defect; it is recorded because it is the commonest reason a model looks structurally singular""}",/data/mrumoca/eval/results_v3/openipsl/runtime_free.jsonl
openipsl,runtime-v3,OpenIPSL.Electrical.ThreePhase.Loads.Dyn_wye_2Ph_unbalanced,1,network-port-unconnected,low,True,execution-not-completed,"{""connector"": ""B"", ""component"": ""<top level>"", ""component_class"": ""unknown"", ""flows_forced_to_zero"": ""B.ir, B.ii"", ""note"": ""nothing is connected to this port, so MLS \u00a79.2 forces its flow to zero. That is correct for a component compiled on its own and is not a defect; it is recorded because it is the commonest reason a model looks structurally singular""}",/data/mrumoca/eval/results_v3/openipsl/runtime_free.jsonl
openipsl,runtime-v3,OpenIPSL.Electrical.ThreePhase.Loads.Dyn_wye_2Ph_unbalanced,2,network-component-isolated,low,True,execution-not-completed,"{""component"": ""<top level>"", ""component_class"": ""unknown"", ""ports"": ""A, B"", ""note"": ""every port of this instance is unconnected, so it exchanges nothing with the rest of the model while still contributing its equations""}",/data/mrumoca/eval/results_v3/openipsl/runtime_free.jsonl
openipsl,runtime-v3,OpenIPSL.Electrical.ThreePhase.Loads.Dyn_wye_2Ph_unbalanced,3,network-observation-incomplete,info,True,execution-not-completed,"{""reason"": ""missing or unsynchronized connector member observations"", ""note"": ""coverage gap, not a model defect""}",/data/mrumoca/eval/results_v3/openipsl/runtime_free.jsonl
openipsl,runtime-v3,OpenIPSL.Electrical.ThreePhase.Loads.Dyn_wye_2Ph_unbalanced,4,initialization-failure,high,True,execution-not-completed,"{""failure_kind"": ""unknown"", ""reason"": ""ulating OpenIPSL.Electrical.ThreePhase.Loads.Dyn_wye_2Ph_unbalanced to t=1 with 14 trace point(s)... \u001b[31m\u001b[0m simulation failed: parameter `P0_a` has neither a binding nor an initial \u001b[31m\u2502\u001b[0m value"", ""raw"": ""reading /tmp/tmp6vnbq8tk/traced.rbc (bitcode v2, cbor) holding 4 free input(s) constant at their start values: P_in[1]=0, P_in[2]=0, Q_in[1]=0, Q_in[2]=0 Simulating OpenIPSL.Electrical.ThreePhase.Loads.Dyn_wye_2Ph_unbalanced to t=1 with 14 trace point(s)... \u001b[31m\u001b[0m simulation failed: parameter `P0_a` has neither a binding nor an initial \u001b[31m\u2502\u001b[0m value"", ""tool_side"": false}",/data/mrumoca/eval/results_v3/openipsl/runtime_free.jsonl
openipsl,runtime-v3,OpenIPSL.Electrical.ThreePhase.Loads.Dyn_wye_3Ph_balanced,0,network-port-unconnected,low,True,execution-not-completed,"{""connector"": ""A"", ""component"": ""<top level>"", ""component_class"": ""unknown"", ""flows_forced_to_zero"": ""A.ir, A.ii"", ""note"": ""nothing is connected to this port, so MLS \u00a79.2 forces its flow to zero. That is correct for a component compiled on its own and is not a defect; it is recorded because it is the commonest reason a model looks structurally singular""}",/data/mrumoca/eval/results_v3/openipsl/runtime_free.jsonl
openipsl,runtime-v3,OpenIPSL.Electrical.ThreePhase.Loads.Dyn_wye_3Ph_balanced,1,network-port-unconnected,low,True,execution-not-completed,"{""connector"": ""B"", ""component"": ""<top level>"", ""component_class"": ""unknown"", ""flows_forced_to_zero"": ""B.ir, B.ii"", ""note"": ""nothing is connected to this port, so MLS \u00a79.2 forces its flow to zero. That is correct for a component compiled on its own and is not a defect; it is recorded because it is the commonest reason a model looks structurally singular""}",/data/mrumoca/eval/results_v3/openipsl/runtime_free.jsonl
openipsl,runtime-v3,OpenIPSL.Electrical.ThreePhase.Loads.Dyn_wye_3Ph_balanced,2,network-port-unconnected,low,True,execution-not-completed,"{""connector"": ""C"", ""component"": ""<top level>"", ""component_class"": ""unknown"", ""flows_forced_to_zero"": ""C.ir, C.ii"", ""note"": ""nothing is connected to this port, so MLS \u00a79.2 forces its flow to zero. That is correct for a component compiled on its own and is not a defect; it is recorded because it is the commonest reason a model looks structurally singular""}",/data/mrumoca/eval/results_v3/openipsl/runtime_free.jsonl
openipsl,runtime-v3,OpenIPSL.Electrical.ThreePhase.Loads.Dyn_wye_3Ph_balanced,3,network-component-isolated,low,True,execution-not-completed,"{""component"": ""<top level>"", ""component_class"": ""unknown"", ""ports"": ""A, B, C"", ""note"": ""every port of this instance is unconnected, so it exchanges nothing with the rest of the model while still contributing its equations""}",/data/mrumoca/eval/results_v3/openipsl/runtime_free.jsonl
openipsl,runtime-v3,OpenIPSL.Electrical.ThreePhase.Loads.Dyn_wye_3Ph_balanced,4,network-observation-incomplete,info,True,execution-not-completed,"{""reason"": ""missing or unsynchronized connector member observations"", ""note"": ""coverage gap, not a model defect""}",/data/mrumoca/eval/results_v3/openipsl/runtime_free.jsonl
openipsl,runtime-v3,OpenIPSL.Electrical.ThreePhase.Loads.Dyn_wye_3Ph_balanced,5,initialization-failure,high,True,execution-not-completed,"{""failure_kind"": ""unknown"", ""reason"": "" Simulating OpenIPSL.Electrical.ThreePhase.Loads.Dyn_wye_3Ph_balanced to t=1 with 20 trace point(s)... \u001b[31m\u001b[0m simulation failed: parameter `P0` has neither a binding nor an initial \u001b[31m\u2502\u001b[0m value"", ""raw"": ""reading /tmp/tmp9k5nrrwl/traced.rbc (bitcode v2, cbor) holding 2 free input(s) constant at their start values: P_in=0, Q_in=0 Simulating OpenIPSL.Electrical.ThreePhase.Loads.Dyn_wye_3Ph_balanced to t=1 with 20 trace point(s)... \u001b[31m\u001b[0m simulation failed: parameter `P0` has neither a binding nor an initial \u001b[31m\u2502\u001b[0m value"", ""tool_side"": false}",/data/mrumoca/eval/results_v3/openipsl/runtime_free.jsonl
openipsl,runtime-v3,OpenIPSL.Electrical.ThreePhase.Buses.InfiniteBus,0,network-port-unconnected,low,False,standalone-topology-not-defect-proof,"{""connector"": ""p1"", ""component"": ""<top level>"", ""component_class"": ""unknown"", ""flows_forced_to_zero"": ""p1.ir, p1.ii"", ""note"": ""nothing is connected to this port, so MLS \u00a79.2 forces its flow to zero. That is correct for a component compiled on its own and is not a defect; it is recorded because it is the commonest reason a model looks structurally singular""}",/data/mrumoca/eval/results_v3/openipsl/runtime_free.jsonl
openipsl,runtime-v3,OpenIPSL.Electrical.ThreePhase.Buses.InfiniteBus,1,network-port-unconnected,low,False,standalone-topology-not-defect-proof,"{""connector"": ""p2"", ""component"": ""<top level>"", ""component_class"": ""unknown"", ""flows_forced_to_zero"": ""p2.ir, p2.ii"", ""note"": ""nothing is connected to this port, so MLS \u00a79.2 forces its flow to zero. That is correct for a component compiled on its own and is not a defect; it is recorded because it is the commonest reason a model looks structurally singular""}",/data/mrumoca/eval/results_v3/openipsl/runtime_free.jsonl
openipsl,runtime-v3,OpenIPSL.Electrical.ThreePhase.Buses.InfiniteBus,2,network-port-unconnected,low,False,standalone-topology-not-defect-proof,"{""connector"": ""p3"", ""component"": ""<top level>"", ""component_class"": ""unknown"", ""flows_forced_to_zero"": ""p3.ir, p3.ii"", ""note"": ""nothing is connected to this port, so MLS \u00a79.2 forces its flow to zero. That is correct for a component compiled on its own and is not a defect; it is recorded because it is the commonest reason a model looks structurally singular""}",/data/mrumoca/eval/results_v3/openipsl/runtime_free.jsonl
openipsl,runtime-v3,OpenIPSL.Electrical.ThreePhase.Buses.InfiniteBus,3,network-component-isolated,low,False,standalone-topology-not-defect-proof,"{""component"": ""<top level>"", ""component_class"": ""unknown"", ""ports"": ""p1, p2, p3"", ""note"": ""every port of this instance is unconnected, so it exchanges nothing with the rest of the model while still contributing its equations""}",/data/mrumoca/eval/results_v3/openipsl/runtime_free.jsonl
openipsl,runtime-v3,OpenIPSL.Electrical.ThreePhase.Loads.Dyn_wye_3Ph_unbalanced,0,network-port-unconnected,low,True,execution-not-completed,"{""connector"": ""A"", ""component"": ""<top level>"", ""component_class"": ""unknown"", ""flows_forced_to_zero"": ""A.ir, A.ii"", ""note"": ""nothing is connected to this port, so MLS \u00a79.2 forces its flow to zero. That is correct for a component compiled on its own and is not a defect; it is recorded because it is the commonest reason a model looks structurally singular""}",/data/mrumoca/eval/results_v3/openipsl/runtime_free.jsonl
openipsl,runtime-v3,OpenIPSL.Electrical.ThreePhase.Loads.Dyn_wye_3Ph_unbalanced,1,network-port-unconnected,low,True,execution-not-completed,"{""connector"": ""B"", ""component"": ""<top level>"", ""component_class"": ""unknown"", ""flows_forced_to_zero"": ""B.ir, B.ii"", ""note"": ""nothing is connected to this port, so MLS \u00a79.2 forces its flow to zero. That is correct for a component compiled on its own and is not a defect; it is recorded because it is the commonest reason a model looks structurally singular""}",/data/mrumoca/eval/results_v3/openipsl/runtime_free.jsonl
openipsl,runtime-v3,OpenIPSL.Electrical.ThreePhase.Loads.Dyn_wye_3Ph_unbalanced,2,network-port-unconnected,low,True,execution-not-completed,"{""connector"": ""C"", ""component"": ""<top level>"", ""component_class"": ""unknown"", ""flows_forced_to_zero"": ""C.ir, C.ii"", ""note"": ""nothing is connected to this port, so MLS \u00a79.2 forces its flow to zero. That is correct for a component compiled on its own and is not a defect; it is recorded because it is the commonest reason a model looks structurally singular""}",/data/mrumoca/eval/results_v3/openipsl/runtime_free.jsonl
openipsl,runtime-v3,OpenIPSL.Electrical.ThreePhase.Loads.Dyn_wye_3Ph_unbalanced,3,network-component-isolated,low,True,execution-not-completed,"{""component"": ""<top level>"", ""component_class"": ""unknown"", ""ports"": ""A, B, C"", ""note"": ""every port of this instance is unconnected, so it exchanges nothing with the rest of the model while still contributing its equations""}",/data/mrumoca/eval/results_v3/openipsl/runtime_free.jsonl
openipsl,runtime-v3,OpenIPSL.Electrical.ThreePhase.Loads.Dyn_wye_3Ph_unbalanced,4,network-observation-incomplete,info,True,execution-not-completed,"{""reason"": ""missing or unsynchronized connector member observations"", ""note"": ""coverage gap, not a model defect""}",/data/mrumoca/eval/results_v3/openipsl/runtime_free.jsonl
openipsl,runtime-v3,OpenIPSL.Electrical.ThreePhase.Loads.Dyn_wye_3Ph_unbalanced,5,initialization-failure,high,True,execution-not-completed,"{""failure_kind"": ""unknown"", ""reason"": ""ulating OpenIPSL.Electrical.ThreePhase.Loads.Dyn_wye_3Ph_unbalanced to t=1 with 20 trace point(s)... \u001b[31m\u001b[0m simulation failed: parameter `P0_a` has neither a binding nor an initial \u001b[31m\u2502\u001b[0m value"", ""raw"": ""reading /tmp/tmp0sqa5mxh/traced.rbc (bitcode v2, cbor) holding 6 free input(s) constant at their start values: P_in[1]=0, P_in[2]=0, P_in[3]=0, Q_in[1]=0, Q_in[2]=0, Q_in[3]=0 Simulating OpenIPSL.Electrical.ThreePhase.Loads.Dyn_wye_3Ph_unbalanced to t=1 with 20 trace point(s)... \u001b[31m\u001b[0m simulation failed: parameter `P0_a` has neither a binding nor an initial \u001b[31m\u2502\u001b[0m value"", ""tool_side"": false}",/data/mrumoca/eval/results_v3/openipsl/runtime_free.jsonl
openipsl,runtime-v3,OpenIPSL.Electrical.Wind.GE.Type_3.Electrical_Control.Electrical_Control,0,network-boundary-port,low,True,execution-not-completed,"{""node"": ""Efd -- Ipcmd -- Pord -- Qgen -- Qord -- Vterm -- add1 -- add2 -- const -- division1 -- gain1 -- integrator1 -- limIntegrator1 -- lim_exc_s11 -- lim_exc_s12 -- limiter1 -- limiter2"", ""boundary_connectors"": ""Efd, Ipcmd, Pord, Qgen, Qord, Vterm, add1, add2, const, division1, gain1, integrator1, limIntegrator1, lim_exc_s11, lim_exc_s12, limiter1, limiter2"", ""wired_to"": ""nothing"", ""note"": ""this connector belongs to the model itself, not to a component inside it: the model is an interface compiled on its own, so the node is open on one side. Nothing forces its flow, which is why a structural matching reports an unmatched unknown here. Not a defect in the model""}",/data/mrumoca/eval/results_v3/openipsl/runtime_free.jsonl
openipsl,runtime-v3,OpenIPSL.Electrical.Wind.GE.Type_3.Electrical_Control.Electrical_Control,1,network-observation-incomplete,info,True,execution-not-completed,"{""reason"": ""missing or unsynchronized connector member observations"", ""note"": ""coverage gap, not a model defect""}",/data/mrumoca/eval/results_v3/openipsl/runtime_free.jsonl
openipsl,runtime-v3,OpenIPSL.Electrical.Wind.GE.Type_3.Electrical_Control.Electrical_Control,2,simulation-failure,high,True,execution-not-completed,"{""failure_kind"": ""non-finite-value"", ""reason"": ""[31m\u2502\u001b[0m SourceId(6832497664377395004), start: BytePos(12035), end: \u001b[31m\u2502\u001b[0m BytePos(12047) } @ Span { source: SourceId(6832497664377395004), start: \u001b[31m\u2502\u001b[0m BytePos(12035), end: BytePos(12047) }"", ""raw"": ""reading /tmp/tmp_q4gv8hi/traced.rbc (bitcode v2, cbor) holding 4 free input(s) constant at their start values: Qgen=0, Qord=0, Pord=0, Vterm=0 Simulating OpenIPSL.Electrical.Wind.GE.Type_3.Electrical_Control.Electrical_Control to t=1 with 40 trace point(s)... \u001b[31m\u001b[0m simulation failed: solve-IR evaluation failed: initial homotopy \u001b[31m\u2502\u001b[0m continuation failed at lambda=0.000000000 step=1.250e-1"", ""tool_side"": false}",/data/mrumoca/eval/results_v3/openipsl/runtime_free.jsonl
openipsl,runtime-v3,OpenIPSL.Electrical.VSD.Generic.ControllerLogic.VoltsHertzController,0,network-boundary-port,low,True,hold-input-contract-validation,"{""node"": ""Vc -- gain2"", ""boundary_connectors"": ""Vc, gain2"", ""wired_to"": ""nothing"", ""note"": ""this connector belongs to the model itself, not to a component inside it: the model is an interface compiled on its own, so the node is open on one side. Nothing forces its flow, which is why a structural matching reports an unmatched unknown here. Not a defect in the model""}",/data/mrumoca/eval/results_v3/openipsl/runtime_free.jsonl
openipsl,runtime-v3,OpenIPSL.Electrical.VSD.Generic.ControllerLogic.VoltsHertzController,1,network-boundary-port,low,True,hold-input-contract-validation,"{""node"": ""Speed_Sensor -- W_ref -- add -- add1 -- add2 -- firstOrder -- gain -- gain1 -- integrator -- limiter -- limiter1 -- m -- motor_speed -- product1 -- realExpression -- we"", ""boundary_connectors"": ""Speed_Sensor, W_ref, add, add1, add2, firstOrder, gain, gain1, integrator, limiter, limiter1, m, motor_speed, product1, realExpression, we"", ""wired_to"": ""nothing"", ""note"": ""this connector belongs to the model itself, not to a component inside it: the model is an interface compiled on its own, so the node is open on one side. Nothing forces its flow, which is why a structural matching reports an unmatched unknown here. Not a defect in the model""}",/data/mrumoca/eval/results_v3/openipsl/runtime_free.jsonl
openipsl,runtime-v3,OpenIPSL.Electrical.Wind.GE.Type_3.Turbine.Cp_function,0,network-boundary-port,low,True,hold-input-contract-validation,"{""node"": ""Lambda -- matrixGain1 -- multi_Powers1"", ""boundary_connectors"": ""Lambda, matrixGain1, multi_Powers1"", ""wired_to"": ""nothing"", ""note"": ""this connector belongs to the model itself, not to a component inside it: the model is an interface compiled on its own, so the node is open on one side. Nothing forces its flow, which is why a structural matching reports an unmatched unknown here. Not a defect in the model""}",/data/mrumoca/eval/results_v3/openipsl/runtime_free.jsonl
openipsl,runtime-v3,OpenIPSL.Electrical.Wind.GE.Type_3.Turbine.Cp_function,1,network-boundary-port,low,True,hold-input-contract-validation,"{""node"": ""Theta -- multi_Powers2"", ""boundary_connectors"": ""Theta, multi_Powers2"", ""wired_to"": ""nothing"", ""note"": ""this connector belongs to the model itself, not to a component inside it: the model is an interface compiled on its own, so the node is open on one side. Nothing forces its flow, which is why a structural matching reports an unmatched unknown here. Not a defect in the model""}",/data/mrumoca/eval/results_v3/openipsl/runtime_free.jsonl
openipsl,runtime-v3,OpenIPSL.Electrical.Wind.GE.Type_3.Generator.Generator,0,network-port-unconnected,low,True,hold-input-contract-validation,"{""connector"": ""p"", ""component"": ""<top level>"", ""component_class"": ""unknown"", ""flows_forced_to_zero"": ""p.ir, p.ii"", ""note"": ""nothing is connected to this port, so MLS \u00a79.2 forces its flow to zero. That is correct for a component compiled on its own and is not a defect; it is recorded because it is the commonest reason a model looks structurally singular""}",/data/mrumoca/eval/results_v3/openipsl/runtime_free.jsonl
openipsl,runtime-v3,OpenIPSL.Electrical.Wind.GE.Type_3.Generator.Generator,1,network-boundary-port,low,True,hold-input-contract-validation,"{""node"": ""Efd -- Ipcmd -- add1 -- add2 -- add3 -- add4 -- add5 -- add6 -- add7 -- cos1 -- gain1 -- gain2 -- gain3 -- gain4 -- integrator1 -- integrator2 -- integrator3 -- limiter1 -- product1 -- product2 -- product3 -- product4 -- product5 -- product6 -- sin1"", ""boundary_connectors"": ""Efd, Ipcmd, add1, add2, add3, add4, add5, add6, add7, cos1, gain1, gain2, gain3, gain4, integrator1, integrator2, integrator3, limiter1, product1, product2, product3, product4, product5, product6, sin1"", ""wired_to"": ""nothing"", ""note"": ""this connector belongs to the model itself, not to a component inside it: the model is an interface compiled on its own, so the node is open on one side. Nothing forces its flow, which is why a structural matching reports an unmatched unknown here. Not a defect in the model""}",/data/mrumoca/eval/results_v3/openipsl/runtime_free.jsonl
openipsl,runtime-v3,OpenIPSL.Electrical.Wind.GE.Type_3.Generator.Generator,2,division-domain-trial,info,True,hold-input-contract-validation,"{""operation"": ""division"", ""requirement"": ""nonzero"", ""operand_value"": 0.0, ""coordinates"": ""internal-evaluation"", ""run_completed"": true, ""claim"": ""native operation domain violation; not a source-model verdict""}",/data/mrumoca/eval/results_v3/openipsl/runtime_free.jsonl
openipsl,runtime-v3,OpenIPSL.Electrical.Wind.GE.Type_3.Turbine.Rotor_Model,0,network-boundary-port,low,True,hold-input-contract-validation,"{""node"": ""Const1_wndtge_spd0 -- Const_wndtge_ang0 -- Const_wndtge_spd0 -- Gain1_wbase -- Gain_Dtg -- Gain_Ktg -- Gain_i2Hg -- Gain_wbase -- Pe -- Pm -- add1 -- add2 -- add3 -- add31 -- add32 -- add4 -- add5 -- division1 -- division2 -- i2H -- integrator1 -- integrator2 -- integrator3 -- integrator4 -- omega_gen -- omega_turb"", ""boundary_connectors"": ""Const1_wndtge_spd0, Const_wndtge_ang0, Const_wndtge_spd0, Gain1_wbase, Gain_Dtg, Gain_Ktg, Gain_i2Hg, Gain_wbase, Pe, Pm, add1, add2, add3, add31, add32, add4, add5, division1, division2, i2H, integrator1, integrator2, integrator3, integrator4, omega_gen, omega_turb"", ""wired_to"": ""nothing"", ""note"": ""this connector belongs to the model itself, not to a component inside it: the model is an interface compiled on its own, so the node is open on one side. Nothing forces its flow, which is why a structural matching reports an unmatched unknown here. Not a defect in the model""}",/data/mrumoca/eval/results_v3/openipsl/runtime_free.jsonl
openipsl,runtime-v3,OpenIPSL.Electrical.Wind.PSAT.PSAT_Type_3.ElecDynBlk,0,initialization-failure,high,True,execution-not-completed,"{""failure_kind"": ""unknown"", ""reason"": ""0 Simulating OpenIPSL.Electrical.Wind.PSAT.PSAT_Type_3.ElecDynBlk to t=1 with 9 trace point(s)... \u001b[31m\u001b[0m simulation failed: parameter `iqr_max` has neither a binding nor an initial \u001b[31m\u2502\u001b[0m value"", ""raw"": ""reading /tmp/tmp09kou5v9/traced.rbc (bitcode v2, cbor) holding 2 free input(s) constant at their start values: omega_m=0, Vbus=0 Simulating OpenIPSL.Electrical.Wind.PSAT.PSAT_Type_3.ElecDynBlk to t=1 with 9 trace point(s)... \u001b[31m\u001b[0m simulation failed: parameter `iqr_max` has neither a binding nor an initial \u001b[31m\u2502\u001b[0m value"", ""tool_side"": false}",/data/mrumoca/eval/results_v3/openipsl/runtime_free.jsonl
openipsl,runtime-v3,OpenIPSL.Electrical.Wind.GE.Type_3.Turbine.Turbine_Model,0,network-boundary-port,low,True,execution-not-completed,"{""node"": ""Change_Base -- Change_Base1 -- Gain_Kpc -- Gain_Kpp -- Gain_Kptrq -- Gain_iTP -- Gain_iTPc -- Pelec -- Pord -- Wind_Speed -- add1 -- add2 -- add3 -- add31 -- add4 -- add5 -- add6 -- add8 -- const -- integrator1 -- integrator2 -- integrator3 -- integrator4 -- limIntegrator1 -- limIntegrator2 -- limiter1 -- limiter2 -- product1 -- rotor_Model1 -- rotor_Model1.Const1_wndtge_spd0 -- rotor_Model1.Const_wndtge_ang0 -- rotor_Model1.Const_wndtge_spd0 -- rotor_Model1.Gain1_wbase -- rotor_Model1.Gain_Dtg -- rotor_Model1.Gain_Ktg -- rotor_Model1.Gain_i2Hg -- rotor_Model1.Gain_wbase -- rotor_Model1.add1 -- rotor_Model1.add2 -- rotor_Model1.add3 -- rotor_Model1.add31 -- rotor_Model1.add32 -- rotor_Model1.add4 -- rotor_Model1.add5 -- rotor_Model1.division1 -- rotor_Model1.division2 -- rotor_Model1.i2H -- rotor_Model1.integrator1 -- rotor_Model1.integrator2 -- rotor_Model1.integrator3 -- rotor_Model1.integrator4 -- wind_Power_Model1 -- wind_Power_Model1.Gain_KI -- wind_Power_Model1.Gain_wndtge_kp -- wind_Power_Model1.cp_function1 -- wind_Power_Model1.cp_function1.matrixGain1 -- wind_Power_Model1.cp_function1.multi_Powers1 -- wind_Power_Model1.cp_function1.multi_Powers2 -- wind_Power_Model1.division1 -- wind_Power_Model1.limiter1 -- wind_Power_Model1.limiter2 -- wind_Power_Model1.product2 -- wind_Power_Model1.product3 -- wind_Power_Model1.product4"", ""boundary_connectors"": ""Change_Base, Change_Base1, Gain_Kpc, Gain_Kpp, Gain_Kptrq, Gain_iTP, Gain_iTPc, Pelec, Pord, Wind_Speed, add1, add2, add3, add31, add4, add5, add6, add8, const, integrator1, integrator2, integrator3, integrator4, limIntegrator1, limIntegrator2, limiter1, limiter2, product1, rotor_Model1, wind_Power_Model1"", ""wired_to"": ""rotor_Model1.Const1_wndtge_spd0, rotor_Model1.Const_wndtge_ang0, rotor_Model1.Const_wndtge_spd0, rotor_Model1.Gain1_wbase, rotor_Model1.Gain_Dtg, rotor_Model1.Gain_Ktg, rotor_Model1.Gain_i2Hg, rotor_Model1.Gain_wbase, rotor_Model1.add1, rotor_Model1.add2, rotor_Model1.add3, rotor_Model1.add31, rotor_Model1.add32, rotor_Model1.add4, rotor_Model1.add5, rotor_Model1.division1, rotor_Model1.division2, rotor_Model1.i2H, rotor_Model1.integrator1, rotor_Model1.integrator2, rotor_Model1.integrator3, rotor_Model1.integrator4, wind_Power_Model1.Gain_KI, wind_Power_Model1.Gain_wndtge_kp, wind_Power_Model1.cp_function1, wind_Power_Model1.cp_function1.matrixGain1, wind_Power_Model1.cp_function1.multi_Powers1, wind_Power_Model1.cp_function1.multi_Powers2, wind_Power_Model1.division1, wind_Power_Model1.limiter1, wind_Power_Model1.limiter2, wind_Power_Model1.product2, wind_Power_Model1.product3, wind_Power_Model1.product4"", ""note"": ""this connector belongs to the model itself, not to a component inside it: the model is an interface compiled on its own, so the node is open on one side. Nothing forces its flow, which is why a structural matching reports an unmatched unknown here. Not a defect in the model""}",/data/mrumoca/eval/results_v3/openipsl/runtime_free.jsonl
openipsl,runtime-v3,OpenIPSL.Electrical.Wind.GE.Type_3.Turbine.Turbine_Model,1,division-out-of-domain,high,True,execution-not-completed,"{""operation"": ""division"", ""requirement"": ""nonzero"", ""operand_value"": 0.0, ""coordinates"": ""internal-evaluation"", ""run_completed"": false, ""claim"": ""native operation domain violation; not a source-model verdict""}",/data/mrumoca/eval/results_v3/openipsl/runtime_free.jsonl
openipsl,runtime-v3,OpenIPSL.Electrical.Wind.GE.Type_3.Turbine.Turbine_Model,2,network-observation-incomplete,info,True,execution-not-completed,"{""reason"": ""missing or unsynchronized connector member observations"", ""note"": ""coverage gap, not a model defect""}",/data/mrumoca/eval/results_v3/openipsl/runtime_free.jsonl
openipsl,runtime-v3,OpenIPSL.Electrical.Wind.GE.Type_3.Turbine.Turbine_Model,3,simulation-failure,high,True,execution-not-completed,"{""failure_kind"": ""non-finite-value"", ""reason"": ""ge at event \u001b[31m\u2502\u001b[0m boundary: worst scaled residual row=28 \u001b[31m\u2502\u001b[0m target=wind_Power_Model1.division1.y value=-inf ratio=inf norm=inf \u001b[31m\u2502\u001b[0m row_scale=1.000000e1 scaled_tolerance=1.000000e-5"", ""raw"": ""reading /tmp/tmpbnl6fzrk/traced.rbc (bitcode v2, cbor) holding 2 free input(s) constant at their start values: Pelec=0, Wind_Speed=0 Simulating OpenIPSL.Electrical.Wind.GE.Type_3.Turbine.Turbine_Model to t=1 with 183 trace point(s)... \u001b[31m\u001b[0m simulation failed: solve-IR evaluation failed: initial homotopy \u001b[31m\u2502\u001b[0m continuation failed at lambda=0.000000000 step=1.250e-1: solve-IR \u001b[31m\u2502\u001b[0m eva"", ""tool_side"": false}",/data/mrumoca/eval/results_v3/openipsl/runtime_free.jsonl
openipsl,runtime-v3,OpenIPSL.Electrical.Wind.GE.Type_3.Turbine.Wind_Power_Model,0,network-boundary-port,low,True,execution-not-completed,"{""node"": ""Gain_KI -- Gain_wndtge_kp -- Pm -- Theta -- Wind_Speed -- cp_function1 -- cp_function1.matrixGain1 -- cp_function1.multi_Powers1 -- cp_function1.multi_Powers2 -- division1 -- limiter1 -- limiter2 -- omega -- product2 -- product3 -- product4"", ""boundary_connectors"": ""Gain_KI, Gain_wndtge_kp, Pm, Theta, Wind_Speed, cp_function1, division1, limiter1, limiter2, omega, product2, product3, product4"", ""wired_to"": ""cp_function1.matrixGain1, cp_function1.multi_Powers1, cp_function1.multi_Powers2"", ""note"": ""this connector belongs to the model itself, not to a component inside it: the model is an interface compiled on its own, so the node is open on one side. Nothing forces its flow, which is why a structural matching reports an unmatched unknown here. Not a defect in the model""}",/data/mrumoca/eval/results_v3/openipsl/runtime_free.jsonl
openipsl,runtime-v3,OpenIPSL.Electrical.Wind.GE.Type_3.Turbine.Wind_Power_Model,1,division-out-of-domain,high,True,execution-not-completed,"{""operation"": ""division"", ""requirement"": ""nonzero"", ""operand_value"": 0.0, ""coordinates"": ""internal-evaluation"", ""run_completed"": false, ""claim"": ""native operation domain violation; not a source-model verdict""}",/data/mrumoca/eval/results_v3/openipsl/runtime_free.jsonl
openipsl,runtime-v3,OpenIPSL.Electrical.Wind.GE.Type_3.Turbine.Wind_Power_Model,2,network-observation-incomplete,info,True,execution-not-completed,"{""reason"": ""missing or unsynchronized connector member observations"", ""note"": ""coverage gap, not a model defect""}",/data/mrumoca/eval/results_v3/openipsl/runtime_free.jsonl
openipsl,runtime-v3,OpenIPSL.Electrical.Wind.GE.Type_3.Turbine.Wind_Power_Model,3,simulation-failure,high,True,execution-not-completed,"{""failure_kind"": ""non-finite-value"", ""reason"": ""\u2502\u001b[0m projection did not converge at event boundary: worst scaled residual row=2 \u001b[31m\u2502\u001b[0m target=division1.y value=NaN ratio=NaN norm=inf row_scale=1.000000e0 \u001b[31m\u2502\u001b[0m scaled_tolerance=1.000000e-6"", ""raw"": ""reading /tmp/tmpwje8aisl/traced.rbc (bitcode v2, cbor) holding 3 free input(s) constant at their start values: Wind_Speed=0, Theta=0, omega=0 Simulating OpenIPSL.Electrical.Wind.GE.Type_3.Turbine.Wind_Power_Model to t=1 with 41 trace point(s)... \u001b[31m\u001b[0m simulation failed: initial homotopy continuation failed at \u001b[31m\u2502\u001b[0m lambda=0.000000000 step=1.250e-1: solve-IR evaluation failed: algebraic \u001b["", ""tool_side"": false}",/data/mrumoca/eval/results_v3/openipsl/runtime_free.jsonl
openipsl,runtime-v3,OpenIPSL.Electrical.Wind.PSAT.PSAT_Type_3.ElecBlk,0,network-port-unconnected,low,True,execution-not-completed,"{""connector"": ""pin"", ""component"": ""<top level>"", ""component_class"": ""unknown"", ""flows_forced_to_zero"": ""pin.ir, pin.ii"", ""note"": ""nothing is connected to this port, so MLS \u00a79.2 forces its flow to zero. That is correct for a component compiled on its own and is not a defect; it is recorded because it is the commonest reason a model looks structurally singular""}",/data/mrumoca/eval/results_v3/openipsl/runtime_free.jsonl
openipsl,runtime-v3,OpenIPSL.Electrical.Wind.PSAT.PSAT_Type_3.ElecBlk,1,network-component-isolated,low,True,execution-not-completed,"{""component"": ""<top level>"", ""component_class"": ""unknown"", ""ports"": ""pin"", ""note"": ""every port of this instance is unconnected, so it exchanges nothing with the rest of the model while still contributing its equations""}",/data/mrumoca/eval/results_v3/openipsl/runtime_free.jsonl
openipsl,runtime-v3,OpenIPSL.Electrical.Wind.PSAT.PSAT_Type_3.ElecBlk,2,network-observation-incomplete,info,True,execution-not-completed,"{""reason"": ""missing or unsynchronized connector member observations"", ""note"": ""coverage gap, not a model defect""}",/data/mrumoca/eval/results_v3/openipsl/runtime_free.jsonl
openipsl,runtime-v3,OpenIPSL.Electrical.Wind.PSAT.PSAT_Type_3.ElecBlk,3,simulation-failure,high,True,execution-not-completed,"{""failure_kind"": ""nonlinear-solver-failure"", ""reason"": ""coordinate \u001b[31m\u2502\u001b[0m convergence: worst scaled residual row=1 target=Vbus value=-2.555433e-4 \u001b[31m\u2502\u001b[0m ratio=2.555433e6 norm=2.555433e-4 row_scale=1.000000e0 \u001b[31m\u2502\u001b[0m scaled_tolerance=1.000000e-10"", ""raw"": ""reading /tmp/tmpr7a4ml1r/traced.rbc (bitcode v2, cbor) holding 3 free input(s) constant at their start values: omega_m=0, idr=0, iqr=0 Simulating OpenIPSL.Electrical.Wind.PSAT.PSAT_Type_3.ElecBlk to t=1 with 19 trace point(s)... \u001b[31m\u001b[0m simulation failed: algebraic projection did not establish coordinate \u001b[31m\u2502\u001b[0m convergence: worst scaled residual row=1 target=Vbus value=-2.555433e-4 \u001b[31m\u2502\u001b[0"", ""tool_side"": false}",/data/mrumoca/eval/results_v3/openipsl/runtime_free.jsonl
openipsl,runtime-v3,OpenIPSL.Electrical.Wind.PSAT.PSAT_Type_3.WindBlk,0,physical-zero-is-a-supported-limit,low,True,execution-not-completed,"{""domain"": ""fluid"", ""rule"": ""fluid.density.positive"", ""rule_origin"": ""mass per volume of a real fluid; density appears as a divisor throughout the Fluid library"", ""rule_reference"": """", ""matched_by"": {""quantity"": ""Density"", ""unit"": ""kg/m3"", ""confidence"": ""QUANTITY_AND_UNIT"", ""premise_state"": ""unknown"", ""authority"": ""quantity_or_unit"", ""canonical_declaration"": ""OpenIPSL.Electrical.Wind.PSAT.PSAT_Type_3.WindBlk.rho""}, ""required"": ""rho > 0"", ""declared_min"": 0.0, ""variable_role"": ""parameter"", ""premise_state"": ""refuted"", ""authority"": ""component_contract"", ""contract"": ""OpenIPSL.Electrical.Wind.PSAT.PSAT_Type_3.WindBlk.rho: feature_disabled (proven, from equation) \u2014 the parameter appears only as a multiplier, so at zero the term it scales drops out and the rest of the model is unaffected"", ""contract_behavior"": ""feature_disabled"", ""contract_confidence"": ""proven"", ""contract_source"": ""equation"", ""note"": ""the positivity rule does not apply: this component documents zero as a meaningful limit, so reporting a missing bound would contradict its contract""}",/data/mrumoca/eval/results_v3/openipsl/runtime_free.jsonl
openipsl,runtime-v3,OpenIPSL.Electrical.Wind.PSAT.PSAT_Type_3.WindBlk,1,physical-zero-is-a-supported-limit,low,True,execution-not-completed,"{""domain"": ""fluid"", ""rule"": ""fluid.area.positive"", ""rule_origin"": ""a flow cross-section is a divisor in every velocity relation; zero area admits no flow and divides by zero"", ""rule_reference"": """", ""matched_by"": {""quantity"": ""Area"", ""unit"": ""m2"", ""confidence"": ""QUANTITY_AND_UNIT"", ""premise_state"": ""unknown"", ""authority"": ""quantity_or_unit"", ""canonical_declaration"": ""OpenIPSL.Electrical.Wind.PSAT.PSAT_Type_3.WindBlk.Ar""}, ""required"": ""Ar > 0"", ""declared_min"": null, ""variable_role"": ""parameter"", ""premise_state"": ""refuted"", ""authority"": ""component_contract"", ""contract"": ""OpenIPSL.Electrical.Wind.PSAT.PSAT_Type_3.WindBlk.Ar: feature_disabled (proven, from equation) \u2014 the parameter appears only as a multiplier, so at zero the term it scales drops out and the rest of the model is unaffected"", ""contract_behavior"": ""feature_disabled"", ""contract_confidence"": ""proven"", ""contract_source"": ""equation"", ""note"": ""the positivity rule does not apply: this component documents zero as a meaningful limit, so reporting a missing bound would contradict its contract""}",/data/mrumoca/eval/results_v3/openipsl/runtime_free.jsonl
openipsl,runtime-v3,OpenIPSL.Electrical.Wind.PSAT.PSAT_Type_3.WindBlk,2,simulation-failure,high,True,execution-not-completed,"{""failure_kind"": ""non-finite-value"", ""reason"": ""ce point(s)... \u001b[31m\u001b[0m simulation failed: non-finite (NaN) value computed for `lambda` @ Span \u001b[31m\u2502\u001b[0m { source: SourceId(208019611297314211), start: BytePos(1828), end: \u001b[31m\u2502\u001b[0m BytePos(1839) }"", ""raw"": ""reading /tmp/tmp_k3lrl16/traced.rbc (bitcode v2, cbor) holding 3 free input(s) constant at their start values: vw=0, theta_p=0, omega_m=0 Simulating OpenIPSL.Electrical.Wind.PSAT.PSAT_Type_3.WindBlk to t=1 with 8 trace point(s)... \u001b[31m\u001b[0m simulation failed: non-finite (NaN) value computed for `lambda` @ Span \u001b[31m\u2502\u001b[0m { source: SourceId(208019611297314211), start: BytePos(1828), end: \u001b[31m\u2502\u001b[0m"", ""tool_side"": false}",/data/mrumoca/eval/results_v3/openipsl/runtime_free.jsonl
openipsl,runtime-v3,OpenIPSL.Electrical.Wind.PSAT.PSAT_Type_3.PitchControl,0,initialization-failure,high,True,execution-not-completed,"{""failure_kind"": ""unknown"", ""reason"": ""lating OpenIPSL.Electrical.Wind.PSAT.PSAT_Type_3.PitchControl to t=1 with 4 trace point(s)... \u001b[31m\u001b[0m simulation failed: parameter `theta_p_min` has neither a binding nor an \u001b[31m\u2502\u001b[0m initial value"", ""raw"": ""reading /tmp/tmpha71qsjn/traced.rbc (bitcode v2, cbor) holding 1 free input(s) constant at their start values: omega_m=0 Simulating OpenIPSL.Electrical.Wind.PSAT.PSAT_Type_3.PitchControl to t=1 with 4 trace point(s)... \u001b[31m\u001b[0m simulation failed: parameter `theta_p_min` has neither a binding nor an \u001b[31m\u2502\u001b[0m initial value"", ""tool_side"": false}",/data/mrumoca/eval/results_v3/openipsl/runtime_free.jsonl
openipsl,runtime-v3,OpenIPSL.Electrical.Wind.PSSE.Submodels.CCL,0,network-boundary-port,low,True,execution-not-completed,"{""node"": ""Available_remain2 -- IPmax1 -- IPmax2 -- const1 -- const4 -- min1 -- min3"", ""boundary_connectors"": ""Available_remain2, IPmax1, IPmax2, const1, const4, min1, min3"", ""wired_to"": ""nothing"", ""note"": ""this connector belongs to the model itself, not to a component inside it: the model is an interface compiled on its own, so the node is open on one side. Nothing forces its flow, which is why a structural matching reports an unmatched unknown here. Not a defect in the model""}",/data/mrumoca/eval/results_v3/openipsl/runtime_free.jsonl
openipsl,runtime-v3,OpenIPSL.Electrical.Wind.PSSE.Submodels.CCL,1,network-boundary-port,low,True,execution-not-completed,"{""node"": ""Available_remain1 -- IQmax1 -- IQmax2 -- IQmin1 -- IQmin2 -- Iqmax -- const2 -- const3 -- gain -- gain1 -- min2 -- min4 -- min5"", ""boundary_connectors"": ""Available_remain1, IQmax1, IQmax2, IQmin1, IQmin2, Iqmax, const2, const3, gain, gain1, min2, min4, min5"", ""wired_to"": ""nothing"", ""note"": ""this connector belongs to the model itself, not to a component inside it: the model is an interface compiled on its own, so the node is open on one side. Nothing forces its flow, which is why a structural matching reports an unmatched unknown here. Not a defect in the model""}",/data/mrumoca/eval/results_v3/openipsl/runtime_free.jsonl
openipsl,runtime-v3,OpenIPSL.Electrical.Wind.PSSE.Submodels.CCL,2,network-observation-incomplete,info,True,execution-not-completed,"{""reason"": ""missing or unsynchronized connector member observations"", ""note"": ""coverage gap, not a model defect""}",/data/mrumoca/eval/results_v3/openipsl/runtime_free.jsonl
openipsl,runtime-v3,OpenIPSL.Electrical.Wind.PSSE.Submodels.CCL,3,initialization-failure,high,True,execution-not-completed,"{""failure_kind"": ""unknown"", ""reason"": ""qCMD=0, Vt=0 Simulating OpenIPSL.Electrical.Wind.PSSE.Submodels.CCL to t=1 with 38 trace point(s)... \u001b[31m\u001b[0m simulation failed: parameter `Qmax` has neither a binding nor an initial \u001b[31m\u2502\u001b[0m value"", ""raw"": ""reading /tmp/tmp1__0ehri/traced.rbc (bitcode v2, cbor) holding 3 free input(s) constant at their start values: IpCMD=0, IqCMD=0, Vt=0 Simulating OpenIPSL.Electrical.Wind.PSSE.Submodels.CCL to t=1 with 38 trace point(s)... \u001b[31m\u001b[0m simulation failed: parameter `Qmax` has neither a binding nor an initial \u001b[31m\u2502\u001b[0m value"", ""tool_side"": false}",/data/mrumoca/eval/results_v3/openipsl/runtime_free.jsonl
openipsl,runtime-v3,OpenIPSL.Electrical.Wind.PSSE.Submodels.LVPL,0,initialization-failure,high,True,execution-not-completed,"{""failure_kind"": ""unknown"", ""reason"": ""lues: Vt=0 Simulating OpenIPSL.Electrical.Wind.PSSE.Submodels.LVPL to t=1 with 2 trace point(s)... \u001b[31m\u001b[0m simulation failed: parameter `VLVPL1` has neither a binding nor an initial \u001b[31m\u2502\u001b[0m value"", ""raw"": ""reading /tmp/tmpnefzw_x2/traced.rbc (bitcode v2, cbor) holding 1 free input(s) constant at their start values: Vt=0 Simulating OpenIPSL.Electrical.Wind.PSSE.Submodels.LVPL to t=1 with 2 trace point(s)... \u001b[31m\u001b[0m simulation failed: parameter `VLVPL1` has neither a binding nor an initial \u001b[31m\u2502\u001b[0m value"", ""tool_side"": false}",/data/mrumoca/eval/results_v3/openipsl/runtime_free.jsonl
openipsl,runtime-v3,OpenIPSL.Electrical.Wind.PSSE.Submodels.HVRCL,0,initialization-failure,high,True,execution-not-completed,"{""failure_kind"": ""unknown"", ""reason"": ""t=0, Iq=0 Simulating OpenIPSL.Electrical.Wind.PSSE.Submodels.HVRCL to t=1 with 3 trace point(s)... \u001b[31m\u001b[0m simulation failed: parameter `VHVRCR` has neither a binding nor an initial \u001b[31m\u2502\u001b[0m value"", ""raw"": ""reading /tmp/tmpzhvxswtr/traced.rbc (bitcode v2, cbor) holding 2 free input(s) constant at their start values: Vt=0, Iq=0 Simulating OpenIPSL.Electrical.Wind.PSSE.Submodels.HVRCL to t=1 with 3 trace point(s)... \u001b[31m\u001b[0m simulation failed: parameter `VHVRCR` has neither a binding nor an initial \u001b[31m\u2502\u001b[0m value"", ""tool_side"": false}",/data/mrumoca/eval/results_v3/openipsl/runtime_free.jsonl
openipsl,runtime-v3,OpenIPSL.Electrical.Wind.PSAT.PSAT_Type_3.PSAT_WT,0,network-boundary-port,low,True,execution-not-completed,"{""node"": ""elecCircuit.pin -- pin"", ""boundary_connectors"": ""pin"", ""wired_to"": ""elecCircuit.pin"", ""note"": ""this connector belongs to the model itself, not to a component inside it: the model is an interface compiled on its own, so the node is open on one side. Nothing forces its flow, which is why a structural matching reports an unmatched unknown here. Not a defect in the model""}",/data/mrumoca/eval/results_v3/openipsl/runtime_free.jsonl
openipsl,runtime-v3,OpenIPSL.Electrical.Wind.PSAT.PSAT_Type_3.PSAT_WT,1,network-boundary-port,low,True,execution-not-completed,"{""node"": ""Wind_Speed -- elecCircuit -- elecDyn -- mechaBlk1 -- pitchControl1 -- windBlk1"", ""boundary_connectors"": ""Wind_Speed, elecCircuit, elecDyn, mechaBlk1, pitchControl1, windBlk1"", ""wired_to"": ""nothing"", ""note"": ""this connector belongs to the model itself, not to a component inside it: the model is an interface compiled on its own, so the node is open on one side. Nothing forces its flow, which is why a structural matching reports an unmatched unknown here. Not a defect in the model""}",/data/mrumoca/eval/results_v3/openipsl/runtime_free.jsonl
openipsl,runtime-v3,OpenIPSL.Electrical.Wind.PSAT.PSAT_Type_3.PSAT_WT,2,physical-zero-is-a-supported-limit,low,True,execution-not-completed,"{""domain"": ""fluid"", ""rule"": ""fluid.density.positive"", ""rule_origin"": ""mass per volume of a real fluid; density appears as a divisor throughout the Fluid library"", ""rule_reference"": """", ""matched_by"": {""quantity"": ""Density"", ""unit"": ""kg/m3"", ""confidence"": ""QUANTITY_AND_UNIT"", ""premise_state"": ""unknown"", ""authority"": ""quantity_or_unit"", ""canonical_declaration"": ""OpenIPSL.Electrical.Wind.PSAT.PSAT_Type_3.WindBlk.rho""}, ""required"": ""windBlk1.rho > 0"", ""declared_min"": 0.0, ""variable_role"": ""parameter"", ""premise_state"": ""refuted"", ""authority"": ""component_contract"", ""contract"": ""OpenIPSL.Electrical.Wind.PSAT.PSAT_Type_3.WindBlk.rho: feature_disabled (proven, from equation) \u2014 the parameter appears only as a multiplier, so at zero the term it scales drops out and the rest of the model is unaffected"", ""contract_behavior"": ""feature_disabled"", ""contract_confidence"": ""proven"", ""contract_source"": ""equation"", ""note"": ""the positivity rule does not apply: this component documents zero as a meaningful limit, so reporting a missing bound would contradict its contract""}",/data/mrumoca/eval/results_v3/openipsl/runtime_free.jsonl
openipsl,runtime-v3,OpenIPSL.Electrical.Wind.PSAT.PSAT_Type_3.PSAT_WT,3,physical-zero-is-a-supported-limit,low,True,execution-not-completed,"{""domain"": ""fluid"", ""rule"": ""fluid.area.positive"", ""rule_origin"": ""a flow cross-section is a divisor in every velocity relation; zero area admits no flow and divides by zero"", ""rule_reference"": """", ""matched_by"": {""quantity"": ""Area"", ""unit"": ""m2"", ""confidence"": ""QUANTITY_AND_UNIT"", ""premise_state"": ""unknown"", ""authority"": ""quantity_or_unit"", ""canonical_declaration"": ""OpenIPSL.Electrical.Wind.PSAT.PSAT_Type_3.WindBlk.Ar""}, ""required"": ""windBlk1.Ar > 0"", ""declared_min"": null, ""variable_role"": ""parameter"", ""premise_state"": ""refuted"", ""authority"": ""component_contract"", ""contract"": ""OpenIPSL.Electrical.Wind.PSAT.PSAT_Type_3.WindBlk.Ar: feature_disabled (proven, from equation) \u2014 the parameter appears only as a multiplier, so at zero the term it scales drops out and the rest of the model is unaffected"", ""contract_behavior"": ""feature_disabled"", ""contract_confidence"": ""proven"", ""contract_source"": ""equation"", ""note"": ""the positivity rule does not apply: this component documents zero as a meaningful limit, so reporting a missing bound would contradict its contract""}",/data/mrumoca/eval/results_v3/openipsl/runtime_free.jsonl
openipsl,runtime-v3,OpenIPSL.Electrical.Wind.PSAT.PSAT_Type_3.PSAT_WT,4,physical-zero-is-a-supported-limit,low,True,execution-not-completed,"{""domain"": ""fluid"", ""rule"": ""fluid.density.positive"", ""rule_origin"": ""mass per volume of a real fluid; density appears as a divisor throughout the Fluid library"", ""rule_reference"": """", ""matched_by"": {""quantity"": ""Density"", ""unit"": ""kg/m3"", ""confidence"": ""QUANTITY_AND_UNIT"", ""premise_state"": ""unknown"", ""authority"": ""quantity_or_unit"", ""canonical_declaration"": ""OpenIPSL.Electrical.Wind.PSAT.PSAT_Type_3.PSAT_WT.rho""}, ""required"": ""rho > 0"", ""declared_min"": 0.0, ""variable_role"": ""parameter"", ""premise_state"": ""refuted"", ""authority"": ""component_contract"", ""contract"": ""OpenIPSL.Electrical.Wind.PSAT.PSAT_Type_3.WindBlk.rho: feature_disabled (proven, from equation) \u2014 inherited from windBlk1.rho, which it binds: the parameter appears only as a multiplier, so at zero the term it scales drops out and the rest of the model is unaffected"", ""contract_behavior"": ""feature_disabled"", ""contract_confidence"": ""proven"", ""contract_source"": ""equation"", ""note"": ""the positivity rule does not apply: this component documents zero as a meaningful limit, so reporting a missing bound would contradict its contract""}",/data/mrumoca/eval/results_v3/openipsl/runtime_free.jsonl
openipsl,runtime-v3,OpenIPSL.Electrical.Wind.PSAT.PSAT_Type_3.PSAT_WT,5,division-out-of-domain,high,True,execution-not-completed,"{""operation"": ""division"", ""requirement"": ""nonzero"", ""operand_value"": 0.0, ""coordinates"": ""internal-evaluation"", ""run_completed"": false, ""claim"": ""native operation domain violation; not a source-model verdict""}",/data/mrumoca/eval/results_v3/openipsl/runtime_free.jsonl
openipsl,runtime-v3,OpenIPSL.Electrical.Wind.PSAT.PSAT_Type_3.PSAT_WT,6,division-out-of-domain,high,True,execution-not-completed,"{""operation"": ""division"", ""requirement"": ""nonzero"", ""operand_value"": 0.0, ""coordinates"": ""internal-evaluation"", ""run_completed"": false, ""claim"": ""native operation domain violation; not a source-model verdict""}",/data/mrumoca/eval/results_v3/openipsl/runtime_free.jsonl
openipsl,runtime-v3,OpenIPSL.Electrical.Wind.PSAT.PSAT_Type_3.PSAT_WT,7,division-out-of-domain,high,True,execution-not-completed,"{""operation"": ""division"", ""requirement"": ""nonzero"", ""operand_value"": 0.0, ""coordinates"": ""internal-evaluation"", ""run_completed"": false, ""claim"": ""native operation domain violation; not a source-model verdict""}",/data/mrumoca/eval/results_v3/openipsl/runtime_free.jsonl
openipsl,runtime-v3,OpenIPSL.Electrical.Wind.PSAT.PSAT_Type_3.PSAT_WT,8,division-out-of-domain,high,True,execution-not-completed,"{""operation"": ""division"", ""requirement"": ""nonzero"", ""operand_value"": 0.0, ""coordinates"": ""internal-evaluation"", ""run_completed"": false, ""claim"": ""native operation domain violation; not a source-model verdict""}",/data/mrumoca/eval/results_v3/openipsl/runtime_free.jsonl
openipsl,runtime-v3,OpenIPSL.Electrical.Wind.PSAT.PSAT_Type_3.PSAT_WT,9,division-out-of-domain,high,True,execution-not-completed,"{""operation"": ""division"", ""requirement"": ""nonzero"", ""operand_value"": 0.0, ""coordinates"": ""internal-evaluation"", ""run_completed"": false, ""claim"": ""native operation domain violation; not a source-model verdict""}",/data/mrumoca/eval/results_v3/openipsl/runtime_free.jsonl
openipsl,runtime-v3,OpenIPSL.Electrical.Wind.PSAT.PSAT_Type_3.PSAT_WT,10,network-observation-incomplete,info,True,execution-not-completed,"{""reason"": ""missing or unsynchronized connector member observations"", ""note"": ""coverage gap, not a model defect""}",/data/mrumoca/eval/results_v3/openipsl/runtime_free.jsonl
openipsl,runtime-v3,OpenIPSL.Electrical.Wind.PSAT.PSAT_Type_3.PSAT_WT,11,simulation-failure,high,True,execution-not-completed,"{""failure_kind"": ""non-finite-value"", ""reason"": ""tion did not \u001b[31m\u2502\u001b[0m converge at event boundary: worst scaled residual row=29 \u001b[31m\u2502\u001b[0m target=windBlk1.Tm value=NaN ratio=NaN norm=inf row_scale=1.000000e0 \u001b[31m\u2502\u001b[0m scaled_tolerance=1.000000e-6"", ""raw"": ""reading /tmp/tmp3t9lc9_6/traced.rbc (bitcode v2, cbor) holding 1 free input(s) constant at their start values: Wind_Speed=0 Simulating OpenIPSL.Electrical.Wind.PSAT.PSAT_Type_3.PSAT_WT to t=1 with 52 trace point(s)... \u001b[31m\u001b[0m simulation failed: solve-IR evaluation failed: algebraic projection did not \u001b[31m\u2502\u001b[0m converge at event boundary: worst scaled residual row=29 \u001b[31m\u2502\u001b[0m target=windBlk1.T"", ""tool_side"": false}",/data/mrumoca/eval/results_v3/openipsl/runtime_free.jsonl
openipsl,runtime-v3,OpenIPSL.Electrical.Wind.PSSE.WT3G.WT3E1.ActivePowerControl,0,network-boundary-port,low,True,execution-not-completed,"{""node"": ""K2 -- K3 -- K5 -- Qcmdn2 -- SPEED -- VTERM -- WIPCMD -- WNDSP_1 -- WPCMND -- add -- add1 -- add2 -- const -- division -- feedback -- imGain -- imLimited -- imLimited_max -- imLimited_min"", ""boundary_connectors"": ""K2, K3, K5, Qcmdn2, SPEED, VTERM, WIPCMD, WNDSP_1, WPCMND, add, add1, add2, const, division, feedback, imGain, imLimited, imLimited_max, imLimited_min"", ""wired_to"": ""nothing"", ""note"": ""this connector belongs to the model itself, not to a component inside it: the model is an interface compiled on its own, so the node is open on one side. Nothing forces its flow, which is why a structural matching reports an unmatched unknown here. Not a defect in the model""}",/data/mrumoca/eval/results_v3/openipsl/runtime_free.jsonl
openipsl,runtime-v3,OpenIPSL.Electrical.Wind.PSSE.WT3G.WT3E1.ActivePowerControl,1,network-observation-incomplete,info,True,execution-not-completed,"{""reason"": ""missing or unsynchronized connector member observations"", ""note"": ""coverage gap, not a model defect""}",/data/mrumoca/eval/results_v3/openipsl/runtime_free.jsonl
openipsl,runtime-v3,OpenIPSL.Electrical.Wind.PSSE.WT3G.WT3E1.ActivePowerControl,2,simulation-failure,high,True,execution-not-completed,"{""failure_kind"": ""non-finite-value"", ""reason"": ""[31m\u2502\u001b[0m SourceId(6832497664377395004), start: BytePos(12035), end: \u001b[31m\u2502\u001b[0m BytePos(12047) } @ Span { source: SourceId(6832497664377395004), start: \u001b[31m\u2502\u001b[0m BytePos(12035), end: BytePos(12047) }"", ""raw"": ""reading /tmp/tmpde2362xr/traced.rbc (bitcode v2, cbor) holding 3 free input(s) constant at their start values: SPEED=0, VTERM=0, PELEC=0 Simulating OpenIPSL.Electrical.Wind.PSSE.WT3G.WT3E1.ActivePowerControl to t=1 with 48 trace point(s)... \u001b[31m\u001b[0m simulation failed: solve-IR evaluation failed: initial homotopy \u001b[31m\u2502\u001b[0m continuation failed at lambda=0.000000000 step=1.250e-1: non-finite (NaN) "", ""tool_side"": false}",/data/mrumoca/eval/results_v3/openipsl/runtime_free.jsonl
openipsl,runtime-v3,OpenIPSL.Electrical.Wind.PSSE.WT4G.WT4E1.pf_Controller,0,network-boundary-port,low,True,execution-not-completed,"{""node"": ""K0 -- Q_REF_PF -- Qcmdn1 -- VAR2 -- tan1 -- u"", ""boundary_connectors"": ""K0, Q_REF_PF, Qcmdn1, VAR2, tan1, u"", ""wired_to"": ""nothing"", ""note"": ""this connector belongs to the model itself, not to a component inside it: the model is an interface compiled on its own, so the node is open on one side. Nothing forces its flow, which is why a structural matching reports an unmatched unknown here. Not a defect in the model""}",/data/mrumoca/eval/results_v3/openipsl/runtime_free.jsonl
openipsl,runtime-v3,OpenIPSL.Electrical.Wind.PSSE.WT4G.WT4E1.pf_Controller,1,network-observation-incomplete,info,True,execution-not-completed,"{""reason"": ""missing or unsynchronized connector member observations"", ""note"": ""coverage gap, not a model defect""}",/data/mrumoca/eval/results_v3/openipsl/runtime_free.jsonl
openipsl,runtime-v3,OpenIPSL.Electrical.Wind.PSSE.WT4G.WT4E1.pf_Controller,2,initialization-failure,high,True,execution-not-completed,"{""failure_kind"": ""unknown"", ""reason"": ""u=0 Simulating OpenIPSL.Electrical.Wind.PSSE.WT4G.WT4E1.pf_Controller to t=1 with 12 trace point(s)... \u001b[31m\u001b[0m simulation failed: parameter `q0` has neither a binding nor an initial \u001b[31m\u2502\u001b[0m value"", ""raw"": ""reading /tmp/tmpjbyfos_9/traced.rbc (bitcode v2, cbor) holding 1 free input(s) constant at their start values: u=0 Simulating OpenIPSL.Electrical.Wind.PSSE.WT4G.WT4E1.pf_Controller to t=1 with 12 trace point(s)... \u001b[31m\u001b[0m simulation failed: parameter `q0` has neither a binding nor an initial \u001b[31m\u2502\u001b[0m value"", ""tool_side"": false}",/data/mrumoca/eval/results_v3/openipsl/runtime_free.jsonl
openipsl,runtime-v3,OpenIPSL.Electrical.Wind.PSSE.WT3G.WT3E1.ReactivePowerControl,0,network-boundary-port,low,True,execution-not-completed,"{""node"": ""ITERM -- K -- K1 -- K10 -- K4 -- K8 -- Q_ord -- Qord1 -- VARL -- VTERM -- XC -- add3 -- add4 -- add5 -- portion"", ""boundary_connectors"": ""ITERM, K, K1, K10, K4, K8, Q_ord, Qord1, VARL, VTERM, XC, add3, add4, add5, portion"", ""wired_to"": ""nothing"", ""note"": ""this connector belongs to the model itself, not to a component inside it: the model is an interface compiled on its own, so the node is open on one side. Nothing forces its flow, which is why a structural matching reports an unmatched unknown here. Not a defect in the model""}",/data/mrumoca/eval/results_v3/openipsl/runtime_free.jsonl
openipsl,runtime-v3,OpenIPSL.Electrical.Wind.PSSE.WT3G.WT3E1.ReactivePowerControl,1,network-observation-incomplete,info,True,execution-not-completed,"{""reason"": ""missing or unsynchronized connector member observations"", ""note"": ""coverage gap, not a model defect""}",/data/mrumoca/eval/results_v3/openipsl/runtime_free.jsonl
openipsl,runtime-v3,OpenIPSL.Electrical.Wind.PSSE.WT3G.WT3E1.ReactivePowerControl,2,initialization-failure,high,True,execution-not-completed,"{""failure_kind"": ""unknown"", ""reason"": ""lating OpenIPSL.Electrical.Wind.PSSE.WT3G.WT3E1.ReactivePowerControl to t=1 with 40 trace point(s)... \u001b[31m\u001b[0m simulation failed: parameter `k40` has neither a binding nor an initial \u001b[31m\u2502\u001b[0m value"", ""raw"": ""reading /tmp/tmpcwmhx68c/traced.rbc (bitcode v2, cbor) holding 2 free input(s) constant at their start values: ITERM=0, VTERM=0 Simulating OpenIPSL.Electrical.Wind.PSSE.WT3G.WT3E1.ReactivePowerControl to t=1 with 40 trace point(s)... \u001b[31m\u001b[0m simulation failed: parameter `k40` has neither a binding nor an initial \u001b[31m\u2502\u001b[0m value"", ""tool_side"": false}",/data/mrumoca/eval/results_v3/openipsl/runtime_free.jsonl
openipsl,runtime-v3,OpenIPSL.Electrical.Wind.PSSE.WT3G.WT3E1.pf_Controller,0,network-boundary-port,low,True,execution-not-completed,"{""node"": ""K0 -- Q_REF_PF -- Qcmdn1 -- VAR2 -- tan1 -- u"", ""boundary_connectors"": ""K0, Q_REF_PF, Qcmdn1, VAR2, tan1, u"", ""wired_to"": ""nothing"", ""note"": ""this connector belongs to the model itself, not to a component inside it: the model is an interface compiled on its own, so the node is open on one side. Nothing forces its flow, which is why a structural matching reports an unmatched unknown here. Not a defect in the model""}",/data/mrumoca/eval/results_v3/openipsl/runtime_free.jsonl
openipsl,runtime-v3,OpenIPSL.Electrical.Wind.PSSE.WT3G.WT3E1.pf_Controller,1,network-observation-incomplete,info,True,execution-not-completed,"{""reason"": ""missing or unsynchronized connector member observations"", ""note"": ""coverage gap, not a model defect""}",/data/mrumoca/eval/results_v3/openipsl/runtime_free.jsonl
openipsl,runtime-v3,OpenIPSL.Electrical.Wind.PSSE.WT3G.WT3E1.pf_Controller,2,initialization-failure,high,True,execution-not-completed,"{""failure_kind"": ""unknown"", ""reason"": ""u=0 Simulating OpenIPSL.Electrical.Wind.PSSE.WT3G.WT3E1.pf_Controller to t=1 with 12 trace point(s)... \u001b[31m\u001b[0m simulation failed: parameter `q0` has neither a binding nor an initial \u001b[31m\u2502\u001b[0m value"", ""raw"": ""reading /tmp/tmpi7ednzq0/traced.rbc (bitcode v2, cbor) holding 1 free input(s) constant at their start values: u=0 Simulating OpenIPSL.Electrical.Wind.PSSE.WT3G.WT3E1.pf_Controller to t=1 with 12 trace point(s)... \u001b[31m\u001b[0m simulation failed: parameter `q0` has neither a binding nor an initial \u001b[31m\u2502\u001b[0m value"", ""tool_side"": false}",/data/mrumoca/eval/results_v3/openipsl/runtime_free.jsonl
openipsl,runtime-v3,OpenIPSL.Electrical.Wind.PSSE.WT4G.WT4E1.ActivePowerController,0,network-boundary-port,low,True,execution-not-completed,"{""node"": ""I_PMAX -- K2 -- K3 -- K5 -- NoLimiMin -- PELEC -- Pord -- Pord1 -- VAR3 -- VTERM -- add3_1 -- division -- gain -- imLimited_max -- imLimited_min -- ipcmd"", ""boundary_connectors"": ""I_PMAX, K2, K3, K5, NoLimiMin, PELEC, Pord, Pord1, VAR3, VTERM, add3_1, division, gain, imLimited_max, imLimited_min, ipcmd"", ""wired_to"": ""nothing"", ""note"": ""this connector belongs to the model itself, not to a component inside it: the model is an interface compiled on its own, so the node is open on one side. Nothing forces its flow, which is why a structural matching reports an unmatched unknown here. Not a defect in the model""}",/data/mrumoca/eval/results_v3/openipsl/runtime_free.jsonl
openipsl,runtime-v3,OpenIPSL.Electrical.Wind.PSSE.WT4G.WT4E1.ActivePowerController,1,network-observation-incomplete,info,True,execution-not-completed,"{""reason"": ""missing or unsynchronized connector member observations"", ""note"": ""coverage gap, not a model defect""}",/data/mrumoca/eval/results_v3/openipsl/runtime_free.jsonl
openipsl,runtime-v3,OpenIPSL.Electrical.Wind.PSSE.WT4G.WT4E1.ActivePowerController,2,initialization-failure,high,True,execution-not-completed,"{""failure_kind"": ""unknown"", ""reason"": ""lating OpenIPSL.Electrical.Wind.PSSE.WT4G.WT4E1.ActivePowerController to t=1 with 40 trace point(s)... \u001b[31m\u001b[0m simulation failed: parameter `p0` has neither a binding nor an initial \u001b[31m\u2502\u001b[0m value"", ""raw"": ""reading /tmp/tmpfsezfrs9/traced.rbc (bitcode v2, cbor) holding 3 free input(s) constant at their start values: PELEC=0, I_PMAX=0, VTERM=0 Simulating OpenIPSL.Electrical.Wind.PSSE.WT4G.WT4E1.ActivePowerController to t=1 with 40 trace point(s)... \u001b[31m\u001b[0m simulation failed: parameter `p0` has neither a binding nor an initial \u001b[31m\u2502\u001b[0m value"", ""tool_side"": false}",/data/mrumoca/eval/results_v3/openipsl/runtime_free.jsonl
openipsl,runtime-v3,OpenIPSL.Electrical.Wind.PSSE.WT3G.WT3E1,0,network-boundary-port,low,True,execution-not-completed,"{""node"": ""ITERM -- K6 -- K7 -- PELEC -- Qelec -- Qord -- SPEED -- VTERM -- Vcl -- WIPCMD -- WPCMND -- activePowerControl -- activePowerControl.K2 -- activePowerControl.K3 -- activePowerControl.K5 -- activePowerControl.Qcmdn2 -- activePowerControl.add -- activePowerControl.add1 -- activePowerControl.add2 -- activePowerControl.const -- activePowerControl.division -- activePowerControl.feedback -- activePowerControl.imGain -- activePowerControl.imLimited -- activePowerControl.imLimited_max -- activePowerControl.imLimited_min -- feedback1 -- pf_Controller1 -- pf_Controller1.K0 -- pf_Controller1.Qcmdn1 -- pf_Controller1.VAR2 -- pf_Controller1.tan1 -- reactivePowerControl -- reactivePowerControl.K -- reactivePowerControl.K1 -- reactivePowerControl.K10 -- reactivePowerControl.K4 -- reactivePowerControl.K8 -- reactivePowerControl.Qord1 -- reactivePowerControl.VARL -- reactivePowerControl.XC -- reactivePowerControl.add3 -- reactivePowerControl.add4 -- reactivePowerControl.add5 -- reactivePowerControl.portion"", ""boundary_connectors"": ""ITERM, K6, K7, PELEC, Qelec, Qord, SPEED, VTERM, Vcl, WIPCMD, WPCMND, activePowerControl, feedback1, pf_Controller1, reactivePowerControl"", ""wired_to"": ""activePowerControl.K2, activePowerControl.K3, activePowerControl.K5, activePowerControl.Qcmdn2, activePowerControl.add, activePowerControl.add1, activePowerControl.add2, activePowerControl.const, activePowerControl.division, activePowerControl.feedback, activePowerControl.imGain, activePowerControl.imLimited, activePowerControl.imLimited_max, activePowerControl.imLimited_min, pf_Controller1.K0, pf_Controller1.Qcmdn1, pf_Controller1.VAR2, pf_Controller1.tan1, reactivePowerControl.K, reactivePowerControl.K1, reactivePowerControl.K10, reactivePowerControl.K4, reactivePowerControl.K8, reactivePowerControl.Qord1, reactivePowerControl.VARL, reactivePowerControl.XC, reactivePowerControl.add3, reactivePowerControl.add4, reactivePowerControl.add5, reactivePowerControl.portion"", ""note"": ""this connector belongs to the model itself, not to a component inside it: the model is an interface compiled on its own, so the node is open on one side. Nothing forces its flow, which is why a structural matching reports an unmatched unknown here. Not a defect in the model""}",/data/mrumoca/eval/results_v3/openipsl/runtime_free.jsonl
openipsl,runtime-v3,OpenIPSL.Electrical.Wind.PSSE.WT3G.WT3E1,1,network-observation-incomplete,info,True,execution-not-completed,"{""reason"": ""missing or unsynchronized connector member observations"", ""note"": ""coverage gap, not a model defect""}",/data/mrumoca/eval/results_v3/openipsl/runtime_free.jsonl
openipsl,runtime-v3,OpenIPSL.Electrical.Wind.PSSE.WT3G.WT3E1,2,initialization-failure,high,True,execution-not-completed,"{""failure_kind"": ""unknown"", ""reason"": ""0=0, WIPCMD0=0 Simulating OpenIPSL.Electrical.Wind.PSSE.WT3G.WT3E1 to t=1 with 128 trace point(s)... \u001b[31m\u001b[0m simulation failed: parameter `Vref` has neither a binding nor an initial \u001b[31m\u2502\u001b[0m value"", ""raw"": ""reading /tmp/tmpbj5xk543/traced.rbc (bitcode v2, cbor) holding 6 free input(s) constant at their start values: PELEC=0, VTERM=0, Qelec=0, ITERM=0, WEQCMD0=0, WIPCMD0=0 Simulating OpenIPSL.Electrical.Wind.PSSE.WT3G.WT3E1 to t=1 with 128 trace point(s)... \u001b[31m\u001b[0m simulation failed: parameter `Vref` has neither a binding nor an initial \u001b[31m\u2502\u001b[0m value"", ""tool_side"": false}",/data/mrumoca/eval/results_v3/openipsl/runtime_free.jsonl
openipsl,runtime-v3,OpenIPSL.Electrical.Wind.PSSE.WT4G.WT4E1.windControlEmulator,0,network-boundary-port,low,True,execution-not-completed,"{""node"": ""K -- K8 -- K8_extra -- Q_ord -- Qord1 -- VARL -- VARL1 -- V_REG -- add3 -- add4 -- booleanConstant -- integrator -- switch1"", ""boundary_connectors"": ""K, K8, K8_extra, Q_ord, Qord1, VARL, VARL1, V_REG, add3, add4, booleanConstant, integrator, switch1"", ""wired_to"": ""nothing"", ""note"": ""this connector belongs to the model itself, not to a component inside it: the model is an interface compiled on its own, so the node is open on one side. Nothing forces its flow, which is why a structural matching reports an unmatched unknown here. Not a defect in the model""}",/data/mrumoca/eval/results_v3/openipsl/runtime_free.jsonl
openipsl,runtime-v3,OpenIPSL.Electrical.Wind.PSSE.WT4G.WT4E1.windControlEmulator,1,network-observation-incomplete,info,True,execution-not-completed,"{""reason"": ""missing or unsynchronized connector member observations"", ""note"": ""coverage gap, not a model defect""}",/data/mrumoca/eval/results_v3/openipsl/runtime_free.jsonl
openipsl,runtime-v3,OpenIPSL.Electrical.Wind.PSSE.WT4G.WT4E1.windControlEmulator,2,initialization-failure,high,True,execution-not-completed,"{""failure_kind"": ""unknown"", ""reason"": ""mulating OpenIPSL.Electrical.Wind.PSSE.WT4G.WT4E1.windControlEmulator to t=1 with 34 trace point(s)... \u001b[31m\u001b[0m simulation failed: parameter `k0` has neither a binding nor an initial \u001b[31m\u2502\u001b[0m value"", ""raw"": ""reading /tmp/tmppx0ro2ib/traced.rbc (bitcode v2, cbor) holding 1 free input(s) constant at their start values: V_REG=0 Simulating OpenIPSL.Electrical.Wind.PSSE.WT4G.WT4E1.windControlEmulator to t=1 with 34 trace point(s)... \u001b[31m\u001b[0m simulation failed: parameter `k0` has neither a binding nor an initial \u001b[31m\u2502\u001b[0m value"", ""tool_side"": false}",/data/mrumoca/eval/results_v3/openipsl/runtime_free.jsonl
openipsl,runtime-v3,OpenIPSL.Examples.NamsskoganGrid.StaticCondenser,0,network-port-unconnected,low,False,execution-not-completed,"{""connector"": ""p"", ""component"": ""<top level>"", ""component_class"": ""unknown"", ""flows_forced_to_zero"": ""p.ir, p.ii"", ""note"": ""nothing is connected to this port, so MLS \u00a79.2 forces its flow to zero. That is correct for a component compiled on its own and is not a defect; it is recorded because it is the commonest reason a model looks structurally singular""}",/data/mrumoca/eval/results_v3/openipsl/runtime_free.jsonl
openipsl,runtime-v3,OpenIPSL.Examples.NamsskoganGrid.StaticCondenser,1,network-component-isolated,low,False,execution-not-completed,"{""component"": ""<top level>"", ""component_class"": ""unknown"", ""ports"": ""p"", ""note"": ""every port of this instance is unconnected, so it exchanges nothing with the rest of the model while still contributing its equations""}",/data/mrumoca/eval/results_v3/openipsl/runtime_free.jsonl
openipsl,runtime-v3,OpenIPSL.Examples.NamsskoganGrid.StaticCondenser,2,network-observation-incomplete,info,False,execution-not-completed,"{""reason"": ""missing or unsynchronized connector member observations"", ""note"": ""coverage gap, not a model defect""}",/data/mrumoca/eval/results_v3/openipsl/runtime_free.jsonl
openipsl,runtime-v3,OpenIPSL.Examples.NamsskoganGrid.StaticCondenser,3,initialization-failure,high,False,execution-not-completed,"{""failure_kind"": ""unknown"", ""reason"": ""rbc (bitcode v2, cbor) Simulating OpenIPSL.Examples.NamsskoganGrid.StaticCondenser to t=1 with 7 trace point(s)... \u001b[31m\u001b[0m simulation failed: parameter `B` has neither a binding nor an initial value"", ""raw"": ""reading /tmp/tmpsos6gnx8/traced.rbc (bitcode v2, cbor) Simulating OpenIPSL.Examples.NamsskoganGrid.StaticCondenser to t=1 with 7 trace point(s)... \u001b[31m\u001b[0m simulation failed: parameter `B` has neither a binding nor an initial value"", ""tool_side"": false}",/data/mrumoca/eval/results_v3/openipsl/runtime_free.jsonl
openipsl,runtime-v3,OpenIPSL.Examples.OpenCPS.Controls.FREQ_CALC,0,network-boundary-port,low,True,execution-not-completed,"{""node"": ""ANGLE -- add -- const1 -- d_FREQ -- derivative -- firstOrder -- gain"", ""boundary_connectors"": ""ANGLE, add, const1, d_FREQ, derivative, firstOrder, gain"", ""wired_to"": ""nothing"", ""note"": ""this connector belongs to the model itself, not to a component inside it: the model is an interface compiled on its own, so the node is open on one side. Nothing forces its flow, which is why a structural matching reports an unmatched unknown here. Not a defect in the model""}",/data/mrumoca/eval/results_v3/openipsl/runtime_free.jsonl
openipsl,runtime-v3,OpenIPSL.Examples.OpenCPS.Controls.FREQ_CALC,1,network-observation-incomplete,info,True,execution-not-completed,"{""reason"": ""missing or unsynchronized connector member observations"", ""note"": ""coverage gap, not a model defect""}",/data/mrumoca/eval/results_v3/openipsl/runtime_free.jsonl
openipsl,runtime-v3,OpenIPSL.Examples.OpenCPS.Controls.FREQ_CALC,2,initialization-failure,high,True,execution-not-completed,"{""failure_kind"": ""unknown"", ""reason"": ""ues: ANGLE=0 Simulating OpenIPSL.Examples.OpenCPS.Controls.FREQ_CALC to t=1 with 13 trace point(s)... \u001b[31m\u001b[0m simulation failed: parameter `T_w` has neither a binding nor an initial \u001b[31m\u2502\u001b[0m value"", ""raw"": ""reading /tmp/tmpcwdxj0vm/traced.rbc (bitcode v2, cbor) holding 1 free input(s) constant at their start values: ANGLE=0 Simulating OpenIPSL.Examples.OpenCPS.Controls.FREQ_CALC to t=1 with 13 trace point(s)... \u001b[31m\u001b[0m simulation failed: parameter `T_w` has neither a binding nor an initial \u001b[31m\u2502\u001b[0m value"", ""tool_side"": false}",/data/mrumoca/eval/results_v3/openipsl/runtime_free.jsonl
openipsl,runtime-v3,OpenIPSL.Examples.OpenCPS.Controls.LimitCheck,0,network-boundary-port,low,True,hold-input-contract-validation,"{""node"": ""START -- and1 -- greaterEqualThreshold -- greaterEqualThreshold1 -- lessEqualThreshold -- pre1 -- timer -- u"", ""boundary_connectors"": ""START, and1, greaterEqualThreshold, greaterEqualThreshold1, lessEqualThreshold, pre1, timer, u"", ""wired_to"": ""nothing"", ""note"": ""this connector belongs to the model itself, not to a component inside it: the model is an interface compiled on its own, so the node is open on one side. Nothing forces its flow, which is why a structural matching reports an unmatched unknown here. Not a defect in the model""}",/data/mrumoca/eval/results_v3/openipsl/runtime_free.jsonl
openipsl,runtime-v3,OpenIPSL.Examples.OpenCPS.Controls.ANGLE_CTRL,0,network-boundary-port,low,True,hold-input-contract-validation,"{""node"": ""TRIGGER -- add1 -- booleanConstant -- booleanStep2 -- const -- fi_DN -- fi_IB -- integrator -- rSFlipFlop -- rSFlipFlop.nor -- rSFlipFlop.nor1 -- rSFlipFlop.pre -- switch1 -- xor -- y"", ""boundary_connectors"": ""TRIGGER, add1, booleanConstant, booleanStep2, const, fi_DN, fi_IB, integrator, rSFlipFlop, switch1, xor, y"", ""wired_to"": ""rSFlipFlop.nor, rSFlipFlop.nor1, rSFlipFlop.pre"", ""note"": ""this connector belongs to the model itself, not to a component inside it: the model is an interface compiled on its own, so the node is open on one side. Nothing forces its flow, which is why a structural matching reports an unmatched unknown here. Not a defect in the model""}",/data/mrumoca/eval/results_v3/openipsl/runtime_free.jsonl
openipsl,runtime-v3,OpenIPSL.Examples.OpenCPS.Controls.VOLT_CTRL,0,network-boundary-port,low,True,hold-input-contract-validation,"{""node"": ""add -- add1 -- booleanStep -- const1 -- gain -- integrator -- switch1 -- u1 -- u2 -- y"", ""boundary_connectors"": ""add, add1, booleanStep, const1, gain, integrator, switch1, u1, u2, y"", ""wired_to"": ""nothing"", ""note"": ""this connector belongs to the model itself, not to a component inside it: the model is an interface compiled on its own, so the node is open on one side. Nothing forces its flow, which is why a structural matching reports an unmatched unknown here. Not a defect in the model""}",/data/mrumoca/eval/results_v3/openipsl/runtime_free.jsonl
openipsl,runtime-v3,OpenIPSL.NonElectrical.Continuous.PID_No_Windup,0,network-boundary-port,low,True,execution-not-completed,"{""node"": ""add -- derivative -- derivative_add -- gain1 -- gain2 -- integral -- limiter -- proportional -- reset_switch -- u -- y -- zero"", ""boundary_connectors"": ""add, derivative, derivative_add, gain1, gain2, integral, limiter, proportional, reset_switch, u, y, zero"", ""wired_to"": ""nothing"", ""note"": ""this connector belongs to the model itself, not to a component inside it: the model is an interface compiled on its own, so the node is open on one side. Nothing forces its flow, which is why a structural matching reports an unmatched unknown here. Not a defect in the model""}",/data/mrumoca/eval/results_v3/openipsl/runtime_free.jsonl
openipsl,runtime-v3,OpenIPSL.NonElectrical.Continuous.PID_No_Windup,1,network-observation-incomplete,info,True,execution-not-completed,"{""reason"": ""missing or unsynchronized connector member observations"", ""note"": ""coverage gap, not a model defect""}",/data/mrumoca/eval/results_v3/openipsl/runtime_free.jsonl
openipsl,runtime-v3,OpenIPSL.NonElectrical.Continuous.PID_No_Windup,2,initialization-failure,high,True,execution-not-completed,"{""failure_kind"": ""unknown"", ""reason"": ""lues: u=0 Simulating OpenIPSL.NonElectrical.Continuous.PID_No_Windup to t=1 with 29 trace point(s)... \u001b[31m\u001b[0m simulation failed: parameter `K_P` has neither a binding nor an initial \u001b[31m\u2502\u001b[0m value"", ""raw"": ""reading /tmp/tmpdozpq9ac/traced.rbc (bitcode v2, cbor) holding 1 free input(s) constant at their start values: u=0 Simulating OpenIPSL.NonElectrical.Continuous.PID_No_Windup to t=1 with 29 trace point(s)... \u001b[31m\u001b[0m simulation failed: parameter `K_P` has neither a binding nor an initial \u001b[31m\u2502\u001b[0m value"", ""tool_side"": false}",/data/mrumoca/eval/results_v3/openipsl/runtime_free.jsonl
openipsl,runtime-v3,OpenIPSL.NonElectrical.Continuous.LeadLagLim,0,network-boundary-port,low,True,execution-not-completed,"{""node"": ""add2 -- add3 -- gain -- gain1 -- integrator -- limiter -- u -- y"", ""boundary_connectors"": ""add2, add3, gain, gain1, integrator, limiter, u, y"", ""wired_to"": ""nothing"", ""note"": ""this connector belongs to the model itself, not to a component inside it: the model is an interface compiled on its own, so the node is open on one side. Nothing forces its flow, which is why a structural matching reports an unmatched unknown here. Not a defect in the model""}",/data/mrumoca/eval/results_v3/openipsl/runtime_free.jsonl
openipsl,runtime-v3,OpenIPSL.NonElectrical.Continuous.LeadLagLim,1,network-observation-incomplete,info,True,execution-not-completed,"{""reason"": ""missing or unsynchronized connector member observations"", ""note"": ""coverage gap, not a model defect""}",/data/mrumoca/eval/results_v3/openipsl/runtime_free.jsonl
openipsl,runtime-v3,OpenIPSL.NonElectrical.Continuous.LeadLagLim,2,initialization-failure,high,True,execution-not-completed,"{""failure_kind"": ""unknown"", ""reason"": ""t values: u=0 Simulating OpenIPSL.NonElectrical.Continuous.LeadLagLim to t=1 with 19 trace point(s)... \u001b[31m\u001b[0m simulation failed: parameter `T1` has neither a binding nor an initial \u001b[31m\u2502\u001b[0m value"", ""raw"": ""reading /tmp/tmp240dyk72/traced.rbc (bitcode v2, cbor) holding 1 free input(s) constant at their start values: u=0 Simulating OpenIPSL.NonElectrical.Continuous.LeadLagLim to t=1 with 19 trace point(s)... \u001b[31m\u001b[0m simulation failed: parameter `T1` has neither a binding nor an initial \u001b[31m\u2502\u001b[0m value"", ""tool_side"": false}",/data/mrumoca/eval/results_v3/openipsl/runtime_free.jsonl
openipsl,runtime-v3,OpenIPSL.NonElectrical.Continuous.LeadLag,0,network-boundary-port,low,True,execution-not-completed,"{""node"": ""TF -- u"", ""boundary_connectors"": ""TF, u"", ""wired_to"": ""nothing"", ""note"": ""this connector belongs to the model itself, not to a component inside it: the model is an interface compiled on its own, so the node is open on one side. Nothing forces its flow, which is why a structural matching reports an unmatched unknown here. Not a defect in the model""}",/data/mrumoca/eval/results_v3/openipsl/runtime_free.jsonl
openipsl,runtime-v3,OpenIPSL.NonElectrical.Continuous.LeadLag,1,network-observation-incomplete,info,True,execution-not-completed,"{""reason"": ""missing or unsynchronized connector member observations"", ""note"": ""coverage gap, not a model defect""}",/data/mrumoca/eval/results_v3/openipsl/runtime_free.jsonl
openipsl,runtime-v3,OpenIPSL.NonElectrical.Continuous.LeadLag,2,initialization-failure,high,True,execution-not-completed,"{""failure_kind"": ""unknown"", ""reason"": ""start values: u=0 Simulating OpenIPSL.NonElectrical.Continuous.LeadLag to t=1 with 8 trace point(s)... \u001b[31m\u001b[0m simulation failed: parameter `T1` has neither a binding nor an initial \u001b[31m\u2502\u001b[0m value"", ""raw"": ""reading /tmp/tmpipbo9ocr/traced.rbc (bitcode v2, cbor) holding 1 free input(s) constant at their start values: u=0 Simulating OpenIPSL.NonElectrical.Continuous.LeadLag to t=1 with 8 trace point(s)... \u001b[31m\u001b[0m simulation failed: parameter `T1` has neither a binding nor an initial \u001b[31m\u2502\u001b[0m value"", ""tool_side"": false}",/data/mrumoca/eval/results_v3/openipsl/runtime_free.jsonl
openipsl,runtime-v3,OpenIPSL.NonElectrical.Continuous.DerivativeLag,0,network-boundary-port,low,True,execution-not-completed,"{""node"": ""TF -- u"", ""boundary_connectors"": ""TF, u"", ""wired_to"": ""nothing"", ""note"": ""this connector belongs to the model itself, not to a component inside it: the model is an interface compiled on its own, so the node is open on one side. Nothing forces its flow, which is why a structural matching reports an unmatched unknown here. Not a defect in the model""}",/data/mrumoca/eval/results_v3/openipsl/runtime_free.jsonl
openipsl,runtime-v3,OpenIPSL.NonElectrical.Continuous.DerivativeLag,1,network-observation-incomplete,info,True,execution-not-completed,"{""reason"": ""missing or unsynchronized connector member observations"", ""note"": ""coverage gap, not a model defect""}",/data/mrumoca/eval/results_v3/openipsl/runtime_free.jsonl
openipsl,runtime-v3,OpenIPSL.NonElectrical.Continuous.DerivativeLag,2,initialization-failure,high,True,execution-not-completed,"{""failure_kind"": ""unknown"", ""reason"": ""their start values: u=0 Simulating OpenIPSL.NonElectrical.Continuous.DerivativeLag to t=1 with 7 trace point(s)... \u001b[31m\u001b[0m simulation failed: parameter `T` has neither a binding nor an initial value"", ""raw"": ""reading /tmp/tmpp6vghmxm/traced.rbc (bitcode v2, cbor) holding 1 free input(s) constant at their start values: u=0 Simulating OpenIPSL.NonElectrical.Continuous.DerivativeLag to t=1 with 7 trace point(s)... \u001b[31m\u001b[0m simulation failed: parameter `T` has neither a binding nor an initial value"", ""tool_side"": false}",/data/mrumoca/eval/results_v3/openipsl/runtime_free.jsonl
openipsl,runtime-v3,OpenIPSL.NonElectrical.Continuous.PI_No_Windup,0,network-boundary-port,low,True,execution-not-completed,"{""node"": ""add -- integral -- limiter -- proportional -- reset_switch -- u -- y -- zero"", ""boundary_connectors"": ""add, integral, limiter, proportional, reset_switch, u, y, zero"", ""wired_to"": ""nothing"", ""note"": ""this connector belongs to the model itself, not to a component inside it: the model is an interface compiled on its own, so the node is open on one side. Nothing forces its flow, which is why a structural matching reports an unmatched unknown here. Not a defect in the model""}",/data/mrumoca/eval/results_v3/openipsl/runtime_free.jsonl
openipsl,runtime-v3,OpenIPSL.NonElectrical.Continuous.PI_No_Windup,1,network-observation-incomplete,info,True,execution-not-completed,"{""reason"": ""missing or unsynchronized connector member observations"", ""note"": ""coverage gap, not a model defect""}",/data/mrumoca/eval/results_v3/openipsl/runtime_free.jsonl
openipsl,runtime-v3,OpenIPSL.NonElectrical.Continuous.PI_No_Windup,2,initialization-failure,high,True,execution-not-completed,"{""failure_kind"": ""unknown"", ""reason"": ""alues: u=0 Simulating OpenIPSL.NonElectrical.Continuous.PI_No_Windup to t=1 with 18 trace point(s)... \u001b[31m\u001b[0m simulation failed: parameter `K_P` has neither a binding nor an initial \u001b[31m\u2502\u001b[0m value"", ""raw"": ""reading /tmp/tmpi769qtn_/traced.rbc (bitcode v2, cbor) holding 1 free input(s) constant at their start values: u=0 Simulating OpenIPSL.NonElectrical.Continuous.PI_No_Windup to t=1 with 18 trace point(s)... \u001b[31m\u001b[0m simulation failed: parameter `K_P` has neither a binding nor an initial \u001b[31m\u2502\u001b[0m value"", ""tool_side"": false}",/data/mrumoca/eval/results_v3/openipsl/runtime_free.jsonl
openipsl,runtime-v3,OpenIPSL.NonElectrical.Continuous.SimpleLag,0,initialization-failure,high,True,execution-not-completed,"{""failure_kind"": ""unknown"", ""reason"": "" at their start values: u=0 Simulating OpenIPSL.NonElectrical.Continuous.SimpleLag to t=1 with 4 trace point(s)... \u001b[31m\u001b[0m simulation failed: parameter `T` has neither a binding nor an initial value"", ""raw"": ""reading /tmp/tmpd4nuzprx/traced.rbc (bitcode v2, cbor) holding 1 free input(s) constant at their start values: u=0 Simulating OpenIPSL.NonElectrical.Continuous.SimpleLag to t=1 with 4 trace point(s)... \u001b[31m\u001b[0m simulation failed: parameter `T` has neither a binding nor an initial value"", ""tool_side"": false}",/data/mrumoca/eval/results_v3/openipsl/runtime_free.jsonl
openipsl,runtime-v3,OpenIPSL.NonElectrical.Continuous.RampTrackingFilter,0,network-boundary-port,low,True,execution-not-completed,"{""node"": ""TF1[1] -- TF1[2] -- TF1[3] -- TF1[4] -- TF1[5] -- TF2[1] -- u -- y"", ""boundary_connectors"": ""TF1[1], TF1[2], TF1[3], TF1[4], TF1[5], TF2[1], u, y"", ""wired_to"": ""nothing"", ""note"": ""this connector belongs to the model itself, not to a component inside it: the model is an interface compiled on its own, so the node is open on one side. Nothing forces its flow, which is why a structural matching reports an unmatched unknown here. Not a defect in the model""}",/data/mrumoca/eval/results_v3/openipsl/runtime_free.jsonl
openipsl,runtime-v3,OpenIPSL.NonElectrical.Continuous.RampTrackingFilter,1,network-observation-incomplete,info,True,execution-not-completed,"{""reason"": ""missing or unsynchronized connector member observations"", ""note"": ""coverage gap, not a model defect""}",/data/mrumoca/eval/results_v3/openipsl/runtime_free.jsonl
openipsl,runtime-v3,OpenIPSL.NonElectrical.Continuous.RampTrackingFilter,2,simulation-failure,high,True,execution-not-completed,"{""failure_kind"": ""non-finite-value"", ""reason"": ""at their start values: u=0 Simulating OpenIPSL.NonElectrical.Continuous.RampTrackingFilter to t=1 with 26 trace point(s)... \u001b[31m\u001b[0m simulation failed: numeric evaluation produced a non-finite result"", ""raw"": ""reading /tmp/tmpdh0p9n2c/traced.rbc (bitcode v2, cbor) holding 1 free input(s) constant at their start values: u=0 Simulating OpenIPSL.NonElectrical.Continuous.RampTrackingFilter to t=1 with 26 trace point(s)... \u001b[31m\u001b[0m simulation failed: numeric evaluation produced a non-finite result"", ""tool_side"": false}",/data/mrumoca/eval/results_v3/openipsl/runtime_free.jsonl
openipsl,runtime-v3,OpenIPSL.NonElectrical.Continuous.SimpleLagLim,0,initialization-failure,high,True,execution-not-completed,"{""failure_kind"": ""unknown"", ""reason"": "" their start values: u=0 Simulating OpenIPSL.NonElectrical.Continuous.SimpleLagLim to t=1 with 4 trace point(s)... \u001b[31m\u001b[0m simulation failed: parameter `T` has neither a binding nor an initial value"", ""raw"": ""reading /tmp/tmp3l1pjaak/traced.rbc (bitcode v2, cbor) holding 1 free input(s) constant at their start values: u=0 Simulating OpenIPSL.NonElectrical.Continuous.SimpleLagLim to t=1 with 4 trace point(s)... \u001b[31m\u001b[0m simulation failed: parameter `T` has neither a binding nor an initial value"", ""tool_side"": false}",/data/mrumoca/eval/results_v3/openipsl/runtime_free.jsonl
openipsl,runtime-v3,OpenIPSL.NonElectrical.Continuous.SimpleLagLimVar,0,initialization-failure,high,True,execution-not-completed,"{""failure_kind"": ""unknown"", ""reason"": ""0, outMax=0, outMin=0 Simulating OpenIPSL.NonElectrical.Continuous.SimpleLagLimVar to t=1 with 6 trace point(s)... \u001b[31m\u001b[0m simulation failed: parameter `T` has neither a binding nor an initial value"", ""raw"": ""reading /tmp/tmp6ts28u4i/traced.rbc (bitcode v2, cbor) holding 3 free input(s) constant at their start values: u=0, outMax=0, outMin=0 Simulating OpenIPSL.NonElectrical.Continuous.SimpleLagLimVar to t=1 with 6 trace point(s)... \u001b[31m\u001b[0m simulation failed: parameter `T` has neither a binding nor an initial value"", ""tool_side"": false}",/data/mrumoca/eval/results_v3/openipsl/runtime_free.jsonl
openipsl,runtime-v3,OpenIPSL.NonElectrical.Continuous.SimpleLagRateLimVar,0,initialization-failure,high,True,execution-not-completed,"{""failure_kind"": ""unknown"", ""reason"": ""utMin=0, outMax=0 Simulating OpenIPSL.NonElectrical.Continuous.SimpleLagRateLimVar to t=1 with 6 trace point(s)... \u001b[31m\u001b[0m simulation failed: parameter `T` has neither a binding nor an initial value"", ""raw"": ""reading /tmp/tmp0dpzpmb5/traced.rbc (bitcode v2, cbor) holding 3 free input(s) constant at their start values: u=0, outMin=0, outMax=0 Simulating OpenIPSL.NonElectrical.Continuous.SimpleLagRateLimVar to t=1 with 6 trace point(s)... \u001b[31m\u001b[0m simulation failed: parameter `T` has neither a binding nor an initial value"", ""tool_side"": false}",/data/mrumoca/eval/results_v3/openipsl/runtime_free.jsonl
openipsl,runtime-v3,OpenIPSL.NonElectrical.Continuous.SimpleLagRateLimBlock,0,initialization-failure,high,True,execution-not-completed,"{""failure_kind"": ""unknown"", ""reason"": ""s: u=0, Block=0 Simulating OpenIPSL.NonElectrical.Continuous.SimpleLagRateLimBlock to t=1 with 5 trace point(s)... \u001b[31m\u001b[0m simulation failed: parameter `T` has neither a binding nor an initial value"", ""raw"": ""reading /tmp/tmp8cdg5jlp/traced.rbc (bitcode v2, cbor) holding 2 free input(s) constant at their start values: u=0, Block=0 Simulating OpenIPSL.NonElectrical.Continuous.SimpleLagRateLimBlock to t=1 with 5 trace point(s)... \u001b[31m\u001b[0m simulation failed: parameter `T` has neither a binding nor an initial value"", ""tool_side"": false}",/data/mrumoca/eval/results_v3/openipsl/runtime_free.jsonl
openipsl,runtime-v3,OpenIPSL.NonElectrical.Functions.ImSE_exp,0,simulation-failure,high,True,execution-not-completed,"{""failure_kind"": ""non-finite-value"", ""reason"": ""ce point(s)... \u001b[31m\u001b[0m simulation failed: non-finite (NaN) value computed for `VE_OUT` @ Span \u001b[31m\u2502\u001b[0m { source: SourceId(17162643479109557049), start: BytePos(301), end: \u001b[31m\u2502\u001b[0m BytePos(345) }"", ""raw"": ""reading /tmp/tmpa9i4ap7i/traced.rbc (bitcode v2, cbor) holding 1 free input(s) constant at their start values: VE_IN=0 Simulating OpenIPSL.NonElectrical.Functions.ImSE_exp to t=1 with 2 trace point(s)... \u001b[31m\u001b[0m simulation failed: non-finite (NaN) value computed for `VE_OUT` @ Span \u001b[31m\u2502\u001b[0m { source: SourceId(17162643479109557049), start: BytePos(301), end: \u001b[31m\u2502\u001b[0m BytePos(345) }"", ""tool_side"": false}",/data/mrumoca/eval/results_v3/openipsl/runtime_free.jsonl
openipsl,runtime-v3,OpenIPSL.NonElectrical.Logical.Switch_VOEL,0,extreme-magnitude,medium,True,hold-input-contract-validation,"{""variable"": ""y2"", ""value"": 1.7976931348623157e+308, ""anchor_quality"": ""canonical""}",/data/mrumoca/eval/results_v3/openipsl/runtime_free.jsonl
openipsl,runtime-v3,OpenIPSL.NonElectrical.Logical.Relay,0,network-boundary-port,low,True,hold-input-contract-validation,"{""node"": ""greaterThreshold -- switch -- u1 -- u2 -- u3 -- y"", ""boundary_connectors"": ""greaterThreshold, switch, u1, u2, u3, y"", ""wired_to"": ""nothing"", ""note"": ""this connector belongs to the model itself, not to a component inside it: the model is an interface compiled on its own, so the node is open on one side. Nothing forces its flow, which is why a structural matching reports an unmatched unknown here. Not a defect in the model""}",/data/mrumoca/eval/results_v3/openipsl/runtime_free.jsonl
openipsl,runtime-v3,OpenIPSL.NonElectrical.Logical.Switch_VUEL,0,extreme-magnitude,medium,True,hold-input-contract-validation,"{""variable"": ""y2"", ""value"": -1.7976931348623157e+308, ""anchor_quality"": ""canonical""}",/data/mrumoca/eval/results_v3/openipsl/runtime_free.jsonl
openipsl,runtime-v3,OpenIPSL.NonElectrical.Logical.Relay3,0,network-boundary-port,low,True,hold-input-contract-validation,"{""node"": ""greaterThreshold -- lessThreshold -- switch_u3 -- switch_u4 -- u1 -- u2 -- u3 -- u4 -- y"", ""boundary_connectors"": ""greaterThreshold, lessThreshold, switch_u3, switch_u4, u1, u2, u3, u4, y"", ""wired_to"": ""nothing"", ""note"": ""this connector belongs to the model itself, not to a component inside it: the model is an interface compiled on its own, so the node is open on one side. Nothing forces its flow, which is why a structural matching reports an unmatched unknown here. Not a defect in the model""}",/data/mrumoca/eval/results_v3/openipsl/runtime_free.jsonl
openipsl,runtime-v3,OpenIPSL.NonElectrical.Nonlinear.FrequencyCalc,0,network-boundary-port,low,True,execution-not-completed,"{""node"": ""ImagXderReal -- RealXderImag -- derOfImag -- derOfReal -- diff -- division -- imag2 -- imag_part -- real2 -- real_part -- sum -- y"", ""boundary_connectors"": ""ImagXderReal, RealXderImag, derOfImag, derOfReal, diff, division, imag2, imag_part, real2, real_part, sum, y"", ""wired_to"": ""nothing"", ""note"": ""this connector belongs to the model itself, not to a component inside it: the model is an interface compiled on its own, so the node is open on one side. Nothing forces its flow, which is why a structural matching reports an unmatched unknown here. Not a defect in the model""}",/data/mrumoca/eval/results_v3/openipsl/runtime_free.jsonl
openipsl,runtime-v3,OpenIPSL.NonElectrical.Nonlinear.FrequencyCalc,1,network-observation-incomplete,info,True,execution-not-completed,"{""reason"": ""missing or unsynchronized connector member observations"", ""note"": ""coverage gap, not a model defect""}",/data/mrumoca/eval/results_v3/openipsl/runtime_free.jsonl
openipsl,runtime-v3,OpenIPSL.NonElectrical.Nonlinear.FrequencyCalc,2,initialization-failure,high,True,execution-not-completed,"{""failure_kind"": ""singular-system"", ""reason"": ""nlinear.FrequencyCalc to t=1 with 28 trace point(s)... \u001b[31m\u001b[0m simulation failed: DAE structural proof failed: structurally singular \u001b[31m\u2502\u001b[0m system: 24 matched out of 26 equations and 26 unknowns"", ""raw"": ""reading /tmp/tmpgqd0vote/traced.rbc (bitcode v2, cbor) holding 2 free input(s) constant at their start values: real_part=0, imag_part=0 Simulating OpenIPSL.NonElectrical.Nonlinear.FrequencyCalc to t=1 with 28 trace point(s)... \u001b[31m\u001b[0m simulation failed: DAE structural proof failed: structurally singular \u001b[31m\u2502\u001b[0m system: 24 matched out of 26 equations and 26 unknowns"", ""tool_side"": false}",/data/mrumoca/eval/results_v3/openipsl/runtime_free.jsonl
openipsl,runtime-v3,OpenIPSL.Tests.GFCs.GFMs.BasicComponents.LPFilt,0,network-boundary-port,low,False,standalone-topology-not-defect-proof,"{""node"": ""lowPassFilter -- lowPassFilter.lfp -- step"", ""boundary_connectors"": ""lowPassFilter, step"", ""wired_to"": ""lowPassFilter.lfp"", ""note"": ""this connector belongs to the model itself, not to a component inside it: the model is an interface compiled on its own, so the node is open on one side. Nothing forces its flow, which is why a structural matching reports an unmatched unknown here. Not a defect in the model""}",/data/mrumoca/eval/results_v3/openipsl/runtime_free.jsonl
openipsl,runtime-v3,OpenIPSL.Tests.GFCs.GFMs.BasicComponents.PFdrpScheme,0,network-boundary-port,low,False,standalone-topology-not-defect-proof,"{""node"": ""Edelta0 -- Pref -- delta_droop -- omega_droop -- p_f_droop_scheme_nolims -- p_f_droop_scheme_nolims.Pfilt -- p_f_droop_scheme_nolims.Pfilt.lfp -- p_f_droop_scheme_nolims.Plimsig -- p_f_droop_scheme_nolims.pfdroop -- p_f_droop_scheme_nolims.pfdroop.DP -- p_f_droop_scheme_nolims.pfdroop.add -- p_f_droop_scheme_nolims.pfdroop.integrator -- p_f_droop_scheme_nolims.pfdroop.mpGain -- p_f_droop_scheme_nolims.pfdroop.omega0val -- p_f_droop_scheme_nolims.pfdroop.sum_Plim -- p_f_droop_scheme_nolims.pfdroop.w0Gain -- step"", ""boundary_connectors"": ""Edelta0, Pref, delta_droop, omega_droop, p_f_droop_scheme_nolims, step"", ""wired_to"": ""p_f_droop_scheme_nolims.Pfilt, p_f_droop_scheme_nolims.Pfilt.lfp, p_f_droop_scheme_nolims.Plimsig, p_f_droop_scheme_nolims.pfdroop, p_f_droop_scheme_nolims.pfdroop.DP, p_f_droop_scheme_nolims.pfdroop.add, p_f_droop_scheme_nolims.pfdroop.integrator, p_f_droop_scheme_nolims.pfdroop.mpGain, p_f_droop_scheme_nolims.pfdroop.omega0val, p_f_droop_scheme_nolims.pfdroop.sum_Plim, p_f_droop_scheme_nolims.pfdroop.w0Gain"", ""note"": ""this connector belongs to the model itself, not to a component inside it: the model is an interface compiled on its own, so the node is open on one side. Nothing forces its flow, which is why a structural matching reports an unmatched unknown here. Not a defect in the model""}",/data/mrumoca/eval/results_v3/openipsl/runtime_free.jsonl
openipsl,runtime-v3,OpenIPSL.Tests.GFCs.GFMs.BasicComponents.Pfbasic,0,network-boundary-port,low,False,standalone-topology-not-defect-proof,"{""node"": ""Plimin -- Plimin1 -- Pref -- delta_droop -- lowPassFilter -- lowPassFilter.lfp -- omega_droop -- pfbasic -- pfbasic.DP -- pfbasic.add -- pfbasic.integrator -- pfbasic.mpGain -- pfbasic.omega0val -- pfbasic.sum_Plim -- pfbasic.w0Gain -- step"", ""boundary_connectors"": ""Plimin, Plimin1, Pref, delta_droop, lowPassFilter, omega_droop, pfbasic, step"", ""wired_to"": ""lowPassFilter.lfp, pfbasic.DP, pfbasic.add, pfbasic.integrator, pfbasic.mpGain, pfbasic.omega0val, pfbasic.sum_Plim, pfbasic.w0Gain"", ""note"": ""this connector belongs to the model itself, not to a component inside it: the model is an interface compiled on its own, so the node is open on one side. Nothing forces its flow, which is why a structural matching reports an unmatched unknown here. Not a defect in the model""}",/data/mrumoca/eval/results_v3/openipsl/runtime_free.jsonl
openipsl,runtime-v3,OpenIPSL.Tests.GFCs.GFMs.BasicComponents.QVqvflag0vflag0,0,network-boundary-port,low,False,standalone-topology-not-defect-proof,"{""node"": ""E0 -- Edroop -- Q0 -- Qmeas -- V0 -- Vstep -- firstOrder -- q_v_droop_scheme -- q_v_droop_scheme.Elims -- q_v_droop_scheme.ElimsPID -- q_v_droop_scheme.QVFlag_switch -- q_v_droop_scheme.QVFlag_val -- q_v_droop_scheme.Qfilt -- q_v_droop_scheme.Qfilt.lfp -- q_v_droop_scheme.Qlimsig -- q_v_droop_scheme.Qref0 -- q_v_droop_scheme.VFlag_switch -- q_v_droop_scheme.VFlag_val -- q_v_droop_scheme.Vfilt -- q_v_droop_scheme.Vfilt.lfp -- q_v_droop_scheme.kivInt -- q_v_droop_scheme.kpvGain -- q_v_droop_scheme.qv_drp1 -- q_v_droop_scheme.qv_drp1.feedback -- q_v_droop_scheme.qv_drp1.mqGain -- q_v_droop_scheme.qv_drp1.sum_Vref_Qlim_DeltaQmq -- q_v_droop_scheme.sum_PI -- q_v_droop_scheme.sum_Vcmd_Vinv"", ""boundary_connectors"": ""E0, Edroop, Q0, Qmeas, V0, Vstep, firstOrder, q_v_droop_scheme"", ""wired_to"": ""q_v_droop_scheme.Elims, q_v_droop_scheme.ElimsPID, q_v_droop_scheme.QVFlag_switch, q_v_droop_scheme.QVFlag_val, q_v_droop_scheme.Qfilt, q_v_droop_scheme.Qfilt.lfp, q_v_droop_scheme.Qlimsig, q_v_droop_scheme.Qref0, q_v_droop_scheme.VFlag_switch, q_v_droop_scheme.VFlag_val, q_v_droop_scheme.Vfilt, q_v_droop_scheme.Vfilt.lfp, q_v_droop_scheme.kivInt, q_v_droop_scheme.kpvGain, q_v_droop_scheme.qv_drp1, q_v_droop_scheme.qv_drp1.feedback, q_v_droop_scheme.qv_drp1.mqGain, q_v_droop_scheme.qv_drp1.sum_Vref_Qlim_DeltaQmq, q_v_droop_scheme.sum_PI, q_v_droop_scheme.sum_Vcmd_Vinv"", ""note"": ""this connector belongs to the model itself, not to a component inside it: the model is an interface compiled on its own, so the node is open on one side. Nothing forces its flow, which is why a structural matching reports an unmatched unknown here. Not a defect in the model""}",/data/mrumoca/eval/results_v3/openipsl/runtime_free.jsonl
openipsl,runtime-v3,OpenIPSL.Tests.GFCs.GFMs.BasicComponents.QVqvflag0vflag1,0,network-boundary-port,low,False,standalone-topology-not-defect-proof,"{""node"": ""E0 -- Edroop -- Q0 -- Qmeas -- V0 -- Vstep -- firstOrder -- q_v_droop_scheme -- q_v_droop_scheme.Elims -- q_v_droop_scheme.ElimsPID -- q_v_droop_scheme.QVFlag_switch -- q_v_droop_scheme.QVFlag_val -- q_v_droop_scheme.Qfilt -- q_v_droop_scheme.Qfilt.lfp -- q_v_droop_scheme.Qlimsig -- q_v_droop_scheme.Qref0 -- q_v_droop_scheme.VFlag_switch -- q_v_droop_scheme.VFlag_val -- q_v_droop_scheme.Vfilt -- q_v_droop_scheme.Vfilt.lfp -- q_v_droop_scheme.kivInt -- q_v_droop_scheme.kpvGain -- q_v_droop_scheme.qv_drp1 -- q_v_droop_scheme.qv_drp1.feedback -- q_v_droop_scheme.qv_drp1.mqGain -- q_v_droop_scheme.qv_drp1.sum_Vref_Qlim_DeltaQmq -- q_v_droop_scheme.sum_PI -- q_v_droop_scheme.sum_Vcmd_Vinv"", ""boundary_connectors"": ""E0, Edroop, Q0, Qmeas, V0, Vstep, firstOrder, q_v_droop_scheme"", ""wired_to"": ""q_v_droop_scheme.Elims, q_v_droop_scheme.ElimsPID, q_v_droop_scheme.QVFlag_switch, q_v_droop_scheme.QVFlag_val, q_v_droop_scheme.Qfilt, q_v_droop_scheme.Qfilt.lfp, q_v_droop_scheme.Qlimsig, q_v_droop_scheme.Qref0, q_v_droop_scheme.VFlag_switch, q_v_droop_scheme.VFlag_val, q_v_droop_scheme.Vfilt, q_v_droop_scheme.Vfilt.lfp, q_v_droop_scheme.kivInt, q_v_droop_scheme.kpvGain, q_v_droop_scheme.qv_drp1, q_v_droop_scheme.qv_drp1.feedback, q_v_droop_scheme.qv_drp1.mqGain, q_v_droop_scheme.qv_drp1.sum_Vref_Qlim_DeltaQmq, q_v_droop_scheme.sum_PI, q_v_droop_scheme.sum_Vcmd_Vinv"", ""note"": ""this connector belongs to the model itself, not to a component inside it: the model is an interface compiled on its own, so the node is open on one side. Nothing forces its flow, which is why a structural matching reports an unmatched unknown here. Not a defect in the model""}",/data/mrumoca/eval/results_v3/openipsl/runtime_free.jsonl
openipsl,runtime-v3,OpenIPSL.Tests.GFCs.GFMs.BasicComponents.QVqvflag1vflag0,0,network-boundary-port,low,False,standalone-topology-not-defect-proof,"{""node"": ""E0 -- Edroop -- Q0 -- Qmeas -- V0 -- Vstep -- firstOrder -- q_v_droop_scheme -- q_v_droop_scheme.Elims -- q_v_droop_scheme.ElimsPID -- q_v_droop_scheme.QVFlag_switch -- q_v_droop_scheme.QVFlag_val -- q_v_droop_scheme.Qfilt -- q_v_droop_scheme.Qfilt.lfp -- q_v_droop_scheme.Qlimsig -- q_v_droop_scheme.Qref0 -- q_v_droop_scheme.VFlag_switch -- q_v_droop_scheme.VFlag_val -- q_v_droop_scheme.Vfilt -- q_v_droop_scheme.Vfilt.lfp -- q_v_droop_scheme.kivInt -- q_v_droop_scheme.kpvGain -- q_v_droop_scheme.qv_drp1 -- q_v_droop_scheme.qv_drp1.feedback -- q_v_droop_scheme.qv_drp1.mqGain -- q_v_droop_scheme.qv_drp1.sum_Vref_Qlim_DeltaQmq -- q_v_droop_scheme.sum_PI -- q_v_droop_scheme.sum_Vcmd_Vinv"", ""boundary_connectors"": ""E0, Edroop, Q0, Qmeas, V0, Vstep, firstOrder, q_v_droop_scheme"", ""wired_to"": ""q_v_droop_scheme.Elims, q_v_droop_scheme.ElimsPID, q_v_droop_scheme.QVFlag_switch, q_v_droop_scheme.QVFlag_val, q_v_droop_scheme.Qfilt, q_v_droop_scheme.Qfilt.lfp, q_v_droop_scheme.Qlimsig, q_v_droop_scheme.Qref0, q_v_droop_scheme.VFlag_switch, q_v_droop_scheme.VFlag_val, q_v_droop_scheme.Vfilt, q_v_droop_scheme.Vfilt.lfp, q_v_droop_scheme.kivInt, q_v_droop_scheme.kpvGain, q_v_droop_scheme.qv_drp1, q_v_droop_scheme.qv_drp1.feedback, q_v_droop_scheme.qv_drp1.mqGain, q_v_droop_scheme.qv_drp1.sum_Vref_Qlim_DeltaQmq, q_v_droop_scheme.sum_PI, q_v_droop_scheme.sum_Vcmd_Vinv"", ""note"": ""this connector belongs to the model itself, not to a component inside it: the model is an interface compiled on its own, so the node is open on one side. Nothing forces its flow, which is why a structural matching reports an unmatched unknown here. Not a defect in the model""}",/data/mrumoca/eval/results_v3/openipsl/runtime_free.jsonl
openipsl,runtime-v3,OpenIPSL.Tests.GFCs.GFMs.CurrentLimiter.VReVdrop,0,network-boundary-port,low,False,standalone-topology-not-defect-proof,"{""node"": ""Eang -- Emag -- R_e -- Vtdrop -- anglev -- virtualRe"", ""boundary_connectors"": ""Eang, Emag, R_e, Vtdrop, anglev, virtualRe"", ""wired_to"": ""nothing"", ""note"": ""this connector belongs to the model itself, not to a component inside it: the model is an interface compiled on its own, so the node is open on one side. Nothing forces its flow, which is why a structural matching reports an unmatched unknown here. Not a defect in the model""}",/data/mrumoca/eval/results_v3/openipsl/runtime_free.jsonl
openipsl,runtime-v3,OpenIPSL.Tests.GFCs.GFMs.CurrentLimiter.CurrentLimValueCalc,0,network-boundary-port,low,False,standalone-topology-not-defect-proof,"{""node"": ""Eang -- EangVal -- Emag -- EmagVal -- ImaxAng -- ImaxIm -- ImaxMag -- ImaxRe -- VtVal -- Vtdrop -- angleVval -- anglev -- currentLimitValue -- virtualRe"", ""boundary_connectors"": ""Eang, EangVal, Emag, EmagVal, ImaxAng, ImaxIm, ImaxMag, ImaxRe, VtVal, Vtdrop, angleVval, anglev, currentLimitValue, virtualRe"", ""wired_to"": ""nothing"", ""note"": ""this connector belongs to the model itself, not to a component inside it: the model is an interface compiled on its own, so the node is open on one side. Nothing forces its flow, which is why a structural matching reports an unmatched unknown here. Not a defect in the model""}",/data/mrumoca/eval/results_v3/openipsl/runtime_free.jsonl
openipsl,runtime-v3,OpenIPSL.Tests.GFCs.GFMs.BasicComponents.QVqvflag1vflag1,0,network-boundary-port,low,False,standalone-topology-not-defect-proof,"{""node"": ""E0 -- Edroop -- Q0 -- Qmeas -- V0 -- Vref_step -- firstOrderModel -- q_v_droop_scheme -- q_v_droop_scheme.Elims -- q_v_droop_scheme.ElimsPID -- q_v_droop_scheme.QVFlag_switch -- q_v_droop_scheme.QVFlag_val -- q_v_droop_scheme.Qfilt -- q_v_droop_scheme.Qfilt.lfp -- q_v_droop_scheme.Qlimsig -- q_v_droop_scheme.Qref0 -- q_v_droop_scheme.VFlag_switch -- q_v_droop_scheme.VFlag_val -- q_v_droop_scheme.Vfilt -- q_v_droop_scheme.Vfilt.lfp -- q_v_droop_scheme.kivInt -- q_v_droop_scheme.kpvGain -- q_v_droop_scheme.qv_drp1 -- q_v_droop_scheme.qv_drp1.feedback -- q_v_droop_scheme.qv_drp1.mqGain -- q_v_droop_scheme.qv_drp1.sum_Vref_Qlim_DeltaQmq -- q_v_droop_scheme.sum_PI -- q_v_droop_scheme.sum_Vcmd_Vinv"", ""boundary_connectors"": ""E0, Edroop, Q0, Qmeas, V0, Vref_step, firstOrderModel, q_v_droop_scheme"", ""wired_to"": ""q_v_droop_scheme.Elims, q_v_droop_scheme.ElimsPID, q_v_droop_scheme.QVFlag_switch, q_v_droop_scheme.QVFlag_val, q_v_droop_scheme.Qfilt, q_v_droop_scheme.Qfilt.lfp, q_v_droop_scheme.Qlimsig, q_v_droop_scheme.Qref0, q_v_droop_scheme.VFlag_switch, q_v_droop_scheme.VFlag_val, q_v_droop_scheme.Vfilt, q_v_droop_scheme.Vfilt.lfp, q_v_droop_scheme.kivInt, q_v_droop_scheme.kpvGain, q_v_droop_scheme.qv_drp1, q_v_droop_scheme.qv_drp1.feedback, q_v_droop_scheme.qv_drp1.mqGain, q_v_droop_scheme.qv_drp1.sum_Vref_Qlim_DeltaQmq, q_v_droop_scheme.sum_PI, q_v_droop_scheme.sum_Vcmd_Vinv"", ""note"": ""this connector belongs to the model itself, not to a component inside it: the model is an interface compiled on its own, so the node is open on one side. Nothing forces its flow, which is why a structural matching reports an unmatched unknown here. Not a defect in the model""}",/data/mrumoca/eval/results_v3/openipsl/runtime_free.jsonl
openipsl,runtime-v3,OpenIPSL.Tests.GFCs.GFMs.PQLimiters.Qlimiter,0,network-boundary-port,low,False,standalone-topology-not-defect-proof,"{""node"": ""Q0_ini -- Qfilt_lower -- Qfilt_upper -- Qlim_lower -- Qlim_lower.Qmax_val -- Qlim_lower.Qmin_val -- Qlim_lower.add_Qmax_PI -- Qlim_lower.add_Qmaxlim_and_Qminlim -- Qlim_lower.add_Qmin_PI -- Qlim_lower.error_Qmax_Qfilt -- Qlim_lower.error_Qmin_Qfilt -- Qlim_lower.gain_kpqmax_Qmax -- Qlim_lower.gain_kpqmax_Qmax1 -- Qlim_lower.lim_Qmax_out -- Qlim_lower.lim_Qmin_out -- Qlim_lower.lim_kiqmax_Qmax -- Qlim_lower.lim_kiqmax_Qmin -- Qlim_out_lower -- Qlim_out_upper -- Qlim_upper -- Qlim_upper.Qmax_val -- Qlim_upper.Qmin_val -- Qlim_upper.add_Qmax_PI -- Qlim_upper.add_Qmaxlim_and_Qminlim -- Qlim_upper.add_Qmin_PI -- Qlim_upper.error_Qmax_Qfilt -- Qlim_upper.error_Qmin_Qfilt -- Qlim_upper.gain_kpqmax_Qmax -- Qlim_upper.gain_kpqmax_Qmax1 -- Qlim_upper.lim_Qmax_out -- Qlim_upper.lim_Qmin_out -- Qlim_upper.lim_kiqmax_Qmax -- Qlim_upper.lim_kiqmax_Qmin"", ""boundary_connectors"": ""Q0_ini, Qfilt_lower, Qfilt_upper, Qlim_lower, Qlim_out_lower, Qlim_out_upper, Qlim_upper"", ""wired_to"": ""Qlim_lower.Qmax_val, Qlim_lower.Qmin_val, Qlim_lower.add_Qmax_PI, Qlim_lower.add_Qmaxlim_and_Qminlim, Qlim_lower.add_Qmin_PI, Qlim_lower.error_Qmax_Qfilt, Qlim_lower.error_Qmin_Qfilt, Qlim_lower.gain_kpqmax_Qmax, Qlim_lower.gain_kpqmax_Qmax1, Qlim_lower.lim_Qmax_out, Qlim_lower.lim_Qmin_out, Qlim_lower.lim_kiqmax_Qmax, Qlim_lower.lim_kiqmax_Qmin, Qlim_upper.Qmax_val, Qlim_upper.Qmin_val, Qlim_upper.add_Qmax_PI, Qlim_upper.add_Qmaxlim_and_Qminlim, Qlim_upper.add_Qmin_PI, Qlim_upper.error_Qmax_Qfilt, Qlim_upper.error_Qmin_Qfilt, Qlim_upper.gain_kpqmax_Qmax, Qlim_upper.gain_kpqmax_Qmax1, Qlim_upper.lim_Qmax_out, Qlim_upper.lim_Qmin_out, Qlim_upper.lim_kiqmax_Qmax, Qlim_upper.lim_kiqmax_Qmin"", ""note"": ""this connector belongs to the model itself, not to a component inside it: the model is an interface compiled on its own, so the node is open on one side. Nothing forces its flow, which is why a structural matching reports an unmatched unknown here. Not a defect in the model""}",/data/mrumoca/eval/results_v3/openipsl/runtime_free.jsonl
openipsl,runtime-v3,OpenIPSL.Tests.GFCs.GFMs.PQLimiters.Plimiter,0,network-boundary-port,low,False,standalone-topology-not-defect-proof,"{""node"": ""P0_ini -- Pfilt_lower -- Pfilt_upper -- Plim_lower -- Plim_lower.Pmax_val -- Plim_lower.Pmin_val -- Plim_lower.add_Pmax_PI -- Plim_lower.add_Pmaxlim_and_Pminlim -- Plim_lower.add_Pmin_PI -- Plim_lower.error_Pmax_Pfilt -- Plim_lower.error_Pmin_Pfilt -- Plim_lower.gain_kppmax_Pmax -- Plim_lower.gain_kppmax_Pmin -- Plim_lower.lim_Pmax_out -- Plim_lower.lim_Pmin_out -- Plim_lower.lim_kipmax_Pmax -- Plim_lower.lim_kipmax_Pmin -- Plim_out_lower -- Plim_out_upper -- Plim_upper -- Plim_upper.Pmax_val -- Plim_upper.Pmin_val -- Plim_upper.add_Pmax_PI -- Plim_upper.add_Pmaxlim_and_Pminlim -- Plim_upper.add_Pmin_PI -- Plim_upper.error_Pmax_Pfilt -- Plim_upper.error_Pmin_Pfilt -- Plim_upper.gain_kppmax_Pmax -- Plim_upper.gain_kppmax_Pmin -- Plim_upper.lim_Pmax_out -- Plim_upper.lim_Pmin_out -- Plim_upper.lim_kipmax_Pmax -- Plim_upper.lim_kipmax_Pmin"", ""boundary_connectors"": ""P0_ini, Pfilt_lower, Pfilt_upper, Plim_lower, Plim_out_lower, Plim_out_upper, Plim_upper"", ""wired_to"": ""Plim_lower.Pmax_val, Plim_lower.Pmin_val, Plim_lower.add_Pmax_PI, Plim_lower.add_Pmaxlim_and_Pminlim, Plim_lower.add_Pmin_PI, Plim_lower.error_Pmax_Pfilt, Plim_lower.error_Pmin_Pfilt, Plim_lower.gain_kppmax_Pmax, Plim_lower.gain_kppmax_Pmin, Plim_lower.lim_Pmax_out, Plim_lower.lim_Pmin_out, Plim_lower.lim_kipmax_Pmax, Plim_lower.lim_kipmax_Pmin, Plim_upper.Pmax_val, Plim_upper.Pmin_val, Plim_upper.add_Pmax_PI, Plim_upper.add_Pmaxlim_and_Pminlim, Plim_upper.add_Pmin_PI, Plim_upper.error_Pmax_Pfilt, Plim_upper.error_Pmin_Pfilt, Plim_upper.gain_kppmax_Pmax, Plim_upper.gain_kppmax_Pmin, Plim_upper.lim_Pmax_out, Plim_upper.lim_Pmin_out, Plim_upper.lim_kipmax_Pmax, Plim_upper.lim_kipmax_Pmin"", ""note"": ""this connector belongs to the model itself, not to a component inside it: the model is an interface compiled on its own, so the node is open on one side. Nothing forces its flow, which is why a structural matching reports an unmatched unknown here. Not a defect in the model""}",/data/mrumoca/eval/results_v3/openipsl/runtime_free.jsonl
openipsl,runtime-v3,OpenIPSL.Tests.NonElectrical.Nonlinear.Div0Block,0,network-boundary-port,low,False,standalone-topology-not-defect-proof,"{""node"": ""den -- div0block1 -- num"", ""boundary_connectors"": ""den, div0block1, num"", ""wired_to"": ""nothing"", ""note"": ""this connector belongs to the model itself, not to a component inside it: the model is an interface compiled on its own, so the node is open on one side. Nothing forces its flow, which is why a structural matching reports an unmatched unknown here. Not a defect in the model""}",/data/mrumoca/eval/results_v3/openipsl/runtime_free.jsonl
openipsl,runtime-v3,OpenIPSL.Tests.NonElectrical.Nonlinear.Div0Block,1,extreme-magnitude,medium,False,source-sentinel-or-protection-not-defect-proof,"{""variable"": ""div0block1.y"", ""value"": 4.49423283715579e+307, ""anchor_quality"": ""canonical""}",/data/mrumoca/eval/results_v3/openipsl/runtime_free.jsonl
openipsl,runtime-v3,OpenIPSL.Tests.Solar.PowerFactory.PVD1,0,network-boundary-port,low,False,execution-not-completed,"{""node"": ""elmVac -- frequency -- voltage"", ""boundary_connectors"": ""elmVac, frequency, voltage"", ""wired_to"": ""nothing"", ""note"": ""this connector belongs to the model itself, not to a component inside it: the model is an interface compiled on its own, so the node is open on one side. Nothing forces its flow, which is why a structural matching reports an unmatched unknown here. Not a defect in the model""}",/data/mrumoca/eval/results_v3/openipsl/runtime_free.jsonl
openipsl,runtime-v3,OpenIPSL.Tests.Solar.PowerFactory.PVD1,1,network-observation-incomplete,info,False,execution-not-completed,"{""reason"": ""missing or unsynchronized connector member observations"", ""note"": ""coverage gap, not a model defect""}",/data/mrumoca/eval/results_v3/openipsl/runtime_free.jsonl
openipsl,runtime-v3,OpenIPSL.Tests.Solar.PowerFactory.PVD1,2,initialization-failure,high,False,execution-not-completed,"{""failure_kind"": ""singular-system"", ""reason"": ""PowerFactory.PVD1 to t=1 with 157 trace point(s)... \u001b[31m\u001b[0m simulation failed: DAE structural proof failed: structurally singular \u001b[31m\u2502\u001b[0m system: 152 matched out of 154 equations and 154 unknowns"", ""raw"": ""reading /tmp/tmp7dfntqn4/traced.rbc (bitcode v2, cbor) Simulating OpenIPSL.Tests.Solar.PowerFactory.PVD1 to t=1 with 157 trace point(s)... \u001b[31m\u001b[0m simulation failed: DAE structural proof failed: structurally singular \u001b[31m\u2502\u001b[0m system: 152 matched out of 154 equations and 154 unknowns"", ""tool_side"": false}",/data/mrumoca/eval/results_v3/openipsl/runtime_free.jsonl
openipsl,runtime-v3,OpenIPSL.Electrical.VSD.Generic.PowerElectronics.AC2DCandDC2AC,0,network-port-unconnected,low,False,execution-not-completed,"{""connector"": ""p"", ""component"": ""<top level>"", ""component_class"": ""unknown"", ""flows_forced_to_zero"": ""p.ir, p.ii"", ""note"": ""nothing is connected to this port, so MLS \u00a79.2 forces its flow to zero. That is correct for a component compiled on its own and is not a defect; it is recorded because it is the commonest reason a model looks structurally singular""}",/data/mrumoca/eval/results_v3/openipsl/runtime_free.jsonl
openipsl,runtime-v3,OpenIPSL.Electrical.VSD.Generic.PowerElectronics.AC2DCandDC2AC,1,network-port-unconnected,low,False,execution-not-completed,"{""connector"": ""n"", ""component"": ""<top level>"", ""component_class"": ""unknown"", ""flows_forced_to_zero"": ""n.ir, n.ii"", ""note"": ""nothing is connected to this port, so MLS \u00a79.2 forces its flow to zero. That is correct for a component compiled on its own and is not a defect; it is recorded because it is the commonest reason a model looks structurally singular""}",/data/mrumoca/eval/results_v3/openipsl/runtime_free.jsonl
openipsl,runtime-v3,OpenIPSL.Electrical.VSD.Generic.PowerElectronics.AC2DCandDC2AC,2,network-boundary-port,low,False,execution-not-completed,"{""node"": ""Ii -- signalCurrent"", ""boundary_connectors"": ""Ii, signalCurrent"", ""wired_to"": ""nothing"", ""note"": ""this connector belongs to the model itself, not to a component inside it: the model is an interface compiled on its own, so the node is open on one side. Nothing forces its flow, which is why a structural matching reports an unmatched unknown here. Not a defect in the model""}",/data/mrumoca/eval/results_v3/openipsl/runtime_free.jsonl
openipsl,runtime-v3,OpenIPSL.Electrical.VSD.Generic.PowerElectronics.AC2DCandDC2AC,3,network-boundary-port,low,False,execution-not-completed,"{""node"": ""Capacitor_Voltage -- Vc"", ""boundary_connectors"": ""Capacitor_Voltage, Vc"", ""wired_to"": ""nothing"", ""note"": ""this connector belongs to the model itself, not to a component inside it: the model is an interface compiled on its own, so the node is open on one side. Nothing forces its flow, which is why a structural matching reports an unmatched unknown here. Not a defect in the model""}",/data/mrumoca/eval/results_v3/openipsl/runtime_free.jsonl
openipsl,runtime-v3,OpenIPSL.Electrical.VSD.Generic.PowerElectronics.AC2DCandDC2AC,4,network-boundary-port,low,False,execution-not-completed,"{""node"": ""Vd0 -- Voltage"", ""boundary_connectors"": ""Vd0, Voltage"", ""wired_to"": ""nothing"", ""note"": ""this connector belongs to the model itself, not to a component inside it: the model is an interface compiled on its own, so the node is open on one side. Nothing forces its flow, which is why a structural matching reports an unmatched unknown here. Not a defect in the model""}",/data/mrumoca/eval/results_v3/openipsl/runtime_free.jsonl
openipsl,runtime-v3,OpenIPSL.Electrical.VSD.Generic.PowerElectronics.AC2DCandDC2AC,5,network-boundary-port,low,False,execution-not-completed,"{""node"": ""open_circuit_condition -- switch"", ""boundary_connectors"": ""open_circuit_condition, switch"", ""wired_to"": ""nothing"", ""note"": ""this connector belongs to the model itself, not to a component inside it: the model is an interface compiled on its own, so the node is open on one side. Nothing forces its flow, which is why a structural matching reports an unmatched unknown here. Not a defect in the model""}",/data/mrumoca/eval/results_v3/openipsl/runtime_free.jsonl
openipsl,runtime-v3,OpenIPSL.Electrical.VSD.Generic.PowerElectronics.AC2DCandDC2AC,6,physical-zero-is-a-supported-limit,low,False,execution-not-completed,"{""domain"": ""electrical"", ""rule"": ""elec.inductance.positive"", ""rule_origin"": ""stored energy is L*i^2/2; L = 0 turns the differential equation into a constraint on voltage"", ""rule_reference"": ""MSL Electrical.Analog.Basic.Inductor"", ""matched_by"": {""quantity"": ""Inductance"", ""unit"": ""H"", ""semantic_role"": ""component.passive.inductance"", ""binding_source"": ""component_type"", ""confidence"": ""QUANTITY_AND_UNIT"", ""declaring_class"": ""Modelica.Electrical.Analog.Basic.Inductor"", ""member"": ""L"", ""premise_state"": ""established"", ""authority"": ""component_contract"", ""canonical_declaration"": ""Modelica.Electrical.Analog.Basic.Inductor.L""}, ""required"": ""Inductor.L > 0"", ""declared_min"": null, ""variable_role"": ""parameter"", ""premise_state"": ""refuted"", ""authority"": ""component_contract"", ""contract"": ""Modelica.Electrical.Analog.Basic.Inductor.L: algebraic_limit (proven, from equation) \u2014 the parameter multiplies a derivative, so at zero the differential relation becomes an algebraic constraint rather than an undefined quotient"", ""contract_behavior"": ""algebraic_limit"", ""contract_confidence"": ""proven"", ""contract_source"": ""equation"", ""note"": ""the positivity rule does not apply: this component documents zero as a meaningful limit, so reporting a missing bound would contradict its contract""}",/data/mrumoca/eval/results_v3/openipsl/runtime_free.jsonl
openipsl,runtime-v3,OpenIPSL.Electrical.VSD.Generic.PowerElectronics.AC2DCandDC2AC,7,physical-rule-does-not-apply,low,False,execution-not-completed,"{""domain"": ""electrical"", ""rule"": ""elec.resistance.positive"", ""rule_origin"": ""a passive resistor dissipates energy; R <= 0 would make it a source, and R = 0 removes the equation that determines its current"", ""rule_reference"": ""MSL Electrical.Analog.Basic.Resistor"", ""matched_by"": {""quantity"": ""Resistance"", ""unit"": ""Ohm"", ""confidence"": ""QUANTITY_AND_UNIT"", ""premise_state"": ""unknown"", ""authority"": ""quantity_or_unit"", ""canonical_declaration"": ""Modelica.Electrical.Analog.Ideal.IdealOpeningSwitch.Ron""}, ""required"": ""switch.Ron > 0"", ""declared_min"": 0.0, ""variable_role"": ""parameter"", ""premise_state"": ""refuted"", ""authority"": ""component_contract"", ""contract"": ""Modelica.Electrical.Analog.Ideal.IdealOpeningSwitch.Ron: allowed (declared, from class_catalog) \u2014 an ideal switch family member; zero on-resistance is the documented ideal [matched by prefix, lower confidence]"", ""contract_behavior"": ""allowed"", ""contract_confidence"": ""declared"", ""contract_source"": ""class_catalog"", ""note"": ""the component documents this quantity as taking the value the rule forbids, so the rule derived from the quantity alone does not bind it""}",/data/mrumoca/eval/results_v3/openipsl/runtime_free.jsonl
openipsl,runtime-v3,OpenIPSL.Electrical.VSD.Generic.PowerElectronics.AC2DCandDC2AC,8,physical-rule-does-not-apply,low,False,execution-not-completed,"{""domain"": ""electrical"", ""rule"": ""elec.conductance.positive"", ""rule_origin"": ""the reciprocal of a passive resistance"", ""rule_reference"": """", ""matched_by"": {""quantity"": ""Conductance"", ""unit"": ""S"", ""confidence"": ""QUANTITY_AND_UNIT"", ""premise_state"": ""unknown"", ""authority"": ""quantity_or_unit"", ""canonical_declaration"": ""Modelica.Electrical.Analog.Ideal.IdealOpeningSwitch.Goff""}, ""required"": ""switch.Goff > 0"", ""declared_min"": 0.0, ""variable_role"": ""parameter"", ""premise_state"": ""refuted"", ""authority"": ""component_contract"", ""contract"": ""Modelica.Electrical.Analog.Ideal.IdealOpeningSwitch.Goff: allowed (declared, from class_catalog) \u2014 an ideal switch family member; zero off-conductance is the documented ideal [matched by prefix, lower confidence]"", ""contract_behavior"": ""allowed"", ""contract_confidence"": ""declared"", ""contract_source"": ""class_catalog"", ""note"": ""the component documents this quantity as taking the value the rule forbids, so the rule derived from the quantity alone does not bind it""}",/data/mrumoca/eval/results_v3/openipsl/runtime_free.jsonl
openipsl,runtime-v3,OpenIPSL.Electrical.VSD.Generic.PowerElectronics.AC2DCandDC2AC,9,physical-zero-is-a-supported-limit,low,False,execution-not-completed,"{""domain"": ""electrical"", ""rule"": ""elec.capacitance.positive"", ""rule_origin"": ""stored energy is C*v^2/2, which a negative capacitance makes negative; C = 0 removes the state"", ""rule_reference"": ""MSL Electrical.Analog.Basic.Capacitor"", ""matched_by"": {""quantity"": ""Capacitance"", ""unit"": ""F"", ""semantic_role"": ""component.passive.capacitance"", ""binding_source"": ""component_type"", ""confidence"": ""QUANTITY_AND_UNIT"", ""declaring_class"": ""Modelica.Electrical.Analog.Basic.Capacitor"", ""member"": ""C"", ""premise_state"": ""established"", ""authority"": ""component_contract"", ""canonical_declaration"": ""Modelica.Electrical.Analog.Basic.Capacitor.C""}, ""required"": ""Capacitor.C > 0"", ""declared_min"": 0.0, ""variable_role"": ""parameter"", ""premise_state"": ""refuted"", ""authority"": ""component_contract"", ""contract"": ""Modelica.Electrical.Analog.Basic.Capacitor.C: algebraic_limit (proven, from equation) \u2014 the parameter multiplies a derivative, so at zero the differential relation becomes an algebraic constraint rather than an undefined quotient"", ""contract_behavior"": ""algebraic_limit"", ""contract_confidence"": ""proven"", ""contract_source"": ""equation"", ""note"": ""the positivity rule does not apply: this component documents zero as a meaningful limit, so reporting a missing bound would contradict its contract""}",/data/mrumoca/eval/results_v3/openipsl/runtime_free.jsonl
openipsl,runtime-v3,OpenIPSL.Electrical.VSD.Generic.PowerElectronics.AC2DCandDC2AC,10,physical-zero-is-a-supported-limit,low,False,execution-not-completed,"{""domain"": ""electrical"", ""rule"": ""elec.resistance.positive"", ""rule_origin"": ""a passive resistor dissipates energy; R <= 0 would make it a source, and R = 0 removes the equation that determines its current"", ""rule_reference"": ""MSL Electrical.Analog.Basic.Resistor"", ""matched_by"": {""quantity"": ""Resistance"", ""unit"": ""Ohm"", ""confidence"": ""QUANTITY_AND_UNIT"", ""premise_state"": ""unknown"", ""authority"": ""quantity_or_unit"", ""canonical_declaration"": ""OpenIPSL.Electrical.VSD.Generic.PowerElectronics.AC2DCandDC2AC.Rdc""}, ""required"": ""Rdc > 0"", ""declared_min"": null, ""variable_role"": ""parameter"", ""premise_state"": ""refuted"", ""authority"": ""component_contract"", ""contract"": ""Modelica.Electrical.Analog.Basic.Resistor.R: feature_disabled (proven, from equation) \u2014 inherited from Resistor.R, which it binds: the parameter appears only as a multiplier, so at zero the term it scales drops out and the rest of the model is unaffected"", ""contract_behavior"": ""feature_disabled"", ""contract_confidence"": ""proven"", ""contract_source"": ""equation"", ""note"": ""the positivity rule does not apply: this component documents zero as a meaningful limit, so reporting a missing bound would contradict its contract""}",/data/mrumoca/eval/results_v3/openipsl/runtime_free.jsonl
openipsl,runtime-v3,OpenIPSL.Electrical.VSD.Generic.PowerElectronics.AC2DCandDC2AC,11,physical-zero-is-a-supported-limit,low,False,execution-not-completed,"{""domain"": ""electrical"", ""rule"": ""elec.inductance.positive"", ""rule_origin"": ""stored energy is L*i^2/2; L = 0 turns the differential equation into a constraint on voltage"", ""rule_reference"": ""MSL Electrical.Analog.Basic.Inductor"", ""matched_by"": {""quantity"": ""Inductance"", ""unit"": ""H"", ""confidence"": ""QUANTITY_AND_UNIT"", ""premise_state"": ""unknown"", ""authority"": ""quantity_or_unit"", ""canonical_declaration"": ""OpenIPSL.Electrical.VSD.Generic.PowerElectronics.AC2DCandDC2AC.Ldc""}, ""required"": ""Ldc > 0"", ""declared_min"": null, ""variable_role"": ""parameter"", ""premise_state"": ""refuted"", ""authority"": ""component_contract"", ""contract"": ""Modelica.Electrical.Analog.Basic.Inductor.L: algebraic_limit (proven, from equation) \u2014 inherited from Inductor.L, which it binds: the parameter multiplies a derivative, so at zero the differential relation becomes an algebraic constraint rather than an undefined quotient"", ""contract_behavior"": ""algebraic_limit"", ""contract_confidence"": ""proven"", ""contract_source"": ""equation"", ""note"": ""the positivity rule does not apply: this component documents zero as a meaningful limit, so reporting a missing bound would contradict its contract""}",/data/mrumoca/eval/results_v3/openipsl/runtime_free.jsonl
openipsl,runtime-v3,OpenIPSL.Electrical.VSD.Generic.PowerElectronics.AC2DCandDC2AC,12,physical-zero-is-a-supported-limit,low,False,execution-not-completed,"{""domain"": ""electrical"", ""rule"": ""elec.capacitance.positive"", ""rule_origin"": ""stored energy is C*v^2/2, which a negative capacitance makes negative; C = 0 removes the state"", ""rule_reference"": ""MSL Electrical.Analog.Basic.Capacitor"", ""matched_by"": {""quantity"": ""Capacitance"", ""unit"": ""F"", ""confidence"": ""QUANTITY_AND_UNIT"", ""premise_state"": ""unknown"", ""authority"": ""quantity_or_unit"", ""canonical_declaration"": ""OpenIPSL.Electrical.VSD.Generic.PowerElectronics.AC2DCandDC2AC.Cdc""}, ""required"": ""Cdc > 0"", ""declared_min"": 0.0, ""variable_role"": ""parameter"", ""premise_state"": ""refuted"", ""authority"": ""component_contract"", ""contract"": ""Modelica.Electrical.Analog.Basic.Capacitor.C: algebraic_limit (proven, from equation) \u2014 inherited from Capacitor.C, which it binds: the parameter multiplies a derivative, so at zero the differential relation becomes an algebraic constraint rather than an undefined quotient"", ""contract_behavior"": ""algebraic_limit"", ""contract_confidence"": ""proven"", ""contract_source"": ""equation"", ""note"": ""the positivity rule does not apply: this component documents zero as a meaningful limit, so reporting a missing bound would contradict its contract""}",/data/mrumoca/eval/results_v3/openipsl/runtime_free.jsonl
openipsl,runtime-v3,OpenIPSL.Electrical.VSD.Generic.PowerElectronics.AC2DCandDC2AC,13,network-observation-incomplete,info,False,execution-not-completed,"{""reason"": ""missing or unsynchronized connector member observations"", ""note"": ""coverage gap, not a model defect""}",/data/mrumoca/eval/results_v3/openipsl/runtime_free.jsonl
openipsl,runtime-v3,OpenIPSL.Electrical.VSD.Generic.PowerElectronics.AC2DCandDC2AC,14,simulation-failure,high,False,execution-not-completed,"{""failure_kind"": ""timeout"", ""reason"": ""exceeded 120s"", ""raw"": """", ""tool_side"": false}",/data/mrumoca/eval/results_v3/openipsl/runtime_free.jsonl
