library,phase,model,ordinal,kind,severity,held_inputs,route,evidence,source
ideas,runtime-v3,IDEAS.BoundaryConditions.Climate.Time.BaseClasses.SimulationDelay,0,initialization-failure,high,False,execution-not-completed,"{""failure_kind"": ""unknown"", ""reason"": ""g IDEAS.BoundaryConditions.Climate.Time.BaseClasses.SimulationDelay to t=1 with 1 trace point(s)... \u001b[31m\u001b[0m simulation failed: parameter `delay` has neither a binding nor an initial \u001b[31m\u2502\u001b[0m value"", ""raw"": ""reading /tmp/tmpm1rmvtyb/traced.rbc (bitcode v2, cbor) Simulating IDEAS.BoundaryConditions.Climate.Time.BaseClasses.SimulationDelay to t=1 with 1 trace point(s)... \u001b[31m\u001b[0m simulation failed: parameter `delay` has neither a binding nor an initial \u001b[31m\u2502\u001b[0m value"", ""tool_side"": false}",/data/mrumoca/eval/results_v3/ideas/runtime_free.jsonl
ideas,runtime-v3,IDEAS.BoundaryConditions.Climate.Time.BaseClasses.LocalTime,0,initialization-failure,high,True,execution-not-completed,"{""failure_kind"": ""unknown"", ""reason"": ""imulating IDEAS.BoundaryConditions.Climate.Time.BaseClasses.LocalTime to t=1 with 3 trace point(s)... \u001b[31m\u001b[0m simulation failed: parameter `lon` has neither a binding nor an initial \u001b[31m\u2502\u001b[0m value"", ""raw"": ""reading /tmp/tmpldaxeksc/traced.rbc (bitcode v2, cbor) holding 2 free input(s) constant at their start values: timZon=0, timSim=0 Simulating IDEAS.BoundaryConditions.Climate.Time.BaseClasses.LocalTime to t=1 with 3 trace point(s)... \u001b[31m\u001b[0m simulation failed: parameter `lon` has neither a binding nor an initial \u001b[31m\u2502\u001b[0m value"", ""tool_side"": false}",/data/mrumoca/eval/results_v3/ideas/runtime_free.jsonl
ideas,runtime-v3,IDEAS.BoundaryConditions.Climate.Time.BaseClasses.TimeZone,0,initialization-failure,high,True,execution-not-completed,"{""failure_kind"": ""unknown"", ""reason"": ""ting IDEAS.BoundaryConditions.Climate.Time.BaseClasses.TimeZone to t=1 with 3 trace point(s)... \u001b[31m\u001b[0m simulation failed: parameter `timZonSta` has neither a binding nor an \u001b[31m\u2502\u001b[0m initial value"", ""raw"": ""reading /tmp/tmplsd1sp_r/traced.rbc (bitcode v2, cbor) holding 1 free input(s) constant at their start values: timCal=0 Simulating IDEAS.BoundaryConditions.Climate.Time.BaseClasses.TimeZone to t=1 with 3 trace point(s)... \u001b[31m\u001b[0m simulation failed: parameter `timZonSta` has neither a binding nor an \u001b[31m\u2502\u001b[0m initial value"", ""tool_side"": false}",/data/mrumoca/eval/results_v3/ideas/runtime_free.jsonl
ideas,runtime-v3,IDEAS.BoundaryConditions.Climate.Time.Elements.LocalTime,0,initialization-failure,high,True,execution-not-completed,"{""failure_kind"": ""unknown"", ""reason"": ""0 Simulating IDEAS.BoundaryConditions.Climate.Time.Elements.LocalTime to t=1 with 3 trace point(s)... \u001b[31m\u001b[0m simulation failed: parameter `lon` has neither a binding nor an initial \u001b[31m\u2502\u001b[0m value"", ""raw"": ""reading /tmp/tmpujoal3y9/traced.rbc (bitcode v2, cbor) holding 2 free input(s) constant at their start values: timZon=0, timSim=0 Simulating IDEAS.BoundaryConditions.Climate.Time.Elements.LocalTime to t=1 with 3 trace point(s)... \u001b[31m\u001b[0m simulation failed: parameter `lon` has neither a binding nor an initial \u001b[31m\u2502\u001b[0m value"", ""tool_side"": false}",/data/mrumoca/eval/results_v3/ideas/runtime_free.jsonl
ideas,runtime-v3,IDEAS.BoundaryConditions.Climate.Time.Elements.SimulationDelay,0,initialization-failure,high,False,execution-not-completed,"{""failure_kind"": ""unknown"", ""reason"": ""ting IDEAS.BoundaryConditions.Climate.Time.Elements.SimulationDelay to t=1 with 1 trace point(s)... \u001b[31m\u001b[0m simulation failed: parameter `delay` has neither a binding nor an initial \u001b[31m\u2502\u001b[0m value"", ""raw"": ""reading /tmp/tmpjhkojoe6/traced.rbc (bitcode v2, cbor) Simulating IDEAS.BoundaryConditions.Climate.Time.Elements.SimulationDelay to t=1 with 1 trace point(s)... \u001b[31m\u001b[0m simulation failed: parameter `delay` has neither a binding nor an initial \u001b[31m\u2502\u001b[0m value"", ""tool_side"": false}",/data/mrumoca/eval/results_v3/ideas/runtime_free.jsonl
ideas,runtime-v3,IDEAS.BoundaryConditions.Climate.Time.Elements.TimeZone,0,initialization-failure,high,True,execution-not-completed,"{""failure_kind"": ""unknown"", ""reason"": ""ulating IDEAS.BoundaryConditions.Climate.Time.Elements.TimeZone to t=1 with 3 trace point(s)... \u001b[31m\u001b[0m simulation failed: parameter `timZonSta` has neither a binding nor an \u001b[31m\u2502\u001b[0m initial value"", ""raw"": ""reading /tmp/tmp6i0ujq4f/traced.rbc (bitcode v2, cbor) holding 1 free input(s) constant at their start values: timCal=0 Simulating IDEAS.BoundaryConditions.Climate.Time.Elements.TimeZone to t=1 with 3 trace point(s)... \u001b[31m\u001b[0m simulation failed: parameter `timZonSta` has neither a binding nor an \u001b[31m\u2502\u001b[0m initial value"", ""tool_side"": false}",/data/mrumoca/eval/results_v3/ideas/runtime_free.jsonl
ideas,runtime-v3,IDEAS.BoundaryConditions.Climate.Time.SimTimes,0,network-boundary-port,low,False,standalone-topology-not-defect-proof,"{""node"": ""localTime -- simulationTime -- solarTime -- summer -- timCal -- timLoc -- timSol -- timeZone"", ""boundary_connectors"": ""localTime, simulationTime, solarTime, summer, timCal, timLoc, timSol, timeZone"", ""wired_to"": ""nothing"", ""note"": ""this connector belongs to the model itself, not to a component inside it: the model is an interface compiled on its own, so the node is open on one side. Nothing forces its flow, which is why a structural matching reports an unmatched unknown here. Not a defect in the model""}",/data/mrumoca/eval/results_v3/ideas/runtime_free.jsonl
ideas,runtime-v3,IDEAS.BoundaryConditions.SkyTemperature.BlackBody,0,simulation-failure,high,True,execution-not-completed,"{""failure_kind"": ""non-finite-value"", ""reason"": "" point(s)... \u001b[31m\u001b[0m simulation failed: non-finite (inf) value computed for `epsSky` @ Span \u001b[31m\u2502\u001b[0m { source: SourceId(17323593799152768351), start: BytePos(1612), end: \u001b[31m\u2502\u001b[0m BytePos(1647) }"", ""raw"": ""reading /tmp/tmp7qsb82wl/traced.rbc (bitcode v2, cbor) holding 4 free input(s) constant at their start values: TDryBul=0, TDewPoi=0, nOpa=0, HHorIR=0 Simulating IDEAS.BoundaryConditions.SkyTemperature.BlackBody to t=1 with 8 trace point(s)... \u001b[31m\u001b[0m simulation failed: non-finite (inf) value computed for `epsSky` @ Span \u001b[31m\u2502\u001b[0m { source: SourceId(17323593799152768351), start: BytePos(1612), e"", ""tool_side"": false}",/data/mrumoca/eval/results_v3/ideas/runtime_free.jsonl
ideas,runtime-v3,IDEAS.BoundaryConditions.SolarGeometry.BaseClasses.SolarAzimuth,0,simulation-failure,high,True,execution-not-completed,"{""failure_kind"": ""non-finite-value"", ""reason"": ""race point(s)... \u001b[31m\u001b[0m simulation failed: non-finite (NaN) value computed for `tmp` @ Span \u001b[31m\u2502\u001b[0m { source: SourceId(3285587568112265387), start: BytePos(1320), end: \u001b[31m\u2502\u001b[0m BytePos(1328) }"", ""raw"": ""reading /tmp/tmpufrzubou/traced.rbc (bitcode v2, cbor) holding 4 free input(s) constant at their start values: zen=0, solTim=0, lat=0, decAng=0 Simulating IDEAS.BoundaryConditions.SolarGeometry.BaseClasses.SolarAzimuth to t=1 with 9 trace point(s)... \u001b[31m\u001b[0m simulation failed: non-finite (NaN) value computed for `tmp` @ Span \u001b[31m\u2502\u001b[0m { source: SourceId(3285587568112265387), start: BytePos(1320"", ""tool_side"": false}",/data/mrumoca/eval/results_v3/ideas/runtime_free.jsonl
ideas,runtime-v3,IDEAS.BoundaryConditions.SolarGeometry.BaseClasses.IncidenceAngle,0,initialization-failure,high,True,execution-not-completed,"{""failure_kind"": ""unknown"", ""reason"": ""ng IDEAS.BoundaryConditions.SolarGeometry.BaseClasses.IncidenceAngle to t=1 with 10 trace point(s)... \u001b[31m\u001b[0m simulation failed: parameter `azi` has neither a binding nor an initial \u001b[31m\u2502\u001b[0m value"", ""raw"": ""reading /tmp/tmpvafys230/traced.rbc (bitcode v2, cbor) holding 3 free input(s) constant at their start values: solHouAng=0, decAng=0, lat=0 Simulating IDEAS.BoundaryConditions.SolarGeometry.BaseClasses.IncidenceAngle to t=1 with 10 trace point(s)... \u001b[31m\u001b[0m simulation failed: parameter `azi` has neither a binding nor an initial \u001b[31m\u2502\u001b[0m value"", ""tool_side"": false}",/data/mrumoca/eval/results_v3/ideas/runtime_free.jsonl
ideas,runtime-v3,IDEAS.BoundaryConditions.SolarIrradiation.BaseClasses.DiffusePerez,0,initialization-failure,high,True,execution-not-completed,"{""failure_kind"": ""unknown"", ""reason"": ""g IDEAS.BoundaryConditions.SolarIrradiation.BaseClasses.DiffusePerez to t=1 with 10 trace point(s)... \u001b[31m\u001b[0m simulation failed: parameter `til` has neither a binding nor an initial \u001b[31m\u2502\u001b[0m value"", ""raw"": ""reading /tmp/tmptnugg3mi/traced.rbc (bitcode v2, cbor) holding 6 free input(s) constant at their start values: briCof1=0, briCof2=0, HDifHor=0, HGloHor=0, zen=0, incAng=0 Simulating IDEAS.BoundaryConditions.SolarIrradiation.BaseClasses.DiffusePerez to t=1 with 10 trace point(s)... \u001b[31m\u001b[0m simulation failed: parameter `til` has neither a binding nor an initial \u001b[31m\u2502\u001b[0m value"", ""tool_side"": false}",/data/mrumoca/eval/results_v3/ideas/runtime_free.jsonl
ideas,runtime-v3,IDEAS.BoundaryConditions.SolarIrradiation.BaseClasses.DiffuseIsotropic,0,initialization-failure,high,True,execution-not-completed,"{""failure_kind"": ""unknown"", ""reason"": ""DEAS.BoundaryConditions.SolarIrradiation.BaseClasses.DiffuseIsotropic to t=1 with 5 trace point(s)... \u001b[31m\u001b[0m simulation failed: parameter `til` has neither a binding nor an initial \u001b[31m\u2502\u001b[0m value"", ""raw"": ""reading /tmp/tmpq6vsv31h/traced.rbc (bitcode v2, cbor) holding 2 free input(s) constant at their start values: HDifHor=0, HGloHor=0 Simulating IDEAS.BoundaryConditions.SolarIrradiation.BaseClasses.DiffuseIsotropic to t=1 with 5 trace point(s)... \u001b[31m\u001b[0m simulation failed: parameter `til` has neither a binding nor an initial \u001b[31m\u2502\u001b[0m value"", ""tool_side"": false}",/data/mrumoca/eval/results_v3/ideas/runtime_free.jsonl
ideas,runtime-v3,IDEAS.BoundaryConditions.SolarIrradiation.RadiationConvertor.DiffusePerezPublic,0,initialization-failure,high,True,execution-not-completed,"{""failure_kind"": ""unknown"", ""reason"": ""aryConditions.SolarIrradiation.RadiationConvertor.DiffusePerezPublic to t=1 with 12 trace point(s)... \u001b[31m\u001b[0m simulation failed: parameter `til` has neither a binding nor an initial \u001b[31m\u2502\u001b[0m value"", ""raw"": ""reading /tmp/tmph1oy0k1l/traced.rbc (bitcode v2, cbor) holding 6 free input(s) constant at their start values: briCof1=0, briCof2=0, HDifHor=0, HGloHor=0, zen=0, incAng=0 Simulating IDEAS.BoundaryConditions.SolarIrradiation.RadiationConvertor.DiffusePerezPublic to t=1 with 12 trace point(s)... \u001b[31m\u001b[0m simulation failed: parameter `til` has neither a binding nor an initial \u001b[31m\u2502\u001b[0m value"", ""tool_side"": false}",/data/mrumoca/eval/results_v3/ideas/runtime_free.jsonl
ideas,runtime-v3,IDEAS.BoundaryConditions.SolarIrradiation.RadiationConvertorSimplified,0,network-boundary-port,low,True,execution-not-completed,"{""node"": ""HDirHor -- HDirHorVal"", ""boundary_connectors"": ""HDirHor, HDirHorVal"", ""wired_to"": ""nothing"", ""note"": ""this connector belongs to the model itself, not to a component inside it: the model is an interface compiled on its own, so the node is open on one side. Nothing forces its flow, which is why a structural matching reports an unmatched unknown here. Not a defect in the model""}",/data/mrumoca/eval/results_v3/ideas/runtime_free.jsonl
ideas,runtime-v3,IDEAS.BoundaryConditions.SolarIrradiation.RadiationConvertorSimplified,1,network-boundary-port,low,True,execution-not-completed,"{""node"": ""HDirMax -- HDirNor"", ""boundary_connectors"": ""HDirMax, HDirNor"", ""wired_to"": ""nothing"", ""note"": ""this connector belongs to the model itself, not to a component inside it: the model is an interface compiled on its own, so the node is open on one side. Nothing forces its flow, which is why a structural matching reports an unmatched unknown here. Not a defect in the model""}",/data/mrumoca/eval/results_v3/ideas/runtime_free.jsonl
ideas,runtime-v3,IDEAS.BoundaryConditions.SolarIrradiation.RadiationConvertorSimplified,2,network-boundary-port,low,True,execution-not-completed,"{""node"": ""HDifHor -- HEast -- HGloHor -- HSouth -- HWest -- Hmin -- add[1] -- add[2] -- add[3] -- gainDif -- rhoGai[1] -- rhoGai[2] -- rhoGai[3]"", ""boundary_connectors"": ""HDifHor, HEast, HGloHor, HSouth, HWest, Hmin, add[1], add[2], add[3], gainDif, rhoGai[1], rhoGai[2], rhoGai[3]"", ""wired_to"": ""nothing"", ""note"": ""this connector belongs to the model itself, not to a component inside it: the model is an interface compiled on its own, so the node is open on one side. Nothing forces its flow, which is why a structural matching reports an unmatched unknown here. Not a defect in the model""}",/data/mrumoca/eval/results_v3/ideas/runtime_free.jsonl
ideas,runtime-v3,IDEAS.BoundaryConditions.SolarIrradiation.RadiationConvertorSimplified,3,network-boundary-port,low,True,execution-not-completed,"{""node"": ""decAng -- incEast -- incHor -- incSouth -- incWest -- solHouAng"", ""boundary_connectors"": ""decAng, incEast, incHor, incSouth, incWest, solHouAng"", ""wired_to"": ""nothing"", ""note"": ""this connector belongs to the model itself, not to a component inside it: the model is an interface compiled on its own, so the node is open on one side. Nothing forces its flow, which is why a structural matching reports an unmatched unknown here. Not a defect in the model""}",/data/mrumoca/eval/results_v3/ideas/runtime_free.jsonl
ideas,runtime-v3,IDEAS.BoundaryConditions.SolarIrradiation.RadiationConvertorSimplified,4,network-observation-incomplete,info,True,execution-not-completed,"{""reason"": ""missing or unsynchronized connector member observations"", ""note"": ""coverage gap, not a model defect""}",/data/mrumoca/eval/results_v3/ideas/runtime_free.jsonl
ideas,runtime-v3,IDEAS.BoundaryConditions.SolarIrradiation.RadiationConvertorSimplified,5,initialization-failure,high,True,execution-not-completed,"{""failure_kind"": ""unknown"", ""reason"": ""EAS.BoundaryConditions.SolarIrradiation.RadiationConvertorSimplified to t=1 with 73 trace point(s)... \u001b[31m\u001b[0m simulation failed: parameter `lat` has neither a binding nor an initial \u001b[31m\u2502\u001b[0m value"", ""raw"": ""reading /tmp/tmpjb9_wl9i/traced.rbc (bitcode v2, cbor) holding 5 free input(s) constant at their start values: HEast=0, HSouth=0, HWest=0, decAng=0, solHouAng=0 Simulating IDEAS.BoundaryConditions.SolarIrradiation.RadiationConvertorSimplified to t=1 with 73 trace point(s)... \u001b[31m\u001b[0m simulation failed: parameter `lat` has neither a binding nor an initial \u001b[31m\u2502\u001b[0m value"", ""tool_side"": false}",/data/mrumoca/eval/results_v3/ideas/runtime_free.jsonl
ideas,runtime-v3,IDEAS.BoundaryConditions.WeatherData.BaseClasses.CheckDryBulbTemperature,0,simulation-failure,high,True,execution-not-completed,"{""failure_kind"": ""unknown"", ""reason"": ""ith 2 trace point(s)... \u001b[31m\u001b[0m simulation failed: Modelica assert failed at t=0.000000000: In \u001b[31m\u2502\u001b[0m CheckDryBulbTemperature: Weather data dry bulb temperature out of bounds. \u001b[31m\u2502\u001b[0m TIn = 0"", ""raw"": ""reading /tmp/tmpo3fis57n/traced.rbc (bitcode v2, cbor) holding 1 free input(s) constant at their start values: TIn=0 Simulating IDEAS.BoundaryConditions.WeatherData.BaseClasses.CheckDryBulbTemperature to t=1 with 2 trace point(s)... \u001b[31m\u001b[0m simulation failed: Modelica assert failed at t=0.000000000: In \u001b[31m\u2502\u001b[0m CheckDryBulbTemperature: Weather data dry bulb temperature out of bounds. \u001b[31m\u2502\u001b[0"", ""tool_side"": false}",/data/mrumoca/eval/results_v3/ideas/runtime_free.jsonl
ideas,runtime-v3,IDEAS.BoundaryConditions.WeatherData.BaseClasses.CheckBlackBodySkyTemperature,0,simulation-failure,high,True,execution-not-completed,"{""failure_kind"": ""unknown"", ""reason"": "". \u001b[31m\u001b[0m simulation failed: Modelica assert failed at t=0.000000000: In \u001b[31m\u2502\u001b[0m CheckBlackBodySkyTemperature: Weather data black-body sky temperature out \u001b[31m\u2502\u001b[0m of bounds. \u001b[31m\u2502\u001b[0m TIn = 0"", ""raw"": ""reading /tmp/tmpyc3rctqm/traced.rbc (bitcode v2, cbor) holding 1 free input(s) constant at their start values: TIn=0 Simulating IDEAS.BoundaryConditions.WeatherData.BaseClasses.CheckBlackBodySkyTemperature to t=1 with 2 trace point(s)... \u001b[31m\u001b[0m simulation failed: Modelica assert failed at t=0.000000000: In \u001b[31m\u2502\u001b[0m CheckBlackBodySkyTemperature: Weather data black-body sky temperature out \u001b[31"", ""tool_side"": false}",/data/mrumoca/eval/results_v3/ideas/runtime_free.jsonl
ideas,runtime-v3,IDEAS.BoundaryConditions.WeatherData.BaseClasses.CheckDewPointTemperature,0,simulation-failure,high,True,execution-not-completed,"{""failure_kind"": ""unknown"", ""reason"": ""oint(s)... \u001b[31m\u001b[0m simulation failed: Modelica assert failed at t=0.000000000: In \u001b[31m\u2502\u001b[0m CheckDewPointTemperature: Weather data dew point temperature out of \u001b[31m\u2502\u001b[0m bounds. \u001b[31m\u2502\u001b[0m TIn = 0"", ""raw"": ""reading /tmp/tmpj61_g7br/traced.rbc (bitcode v2, cbor) holding 1 free input(s) constant at their start values: TIn=0 Simulating IDEAS.BoundaryConditions.WeatherData.BaseClasses.CheckDewPointTemperature to t=1 with 2 trace point(s)... \u001b[31m\u001b[0m simulation failed: Modelica assert failed at t=0.000000000: In \u001b[31m\u2502\u001b[0m CheckDewPointTemperature: Weather data dew point temperature out of \u001b[31m\u2502\u001b[0m bou"", ""tool_side"": false}",/data/mrumoca/eval/results_v3/ideas/runtime_free.jsonl
ideas,runtime-v3,IDEAS.BoundaryConditions.SolarIrradiation.ShadedRadSol,0,network-boundary-port,low,True,execution-not-completed,"{""node"": ""F1 -- F2 -- HDifTil -- TenvExpr -- angDec -- angHou -- angZen -- extConvCoeff -- incAng -- relAzi -- solAzi -- solBus -- solDifHor -- solDirPer -- solDirTil -- solGloHor -- solTim -- surfAzi -- winDir -- winSpe"", ""boundary_connectors"": ""F1, F2, HDifTil, TenvExpr, angDec, angHou, angZen, extConvCoeff, incAng, relAzi, solAzi, solBus, solDifHor, solDirPer, solDirTil, solGloHor, solTim, surfAzi, winDir, winSpe"", ""wired_to"": ""nothing"", ""note"": ""this connector belongs to the model itself, not to a component inside it: the model is an interface compiled on its own, so the node is open on one side. Nothing forces its flow, which is why a structural matching reports an unmatched unknown here. Not a defect in the model""}",/data/mrumoca/eval/results_v3/ideas/runtime_free.jsonl
ideas,runtime-v3,IDEAS.BoundaryConditions.SolarIrradiation.ShadedRadSol,1,network-observation-incomplete,info,True,execution-not-completed,"{""reason"": ""missing or unsynchronized connector member observations"", ""note"": ""coverage gap, not a model defect""}",/data/mrumoca/eval/results_v3/ideas/runtime_free.jsonl
ideas,runtime-v3,IDEAS.BoundaryConditions.SolarIrradiation.ShadedRadSol,2,initialization-failure,high,True,execution-not-completed,"{""failure_kind"": ""unknown"", ""reason"": ""=0 Simulating IDEAS.BoundaryConditions.SolarIrradiation.ShadedRadSol to t=1 with 63 trace point(s)... \u001b[31m\u001b[0m simulation failed: parameter `inc` has neither a binding nor an initial \u001b[31m\u2502\u001b[0m value"", ""raw"": ""reading /tmp/tmpcvby_nhe/traced.rbc (bitcode v2, cbor) holding 13 free input(s) constant at their start values: angZen=0, solDifHor=0, solGloHor=0, F1=0, F2=0, solDirPer=0, angHou=0, angDec=0, solTim=0, winSpe=0, winDir=0, TskyPow4=0, TePow4=0 Simulating IDEAS.BoundaryConditions.SolarIrradiation.ShadedRadSol to t=1 with 63 trace point(s)... \u001b[31m\u001b[0m simulation failed: parameter `inc` has neither "", ""tool_side"": false}",/data/mrumoca/eval/results_v3/ideas/runtime_free.jsonl
ideas,runtime-v3,IDEAS.BoundaryConditions.WeatherData.BaseClasses.CheckPressure,0,simulation-failure,high,True,execution-not-completed,"{""failure_kind"": ""unknown"", ""reason"": ""e to t=1 with 2 trace point(s)... \u001b[31m\u001b[0m simulation failed: Modelica assert failed at t=0.000000000: In \u001b[31m\u2502\u001b[0m CheckPressure: Weather data atmospheric pressure out of bounds. \u001b[31m\u2502\u001b[0m PIn = 0"", ""raw"": ""reading /tmp/tmphdfyxbjy/traced.rbc (bitcode v2, cbor) holding 1 free input(s) constant at their start values: PIn=0 Simulating IDEAS.BoundaryConditions.WeatherData.BaseClasses.CheckPressure to t=1 with 2 trace point(s)... \u001b[31m\u001b[0m simulation failed: Modelica assert failed at t=0.000000000: In \u001b[31m\u2502\u001b[0m CheckPressure: Weather data atmospheric pressure out of bounds. \u001b[31m\u2502\u001b[0m PIn = 0"", ""tool_side"": false}",/data/mrumoca/eval/results_v3/ideas/runtime_free.jsonl
ideas,runtime-v3,IDEAS.BoundaryConditions.WeatherData.BaseClasses.Examples.ConvertTimeNegativeStart,0,network-boundary-port,low,False,standalone-topology-not-defect-proof,"{""node"": ""conTim -- modTim"", ""boundary_connectors"": ""conTim, modTim"", ""wired_to"": ""nothing"", ""note"": ""this connector belongs to the model itself, not to a component inside it: the model is an interface compiled on its own, so the node is open on one side. Nothing forces its flow, which is why a structural matching reports an unmatched unknown here. Not a defect in the model""}",/data/mrumoca/eval/results_v3/ideas/runtime_free.jsonl
ideas,runtime-v3,IDEAS.BoundaryConditions.WeatherData.BaseClasses.Examples.ConvertTimePositiveStart,0,network-boundary-port,low,False,standalone-topology-not-defect-proof,"{""node"": ""conTim -- modTim"", ""boundary_connectors"": ""conTim, modTim"", ""wired_to"": ""nothing"", ""note"": ""this connector belongs to the model itself, not to a component inside it: the model is an interface compiled on its own, so the node is open on one side. Nothing forces its flow, which is why a structural matching reports an unmatched unknown here. Not a defect in the model""}",/data/mrumoca/eval/results_v3/ideas/runtime_free.jsonl
ideas,runtime-v3,IDEAS.BoundaryConditions.WeatherData.BaseClasses.Examples.ConvertTime,0,network-boundary-port,low,False,standalone-topology-not-defect-proof,"{""node"": ""conTim -- modTim"", ""boundary_connectors"": ""conTim, modTim"", ""wired_to"": ""nothing"", ""note"": ""this connector belongs to the model itself, not to a component inside it: the model is an interface compiled on its own, so the node is open on one side. Nothing forces its flow, which is why a structural matching reports an unmatched unknown here. Not a defect in the model""}",/data/mrumoca/eval/results_v3/ideas/runtime_free.jsonl
ideas,runtime-v3,IDEAS.BoundaryConditions.WeatherData.BaseClasses.Examples.CheckBlackBodySkyTemperature,0,network-boundary-port,low,False,standalone-topology-not-defect-proof,"{""node"": ""TBlaBod -- cheSkyBlaBodTem"", ""boundary_connectors"": ""TBlaBod, cheSkyBlaBodTem"", ""wired_to"": ""nothing"", ""note"": ""this connector belongs to the model itself, not to a component inside it: the model is an interface compiled on its own, so the node is open on one side. Nothing forces its flow, which is why a structural matching reports an unmatched unknown here. Not a defect in the model""}",/data/mrumoca/eval/results_v3/ideas/runtime_free.jsonl
ideas,runtime-v3,IDEAS.BoundaryConditions.WeatherData.BaseClasses.Examples.EquationOfTime,0,network-boundary-port,low,False,standalone-topology-not-defect-proof,"{""node"": ""eqnTim -- modTim"", ""boundary_connectors"": ""eqnTim, modTim"", ""wired_to"": ""nothing"", ""note"": ""this connector belongs to the model itself, not to a component inside it: the model is an interface compiled on its own, so the node is open on one side. Nothing forces its flow, which is why a structural matching reports an unmatched unknown here. Not a defect in the model""}",/data/mrumoca/eval/results_v3/ideas/runtime_free.jsonl
ideas,runtime-v3,IDEAS.BoundaryConditions.WeatherData.BaseClasses.Examples.LocalCivilTime,0,network-boundary-port,low,False,standalone-topology-not-defect-proof,"{""node"": ""locTim -- modTim"", ""boundary_connectors"": ""locTim, modTim"", ""wired_to"": ""nothing"", ""note"": ""this connector belongs to the model itself, not to a component inside it: the model is an interface compiled on its own, so the node is open on one side. Nothing forces its flow, which is why a structural matching reports an unmatched unknown here. Not a defect in the model""}",/data/mrumoca/eval/results_v3/ideas/runtime_free.jsonl
ideas,runtime-v3,IDEAS.BoundaryConditions.WeatherData.BaseClasses.Examples.SolarTime,0,network-boundary-port,low,False,standalone-topology-not-defect-proof,"{""node"": ""eqnTim -- locTim -- modTim -- solTim"", ""boundary_connectors"": ""eqnTim, locTim, modTim, solTim"", ""wired_to"": ""nothing"", ""note"": ""this connector belongs to the model itself, not to a component inside it: the model is an interface compiled on its own, so the node is open on one side. Nothing forces its flow, which is why a structural matching reports an unmatched unknown here. Not a defect in the model""}",/data/mrumoca/eval/results_v3/ideas/runtime_free.jsonl
ideas,runtime-v3,IDEAS.BoundaryConditions.WeatherData.BaseClasses.LocalCivilTime,0,initialization-failure,high,True,execution-not-completed,"{""failure_kind"": ""unknown"", ""reason"": ""ng IDEAS.BoundaryConditions.WeatherData.BaseClasses.LocalCivilTime to t=1 with 5 trace point(s)... \u001b[31m\u001b[0m simulation failed: parameter `timZon` has neither a binding nor an initial \u001b[31m\u2502\u001b[0m value"", ""raw"": ""reading /tmp/tmpqb81bax1/traced.rbc (bitcode v2, cbor) holding 1 free input(s) constant at their start values: cloTim=0 Simulating IDEAS.BoundaryConditions.WeatherData.BaseClasses.LocalCivilTime to t=1 with 5 trace point(s)... \u001b[31m\u001b[0m simulation failed: parameter `timZon` has neither a binding nor an initial \u001b[31m\u2502\u001b[0m value"", ""tool_side"": false}",/data/mrumoca/eval/results_v3/ideas/runtime_free.jsonl
ideas,runtime-v3,IDEAS.BoundaryConditions.WeatherData.ReaderTMY3.Latitude,0,initialization-failure,high,False,execution-not-completed,"{""failure_kind"": ""unknown"", ""reason"": ""ulating IDEAS.BoundaryConditions.WeatherData.ReaderTMY3.Latitude to t=1 with 1 trace point(s)... \u001b[31m\u001b[0m simulation failed: parameter `latitude` has neither a binding nor an \u001b[31m\u2502\u001b[0m initial value"", ""raw"": ""reading /tmp/tmpuzv5h4dx/traced.rbc (bitcode v2, cbor) Simulating IDEAS.BoundaryConditions.WeatherData.ReaderTMY3.Latitude to t=1 with 1 trace point(s)... \u001b[31m\u001b[0m simulation failed: parameter `latitude` has neither a binding nor an \u001b[31m\u2502\u001b[0m initial value"", ""tool_side"": false}",/data/mrumoca/eval/results_v3/ideas/runtime_free.jsonl
ideas,runtime-v3,IDEAS.Buildings.Components.BaseClasses.ConductiveHeatTransfer.MonoLayer,0,network-boundary-port,low,False,execution-not-completed,"{""node"": ""port_a -- port_b -- port_gain"", ""boundary_connectors"": ""port_a, port_b, port_gain"", ""wired_to"": ""nothing"", ""note"": ""this connector belongs to the model itself, not to a component inside it: the model is an interface compiled on its own, so the node is open on one side. Nothing forces its flow, which is why a structural matching reports an unmatched unknown here. Not a defect in the model""}",/data/mrumoca/eval/results_v3/ideas/runtime_free.jsonl
ideas,runtime-v3,IDEAS.Buildings.Components.BaseClasses.ConductiveHeatTransfer.MonoLayer,1,physical-intent-question,low,False,execution-not-completed,"{""domain"": ""fluid"", ""rule"": ""fluid.area.positive"", ""rule_origin"": ""a flow cross-section is a divisor in every velocity relation; zero area admits no flow and divides by zero"", ""rule_reference"": """", ""matched_by"": {""quantity"": ""Area"", ""unit"": ""m2"", ""confidence"": ""QUANTITY_AND_UNIT"", ""premise_state"": ""unknown"", ""authority"": ""quantity_or_unit"", ""canonical_declaration"": ""IDEAS.Buildings.Components.BaseClasses.ConductiveHeatTransfer.MonoLayer.A""}, ""required"": ""A > 0"", ""declared_min"": null, ""variable_role"": ""parameter"", ""observation"": ""permissive-declaration"", ""premise_state"": ""unknown"", ""authority"": ""quantity_or_unit"", ""canonical_declaration"": ""IDEAS.Buildings.Components.BaseClasses.ConductiveHeatTransfer.MonoLayer.A"", ""question"": ""`A` carries no bound that would exclude it, which is unusual for an area \u2014 but nothing declares what this component is, so the analyzer cannot tell whether it is intended. Is it? If so, declare it: add a component contract, or a `[[contracts]]` entry naming the intended `sign_domain`. If not, bound the declaration.""}",/data/mrumoca/eval/results_v3/ideas/runtime_free.jsonl
ideas,runtime-v3,IDEAS.Buildings.Components.BaseClasses.ConductiveHeatTransfer.MonoLayer,2,physical-bound-permits-zero,low,False,execution-not-completed,"{""domain"": ""fluid"", ""rule"": ""fluid.density.positive"", ""rule_origin"": ""mass per volume of a real fluid; density appears as a divisor throughout the Fluid library"", ""rule_reference"": """", ""matched_by"": {""quantity"": ""Density"", ""unit"": ""kg/m3"", ""confidence"": ""QUANTITY_AND_UNIT"", ""premise_state"": ""unknown"", ""authority"": ""quantity_or_unit"", ""canonical_declaration"": ""IDEAS.Buildings.Data.Interfaces.Material.rho""}, ""required"": ""mat.rho > 0"", ""declared_min"": 0.0, ""variable_role"": ""parameter"", ""premise_state"": ""established"", ""authority"": ""source_arithmetic"", ""canonical_declaration"": ""IDEAS.Buildings.Data.Interfaces.Material.rho"", ""contract_source"": ""equation"", ""premise_reason"": ""a source equation divides by this parameter, so the value is excluded by arithmetic rather than by intent"", ""note"": ""the declaration explicitly permits zero (`min=0`); whether zero is actually admissible needs execution, and for Mass/Inertia it is not""}",/data/mrumoca/eval/results_v3/ideas/runtime_free.jsonl
ideas,runtime-v3,IDEAS.Buildings.Components.BaseClasses.ConductiveHeatTransfer.MonoLayer,3,network-observation-incomplete,info,False,execution-not-completed,"{""reason"": ""missing or unsynchronized connector member observations"", ""note"": ""coverage gap, not a model defect""}",/data/mrumoca/eval/results_v3/ideas/runtime_free.jsonl
ideas,runtime-v3,IDEAS.Buildings.Components.BaseClasses.ConductiveHeatTransfer.MonoLayer,4,initialization-failure,high,False,execution-not-completed,"{""failure_kind"": ""singular-system"", ""reason"": ""iveHeatTransfer.MonoLayer to t=1 with 8 trace point(s)... \u001b[31m\u001b[0m simulation failed: DAE structural proof failed: structurally singular \u001b[31m\u2502\u001b[0m system: 7 matched out of 8 equations and 8 unknowns"", ""raw"": ""reading /tmp/tmpke0vjr50/traced.rbc (bitcode v2, cbor) Simulating IDEAS.Buildings.Components.BaseClasses.ConductiveHeatTransfer.MonoLayer to t=1 with 8 trace point(s)... \u001b[31m\u001b[0m simulation failed: DAE structural proof failed: structurally singular \u001b[31m\u2502\u001b[0m system: 7 matched out of 8 equations and 8 unknowns"", ""tool_side"": false}",/data/mrumoca/eval/results_v3/ideas/runtime_free.jsonl
ideas,runtime-v3,IDEAS.BoundaryConditions.WeatherData.ReaderTMY3.Longitude,0,initialization-failure,high,False,execution-not-completed,"{""failure_kind"": ""unknown"", ""reason"": ""ating IDEAS.BoundaryConditions.WeatherData.ReaderTMY3.Longitude to t=1 with 1 trace point(s)... \u001b[31m\u001b[0m simulation failed: parameter `longitude` has neither a binding nor an \u001b[31m\u2502\u001b[0m initial value"", ""raw"": ""reading /tmp/tmpyr6pgbfa/traced.rbc (bitcode v2, cbor) Simulating IDEAS.BoundaryConditions.WeatherData.ReaderTMY3.Longitude to t=1 with 1 trace point(s)... \u001b[31m\u001b[0m simulation failed: parameter `longitude` has neither a binding nor an \u001b[31m\u2502\u001b[0m initial value"", ""tool_side"": false}",/data/mrumoca/eval/results_v3/ideas/runtime_free.jsonl
ideas,runtime-v3,IDEAS.BoundaryConditions.WeatherData.ReaderTMY3.Altitude,0,initialization-failure,high,False,execution-not-completed,"{""failure_kind"": ""unknown"", ""reason"": ""ulating IDEAS.BoundaryConditions.WeatherData.ReaderTMY3.Altitude to t=1 with 1 trace point(s)... \u001b[31m\u001b[0m simulation failed: parameter `Altitude` has neither a binding nor an \u001b[31m\u2502\u001b[0m initial value"", ""raw"": ""reading /tmp/tmpdbyb8244/traced.rbc (bitcode v2, cbor) Simulating IDEAS.BoundaryConditions.WeatherData.ReaderTMY3.Altitude to t=1 with 1 trace point(s)... \u001b[31m\u001b[0m simulation failed: parameter `Altitude` has neither a binding nor an \u001b[31m\u2502\u001b[0m initial value"", ""tool_side"": false}",/data/mrumoca/eval/results_v3/ideas/runtime_free.jsonl
ideas,runtime-v3,IDEAS.Buildings.Components.BaseClasses.ConductiveHeatTransfer.MonoLayerStatic,0,network-boundary-port,low,False,execution-not-completed,"{""node"": ""port_gain -- theCon_a.port_b -- theCon_b.port_a"", ""boundary_connectors"": ""port_gain"", ""wired_to"": ""theCon_a.port_b, theCon_b.port_a"", ""note"": ""this connector belongs to the model itself, not to a component inside it: the model is an interface compiled on its own, so the node is open on one side. Nothing forces its flow, which is why a structural matching reports an unmatched unknown here. Not a defect in the model""}",/data/mrumoca/eval/results_v3/ideas/runtime_free.jsonl
ideas,runtime-v3,IDEAS.Buildings.Components.BaseClasses.ConductiveHeatTransfer.MonoLayerStatic,1,network-boundary-port,low,False,execution-not-completed,"{""node"": ""port_a -- theCon_a.port_a"", ""boundary_connectors"": ""port_a"", ""wired_to"": ""theCon_a.port_a"", ""note"": ""this connector belongs to the model itself, not to a component inside it: the model is an interface compiled on its own, so the node is open on one side. Nothing forces its flow, which is why a structural matching reports an unmatched unknown here. Not a defect in the model""}",/data/mrumoca/eval/results_v3/ideas/runtime_free.jsonl
ideas,runtime-v3,IDEAS.Buildings.Components.BaseClasses.ConductiveHeatTransfer.MonoLayerStatic,2,network-boundary-port,low,False,execution-not-completed,"{""node"": ""port_b -- theCon_b.port_b"", ""boundary_connectors"": ""port_b"", ""wired_to"": ""theCon_b.port_b"", ""note"": ""this connector belongs to the model itself, not to a component inside it: the model is an interface compiled on its own, so the node is open on one side. Nothing forces its flow, which is why a structural matching reports an unmatched unknown here. Not a defect in the model""}",/data/mrumoca/eval/results_v3/ideas/runtime_free.jsonl
ideas,runtime-v3,IDEAS.Buildings.Components.BaseClasses.ConductiveHeatTransfer.MonoLayerStatic,3,physical-zero-is-a-supported-limit,low,False,execution-not-completed,"{""domain"": ""thermal"", ""rule"": ""thermal.conductance.positive"", ""rule_origin"": ""heat flows from hot to cold; G <= 0 reverses the second law"", ""rule_reference"": """", ""matched_by"": {""quantity"": ""ThermalConductance"", ""unit"": ""W/K"", ""confidence"": ""QUANTITY_AND_UNIT"", ""premise_state"": ""unknown"", ""authority"": ""quantity_or_unit"", ""canonical_declaration"": ""Modelica.Thermal.HeatTransfer.Components.ThermalConductor.G""}, ""required"": ""theCon_a.G > 0"", ""declared_min"": null, ""variable_role"": ""parameter"", ""premise_state"": ""refuted"", ""authority"": ""component_contract"", ""contract"": ""Modelica.Thermal.HeatTransfer.Components.ThermalConductor.G: feature_disabled (proven, from equation) \u2014 the parameter appears only as a multiplier, so at zero the term it scales drops out and the rest of the model is unaffected"", ""contract_behavior"": ""feature_disabled"", ""contract_confidence"": ""proven"", ""contract_source"": ""equation"", ""note"": ""the positivity rule does not apply: this component documents zero as a meaningful limit, so reporting a missing bound would contradict its contract""}",/data/mrumoca/eval/results_v3/ideas/runtime_free.jsonl
ideas,runtime-v3,IDEAS.Buildings.Components.BaseClasses.ConductiveHeatTransfer.MonoLayerStatic,4,physical-zero-is-a-supported-limit,low,False,execution-not-completed,"{""domain"": ""thermal"", ""rule"": ""thermal.conductance.positive"", ""rule_origin"": ""heat flows from hot to cold; G <= 0 reverses the second law"", ""rule_reference"": """", ""matched_by"": {""quantity"": ""ThermalConductance"", ""unit"": ""W/K"", ""confidence"": ""QUANTITY_AND_UNIT"", ""premise_state"": ""unknown"", ""authority"": ""quantity_or_unit"", ""canonical_declaration"": ""Modelica.Thermal.HeatTransfer.Components.ThermalConductor.G""}, ""required"": ""theCon_b.G > 0"", ""declared_min"": null, ""variable_role"": ""parameter"", ""premise_state"": ""refuted"", ""authority"": ""component_contract"", ""contract"": ""Modelica.Thermal.HeatTransfer.Components.ThermalConductor.G: feature_disabled (proven, from equation) \u2014 the parameter appears only as a multiplier, so at zero the term it scales drops out and the rest of the model is unaffected"", ""contract_behavior"": ""feature_disabled"", ""contract_confidence"": ""proven"", ""contract_source"": ""equation"", ""note"": ""the positivity rule does not apply: this component documents zero as a meaningful limit, so reporting a missing bound would contradict its contract""}",/data/mrumoca/eval/results_v3/ideas/runtime_free.jsonl
ideas,runtime-v3,IDEAS.Buildings.Components.BaseClasses.ConductiveHeatTransfer.MonoLayerStatic,5,physical-zero-is-a-supported-limit,low,False,execution-not-completed,"{""domain"": ""thermal"", ""rule"": ""thermal.conductance.positive"", ""rule_origin"": ""heat flows from hot to cold; G <= 0 reverses the second law"", ""rule_reference"": """", ""matched_by"": {""quantity"": ""ThermalConductance"", ""unit"": ""W/K"", ""confidence"": ""QUANTITY_AND_UNIT"", ""premise_state"": ""unknown"", ""authority"": ""quantity_or_unit"", ""canonical_declaration"": ""IDEAS.Buildings.Components.BaseClasses.ConductiveHeatTransfer.MonoLayerStatic.G2""}, ""required"": ""G2 > 0"", ""declared_min"": null, ""variable_role"": ""parameter"", ""premise_state"": ""refuted"", ""authority"": ""component_contract"", ""contract"": ""Modelica.Thermal.HeatTransfer.Components.ThermalConductor.G: feature_disabled (proven, from equation) \u2014 inherited from theCon_a.G, which it binds: the parameter appears only as a multiplier, so at zero the term it scales drops out and the rest of the model is unaffected"", ""contract_behavior"": ""feature_disabled"", ""contract_confidence"": ""proven"", ""contract_source"": ""equation"", ""note"": ""the positivity rule does not apply: this component documents zero as a meaningful limit, so reporting a missing bound would contradict its contract""}",/data/mrumoca/eval/results_v3/ideas/runtime_free.jsonl
ideas,runtime-v3,IDEAS.Buildings.Components.BaseClasses.ConductiveHeatTransfer.MonoLayerStatic,6,network-observation-incomplete,info,False,execution-not-completed,"{""reason"": ""missing or unsynchronized connector member observations"", ""note"": ""coverage gap, not a model defect""}",/data/mrumoca/eval/results_v3/ideas/runtime_free.jsonl
ideas,runtime-v3,IDEAS.Buildings.Components.BaseClasses.ConductiveHeatTransfer.MonoLayerStatic,7,initialization-failure,high,False,execution-not-completed,"{""failure_kind"": ""singular-system"", ""reason"": ""nsfer.MonoLayerStatic to t=1 with 18 trace point(s)... \u001b[31m\u001b[0m simulation failed: DAE structural proof failed: structurally singular \u001b[31m\u2502\u001b[0m system: 17 matched out of 18 equations and 18 unknowns"", ""raw"": ""reading /tmp/tmpr75w6hbr/traced.rbc (bitcode v2, cbor) Simulating IDEAS.Buildings.Components.BaseClasses.ConductiveHeatTransfer.MonoLayerStatic to t=1 with 18 trace point(s)... \u001b[31m\u001b[0m simulation failed: DAE structural proof failed: structurally singular \u001b[31m\u2502\u001b[0m system: 17 matched out of 18 equations and 18 unknowns"", ""tool_side"": false}",/data/mrumoca/eval/results_v3/ideas/runtime_free.jsonl
ideas,runtime-v3,IDEAS.Buildings.Components.BaseClasses.ConservationOfEnergy.PrescribedEnergy,0,network-port-unconnected,low,True,execution-not-completed,"{""connector"": ""port"", ""component"": ""<top level>"", ""component_class"": ""unknown"", ""flows_forced_to_zero"": ""port.E"", ""note"": ""nothing is connected to this port, so MLS \u00a79.2 forces its flow to zero. That is correct for a component compiled on its own and is not a defect; it is recorded because it is the commonest reason a model looks structurally singular""}",/data/mrumoca/eval/results_v3/ideas/runtime_free.jsonl
ideas,runtime-v3,IDEAS.Buildings.Components.BaseClasses.ConservationOfEnergy.PrescribedEnergy,1,network-component-isolated,low,True,execution-not-completed,"{""component"": ""<top level>"", ""component_class"": ""unknown"", ""ports"": ""port"", ""note"": ""every port of this instance is unconnected, so it exchanges nothing with the rest of the model while still contributing its equations""}",/data/mrumoca/eval/results_v3/ideas/runtime_free.jsonl
ideas,runtime-v3,IDEAS.Buildings.Components.BaseClasses.ConservationOfEnergy.PrescribedEnergy,2,network-observation-incomplete,info,True,execution-not-completed,"{""reason"": ""missing or unsynchronized connector member observations"", ""note"": ""coverage gap, not a model defect""}",/data/mrumoca/eval/results_v3/ideas/runtime_free.jsonl
ideas,runtime-v3,IDEAS.Buildings.Components.BaseClasses.ConservationOfEnergy.PrescribedEnergy,3,initialization-failure,high,True,execution-not-completed,"{""failure_kind"": ""singular-system"", ""reason"": ""OfEnergy.PrescribedEnergy to t=1 with 3 trace point(s)... \u001b[31m\u001b[0m simulation failed: DAE structural proof failed: structurally singular \u001b[31m\u2502\u001b[0m system: 1 matched out of 2 equations and 2 unknowns"", ""raw"": ""reading /tmp/tmpdceuh_im/traced.rbc (bitcode v2, cbor) holding 1 free input(s) constant at their start values: E=0 Simulating IDEAS.Buildings.Components.BaseClasses.ConservationOfEnergy.PrescribedEnergy to t=1 with 3 trace point(s)... \u001b[31m\u001b[0m simulation failed: DAE structural proof failed: structurally singular \u001b[31m\u2502\u001b[0m system: 1 matched out of 2 equations and 2 unknowns"", ""tool_side"": false}",/data/mrumoca/eval/results_v3/ideas/runtime_free.jsonl
ideas,runtime-v3,IDEAS.Buildings.Components.BaseClasses.ConvectiveHeatTransfer.ExteriorConvection,0,network-port-unconnected,low,True,execution-not-completed,"{""connector"": ""port_a"", ""component"": ""<top level>"", ""component_class"": ""unknown"", ""flows_forced_to_zero"": ""port_a.Q_flow"", ""note"": ""nothing is connected to this port, so MLS \u00a79.2 forces its flow to zero. That is correct for a component compiled on its own and is not a defect; it is recorded because it is the commonest reason a model looks structurally singular""}",/data/mrumoca/eval/results_v3/ideas/runtime_free.jsonl
ideas,runtime-v3,IDEAS.Buildings.Components.BaseClasses.ConvectiveHeatTransfer.ExteriorConvection,1,network-component-isolated,low,True,execution-not-completed,"{""component"": ""<top level>"", ""component_class"": ""unknown"", ""ports"": ""port_a"", ""note"": ""every port of this instance is unconnected, so it exchanges nothing with the rest of the model while still contributing its equations""}",/data/mrumoca/eval/results_v3/ideas/runtime_free.jsonl
ideas,runtime-v3,IDEAS.Buildings.Components.BaseClasses.ConvectiveHeatTransfer.ExteriorConvection,2,physical-zero-is-a-supported-limit,low,True,execution-not-completed,"{""domain"": ""fluid"", ""rule"": ""fluid.area.positive"", ""rule_origin"": ""a flow cross-section is a divisor in every velocity relation; zero area admits no flow and divides by zero"", ""rule_reference"": """", ""matched_by"": {""quantity"": ""Area"", ""unit"": ""m2"", ""confidence"": ""QUANTITY_AND_UNIT"", ""premise_state"": ""unknown"", ""authority"": ""quantity_or_unit"", ""canonical_declaration"": ""IDEAS.Buildings.Components.BaseClasses.ConvectiveHeatTransfer.ExteriorConvection.A""}, ""required"": ""A > 0"", ""declared_min"": null, ""variable_role"": ""parameter"", ""premise_state"": ""refuted"", ""authority"": ""component_contract"", ""contract"": ""IDEAS.Buildings.Components.BaseClasses.ConvectiveHeatTransfer.ExteriorConvection.A: feature_disabled (proven, from equation) \u2014 the parameter appears only as a multiplier, so at zero the term it scales drops out and the rest of the model is unaffected"", ""contract_behavior"": ""feature_disabled"", ""contract_confidence"": ""proven"", ""contract_source"": ""equation"", ""note"": ""the positivity rule does not apply: this component documents zero as a meaningful limit, so reporting a missing bound would contradict its contract""}",/data/mrumoca/eval/results_v3/ideas/runtime_free.jsonl
ideas,runtime-v3,IDEAS.Buildings.Components.BaseClasses.ConvectiveHeatTransfer.ExteriorConvection,3,network-observation-incomplete,info,True,execution-not-completed,"{""reason"": ""missing or unsynchronized connector member observations"", ""note"": ""coverage gap, not a model defect""}",/data/mrumoca/eval/results_v3/ideas/runtime_free.jsonl
ideas,runtime-v3,IDEAS.Buildings.Components.BaseClasses.ConvectiveHeatTransfer.ExteriorConvection,4,initialization-failure,high,True,execution-not-completed,"{""failure_kind"": ""unknown"", ""reason"": ""g IDEAS.Buildings.Components.BaseClasses.ConvectiveHeatTransfer.ExteriorConvection to t=1 with 9 trace point(s)... \u001b[31m\u001b[0m simulation failed: parameter `A` has neither a binding nor an initial value"", ""raw"": ""reading /tmp/tmp98rqxt3c/traced.rbc (bitcode v2, cbor) holding 2 free input(s) constant at their start values: Te=0, hForcedConExt=0 Simulating IDEAS.Buildings.Components.BaseClasses.ConvectiveHeatTransfer.ExteriorConvection to t=1 with 9 trace point(s)... \u001b[31m\u001b[0m simulation failed: parameter `A` has neither a binding nor an initial value"", ""tool_side"": false}",/data/mrumoca/eval/results_v3/ideas/runtime_free.jsonl
ideas,runtime-v3,IDEAS.Buildings.Components.BaseClasses.ConvectiveHeatTransfer.CavityAirflow,0,network-port-unconnected,low,False,execution-not-completed,"{""connector"": ""port_a"", ""component"": ""<top level>"", ""component_class"": ""unknown"", ""flows_forced_to_zero"": ""port_a.Q_flow"", ""note"": ""nothing is connected to this port, so MLS \u00a79.2 forces its flow to zero. That is correct for a component compiled on its own and is not a defect; it is recorded because it is the commonest reason a model looks structurally singular""}",/data/mrumoca/eval/results_v3/ideas/runtime_free.jsonl
ideas,runtime-v3,IDEAS.Buildings.Components.BaseClasses.ConvectiveHeatTransfer.CavityAirflow,1,network-port-unconnected,low,False,execution-not-completed,"{""connector"": ""port_b"", ""component"": ""<top level>"", ""component_class"": ""unknown"", ""flows_forced_to_zero"": ""port_b.Q_flow"", ""note"": ""nothing is connected to this port, so MLS \u00a79.2 forces its flow to zero. That is correct for a component compiled on its own and is not a defect; it is recorded because it is the commonest reason a model looks structurally singular""}",/data/mrumoca/eval/results_v3/ideas/runtime_free.jsonl
ideas,runtime-v3,IDEAS.Buildings.Components.BaseClasses.ConvectiveHeatTransfer.CavityAirflow,2,network-component-isolated,low,False,execution-not-completed,"{""component"": ""<top level>"", ""component_class"": ""unknown"", ""ports"": ""port_a, port_b"", ""note"": ""every port of this instance is unconnected, so it exchanges nothing with the rest of the model while still contributing its equations""}",/data/mrumoca/eval/results_v3/ideas/runtime_free.jsonl
ideas,runtime-v3,IDEAS.Buildings.Components.BaseClasses.ConvectiveHeatTransfer.CavityAirflow,3,physical-zero-is-a-supported-limit,low,False,execution-not-completed,"{""domain"": ""fluid"", ""rule"": ""fluid.density.positive"", ""rule_origin"": ""mass per volume of a real fluid; density appears as a divisor throughout the Fluid library"", ""rule_reference"": """", ""matched_by"": {""quantity"": ""Density"", ""unit"": ""kg/m3"", ""confidence"": ""QUANTITY_AND_UNIT"", ""premise_state"": ""unknown"", ""authority"": ""quantity_or_unit"", ""canonical_declaration"": ""IDEAS.Buildings.Components.BaseClasses.ConvectiveHeatTransfer.CavityAirflow.rho""}, ""required"": ""rho > 0"", ""declared_min"": 0.0, ""variable_role"": ""parameter"", ""premise_state"": ""refuted"", ""authority"": ""component_contract"", ""contract"": ""IDEAS.Buildings.Components.BaseClasses.ConvectiveHeatTransfer.CavityAirflow.rho: feature_disabled (proven, from equation) \u2014 the parameter appears only as a multiplier, so at zero the term it scales drops out and the rest of the model is unaffected"", ""contract_behavior"": ""feature_disabled"", ""contract_confidence"": ""proven"", ""contract_source"": ""equation"", ""note"": ""the positivity rule does not apply: this component documents zero as a meaningful limit, so reporting a missing bound would contradict its contract""}",/data/mrumoca/eval/results_v3/ideas/runtime_free.jsonl
ideas,runtime-v3,IDEAS.Buildings.Components.BaseClasses.ConvectiveHeatTransfer.CavityAirflow,4,network-observation-incomplete,info,False,execution-not-completed,"{""reason"": ""missing or unsynchronized connector member observations"", ""note"": ""coverage gap, not a model defect""}",/data/mrumoca/eval/results_v3/ideas/runtime_free.jsonl
ideas,runtime-v3,IDEAS.Buildings.Components.BaseClasses.ConvectiveHeatTransfer.CavityAirflow,5,initialization-failure,high,False,execution-not-completed,"{""failure_kind"": ""singular-system"", ""reason"": ""eatTransfer.CavityAirflow to t=1 with 5 trace point(s)... \u001b[31m\u001b[0m simulation failed: DAE structural proof failed: structurally singular \u001b[31m\u2502\u001b[0m system: 4 matched out of 5 equations and 5 unknowns"", ""raw"": ""reading /tmp/tmp2usn5826/traced.rbc (bitcode v2, cbor) Simulating IDEAS.Buildings.Components.BaseClasses.ConvectiveHeatTransfer.CavityAirflow to t=1 with 5 trace point(s)... \u001b[31m\u001b[0m simulation failed: DAE structural proof failed: structurally singular \u001b[31m\u2502\u001b[0m system: 4 matched out of 5 equations and 5 unknowns"", ""tool_side"": false}",/data/mrumoca/eval/results_v3/ideas/runtime_free.jsonl
ideas,runtime-v3,IDEAS.Buildings.Components.BaseClasses.ConvectiveHeatTransfer.InteriorConvection,0,network-port-unconnected,low,False,execution-not-completed,"{""connector"": ""port_a"", ""component"": ""<top level>"", ""component_class"": ""unknown"", ""flows_forced_to_zero"": ""port_a.Q_flow"", ""note"": ""nothing is connected to this port, so MLS \u00a79.2 forces its flow to zero. That is correct for a component compiled on its own and is not a defect; it is recorded because it is the commonest reason a model looks structurally singular""}",/data/mrumoca/eval/results_v3/ideas/runtime_free.jsonl
ideas,runtime-v3,IDEAS.Buildings.Components.BaseClasses.ConvectiveHeatTransfer.InteriorConvection,1,network-port-unconnected,low,False,execution-not-completed,"{""connector"": ""port_b"", ""component"": ""<top level>"", ""component_class"": ""unknown"", ""flows_forced_to_zero"": ""port_b.Q_flow"", ""note"": ""nothing is connected to this port, so MLS \u00a79.2 forces its flow to zero. That is correct for a component compiled on its own and is not a defect; it is recorded because it is the commonest reason a model looks structurally singular""}",/data/mrumoca/eval/results_v3/ideas/runtime_free.jsonl
ideas,runtime-v3,IDEAS.Buildings.Components.BaseClasses.ConvectiveHeatTransfer.InteriorConvection,2,network-component-isolated,low,False,execution-not-completed,"{""component"": ""<top level>"", ""component_class"": ""unknown"", ""ports"": ""port_a, port_b"", ""note"": ""every port of this instance is unconnected, so it exchanges nothing with the rest of the model while still contributing its equations""}",/data/mrumoca/eval/results_v3/ideas/runtime_free.jsonl
ideas,runtime-v3,IDEAS.Buildings.Components.BaseClasses.ConvectiveHeatTransfer.InteriorConvection,3,physical-domain-unenforced,medium,False,execution-not-completed,"{""domain"": ""fluid"", ""rule"": ""fluid.area.positive"", ""rule_origin"": ""a flow cross-section is a divisor in every velocity relation; zero area admits no flow and divides by zero"", ""rule_reference"": """", ""matched_by"": {""quantity"": ""Area"", ""unit"": ""m2"", ""confidence"": ""QUANTITY_AND_UNIT"", ""premise_state"": ""unknown"", ""authority"": ""quantity_or_unit"", ""canonical_declaration"": ""IDEAS.Buildings.Components.BaseClasses.ConvectiveHeatTransfer.InteriorConvection.A""}, ""required"": ""A > 0"", ""declared_min"": null, ""variable_role"": ""parameter"", ""premise_state"": ""established"", ""authority"": ""source_arithmetic"", ""canonical_declaration"": ""IDEAS.Buildings.Components.BaseClasses.ConvectiveHeatTransfer.InteriorConvection.A"", ""contract_source"": ""equation"", ""premise_reason"": ""a source equation divides by this parameter, so the value is excluded by arithmetic rather than by intent"", ""note"": ""nothing bounds this declaration, so it permits values the component's own contract forbids""}",/data/mrumoca/eval/results_v3/ideas/runtime_free.jsonl
ideas,runtime-v3,IDEAS.Buildings.Components.BaseClasses.ConvectiveHeatTransfer.InteriorConvection,4,network-observation-incomplete,info,False,execution-not-completed,"{""reason"": ""missing or unsynchronized connector member observations"", ""note"": ""coverage gap, not a model defect""}",/data/mrumoca/eval/results_v3/ideas/runtime_free.jsonl
ideas,runtime-v3,IDEAS.Buildings.Components.BaseClasses.ConvectiveHeatTransfer.InteriorConvection,5,initialization-failure,high,False,execution-not-completed,"{""failure_kind"": ""singular-system"", ""reason"": ""ansfer.InteriorConvection to t=1 with 5 trace point(s)... \u001b[31m\u001b[0m simulation failed: DAE structural proof failed: structurally singular \u001b[31m\u2502\u001b[0m system: 4 matched out of 5 equations and 5 unknowns"", ""raw"": ""reading /tmp/tmprybrb4l1/traced.rbc (bitcode v2, cbor) Simulating IDEAS.Buildings.Components.BaseClasses.ConvectiveHeatTransfer.InteriorConvection to t=1 with 5 trace point(s)... \u001b[31m\u001b[0m simulation failed: DAE structural proof failed: structurally singular \u001b[31m\u2502\u001b[0m system: 4 matched out of 5 equations and 5 unknowns"", ""tool_side"": false}",/data/mrumoca/eval/results_v3/ideas/runtime_free.jsonl
ideas,runtime-v3,IDEAS.Buildings.Components.BaseClasses.ConvectiveHeatTransfer.ExtConvForcedCoeff,0,initialization-failure,high,True,execution-not-completed,"{""failure_kind"": ""unknown"", ""reason"": ""ings.Components.BaseClasses.ConvectiveHeatTransfer.ExtConvForcedCoeff to t=1 with 5 trace point(s)... \u001b[31m\u001b[0m simulation failed: parameter `inc` has neither a binding nor an initial \u001b[31m\u2502\u001b[0m value"", ""raw"": ""reading /tmp/tmpxennoz7u/traced.rbc (bitcode v2, cbor) holding 2 free input(s) constant at their start values: winSpe=0, winDir=0 Simulating IDEAS.Buildings.Components.BaseClasses.ConvectiveHeatTransfer.ExtConvForcedCoeff to t=1 with 5 trace point(s)... \u001b[31m\u001b[0m simulation failed: parameter `inc` has neither a binding nor an initial \u001b[31m\u2502\u001b[0m value"", ""tool_side"": false}",/data/mrumoca/eval/results_v3/ideas/runtime_free.jsonl
ideas,runtime-v3,IDEAS.Buildings.Components.BaseClasses.RadiativeHeatTransfer.ExteriorSolarAbsorption,0,network-port-unconnected,low,True,execution-not-completed,"{""connector"": ""port_a"", ""component"": ""<top level>"", ""component_class"": ""unknown"", ""flows_forced_to_zero"": ""port_a.Q_flow"", ""note"": ""nothing is connected to this port, so MLS \u00a79.2 forces its flow to zero. That is correct for a component compiled on its own and is not a defect; it is recorded because it is the commonest reason a model looks structurally singular""}",/data/mrumoca/eval/results_v3/ideas/runtime_free.jsonl
ideas,runtime-v3,IDEAS.Buildings.Components.BaseClasses.RadiativeHeatTransfer.ExteriorSolarAbsorption,1,network-component-isolated,low,True,execution-not-completed,"{""component"": ""<top level>"", ""component_class"": ""unknown"", ""ports"": ""port_a"", ""note"": ""every port of this instance is unconnected, so it exchanges nothing with the rest of the model while still contributing its equations""}",/data/mrumoca/eval/results_v3/ideas/runtime_free.jsonl
ideas,runtime-v3,IDEAS.Buildings.Components.BaseClasses.RadiativeHeatTransfer.ExteriorSolarAbsorption,2,physical-zero-is-a-supported-limit,low,True,execution-not-completed,"{""domain"": ""fluid"", ""rule"": ""fluid.area.positive"", ""rule_origin"": ""a flow cross-section is a divisor in every velocity relation; zero area admits no flow and divides by zero"", ""rule_reference"": """", ""matched_by"": {""quantity"": ""Area"", ""unit"": ""m2"", ""confidence"": ""QUANTITY_AND_UNIT"", ""premise_state"": ""unknown"", ""authority"": ""quantity_or_unit"", ""canonical_declaration"": ""IDEAS.Buildings.Components.BaseClasses.RadiativeHeatTransfer.ExteriorSolarAbsorption.A""}, ""required"": ""A > 0"", ""declared_min"": null, ""variable_role"": ""parameter"", ""premise_state"": ""refuted"", ""authority"": ""component_contract"", ""contract"": ""IDEAS.Buildings.Components.BaseClasses.RadiativeHeatTransfer.ExteriorSolarAbsorption.A: feature_disabled (proven, from equation) \u2014 the parameter appears only as a multiplier, so at zero the term it scales drops out and the rest of the model is unaffected"", ""contract_behavior"": ""feature_disabled"", ""contract_confidence"": ""proven"", ""contract_source"": ""equation"", ""note"": ""the positivity rule does not apply: this component documents zero as a meaningful limit, so reporting a missing bound would contradict its contract""}",/data/mrumoca/eval/results_v3/ideas/runtime_free.jsonl
ideas,runtime-v3,IDEAS.Buildings.Components.BaseClasses.RadiativeHeatTransfer.ExteriorSolarAbsorption,3,physical-zero-is-a-supported-limit,low,True,execution-not-completed,"{""domain"": ""fluid"", ""rule"": ""fluid.area.positive"", ""rule_origin"": ""a flow cross-section is a divisor in every velocity relation; zero area admits no flow and divides by zero"", ""rule_reference"": """", ""matched_by"": {""quantity"": ""Area"", ""unit"": ""m2"", ""confidence"": ""QUANTITY_AND_UNIT"", ""premise_state"": ""unknown"", ""authority"": ""quantity_or_unit"", ""canonical_declaration"": ""IDEAS.Buildings.Components.BaseClasses.RadiativeHeatTransfer.ExteriorSolarAbsorption.ASw""}, ""required"": ""ASw > 0"", ""declared_min"": null, ""variable_role"": ""parameter"", ""premise_state"": ""refuted"", ""authority"": ""component_contract"", ""contract"": ""IDEAS.Buildings.Components.BaseClasses.RadiativeHeatTransfer.ExteriorSolarAbsorption.ASw: feature_disabled (proven, from equation) \u2014 the parameter appears only as a multiplier, so at zero the term it scales drops out and the rest of the model is unaffected"", ""contract_behavior"": ""feature_disabled"", ""contract_confidence"": ""proven"", ""contract_source"": ""equation"", ""note"": ""the positivity rule does not apply: this component documents zero as a meaningful limit, so reporting a missing bound would contradict its contract""}",/data/mrumoca/eval/results_v3/ideas/runtime_free.jsonl
ideas,runtime-v3,IDEAS.Buildings.Components.BaseClasses.RadiativeHeatTransfer.ExteriorSolarAbsorption,4,network-observation-incomplete,info,True,execution-not-completed,"{""reason"": ""missing or unsynchronized connector member observations"", ""note"": ""coverage gap, not a model defect""}",/data/mrumoca/eval/results_v3/ideas/runtime_free.jsonl
ideas,runtime-v3,IDEAS.Buildings.Components.BaseClasses.RadiativeHeatTransfer.ExteriorSolarAbsorption,5,initialization-failure,high,True,execution-not-completed,"{""failure_kind"": ""singular-system"", ""reason"": ""r.ExteriorSolarAbsorption to t=1 with 4 trace point(s)... \u001b[31m\u001b[0m simulation failed: DAE structural proof failed: structurally singular \u001b[31m\u2502\u001b[0m system: 1 matched out of 2 equations and 2 unknowns"", ""raw"": ""reading /tmp/tmpmis4t52o/traced.rbc (bitcode v2, cbor) holding 2 free input(s) constant at their start values: solDir=0, solDif=0 Simulating IDEAS.Buildings.Components.BaseClasses.RadiativeHeatTransfer.ExteriorSolarAbsorption to t=1 with 4 trace point(s)... \u001b[31m\u001b[0m simulation failed: DAE structural proof failed: structurally singular \u001b[31m\u2502\u001b[0m system: 1 matched out of 2 equations and 2 unknowns"", ""tool_side"": false}",/data/mrumoca/eval/results_v3/ideas/runtime_free.jsonl
ideas,runtime-v3,IDEAS.Buildings.Components.BaseClasses.RadiativeHeatTransfer.HeatRadiation,0,network-port-unconnected,low,False,execution-not-completed,"{""connector"": ""port_a"", ""component"": ""<top level>"", ""component_class"": ""unknown"", ""flows_forced_to_zero"": ""port_a.Q_flow"", ""note"": ""nothing is connected to this port, so MLS \u00a79.2 forces its flow to zero. That is correct for a component compiled on its own and is not a defect; it is recorded because it is the commonest reason a model looks structurally singular""}",/data/mrumoca/eval/results_v3/ideas/runtime_free.jsonl
ideas,runtime-v3,IDEAS.Buildings.Components.BaseClasses.RadiativeHeatTransfer.HeatRadiation,1,network-port-unconnected,low,False,execution-not-completed,"{""connector"": ""port_b"", ""component"": ""<top level>"", ""component_class"": ""unknown"", ""flows_forced_to_zero"": ""port_b.Q_flow"", ""note"": ""nothing is connected to this port, so MLS \u00a79.2 forces its flow to zero. That is correct for a component compiled on its own and is not a defect; it is recorded because it is the commonest reason a model looks structurally singular""}",/data/mrumoca/eval/results_v3/ideas/runtime_free.jsonl
ideas,runtime-v3,IDEAS.Buildings.Components.BaseClasses.RadiativeHeatTransfer.HeatRadiation,2,network-component-isolated,low,False,execution-not-completed,"{""component"": ""<top level>"", ""component_class"": ""unknown"", ""ports"": ""port_a, port_b"", ""note"": ""every port of this instance is unconnected, so it exchanges nothing with the rest of the model while still contributing its equations""}",/data/mrumoca/eval/results_v3/ideas/runtime_free.jsonl
ideas,runtime-v3,IDEAS.Buildings.Components.BaseClasses.RadiativeHeatTransfer.HeatRadiation,3,physical-zero-is-a-supported-limit,low,False,execution-not-completed,"{""domain"": ""thermal"", ""rule"": ""thermal.conductance.positive"", ""rule_origin"": ""heat flows from hot to cold; G <= 0 reverses the second law"", ""rule_reference"": """", ""matched_by"": {""quantity"": ""ThermalConductance"", ""unit"": ""W/K"", ""confidence"": ""QUANTITY_AND_UNIT"", ""premise_state"": ""unknown"", ""authority"": ""quantity_or_unit"", ""canonical_declaration"": ""IDEAS.Buildings.Components.BaseClasses.RadiativeHeatTransfer.HeatRadiation.coeffLin""}, ""required"": ""coeffLin > 0"", ""declared_min"": null, ""variable_role"": ""parameter"", ""premise_state"": ""refuted"", ""authority"": ""component_contract"", ""contract"": ""IDEAS.Buildings.Components.BaseClasses.RadiativeHeatTransfer.HeatRadiation.coeffLin: feature_disabled (proven, from equation) \u2014 the parameter appears only as a multiplier, so at zero the term it scales drops out and the rest of the model is unaffected"", ""contract_behavior"": ""feature_disabled"", ""contract_confidence"": ""proven"", ""contract_source"": ""equation"", ""note"": ""the positivity rule does not apply: this component documents zero as a meaningful limit, so reporting a missing bound would contradict its contract""}",/data/mrumoca/eval/results_v3/ideas/runtime_free.jsonl
ideas,runtime-v3,IDEAS.Buildings.Components.BaseClasses.RadiativeHeatTransfer.HeatRadiation,4,network-observation-incomplete,info,False,execution-not-completed,"{""reason"": ""missing or unsynchronized connector member observations"", ""note"": ""coverage gap, not a model defect""}",/data/mrumoca/eval/results_v3/ideas/runtime_free.jsonl
ideas,runtime-v3,IDEAS.Buildings.Components.BaseClasses.RadiativeHeatTransfer.HeatRadiation,5,initialization-failure,high,False,execution-not-completed,"{""failure_kind"": ""singular-system"", ""reason"": ""eatTransfer.HeatRadiation to t=1 with 4 trace point(s)... \u001b[31m\u001b[0m simulation failed: DAE structural proof failed: structurally singular \u001b[31m\u2502\u001b[0m system: 3 matched out of 4 equations and 4 unknowns"", ""raw"": ""reading /tmp/tmpx0esm1x9/traced.rbc (bitcode v2, cbor) Simulating IDEAS.Buildings.Components.BaseClasses.RadiativeHeatTransfer.HeatRadiation to t=1 with 4 trace point(s)... \u001b[31m\u001b[0m simulation failed: DAE structural proof failed: structurally singular \u001b[31m\u2502\u001b[0m system: 3 matched out of 4 equations and 4 unknowns"", ""tool_side"": false}",/data/mrumoca/eval/results_v3/ideas/runtime_free.jsonl
ideas,runtime-v3,IDEAS.Buildings.Components.BaseClasses.RadiativeHeatTransfer.ExteriorHeatRadiation,0,network-boundary-port,low,True,execution-not-completed,"{""node"": ""heaRad.port_a -- port_a"", ""boundary_connectors"": ""port_a"", ""wired_to"": ""heaRad.port_a"", ""note"": ""this connector belongs to the model itself, not to a component inside it: the model is an interface compiled on its own, so the node is open on one side. Nothing forces its flow, which is why a structural matching reports an unmatched unknown here. Not a defect in the model""}",/data/mrumoca/eval/results_v3/ideas/runtime_free.jsonl
ideas,runtime-v3,IDEAS.Buildings.Components.BaseClasses.RadiativeHeatTransfer.ExteriorHeatRadiation,1,network-boundary-port,low,True,execution-not-completed,"{""node"": ""Tenv -- preTem"", ""boundary_connectors"": ""Tenv, preTem"", ""wired_to"": ""nothing"", ""note"": ""this connector belongs to the model itself, not to a component inside it: the model is an interface compiled on its own, so the node is open on one side. Nothing forces its flow, which is why a structural matching reports an unmatched unknown here. Not a defect in the model""}",/data/mrumoca/eval/results_v3/ideas/runtime_free.jsonl
ideas,runtime-v3,IDEAS.Buildings.Components.BaseClasses.RadiativeHeatTransfer.ExteriorHeatRadiation,2,physical-domain-unenforced,medium,True,execution-not-completed,"{""domain"": ""fluid"", ""rule"": ""fluid.area.positive"", ""rule_origin"": ""a flow cross-section is a divisor in every velocity relation; zero area admits no flow and divides by zero"", ""rule_reference"": """", ""matched_by"": {""quantity"": ""Area"", ""unit"": ""m2"", ""confidence"": ""QUANTITY_AND_UNIT"", ""premise_state"": ""unknown"", ""authority"": ""quantity_or_unit"", ""canonical_declaration"": ""IDEAS.Buildings.Components.BaseClasses.RadiativeHeatTransfer.ExteriorHeatRadiation.A""}, ""required"": ""A > 0"", ""declared_min"": null, ""variable_role"": ""parameter"", ""premise_state"": ""established"", ""authority"": ""source_arithmetic"", ""canonical_declaration"": ""IDEAS.Buildings.Components.BaseClasses.RadiativeHeatTransfer.ExteriorHeatRadiation.A"", ""contract_source"": ""equation"", ""premise_reason"": ""a source equation divides by this parameter, so the value is excluded by arithmetic rather than by intent"", ""note"": ""nothing bounds this declaration, so it permits values the component's own contract forbids""}",/data/mrumoca/eval/results_v3/ideas/runtime_free.jsonl
ideas,runtime-v3,IDEAS.Buildings.Components.BaseClasses.RadiativeHeatTransfer.ExteriorHeatRadiation,3,physical-zero-is-a-supported-limit,low,True,execution-not-completed,"{""domain"": ""thermal"", ""rule"": ""thermal.conductance.positive"", ""rule_origin"": ""heat flows from hot to cold; G <= 0 reverses the second law"", ""rule_reference"": """", ""matched_by"": {""quantity"": ""ThermalConductance"", ""unit"": ""W/K"", ""confidence"": ""QUANTITY_AND_UNIT"", ""premise_state"": ""unknown"", ""authority"": ""quantity_or_unit"", ""canonical_declaration"": ""IDEAS.Buildings.Components.BaseClasses.RadiativeHeatTransfer.HeatRadiation.coeffLin""}, ""required"": ""heaRad.coeffLin > 0"", ""declared_min"": null, ""variable_role"": ""parameter"", ""premise_state"": ""refuted"", ""authority"": ""component_contract"", ""contract"": ""IDEAS.Buildings.Components.BaseClasses.RadiativeHeatTransfer.HeatRadiation.coeffLin: feature_disabled (proven, from equation) \u2014 the parameter appears only as a multiplier, so at zero the term it scales drops out and the rest of the model is unaffected"", ""contract_behavior"": ""feature_disabled"", ""contract_confidence"": ""proven"", ""contract_source"": ""equation"", ""note"": ""the positivity rule does not apply: this component documents zero as a meaningful limit, so reporting a missing bound would contradict its contract""}",/data/mrumoca/eval/results_v3/ideas/runtime_free.jsonl
ideas,runtime-v3,IDEAS.Buildings.Components.BaseClasses.RadiativeHeatTransfer.ExteriorHeatRadiation,4,network-observation-incomplete,info,True,execution-not-completed,"{""reason"": ""missing or unsynchronized connector member observations"", ""note"": ""coverage gap, not a model defect""}",/data/mrumoca/eval/results_v3/ideas/runtime_free.jsonl
ideas,runtime-v3,IDEAS.Buildings.Components.BaseClasses.RadiativeHeatTransfer.ExteriorHeatRadiation,5,initialization-failure,high,True,execution-not-completed,"{""failure_kind"": ""unknown"", ""reason"": ""DEAS.Buildings.Components.BaseClasses.RadiativeHeatTransfer.ExteriorHeatRadiation to t=1 with 10 trace point(s)... \u001b[31m\u001b[0m simulation failed: parameter `A` has neither a binding nor an initial value"", ""raw"": ""reading /tmp/tmp7jo1_obe/traced.rbc (bitcode v2, cbor) holding 1 free input(s) constant at their start values: Tenv=0 Simulating IDEAS.Buildings.Components.BaseClasses.RadiativeHeatTransfer.ExteriorHeatRadiation to t=1 with 10 trace point(s)... \u001b[31m\u001b[0m simulation failed: parameter `A` has neither a binding nor an initial value"", ""tool_side"": false}",/data/mrumoca/eval/results_v3/ideas/runtime_free.jsonl
ideas,runtime-v3,IDEAS.Buildings.Components.BaseClasses.Varia.EnergyFlowMultiplicator,0,network-port-unconnected,low,False,execution-not-completed,"{""connector"": ""E_a"", ""component"": ""<top level>"", ""component_class"": ""unknown"", ""flows_forced_to_zero"": ""E_a.E"", ""note"": ""nothing is connected to this port, so MLS \u00a79.2 forces its flow to zero. That is correct for a component compiled on its own and is not a defect; it is recorded because it is the commonest reason a model looks structurally singular""}",/data/mrumoca/eval/results_v3/ideas/runtime_free.jsonl
ideas,runtime-v3,IDEAS.Buildings.Components.BaseClasses.Varia.EnergyFlowMultiplicator,1,network-port-unconnected,low,False,execution-not-completed,"{""connector"": ""E_b"", ""component"": ""<top level>"", ""component_class"": ""unknown"", ""flows_forced_to_zero"": ""E_b.E"", ""note"": ""nothing is connected to this port, so MLS \u00a79.2 forces its flow to zero. That is correct for a component compiled on its own and is not a defect; it is recorded because it is the commonest reason a model looks structurally singular""}",/data/mrumoca/eval/results_v3/ideas/runtime_free.jsonl
ideas,runtime-v3,IDEAS.Buildings.Components.BaseClasses.Varia.EnergyFlowMultiplicator,2,network-component-isolated,low,False,execution-not-completed,"{""component"": ""<top level>"", ""component_class"": ""unknown"", ""ports"": ""E_a, E_b"", ""note"": ""every port of this instance is unconnected, so it exchanges nothing with the rest of the model while still contributing its equations""}",/data/mrumoca/eval/results_v3/ideas/runtime_free.jsonl
ideas,runtime-v3,IDEAS.Buildings.Components.BaseClasses.Varia.EnergyFlowMultiplicator,3,network-observation-incomplete,info,False,execution-not-completed,"{""reason"": ""missing or unsynchronized connector member observations"", ""note"": ""coverage gap, not a model defect""}",/data/mrumoca/eval/results_v3/ideas/runtime_free.jsonl
ideas,runtime-v3,IDEAS.Buildings.Components.BaseClasses.Varia.EnergyFlowMultiplicator,4,initialization-failure,high,False,execution-not-completed,"{""failure_kind"": ""singular-system"", ""reason"": ""a.EnergyFlowMultiplicator to t=1 with 4 trace point(s)... \u001b[31m\u001b[0m simulation failed: DAE structural proof failed: structurally singular \u001b[31m\u2502\u001b[0m system: 3 matched out of 4 equations and 4 unknowns"", ""raw"": ""reading /tmp/tmp8zexu8t_/traced.rbc (bitcode v2, cbor) Simulating IDEAS.Buildings.Components.BaseClasses.Varia.EnergyFlowMultiplicator to t=1 with 4 trace point(s)... \u001b[31m\u001b[0m simulation failed: DAE structural proof failed: structurally singular \u001b[31m\u2502\u001b[0m system: 3 matched out of 4 equations and 4 unknowns"", ""tool_side"": false}",/data/mrumoca/eval/results_v3/ideas/runtime_free.jsonl
ideas,runtime-v3,IDEAS.Buildings.Components.BaseClasses.Varia.HeatFlowMultiplicator,0,network-port-unconnected,low,False,execution-not-completed,"{""connector"": ""port_a"", ""component"": ""<top level>"", ""component_class"": ""unknown"", ""flows_forced_to_zero"": ""port_a.Q_flow"", ""note"": ""nothing is connected to this port, so MLS \u00a79.2 forces its flow to zero. That is correct for a component compiled on its own and is not a defect; it is recorded because it is the commonest reason a model looks structurally singular""}",/data/mrumoca/eval/results_v3/ideas/runtime_free.jsonl
ideas,runtime-v3,IDEAS.Buildings.Components.BaseClasses.Varia.HeatFlowMultiplicator,1,network-port-unconnected,low,False,execution-not-completed,"{""connector"": ""port_b"", ""component"": ""<top level>"", ""component_class"": ""unknown"", ""flows_forced_to_zero"": ""port_b.Q_flow"", ""note"": ""nothing is connected to this port, so MLS \u00a79.2 forces its flow to zero. That is correct for a component compiled on its own and is not a defect; it is recorded because it is the commonest reason a model looks structurally singular""}",/data/mrumoca/eval/results_v3/ideas/runtime_free.jsonl
ideas,runtime-v3,IDEAS.Buildings.Components.BaseClasses.Varia.HeatFlowMultiplicator,2,network-component-isolated,low,False,execution-not-completed,"{""component"": ""<top level>"", ""component_class"": ""unknown"", ""ports"": ""port_a, port_b"", ""note"": ""every port of this instance is unconnected, so it exchanges nothing with the rest of the model while still contributing its equations""}",/data/mrumoca/eval/results_v3/ideas/runtime_free.jsonl
ideas,runtime-v3,IDEAS.Buildings.Components.BaseClasses.Varia.HeatFlowMultiplicator,3,network-observation-incomplete,info,False,execution-not-completed,"{""reason"": ""missing or unsynchronized connector member observations"", ""note"": ""coverage gap, not a model defect""}",/data/mrumoca/eval/results_v3/ideas/runtime_free.jsonl
ideas,runtime-v3,IDEAS.Buildings.Components.BaseClasses.Varia.HeatFlowMultiplicator,4,initialization-failure,high,False,execution-not-completed,"{""failure_kind"": ""singular-system"", ""reason"": ""ria.HeatFlowMultiplicator to t=1 with 4 trace point(s)... \u001b[31m\u001b[0m simulation failed: DAE structural proof failed: structurally singular \u001b[31m\u2502\u001b[0m system: 3 matched out of 4 equations and 4 unknowns"", ""raw"": ""reading /tmp/tmpo_i0ls73/traced.rbc (bitcode v2, cbor) Simulating IDEAS.Buildings.Components.BaseClasses.Varia.HeatFlowMultiplicator to t=1 with 4 trace point(s)... \u001b[31m\u001b[0m simulation failed: DAE structural proof failed: structurally singular \u001b[31m\u2502\u001b[0m system: 3 matched out of 4 equations and 4 unknowns"", ""tool_side"": false}",/data/mrumoca/eval/results_v3/ideas/runtime_free.jsonl
ideas,runtime-v3,IDEAS.Buildings.Components.Comfort.None,0,network-boundary-port,low,True,hold-input-contract-validation,"{""node"": ""phi_in -- phi_in_internal"", ""boundary_connectors"": ""phi_in, phi_in_internal"", ""wired_to"": ""nothing"", ""note"": ""this connector belongs to the model itself, not to a component inside it: the model is an interface compiled on its own, so the node is open on one side. Nothing forces its flow, which is why a structural matching reports an unmatched unknown here. Not a defect in the model""}",/data/mrumoca/eval/results_v3/ideas/runtime_free.jsonl
ideas,runtime-v3,IDEAS.Buildings.Components.Comfort.None,1,network-observation-incomplete,info,True,hold-input-contract-validation,"{""reason"": ""missing or unsynchronized connector member observations"", ""note"": ""coverage gap, not a model defect""}",/data/mrumoca/eval/results_v3/ideas/runtime_free.jsonl
ideas,runtime-v3,IDEAS.Buildings.Components.Interfaces.SetVolume,0,network-port-unconnected,low,False,execution-not-completed,"{""connector"": ""volumePort"", ""component"": ""<top level>"", ""component_class"": ""unknown"", ""flows_forced_to_zero"": ""volumePort.V"", ""note"": ""nothing is connected to this port, so MLS \u00a79.2 forces its flow to zero. That is correct for a component compiled on its own and is not a defect; it is recorded because it is the commonest reason a model looks structurally singular""}",/data/mrumoca/eval/results_v3/ideas/runtime_free.jsonl
ideas,runtime-v3,IDEAS.Buildings.Components.Interfaces.SetVolume,1,network-component-isolated,low,False,execution-not-completed,"{""component"": ""<top level>"", ""component_class"": ""unknown"", ""ports"": ""volumePort"", ""note"": ""every port of this instance is unconnected, so it exchanges nothing with the rest of the model while still contributing its equations""}",/data/mrumoca/eval/results_v3/ideas/runtime_free.jsonl
ideas,runtime-v3,IDEAS.Buildings.Components.Interfaces.SetVolume,2,network-observation-incomplete,info,False,execution-not-completed,"{""reason"": ""missing or unsynchronized connector member observations"", ""note"": ""coverage gap, not a model defect""}",/data/mrumoca/eval/results_v3/ideas/runtime_free.jsonl
ideas,runtime-v3,IDEAS.Buildings.Components.Interfaces.SetVolume,3,initialization-failure,high,False,execution-not-completed,"{""failure_kind"": ""singular-system"", ""reason"": ""ents.Interfaces.SetVolume to t=1 with 2 trace point(s)... \u001b[31m\u001b[0m simulation failed: DAE structural proof failed: structurally singular \u001b[31m\u2502\u001b[0m system: 1 matched out of 2 equations and 2 unknowns"", ""raw"": ""reading /tmp/tmp9adql8ej/traced.rbc (bitcode v2, cbor) Simulating IDEAS.Buildings.Components.Interfaces.SetVolume to t=1 with 2 trace point(s)... \u001b[31m\u001b[0m simulation failed: DAE structural proof failed: structurally singular \u001b[31m\u2502\u001b[0m system: 1 matched out of 2 equations and 2 unknowns"", ""tool_side"": false}",/data/mrumoca/eval/results_v3/ideas/runtime_free.jsonl
ideas,runtime-v3,IDEAS.Buildings.Components.Interfaces.SetArea,0,network-port-unconnected,low,True,execution-not-completed,"{""connector"": ""areaPort"", ""component"": ""<top level>"", ""component_class"": ""unknown"", ""flows_forced_to_zero"": ""areaPort.A, areaPort.A_def, areaPort.v50"", ""note"": ""nothing is connected to this port, so MLS \u00a79.2 forces its flow to zero. That is correct for a component compiled on its own and is not a defect; it is recorded because it is the commonest reason a model looks structurally singular""}",/data/mrumoca/eval/results_v3/ideas/runtime_free.jsonl
ideas,runtime-v3,IDEAS.Buildings.Components.Interfaces.SetArea,1,network-component-isolated,low,True,execution-not-completed,"{""component"": ""<top level>"", ""component_class"": ""unknown"", ""ports"": ""areaPort"", ""note"": ""every port of this instance is unconnected, so it exchanges nothing with the rest of the model while still contributing its equations""}",/data/mrumoca/eval/results_v3/ideas/runtime_free.jsonl
ideas,runtime-v3,IDEAS.Buildings.Components.Interfaces.SetArea,2,physical-zero-is-a-supported-limit,low,True,execution-not-completed,"{""domain"": ""fluid"", ""rule"": ""fluid.area.positive"", ""rule_origin"": ""a flow cross-section is a divisor in every velocity relation; zero area admits no flow and divides by zero"", ""rule_reference"": """", ""matched_by"": {""quantity"": ""Area"", ""unit"": ""m2"", ""confidence"": ""QUANTITY_AND_UNIT"", ""premise_state"": ""unknown"", ""authority"": ""quantity_or_unit"", ""canonical_declaration"": ""IDEAS.Buildings.Components.Interfaces.SetArea.A""}, ""required"": ""A > 0"", ""declared_min"": null, ""variable_role"": ""parameter"", ""premise_state"": ""refuted"", ""authority"": ""component_contract"", ""contract"": ""IDEAS.Buildings.Components.Interfaces.SetArea.A_def_q50: feature_disabled (declared, from bound) \u2014 inherited from A_def_q50, which it binds: the binding is a conditional with a literal zero branch, so the declaration itself names zero as one of the two values it intends"", ""contract_behavior"": ""feature_disabled"", ""contract_confidence"": ""declared"", ""contract_source"": ""bound"", ""note"": ""the positivity rule does not apply: this component documents zero as a meaningful limit, so reporting a missing bound would contradict its contract""}",/data/mrumoca/eval/results_v3/ideas/runtime_free.jsonl
ideas,runtime-v3,IDEAS.Buildings.Components.Interfaces.SetArea,3,physical-zero-is-a-supported-limit,low,True,execution-not-completed,"{""domain"": ""fluid"", ""rule"": ""fluid.area.positive"", ""rule_origin"": ""a flow cross-section is a divisor in every velocity relation; zero area admits no flow and divides by zero"", ""rule_reference"": """", ""matched_by"": {""quantity"": ""Area"", ""unit"": ""m2"", ""confidence"": ""QUANTITY_AND_UNIT"", ""premise_state"": ""unknown"", ""authority"": ""quantity_or_unit"", ""canonical_declaration"": ""IDEAS.Buildings.Components.Interfaces.SetArea.A_def_q50""}, ""required"": ""A_def_q50 > 0"", ""declared_min"": null, ""variable_role"": ""parameter"", ""premise_state"": ""refuted"", ""authority"": ""component_contract"", ""contract"": ""IDEAS.Buildings.Components.Interfaces.SetArea.A_def_q50: feature_disabled (declared, from bound) \u2014 the binding is a conditional with a literal zero branch, so the declaration itself names zero as one of the two values it intends"", ""contract_behavior"": ""feature_disabled"", ""contract_confidence"": ""declared"", ""contract_source"": ""bound"", ""note"": ""the positivity rule does not apply: this component documents zero as a meaningful limit, so reporting a missing bound would contradict its contract""}",/data/mrumoca/eval/results_v3/ideas/runtime_free.jsonl
ideas,runtime-v3,IDEAS.Buildings.Components.Interfaces.SetArea,4,network-observation-incomplete,info,True,execution-not-completed,"{""reason"": ""missing or unsynchronized connector member observations"", ""note"": ""coverage gap, not a model defect""}",/data/mrumoca/eval/results_v3/ideas/runtime_free.jsonl
ideas,runtime-v3,IDEAS.Buildings.Components.Interfaces.SetArea,5,initialization-failure,high,True,execution-not-completed,"{""failure_kind"": ""singular-system"", ""reason"": ""onents.Interfaces.SetArea to t=1 with 8 trace point(s)... \u001b[31m\u001b[0m simulation failed: DAE structural proof failed: structurally singular \u001b[31m\u2502\u001b[0m system: 3 matched out of 6 equations and 6 unknowns"", ""raw"": ""reading /tmp/tmpphj1pwuy/traced.rbc (bitcode v2, cbor) holding 2 free input(s) constant at their start values: v50=0, use_custom_n50=0 Simulating IDEAS.Buildings.Components.Interfaces.SetArea to t=1 with 8 trace point(s)... \u001b[31m\u001b[0m simulation failed: DAE structural proof failed: structurally singular \u001b[31m\u2502\u001b[0m system: 3 matched out of 6 equations and 6 unknowns"", ""tool_side"": false}",/data/mrumoca/eval/results_v3/ideas/runtime_free.jsonl
ideas,runtime-v3,IDEAS.Buildings.Components.LightingControl.Input,0,network-boundary-port,low,True,hold-input-contract-validation,"{""node"": ""ctrl -- ligCtr"", ""boundary_connectors"": ""ctrl, ligCtr"", ""wired_to"": ""nothing"", ""note"": ""this connector belongs to the model itself, not to a component inside it: the model is an interface compiled on its own, so the node is open on one side. Nothing forces its flow, which is why a structural matching reports an unmatched unknown here. Not a defect in the model""}",/data/mrumoca/eval/results_v3/ideas/runtime_free.jsonl
ideas,runtime-v3,IDEAS.Buildings.Components.LightingControl.Input,1,network-observation-incomplete,info,True,hold-input-contract-validation,"{""reason"": ""missing or unsynchronized connector member observations"", ""note"": ""coverage gap, not a model defect""}",/data/mrumoca/eval/results_v3/ideas/runtime_free.jsonl
ideas,runtime-v3,IDEAS.Buildings.Components.Occupants.AreaWeightedInput,0,network-boundary-port,low,True,execution-not-completed,"{""node"": ""gain -- nOcc -- yOcc"", ""boundary_connectors"": ""gain, nOcc, yOcc"", ""wired_to"": ""nothing"", ""note"": ""this connector belongs to the model itself, not to a component inside it: the model is an interface compiled on its own, so the node is open on one side. Nothing forces its flow, which is why a structural matching reports an unmatched unknown here. Not a defect in the model""}",/data/mrumoca/eval/results_v3/ideas/runtime_free.jsonl
ideas,runtime-v3,IDEAS.Buildings.Components.Occupants.AreaWeightedInput,1,physical-zero-is-a-supported-limit,low,True,execution-not-completed,"{""domain"": ""fluid"", ""rule"": ""fluid.area.positive"", ""rule_origin"": ""a flow cross-section is a divisor in every velocity relation; zero area admits no flow and divides by zero"", ""rule_reference"": """", ""matched_by"": {""quantity"": ""Area"", ""unit"": ""m2"", ""confidence"": ""QUANTITY_AND_UNIT"", ""premise_state"": ""unknown"", ""authority"": ""quantity_or_unit"", ""canonical_declaration"": ""IDEAS.Buildings.Components.Occupants.AreaWeightedInput.A""}, ""required"": ""A > 0"", ""declared_min"": null, ""variable_role"": ""parameter"", ""premise_state"": ""refuted"", ""authority"": ""component_contract"", ""contract"": ""Modelica.Blocks.Math.Gain.k: feature_disabled (proven, from equation) \u2014 inherited from gain.k, which it binds: the parameter appears only as a multiplier, so at zero the term it scales drops out and the rest of the model is unaffected"", ""contract_behavior"": ""feature_disabled"", ""contract_confidence"": ""proven"", ""contract_source"": ""equation"", ""note"": ""the positivity rule does not apply: this component documents zero as a meaningful limit, so reporting a missing bound would contradict its contract""}",/data/mrumoca/eval/results_v3/ideas/runtime_free.jsonl
ideas,runtime-v3,IDEAS.Buildings.Components.Occupants.AreaWeightedInput,2,network-observation-incomplete,info,True,execution-not-completed,"{""reason"": ""missing or unsynchronized connector member observations"", ""note"": ""coverage gap, not a model defect""}",/data/mrumoca/eval/results_v3/ideas/runtime_free.jsonl
ideas,runtime-v3,IDEAS.Buildings.Components.Occupants.AreaWeightedInput,3,initialization-failure,high,True,execution-not-completed,"{""failure_kind"": ""unknown"", ""reason"": ""t values: yOcc=0 Simulating IDEAS.Buildings.Components.Occupants.AreaWeightedInput to t=1 with 4 trace point(s)... \u001b[31m\u001b[0m simulation failed: parameter `A` has neither a binding nor an initial value"", ""raw"": ""reading /tmp/tmpszdp8xct/traced.rbc (bitcode v2, cbor) holding 1 free input(s) constant at their start values: yOcc=0 Simulating IDEAS.Buildings.Components.Occupants.AreaWeightedInput to t=1 with 4 trace point(s)... \u001b[31m\u001b[0m simulation failed: parameter `A` has neither a binding nor an initial value"", ""tool_side"": false}",/data/mrumoca/eval/results_v3/ideas/runtime_free.jsonl
ideas,runtime-v3,IDEAS.Buildings.Components.LightingControl.OccupancyBased,0,network-boundary-port,low,True,hold-input-contract-validation,"{""node"": ""booToRea -- ctrl -- greEquThr -- nOcc"", ""boundary_connectors"": ""booToRea, ctrl, greEquThr, nOcc"", ""wired_to"": ""nothing"", ""note"": ""this connector belongs to the model itself, not to a component inside it: the model is an interface compiled on its own, so the node is open on one side. Nothing forces its flow, which is why a structural matching reports an unmatched unknown here. Not a defect in the model""}",/data/mrumoca/eval/results_v3/ideas/runtime_free.jsonl
ideas,runtime-v3,IDEAS.Buildings.Components.Occupants.Input,0,network-boundary-port,low,True,execution-not-completed,"{""node"": ""gain -- nOcc -- yOcc"", ""boundary_connectors"": ""gain, nOcc, yOcc"", ""wired_to"": ""nothing"", ""note"": ""this connector belongs to the model itself, not to a component inside it: the model is an interface compiled on its own, so the node is open on one side. Nothing forces its flow, which is why a structural matching reports an unmatched unknown here. Not a defect in the model""}",/data/mrumoca/eval/results_v3/ideas/runtime_free.jsonl
ideas,runtime-v3,IDEAS.Buildings.Components.Occupants.Input,1,physical-intent-question,low,True,execution-not-completed,"{""domain"": ""fluid"", ""rule"": ""fluid.area.positive"", ""rule_origin"": ""a flow cross-section is a divisor in every velocity relation; zero area admits no flow and divides by zero"", ""rule_reference"": """", ""matched_by"": {""quantity"": ""Area"", ""unit"": ""m2"", ""confidence"": ""QUANTITY_AND_UNIT"", ""premise_state"": ""unknown"", ""authority"": ""quantity_or_unit"", ""canonical_declaration"": ""IDEAS.Buildings.Components.Occupants.Input.A""}, ""required"": ""A > 0"", ""declared_min"": null, ""variable_role"": ""parameter"", ""observation"": ""permissive-declaration"", ""premise_state"": ""unknown"", ""authority"": ""quantity_or_unit"", ""canonical_declaration"": ""IDEAS.Buildings.Components.Occupants.Input.A"", ""question"": ""`A` carries no bound that would exclude it, which is unusual for an area \u2014 but nothing declares what this component is, so the analyzer cannot tell whether it is intended. Is it? If so, declare it: add a component contract, or a `[[contracts]]` entry naming the intended `sign_domain`. If not, bound the declaration.""}",/data/mrumoca/eval/results_v3/ideas/runtime_free.jsonl
ideas,runtime-v3,IDEAS.Buildings.Components.Occupants.Input,2,network-observation-incomplete,info,True,execution-not-completed,"{""reason"": ""missing or unsynchronized connector member observations"", ""note"": ""coverage gap, not a model defect""}",/data/mrumoca/eval/results_v3/ideas/runtime_free.jsonl
ideas,runtime-v3,IDEAS.Buildings.Components.Occupants.Input,3,initialization-failure,high,True,execution-not-completed,"{""failure_kind"": ""unknown"", ""reason"": ""t their start values: yOcc=0 Simulating IDEAS.Buildings.Components.Occupants.Input to t=1 with 4 trace point(s)... \u001b[31m\u001b[0m simulation failed: parameter `A` has neither a binding nor an initial value"", ""raw"": ""reading /tmp/tmpkewwn3_6/traced.rbc (bitcode v2, cbor) holding 1 free input(s) constant at their start values: yOcc=0 Simulating IDEAS.Buildings.Components.Occupants.Input to t=1 with 4 trace point(s)... \u001b[31m\u001b[0m simulation failed: parameter `A` has neither a binding nor an initial value"", ""tool_side"": false}",/data/mrumoca/eval/results_v3/ideas/runtime_free.jsonl
ideas,runtime-v3,IDEAS.Buildings.Components.LightingControl.CustomBlock,0,network-boundary-port,low,False,standalone-topology-not-defect-proof,"{""node"": ""ctrl -- singleOutput"", ""boundary_connectors"": ""ctrl, singleOutput"", ""wired_to"": ""nothing"", ""note"": ""this connector belongs to the model itself, not to a component inside it: the model is an interface compiled on its own, so the node is open on one side. Nothing forces its flow, which is why a structural matching reports an unmatched unknown here. Not a defect in the model""}",/data/mrumoca/eval/results_v3/ideas/runtime_free.jsonl
ideas,runtime-v3,IDEAS.Controls.Continuous.Examples.OffTimer,0,network-boundary-port,low,False,standalone-topology-not-defect-proof,"{""node"": ""booleanPulse -- not1 -- offTim1 -- offTim2"", ""boundary_connectors"": ""booleanPulse, not1, offTim1, offTim2"", ""wired_to"": ""nothing"", ""note"": ""this connector belongs to the model itself, not to a component inside it: the model is an interface compiled on its own, so the node is open on one side. Nothing forces its flow, which is why a structural matching reports an unmatched unknown here. Not a defect in the model""}",/data/mrumoca/eval/results_v3/ideas/runtime_free.jsonl
ideas,runtime-v3,IDEAS.Controls.Continuous.Validation.OffTimerNonZeroStart,0,network-boundary-port,low,False,standalone-topology-not-defect-proof,"{""node"": ""booleanPulse -- not1 -- offTim1 -- offTim2"", ""boundary_connectors"": ""booleanPulse, not1, offTim1, offTim2"", ""wired_to"": ""nothing"", ""note"": ""this connector belongs to the model itself, not to a component inside it: the model is an interface compiled on its own, so the node is open on one side. Nothing forces its flow, which is why a structural matching reports an unmatched unknown here. Not a defect in the model""}",/data/mrumoca/eval/results_v3/ideas/runtime_free.jsonl
ideas,runtime-v3,IDEAS.Controls.Discrete.HysteresisRelease,0,network-boundary-port,low,True,hold-input-contract-validation,"{""node"": ""uHigh -- uHigh_internal"", ""boundary_connectors"": ""uHigh, uHigh_internal"", ""wired_to"": ""nothing"", ""note"": ""this connector belongs to the model itself, not to a component inside it: the model is an interface compiled on its own, so the node is open on one side. Nothing forces its flow, which is why a structural matching reports an unmatched unknown here. Not a defect in the model""}",/data/mrumoca/eval/results_v3/ideas/runtime_free.jsonl
ideas,runtime-v3,IDEAS.Controls.Discrete.HysteresisRelease,1,network-boundary-port,low,True,hold-input-contract-validation,"{""node"": ""uLow -- uLow_internal"", ""boundary_connectors"": ""uLow, uLow_internal"", ""wired_to"": ""nothing"", ""note"": ""this connector belongs to the model itself, not to a component inside it: the model is an interface compiled on its own, so the node is open on one side. Nothing forces its flow, which is why a structural matching reports an unmatched unknown here. Not a defect in the model""}",/data/mrumoca/eval/results_v3/ideas/runtime_free.jsonl
ideas,runtime-v3,IDEAS.Controls.Discrete.HysteresisRelease,2,network-observation-incomplete,info,True,hold-input-contract-validation,"{""reason"": ""missing or unsynchronized connector member observations"", ""note"": ""coverage gap, not a model defect""}",/data/mrumoca/eval/results_v3/ideas/runtime_free.jsonl
ideas,runtime-v3,IDEAS.Controls.Discrete.HysteresisRelease_boolean,0,network-boundary-port,low,True,hold-input-contract-validation,"{""node"": ""uHigh -- uHigh_internal"", ""boundary_connectors"": ""uHigh, uHigh_internal"", ""wired_to"": ""nothing"", ""note"": ""this connector belongs to the model itself, not to a component inside it: the model is an interface compiled on its own, so the node is open on one side. Nothing forces its flow, which is why a structural matching reports an unmatched unknown here. Not a defect in the model""}",/data/mrumoca/eval/results_v3/ideas/runtime_free.jsonl
ideas,runtime-v3,IDEAS.Controls.Discrete.HysteresisRelease_boolean,1,network-boundary-port,low,True,hold-input-contract-validation,"{""node"": ""uLow -- uLow_internal"", ""boundary_connectors"": ""uLow, uLow_internal"", ""wired_to"": ""nothing"", ""note"": ""this connector belongs to the model itself, not to a component inside it: the model is an interface compiled on its own, so the node is open on one side. Nothing forces its flow, which is why a structural matching reports an unmatched unknown here. Not a defect in the model""}",/data/mrumoca/eval/results_v3/ideas/runtime_free.jsonl
ideas,runtime-v3,IDEAS.Controls.Discrete.HysteresisRelease_boolean,2,network-observation-incomplete,info,True,hold-input-contract-validation,"{""reason"": ""missing or unsynchronized connector member observations"", ""note"": ""coverage gap, not a model defect""}",/data/mrumoca/eval/results_v3/ideas/runtime_free.jsonl
ideas,runtime-v3,IDEAS.Controls.Discrete.Examples.HysteresisRelease_Cooling,0,network-boundary-port,low,False,standalone-topology-not-defect-proof,"{""node"": ""Q_flow -- con -- gain -- temSen -- uHigh -- uHigh1"", ""boundary_connectors"": ""Q_flow, con, gain, temSen, uHigh, uHigh1"", ""wired_to"": ""nothing"", ""note"": ""this connector belongs to the model itself, not to a component inside it: the model is an interface compiled on its own, so the node is open on one side. Nothing forces its flow, which is why a structural matching reports an unmatched unknown here. Not a defect in the model""}",/data/mrumoca/eval/results_v3/ideas/runtime_free.jsonl
ideas,runtime-v3,IDEAS.Controls.Discrete.Examples.HysteresisRelease_Cooling,1,network-boundary-port,low,False,standalone-topology-not-defect-proof,"{""node"": ""TBC -- sine"", ""boundary_connectors"": ""TBC, sine"", ""wired_to"": ""nothing"", ""note"": ""this connector belongs to the model itself, not to a component inside it: the model is an interface compiled on its own, so the node is open on one side. Nothing forces its flow, which is why a structural matching reports an unmatched unknown here. Not a defect in the model""}",/data/mrumoca/eval/results_v3/ideas/runtime_free.jsonl
ideas,runtime-v3,IDEAS.Controls.Discrete.Examples.HysteresisRelease_Cooling,2,physical-zero-is-a-supported-limit,low,False,advisory-or-explicit-non-defect,"{""domain"": ""thermal"", ""rule"": ""thermal.heat_capacity.positive"", ""rule_origin"": ""C*dT = dQ; a non-positive heat capacity makes a body cool when heated"", ""rule_reference"": """", ""matched_by"": {""quantity"": ""HeatCapacity"", ""unit"": ""J/K"", ""confidence"": ""QUANTITY_AND_UNIT"", ""premise_state"": ""unknown"", ""authority"": ""quantity_or_unit"", ""canonical_declaration"": ""Modelica.Thermal.HeatTransfer.Components.HeatCapacitor.C""}, ""required"": ""cap.C > 0"", ""declared_min"": null, ""variable_role"": ""parameter"", ""premise_state"": ""refuted"", ""authority"": ""component_contract"", ""contract"": ""Modelica.Thermal.HeatTransfer.Components.HeatCapacitor.C: algebraic_limit (proven, from equation) \u2014 the parameter multiplies a derivative, so at zero the differential relation becomes an algebraic constraint rather than an undefined quotient"", ""contract_behavior"": ""algebraic_limit"", ""contract_confidence"": ""proven"", ""contract_source"": ""equation"", ""note"": ""the positivity rule does not apply: this component documents zero as a meaningful limit, so reporting a missing bound would contradict its contract""}",/data/mrumoca/eval/results_v3/ideas/runtime_free.jsonl
ideas,runtime-v3,IDEAS.Controls.Discrete.Examples.HysteresisRelease_Cooling,3,physical-zero-is-a-supported-limit,low,False,advisory-or-explicit-non-defect,"{""domain"": ""thermal"", ""rule"": ""thermal.conductance.positive"", ""rule_origin"": ""heat flows from hot to cold; G <= 0 reverses the second law"", ""rule_reference"": """", ""matched_by"": {""quantity"": ""ThermalConductance"", ""unit"": ""W/K"", ""confidence"": ""QUANTITY_AND_UNIT"", ""premise_state"": ""unknown"", ""authority"": ""quantity_or_unit"", ""canonical_declaration"": ""Modelica.Thermal.HeatTransfer.Components.ThermalConductor.G""}, ""required"": ""theCon.G > 0"", ""declared_min"": null, ""variable_role"": ""parameter"", ""premise_state"": ""refuted"", ""authority"": ""component_contract"", ""contract"": ""Modelica.Thermal.HeatTransfer.Components.ThermalConductor.G: feature_disabled (proven, from equation) \u2014 the parameter appears only as a multiplier, so at zero the term it scales drops out and the rest of the model is unaffected"", ""contract_behavior"": ""feature_disabled"", ""contract_confidence"": ""proven"", ""contract_source"": ""equation"", ""note"": ""the positivity rule does not apply: this component documents zero as a meaningful limit, so reporting a missing bound would contradict its contract""}",/data/mrumoca/eval/results_v3/ideas/runtime_free.jsonl
ideas,runtime-v3,IDEAS.Controls.Discrete.Examples.HysteresisRelease_Heating,0,network-boundary-port,low,False,standalone-topology-not-defect-proof,"{""node"": ""Q_flow -- con -- gain -- temSen -- uHigh -- uHigh1"", ""boundary_connectors"": ""Q_flow, con, gain, temSen, uHigh, uHigh1"", ""wired_to"": ""nothing"", ""note"": ""this connector belongs to the model itself, not to a component inside it: the model is an interface compiled on its own, so the node is open on one side. Nothing forces its flow, which is why a structural matching reports an unmatched unknown here. Not a defect in the model""}",/data/mrumoca/eval/results_v3/ideas/runtime_free.jsonl
ideas,runtime-v3,IDEAS.Controls.Discrete.Examples.HysteresisRelease_Heating,1,network-boundary-port,low,False,standalone-topology-not-defect-proof,"{""node"": ""TBC -- sine"", ""boundary_connectors"": ""TBC, sine"", ""wired_to"": ""nothing"", ""note"": ""this connector belongs to the model itself, not to a component inside it: the model is an interface compiled on its own, so the node is open on one side. Nothing forces its flow, which is why a structural matching reports an unmatched unknown here. Not a defect in the model""}",/data/mrumoca/eval/results_v3/ideas/runtime_free.jsonl
ideas,runtime-v3,IDEAS.Controls.Discrete.Examples.HysteresisRelease_Heating,2,physical-zero-is-a-supported-limit,low,False,advisory-or-explicit-non-defect,"{""domain"": ""thermal"", ""rule"": ""thermal.heat_capacity.positive"", ""rule_origin"": ""C*dT = dQ; a non-positive heat capacity makes a body cool when heated"", ""rule_reference"": """", ""matched_by"": {""quantity"": ""HeatCapacity"", ""unit"": ""J/K"", ""confidence"": ""QUANTITY_AND_UNIT"", ""premise_state"": ""unknown"", ""authority"": ""quantity_or_unit"", ""canonical_declaration"": ""Modelica.Thermal.HeatTransfer.Components.HeatCapacitor.C""}, ""required"": ""cap.C > 0"", ""declared_min"": null, ""variable_role"": ""parameter"", ""premise_state"": ""refuted"", ""authority"": ""component_contract"", ""contract"": ""Modelica.Thermal.HeatTransfer.Components.HeatCapacitor.C: algebraic_limit (proven, from equation) \u2014 the parameter multiplies a derivative, so at zero the differential relation becomes an algebraic constraint rather than an undefined quotient"", ""contract_behavior"": ""algebraic_limit"", ""contract_confidence"": ""proven"", ""contract_source"": ""equation"", ""note"": ""the positivity rule does not apply: this component documents zero as a meaningful limit, so reporting a missing bound would contradict its contract""}",/data/mrumoca/eval/results_v3/ideas/runtime_free.jsonl
ideas,runtime-v3,IDEAS.Controls.Discrete.Examples.HysteresisRelease_Heating,3,physical-zero-is-a-supported-limit,low,False,advisory-or-explicit-non-defect,"{""domain"": ""thermal"", ""rule"": ""thermal.conductance.positive"", ""rule_origin"": ""heat flows from hot to cold; G <= 0 reverses the second law"", ""rule_reference"": """", ""matched_by"": {""quantity"": ""ThermalConductance"", ""unit"": ""W/K"", ""confidence"": ""QUANTITY_AND_UNIT"", ""premise_state"": ""unknown"", ""authority"": ""quantity_or_unit"", ""canonical_declaration"": ""Modelica.Thermal.HeatTransfer.Components.ThermalConductor.G""}, ""required"": ""theCon.G > 0"", ""declared_min"": null, ""variable_role"": ""parameter"", ""premise_state"": ""refuted"", ""authority"": ""component_contract"", ""contract"": ""Modelica.Thermal.HeatTransfer.Components.ThermalConductor.G: feature_disabled (proven, from equation) \u2014 the parameter appears only as a multiplier, so at zero the term it scales drops out and the rest of the model is unaffected"", ""contract_behavior"": ""feature_disabled"", ""contract_confidence"": ""proven"", ""contract_source"": ""equation"", ""note"": ""the positivity rule does not apply: this component documents zero as a meaningful limit, so reporting a missing bound would contradict its contract""}",/data/mrumoca/eval/results_v3/ideas/runtime_free.jsonl
ideas,runtime-v3,IDEAS.Controls.OBC.CDL.Conversions.Validation.RealToInteger,0,network-boundary-port,low,False,standalone-topology-not-defect-proof,"{""node"": ""ramp1 -- reaToInt"", ""boundary_connectors"": ""ramp1, reaToInt"", ""wired_to"": ""nothing"", ""note"": ""this connector belongs to the model itself, not to a component inside it: the model is an interface compiled on its own, so the node is open on one side. Nothing forces its flow, which is why a structural matching reports an unmatched unknown here. Not a defect in the model""}",/data/mrumoca/eval/results_v3/ideas/runtime_free.jsonl
ideas,runtime-v3,IDEAS.Controls.OBC.CDL.Conversions.Validation.IntegerToReal,0,network-boundary-port,low,False,standalone-topology-not-defect-proof,"{""node"": ""intToRea -- ramp1 -- reaToInt1 -- round2"", ""boundary_connectors"": ""intToRea, ramp1, reaToInt1, round2"", ""wired_to"": ""nothing"", ""note"": ""this connector belongs to the model itself, not to a component inside it: the model is an interface compiled on its own, so the node is open on one side. Nothing forces its flow, which is why a structural matching reports an unmatched unknown here. Not a defect in the model""}",/data/mrumoca/eval/results_v3/ideas/runtime_free.jsonl
ideas,runtime-v3,IDEAS.Controls.OBC.CDL.Discrete.Validation.FirstOrderHold,0,network-boundary-port,low,False,execution-not-completed,"{""node"": ""cos1 -- firOrdHol -- ramp1"", ""boundary_connectors"": ""cos1, firOrdHol, ramp1"", ""wired_to"": ""nothing"", ""note"": ""this connector belongs to the model itself, not to a component inside it: the model is an interface compiled on its own, so the node is open on one side. Nothing forces its flow, which is why a structural matching reports an unmatched unknown here. Not a defect in the model""}",/data/mrumoca/eval/results_v3/ideas/runtime_free.jsonl
ideas,runtime-v3,IDEAS.Controls.OBC.CDL.Discrete.Validation.FirstOrderHold,1,network-observation-incomplete,info,False,execution-not-completed,"{""reason"": ""missing or unsynchronized connector member observations"", ""note"": ""coverage gap, not a model defect""}",/data/mrumoca/eval/results_v3/ideas/runtime_free.jsonl
ideas,runtime-v3,IDEAS.Controls.OBC.CDL.Discrete.Validation.FirstOrderHold,2,initialization-failure,high,False,execution-not-completed,"{""failure_kind"": ""nonlinear-solver-failure"", ""reason"": ""ous algebraic/output reconstructed from the continuous equations \u001b[31m\u2502\u001b[0m but not owned by the reduced initialization projection or its total \u001b[31m\u2502\u001b[0m derivative) value=-1.000000e0 norm=1.000000e0"", ""raw"": ""reading /tmp/tmp6_4u2yru/traced.rbc (bitcode v2, cbor) Simulating IDEAS.Controls.OBC.CDL.Discrete.Validation.FirstOrderHold to t=1 with 11 trace point(s)... \u001b[31m\u001b[0m simulation failed: initial variable projection did not satisfy the complete \u001b[31m\u2502\u001b[0m residual system: max selected residual row=2 original_row=2 owner=none(row \u001b[31m\u2502\u001b[0m reads a coordinate outside the planned initialization unknow"", ""tool_side"": false}",/data/mrumoca/eval/results_v3/ideas/runtime_free.jsonl
ideas,runtime-v3,IDEAS.Controls.OBC.CDL.Discrete.Validation.Sampler,0,network-boundary-port,low,False,standalone-topology-not-defect-proof,"{""node"": ""ramp1 -- sampler1 -- sin1"", ""boundary_connectors"": ""ramp1, sampler1, sin1"", ""wired_to"": ""nothing"", ""note"": ""this connector belongs to the model itself, not to a component inside it: the model is an interface compiled on its own, so the node is open on one side. Nothing forces its flow, which is why a structural matching reports an unmatched unknown here. Not a defect in the model""}",/data/mrumoca/eval/results_v3/ideas/runtime_free.jsonl
ideas,runtime-v3,IDEAS.Controls.OBC.CDL.Discrete.Validation.UnitDelay,0,network-boundary-port,low,False,standalone-topology-not-defect-proof,"{""node"": ""ramp1 -- sin1 -- unitDelay1"", ""boundary_connectors"": ""ramp1, sin1, unitDelay1"", ""wired_to"": ""nothing"", ""note"": ""this connector belongs to the model itself, not to a component inside it: the model is an interface compiled on its own, so the node is open on one side. Nothing forces its flow, which is why a structural matching reports an unmatched unknown here. Not a defect in the model""}",/data/mrumoca/eval/results_v3/ideas/runtime_free.jsonl
ideas,runtime-v3,IDEAS.Controls.OBC.CDL.Discrete.Validation.ZeroOrderHold,0,network-boundary-port,low,False,standalone-topology-not-defect-proof,"{""node"": ""cos1 -- ramp1 -- zerOrdHol"", ""boundary_connectors"": ""cos1, ramp1, zerOrdHol"", ""wired_to"": ""nothing"", ""note"": ""this connector belongs to the model itself, not to a component inside it: the model is an interface compiled on its own, so the node is open on one side. Nothing forces its flow, which is why a structural matching reports an unmatched unknown here. Not a defect in the model""}",/data/mrumoca/eval/results_v3/ideas/runtime_free.jsonl
ideas,runtime-v3,IDEAS.Controls.OBC.CDL.Integers.Validation.Abs,0,network-boundary-port,low,False,standalone-topology-not-defect-proof,"{""node"": ""abs1 -- ramp1 -- reaToInt -- round1"", ""boundary_connectors"": ""abs1, ramp1, reaToInt, round1"", ""wired_to"": ""nothing"", ""note"": ""this connector belongs to the model itself, not to a component inside it: the model is an interface compiled on its own, so the node is open on one side. Nothing forces its flow, which is why a structural matching reports an unmatched unknown here. Not a defect in the model""}",/data/mrumoca/eval/results_v3/ideas/runtime_free.jsonl
ideas,runtime-v3,IDEAS.Controls.OBC.CDL.Integers.Validation.Add,0,network-boundary-port,low,False,standalone-topology-not-defect-proof,"{""node"": ""add1 -- ramp1 -- ramp2 -- reaToInt -- reaToInt1 -- round1 -- round2"", ""boundary_connectors"": ""add1, ramp1, ramp2, reaToInt, reaToInt1, round1, round2"", ""wired_to"": ""nothing"", ""note"": ""this connector belongs to the model itself, not to a component inside it: the model is an interface compiled on its own, so the node is open on one side. Nothing forces its flow, which is why a structural matching reports an unmatched unknown here. Not a defect in the model""}",/data/mrumoca/eval/results_v3/ideas/runtime_free.jsonl
ideas,runtime-v3,IDEAS.Controls.OBC.CDL.Integers.Validation.Greater,0,network-boundary-port,low,False,standalone-topology-not-defect-proof,"{""node"": ""intGre -- ramp1 -- ramp2 -- reaToInt -- reaToInt1 -- round1 -- round2"", ""boundary_connectors"": ""intGre, ramp1, ramp2, reaToInt, reaToInt1, round1, round2"", ""wired_to"": ""nothing"", ""note"": ""this connector belongs to the model itself, not to a component inside it: the model is an interface compiled on its own, so the node is open on one side. Nothing forces its flow, which is why a structural matching reports an unmatched unknown here. Not a defect in the model""}",/data/mrumoca/eval/results_v3/ideas/runtime_free.jsonl
ideas,runtime-v3,IDEAS.Controls.OBC.CDL.Integers.Validation.AddParameter,0,network-boundary-port,low,False,standalone-topology-not-defect-proof,"{""node"": ""addPar -- ramp1 -- reaToInt -- round1"", ""boundary_connectors"": ""addPar, ramp1, reaToInt, round1"", ""wired_to"": ""nothing"", ""note"": ""this connector belongs to the model itself, not to a component inside it: the model is an interface compiled on its own, so the node is open on one side. Nothing forces its flow, which is why a structural matching reports an unmatched unknown here. Not a defect in the model""}",/data/mrumoca/eval/results_v3/ideas/runtime_free.jsonl
ideas,runtime-v3,IDEAS.Controls.OBC.CDL.Integers.Validation.GreaterEqualThreshold,0,network-boundary-port,low,False,standalone-topology-not-defect-proof,"{""node"": ""intGreEquThr -- ramp1 -- reaToInt -- round1"", ""boundary_connectors"": ""intGreEquThr, ramp1, reaToInt, round1"", ""wired_to"": ""nothing"", ""note"": ""this connector belongs to the model itself, not to a component inside it: the model is an interface compiled on its own, so the node is open on one side. Nothing forces its flow, which is why a structural matching reports an unmatched unknown here. Not a defect in the model""}",/data/mrumoca/eval/results_v3/ideas/runtime_free.jsonl
ideas,runtime-v3,IDEAS.Controls.OBC.CDL.Integers.Validation.GreaterThreshold,0,network-boundary-port,low,False,standalone-topology-not-defect-proof,"{""node"": ""intGreThr -- ramp1 -- reaToInt -- round1"", ""boundary_connectors"": ""intGreThr, ramp1, reaToInt, round1"", ""wired_to"": ""nothing"", ""note"": ""this connector belongs to the model itself, not to a component inside it: the model is an interface compiled on its own, so the node is open on one side. Nothing forces its flow, which is why a structural matching reports an unmatched unknown here. Not a defect in the model""}",/data/mrumoca/eval/results_v3/ideas/runtime_free.jsonl
ideas,runtime-v3,IDEAS.Controls.OBC.CDL.Integers.Validation.Max,0,network-boundary-port,low,False,standalone-topology-not-defect-proof,"{""node"": ""max1 -- ramp1 -- ramp2 -- reaToInt -- reaToInt1 -- round1 -- round2"", ""boundary_connectors"": ""max1, ramp1, ramp2, reaToInt, reaToInt1, round1, round2"", ""wired_to"": ""nothing"", ""note"": ""this connector belongs to the model itself, not to a component inside it: the model is an interface compiled on its own, so the node is open on one side. Nothing forces its flow, which is why a structural matching reports an unmatched unknown here. Not a defect in the model""}",/data/mrumoca/eval/results_v3/ideas/runtime_free.jsonl
ideas,runtime-v3,IDEAS.Controls.OBC.CDL.Integers.Validation.LessEqual,0,network-boundary-port,low,False,standalone-topology-not-defect-proof,"{""node"": ""intLesEqu -- ramp1 -- ramp2 -- reaToInt -- reaToInt1 -- round1 -- round2"", ""boundary_connectors"": ""intLesEqu, ramp1, ramp2, reaToInt, reaToInt1, round1, round2"", ""wired_to"": ""nothing"", ""note"": ""this connector belongs to the model itself, not to a component inside it: the model is an interface compiled on its own, so the node is open on one side. Nothing forces its flow, which is why a structural matching reports an unmatched unknown here. Not a defect in the model""}",/data/mrumoca/eval/results_v3/ideas/runtime_free.jsonl
ideas,runtime-v3,IDEAS.Controls.OBC.CDL.Integers.Validation.LessEqualThreshold,0,network-boundary-port,low,False,standalone-topology-not-defect-proof,"{""node"": ""intLesEquThr -- ramp1 -- reaToInt -- round1"", ""boundary_connectors"": ""intLesEquThr, ramp1, reaToInt, round1"", ""wired_to"": ""nothing"", ""note"": ""this connector belongs to the model itself, not to a component inside it: the model is an interface compiled on its own, so the node is open on one side. Nothing forces its flow, which is why a structural matching reports an unmatched unknown here. Not a defect in the model""}",/data/mrumoca/eval/results_v3/ideas/runtime_free.jsonl
ideas,runtime-v3,IDEAS.Controls.OBC.CDL.Integers.Validation.LessThreshold,0,network-boundary-port,low,False,standalone-topology-not-defect-proof,"{""node"": ""intLesThr -- ramp1 -- reaToInt -- round1"", ""boundary_connectors"": ""intLesThr, ramp1, reaToInt, round1"", ""wired_to"": ""nothing"", ""note"": ""this connector belongs to the model itself, not to a component inside it: the model is an interface compiled on its own, so the node is open on one side. Nothing forces its flow, which is why a structural matching reports an unmatched unknown here. Not a defect in the model""}",/data/mrumoca/eval/results_v3/ideas/runtime_free.jsonl
ideas,runtime-v3,IDEAS.Controls.OBC.CDL.Integers.Validation.Min,0,network-boundary-port,low,False,standalone-topology-not-defect-proof,"{""node"": ""min1 -- ramp1 -- ramp2 -- reaToInt -- reaToInt1 -- round1 -- round2"", ""boundary_connectors"": ""min1, ramp1, ramp2, reaToInt, reaToInt1, round1, round2"", ""wired_to"": ""nothing"", ""note"": ""this connector belongs to the model itself, not to a component inside it: the model is an interface compiled on its own, so the node is open on one side. Nothing forces its flow, which is why a structural matching reports an unmatched unknown here. Not a defect in the model""}",/data/mrumoca/eval/results_v3/ideas/runtime_free.jsonl
ideas,runtime-v3,IDEAS.Controls.OBC.CDL.Integers.Validation.MultiSum,0,network-boundary-port,low,False,standalone-topology-not-defect-proof,"{""node"": ""add1 -- ramp1 -- ramp2 -- ramp3 -- reaToInt -- reaToInt1 -- reaToInt2 -- round1 -- round2 -- round3"", ""boundary_connectors"": ""add1, ramp1, ramp2, ramp3, reaToInt, reaToInt1, reaToInt2, round1, round2, round3"", ""wired_to"": ""nothing"", ""note"": ""this connector belongs to the model itself, not to a component inside it: the model is an interface compiled on its own, so the node is open on one side. Nothing forces its flow, which is why a structural matching reports an unmatched unknown here. Not a defect in the model""}",/data/mrumoca/eval/results_v3/ideas/runtime_free.jsonl
ideas,runtime-v3,IDEAS.Controls.OBC.CDL.Integers.Validation.Subtract,0,network-boundary-port,low,False,standalone-topology-not-defect-proof,"{""node"": ""ramp1 -- ramp2 -- reaToInt -- reaToInt1 -- round1 -- round2 -- sub"", ""boundary_connectors"": ""ramp1, ramp2, reaToInt, reaToInt1, round1, round2, sub"", ""wired_to"": ""nothing"", ""note"": ""this connector belongs to the model itself, not to a component inside it: the model is an interface compiled on its own, so the node is open on one side. Nothing forces its flow, which is why a structural matching reports an unmatched unknown here. Not a defect in the model""}",/data/mrumoca/eval/results_v3/ideas/runtime_free.jsonl
ideas,runtime-v3,IDEAS.Controls.OBC.CDL.Logical.Sources.Validation.SampleTrigger,0,network-boundary-port,low,False,standalone-topology-not-defect-proof,"{""node"": ""ramp -- samTri -- samTri1 -- triggeredSampler -- triggeredSampler1"", ""boundary_connectors"": ""ramp, samTri, samTri1, triggeredSampler, triggeredSampler1"", ""wired_to"": ""nothing"", ""note"": ""this connector belongs to the model itself, not to a component inside it: the model is an interface compiled on its own, so the node is open on one side. Nothing forces its flow, which is why a structural matching reports an unmatched unknown here. Not a defect in the model""}",/data/mrumoca/eval/results_v3/ideas/runtime_free.jsonl
ideas,runtime-v3,IDEAS.Controls.OBC.CDL.Logical.Sources.Validation.SampleTriggerNegativeStartTime,0,network-boundary-port,low,False,standalone-topology-not-defect-proof,"{""node"": ""ramp -- samTri -- samTri1 -- triggeredSampler -- triggeredSampler1"", ""boundary_connectors"": ""ramp, samTri, samTri1, triggeredSampler, triggeredSampler1"", ""wired_to"": ""nothing"", ""note"": ""this connector belongs to the model itself, not to a component inside it: the model is an interface compiled on its own, so the node is open on one side. Nothing forces its flow, which is why a structural matching reports an unmatched unknown here. Not a defect in the model""}",/data/mrumoca/eval/results_v3/ideas/runtime_free.jsonl
ideas,runtime-v3,IDEAS.Controls.OBC.CDL.Logical.Sources.Validation.SampleTriggerPositiveStartTime,0,network-boundary-port,low,False,standalone-topology-not-defect-proof,"{""node"": ""ramp -- samTri -- samTri1 -- triggeredSampler -- triggeredSampler1"", ""boundary_connectors"": ""ramp, samTri, samTri1, triggeredSampler, triggeredSampler1"", ""wired_to"": ""nothing"", ""note"": ""this connector belongs to the model itself, not to a component inside it: the model is an interface compiled on its own, so the node is open on one side. Nothing forces its flow, which is why a structural matching reports an unmatched unknown here. Not a defect in the model""}",/data/mrumoca/eval/results_v3/ideas/runtime_free.jsonl
ideas,runtime-v3,IDEAS.Controls.OBC.CDL.Logical.VariablePulse.Cycle,0,simulation-failure,high,True,execution-not-completed,"{""failure_kind"": ""non-finite-value"", ""reason"": ""e point(s)... \u001b[31m\u001b[0m simulation failed: non-finite (NaN) value computed for `t_sta` @ Span \u001b[31m\u2502\u001b[0m { source: SourceId(12780773666514380988), start: BytePos(3855), end: \u001b[31m\u2502\u001b[0m BytePos(3865) }"", ""raw"": ""reading /tmp/tmpusi3r80o/traced.rbc (bitcode v2, cbor) holding 2 free input(s) constant at their start values: go=0, u=0 Simulating IDEAS.Controls.OBC.CDL.Logical.VariablePulse.Cycle to t=1 with 6 trace point(s)... \u001b[31m\u001b[0m simulation failed: non-finite (NaN) value computed for `t_sta` @ Span \u001b[31m\u2502\u001b[0m { source: SourceId(12780773666514380988), start: BytePos(3855), end: \u001b[31m\u2502\u001b[0m BytePos(3865) "", ""tool_side"": false}",/data/mrumoca/eval/results_v3/ideas/runtime_free.jsonl
ideas,runtime-v3,IDEAS.Controls.OBC.CDL.Psychrometrics.DewPoint_TDryBulPhi,0,simulation-failure,high,True,execution-not-completed,"{""failure_kind"": ""non-finite-value"", ""reason"": "" trace point(s)... \u001b[31m\u001b[0m simulation failed: non-finite (NaN) value computed for `p_w` @ Span \u001b[31m\u2502\u001b[0m { source: SourceId(9016494044750794783), start: BytePos(847), end: \u001b[31m\u2502\u001b[0m BytePos(855) }"", ""raw"": ""reading /tmp/tmpm93pilve/traced.rbc (bitcode v2, cbor) holding 2 free input(s) constant at their start values: TDryBul=0, phi=0 Simulating IDEAS.Controls.OBC.CDL.Psychrometrics.DewPoint_TDryBulPhi to t=1 with 5 trace point(s)... \u001b[31m\u001b[0m simulation failed: non-finite (NaN) value computed for `p_w` @ Span \u001b[31m\u2502\u001b[0m { source: SourceId(9016494044750794783), start: BytePos(847), end: \u001b[31m\u2502\u001b[0m Byte"", ""tool_side"": false}",/data/mrumoca/eval/results_v3/ideas/runtime_free.jsonl
ideas,runtime-v3,IDEAS.Controls.OBC.CDL.Psychrometrics.SpecificEnthalpy_TDryBulPhi,0,simulation-failure,high,True,execution-not-completed,"{""failure_kind"": ""non-finite-value"", ""reason"": ""race point(s)... \u001b[31m\u001b[0m simulation failed: non-finite (NaN) value computed for `p_w` @ Span \u001b[31m\u2502\u001b[0m { source: SourceId(4946170852881211516), start: BytePos(1125), end: \u001b[31m\u2502\u001b[0m BytePos(1133) }"", ""raw"": ""reading /tmp/tmpi4lidqv7/traced.rbc (bitcode v2, cbor) holding 2 free input(s) constant at their start values: TDryBul=0, phi=0 Simulating IDEAS.Controls.OBC.CDL.Psychrometrics.SpecificEnthalpy_TDryBulPhi to t=1 with 6 trace point(s)... \u001b[31m\u001b[0m simulation failed: non-finite (NaN) value computed for `p_w` @ Span \u001b[31m\u2502\u001b[0m { source: SourceId(4946170852881211516), start: BytePos(1125), end: \u001b[31m\u2502"", ""tool_side"": false}",/data/mrumoca/eval/results_v3/ideas/runtime_free.jsonl
ideas,runtime-v3,IDEAS.Controls.OBC.CDL.Psychrometrics.Validation.DewPoint_TDryBulPhi,0,network-boundary-port,low,False,standalone-topology-not-defect-proof,"{""node"": ""TDryBul -- dewBulPhi -- phi"", ""boundary_connectors"": ""TDryBul, dewBulPhi, phi"", ""wired_to"": ""nothing"", ""note"": ""this connector belongs to the model itself, not to a component inside it: the model is an interface compiled on its own, so the node is open on one side. Nothing forces its flow, which is why a structural matching reports an unmatched unknown here. Not a defect in the model""}",/data/mrumoca/eval/results_v3/ideas/runtime_free.jsonl
ideas,runtime-v3,IDEAS.Controls.OBC.CDL.Psychrometrics.Validation.DewPoint_TDryBulPhi,1,network-boundary-port,low,False,standalone-topology-not-defect-proof,"{""node"": ""TDryBul2 -- dewBulPhi1 -- phi2"", ""boundary_connectors"": ""TDryBul2, dewBulPhi1, phi2"", ""wired_to"": ""nothing"", ""note"": ""this connector belongs to the model itself, not to a component inside it: the model is an interface compiled on its own, so the node is open on one side. Nothing forces its flow, which is why a structural matching reports an unmatched unknown here. Not a defect in the model""}",/data/mrumoca/eval/results_v3/ideas/runtime_free.jsonl
ideas,runtime-v3,IDEAS.Controls.OBC.CDL.Psychrometrics.Validation.DewPoint_TDryBulPhi,2,above-max,medium,False,source-validation-input-range-review,"{""variable"": ""dewBulPhi.phi"", ""bound"": ""max"", ""limit"": 1, ""value"": 1.001, ""excess"": 0.0009999999999998899, ""anchor_quality"": ""canonical""}",/data/mrumoca/eval/results_v3/ideas/runtime_free.jsonl
ideas,runtime-v3,IDEAS.Controls.OBC.CDL.Psychrometrics.Validation.WetBulb_TDryBulPhi,0,network-boundary-port,low,False,standalone-topology-not-defect-proof,"{""node"": ""TDryBul -- phi -- wetBulPhi"", ""boundary_connectors"": ""TDryBul, phi, wetBulPhi"", ""wired_to"": ""nothing"", ""note"": ""this connector belongs to the model itself, not to a component inside it: the model is an interface compiled on its own, so the node is open on one side. Nothing forces its flow, which is why a structural matching reports an unmatched unknown here. Not a defect in the model""}",/data/mrumoca/eval/results_v3/ideas/runtime_free.jsonl
ideas,runtime-v3,IDEAS.Controls.OBC.CDL.Psychrometrics.Validation.WetBulb_TDryBulPhi,1,network-boundary-port,low,False,standalone-topology-not-defect-proof,"{""node"": ""TDryBul1 -- phi2 -- wetBulPhi1"", ""boundary_connectors"": ""TDryBul1, phi2, wetBulPhi1"", ""wired_to"": ""nothing"", ""note"": ""this connector belongs to the model itself, not to a component inside it: the model is an interface compiled on its own, so the node is open on one side. Nothing forces its flow, which is why a structural matching reports an unmatched unknown here. Not a defect in the model""}",/data/mrumoca/eval/results_v3/ideas/runtime_free.jsonl
ideas,runtime-v3,IDEAS.Controls.OBC.CDL.Psychrometrics.Validation.SpecificEnthalpy_TDryBulPhi,0,network-boundary-port,low,False,standalone-topology-not-defect-proof,"{""node"": ""TDryBul -- hBulPhi -- phi"", ""boundary_connectors"": ""TDryBul, hBulPhi, phi"", ""wired_to"": ""nothing"", ""note"": ""this connector belongs to the model itself, not to a component inside it: the model is an interface compiled on its own, so the node is open on one side. Nothing forces its flow, which is why a structural matching reports an unmatched unknown here. Not a defect in the model""}",/data/mrumoca/eval/results_v3/ideas/runtime_free.jsonl
ideas,runtime-v3,IDEAS.Controls.OBC.CDL.Psychrometrics.Validation.SpecificEnthalpy_TDryBulPhi,1,above-max,medium,False,source-validation-input-range-review,"{""variable"": ""hBulPhi.phi"", ""bound"": ""max"", ""limit"": 1, ""value"": 1.001, ""excess"": 0.0009999999999998899, ""anchor_quality"": ""canonical""}",/data/mrumoca/eval/results_v3/ideas/runtime_free.jsonl
ideas,runtime-v3,IDEAS.Controls.OBC.CDL.Psychrometrics.WetBulb_TDryBulPhi,0,below-min,medium,True,hold-input-contract-validation,"{""variable"": ""TDryBul"", ""bound"": ""min"", ""limit"": 100, ""value"": 0.0, ""excess"": 100.0, ""anchor_quality"": ""canonical""}",/data/mrumoca/eval/results_v3/ideas/runtime_free.jsonl
ideas,runtime-v3,IDEAS.Controls.OBC.CDL.Reals.Divide,0,simulation-failure,high,True,execution-not-completed,"{""failure_kind"": ""non-finite-value"", ""reason"": ""o t=1 with 3 trace point(s)... \u001b[31m\u001b[0m simulation failed: non-finite (NaN) value computed for `y` @ Span { source: \u001b[31m\u2502\u001b[0m SourceId(17001545838838421904), start: BytePos(394), end: BytePos(440) }"", ""raw"": ""reading /tmp/tmpohxvv33m/traced.rbc (bitcode v2, cbor) holding 2 free input(s) constant at their start values: u1=0, u2=0 Simulating IDEAS.Controls.OBC.CDL.Reals.Divide to t=1 with 3 trace point(s)... \u001b[31m\u001b[0m simulation failed: non-finite (NaN) value computed for `y` @ Span { source: \u001b[31m\u2502\u001b[0m SourceId(17001545838838421904), start: BytePos(394), end: BytePos(440) }"", ""tool_side"": false}",/data/mrumoca/eval/results_v3/ideas/runtime_free.jsonl
ideas,runtime-v3,IDEAS.Controls.OBC.CDL.Reals.Greater,0,network-boundary-port,low,True,hold-input-contract-validation,"{""node"": ""greNoHys -- u1 -- u2 -- y"", ""boundary_connectors"": ""greNoHys, u1, u2, y"", ""wired_to"": ""nothing"", ""note"": ""this connector belongs to the model itself, not to a component inside it: the model is an interface compiled on its own, so the node is open on one side. Nothing forces its flow, which is why a structural matching reports an unmatched unknown here. Not a defect in the model""}",/data/mrumoca/eval/results_v3/ideas/runtime_free.jsonl
ideas,runtime-v3,IDEAS.Controls.OBC.CDL.Reals.GreaterThreshold,0,network-boundary-port,low,True,hold-input-contract-validation,"{""node"": ""greNoHys -- u -- y"", ""boundary_connectors"": ""greNoHys, u, y"", ""wired_to"": ""nothing"", ""note"": ""this connector belongs to the model itself, not to a component inside it: the model is an interface compiled on its own, so the node is open on one side. Nothing forces its flow, which is why a structural matching reports an unmatched unknown here. Not a defect in the model""}",/data/mrumoca/eval/results_v3/ideas/runtime_free.jsonl
ideas,runtime-v3,IDEAS.Controls.OBC.CDL.Reals.Hysteresis,0,simulation-failure,high,True,execution-not-completed,"{""failure_kind"": ""unknown"", ""reason"": ""ntrols.OBC.CDL.Reals.Hysteresis to t=1 with 2 trace point(s)... \u001b[31m\u001b[0m simulation failed: Modelica assert failed at t=0.000000000: Hysteresis \u001b[31m\u2502\u001b[0m limits wrong. uHigh must be larger than uLow"", ""raw"": ""reading /tmp/tmprj0vpv30/traced.rbc (bitcode v2, cbor) holding 1 free input(s) constant at their start values: u=0 Simulating IDEAS.Controls.OBC.CDL.Reals.Hysteresis to t=1 with 2 trace point(s)... \u001b[31m\u001b[0m simulation failed: Modelica assert failed at t=0.000000000: Hysteresis \u001b[31m\u2502\u001b[0m limits wrong. uHigh must be larger than uLow"", ""tool_side"": false}",/data/mrumoca/eval/results_v3/ideas/runtime_free.jsonl
ideas,runtime-v3,IDEAS.Controls.OBC.CDL.Reals.Less,0,network-boundary-port,low,True,hold-input-contract-validation,"{""node"": ""lesNoHys -- u1 -- u2 -- y"", ""boundary_connectors"": ""lesNoHys, u1, u2, y"", ""wired_to"": ""nothing"", ""note"": ""this connector belongs to the model itself, not to a component inside it: the model is an interface compiled on its own, so the node is open on one side. Nothing forces its flow, which is why a structural matching reports an unmatched unknown here. Not a defect in the model""}",/data/mrumoca/eval/results_v3/ideas/runtime_free.jsonl
ideas,runtime-v3,IDEAS.Controls.OBC.CDL.Reals.LessThreshold,0,network-boundary-port,low,True,hold-input-contract-validation,"{""node"": ""lesNoHys -- u -- y"", ""boundary_connectors"": ""lesNoHys, u, y"", ""wired_to"": ""nothing"", ""note"": ""this connector belongs to the model itself, not to a component inside it: the model is an interface compiled on its own, so the node is open on one side. Nothing forces its flow, which is why a structural matching reports an unmatched unknown here. Not a defect in the model""}",/data/mrumoca/eval/results_v3/ideas/runtime_free.jsonl
ideas,runtime-v3,IDEAS.Controls.OBC.CDL.Reals.LimitSlewRate,0,simulation-failure,high,True,execution-not-completed,"{""failure_kind"": ""non-finite-value"", ""reason"": "" simulation failed: solve-IR evaluation failed: non-finite (NaN) value \u001b[31m\u2502\u001b[0m computed for `thr` @ Span { source: SourceId(6236173287124278455), start: \u001b[31m\u2502\u001b[0m BytePos(933), end: BytePos(941) }"", ""raw"": ""reading /tmp/tmpp_x5lfsp/traced.rbc (bitcode v2, cbor) holding 1 free input(s) constant at their start values: u=0 Simulating IDEAS.Controls.OBC.CDL.Reals.LimitSlewRate to t=1 with 3 trace point(s)... \u001b[31m\u001b[0m simulation failed: solve-IR evaluation failed: non-finite (NaN) value \u001b[31m\u2502\u001b[0m computed for `thr` @ Span { source: SourceId(6236173287124278455), start: \u001b[31m\u2502\u001b[0m BytePos(933), end: Byte"", ""tool_side"": false}",/data/mrumoca/eval/results_v3/ideas/runtime_free.jsonl
ideas,runtime-v3,IDEAS.Controls.OBC.CDL.Reals.Limiter,0,simulation-failure,high,True,execution-not-completed,"{""failure_kind"": ""unknown"", ""reason"": "" IDEAS.Controls.OBC.CDL.Reals.Limiter to t=1 with 2 trace point(s)... \u001b[31m\u001b[0m simulation failed: Modelica assert failed at t=0.000000000: uMin must be \u001b[31m\u2502\u001b[0m smaller than uMax. Check parameters."", ""raw"": ""reading /tmp/tmpvzu6h6fh/traced.rbc (bitcode v2, cbor) holding 1 free input(s) constant at their start values: u=0 Simulating IDEAS.Controls.OBC.CDL.Reals.Limiter to t=1 with 2 trace point(s)... \u001b[31m\u001b[0m simulation failed: Modelica assert failed at t=0.000000000: uMin must be \u001b[31m\u2502\u001b[0m smaller than uMax. Check parameters."", ""tool_side"": false}",/data/mrumoca/eval/results_v3/ideas/runtime_free.jsonl
ideas,runtime-v3,IDEAS.Controls.OBC.CDL.Reals.Line,0,simulation-failure,high,True,execution-not-completed,"{""failure_kind"": ""non-finite-value"", ""reason"": "" t=1 with 9 trace point(s)... \u001b[31m\u001b[0m simulation failed: non-finite (NaN) value computed for `b` @ Span { source: \u001b[31m\u2502\u001b[0m SourceId(6905103194321397833), start: BytePos(1418), end: BytePos(1424) }"", ""raw"": ""reading /tmp/tmpz5q1tl1u/traced.rbc (bitcode v2, cbor) holding 5 free input(s) constant at their start values: x1=0, f1=0, x2=0, f2=0, u=0 Simulating IDEAS.Controls.OBC.CDL.Reals.Line to t=1 with 9 trace point(s)... \u001b[31m\u001b[0m simulation failed: non-finite (NaN) value computed for `b` @ Span { source: \u001b[31m\u2502\u001b[0m SourceId(6905103194321397833), start: BytePos(1418), end: BytePos(1424) }"", ""tool_side"": false}",/data/mrumoca/eval/results_v3/ideas/runtime_free.jsonl
ideas,runtime-v3,IDEAS.Controls.OBC.CDL.Reals.Log,0,simulation-failure,high,True,execution-not-completed,"{""failure_kind"": ""non-finite-value"", ""reason"": ""to t=1 with 2 trace point(s)... \u001b[31m\u001b[0m simulation failed: non-finite (inf) value computed for `y` @ Span { source: \u001b[31m\u2502\u001b[0m SourceId(1307406146011593407), start: BytePos(281), end: BytePos(327) }"", ""raw"": ""reading /tmp/tmpbhw6l7br/traced.rbc (bitcode v2, cbor) holding 1 free input(s) constant at their start values: u=0 Simulating IDEAS.Controls.OBC.CDL.Reals.Log to t=1 with 2 trace point(s)... \u001b[31m\u001b[0m simulation failed: non-finite (inf) value computed for `y` @ Span { source: \u001b[31m\u2502\u001b[0m SourceId(1307406146011593407), start: BytePos(281), end: BytePos(327) }"", ""tool_side"": false}",/data/mrumoca/eval/results_v3/ideas/runtime_free.jsonl
ideas,runtime-v3,IDEAS.Controls.OBC.CDL.Reals.MultiMax,0,simulation-failure,high,False,execution-not-completed,"{""failure_kind"": ""unknown"", ""reason"": ""n failed: DAE system is not computable: continuous algebraic row 0 \u001b[31m\u2502\u001b[0m cannot resolve its derivative reads: DAE system is not computable: minimum \u001b[31m\u2502\u001b[0m and maximum require a nonempty array"", ""raw"": ""reading /tmp/tmprp253s83/traced.rbc (bitcode v2, cbor) Simulating IDEAS.Controls.OBC.CDL.Reals.MultiMax to t=1 with 1 trace point(s)... \u001b[31m\u001b[0m simulation failed: DAE system is not computable: continuous algebraic row 0 \u001b[31m\u2502\u001b[0m cannot resolve its derivative reads: DAE system is not computable: minimum \u001b[31m\u2502\u001b[0m and maximum require a nonempty array"", ""tool_side"": false}",/data/mrumoca/eval/results_v3/ideas/runtime_free.jsonl
ideas,runtime-v3,IDEAS.Controls.OBC.CDL.Reals.Log10,0,simulation-failure,high,True,execution-not-completed,"{""failure_kind"": ""non-finite-value"", ""reason"": ""to t=1 with 2 trace point(s)... \u001b[31m\u001b[0m simulation failed: non-finite (inf) value computed for `y` @ Span { source: \u001b[31m\u2502\u001b[0m SourceId(7749644257862698760), start: BytePos(275), end: BytePos(321) }"", ""raw"": ""reading /tmp/tmp7el3a0nt/traced.rbc (bitcode v2, cbor) holding 1 free input(s) constant at their start values: u=0 Simulating IDEAS.Controls.OBC.CDL.Reals.Log10 to t=1 with 2 trace point(s)... \u001b[31m\u001b[0m simulation failed: non-finite (inf) value computed for `y` @ Span { source: \u001b[31m\u2502\u001b[0m SourceId(7749644257862698760), start: BytePos(275), end: BytePos(321) }"", ""tool_side"": false}",/data/mrumoca/eval/results_v3/ideas/runtime_free.jsonl
ideas,runtime-v3,IDEAS.Controls.OBC.CDL.Reals.MultiMin,0,simulation-failure,high,False,execution-not-completed,"{""failure_kind"": ""unknown"", ""reason"": ""n failed: DAE system is not computable: continuous algebraic row 0 \u001b[31m\u2502\u001b[0m cannot resolve its derivative reads: DAE system is not computable: minimum \u001b[31m\u2502\u001b[0m and maximum require a nonempty array"", ""raw"": ""reading /tmp/tmpipi1omd2/traced.rbc (bitcode v2, cbor) Simulating IDEAS.Controls.OBC.CDL.Reals.MultiMin to t=1 with 1 trace point(s)... \u001b[31m\u001b[0m simulation failed: DAE system is not computable: continuous algebraic row 0 \u001b[31m\u2502\u001b[0m cannot resolve its derivative reads: DAE system is not computable: minimum \u001b[31m\u2502\u001b[0m and maximum require a nonempty array"", ""tool_side"": false}",/data/mrumoca/eval/results_v3/ideas/runtime_free.jsonl
ideas,runtime-v3,IDEAS.Controls.OBC.CDL.Reals.Ramp,0,simulation-failure,high,True,execution-not-completed,"{""failure_kind"": ""non-finite-value"", ""reason"": ""imulation failed: solve-IR evaluation failed: non-finite (NaN) value \u001b[31m\u2502\u001b[0m computed for `thr` @ Span { source: SourceId(7830314310305775847), start: \u001b[31m\u2502\u001b[0m BytePos(1119), end: BytePos(1127) }"", ""raw"": ""reading /tmp/tmp9xp2xt03/traced.rbc (bitcode v2, cbor) holding 2 free input(s) constant at their start values: u=0, active=0 Simulating IDEAS.Controls.OBC.CDL.Reals.Ramp to t=1 with 5 trace point(s)... \u001b[31m\u001b[0m simulation failed: solve-IR evaluation failed: non-finite (NaN) value \u001b[31m\u2502\u001b[0m computed for `thr` @ Span { source: SourceId(7830314310305775847), start: \u001b[31m\u2502\u001b[0m BytePos(1119), end: By"", ""tool_side"": false}",/data/mrumoca/eval/results_v3/ideas/runtime_free.jsonl
ideas,runtime-v3,IDEAS.Controls.OBC.CDL.Reals.Validation.Abs,0,network-boundary-port,low,False,standalone-topology-not-defect-proof,"{""node"": ""abs1 -- ramp"", ""boundary_connectors"": ""abs1, ramp"", ""wired_to"": ""nothing"", ""note"": ""this connector belongs to the model itself, not to a component inside it: the model is an interface compiled on its own, so the node is open on one side. Nothing forces its flow, which is why a structural matching reports an unmatched unknown here. Not a defect in the model""}",/data/mrumoca/eval/results_v3/ideas/runtime_free.jsonl
ideas,runtime-v3,IDEAS.Controls.OBC.CDL.Reals.Validation.AddParameter,0,network-boundary-port,low,False,standalone-topology-not-defect-proof,"{""node"": ""addPar -- ramp1"", ""boundary_connectors"": ""addPar, ramp1"", ""wired_to"": ""nothing"", ""note"": ""this connector belongs to the model itself, not to a component inside it: the model is an interface compiled on its own, so the node is open on one side. Nothing forces its flow, which is why a structural matching reports an unmatched unknown here. Not a defect in the model""}",/data/mrumoca/eval/results_v3/ideas/runtime_free.jsonl
ideas,runtime-v3,IDEAS.Controls.OBC.CDL.Reals.Validation.Add,0,network-boundary-port,low,False,standalone-topology-not-defect-proof,"{""node"": ""add1 -- ramp1 -- ramp2"", ""boundary_connectors"": ""add1, ramp1, ramp2"", ""wired_to"": ""nothing"", ""note"": ""this connector belongs to the model itself, not to a component inside it: the model is an interface compiled on its own, so the node is open on one side. Nothing forces its flow, which is why a structural matching reports an unmatched unknown here. Not a defect in the model""}",/data/mrumoca/eval/results_v3/ideas/runtime_free.jsonl
ideas,runtime-v3,IDEAS.Controls.OBC.CDL.Reals.Validation.Acos,0,network-boundary-port,low,False,standalone-topology-not-defect-proof,"{""node"": ""arcCos -- ramp1"", ""boundary_connectors"": ""arcCos, ramp1"", ""wired_to"": ""nothing"", ""note"": ""this connector belongs to the model itself, not to a component inside it: the model is an interface compiled on its own, so the node is open on one side. Nothing forces its flow, which is why a structural matching reports an unmatched unknown here. Not a defect in the model""}",/data/mrumoca/eval/results_v3/ideas/runtime_free.jsonl
ideas,runtime-v3,IDEAS.Controls.OBC.CDL.Reals.Validation.Asin,0,network-boundary-port,low,False,standalone-topology-not-defect-proof,"{""node"": ""arcSin -- ramp1"", ""boundary_connectors"": ""arcSin, ramp1"", ""wired_to"": ""nothing"", ""note"": ""this connector belongs to the model itself, not to a component inside it: the model is an interface compiled on its own, so the node is open on one side. Nothing forces its flow, which is why a structural matching reports an unmatched unknown here. Not a defect in the model""}",/data/mrumoca/eval/results_v3/ideas/runtime_free.jsonl
ideas,runtime-v3,IDEAS.Controls.OBC.CDL.Reals.Validation.Atan,0,network-boundary-port,low,False,standalone-topology-not-defect-proof,"{""node"": ""atan1 -- ramp1"", ""boundary_connectors"": ""atan1, ramp1"", ""wired_to"": ""nothing"", ""note"": ""this connector belongs to the model itself, not to a component inside it: the model is an interface compiled on its own, so the node is open on one side. Nothing forces its flow, which is why a structural matching reports an unmatched unknown here. Not a defect in the model""}",/data/mrumoca/eval/results_v3/ideas/runtime_free.jsonl
ideas,runtime-v3,IDEAS.Controls.OBC.CDL.Reals.Validation.Atan2,0,network-boundary-port,low,False,standalone-topology-not-defect-proof,"{""node"": ""atan2_1 -- ramp1 -- ramp2"", ""boundary_connectors"": ""atan2_1, ramp1, ramp2"", ""wired_to"": ""nothing"", ""note"": ""this connector belongs to the model itself, not to a component inside it: the model is an interface compiled on its own, so the node is open on one side. Nothing forces its flow, which is why a structural matching reports an unmatched unknown here. Not a defect in the model""}",/data/mrumoca/eval/results_v3/ideas/runtime_free.jsonl
ideas,runtime-v3,IDEAS.Controls.OBC.CDL.Reals.Validation.Exp,0,network-boundary-port,low,False,standalone-topology-not-defect-proof,"{""node"": ""Exp1 -- ramp1"", ""boundary_connectors"": ""Exp1, ramp1"", ""wired_to"": ""nothing"", ""note"": ""this connector belongs to the model itself, not to a component inside it: the model is an interface compiled on its own, so the node is open on one side. Nothing forces its flow, which is why a structural matching reports an unmatched unknown here. Not a defect in the model""}",/data/mrumoca/eval/results_v3/ideas/runtime_free.jsonl
ideas,runtime-v3,IDEAS.Controls.OBC.CDL.Reals.Validation.Average,0,network-boundary-port,low,False,standalone-topology-not-defect-proof,"{""node"": ""avg1 -- ramp1 -- ramp2"", ""boundary_connectors"": ""avg1, ramp1, ramp2"", ""wired_to"": ""nothing"", ""note"": ""this connector belongs to the model itself, not to a component inside it: the model is an interface compiled on its own, so the node is open on one side. Nothing forces its flow, which is why a structural matching reports an unmatched unknown here. Not a defect in the model""}",/data/mrumoca/eval/results_v3/ideas/runtime_free.jsonl
ideas,runtime-v3,IDEAS.Controls.OBC.CDL.Reals.Validation.Divide,0,network-boundary-port,low,False,standalone-topology-not-defect-proof,"{""node"": ""div1 -- ramp1 -- ramp2"", ""boundary_connectors"": ""div1, ramp1, ramp2"", ""wired_to"": ""nothing"", ""note"": ""this connector belongs to the model itself, not to a component inside it: the model is an interface compiled on its own, so the node is open on one side. Nothing forces its flow, which is why a structural matching reports an unmatched unknown here. Not a defect in the model""}",/data/mrumoca/eval/results_v3/ideas/runtime_free.jsonl
ideas,runtime-v3,IDEAS.Controls.OBC.CDL.Reals.Validation.Derivative,0,network-boundary-port,low,False,standalone-topology-not-defect-proof,"{""node"": ""T -- abs -- assMes -- booSig -- con -- con2 -- cos -- der1 -- der2 -- gai -- intWitRes -- lesThr -- lesThr.lesHys -- modTim -- ram -- sub"", ""boundary_connectors"": ""T, abs, assMes, booSig, con, con2, cos, der1, der2, gai, intWitRes, lesThr, modTim, ram, sub"", ""wired_to"": ""lesThr.lesHys"", ""note"": ""this connector belongs to the model itself, not to a component inside it: the model is an interface compiled on its own, so the node is open on one side. Nothing forces its flow, which is why a structural matching reports an unmatched unknown here. Not a defect in the model""}",/data/mrumoca/eval/results_v3/ideas/runtime_free.jsonl
ideas,runtime-v3,IDEAS.Controls.OBC.CDL.Reals.Validation.Cos,0,network-boundary-port,low,False,standalone-topology-not-defect-proof,"{""node"": ""cos1 -- ramp1"", ""boundary_connectors"": ""cos1, ramp1"", ""wired_to"": ""nothing"", ""note"": ""this connector belongs to the model itself, not to a component inside it: the model is an interface compiled on its own, so the node is open on one side. Nothing forces its flow, which is why a structural matching reports an unmatched unknown here. Not a defect in the model""}",/data/mrumoca/eval/results_v3/ideas/runtime_free.jsonl
ideas,runtime-v3,IDEAS.Controls.OBC.CDL.Reals.Validation.Greater,0,network-boundary-port,low,False,standalone-topology-not-defect-proof,"{""node"": ""gre -- gre.greNoHys -- greHys -- greHys.greHys -- ram1 -- sin"", ""boundary_connectors"": ""gre, greHys, ram1, sin"", ""wired_to"": ""gre.greNoHys, greHys.greHys"", ""note"": ""this connector belongs to the model itself, not to a component inside it: the model is an interface compiled on its own, so the node is open on one side. Nothing forces its flow, which is why a structural matching reports an unmatched unknown here. Not a defect in the model""}",/data/mrumoca/eval/results_v3/ideas/runtime_free.jsonl
ideas,runtime-v3,IDEAS.Controls.OBC.CDL.Reals.Validation.GreaterThreshold,0,network-boundary-port,low,False,standalone-topology-not-defect-proof,"{""node"": ""gre -- gre.greNoHys -- greHys -- greHys.greHys -- sin"", ""boundary_connectors"": ""gre, greHys, sin"", ""wired_to"": ""gre.greNoHys, greHys.greHys"", ""note"": ""this connector belongs to the model itself, not to a component inside it: the model is an interface compiled on its own, so the node is open on one side. Nothing forces its flow, which is why a structural matching reports an unmatched unknown here. Not a defect in the model""}",/data/mrumoca/eval/results_v3/ideas/runtime_free.jsonl
ideas,runtime-v3,IDEAS.Controls.OBC.CDL.Reals.Validation.Less,0,network-boundary-port,low,False,standalone-topology-not-defect-proof,"{""node"": ""les -- les.lesNoHys -- lesHys -- lesHys.lesHys -- ram1 -- sin"", ""boundary_connectors"": ""les, lesHys, ram1, sin"", ""wired_to"": ""les.lesNoHys, lesHys.lesHys"", ""note"": ""this connector belongs to the model itself, not to a component inside it: the model is an interface compiled on its own, so the node is open on one side. Nothing forces its flow, which is why a structural matching reports an unmatched unknown here. Not a defect in the model""}",/data/mrumoca/eval/results_v3/ideas/runtime_free.jsonl
ideas,runtime-v3,IDEAS.Controls.OBC.CDL.Reals.Validation.LessThreshold,0,network-boundary-port,low,False,standalone-topology-not-defect-proof,"{""node"": ""les -- les.lesNoHys -- lesHys -- lesHys.lesHys -- sin"", ""boundary_connectors"": ""les, lesHys, sin"", ""wired_to"": ""les.lesNoHys, lesHys.lesHys"", ""note"": ""this connector belongs to the model itself, not to a component inside it: the model is an interface compiled on its own, so the node is open on one side. Nothing forces its flow, which is why a structural matching reports an unmatched unknown here. Not a defect in the model""}",/data/mrumoca/eval/results_v3/ideas/runtime_free.jsonl
ideas,runtime-v3,IDEAS.Controls.OBC.CDL.Reals.Validation.Hysteresis,0,network-boundary-port,low,False,standalone-topology-not-defect-proof,"{""node"": ""gain1 -- hysteresis -- ramp1 -- sin1"", ""boundary_connectors"": ""gain1, hysteresis, ramp1, sin1"", ""wired_to"": ""nothing"", ""note"": ""this connector belongs to the model itself, not to a component inside it: the model is an interface compiled on its own, so the node is open on one side. Nothing forces its flow, which is why a structural matching reports an unmatched unknown here. Not a defect in the model""}",/data/mrumoca/eval/results_v3/ideas/runtime_free.jsonl
ideas,runtime-v3,IDEAS.Controls.OBC.CDL.Reals.Validation.Hysteresis,1,network-boundary-port,low,False,standalone-topology-not-defect-proof,"{""node"": ""hysteresis1 -- sin"", ""boundary_connectors"": ""hysteresis1, sin"", ""wired_to"": ""nothing"", ""note"": ""this connector belongs to the model itself, not to a component inside it: the model is an interface compiled on its own, so the node is open on one side. Nothing forces its flow, which is why a structural matching reports an unmatched unknown here. Not a defect in the model""}",/data/mrumoca/eval/results_v3/ideas/runtime_free.jsonl
ideas,runtime-v3,IDEAS.Controls.OBC.CDL.Reals.Validation.Hysteresis,2,network-boundary-port,low,False,standalone-topology-not-defect-proof,"{""node"": ""hysteresis2 -- sin2"", ""boundary_connectors"": ""hysteresis2, sin2"", ""wired_to"": ""nothing"", ""note"": ""this connector belongs to the model itself, not to a component inside it: the model is an interface compiled on its own, so the node is open on one side. Nothing forces its flow, which is why a structural matching reports an unmatched unknown here. Not a defect in the model""}",/data/mrumoca/eval/results_v3/ideas/runtime_free.jsonl
ideas,runtime-v3,IDEAS.Controls.OBC.CDL.Reals.Validation.LimitSlewRate,0,network-boundary-port,low,False,standalone-topology-not-defect-proof,"{""node"": ""add -- add1 -- add2 -- add3 -- add4 -- add5 -- add6 -- ramp1 -- ramp2 -- ramp3 -- ramp4 -- ramp5 -- ramp6 -- ramp7 -- ramp8 -- sleRatLim"", ""boundary_connectors"": ""add, add1, add2, add3, add4, add5, add6, ramp1, ramp2, ramp3, ramp4, ramp5, ramp6, ramp7, ramp8, sleRatLim"", ""wired_to"": ""nothing"", ""note"": ""this connector belongs to the model itself, not to a component inside it: the model is an interface compiled on its own, so the node is open on one side. Nothing forces its flow, which is why a structural matching reports an unmatched unknown here. Not a defect in the model""}",/data/mrumoca/eval/results_v3/ideas/runtime_free.jsonl
ideas,runtime-v3,IDEAS.Controls.OBC.CDL.Reals.Validation.Limiter,0,network-boundary-port,low,False,standalone-topology-not-defect-proof,"{""node"": ""limiter1 -- ramp1"", ""boundary_connectors"": ""limiter1, ramp1"", ""wired_to"": ""nothing"", ""note"": ""this connector belongs to the model itself, not to a component inside it: the model is an interface compiled on its own, so the node is open on one side. Nothing forces its flow, which is why a structural matching reports an unmatched unknown here. Not a defect in the model""}",/data/mrumoca/eval/results_v3/ideas/runtime_free.jsonl
ideas,runtime-v3,IDEAS.Controls.OBC.CDL.Reals.Validation.Line,0,network-boundary-port,low,False,standalone-topology-not-defect-proof,"{""node"": ""f1 -- f2 -- line1 -- line2 -- line3 -- ramp1 -- x1 -- x2"", ""boundary_connectors"": ""f1, f2, line1, line2, line3, ramp1, x1, x2"", ""wired_to"": ""nothing"", ""note"": ""this connector belongs to the model itself, not to a component inside it: the model is an interface compiled on its own, so the node is open on one side. Nothing forces its flow, which is why a structural matching reports an unmatched unknown here. Not a defect in the model""}",/data/mrumoca/eval/results_v3/ideas/runtime_free.jsonl
ideas,runtime-v3,IDEAS.Controls.OBC.CDL.Reals.Validation.Log,0,network-boundary-port,low,False,standalone-topology-not-defect-proof,"{""node"": ""log1 -- ramp1"", ""boundary_connectors"": ""log1, ramp1"", ""wired_to"": ""nothing"", ""note"": ""this connector belongs to the model itself, not to a component inside it: the model is an interface compiled on its own, so the node is open on one side. Nothing forces its flow, which is why a structural matching reports an unmatched unknown here. Not a defect in the model""}",/data/mrumoca/eval/results_v3/ideas/runtime_free.jsonl
ideas,runtime-v3,IDEAS.Controls.OBC.CDL.Reals.Validation.MatrixGain,0,network-boundary-port,low,False,standalone-topology-not-defect-proof,"{""node"": ""matGai -- ramp"", ""boundary_connectors"": ""matGai, ramp"", ""wired_to"": ""nothing"", ""note"": ""this connector belongs to the model itself, not to a component inside it: the model is an interface compiled on its own, so the node is open on one side. Nothing forces its flow, which is why a structural matching reports an unmatched unknown here. Not a defect in the model""}",/data/mrumoca/eval/results_v3/ideas/runtime_free.jsonl
ideas,runtime-v3,IDEAS.Controls.OBC.CDL.Reals.Validation.MatrixGain,1,network-boundary-port,low,False,standalone-topology-not-defect-proof,"{""node"": ""matGai1 -- ramp1 -- ramp2"", ""boundary_connectors"": ""matGai1, ramp1, ramp2"", ""wired_to"": ""nothing"", ""note"": ""this connector belongs to the model itself, not to a component inside it: the model is an interface compiled on its own, so the node is open on one side. Nothing forces its flow, which is why a structural matching reports an unmatched unknown here. Not a defect in the model""}",/data/mrumoca/eval/results_v3/ideas/runtime_free.jsonl
ideas,runtime-v3,IDEAS.Controls.OBC.CDL.Reals.Validation.Log10,0,network-boundary-port,low,False,standalone-topology-not-defect-proof,"{""node"": ""log10_1 -- ramp1"", ""boundary_connectors"": ""log10_1, ramp1"", ""wired_to"": ""nothing"", ""note"": ""this connector belongs to the model itself, not to a component inside it: the model is an interface compiled on its own, so the node is open on one side. Nothing forces its flow, which is why a structural matching reports an unmatched unknown here. Not a defect in the model""}",/data/mrumoca/eval/results_v3/ideas/runtime_free.jsonl
ideas,runtime-v3,IDEAS.Controls.OBC.CDL.Reals.Validation.MatrixMin,0,network-boundary-port,low,False,standalone-topology-not-defect-proof,"{""node"": ""con1[1,1] -- con1[1,2] -- con1[1,3] -- con1[2,1] -- con1[2,2] -- con1[2,3] -- matMin1"", ""boundary_connectors"": ""con1[1,1], con1[1,2], con1[1,3], con1[2,1], con1[2,2], con1[2,3], matMin1"", ""wired_to"": ""nothing"", ""note"": ""this connector belongs to the model itself, not to a component inside it: the model is an interface compiled on its own, so the node is open on one side. Nothing forces its flow, which is why a structural matching reports an unmatched unknown here. Not a defect in the model""}",/data/mrumoca/eval/results_v3/ideas/runtime_free.jsonl
ideas,runtime-v3,IDEAS.Controls.OBC.CDL.Reals.Validation.MatrixMin,1,network-boundary-port,low,False,standalone-topology-not-defect-proof,"{""node"": ""con2[1,1] -- con2[1,2] -- con2[1,3] -- con2[2,1] -- con2[2,2] -- con2[2,3] -- matMin2"", ""boundary_connectors"": ""con2[1,1], con2[1,2], con2[1,3], con2[2,1], con2[2,2], con2[2,3], matMin2"", ""wired_to"": ""nothing"", ""note"": ""this connector belongs to the model itself, not to a component inside it: the model is an interface compiled on its own, so the node is open on one side. Nothing forces its flow, which is why a structural matching reports an unmatched unknown here. Not a defect in the model""}",/data/mrumoca/eval/results_v3/ideas/runtime_free.jsonl
ideas,runtime-v3,IDEAS.Controls.OBC.CDL.Reals.Validation.MatrixMin,2,network-boundary-port,low,False,standalone-topology-not-defect-proof,"{""node"": ""con[1,1] -- con[1,2] -- con[1,3] -- con[2,1] -- con[2,2] -- con[2,3] -- con[3,1] -- con[3,2] -- con[3,3] -- matMin"", ""boundary_connectors"": ""con[1,1], con[1,2], con[1,3], con[2,1], con[2,2], con[2,3], con[3,1], con[3,2], con[3,3], matMin"", ""wired_to"": ""nothing"", ""note"": ""this connector belongs to the model itself, not to a component inside it: the model is an interface compiled on its own, so the node is open on one side. Nothing forces its flow, which is why a structural matching reports an unmatched unknown here. Not a defect in the model""}",/data/mrumoca/eval/results_v3/ideas/runtime_free.jsonl
ideas,runtime-v3,IDEAS.Controls.OBC.CDL.Reals.Validation.MatrixMax,0,network-boundary-port,low,False,standalone-topology-not-defect-proof,"{""node"": ""con1[1,1] -- con1[1,2] -- con1[1,3] -- con1[2,1] -- con1[2,2] -- con1[2,3] -- matMax1"", ""boundary_connectors"": ""con1[1,1], con1[1,2], con1[1,3], con1[2,1], con1[2,2], con1[2,3], matMax1"", ""wired_to"": ""nothing"", ""note"": ""this connector belongs to the model itself, not to a component inside it: the model is an interface compiled on its own, so the node is open on one side. Nothing forces its flow, which is why a structural matching reports an unmatched unknown here. Not a defect in the model""}",/data/mrumoca/eval/results_v3/ideas/runtime_free.jsonl
ideas,runtime-v3,IDEAS.Controls.OBC.CDL.Reals.Validation.MatrixMax,1,network-boundary-port,low,False,standalone-topology-not-defect-proof,"{""node"": ""con2[1,1] -- con2[1,2] -- con2[1,3] -- con2[2,1] -- con2[2,2] -- con2[2,3] -- matMax2"", ""boundary_connectors"": ""con2[1,1], con2[1,2], con2[1,3], con2[2,1], con2[2,2], con2[2,3], matMax2"", ""wired_to"": ""nothing"", ""note"": ""this connector belongs to the model itself, not to a component inside it: the model is an interface compiled on its own, so the node is open on one side. Nothing forces its flow, which is why a structural matching reports an unmatched unknown here. Not a defect in the model""}",/data/mrumoca/eval/results_v3/ideas/runtime_free.jsonl
ideas,runtime-v3,IDEAS.Controls.OBC.CDL.Reals.Validation.MatrixMax,2,network-boundary-port,low,False,standalone-topology-not-defect-proof,"{""node"": ""con[1,1] -- con[1,2] -- con[1,3] -- con[2,1] -- con[2,2] -- con[2,3] -- con[3,1] -- con[3,2] -- con[3,3] -- matMax"", ""boundary_connectors"": ""con[1,1], con[1,2], con[1,3], con[2,1], con[2,2], con[2,3], con[3,1], con[3,2], con[3,3], matMax"", ""wired_to"": ""nothing"", ""note"": ""this connector belongs to the model itself, not to a component inside it: the model is an interface compiled on its own, so the node is open on one side. Nothing forces its flow, which is why a structural matching reports an unmatched unknown here. Not a defect in the model""}",/data/mrumoca/eval/results_v3/ideas/runtime_free.jsonl
ideas,runtime-v3,IDEAS.Controls.OBC.CDL.Reals.Validation.Max,0,network-boundary-port,low,False,standalone-topology-not-defect-proof,"{""node"": ""max1 -- ramp1 -- ramp2"", ""boundary_connectors"": ""max1, ramp1, ramp2"", ""wired_to"": ""nothing"", ""note"": ""this connector belongs to the model itself, not to a component inside it: the model is an interface compiled on its own, so the node is open on one side. Nothing forces its flow, which is why a structural matching reports an unmatched unknown here. Not a defect in the model""}",/data/mrumoca/eval/results_v3/ideas/runtime_free.jsonl
ideas,runtime-v3,IDEAS.Controls.OBC.CDL.Reals.Validation.Min,0,network-boundary-port,low,False,standalone-topology-not-defect-proof,"{""node"": ""min1 -- ramp1 -- ramp2"", ""boundary_connectors"": ""min1, ramp1, ramp2"", ""wired_to"": ""nothing"", ""note"": ""this connector belongs to the model itself, not to a component inside it: the model is an interface compiled on its own, so the node is open on one side. Nothing forces its flow, which is why a structural matching reports an unmatched unknown here. Not a defect in the model""}",/data/mrumoca/eval/results_v3/ideas/runtime_free.jsonl
ideas,runtime-v3,IDEAS.Controls.OBC.CDL.Reals.Validation.MultiMin,0,network-boundary-port,low,False,standalone-topology-not-defect-proof,"{""node"": ""con[1] -- con[2] -- con[3] -- con[4] -- con[5] -- minVal"", ""boundary_connectors"": ""con[1], con[2], con[3], con[4], con[5], minVal"", ""wired_to"": ""nothing"", ""note"": ""this connector belongs to the model itself, not to a component inside it: the model is an interface compiled on its own, so the node is open on one side. Nothing forces its flow, which is why a structural matching reports an unmatched unknown here. Not a defect in the model""}",/data/mrumoca/eval/results_v3/ideas/runtime_free.jsonl
ideas,runtime-v3,IDEAS.Controls.OBC.CDL.Reals.Validation.Multiply,0,network-boundary-port,low,False,standalone-topology-not-defect-proof,"{""node"": ""product1 -- ramp1 -- ramp2"", ""boundary_connectors"": ""product1, ramp1, ramp2"", ""wired_to"": ""nothing"", ""note"": ""this connector belongs to the model itself, not to a component inside it: the model is an interface compiled on its own, so the node is open on one side. Nothing forces its flow, which is why a structural matching reports an unmatched unknown here. Not a defect in the model""}",/data/mrumoca/eval/results_v3/ideas/runtime_free.jsonl
ideas,runtime-v3,IDEAS.Controls.OBC.CDL.Reals.Validation.MultiMax,0,network-boundary-port,low,False,standalone-topology-not-defect-proof,"{""node"": ""con[1] -- con[2] -- con[3] -- con[4] -- con[5] -- maxVal"", ""boundary_connectors"": ""con[1], con[2], con[3], con[4], con[5], maxVal"", ""wired_to"": ""nothing"", ""note"": ""this connector belongs to the model itself, not to a component inside it: the model is an interface compiled on its own, so the node is open on one side. Nothing forces its flow, which is why a structural matching reports an unmatched unknown here. Not a defect in the model""}",/data/mrumoca/eval/results_v3/ideas/runtime_free.jsonl
ideas,runtime-v3,IDEAS.Controls.OBC.CDL.Reals.Validation.MultiplyByParameter,0,network-boundary-port,low,False,standalone-topology-not-defect-proof,"{""node"": ""gain1 -- ramp1"", ""boundary_connectors"": ""gain1, ramp1"", ""wired_to"": ""nothing"", ""note"": ""this connector belongs to the model itself, not to a component inside it: the model is an interface compiled on its own, so the node is open on one side. Nothing forces its flow, which is why a structural matching reports an unmatched unknown here. Not a defect in the model""}",/data/mrumoca/eval/results_v3/ideas/runtime_free.jsonl
ideas,runtime-v3,IDEAS.Controls.OBC.CDL.Reals.Validation.MultiSum,0,network-boundary-port,low,False,standalone-topology-not-defect-proof,"{""node"": ""mulSum_1 -- mulSum_2 -- mulSum_3 -- mulSum_5 -- ramp1 -- ramp2 -- ramp3 -- ramp4 -- ramp5"", ""boundary_connectors"": ""mulSum_1, mulSum_2, mulSum_3, mulSum_5, ramp1, ramp2, ramp3, ramp4, ramp5"", ""wired_to"": ""nothing"", ""note"": ""this connector belongs to the model itself, not to a component inside it: the model is an interface compiled on its own, so the node is open on one side. Nothing forces its flow, which is why a structural matching reports an unmatched unknown here. Not a defect in the model""}",/data/mrumoca/eval/results_v3/ideas/runtime_free.jsonl
ideas,runtime-v3,IDEAS.Controls.OBC.CDL.Reals.Validation.Round,0,network-boundary-port,low,False,standalone-topology-not-defect-proof,"{""node"": ""gai -- gai1 -- ramp1 -- round1 -- round2 -- round3"", ""boundary_connectors"": ""gai, gai1, ramp1, round1, round2, round3"", ""wired_to"": ""nothing"", ""note"": ""this connector belongs to the model itself, not to a component inside it: the model is an interface compiled on its own, so the node is open on one side. Nothing forces its flow, which is why a structural matching reports an unmatched unknown here. Not a defect in the model""}",/data/mrumoca/eval/results_v3/ideas/runtime_free.jsonl
ideas,runtime-v3,IDEAS.Controls.OBC.CDL.Reals.Validation.Sqrt,0,network-boundary-port,low,False,standalone-topology-not-defect-proof,"{""node"": ""ramp1 -- sqrt1"", ""boundary_connectors"": ""ramp1, sqrt1"", ""wired_to"": ""nothing"", ""note"": ""this connector belongs to the model itself, not to a component inside it: the model is an interface compiled on its own, so the node is open on one side. Nothing forces its flow, which is why a structural matching reports an unmatched unknown here. Not a defect in the model""}",/data/mrumoca/eval/results_v3/ideas/runtime_free.jsonl
ideas,runtime-v3,IDEAS.Controls.OBC.CDL.Reals.Validation.Sin,0,network-boundary-port,low,False,standalone-topology-not-defect-proof,"{""node"": ""ramp1 -- sin1"", ""boundary_connectors"": ""ramp1, sin1"", ""wired_to"": ""nothing"", ""note"": ""this connector belongs to the model itself, not to a component inside it: the model is an interface compiled on its own, so the node is open on one side. Nothing forces its flow, which is why a structural matching reports an unmatched unknown here. Not a defect in the model""}",/data/mrumoca/eval/results_v3/ideas/runtime_free.jsonl
ideas,runtime-v3,IDEAS.Controls.OBC.CDL.Reals.Validation.Subtract,0,network-boundary-port,low,False,standalone-topology-not-defect-proof,"{""node"": ""ramp1 -- ramp2 -- sub"", ""boundary_connectors"": ""ramp1, ramp2, sub"", ""wired_to"": ""nothing"", ""note"": ""this connector belongs to the model itself, not to a component inside it: the model is an interface compiled on its own, so the node is open on one side. Nothing forces its flow, which is why a structural matching reports an unmatched unknown here. Not a defect in the model""}",/data/mrumoca/eval/results_v3/ideas/runtime_free.jsonl
ideas,runtime-v3,IDEAS.Controls.OBC.CDL.Reals.Validation.Tan,0,network-boundary-port,low,False,standalone-topology-not-defect-proof,"{""node"": ""ramp1 -- tan1"", ""boundary_connectors"": ""ramp1, tan1"", ""wired_to"": ""nothing"", ""note"": ""this connector belongs to the model itself, not to a component inside it: the model is an interface compiled on its own, so the node is open on one side. Nothing forces its flow, which is why a structural matching reports an unmatched unknown here. Not a defect in the model""}",/data/mrumoca/eval/results_v3/ideas/runtime_free.jsonl
ideas,runtime-v3,IDEAS.Controls.OBC.CDL.Routing.Validation.IntegerScalarReplicator,0,network-boundary-port,low,False,standalone-topology-not-defect-proof,"{""node"": ""intRep -- ram -- reaToInt"", ""boundary_connectors"": ""intRep, ram, reaToInt"", ""wired_to"": ""nothing"", ""note"": ""this connector belongs to the model itself, not to a component inside it: the model is an interface compiled on its own, so the node is open on one side. Nothing forces its flow, which is why a structural matching reports an unmatched unknown here. Not a defect in the model""}",/data/mrumoca/eval/results_v3/ideas/runtime_free.jsonl
ideas,runtime-v3,IDEAS.Controls.OBC.CDL.Routing.Validation.RealScalarReplicator,0,network-boundary-port,low,False,standalone-topology-not-defect-proof,"{""node"": ""ram -- reaRep"", ""boundary_connectors"": ""ram, reaRep"", ""wired_to"": ""nothing"", ""note"": ""this connector belongs to the model itself, not to a component inside it: the model is an interface compiled on its own, so the node is open on one side. Nothing forces its flow, which is why a structural matching reports an unmatched unknown here. Not a defect in the model""}",/data/mrumoca/eval/results_v3/ideas/runtime_free.jsonl
ideas,runtime-v3,IDEAS.Controls.OBC.CDL.Utilities.Assert,0,simulation-failure,high,True,execution-not-completed,"{""failure_kind"": ""unknown"", ""reason"": ""ulating IDEAS.Controls.OBC.CDL.Utilities.Assert to t=1 with 1 trace point(s)... \u001b[31m\u001b[0m simulation failed: unsupported checked DAE semantics: event message String \u001b[31m\u2502\u001b[0m parameter has no binding"", ""raw"": ""reading /tmp/tmpfua90lgn/traced.rbc (bitcode v2, cbor) holding 1 free input(s) constant at their start values: u=0 Simulating IDEAS.Controls.OBC.CDL.Utilities.Assert to t=1 with 1 trace point(s)... \u001b[31m\u001b[0m simulation failed: unsupported checked DAE semantics: event message String \u001b[31m\u2502\u001b[0m parameter has no binding"", ""tool_side"": false}",/data/mrumoca/eval/results_v3/ideas/runtime_free.jsonl
ideas,runtime-v3,IDEAS.Controls.SetPoints.SupplyReturnTemperatureReset,0,initialization-failure,high,True,execution-not-completed,"{""failure_kind"": ""unknown"", ""reason"": ""lating IDEAS.Controls.SetPoints.SupplyReturnTemperatureReset to t=1 with 6 trace point(s)... \u001b[31m\u001b[0m simulation failed: parameter `TSup_nominal` has neither a binding nor an \u001b[31m\u2502\u001b[0m initial value"", ""raw"": ""reading /tmp/tmp69o8rh4t/traced.rbc (bitcode v2, cbor) holding 1 free input(s) constant at their start values: TOut=0 Simulating IDEAS.Controls.SetPoints.SupplyReturnTemperatureReset to t=1 with 6 trace point(s)... \u001b[31m\u001b[0m simulation failed: parameter `TSup_nominal` has neither a binding nor an \u001b[31m\u2502\u001b[0m initial value"", ""tool_side"": false}",/data/mrumoca/eval/results_v3/ideas/runtime_free.jsonl
ideas,runtime-v3,IDEAS.Controls.OBC.Utilities.OptimalStart,0,network-boundary-port,low,True,hold-input-contract-validation,"{""node"": ""addPar -- falEdg -- hysSta -- hysSta.greHys -- tNexOcc"", ""boundary_connectors"": ""addPar, falEdg, hysSta, tNexOcc"", ""wired_to"": ""hysSta.greHys"", ""note"": ""this connector belongs to the model itself, not to a component inside it: the model is an interface compiled on its own, so the node is open on one side. Nothing forces its flow, which is why a structural matching reports an unmatched unknown here. Not a defect in the model""}",/data/mrumoca/eval/results_v3/ideas/runtime_free.jsonl
ideas,runtime-v3,IDEAS.Controls.OBC.Utilities.OptimalStart,1,network-boundary-port,low,True,hold-input-contract-validation,"{""node"": ""con -- con3 -- optOn -- or2"", ""boundary_connectors"": ""con, con3, optOn, or2"", ""wired_to"": ""nothing"", ""note"": ""this connector belongs to the model itself, not to a component inside it: the model is an interface compiled on its own, so the node is open on one side. Nothing forces its flow, which is why a structural matching reports an unmatched unknown here. Not a defect in the model""}",/data/mrumoca/eval/results_v3/ideas/runtime_free.jsonl
ideas,runtime-v3,IDEAS.Controls.OBC.Utilities.OptimalStart,2,network-boundary-port,low,True,hold-input-contract-validation,"{""node"": ""con1 -- con2 -- max -- tOpt"", ""boundary_connectors"": ""con1, con2, max, tOpt"", ""wired_to"": ""nothing"", ""note"": ""this connector belongs to the model itself, not to a component inside it: the model is an interface compiled on its own, so the node is open on one side. Nothing forces its flow, which is why a structural matching reports an unmatched unknown here. Not a defect in the model""}",/data/mrumoca/eval/results_v3/ideas/runtime_free.jsonl
ideas,runtime-v3,IDEAS.Controls.OBC.Utilities.OptimalStart,3,below-min,medium,True,hold-input-contract-validation,"{""variable"": ""TZon"", ""bound"": ""min"", ""limit"": 200, ""value"": 0.0, ""excess"": 200.0, ""anchor_quality"": ""canonical""}",/data/mrumoca/eval/results_v3/ideas/runtime_free.jsonl
ideas,runtime-v3,IDEAS.Electrical.DC.Sources.BaseClasses.WindCorrection,0,initialization-failure,high,True,execution-not-completed,"{""failure_kind"": ""unknown"", ""reason"": ""t values: vRef=0 Simulating IDEAS.Electrical.DC.Sources.BaseClasses.WindCorrection to t=1 with 2 trace point(s)... \u001b[31m\u001b[0m simulation failed: parameter `h` has neither a binding nor an initial value"", ""raw"": ""reading /tmp/tmpj552_46w/traced.rbc (bitcode v2, cbor) holding 1 free input(s) constant at their start values: vRef=0 Simulating IDEAS.Electrical.DC.Sources.BaseClasses.WindCorrection to t=1 with 2 trace point(s)... \u001b[31m\u001b[0m simulation failed: parameter `h` has neither a binding nor an initial value"", ""tool_side"": false}",/data/mrumoca/eval/results_v3/ideas/runtime_free.jsonl
ideas,runtime-v3,IDEAS.Controls.SetPoints.Examples.SupplyReturnTemperatureReset,0,network-boundary-port,low,False,standalone-topology-not-defect-proof,"{""node"": ""TOut2 -- TRoo -- heaCur1"", ""boundary_connectors"": ""TOut2, TRoo, heaCur1"", ""wired_to"": ""nothing"", ""note"": ""this connector belongs to the model itself, not to a component inside it: the model is an interface compiled on its own, so the node is open on one side. Nothing forces its flow, which is why a structural matching reports an unmatched unknown here. Not a defect in the model""}",/data/mrumoca/eval/results_v3/ideas/runtime_free.jsonl
ideas,runtime-v3,IDEAS.Controls.SetPoints.Examples.SupplyReturnTemperatureReset,1,network-boundary-port,low,False,standalone-topology-not-defect-proof,"{""node"": ""TOut -- heaCur"", ""boundary_connectors"": ""TOut, heaCur"", ""wired_to"": ""nothing"", ""note"": ""this connector belongs to the model itself, not to a component inside it: the model is an interface compiled on its own, so the node is open on one side. Nothing forces its flow, which is why a structural matching reports an unmatched unknown here. Not a defect in the model""}",/data/mrumoca/eval/results_v3/ideas/runtime_free.jsonl
ideas,runtime-v3,IDEAS.Controls.OBC.Utilities.SetPoints.SupplyReturnTemperatureReset,0,network-boundary-port,low,True,hold-input-contract-validation,"{""node"": ""TAve -- TFluAve_nominal -- TOut -- TOutOffSet -- TOutOffSet_nominal -- TOut_nom -- TRet -- TRetCur -- TRet_nom -- TSetZon -- TSup -- TSupCur -- TSup_nom -- TZon_nom -- dTFlu -- dTFlu2_nom -- dTFluAve_nominal -- dTOutHeaBal_nominal -- dTQ -- expM -- gai -- log1 -- mInv -- one -- pro -- qRaiInvM -- qRel -- qRel0 -- qRelDen -- qRelNum -- zer"", ""boundary_connectors"": ""TAve, TFluAve_nominal, TOut, TOutOffSet, TOutOffSet_nominal, TOut_nom, TRet, TRetCur, TRet_nom, TSetZon, TSup, TSupCur, TSup_nom, TZon_nom, dTFlu, dTFlu2_nom, dTFluAve_nominal, dTOutHeaBal_nominal, dTQ, expM, gai, log1, mInv, one, pro, qRaiInvM, qRel, qRel0, qRelDen, qRelNum, zer"", ""wired_to"": ""nothing"", ""note"": ""this connector belongs to the model itself, not to a component inside it: the model is an interface compiled on its own, so the node is open on one side. Nothing forces its flow, which is why a structural matching reports an unmatched unknown here. Not a defect in the model""}",/data/mrumoca/eval/results_v3/ideas/runtime_free.jsonl
ideas,runtime-v3,IDEAS.Controls.OBC.Utilities.SetPoints.SupplyReturnTemperatureReset,1,physical-invariant-violated,high,True,hold-input-contract-validation,"{""domain"": ""thermal"", ""rule"": ""thermal.temperature.above_absolute_zero"", ""rule_origin"": ""absolute temperature cannot be negative; below 0 K the thermal equations lose physical meaning"", ""rule_reference"": ""MLS Modelica.Units.SI.ThermodynamicTemperature"", ""matched_by"": {""quantity"": ""ThermodynamicTemperature"", ""unit"": ""K"", ""connector_role"": ""potential"", ""confidence"": ""QUANTITY_AND_UNIT"", ""premise_state"": ""unknown"", ""authority"": ""quantity_or_unit"", ""canonical_declaration"": ""IDEAS.Controls.OBC.Utilities.SetPoints.SupplyReturnTemperatureReset.TSup""}, ""observed"": -3.499556225185917e-75, ""required"": ""TSup >= 0"", ""excess"": 3.499556225185917e-75, ""where"": ""runtime""}",/data/mrumoca/eval/results_v3/ideas/runtime_free.jsonl
ideas,runtime-v3,IDEAS.Controls.OBC.Utilities.SetPoints.SupplyReturnTemperatureReset,2,physical-invariant-violated,high,True,hold-input-contract-validation,"{""domain"": ""thermal"", ""rule"": ""thermal.temperature.above_absolute_zero"", ""rule_origin"": ""absolute temperature cannot be negative; below 0 K the thermal equations lose physical meaning"", ""rule_reference"": ""MLS Modelica.Units.SI.ThermodynamicTemperature"", ""matched_by"": {""quantity"": ""ThermodynamicTemperature"", ""unit"": ""K"", ""connector_role"": ""potential"", ""confidence"": ""QUANTITY_AND_UNIT"", ""premise_state"": ""unknown"", ""authority"": ""quantity_or_unit"", ""canonical_declaration"": ""IDEAS.Controls.OBC.Utilities.SetPoints.SupplyReturnTemperatureReset.TRet""}, ""observed"": -3.499556225185917e-75, ""required"": ""TRet >= 0"", ""excess"": 3.499556225185917e-75, ""where"": ""runtime""}",/data/mrumoca/eval/results_v3/ideas/runtime_free.jsonl
ideas,runtime-v3,IDEAS.Controls.OBC.Utilities.SetPoints.SupplyReturnTemperatureReset,3,below-min,medium,True,hold-input-contract-validation,"{""variable"": ""TSetZon"", ""bound"": ""min"", ""limit"": 200, ""value"": 0.0, ""excess"": 200.0, ""anchor_quality"": ""canonical""}",/data/mrumoca/eval/results_v3/ideas/runtime_free.jsonl
ideas,runtime-v3,IDEAS.Controls.OBC.Utilities.SetPoints.SupplyReturnTemperatureReset,4,below-min,medium,True,hold-input-contract-validation,"{""variable"": ""TOut"", ""bound"": ""min"", ""limit"": 200, ""value"": 0.0, ""excess"": 200.0, ""anchor_quality"": ""canonical""}",/data/mrumoca/eval/results_v3/ideas/runtime_free.jsonl
ideas,runtime-v3,IDEAS.Controls.OBC.Utilities.SetPoints.SupplyReturnTemperatureReset,5,below-min,medium,True,hold-input-contract-validation,"{""variable"": ""TSup"", ""bound"": ""min"", ""limit"": 200, ""value"": -3.499556225185917e-75, ""excess"": 200.0, ""anchor_quality"": ""canonical""}",/data/mrumoca/eval/results_v3/ideas/runtime_free.jsonl
ideas,runtime-v3,IDEAS.Controls.OBC.Utilities.SetPoints.SupplyReturnTemperatureReset,6,below-min,medium,True,hold-input-contract-validation,"{""variable"": ""TRet"", ""bound"": ""min"", ""limit"": 200, ""value"": -3.499556225185917e-75, ""excess"": 200.0, ""anchor_quality"": ""canonical""}",/data/mrumoca/eval/results_v3/ideas/runtime_free.jsonl
ideas,runtime-v3,IDEAS.Controls.OBC.Utilities.SetPoints.Validation.SupplyReturnTemperatureResetExponent,0,network-boundary-port,low,False,standalone-topology-not-defect-proof,"{""node"": ""TOut -- TRoo -- heaCur -- heaCur.TAve -- heaCur.TFluAve_nominal -- heaCur.TOutOffSet -- heaCur.TOutOffSet_nominal -- heaCur.TOut_nom -- heaCur.TRetCur -- heaCur.TRet_nom -- heaCur.TSupCur -- heaCur.TSup_nom -- heaCur.TZon_nom -- heaCur.dTFlu -- heaCur.dTFlu2_nom -- heaCur.dTFluAve_nominal -- heaCur.dTOutHeaBal_nominal -- heaCur.dTQ -- heaCur.expM -- heaCur.gai -- heaCur.log1 -- heaCur.mInv -- heaCur.one -- heaCur.pro -- heaCur.qRaiInvM -- heaCur.qRel -- heaCur.qRel0 -- heaCur.qRelDen -- heaCur.qRelNum -- heaCur.zer -- heaCurM -- heaCurM.TAve -- heaCurM.TFluAve_nominal -- heaCurM.TOutOffSet -- heaCurM.TOutOffSet_nominal -- heaCurM.TOut_nom -- heaCurM.TRetCur -- heaCurM.TRet_nom -- heaCurM.TSupCur -- heaCurM.TSup_nom -- heaCurM.TZon_nom -- heaCurM.dTFlu -- heaCurM.dTFlu2_nom -- heaCurM.dTFluAve_nominal -- heaCurM.dTOutHeaBal_nominal -- heaCurM.dTQ -- heaCurM.expM -- heaCurM.gai -- heaCurM.log1 -- heaCurM.mInv -- heaCurM.one -- heaCurM.pro -- heaCurM.qRaiInvM -- heaCurM.qRel -- heaCurM.qRel0 -- heaCurM.qRelDen -- heaCurM.qRelNum -- heaCurM.zer"", ""boundary_connectors"": ""TOut, TRoo, heaCur, heaCurM"", ""wired_to"": ""heaCur.TAve, heaCur.TFluAve_nominal, heaCur.TOutOffSet, heaCur.TOutOffSet_nominal, heaCur.TOut_nom, heaCur.TRetCur, heaCur.TRet_nom, heaCur.TSupCur, heaCur.TSup_nom, heaCur.TZon_nom, heaCur.dTFlu, heaCur.dTFlu2_nom, heaCur.dTFluAve_nominal, heaCur.dTOutHeaBal_nominal, heaCur.dTQ, heaCur.expM, heaCur.gai, heaCur.log1, heaCur.mInv, heaCur.one, heaCur.pro, heaCur.qRaiInvM, heaCur.qRel, heaCur.qRel0, heaCur.qRelDen, heaCur.qRelNum, heaCur.zer, heaCurM.TAve, heaCurM.TFluAve_nominal, heaCurM.TOutOffSet, heaCurM.TOutOffSet_nominal, heaCurM.TOut_nom, heaCurM.TRetCur, heaCurM.TRet_nom, heaCurM.TSupCur, heaCurM.TSup_nom, heaCurM.TZon_nom, heaCurM.dTFlu, heaCurM.dTFlu2_nom, heaCurM.dTFluAve_nominal, heaCurM.dTOutHeaBal_nominal, heaCurM.dTQ, heaCurM.expM, heaCurM.gai, heaCurM.log1, heaCurM.mInv, heaCurM.one, heaCurM.pro, heaCurM.qRaiInvM, heaCurM.qRel, heaCurM.qRel0, heaCurM.qRelDen, heaCurM.qRelNum, heaCurM.zer"", ""note"": ""this connector belongs to the model itself, not to a component inside it: the model is an interface compiled on its own, so the node is open on one side. Nothing forces its flow, which is why a structural matching reports an unmatched unknown here. Not a defect in the model""}",/data/mrumoca/eval/results_v3/ideas/runtime_free.jsonl
ideas,runtime-v3,IDEAS.Experimental.Electric.BaseClasses.DC.Con1PlusNTo1,0,network-port-unconnected,low,False,execution-not-completed,"{""connector"": ""twoWire[1]"", ""component"": ""<top level>"", ""component_class"": ""unknown"", ""flows_forced_to_zero"": ""twoWire[1].i"", ""note"": ""nothing is connected to this port, so MLS \u00a79.2 forces its flow to zero. That is correct for a component compiled on its own and is not a defect; it is recorded because it is the commonest reason a model looks structurally singular""}",/data/mrumoca/eval/results_v3/ideas/runtime_free.jsonl
ideas,runtime-v3,IDEAS.Experimental.Electric.BaseClasses.DC.Con1PlusNTo1,1,network-port-unconnected,low,False,execution-not-completed,"{""connector"": ""twoWire[2]"", ""component"": ""<top level>"", ""component_class"": ""unknown"", ""flows_forced_to_zero"": ""twoWire[2].i"", ""note"": ""nothing is connected to this port, so MLS \u00a79.2 forces its flow to zero. That is correct for a component compiled on its own and is not a defect; it is recorded because it is the commonest reason a model looks structurally singular""}",/data/mrumoca/eval/results_v3/ideas/runtime_free.jsonl
ideas,runtime-v3,IDEAS.Experimental.Electric.BaseClasses.DC.Con1PlusNTo1,2,network-port-unconnected,low,False,execution-not-completed,"{""connector"": ""oneWire[1]"", ""component"": ""<top level>"", ""component_class"": ""unknown"", ""flows_forced_to_zero"": ""oneWire[1].i"", ""note"": ""nothing is connected to this port, so MLS \u00a79.2 forces its flow to zero. That is correct for a component compiled on its own and is not a defect; it is recorded because it is the commonest reason a model looks structurally singular""}",/data/mrumoca/eval/results_v3/ideas/runtime_free.jsonl
ideas,runtime-v3,IDEAS.Experimental.Electric.BaseClasses.DC.Con1PlusNTo1,3,network-component-isolated,low,False,execution-not-completed,"{""component"": ""<top level>"", ""component_class"": ""unknown"", ""ports"": ""twoWire[1], twoWire[2], oneWire[1]"", ""note"": ""every port of this instance is unconnected, so it exchanges nothing with the rest of the model while still contributing its equations""}",/data/mrumoca/eval/results_v3/ideas/runtime_free.jsonl
ideas,runtime-v3,IDEAS.Experimental.Electric.BaseClasses.DC.Con1PlusNTo1,4,network-observation-incomplete,info,False,execution-not-completed,"{""reason"": ""missing or unsynchronized connector member observations"", ""note"": ""coverage gap, not a model defect""}",/data/mrumoca/eval/results_v3/ideas/runtime_free.jsonl
ideas,runtime-v3,IDEAS.Experimental.Electric.BaseClasses.DC.Con1PlusNTo1,5,initialization-failure,high,False,execution-not-completed,"{""failure_kind"": ""singular-system"", ""reason"": ""seClasses.DC.Con1PlusNTo1 to t=1 with 6 trace point(s)... \u001b[31m\u001b[0m simulation failed: DAE structural proof failed: structurally singular \u001b[31m\u2502\u001b[0m system: 4 matched out of 6 equations and 6 unknowns"", ""raw"": ""reading /tmp/tmp_sb48kx3/traced.rbc (bitcode v2, cbor) Simulating IDEAS.Experimental.Electric.BaseClasses.DC.Con1PlusNTo1 to t=1 with 6 trace point(s)... \u001b[31m\u001b[0m simulation failed: DAE structural proof failed: structurally singular \u001b[31m\u2502\u001b[0m system: 4 matched out of 6 equations and 6 unknowns"", ""tool_side"": false}",/data/mrumoca/eval/results_v3/ideas/runtime_free.jsonl
ideas,runtime-v3,IDEAS.Experimental.Electric.BaseClasses.Converters.Examples.converterPower,0,network-boundary-port,low,False,execution-not-completed,"{""node"": ""converter -- ramp"", ""boundary_connectors"": ""converter, ramp"", ""wired_to"": ""nothing"", ""note"": ""this connector belongs to the model itself, not to a component inside it: the model is an interface compiled on its own, so the node is open on one side. Nothing forces its flow, which is why a structural matching reports an unmatched unknown here. Not a defect in the model""}",/data/mrumoca/eval/results_v3/ideas/runtime_free.jsonl
ideas,runtime-v3,IDEAS.Experimental.Electric.BaseClasses.Converters.Examples.converterPower,1,division-out-of-domain,high,False,execution-not-completed,"{""operation"": ""division"", ""requirement"": ""nonzero"", ""operand_value"": 0.0, ""coordinates"": ""internal-evaluation"", ""run_completed"": false, ""claim"": ""native operation domain violation; not a source-model verdict""}",/data/mrumoca/eval/results_v3/ideas/runtime_free.jsonl
ideas,runtime-v3,IDEAS.Experimental.Electric.BaseClasses.Converters.Examples.converterPower,2,network-observation-incomplete,info,False,execution-not-completed,"{""reason"": ""missing or unsynchronized connector member observations"", ""note"": ""coverage gap, not a model defect""}",/data/mrumoca/eval/results_v3/ideas/runtime_free.jsonl
ideas,runtime-v3,IDEAS.Experimental.Electric.BaseClasses.Converters.Examples.converterPower,3,simulation-failure,high,False,execution-not-completed,"{""failure_kind"": ""non-finite-value"", ""reason"": ""rojection did not establish coordinate \u001b[31m\u2502\u001b[0m convergence: worst scaled residual row=3 target=converter.Q value=NaN \u001b[31m\u2502\u001b[0m ratio=NaN norm=inf row_scale=1.000000e0 scaled_tolerance=1.000000e-10"", ""raw"": ""reading /tmp/tmpuevl14v0/traced.rbc (bitcode v2, cbor) Simulating IDEAS.Experimental.Electric.BaseClasses.Converters.Examples.converterPower to t=1 with 6 trace point(s)... \u001b[31m\u001b[0m simulation failed: algebraic projection did not establish coordinate \u001b[31m\u2502\u001b[0m convergence: worst scaled residual row=3 target=converter.Q value=NaN \u001b[31m\u2502\u001b[0m ratio=NaN norm=inf row_scale=1.000000e0 scaled_tolerance"", ""tool_side"": false}",/data/mrumoca/eval/results_v3/ideas/runtime_free.jsonl
ideas,runtime-v3,IDEAS.Examples.TwinHouses.BaseClasses.Structures.ThermalBridges,0,network-boundary-port,low,True,hold-input-contract-validation,"{""node"": ""heatPortRad[1] -- prescribedHeatFlow[1].port"", ""boundary_connectors"": ""heatPortRad[1]"", ""wired_to"": ""prescribedHeatFlow[1].port"", ""note"": ""this connector belongs to the model itself, not to a component inside it: the model is an interface compiled on its own, so the node is open on one side. Nothing forces its flow, which is why a structural matching reports an unmatched unknown here. Not a defect in the model""}",/data/mrumoca/eval/results_v3/ideas/runtime_free.jsonl
ideas,runtime-v3,IDEAS.Examples.TwinHouses.BaseClasses.Structures.ThermalBridges,1,network-boundary-port,low,True,hold-input-contract-validation,"{""node"": ""heatPortRad[2] -- prescribedHeatFlow[2].port"", ""boundary_connectors"": ""heatPortRad[2]"", ""wired_to"": ""prescribedHeatFlow[2].port"", ""note"": ""this connector belongs to the model itself, not to a component inside it: the model is an interface compiled on its own, so the node is open on one side. Nothing forces its flow, which is why a structural matching reports an unmatched unknown here. Not a defect in the model""}",/data/mrumoca/eval/results_v3/ideas/runtime_free.jsonl
ideas,runtime-v3,IDEAS.Examples.TwinHouses.BaseClasses.Structures.ThermalBridges,2,network-boundary-port,low,True,hold-input-contract-validation,"{""node"": ""heatPortRad[3] -- prescribedHeatFlow[3].port"", ""boundary_connectors"": ""heatPortRad[3]"", ""wired_to"": ""prescribedHeatFlow[3].port"", ""note"": ""this connector belongs to the model itself, not to a component inside it: the model is an interface compiled on its own, so the node is open on one side. Nothing forces its flow, which is why a structural matching reports an unmatched unknown here. Not a defect in the model""}",/data/mrumoca/eval/results_v3/ideas/runtime_free.jsonl
ideas,runtime-v3,IDEAS.Examples.TwinHouses.BaseClasses.Structures.ThermalBridges,3,network-boundary-port,low,True,hold-input-contract-validation,"{""node"": ""heatPortRad[4] -- prescribedHeatFlow[4].port"", ""boundary_connectors"": ""heatPortRad[4]"", ""wired_to"": ""prescribedHeatFlow[4].port"", ""note"": ""this connector belongs to the model itself, not to a component inside it: the model is an interface compiled on its own, so the node is open on one side. Nothing forces its flow, which is why a structural matching reports an unmatched unknown here. Not a defect in the model""}",/data/mrumoca/eval/results_v3/ideas/runtime_free.jsonl
ideas,runtime-v3,IDEAS.Examples.TwinHouses.BaseClasses.Structures.ThermalBridges,4,network-boundary-port,low,True,hold-input-contract-validation,"{""node"": ""heatPortRad[5] -- prescribedHeatFlow[5].port"", ""boundary_connectors"": ""heatPortRad[5]"", ""wired_to"": ""prescribedHeatFlow[5].port"", ""note"": ""this connector belongs to the model itself, not to a component inside it: the model is an interface compiled on its own, so the node is open on one side. Nothing forces its flow, which is why a structural matching reports an unmatched unknown here. Not a defect in the model""}",/data/mrumoca/eval/results_v3/ideas/runtime_free.jsonl
ideas,runtime-v3,IDEAS.Examples.TwinHouses.BaseClasses.Structures.ThermalBridges,5,network-boundary-port,low,True,hold-input-contract-validation,"{""node"": ""heatPortRad[6] -- prescribedHeatFlow[6].port"", ""boundary_connectors"": ""heatPortRad[6]"", ""wired_to"": ""prescribedHeatFlow[6].port"", ""note"": ""this connector belongs to the model itself, not to a component inside it: the model is an interface compiled on its own, so the node is open on one side. Nothing forces its flow, which is why a structural matching reports an unmatched unknown here. Not a defect in the model""}",/data/mrumoca/eval/results_v3/ideas/runtime_free.jsonl
ideas,runtime-v3,IDEAS.Examples.TwinHouses.BaseClasses.Structures.ThermalBridges,6,network-boundary-port,low,True,hold-input-contract-validation,"{""node"": ""heatPortRad[7] -- prescribedHeatFlow[7].port"", ""boundary_connectors"": ""heatPortRad[7]"", ""wired_to"": ""prescribedHeatFlow[7].port"", ""note"": ""this connector belongs to the model itself, not to a component inside it: the model is an interface compiled on its own, so the node is open on one side. Nothing forces its flow, which is why a structural matching reports an unmatched unknown here. Not a defect in the model""}",/data/mrumoca/eval/results_v3/ideas/runtime_free.jsonl
ideas,runtime-v3,IDEAS.Experimental.Electric.BaseClasses.DC.WattsLaw,0,network-port-unconnected,low,True,execution-not-completed,"{""connector"": ""vi[1]"", ""component"": ""<top level>"", ""component_class"": ""unknown"", ""flows_forced_to_zero"": ""vi[1].i"", ""note"": ""nothing is connected to this port, so MLS \u00a79.2 forces its flow to zero. That is correct for a component compiled on its own and is not a defect; it is recorded because it is the commonest reason a model looks structurally singular""}",/data/mrumoca/eval/results_v3/ideas/runtime_free.jsonl
ideas,runtime-v3,IDEAS.Experimental.Electric.BaseClasses.DC.WattsLaw,1,network-component-isolated,low,True,execution-not-completed,"{""component"": ""<top level>"", ""component_class"": ""unknown"", ""ports"": ""vi[1]"", ""note"": ""every port of this instance is unconnected, so it exchanges nothing with the rest of the model while still contributing its equations""}",/data/mrumoca/eval/results_v3/ideas/runtime_free.jsonl
ideas,runtime-v3,IDEAS.Experimental.Electric.BaseClasses.DC.WattsLaw,2,network-observation-incomplete,info,True,execution-not-completed,"{""reason"": ""missing or unsynchronized connector member observations"", ""note"": ""coverage gap, not a model defect""}",/data/mrumoca/eval/results_v3/ideas/runtime_free.jsonl
ideas,runtime-v3,IDEAS.Experimental.Electric.BaseClasses.DC.WattsLaw,3,simulation-failure,high,True,execution-not-completed,"{""failure_kind"": ""nonlinear-solver-failure"", ""reason"": ""coordinate \u001b[31m\u2502\u001b[0m convergence: worst scaled residual row=0 target=vi[1].v value=0.000000e0 \u001b[31m\u2502\u001b[0m ratio=0.000000e0 norm=0.000000e0 row_scale=1.000000e0 \u001b[31m\u2502\u001b[0m scaled_tolerance=1.000000e-10"", ""raw"": ""reading /tmp/tmphcub88mx/traced.rbc (bitcode v2, cbor) holding 1 free input(s) constant at their start values: P=0 Simulating IDEAS.Experimental.Electric.BaseClasses.DC.WattsLaw to t=1 with 3 trace point(s)... \u001b[31m\u001b[0m simulation failed: algebraic projection did not establish coordinate \u001b[31m\u2502\u001b[0m convergence: worst scaled residual row=0 target=vi[1].v value=0.000000e0 \u001b[31m\u2502\u001b[0m ratio=0.000000e0"", ""tool_side"": false}",/data/mrumoca/eval/results_v3/ideas/runtime_free.jsonl
ideas,runtime-v3,IDEAS.Experimental.Electric.BaseClasses.DC.WattsLawPlug,0,network-port-unconnected,low,True,execution-not-completed,"{""connector"": ""vi.pin[1]"", ""component"": ""vi"", ""component_class"": ""Modelica.Electrical.Polyphase.Interfaces.NegativePlug"", ""flows_forced_to_zero"": ""vi.pin[1].i"", ""note"": ""nothing is connected to this port, so MLS \u00a79.2 forces its flow to zero. That is correct for a component compiled on its own and is not a defect; it is recorded because it is the commonest reason a model looks structurally singular""}",/data/mrumoca/eval/results_v3/ideas/runtime_free.jsonl
ideas,runtime-v3,IDEAS.Experimental.Electric.BaseClasses.DC.WattsLawPlug,1,network-boundary-port,low,True,execution-not-completed,"{""node"": ""P -- sum_P"", ""boundary_connectors"": ""P, sum_P"", ""wired_to"": ""nothing"", ""note"": ""this connector belongs to the model itself, not to a component inside it: the model is an interface compiled on its own, so the node is open on one side. Nothing forces its flow, which is why a structural matching reports an unmatched unknown here. Not a defect in the model""}",/data/mrumoca/eval/results_v3/ideas/runtime_free.jsonl
ideas,runtime-v3,IDEAS.Experimental.Electric.BaseClasses.DC.WattsLawPlug,2,network-component-isolated,low,True,execution-not-completed,"{""component"": ""vi"", ""component_class"": ""Modelica.Electrical.Polyphase.Interfaces.NegativePlug"", ""ports"": ""vi.pin[1]"", ""note"": ""every port of this instance is unconnected, so it exchanges nothing with the rest of the model while still contributing its equations""}",/data/mrumoca/eval/results_v3/ideas/runtime_free.jsonl
ideas,runtime-v3,IDEAS.Experimental.Electric.BaseClasses.DC.WattsLawPlug,3,network-observation-incomplete,info,True,execution-not-completed,"{""reason"": ""missing or unsynchronized connector member observations"", ""note"": ""coverage gap, not a model defect""}",/data/mrumoca/eval/results_v3/ideas/runtime_free.jsonl
ideas,runtime-v3,IDEAS.Experimental.Electric.BaseClasses.DC.WattsLawPlug,4,simulation-failure,high,True,execution-not-completed,"{""failure_kind"": ""nonlinear-solver-failure"", ""reason"": ""dinate \u001b[31m\u2502\u001b[0m convergence: worst scaled residual row=1 target=vi.pin[1].v \u001b[31m\u2502\u001b[0m value=0.000000e0 ratio=0.000000e0 norm=0.000000e0 row_scale=1.000000e0 \u001b[31m\u2502\u001b[0m scaled_tolerance=1.000000e-10"", ""raw"": ""reading /tmp/tmpu8edrwlr/traced.rbc (bitcode v2, cbor) holding 1 free input(s) constant at their start values: P[1]=0 Simulating IDEAS.Experimental.Electric.BaseClasses.DC.WattsLawPlug to t=1 with 5 trace point(s)... \u001b[31m\u001b[0m simulation failed: algebraic projection did not establish coordinate \u001b[31m\u2502\u001b[0m convergence: worst scaled residual row=1 target=vi.pin[1].v \u001b[31m\u2502\u001b[0m value=0.000000e0 ratio"", ""tool_side"": false}",/data/mrumoca/eval/results_v3/ideas/runtime_free.jsonl
ideas,runtime-v3,IDEAS.Experimental.Electric.Distribution.DC.BaseClasses.BranchLenTyp,0,network-port-unconnected,low,False,execution-not-completed,"{""connector"": ""p"", ""component"": ""<top level>"", ""component_class"": ""unknown"", ""flows_forced_to_zero"": ""p.i"", ""note"": ""nothing is connected to this port, so MLS \u00a79.2 forces its flow to zero. That is correct for a component compiled on its own and is not a defect; it is recorded because it is the commonest reason a model looks structurally singular""}",/data/mrumoca/eval/results_v3/ideas/runtime_free.jsonl
ideas,runtime-v3,IDEAS.Experimental.Electric.Distribution.DC.BaseClasses.BranchLenTyp,1,network-port-unconnected,low,False,execution-not-completed,"{""connector"": ""n"", ""component"": ""<top level>"", ""component_class"": ""unknown"", ""flows_forced_to_zero"": ""n.i"", ""note"": ""nothing is connected to this port, so MLS \u00a79.2 forces its flow to zero. That is correct for a component compiled on its own and is not a defect; it is recorded because it is the commonest reason a model looks structurally singular""}",/data/mrumoca/eval/results_v3/ideas/runtime_free.jsonl
ideas,runtime-v3,IDEAS.Experimental.Electric.Distribution.DC.BaseClasses.BranchLenTyp,2,network-component-isolated,low,False,execution-not-completed,"{""component"": ""<top level>"", ""component_class"": ""unknown"", ""ports"": ""p, n"", ""note"": ""every port of this instance is unconnected, so it exchanges nothing with the rest of the model while still contributing its equations""}",/data/mrumoca/eval/results_v3/ideas/runtime_free.jsonl
ideas,runtime-v3,IDEAS.Experimental.Electric.Distribution.DC.BaseClasses.BranchLenTyp,3,physical-zero-is-a-supported-limit,low,False,execution-not-completed,"{""domain"": ""electrical"", ""rule"": ""elec.resistance.positive"", ""rule_origin"": ""a passive resistor dissipates energy; R <= 0 would make it a source, and R = 0 removes the equation that determines its current"", ""rule_reference"": ""MSL Electrical.Analog.Basic.Resistor"", ""matched_by"": {""quantity"": ""Resistance"", ""unit"": ""Ohm"", ""confidence"": ""QUANTITY_AND_UNIT"", ""premise_state"": ""unknown"", ""authority"": ""quantity_or_unit"", ""canonical_declaration"": ""IDEAS.Experimental.Electric.Distribution.DC.BaseClasses.BranchLenTyp.R""}, ""required"": ""R > 0"", ""declared_min"": null, ""variable_role"": ""parameter"", ""premise_state"": ""refuted"", ""authority"": ""component_contract"", ""contract"": ""IDEAS.Experimental.Electric.Distribution.DC.BaseClasses.BranchLenTyp.R: feature_disabled (proven, from equation) \u2014 the parameter appears only as a multiplier, so at zero the term it scales drops out and the rest of the model is unaffected"", ""contract_behavior"": ""feature_disabled"", ""contract_confidence"": ""proven"", ""contract_source"": ""equation"", ""note"": ""the positivity rule does not apply: this component documents zero as a meaningful limit, so reporting a missing bound would contradict its contract""}",/data/mrumoca/eval/results_v3/ideas/runtime_free.jsonl
ideas,runtime-v3,IDEAS.Experimental.Electric.Distribution.DC.BaseClasses.BranchLenTyp,4,network-observation-incomplete,info,False,execution-not-completed,"{""reason"": ""missing or unsynchronized connector member observations"", ""note"": ""coverage gap, not a model defect""}",/data/mrumoca/eval/results_v3/ideas/runtime_free.jsonl
ideas,runtime-v3,IDEAS.Experimental.Electric.Distribution.DC.BaseClasses.BranchLenTyp,5,initialization-failure,high,False,execution-not-completed,"{""failure_kind"": ""singular-system"", ""reason"": "".BaseClasses.BranchLenTyp to t=1 with 7 trace point(s)... \u001b[31m\u001b[0m simulation failed: DAE structural proof failed: structurally singular \u001b[31m\u2502\u001b[0m system: 6 matched out of 7 equations and 7 unknowns"", ""raw"": ""reading /tmp/tmp6e2ald6_/traced.rbc (bitcode v2, cbor) Simulating IDEAS.Experimental.Electric.Distribution.DC.BaseClasses.BranchLenTyp to t=1 with 7 trace point(s)... \u001b[31m\u001b[0m simulation failed: DAE structural proof failed: structurally singular \u001b[31m\u2502\u001b[0m system: 6 matched out of 7 equations and 7 unknowns"", ""tool_side"": false}",/data/mrumoca/eval/results_v3/ideas/runtime_free.jsonl
ideas,runtime-v3,IDEAS.Experimental.Electric.Distribution.DC.BaseClasses.Branch,0,network-port-unconnected,low,False,execution-not-completed,"{""connector"": ""p"", ""component"": ""<top level>"", ""component_class"": ""unknown"", ""flows_forced_to_zero"": ""p.i"", ""note"": ""nothing is connected to this port, so MLS \u00a79.2 forces its flow to zero. That is correct for a component compiled on its own and is not a defect; it is recorded because it is the commonest reason a model looks structurally singular""}",/data/mrumoca/eval/results_v3/ideas/runtime_free.jsonl
ideas,runtime-v3,IDEAS.Experimental.Electric.Distribution.DC.BaseClasses.Branch,1,network-port-unconnected,low,False,execution-not-completed,"{""connector"": ""n"", ""component"": ""<top level>"", ""component_class"": ""unknown"", ""flows_forced_to_zero"": ""n.i"", ""note"": ""nothing is connected to this port, so MLS \u00a79.2 forces its flow to zero. That is correct for a component compiled on its own and is not a defect; it is recorded because it is the commonest reason a model looks structurally singular""}",/data/mrumoca/eval/results_v3/ideas/runtime_free.jsonl
ideas,runtime-v3,IDEAS.Experimental.Electric.Distribution.DC.BaseClasses.Branch,2,network-component-isolated,low,False,execution-not-completed,"{""component"": ""<top level>"", ""component_class"": ""unknown"", ""ports"": ""p, n"", ""note"": ""every port of this instance is unconnected, so it exchanges nothing with the rest of the model while still contributing its equations""}",/data/mrumoca/eval/results_v3/ideas/runtime_free.jsonl
ideas,runtime-v3,IDEAS.Experimental.Electric.Distribution.DC.BaseClasses.Branch,3,physical-zero-is-a-supported-limit,low,False,execution-not-completed,"{""domain"": ""electrical"", ""rule"": ""elec.resistance.positive"", ""rule_origin"": ""a passive resistor dissipates energy; R <= 0 would make it a source, and R = 0 removes the equation that determines its current"", ""rule_reference"": ""MSL Electrical.Analog.Basic.Resistor"", ""matched_by"": {""quantity"": ""Resistance"", ""unit"": ""Ohm"", ""confidence"": ""QUANTITY_AND_UNIT"", ""premise_state"": ""unknown"", ""authority"": ""quantity_or_unit"", ""canonical_declaration"": ""IDEAS.Experimental.Electric.Distribution.DC.BaseClasses.Branch.R""}, ""required"": ""R > 0"", ""declared_min"": null, ""variable_role"": ""parameter"", ""premise_state"": ""refuted"", ""authority"": ""component_contract"", ""contract"": ""IDEAS.Experimental.Electric.Distribution.DC.BaseClasses.Branch.R: feature_disabled (proven, from equation) \u2014 the parameter appears only as a multiplier, so at zero the term it scales drops out and the rest of the model is unaffected"", ""contract_behavior"": ""feature_disabled"", ""contract_confidence"": ""proven"", ""contract_source"": ""equation"", ""note"": ""the positivity rule does not apply: this component documents zero as a meaningful limit, so reporting a missing bound would contradict its contract""}",/data/mrumoca/eval/results_v3/ideas/runtime_free.jsonl
ideas,runtime-v3,IDEAS.Experimental.Electric.Distribution.DC.BaseClasses.Branch,4,network-observation-incomplete,info,False,execution-not-completed,"{""reason"": ""missing or unsynchronized connector member observations"", ""note"": ""coverage gap, not a model defect""}",/data/mrumoca/eval/results_v3/ideas/runtime_free.jsonl
ideas,runtime-v3,IDEAS.Experimental.Electric.Distribution.DC.BaseClasses.Branch,5,initialization-failure,high,False,execution-not-completed,"{""failure_kind"": ""singular-system"", ""reason"": ""ion.DC.BaseClasses.Branch to t=1 with 7 trace point(s)... \u001b[31m\u001b[0m simulation failed: DAE structural proof failed: structurally singular \u001b[31m\u2502\u001b[0m system: 6 matched out of 7 equations and 7 unknowns"", ""raw"": ""reading /tmp/tmpycj33utm/traced.rbc (bitcode v2, cbor) Simulating IDEAS.Experimental.Electric.Distribution.DC.BaseClasses.Branch to t=1 with 7 trace point(s)... \u001b[31m\u001b[0m simulation failed: DAE structural proof failed: structurally singular \u001b[31m\u2502\u001b[0m system: 6 matched out of 7 equations and 7 unknowns"", ""tool_side"": false}",/data/mrumoca/eval/results_v3/ideas/runtime_free.jsonl
ideas,runtime-v3,IDEAS.Experimental.Electric.Batteries.Battery,0,initialization-failure,high,True,execution-not-completed,"{""failure_kind"": ""unknown"", ""reason"": "" PFlow=0 Simulating IDEAS.Experimental.Electric.Batteries.Battery to t=1 with 8 trace point(s)... \u001b[31m\u001b[0m simulation failed: parameter `eta_out` has neither a binding nor an initial \u001b[31m\u2502\u001b[0m value"", ""raw"": ""reading /tmp/tmp48i33k92/traced.rbc (bitcode v2, cbor) holding 1 free input(s) constant at their start values: PFlow=0 Simulating IDEAS.Experimental.Electric.Batteries.Battery to t=1 with 8 trace point(s)... \u001b[31m\u001b[0m simulation failed: parameter `eta_out` has neither a binding nor an initial \u001b[31m\u2502\u001b[0m value"", ""tool_side"": false}",/data/mrumoca/eval/results_v3/ideas/runtime_free.jsonl
ideas,runtime-v3,IDEAS.Experimental.Electric.Photovoltaics.Components.Elements.PvSerie,0,network-port-unconnected,low,False,execution-not-completed,"{""connector"": ""pinCel"", ""component"": ""<top level>"", ""component_class"": ""unknown"", ""flows_forced_to_zero"": ""pinCel.i"", ""note"": ""nothing is connected to this port, so MLS \u00a79.2 forces its flow to zero. That is correct for a component compiled on its own and is not a defect; it is recorded because it is the commonest reason a model looks structurally singular""}",/data/mrumoca/eval/results_v3/ideas/runtime_free.jsonl
ideas,runtime-v3,IDEAS.Experimental.Electric.Photovoltaics.Components.Elements.PvSerie,1,network-port-unconnected,low,False,execution-not-completed,"{""connector"": ""pinSer"", ""component"": ""<top level>"", ""component_class"": ""unknown"", ""flows_forced_to_zero"": ""pinSer.i"", ""note"": ""nothing is connected to this port, so MLS \u00a79.2 forces its flow to zero. That is correct for a component compiled on its own and is not a defect; it is recorded because it is the commonest reason a model looks structurally singular""}",/data/mrumoca/eval/results_v3/ideas/runtime_free.jsonl
ideas,runtime-v3,IDEAS.Experimental.Electric.Photovoltaics.Components.Elements.PvSerie,2,network-component-isolated,low,False,execution-not-completed,"{""component"": ""<top level>"", ""component_class"": ""unknown"", ""ports"": ""pinCel, pinSer"", ""note"": ""every port of this instance is unconnected, so it exchanges nothing with the rest of the model while still contributing its equations""}",/data/mrumoca/eval/results_v3/ideas/runtime_free.jsonl
ideas,runtime-v3,IDEAS.Experimental.Electric.Photovoltaics.Components.Elements.PvSerie,3,network-observation-incomplete,info,False,execution-not-completed,"{""reason"": ""missing or unsynchronized connector member observations"", ""note"": ""coverage gap, not a model defect""}",/data/mrumoca/eval/results_v3/ideas/runtime_free.jsonl
ideas,runtime-v3,IDEAS.Experimental.Electric.Photovoltaics.Components.Elements.PvSerie,4,initialization-failure,high,False,execution-not-completed,"{""failure_kind"": ""singular-system"", ""reason"": ""mponents.Elements.PvSerie to t=1 with 4 trace point(s)... \u001b[31m\u001b[0m simulation failed: DAE structural proof failed: structurally singular \u001b[31m\u2502\u001b[0m system: 3 matched out of 4 equations and 4 unknowns"", ""raw"": ""reading /tmp/tmpn9biv_8t/traced.rbc (bitcode v2, cbor) Simulating IDEAS.Experimental.Electric.Photovoltaics.Components.Elements.PvSerie to t=1 with 4 trace point(s)... \u001b[31m\u001b[0m simulation failed: DAE structural proof failed: structurally singular \u001b[31m\u2502\u001b[0m system: 3 matched out of 4 equations and 4 unknowns"", ""tool_side"": false}",/data/mrumoca/eval/results_v3/ideas/runtime_free.jsonl
ideas,runtime-v3,IDEAS.Experimental.Electric.Photovoltaics.Components.PvVoltageCtrlGeneral_InputVGrid_MovAvg,0,network-boundary-port,low,True,hold-input-contract-validation,"{""node"": ""VGrid -- VGrid600"", ""boundary_connectors"": ""VGrid, VGrid600"", ""wired_to"": ""nothing"", ""note"": ""this connector belongs to the model itself, not to a component inside it: the model is an interface compiled on its own, so the node is open on one side. Nothing forces its flow, which is why a structural matching reports an unmatched unknown here. Not a defect in the model""}",/data/mrumoca/eval/results_v3/ideas/runtime_free.jsonl
ideas,runtime-v3,IDEAS.Experimental.Electric.Photovoltaics.Components.Elements.incidenceAngles,0,initialization-failure,high,True,execution-not-completed,"{""failure_kind"": ""unknown"", ""reason"": ""perimental.Electric.Photovoltaics.Components.Elements.incidenceAngles to t=1 with 6 trace point(s)... \u001b[31m\u001b[0m simulation failed: parameter `inc` has neither a binding nor an initial \u001b[31m\u2502\u001b[0m value"", ""raw"": ""reading /tmp/tmp8un6i93w/traced.rbc (bitcode v2, cbor) holding 3 free input(s) constant at their start values: angInc=0, angZen=0, angHou=0 Simulating IDEAS.Experimental.Electric.Photovoltaics.Components.Elements.incidenceAngles to t=1 with 6 trace point(s)... \u001b[31m\u001b[0m simulation failed: parameter `inc` has neither a binding nor an initial \u001b[31m\u2502\u001b[0m value"", ""tool_side"": false}",/data/mrumoca/eval/results_v3/ideas/runtime_free.jsonl
ideas,runtime-v3,IDEAS.Experimental.Electric.Photovoltaics.Examples.Test_PvVoltageCtrl,0,network-boundary-port,low,False,standalone-topology-not-defect-proof,"{""node"": ""const -- pvVoltageCtrlGeneral_InputVGrid_2_1 -- sine"", ""boundary_connectors"": ""const, pvVoltageCtrlGeneral_InputVGrid_2_1, sine"", ""wired_to"": ""nothing"", ""note"": ""this connector belongs to the model itself, not to a component inside it: the model is an interface compiled on its own, so the node is open on one side. Nothing forces its flow, which is why a structural matching reports an unmatched unknown here. Not a defect in the model""}",/data/mrumoca/eval/results_v3/ideas/runtime_free.jsonl
ideas,runtime-v3,IDEAS.Experimental.HeatTransfer.HeatCapacitor,0,network-port-unconnected,low,False,execution-not-completed,"{""connector"": ""port"", ""component"": ""<top level>"", ""component_class"": ""unknown"", ""flows_forced_to_zero"": ""port.Q_flow"", ""note"": ""nothing is connected to this port, so MLS \u00a79.2 forces its flow to zero. That is correct for a component compiled on its own and is not a defect; it is recorded because it is the commonest reason a model looks structurally singular""}",/data/mrumoca/eval/results_v3/ideas/runtime_free.jsonl
ideas,runtime-v3,IDEAS.Experimental.HeatTransfer.HeatCapacitor,1,network-component-isolated,low,False,execution-not-completed,"{""component"": ""<top level>"", ""component_class"": ""unknown"", ""ports"": ""port"", ""note"": ""every port of this instance is unconnected, so it exchanges nothing with the rest of the model while still contributing its equations""}",/data/mrumoca/eval/results_v3/ideas/runtime_free.jsonl
ideas,runtime-v3,IDEAS.Experimental.HeatTransfer.HeatCapacitor,2,physical-zero-is-a-supported-limit,low,False,execution-not-completed,"{""domain"": ""thermal"", ""rule"": ""thermal.heat_capacity.positive"", ""rule_origin"": ""C*dT = dQ; a non-positive heat capacity makes a body cool when heated"", ""rule_reference"": """", ""matched_by"": {""quantity"": ""HeatCapacity"", ""unit"": ""J/K"", ""confidence"": ""QUANTITY_AND_UNIT"", ""premise_state"": ""unknown"", ""authority"": ""quantity_or_unit"", ""canonical_declaration"": ""IDEAS.Experimental.HeatTransfer.HeatCapacitor.C""}, ""required"": ""C > 0"", ""declared_min"": null, ""variable_role"": ""parameter"", ""premise_state"": ""refuted"", ""authority"": ""component_contract"", ""contract"": ""IDEAS.Experimental.HeatTransfer.HeatCapacitor.C: algebraic_limit (proven, from equation) \u2014 the parameter multiplies a derivative, so at zero the differential relation becomes an algebraic constraint rather than an undefined quotient"", ""contract_behavior"": ""algebraic_limit"", ""contract_confidence"": ""proven"", ""contract_source"": ""equation"", ""note"": ""the positivity rule does not apply: this component documents zero as a meaningful limit, so reporting a missing bound would contradict its contract""}",/data/mrumoca/eval/results_v3/ideas/runtime_free.jsonl
ideas,runtime-v3,IDEAS.Experimental.HeatTransfer.HeatCapacitor,3,network-observation-incomplete,info,False,execution-not-completed,"{""reason"": ""missing or unsynchronized connector member observations"", ""note"": ""coverage gap, not a model defect""}",/data/mrumoca/eval/results_v3/ideas/runtime_free.jsonl
ideas,runtime-v3,IDEAS.Experimental.HeatTransfer.HeatCapacitor,4,initialization-failure,high,False,execution-not-completed,"{""failure_kind"": ""unknown"", ""reason"": ""ed.rbc (bitcode v2, cbor) Simulating IDEAS.Experimental.HeatTransfer.HeatCapacitor to t=1 with 3 trace point(s)... \u001b[31m\u001b[0m simulation failed: parameter `C` has neither a binding nor an initial value"", ""raw"": ""reading /tmp/tmpaqoy_ug8/traced.rbc (bitcode v2, cbor) Simulating IDEAS.Experimental.HeatTransfer.HeatCapacitor to t=1 with 3 trace point(s)... \u001b[31m\u001b[0m simulation failed: parameter `C` has neither a binding nor an initial value"", ""tool_side"": false}",/data/mrumoca/eval/results_v3/ideas/runtime_free.jsonl
ideas,runtime-v3,IDEAS.Experimental.HeatTransfer.ThermalResistor,0,network-port-unconnected,low,False,execution-not-completed,"{""connector"": ""port_a"", ""component"": ""<top level>"", ""component_class"": ""unknown"", ""flows_forced_to_zero"": ""port_a.Q_flow"", ""note"": ""nothing is connected to this port, so MLS \u00a79.2 forces its flow to zero. That is correct for a component compiled on its own and is not a defect; it is recorded because it is the commonest reason a model looks structurally singular""}",/data/mrumoca/eval/results_v3/ideas/runtime_free.jsonl
ideas,runtime-v3,IDEAS.Experimental.HeatTransfer.ThermalResistor,1,network-port-unconnected,low,False,execution-not-completed,"{""connector"": ""port_b"", ""component"": ""<top level>"", ""component_class"": ""unknown"", ""flows_forced_to_zero"": ""port_b.Q_flow"", ""note"": ""nothing is connected to this port, so MLS \u00a79.2 forces its flow to zero. That is correct for a component compiled on its own and is not a defect; it is recorded because it is the commonest reason a model looks structurally singular""}",/data/mrumoca/eval/results_v3/ideas/runtime_free.jsonl
ideas,runtime-v3,IDEAS.Experimental.HeatTransfer.ThermalResistor,2,network-component-isolated,low,False,execution-not-completed,"{""component"": ""<top level>"", ""component_class"": ""unknown"", ""ports"": ""port_a, port_b"", ""note"": ""every port of this instance is unconnected, so it exchanges nothing with the rest of the model while still contributing its equations""}",/data/mrumoca/eval/results_v3/ideas/runtime_free.jsonl
ideas,runtime-v3,IDEAS.Experimental.HeatTransfer.ThermalResistor,3,network-observation-incomplete,info,False,execution-not-completed,"{""reason"": ""missing or unsynchronized connector member observations"", ""note"": ""coverage gap, not a model defect""}",/data/mrumoca/eval/results_v3/ideas/runtime_free.jsonl
ideas,runtime-v3,IDEAS.Experimental.HeatTransfer.ThermalResistor,4,initialization-failure,high,False,execution-not-completed,"{""failure_kind"": ""singular-system"", ""reason"": ""tTransfer.ThermalResistor to t=1 with 6 trace point(s)... \u001b[31m\u001b[0m simulation failed: DAE structural proof failed: structurally singular \u001b[31m\u2502\u001b[0m system: 5 matched out of 6 equations and 6 unknowns"", ""raw"": ""reading /tmp/tmpazz59fft/traced.rbc (bitcode v2, cbor) Simulating IDEAS.Experimental.HeatTransfer.ThermalResistor to t=1 with 6 trace point(s)... \u001b[31m\u001b[0m simulation failed: DAE structural proof failed: structurally singular \u001b[31m\u2502\u001b[0m system: 5 matched out of 6 equations and 6 unknowns"", ""tool_side"": false}",/data/mrumoca/eval/results_v3/ideas/runtime_free.jsonl
ideas,runtime-v3,IDEAS.Fluid.Actuators.BaseClasses.ActuatorSignal,0,network-boundary-port,low,True,hold-input-contract-validation,"{""node"": ""actPos -- y -- y_actual -- y_filtered -- y_internal"", ""boundary_connectors"": ""actPos, y, y_actual, y_filtered, y_internal"", ""wired_to"": ""nothing"", ""note"": ""this connector belongs to the model itself, not to a component inside it: the model is an interface compiled on its own, so the node is open on one side. Nothing forces its flow, which is why a structural matching reports an unmatched unknown here. Not a defect in the model""}",/data/mrumoca/eval/results_v3/ideas/runtime_free.jsonl
ideas,runtime-v3,IDEAS.Fluid.Actuators.Valves.Simplified.ThreeWayValve,0,network-boundary-port,low,False,execution-not-completed,"{""node"": ""inStream(port_a1 -- inStream(port_a2 -- inStream(port_b -- port_a1 -- port_a2 -- port_b"", ""boundary_connectors"": ""inStream(port_a1, inStream(port_a2, inStream(port_b, port_a1, port_a2, port_b"", ""wired_to"": ""nothing"", ""note"": ""this connector belongs to the model itself, not to a component inside it: the model is an interface compiled on its own, so the node is open on one side. Nothing forces its flow, which is why a structural matching reports an unmatched unknown here. Not a defect in the model""}",/data/mrumoca/eval/results_v3/ideas/runtime_free.jsonl
ideas,runtime-v3,IDEAS.Fluid.Actuators.Valves.Simplified.ThreeWayValve,1,network-observation-incomplete,info,False,execution-not-completed,"{""reason"": ""missing or unsynchronized connector member observations"", ""note"": ""coverage gap, not a model defect""}",/data/mrumoca/eval/results_v3/ideas/runtime_free.jsonl
ideas,runtime-v3,IDEAS.Fluid.Actuators.Valves.Simplified.ThreeWayValve,2,initialization-failure,high,False,execution-not-completed,"{""failure_kind"": ""singular-system"", ""reason"": "".Simplified.ThreeWayValve to t=1 with 9 trace point(s)... \u001b[31m\u001b[0m simulation failed: DAE structural proof failed: structurally singular \u001b[31m\u2502\u001b[0m system: 8 matched out of 9 equations and 9 unknowns"", ""raw"": ""reading /tmp/tmp903t0uzx/traced.rbc (bitcode v2, cbor) Simulating IDEAS.Fluid.Actuators.Valves.Simplified.ThreeWayValve to t=1 with 9 trace point(s)... \u001b[31m\u001b[0m simulation failed: DAE structural proof failed: structurally singular \u001b[31m\u2502\u001b[0m system: 8 matched out of 9 equations and 9 unknowns"", ""tool_side"": false}",/data/mrumoca/eval/results_v3/ideas/runtime_free.jsonl
ideas,runtime-v3,IDEAS.Fluid.Actuators.Motors.IdealMotor,0,network-boundary-port,low,True,hold-input-contract-validation,"{""node"": ""add -- feeBac -- int -- lowHys -- lowSwi -- u -- uppHys -- uppSwi -- vClo -- vOpe -- y -- zer"", ""boundary_connectors"": ""add, feeBac, int, lowHys, lowSwi, u, uppHys, uppSwi, vClo, vOpe, y, zer"", ""wired_to"": ""nothing"", ""note"": ""this connector belongs to the model itself, not to a component inside it: the model is an interface compiled on its own, so the node is open on one side. Nothing forces its flow, which is why a structural matching reports an unmatched unknown here. Not a defect in the model""}",/data/mrumoca/eval/results_v3/ideas/runtime_free.jsonl
ideas,runtime-v3,IDEAS.Fluid.BaseClasses.Validation.ActuatorFilter,0,network-boundary-port,low,False,execution-not-completed,"{""node"": ""act_1 -- act_2 -- act_y_start05 -- act_y_start1 -- gain -- step"", ""boundary_connectors"": ""act_1, act_2, act_y_start05, act_y_start1, gain, step"", ""wired_to"": ""nothing"", ""note"": ""this connector belongs to the model itself, not to a component inside it: the model is an interface compiled on its own, so the node is open on one side. Nothing forces its flow, which is why a structural matching reports an unmatched unknown here. Not a defect in the model""}",/data/mrumoca/eval/results_v3/ideas/runtime_free.jsonl
ideas,runtime-v3,IDEAS.Fluid.BaseClasses.Validation.ActuatorFilter,1,network-observation-incomplete,info,False,execution-not-completed,"{""reason"": ""missing or unsynchronized connector member observations"", ""note"": ""coverage gap, not a model defect""}",/data/mrumoca/eval/results_v3/ideas/runtime_free.jsonl
ideas,runtime-v3,IDEAS.Fluid.BaseClasses.Validation.ActuatorFilter,2,simulation-failure,high,False,execution-not-completed,"{""failure_kind"": ""nonlinear-solver-failure"", ""reason"": ""rplus-check(every coordinate this row reads is \u001b[31m\u2502\u001b[0m determined elsewhere, so the row is an MLS 3.6 \u00a78.6 consistency check the \u001b[31m\u2502\u001b[0m model does not satisfy) value=-1.000000e0 norm=1.000000e0"", ""raw"": ""reading /tmp/tmp8f2znkp5/traced.rbc (bitcode v2, cbor) Simulating IDEAS.Fluid.BaseClasses.Validation.ActuatorFilter to t=1 with 19 trace point(s)... \u001b[31m\u001b[0m simulation failed: solve-IR evaluation failed: initial variable projection \u001b[31m\u2502\u001b[0m did not satisfy the complete residual system: max selected residual row=1 \u001b[31m\u2502\u001b[0m original_row=1 owner=surplus-check(every coordinate this row reads is "", ""tool_side"": false}",/data/mrumoca/eval/results_v3/ideas/runtime_free.jsonl
ideas,runtime-v3,IDEAS.Fluid.Geothermal.Borefields.BaseClasses.HeatTransfer.LoadAggregation.Validation.AggregationCellTimes,0,initialization-failure,high,False,execution-not-completed,"{""failure_kind"": ""nonlinear-solver-failure"", ""reason"": ""d initialization unknown space: a \u001b[31m\u2502\u001b[0m coordinate the lowering cannot read per scalar (array element, multi- \u001b[31m\u2502\u001b[0m scalar row, or structured family point)) value=-1.200000e2 norm=1.200000e2"", ""raw"": ""reading /tmp/tmp6ymf1obt/traced.rbc (bitcode v2, cbor) Simulating IDEAS.Fluid.Geothermal.Borefields.BaseClasses.HeatTransfer.LoadAggregation.Validation.AggregationCellTimes to t=1 with 2 trace point(s)... \u001b[31m\u001b[0m simulation failed: initial variable projection did not satisfy the complete \u001b[31m\u2502\u001b[0m residual system: max selected residual row=5 original_row=5 owner=none(row \u001b[31m\u2502\u001b[0m reads a coor"", ""tool_side"": false}",/data/mrumoca/eval/results_v3/ideas/runtime_free.jsonl
ideas,runtime-v3,IDEAS.Fluid.Geothermal.Borefields.BaseClasses.HeatTransfer.ThermalResponseFactors.Validation.ShaGFunction,0,simulation-failure,high,False,execution-not-completed,"{""failure_kind"": ""unknown"", ""reason"": ""ansfer.ThermalResponseFactors.Validation.ShaGFunction to t=1 with 1 trace point(s)... \u001b[31m\u001b[0m simulation failed: invalid Solve IR contract: pure-call argument or slot \u001b[31m\u2502\u001b[0m interface is invalid"", ""raw"": ""reading /tmp/tmp6ogd3crz/traced.rbc (bitcode v2, cbor) Simulating IDEAS.Fluid.Geothermal.Borefields.BaseClasses.HeatTransfer.ThermalResponseFactors.Validation.ShaGFunction to t=1 with 1 trace point(s)... \u001b[31m\u001b[0m simulation failed: invalid Solve IR contract: pure-call argument or slot \u001b[31m\u2502\u001b[0m interface is invalid"", ""tool_side"": false}",/data/mrumoca/eval/results_v3/ideas/runtime_free.jsonl
ideas,runtime-v3,IDEAS.Fluid.HeatPumps.ModularReversible.Controls.Safety.Examples.MinimalFlowRate,0,network-boundary-port,low,False,standalone-topology-not-defect-proof,"{""node"": ""conZer -- hys -- mConEmu_flow -- mEvaEmu_flow -- minFloRatSaf -- minFloRatSaf.and1 -- minFloRatSaf.booPasThr -- minFloRatSaf.disErr -- minFloRatSaf.errAndSetOn -- minFloRatSaf.hysCon -- minFloRatSaf.hysEva -- minFloRatSaf.intConOne -- minFloRatSaf.notVal -- minFloRatSaf.sigBus -- sigBus -- swiErr -- yOut -- ySet -- ySetOn -- ySetPul"", ""boundary_connectors"": ""conZer, hys, mConEmu_flow, mEvaEmu_flow, minFloRatSaf, sigBus, swiErr, yOut, ySet, ySetOn, ySetPul"", ""wired_to"": ""minFloRatSaf.and1, minFloRatSaf.booPasThr, minFloRatSaf.disErr, minFloRatSaf.errAndSetOn, minFloRatSaf.hysCon, minFloRatSaf.hysEva, minFloRatSaf.intConOne, minFloRatSaf.notVal, minFloRatSaf.sigBus"", ""note"": ""this connector belongs to the model itself, not to a component inside it: the model is an interface compiled on its own, so the node is open on one side. Nothing forces its flow, which is why a structural matching reports an unmatched unknown here. Not a defect in the model""}",/data/mrumoca/eval/results_v3/ideas/runtime_free.jsonl
ideas,runtime-v3,IDEAS.Fluid.HeatPumps.ModularReversible.Controls.Safety.Examples.AntiFreeze,0,network-boundary-port,low,False,standalone-topology-not-defect-proof,"{""node"": ""TConInEmu -- TEvaOutEmu -- antFre -- antFre.booPasThr -- antFre.disErr -- antFre.errAndSetOn -- antFre.hys -- antFre.intConOne -- antFre.min -- antFre.notVal -- antFre.sigBus -- conZer -- hys -- sigBus -- swiErr -- yOut -- ySet -- ySetOn -- ySetPul"", ""boundary_connectors"": ""TConInEmu, TEvaOutEmu, antFre, conZer, hys, sigBus, swiErr, yOut, ySet, ySetOn, ySetPul"", ""wired_to"": ""antFre.booPasThr, antFre.disErr, antFre.errAndSetOn, antFre.hys, antFre.intConOne, antFre.min, antFre.notVal, antFre.sigBus"", ""note"": ""this connector belongs to the model itself, not to a component inside it: the model is an interface compiled on its own, so the node is open on one side. Nothing forces its flow, which is why a structural matching reports an unmatched unknown here. Not a defect in the model""}",/data/mrumoca/eval/results_v3/ideas/runtime_free.jsonl
ideas,runtime-v3,IDEAS.Fluid.HeatPumps.ModularReversible.RefrigerantCycle.Frosting.NoFrosting,0,network-boundary-port,low,False,execution-not-completed,"{""node"": ""conIsAirSource -- constNoFro -- constNoFroAlw -- iceFac -- swi"", ""boundary_connectors"": ""conIsAirSource, constNoFro, constNoFroAlw, iceFac, swi"", ""wired_to"": ""nothing"", ""note"": ""this connector belongs to the model itself, not to a component inside it: the model is an interface compiled on its own, so the node is open on one side. Nothing forces its flow, which is why a structural matching reports an unmatched unknown here. Not a defect in the model""}",/data/mrumoca/eval/results_v3/ideas/runtime_free.jsonl
ideas,runtime-v3,IDEAS.Fluid.HeatPumps.ModularReversible.RefrigerantCycle.Frosting.NoFrosting,1,network-observation-incomplete,info,False,execution-not-completed,"{""reason"": ""missing or unsynchronized connector member observations"", ""note"": ""coverage gap, not a model defect""}",/data/mrumoca/eval/results_v3/ideas/runtime_free.jsonl
ideas,runtime-v3,IDEAS.Fluid.HeatPumps.ModularReversible.RefrigerantCycle.Frosting.NoFrosting,2,initialization-failure,high,False,execution-not-completed,"{""failure_kind"": ""unknown"", ""reason"": ""id.HeatPumps.ModularReversible.RefrigerantCycle.Frosting.NoFrosting to t=1 with 8 trace point(s)... \u001b[31m\u001b[0m simulation failed: parameter `cpEva` has neither a binding nor an initial \u001b[31m\u2502\u001b[0m value"", ""raw"": ""reading /tmp/tmpxccrpnmo/traced.rbc (bitcode v2, cbor) Simulating IDEAS.Fluid.HeatPumps.ModularReversible.RefrigerantCycle.Frosting.NoFrosting to t=1 with 8 trace point(s)... \u001b[31m\u001b[0m simulation failed: parameter `cpEva` has neither a binding nor an initial \u001b[31m\u2502\u001b[0m value"", ""tool_side"": false}",/data/mrumoca/eval/results_v3/ideas/runtime_free.jsonl
ideas,runtime-v3,IDEAS.Fluid.HeatPumps.ModularReversible.RefrigerantCycle.Inertias.NoInertia,0,network-boundary-port,low,True,hold-input-contract-validation,"{""node"": ""u -- y"", ""boundary_connectors"": ""u, y"", ""wired_to"": ""nothing"", ""note"": ""this connector belongs to the model itself, not to a component inside it: the model is an interface compiled on its own, so the node is open on one side. Nothing forces its flow, which is why a structural matching reports an unmatched unknown here. Not a defect in the model""}",/data/mrumoca/eval/results_v3/ideas/runtime_free.jsonl
ideas,runtime-v3,IDEAS.Fluid.HeatPumps.ModularReversible.RefrigerantCycle.Inertias.NoInertia,1,network-observation-incomplete,info,True,hold-input-contract-validation,"{""reason"": ""missing or unsynchronized connector member observations"", ""note"": ""coverage gap, not a model defect""}",/data/mrumoca/eval/results_v3/ideas/runtime_free.jsonl
ideas,runtime-v3,IDEAS.Fluid.HeatPumps.ModularReversible.RefrigerantCycle.Inertias.VariableOrder,0,network-boundary-port,low,True,execution-not-completed,"{""node"": ""criDam -- u -- y"", ""boundary_connectors"": ""criDam, u, y"", ""wired_to"": ""nothing"", ""note"": ""this connector belongs to the model itself, not to a component inside it: the model is an interface compiled on its own, so the node is open on one side. Nothing forces its flow, which is why a structural matching reports an unmatched unknown here. Not a defect in the model""}",/data/mrumoca/eval/results_v3/ideas/runtime_free.jsonl
ideas,runtime-v3,IDEAS.Fluid.HeatPumps.ModularReversible.RefrigerantCycle.Inertias.VariableOrder,1,network-observation-incomplete,info,True,execution-not-completed,"{""reason"": ""missing or unsynchronized connector member observations"", ""note"": ""coverage gap, not a model defect""}",/data/mrumoca/eval/results_v3/ideas/runtime_free.jsonl
ideas,runtime-v3,IDEAS.Fluid.HeatPumps.ModularReversible.RefrigerantCycle.Inertias.VariableOrder,2,initialization-failure,high,True,execution-not-completed,"{""failure_kind"": ""unknown"", ""reason"": "".ModularReversible.RefrigerantCycle.Inertias.VariableOrder to t=1 with 5 trace point(s)... \u001b[31m\u001b[0m simulation failed: parameter `refIneFreConst` has neither a binding nor an \u001b[31m\u2502\u001b[0m initial value"", ""raw"": ""reading /tmp/tmpng0cg3px/traced.rbc (bitcode v2, cbor) holding 1 free input(s) constant at their start values: u=0 Simulating IDEAS.Fluid.HeatPumps.ModularReversible.RefrigerantCycle.Inertias.VariableOrder to t=1 with 5 trace point(s)... \u001b[31m\u001b[0m simulation failed: parameter `refIneFreConst` has neither a binding nor an \u001b[31m\u2502\u001b[0m initial value"", ""tool_side"": false}",/data/mrumoca/eval/results_v3/ideas/runtime_free.jsonl
ideas,runtime-v3,IDEAS.Fluid.HeatPumps.ModularReversible.Examples.BaseClasses.OneRoomRadiatorHeatPumpControl,0,network-boundary-port,low,True,hold-input-contract-validation,"{""node"": ""PIDCoo -- PIDCoo.Dzero -- PIDCoo.FFzero -- PIDCoo.I -- PIDCoo.P -- PIDCoo.addFF -- PIDCoo.addI -- PIDCoo.addP -- PIDCoo.addPID -- PIDCoo.addSat -- PIDCoo.gainPID -- PIDCoo.gainTrack -- PIDCoo.limiter -- PIDHea -- PIDHea.Dzero -- PIDHea.FFzero -- PIDHea.I -- PIDHea.P -- PIDHea.addFF -- PIDHea.addI -- PIDHea.addP -- PIDHea.addPID -- PIDHea.addSat -- PIDHea.gainPID -- PIDHea.gainTrack -- PIDHea.limiter -- TRadSup -- TRooMea -- booPasThrCoo -- constTSetRooCoo -- constTSetRooHea -- constYSetZer -- cooValOrHea -- hea -- heaIsOn -- heaOrCooIsOn -- hysCoo -- hysHea -- hysSecCoo -- swiHeaCooYSet -- swiSecForCoo -- swiYSet -- ySet"", ""boundary_connectors"": ""PIDCoo, PIDHea, TRadSup, TRooMea, booPasThrCoo, constTSetRooCoo, constTSetRooHea, constYSetZer, cooValOrHea, hea, heaIsOn, heaOrCooIsOn, hysCoo, hysHea, hysSecCoo, swiHeaCooYSet, swiSecForCoo, swiYSet, ySet"", ""wired_to"": ""PIDCoo.Dzero, PIDCoo.FFzero, PIDCoo.I, PIDCoo.P, PIDCoo.addFF, PIDCoo.addI, PIDCoo.addP, PIDCoo.addPID, PIDCoo.addSat, PIDCoo.gainPID, PIDCoo.gainTrack, PIDCoo.limiter, PIDHea.Dzero, PIDHea.FFzero, PIDHea.I, PIDHea.P, PIDHea.addFF, PIDHea.addI, PIDHea.addP, PIDHea.addPID, PIDHea.addSat, PIDHea.gainPID, PIDHea.gainTrack, PIDHea.limiter"", ""note"": ""this connector belongs to the model itself, not to a component inside it: the model is an interface compiled on its own, so the node is open on one side. Nothing forces its flow, which is why a structural matching reports an unmatched unknown here. Not a defect in the model""}",/data/mrumoca/eval/results_v3/ideas/runtime_free.jsonl
ideas,runtime-v3,IDEAS.Fluid.PVTCollectors.BaseClasses.WindSpeedTilted,0,initialization-failure,high,True,execution-not-completed,"{""failure_kind"": ""unknown"", ""reason"": ""ir=0 Simulating IDEAS.Fluid.PVTCollectors.BaseClasses.WindSpeedTilted to t=1 with 3 trace point(s)... \u001b[31m\u001b[0m simulation failed: parameter `azi` has neither a binding nor an initial \u001b[31m\u2502\u001b[0m value"", ""raw"": ""reading /tmp/tmp5oxxkivg/traced.rbc (bitcode v2, cbor) holding 2 free input(s) constant at their start values: winSpe=0, winDir=0 Simulating IDEAS.Fluid.PVTCollectors.BaseClasses.WindSpeedTilted to t=1 with 3 trace point(s)... \u001b[31m\u001b[0m simulation failed: parameter `azi` has neither a binding nor an initial \u001b[31m\u2502\u001b[0m value"", ""tool_side"": false}",/data/mrumoca/eval/results_v3/ideas/runtime_free.jsonl
ideas,runtime-v3,IDEAS.Fluid.PVTCollectors.BaseClasses.ElectricalPVT,0,physical-intent-question,low,True,execution-not-completed,"{""domain"": ""fluid"", ""rule"": ""fluid.area.positive"", ""rule_origin"": ""a flow cross-section is a divisor in every velocity relation; zero area admits no flow and divides by zero"", ""rule_reference"": """", ""matched_by"": {""quantity"": ""Area"", ""unit"": ""m2"", ""confidence"": ""QUANTITY_AND_UNIT"", ""premise_state"": ""unknown"", ""authority"": ""quantity_or_unit"", ""canonical_declaration"": ""IDEAS.Fluid.PVTCollectors.BaseClasses.ElectricalPVT.A_c""}, ""required"": ""A_c > 0"", ""declared_min"": null, ""variable_role"": ""parameter"", ""observation"": ""permissive-declaration"", ""premise_state"": ""unknown"", ""authority"": ""quantity_or_unit"", ""canonical_declaration"": ""IDEAS.Fluid.PVTCollectors.BaseClasses.ElectricalPVT.A_c"", ""question"": ""`A_c` carries no bound that would exclude it, which is unusual for an area \u2014 but nothing declares what this component is, so the analyzer cannot tell whether it is intended. Is it? If so, declare it: add a component contract, or a `[[contracts]]` entry naming the intended `sign_domain`. If not, bound the declaration.""}",/data/mrumoca/eval/results_v3/ideas/runtime_free.jsonl
ideas,runtime-v3,IDEAS.Fluid.PVTCollectors.BaseClasses.ElectricalPVT,1,physical-domain-unenforced,medium,True,execution-not-completed,"{""domain"": ""fluid"", ""rule"": ""fluid.area.positive"", ""rule_origin"": ""a flow cross-section is a divisor in every velocity relation; zero area admits no flow and divides by zero"", ""rule_reference"": """", ""matched_by"": {""quantity"": ""Area"", ""unit"": ""m2"", ""confidence"": ""QUANTITY_AND_UNIT"", ""premise_state"": ""unknown"", ""authority"": ""quantity_or_unit"", ""canonical_declaration"": ""IDEAS.Fluid.PVTCollectors.BaseClasses.ElectricalPVT.A""}, ""required"": ""A > 0"", ""declared_min"": null, ""variable_role"": ""parameter"", ""premise_state"": ""established"", ""authority"": ""source_arithmetic"", ""canonical_declaration"": ""IDEAS.Fluid.PVTCollectors.BaseClasses.ElectricalPVT.A"", ""contract_source"": ""equation"", ""premise_reason"": ""a source equation divides by this parameter, so the value is excluded by arithmetic rather than by intent"", ""note"": ""nothing bounds this declaration, so it permits values the component's own contract forbids""}",/data/mrumoca/eval/results_v3/ideas/runtime_free.jsonl
ideas,runtime-v3,IDEAS.Fluid.PVTCollectors.BaseClasses.ElectricalPVT,2,initialization-failure,high,True,execution-not-completed,"{""failure_kind"": ""unknown"", ""reason"": ""Til=0 Simulating IDEAS.Fluid.PVTCollectors.BaseClasses.ElectricalPVT to t=1 with 11 trace point(s)... \u001b[31m\u001b[0m simulation failed: parameter `A_c` has neither a binding nor an initial \u001b[31m\u2502\u001b[0m value"", ""raw"": ""reading /tmp/tmpf7h4xm6r/traced.rbc (bitcode v2, cbor) holding 7 free input(s) constant at their start values: Tflu[1]=0, Tflu[2]=0, Tflu[3]=0, qth[1]=0, qth[2]=0, qth[3]=0, HGloTil=0 Simulating IDEAS.Fluid.PVTCollectors.BaseClasses.ElectricalPVT to t=1 with 11 trace point(s)... \u001b[31m\u001b[0m simulation failed: parameter `A_c` has neither a binding nor an initial \u001b[31m\u2502\u001b[0m value"", ""tool_side"": false}",/data/mrumoca/eval/results_v3/ideas/runtime_free.jsonl
ideas,runtime-v3,IDEAS.Fluid.PVTCollectors.Validation.BaseClasses.ElectricalPV,0,network-boundary-port,low,True,hold-input-contract-validation,"{""node"": ""P -- solarPower"", ""boundary_connectors"": ""P, solarPower"", ""wired_to"": ""nothing"", ""note"": ""this connector belongs to the model itself, not to a component inside it: the model is an interface compiled on its own, so the node is open on one side. Nothing forces its flow, which is why a structural matching reports an unmatched unknown here. Not a defect in the model""}",/data/mrumoca/eval/results_v3/ideas/runtime_free.jsonl
ideas,runtime-v3,IDEAS.Fluid.Sensors.Conversions.To_VolumeFraction,0,initialization-failure,high,True,execution-not-completed,"{""failure_kind"": ""unknown"", ""reason"": ""s: m=0 Simulating IDEAS.Fluid.Sensors.Conversions.To_VolumeFraction to t=1 with 2 trace point(s)... \u001b[31m\u001b[0m simulation failed: parameter `MMMea` has neither a binding nor an initial \u001b[31m\u2502\u001b[0m value"", ""raw"": ""reading /tmp/tmpzm1ha09s/traced.rbc (bitcode v2, cbor) holding 1 free input(s) constant at their start values: m=0 Simulating IDEAS.Fluid.Sensors.Conversions.To_VolumeFraction to t=1 with 2 trace point(s)... \u001b[31m\u001b[0m simulation failed: parameter `MMMea` has neither a binding nor an initial \u001b[31m\u2502\u001b[0m value"", ""tool_side"": false}",/data/mrumoca/eval/results_v3/ideas/runtime_free.jsonl
ideas,runtime-v3,IDEAS.Fluid.Sensors.RelativePressure,0,network-port-unconnected,low,False,execution-not-completed,"{""connector"": ""port_a"", ""component"": ""<top level>"", ""component_class"": ""unknown"", ""flows_forced_to_zero"": ""port_a.m_flow"", ""note"": ""nothing is connected to this port, so MLS \u00a79.2 forces its flow to zero. That is correct for a component compiled on its own and is not a defect; it is recorded because it is the commonest reason a model looks structurally singular""}",/data/mrumoca/eval/results_v3/ideas/runtime_free.jsonl
ideas,runtime-v3,IDEAS.Fluid.Sensors.RelativePressure,1,network-port-unconnected,low,False,execution-not-completed,"{""connector"": ""port_b"", ""component"": ""<top level>"", ""component_class"": ""unknown"", ""flows_forced_to_zero"": ""port_b.m_flow"", ""note"": ""nothing is connected to this port, so MLS \u00a79.2 forces its flow to zero. That is correct for a component compiled on its own and is not a defect; it is recorded because it is the commonest reason a model looks structurally singular""}",/data/mrumoca/eval/results_v3/ideas/runtime_free.jsonl
ideas,runtime-v3,IDEAS.Fluid.Sensors.RelativePressure,2,network-component-isolated,low,False,execution-not-completed,"{""component"": ""<top level>"", ""component_class"": ""unknown"", ""ports"": ""port_a, port_b"", ""note"": ""every port of this instance is unconnected, so it exchanges nothing with the rest of the model while still contributing its equations""}",/data/mrumoca/eval/results_v3/ideas/runtime_free.jsonl
ideas,runtime-v3,IDEAS.Fluid.Sensors.RelativePressure,3,network-observation-incomplete,info,False,execution-not-completed,"{""reason"": ""missing or unsynchronized connector member observations"", ""note"": ""coverage gap, not a model defect""}",/data/mrumoca/eval/results_v3/ideas/runtime_free.jsonl
ideas,runtime-v3,IDEAS.Fluid.Sensors.RelativePressure,4,initialization-failure,high,False,execution-not-completed,"{""failure_kind"": ""singular-system"", ""reason"": "".Sensors.RelativePressure to t=1 with 7 trace point(s)... \u001b[31m\u001b[0m simulation failed: DAE structural proof failed: structurally singular \u001b[31m\u2502\u001b[0m system: 5 matched out of 7 equations and 7 unknowns"", ""raw"": ""reading /tmp/tmprvm2zmpw/traced.rbc (bitcode v2, cbor) Simulating IDEAS.Fluid.Sensors.RelativePressure to t=1 with 7 trace point(s)... \u001b[31m\u001b[0m simulation failed: DAE structural proof failed: structurally singular \u001b[31m\u2502\u001b[0m system: 5 matched out of 7 equations and 7 unknowns"", ""tool_side"": false}",/data/mrumoca/eval/results_v3/ideas/runtime_free.jsonl
ideas,runtime-v3,IDEAS.Fluid.SolarCollectors.Controls.BaseClasses.GCritCalc,0,initialization-failure,high,True,execution-not-completed,"{""failure_kind"": ""unknown"", ""reason"": ""mulating IDEAS.Fluid.SolarCollectors.Controls.BaseClasses.GCritCalc to t=1 with 3 trace point(s)... \u001b[31m\u001b[0m simulation failed: parameter `slope` has neither a binding nor an initial \u001b[31m\u2502\u001b[0m value"", ""raw"": ""reading /tmp/tmp1z3h6oke/traced.rbc (bitcode v2, cbor) holding 2 free input(s) constant at their start values: TIn=0, TEnv=0 Simulating IDEAS.Fluid.SolarCollectors.Controls.BaseClasses.GCritCalc to t=1 with 3 trace point(s)... \u001b[31m\u001b[0m simulation failed: parameter `slope` has neither a binding nor an initial \u001b[31m\u2502\u001b[0m value"", ""tool_side"": false}",/data/mrumoca/eval/results_v3/ideas/runtime_free.jsonl
ideas,runtime-v3,IDEAS.Media.Specialized.Air.Examples.PerfectGasDerivativeCheck,0,simulation-failure,high,False,execution-not-completed,"{""failure_kind"": ""unknown"", ""reason"": ""ating IDEAS.Media.Specialized.Air.Examples.PerfectGasDerivativeCheck to t=1 with 7 trace point(s)... \u001b[31m\u001b[0m simulation failed: Modelica assert failed at t=0.000000000: Model has an \u001b[31m\u2502\u001b[0m error"", ""raw"": ""reading /tmp/tmpyi0w76v5/traced.rbc (bitcode v2, cbor) Simulating IDEAS.Media.Specialized.Air.Examples.PerfectGasDerivativeCheck to t=1 with 7 trace point(s)... \u001b[31m\u001b[0m simulation failed: Modelica assert failed at t=0.000000000: Model has an \u001b[31m\u2502\u001b[0m error"", ""tool_side"": false}",/data/mrumoca/eval/results_v3/ideas/runtime_free.jsonl
ideas,runtime-v3,IDEAS.ThermalZones.ISO13790.BaseClasses.GainMass,0,physical-domain-unenforced,medium,True,execution-not-completed,"{""domain"": ""fluid"", ""rule"": ""fluid.area.positive"", ""rule_origin"": ""a flow cross-section is a divisor in every velocity relation; zero area admits no flow and divides by zero"", ""rule_reference"": """", ""matched_by"": {""quantity"": ""Area"", ""unit"": ""m2"", ""confidence"": ""QUANTITY_AND_UNIT"", ""premise_state"": ""unknown"", ""authority"": ""quantity_or_unit"", ""canonical_declaration"": ""IDEAS.ThermalZones.ISO13790.BaseClasses.GainMass.ATot""}, ""required"": ""ATot > 0"", ""declared_min"": null, ""variable_role"": ""parameter"", ""premise_state"": ""established"", ""authority"": ""source_arithmetic"", ""canonical_declaration"": ""IDEAS.ThermalZones.ISO13790.BaseClasses.GainMass.ATot"", ""contract_source"": ""equation"", ""premise_reason"": ""a source equation divides by this parameter, so the value is excluded by arithmetic rather than by intent"", ""note"": ""nothing bounds this declaration, so it permits values the component's own contract forbids""}",/data/mrumoca/eval/results_v3/ideas/runtime_free.jsonl
ideas,runtime-v3,IDEAS.ThermalZones.ISO13790.BaseClasses.GainMass,1,physical-zero-is-a-supported-limit,low,True,execution-not-completed,"{""domain"": ""fluid"", ""rule"": ""fluid.area.positive"", ""rule_origin"": ""a flow cross-section is a divisor in every velocity relation; zero area admits no flow and divides by zero"", ""rule_reference"": """", ""matched_by"": {""quantity"": ""Area"", ""unit"": ""m2"", ""confidence"": ""QUANTITY_AND_UNIT"", ""premise_state"": ""unknown"", ""authority"": ""quantity_or_unit"", ""canonical_declaration"": ""IDEAS.ThermalZones.ISO13790.BaseClasses.GainMass.AFlo""}, ""required"": ""AFlo > 0"", ""declared_min"": null, ""variable_role"": ""parameter"", ""premise_state"": ""refuted"", ""authority"": ""component_contract"", ""contract"": ""IDEAS.ThermalZones.ISO13790.BaseClasses.GainMass.AFlo: feature_disabled (proven, from equation) \u2014 the parameter appears only as a multiplier, so at zero the term it scales drops out and the rest of the model is unaffected"", ""contract_behavior"": ""feature_disabled"", ""contract_confidence"": ""proven"", ""contract_source"": ""equation"", ""note"": ""the positivity rule does not apply: this component documents zero as a meaningful limit, so reporting a missing bound would contradict its contract""}",/data/mrumoca/eval/results_v3/ideas/runtime_free.jsonl
ideas,runtime-v3,IDEAS.ThermalZones.ISO13790.BaseClasses.GainMass,2,initialization-failure,high,True,execution-not-completed,"{""failure_kind"": ""unknown"", ""reason"": ""solGai=0 Simulating IDEAS.ThermalZones.ISO13790.BaseClasses.GainMass to t=1 with 4 trace point(s)... \u001b[31m\u001b[0m simulation failed: parameter `ATot` has neither a binding nor an initial \u001b[31m\u2502\u001b[0m value"", ""raw"": ""reading /tmp/tmp_zkv9abu/traced.rbc (bitcode v2, cbor) holding 2 free input(s) constant at their start values: intSenGai=0, solGai=0 Simulating IDEAS.ThermalZones.ISO13790.BaseClasses.GainMass to t=1 with 4 trace point(s)... \u001b[31m\u001b[0m simulation failed: parameter `ATot` has neither a binding nor an initial \u001b[31m\u2502\u001b[0m value"", ""tool_side"": false}",/data/mrumoca/eval/results_v3/ideas/runtime_free.jsonl
ideas,runtime-v3,IDEAS.Fluid.SolarCollectors.Controls.BaseClasses.Examples.GCritCalc,0,network-boundary-port,low,False,standalone-topology-not-defect-proof,"{""node"": ""TEnv -- TIn -- criSol"", ""boundary_connectors"": ""TEnv, TIn, criSol"", ""wired_to"": ""nothing"", ""note"": ""this connector belongs to the model itself, not to a component inside it: the model is an interface compiled on its own, so the node is open on one side. Nothing forces its flow, which is why a structural matching reports an unmatched unknown here. Not a defect in the model""}",/data/mrumoca/eval/results_v3/ideas/runtime_free.jsonl
ideas,runtime-v3,IDEAS.Utilities.Cryptographics.Validation.SHA1,0,simulation-failure,high,False,execution-not-completed,"{""failure_kind"": ""unknown"", ""reason"": ""lating IDEAS.Utilities.Cryptographics.Validation.SHA1 to t=1 with 6 trace point(s)... \u001b[31m\u001b[0m simulation failed: invalid Solve IR contract: pure-call argument or slot \u001b[31m\u2502\u001b[0m interface is invalid"", ""raw"": ""reading /tmp/tmpuk_rpaed/traced.rbc (bitcode v2, cbor) Simulating IDEAS.Utilities.Cryptographics.Validation.SHA1 to t=1 with 6 trace point(s)... \u001b[31m\u001b[0m simulation failed: invalid Solve IR contract: pure-call argument or slot \u001b[31m\u2502\u001b[0m interface is invalid"", ""tool_side"": false}",/data/mrumoca/eval/results_v3/ideas/runtime_free.jsonl
ideas,runtime-v3,IDEAS.ThermalZones.ISO13790.BaseClasses.GainSurface,0,physical-domain-unenforced,medium,True,execution-not-completed,"{""domain"": ""fluid"", ""rule"": ""fluid.area.positive"", ""rule_origin"": ""a flow cross-section is a divisor in every velocity relation; zero area admits no flow and divides by zero"", ""rule_reference"": """", ""matched_by"": {""quantity"": ""Area"", ""unit"": ""m2"", ""confidence"": ""QUANTITY_AND_UNIT"", ""premise_state"": ""unknown"", ""authority"": ""quantity_or_unit"", ""canonical_declaration"": ""IDEAS.ThermalZones.ISO13790.BaseClasses.GainSurface.ATot""}, ""required"": ""ATot > 0"", ""declared_min"": null, ""variable_role"": ""parameter"", ""premise_state"": ""established"", ""authority"": ""source_arithmetic"", ""canonical_declaration"": ""IDEAS.ThermalZones.ISO13790.BaseClasses.GainSurface.ATot"", ""contract_source"": ""equation"", ""premise_reason"": ""a source equation divides by this parameter, so the value is excluded by arithmetic rather than by intent"", ""note"": ""nothing bounds this declaration, so it permits values the component's own contract forbids""}",/data/mrumoca/eval/results_v3/ideas/runtime_free.jsonl
ideas,runtime-v3,IDEAS.ThermalZones.ISO13790.BaseClasses.GainSurface,1,physical-intent-question,low,True,execution-not-completed,"{""domain"": ""thermal"", ""rule"": ""thermal.conductance.positive"", ""rule_origin"": ""heat flows from hot to cold; G <= 0 reverses the second law"", ""rule_reference"": """", ""matched_by"": {""quantity"": ""ThermalConductance"", ""unit"": ""W/K"", ""confidence"": ""QUANTITY_AND_UNIT"", ""premise_state"": ""unknown"", ""authority"": ""quantity_or_unit"", ""canonical_declaration"": ""IDEAS.ThermalZones.ISO13790.BaseClasses.GainSurface.HWinGai""}, ""required"": ""HWinGai > 0"", ""declared_min"": null, ""variable_role"": ""parameter"", ""observation"": ""permissive-declaration"", ""premise_state"": ""unknown"", ""authority"": ""quantity_or_unit"", ""canonical_declaration"": ""IDEAS.ThermalZones.ISO13790.BaseClasses.GainSurface.HWinGai"", ""question"": ""`HWinGai` carries no bound that would exclude it, which is unusual for a thermal conductance \u2014 but nothing declares what this component is, so the analyzer cannot tell whether it is intended. Is it? If so, declare it: add a component contract, or a `[[contracts]]` entry naming the intended `sign_domain`. If not, bound the declaration.""}",/data/mrumoca/eval/results_v3/ideas/runtime_free.jsonl
ideas,runtime-v3,IDEAS.ThermalZones.ISO13790.BaseClasses.GainSurface,2,physical-zero-is-a-supported-limit,low,True,execution-not-completed,"{""domain"": ""fluid"", ""rule"": ""fluid.area.positive"", ""rule_origin"": ""a flow cross-section is a divisor in every velocity relation; zero area admits no flow and divides by zero"", ""rule_reference"": """", ""matched_by"": {""quantity"": ""Area"", ""unit"": ""m2"", ""confidence"": ""QUANTITY_AND_UNIT"", ""premise_state"": ""unknown"", ""authority"": ""quantity_or_unit"", ""canonical_declaration"": ""IDEAS.ThermalZones.ISO13790.BaseClasses.GainSurface.AFlo""}, ""required"": ""AFlo > 0"", ""declared_min"": null, ""variable_role"": ""parameter"", ""premise_state"": ""refuted"", ""authority"": ""component_contract"", ""contract"": ""IDEAS.ThermalZones.ISO13790.BaseClasses.GainSurface.AFlo: feature_disabled (proven, from equation) \u2014 the parameter appears only as a multiplier, so at zero the term it scales drops out and the rest of the model is unaffected"", ""contract_behavior"": ""feature_disabled"", ""contract_confidence"": ""proven"", ""contract_source"": ""equation"", ""note"": ""the positivity rule does not apply: this component documents zero as a meaningful limit, so reporting a missing bound would contradict its contract""}",/data/mrumoca/eval/results_v3/ideas/runtime_free.jsonl
ideas,runtime-v3,IDEAS.ThermalZones.ISO13790.BaseClasses.GainSurface,3,initialization-failure,high,True,execution-not-completed,"{""failure_kind"": ""unknown"", ""reason"": ""Gai=0 Simulating IDEAS.ThermalZones.ISO13790.BaseClasses.GainSurface to t=1 with 4 trace point(s)... \u001b[31m\u001b[0m simulation failed: parameter `ATot` has neither a binding nor an initial \u001b[31m\u2502\u001b[0m value"", ""raw"": ""reading /tmp/tmp4qud0w61/traced.rbc (bitcode v2, cbor) holding 2 free input(s) constant at their start values: intSenGai=0, solGai=0 Simulating IDEAS.ThermalZones.ISO13790.BaseClasses.GainSurface to t=1 with 4 trace point(s)... \u001b[31m\u001b[0m simulation failed: parameter `ATot` has neither a binding nor an initial \u001b[31m\u2502\u001b[0m value"", ""tool_side"": false}",/data/mrumoca/eval/results_v3/ideas/runtime_free.jsonl
ideas,runtime-v3,IDEAS.Utilities.Diagnostics.Validation.CheckEquality,0,network-boundary-port,low,False,standalone-topology-not-defect-proof,"{""node"": ""add -- cheEqu -- con -- sin1"", ""boundary_connectors"": ""add, cheEqu, con, sin1"", ""wired_to"": ""nothing"", ""note"": ""this connector belongs to the model itself, not to a component inside it: the model is an interface compiled on its own, so the node is open on one side. Nothing forces its flow, which is why a structural matching reports an unmatched unknown here. Not a defect in the model""}",/data/mrumoca/eval/results_v3/ideas/runtime_free.jsonl
ideas,runtime-v3,IDEAS.Utilities.IO.SignalExchange.Overwrite,0,network-boundary-port,low,True,hold-input-contract-validation,"{""node"": ""activate -- swi -- u -- uExt -- y"", ""boundary_connectors"": ""activate, swi, u, uExt, y"", ""wired_to"": ""nothing"", ""note"": ""this connector belongs to the model itself, not to a component inside it: the model is an interface compiled on its own, so the node is open on one side. Nothing forces its flow, which is why a structural matching reports an unmatched unknown here. Not a defect in the model""}",/data/mrumoca/eval/results_v3/ideas/runtime_free.jsonl
ideas,runtime-v3,IDEAS.Utilities.IO.SignalExchange.Examples.FirstOrder,0,network-boundary-port,low,False,standalone-topology-not-defect-proof,"{""node"": ""actAct -- actSet -- expMod -- uAct -- uSet"", ""boundary_connectors"": ""actAct, actSet, expMod, uAct, uSet"", ""wired_to"": ""nothing"", ""note"": ""this connector belongs to the model itself, not to a component inside it: the model is an interface compiled on its own, so the node is open on one side. Nothing forces its flow, which is why a structural matching reports an unmatched unknown here. Not a defect in the model""}",/data/mrumoca/eval/results_v3/ideas/runtime_free.jsonl
ideas,runtime-v3,IDEAS.Utilities.IO.SignalExchange.Examples.BaseClasses.OriginalModel,0,network-boundary-port,low,False,standalone-topology-not-defect-proof,"{""node"": ""TSet -- conPI -- conPI.Dzero -- conPI.FFzero -- conPI.I -- conPI.P -- conPI.addFF -- conPI.addI -- conPI.addP -- conPI.addPID -- conPI.addSat -- conPI.gainPID -- conPI.gainTrack -- conPI.limiter -- firOrd -- oveWriAct -- oveWriAct.activate -- oveWriAct.swi -- oveWriAct.uExt -- oveWriSet -- oveWriSet.activate -- oveWriSet.swi -- oveWriSet.uExt -- rea"", ""boundary_connectors"": ""TSet, conPI, firOrd, oveWriAct, oveWriSet, rea"", ""wired_to"": ""conPI.Dzero, conPI.FFzero, conPI.I, conPI.P, conPI.addFF, conPI.addI, conPI.addP, conPI.addPID, conPI.addSat, conPI.gainPID, conPI.gainTrack, conPI.limiter, oveWriAct.activate, oveWriAct.swi, oveWriAct.uExt, oveWriSet.activate, oveWriSet.swi, oveWriSet.uExt"", ""note"": ""this connector belongs to the model itself, not to a component inside it: the model is an interface compiled on its own, so the node is open on one side. Nothing forces its flow, which is why a structural matching reports an unmatched unknown here. Not a defect in the model""}",/data/mrumoca/eval/results_v3/ideas/runtime_free.jsonl
ideas,runtime-v3,IDEAS.Utilities.Math.Examples.Bicubic,0,network-boundary-port,low,False,standalone-topology-not-defect-proof,"{""node"": ""bicubic -- x1 -- x2"", ""boundary_connectors"": ""bicubic, x1, x2"", ""wired_to"": ""nothing"", ""note"": ""this connector belongs to the model itself, not to a component inside it: the model is an interface compiled on its own, so the node is open on one side. Nothing forces its flow, which is why a structural matching reports an unmatched unknown here. Not a defect in the model""}",/data/mrumoca/eval/results_v3/ideas/runtime_free.jsonl
ideas,runtime-v3,IDEAS.Utilities.Math.Examples.Average,0,network-boundary-port,low,False,standalone-topology-not-defect-proof,"{""node"": ""average -- multiplex2_1 -- x1 -- x2"", ""boundary_connectors"": ""average, multiplex2_1, x1, x2"", ""wired_to"": ""nothing"", ""note"": ""this connector belongs to the model itself, not to a component inside it: the model is an interface compiled on its own, so the node is open on one side. Nothing forces its flow, which is why a structural matching reports an unmatched unknown here. Not a defect in the model""}",/data/mrumoca/eval/results_v3/ideas/runtime_free.jsonl
ideas,runtime-v3,IDEAS.Utilities.Math.Examples.Average,1,network-observation-incomplete,info,False,coverage-gap,"{""reason"": ""duplicate member publication time"", ""note"": ""coverage gap, not a model defect""}",/data/mrumoca/eval/results_v3/ideas/runtime_free.jsonl
ideas,runtime-v3,IDEAS.Utilities.Math.Examples.Biquadratic,0,network-boundary-port,low,False,standalone-topology-not-defect-proof,"{""node"": ""biquadratic -- x1 -- x2"", ""boundary_connectors"": ""biquadratic, x1, x2"", ""wired_to"": ""nothing"", ""note"": ""this connector belongs to the model itself, not to a component inside it: the model is an interface compiled on its own, so the node is open on one side. Nothing forces its flow, which is why a structural matching reports an unmatched unknown here. Not a defect in the model""}",/data/mrumoca/eval/results_v3/ideas/runtime_free.jsonl
ideas,runtime-v3,IDEAS.Utilities.Math.Examples.ExponentialIntegralE1,0,network-boundary-port,low,False,standalone-topology-not-defect-proof,"{""node"": ""E1 -- x"", ""boundary_connectors"": ""E1, x"", ""wired_to"": ""nothing"", ""note"": ""this connector belongs to the model itself, not to a component inside it: the model is an interface compiled on its own, so the node is open on one side. Nothing forces its flow, which is why a structural matching reports an unmatched unknown here. Not a defect in the model""}",/data/mrumoca/eval/results_v3/ideas/runtime_free.jsonl
ideas,runtime-v3,IDEAS.Utilities.Math.Examples.InverseXRegularized,0,network-boundary-port,low,False,standalone-topology-not-defect-proof,"{""node"": ""inverseXRegularized -- x1"", ""boundary_connectors"": ""inverseXRegularized, x1"", ""wired_to"": ""nothing"", ""note"": ""this connector belongs to the model itself, not to a component inside it: the model is an interface compiled on its own, so the node is open on one side. Nothing forces its flow, which is why a structural matching reports an unmatched unknown here. Not a defect in the model""}",/data/mrumoca/eval/results_v3/ideas/runtime_free.jsonl
ideas,runtime-v3,IDEAS.Utilities.Math.Examples.QuadraticLinear,0,network-boundary-port,low,False,standalone-topology-not-defect-proof,"{""node"": ""quadraticLinear -- x1 -- x2"", ""boundary_connectors"": ""quadraticLinear, x1, x2"", ""wired_to"": ""nothing"", ""note"": ""this connector belongs to the model itself, not to a component inside it: the model is an interface compiled on its own, so the node is open on one side. Nothing forces its flow, which is why a structural matching reports an unmatched unknown here. Not a defect in the model""}",/data/mrumoca/eval/results_v3/ideas/runtime_free.jsonl
ideas,runtime-v3,IDEAS.Utilities.Math.Examples.Polynomial,0,network-boundary-port,low,False,standalone-topology-not-defect-proof,"{""node"": ""polynominal -- x1"", ""boundary_connectors"": ""polynominal, x1"", ""wired_to"": ""nothing"", ""note"": ""this connector belongs to the model itself, not to a component inside it: the model is an interface compiled on its own, so the node is open on one side. Nothing forces its flow, which is why a structural matching reports an unmatched unknown here. Not a defect in the model""}",/data/mrumoca/eval/results_v3/ideas/runtime_free.jsonl
ideas,runtime-v3,IDEAS.Utilities.Math.Examples.PowerLinearized,0,network-boundary-port,low,False,standalone-topology-not-defect-proof,"{""node"": ""powerLinearized -- x1"", ""boundary_connectors"": ""powerLinearized, x1"", ""wired_to"": ""nothing"", ""note"": ""this connector belongs to the model itself, not to a component inside it: the model is an interface compiled on its own, so the node is open on one side. Nothing forces its flow, which is why a structural matching reports an unmatched unknown here. Not a defect in the model""}",/data/mrumoca/eval/results_v3/ideas/runtime_free.jsonl
ideas,runtime-v3,IDEAS.Utilities.Math.Examples.SmoothBlocks,0,network-boundary-port,low,False,standalone-topology-not-defect-proof,"{""node"": ""Min -- assEquMax -- assEquMin -- max -- sine -- sine1 -- smoMax -- smoMin"", ""boundary_connectors"": ""Min, assEquMax, assEquMin, max, sine, sine1, smoMax, smoMin"", ""wired_to"": ""nothing"", ""note"": ""this connector belongs to the model itself, not to a component inside it: the model is an interface compiled on its own, so the node is open on one side. Nothing forces its flow, which is why a structural matching reports an unmatched unknown here. Not a defect in the model""}",/data/mrumoca/eval/results_v3/ideas/runtime_free.jsonl
ideas,runtime-v3,IDEAS.Utilities.Math.Examples.SmoothExponential,0,network-boundary-port,low,False,standalone-topology-not-defect-proof,"{""node"": ""smoothExponential -- x1"", ""boundary_connectors"": ""smoothExponential, x1"", ""wired_to"": ""nothing"", ""note"": ""this connector belongs to the model itself, not to a component inside it: the model is an interface compiled on its own, so the node is open on one side. Nothing forces its flow, which is why a structural matching reports an unmatched unknown here. Not a defect in the model""}",/data/mrumoca/eval/results_v3/ideas/runtime_free.jsonl
ideas,runtime-v3,IDEAS.Utilities.Math.Examples.SmoothHeaviside,0,network-boundary-port,low,False,standalone-topology-not-defect-proof,"{""node"": ""smoothHeaviside -- x1"", ""boundary_connectors"": ""smoothHeaviside, x1"", ""wired_to"": ""nothing"", ""note"": ""this connector belongs to the model itself, not to a component inside it: the model is an interface compiled on its own, so the node is open on one side. Nothing forces its flow, which is why a structural matching reports an unmatched unknown here. Not a defect in the model""}",/data/mrumoca/eval/results_v3/ideas/runtime_free.jsonl
ideas,runtime-v3,IDEAS.Utilities.Math.Examples.SmoothLimit,0,network-boundary-port,low,False,standalone-topology-not-defect-proof,"{""node"": ""sine -- smoLim"", ""boundary_connectors"": ""sine, smoLim"", ""wired_to"": ""nothing"", ""note"": ""this connector belongs to the model itself, not to a component inside it: the model is an interface compiled on its own, so the node is open on one side. Nothing forces its flow, which is why a structural matching reports an unmatched unknown here. Not a defect in the model""}",/data/mrumoca/eval/results_v3/ideas/runtime_free.jsonl
ideas,runtime-v3,IDEAS.Utilities.Math.ExponentialIntegralE1,0,simulation-failure,high,True,execution-not-completed,"{""failure_kind"": ""non-finite-value"", ""reason"": ""race point(s)... \u001b[31m\u001b[0m simulation failed: non-finite (inf) value computed for `y` @ Span { source: \u001b[31m\u2502\u001b[0m SourceId(6832497664377395004), start: BytePos(11356), end: \u001b[31m\u2502\u001b[0m BytePos(11368) }"", ""raw"": ""reading /tmp/tmp3egidyq5/traced.rbc (bitcode v2, cbor) holding 1 free input(s) constant at their start values: u=0 Simulating IDEAS.Utilities.Math.ExponentialIntegralE1 to t=1 with 2 trace point(s)... \u001b[31m\u001b[0m simulation failed: non-finite (inf) value computed for `y` @ Span { source: \u001b[31m\u2502\u001b[0m SourceId(6832497664377395004), start: BytePos(11356), end: \u001b[31m\u2502\u001b[0m BytePos(11368) }"", ""tool_side"": false}",/data/mrumoca/eval/results_v3/ideas/runtime_free.jsonl
ideas,runtime-v3,IDEAS.Utilities.Math.Examples.SmoothMin,0,network-boundary-port,low,False,standalone-topology-not-defect-proof,"{""node"": ""const -- ramp -- smoLim[1] -- smoLim[2]"", ""boundary_connectors"": ""const, ramp, smoLim[1], smoLim[2]"", ""wired_to"": ""nothing"", ""note"": ""this connector belongs to the model itself, not to a component inside it: the model is an interface compiled on its own, so the node is open on one side. Nothing forces its flow, which is why a structural matching reports an unmatched unknown here. Not a defect in the model""}",/data/mrumoca/eval/results_v3/ideas/runtime_free.jsonl
ideas,runtime-v3,IDEAS.Utilities.Math.Examples.VectorFunctions,0,network-boundary-port,low,False,standalone-topology-not-defect-proof,"{""node"": ""aveVec -- maxVec -- minVec -- sine -- sine1 -- sine2"", ""boundary_connectors"": ""aveVec, maxVec, minVec, sine, sine1, sine2"", ""wired_to"": ""nothing"", ""note"": ""this connector belongs to the model itself, not to a component inside it: the model is an interface compiled on its own, so the node is open on one side. Nothing forces its flow, which is why a structural matching reports an unmatched unknown here. Not a defect in the model""}",/data/mrumoca/eval/results_v3/ideas/runtime_free.jsonl
ideas,runtime-v3,IDEAS.Utilities.Math.Examples.Splice,0,network-boundary-port,low,False,standalone-topology-not-defect-proof,"{""node"": ""const -- const1 -- sine -- splice"", ""boundary_connectors"": ""const, const1, sine, splice"", ""wired_to"": ""nothing"", ""note"": ""this connector belongs to the model itself, not to a component inside it: the model is an interface compiled on its own, so the node is open on one side. Nothing forces its flow, which is why a structural matching reports an unmatched unknown here. Not a defect in the model""}",/data/mrumoca/eval/results_v3/ideas/runtime_free.jsonl
ideas,runtime-v3,IDEAS.Utilities.Math.Functions.Examples.SmoothHeavisideDerivatives,0,initialization-failure,high,False,execution-not-completed,"{""failure_kind"": ""singular-system"", ""reason"": ""moothHeavisideDerivatives to t=0 with 3 trace point(s)... \u001b[31m\u001b[0m simulation failed: DAE structural proof failed: structurally singular \u001b[31m\u2502\u001b[0m system: 2 matched out of 3 equations and 3 unknowns"", ""raw"": ""reading /tmp/tmpnlshetmw/traced.rbc (bitcode v2, cbor) Simulating IDEAS.Utilities.Math.Functions.Examples.SmoothHeavisideDerivatives to t=0 with 3 trace point(s)... \u001b[31m\u001b[0m simulation failed: DAE structural proof failed: structurally singular \u001b[31m\u2502\u001b[0m system: 2 matched out of 3 equations and 3 unknowns"", ""tool_side"": false}",/data/mrumoca/eval/results_v3/ideas/runtime_free.jsonl
ideas,runtime-v3,IDEAS.Utilities.Math.InverseXRegularized,0,simulation-failure,high,True,execution-not-completed,"{""failure_kind"": ""non-finite-value"", ""reason"": ""race point(s)... \u001b[31m\u001b[0m simulation failed: non-finite (NaN) value computed for `y` @ Span { source: \u001b[31m\u2502\u001b[0m SourceId(6832497664377395004), start: BytePos(11356), end: \u001b[31m\u2502\u001b[0m BytePos(11368) }"", ""raw"": ""reading /tmp/tmpavn8gb_l/traced.rbc (bitcode v2, cbor) holding 1 free input(s) constant at their start values: u=0 Simulating IDEAS.Utilities.Math.InverseXRegularized to t=1 with 2 trace point(s)... \u001b[31m\u001b[0m simulation failed: non-finite (NaN) value computed for `y` @ Span { source: \u001b[31m\u2502\u001b[0m SourceId(6832497664377395004), start: BytePos(11356), end: \u001b[31m\u2502\u001b[0m BytePos(11368) }"", ""tool_side"": false}",/data/mrumoca/eval/results_v3/ideas/runtime_free.jsonl
ideas,runtime-v3,IDEAS.Utilities.Math.PowerLinearized,0,simulation-failure,high,True,execution-not-completed,"{""failure_kind"": ""non-finite-value"", ""reason"": ""race point(s)... \u001b[31m\u001b[0m simulation failed: non-finite (NaN) value computed for `y` @ Span { source: \u001b[31m\u2502\u001b[0m SourceId(6832497664377395004), start: BytePos(11356), end: \u001b[31m\u2502\u001b[0m BytePos(11368) }"", ""raw"": ""reading /tmp/tmpbem9arsh/traced.rbc (bitcode v2, cbor) holding 1 free input(s) constant at their start values: u=0 Simulating IDEAS.Utilities.Math.PowerLinearized to t=1 with 2 trace point(s)... \u001b[31m\u001b[0m simulation failed: non-finite (NaN) value computed for `y` @ Span { source: \u001b[31m\u2502\u001b[0m SourceId(6832497664377395004), start: BytePos(11356), end: \u001b[31m\u2502\u001b[0m BytePos(11368) }"", ""tool_side"": false}",/data/mrumoca/eval/results_v3/ideas/runtime_free.jsonl
ideas,runtime-v3,IDEAS.Utilities.Math.SmoothExponential,0,simulation-failure,high,True,execution-not-completed,"{""failure_kind"": ""non-finite-value"", ""reason"": ""race point(s)... \u001b[31m\u001b[0m simulation failed: non-finite (NaN) value computed for `y` @ Span { source: \u001b[31m\u2502\u001b[0m SourceId(6832497664377395004), start: BytePos(11356), end: \u001b[31m\u2502\u001b[0m BytePos(11368) }"", ""raw"": ""reading /tmp/tmp9p1ye_3l/traced.rbc (bitcode v2, cbor) holding 1 free input(s) constant at their start values: u=0 Simulating IDEAS.Utilities.Math.SmoothExponential to t=1 with 2 trace point(s)... \u001b[31m\u001b[0m simulation failed: non-finite (NaN) value computed for `y` @ Span { source: \u001b[31m\u2502\u001b[0m SourceId(6832497664377395004), start: BytePos(11356), end: \u001b[31m\u2502\u001b[0m BytePos(11368) }"", ""tool_side"": false}",/data/mrumoca/eval/results_v3/ideas/runtime_free.jsonl
ideas,runtime-v3,IDEAS.Utilities.Math.Functions.Examples.SpliceFunctionDerivativeCheck,0,simulation-failure,high,False,execution-not-completed,"{""failure_kind"": ""non-finite-value"", ""reason"": ""trace point(s)... \u001b[31m\u001b[0m simulation failed: non-finite (NaN) value computed for `d3y` @ Span \u001b[31m\u2502\u001b[0m { source: SourceId(18112764785442691992), start: BytePos(421), end: \u001b[31m\u2502\u001b[0m BytePos(429) }"", ""raw"": ""reading /tmp/tmpe99uxvhz/traced.rbc (bitcode v2, cbor) Simulating IDEAS.Utilities.Math.Functions.Examples.SpliceFunctionDerivativeCheck to t=0 with 8 trace point(s)... \u001b[31m\u001b[0m simulation failed: non-finite (NaN) value computed for `d3y` @ Span \u001b[31m\u2502\u001b[0m { source: SourceId(18112764785442691992), start: BytePos(421), end: \u001b[31m\u2502\u001b[0m BytePos(429) }"", ""tool_side"": false}",/data/mrumoca/eval/results_v3/ideas/runtime_free.jsonl
ideas,runtime-v3,IDEAS.Utilities.Math.Splice,0,simulation-failure,high,True,execution-not-completed,"{""failure_kind"": ""non-finite-value"", ""reason"": "" to t=1 with 4 trace point(s)... \u001b[31m\u001b[0m simulation failed: non-finite (NaN) value computed for `y` @ Span { source: \u001b[31m\u2502\u001b[0m SourceId(295732463059772799), start: BytePos(545), end: BytePos(584) }"", ""raw"": ""reading /tmp/tmpqhi4c99t/traced.rbc (bitcode v2, cbor) holding 3 free input(s) constant at their start values: x=0, u1=0, u2=0 Simulating IDEAS.Utilities.Math.Splice to t=1 with 4 trace point(s)... \u001b[31m\u001b[0m simulation failed: non-finite (NaN) value computed for `y` @ Span { source: \u001b[31m\u2502\u001b[0m SourceId(295732463059772799), start: BytePos(545), end: BytePos(584) }"", ""tool_side"": false}",/data/mrumoca/eval/results_v3/ideas/runtime_free.jsonl
ideas,runtime-v3,IDEAS.Utilities.Psychrometrics.Density_pTX,0,physical-runtime-invariant-unobserved,low,True,execution-not-completed,"{""domain"": ""fluid"", ""rule"": ""fluid.density.positive"", ""rule_origin"": ""mass per volume of a real fluid; density appears as a divisor throughout the Fluid library"", ""rule_reference"": """", ""matched_by"": {""quantity"": ""Density"", ""unit"": ""kg/m3"", ""confidence"": ""QUANTITY_AND_UNIT"", ""premise_state"": ""unknown"", ""authority"": ""quantity_or_unit"", ""canonical_declaration"": ""IDEAS.Utilities.Psychrometrics.Density_pTX.d""}, ""required"": ""d > 0"", ""variable_role"": ""output"", ""note"": ""this is a runtime property of a output variable, not a declaration a user can bound; deciding it needs an observation""}",/data/mrumoca/eval/results_v3/ideas/runtime_free.jsonl
ideas,runtime-v3,IDEAS.Utilities.Psychrometrics.Density_pTX,1,simulation-failure,high,True,execution-not-completed,"{""failure_kind"": ""non-finite-value"", ""reason"": ""to t=1 with 4 trace point(s)... \u001b[31m\u001b[0m simulation failed: non-finite (NaN) value computed for `d` @ Span { source: \u001b[31m\u2502\u001b[0m SourceId(4595448438797024253), start: BytePos(943), end: BytePos(982) }"", ""raw"": ""reading /tmp/tmp_hbt1r7d/traced.rbc (bitcode v2, cbor) holding 3 free input(s) constant at their start values: T=0, X_w=0, p=0 Simulating IDEAS.Utilities.Psychrometrics.Density_pTX to t=1 with 4 trace point(s)... \u001b[31m\u001b[0m simulation failed: non-finite (NaN) value computed for `d` @ Span { source: \u001b[31m\u2502\u001b[0m SourceId(4595448438797024253), start: BytePos(943), end: BytePos(982) }"", ""tool_side"": false}",/data/mrumoca/eval/results_v3/ideas/runtime_free.jsonl
ideas,runtime-v3,IDEAS.Utilities.Psychrometrics.Examples.HumidityRatioPressure,0,network-boundary-port,low,False,standalone-topology-not-defect-proof,"{""node"": ""XHumDryAir -- assertEquality -- humRat -- p -- toTotalAir -- vapPre"", ""boundary_connectors"": ""XHumDryAir, assertEquality, humRat, p, toTotalAir, vapPre"", ""wired_to"": ""nothing"", ""note"": ""this connector belongs to the model itself, not to a component inside it: the model is an interface compiled on its own, so the node is open on one side. Nothing forces its flow, which is why a structural matching reports an unmatched unknown here. Not a defect in the model""}",/data/mrumoca/eval/results_v3/ideas/runtime_free.jsonl
ideas,runtime-v3,IDEAS.Utilities.Psychrometrics.Examples.Density_pTX,0,network-boundary-port,low,False,standalone-topology-not-defect-proof,"{""node"": ""TDryBul -- XDryBul -- den -- p"", ""boundary_connectors"": ""TDryBul, XDryBul, den, p"", ""wired_to"": ""nothing"", ""note"": ""this connector belongs to the model itself, not to a component inside it: the model is an interface compiled on its own, so the node is open on one side. Nothing forces its flow, which is why a structural matching reports an unmatched unknown here. Not a defect in the model""}",/data/mrumoca/eval/results_v3/ideas/runtime_free.jsonl
ideas,runtime-v3,IDEAS.Utilities.Psychrometrics.Examples.Density_pTX,1,physical-runtime-invariant-unobserved,low,False,coverage-gap,"{""domain"": ""fluid"", ""rule"": ""fluid.density.positive"", ""rule_origin"": ""mass per volume of a real fluid; density appears as a divisor throughout the Fluid library"", ""rule_reference"": """", ""matched_by"": {""quantity"": ""Density"", ""unit"": ""kg/m3"", ""confidence"": ""QUANTITY_AND_UNIT"", ""premise_state"": ""unknown"", ""authority"": ""quantity_or_unit"", ""canonical_declaration"": ""IDEAS.Utilities.Psychrometrics.Density_pTX.d""}, ""required"": ""den.d > 0"", ""variable_role"": ""output"", ""note"": ""this is a runtime property of a output variable, not a declaration a user can bound; deciding it needs an observation""}",/data/mrumoca/eval/results_v3/ideas/runtime_free.jsonl
ideas,runtime-v3,IDEAS.Utilities.Psychrometrics.Examples.Phi_pTX,0,network-boundary-port,low,False,standalone-topology-not-defect-proof,"{""node"": ""TDryBul -- XDryBul -- p -- phi"", ""boundary_connectors"": ""TDryBul, XDryBul, p, phi"", ""wired_to"": ""nothing"", ""note"": ""this connector belongs to the model itself, not to a component inside it: the model is an interface compiled on its own, so the node is open on one side. Nothing forces its flow, which is why a structural matching reports an unmatched unknown here. Not a defect in the model""}",/data/mrumoca/eval/results_v3/ideas/runtime_free.jsonl
ideas,runtime-v3,IDEAS.Utilities.Psychrometrics.Examples.SaturationPressure,0,network-boundary-port,low,False,standalone-topology-not-defect-proof,"{""node"": ""T -- pSat"", ""boundary_connectors"": ""T, pSat"", ""wired_to"": ""nothing"", ""note"": ""this connector belongs to the model itself, not to a component inside it: the model is an interface compiled on its own, so the node is open on one side. Nothing forces its flow, which is why a structural matching reports an unmatched unknown here. Not a defect in the model""}",/data/mrumoca/eval/results_v3/ideas/runtime_free.jsonl
ideas,runtime-v3,IDEAS.Utilities.Psychrometrics.Examples.SaturationPressureLiquid,0,network-boundary-port,low,False,standalone-topology-not-defect-proof,"{""node"": ""T -- pSat"", ""boundary_connectors"": ""T, pSat"", ""wired_to"": ""nothing"", ""note"": ""this connector belongs to the model itself, not to a component inside it: the model is an interface compiled on its own, so the node is open on one side. Nothing forces its flow, which is why a structural matching reports an unmatched unknown here. Not a defect in the model""}",/data/mrumoca/eval/results_v3/ideas/runtime_free.jsonl
ideas,runtime-v3,IDEAS.Utilities.Psychrometrics.Examples.SublimationPressureIce,0,network-boundary-port,low,False,standalone-topology-not-defect-proof,"{""node"": ""T -- pSat"", ""boundary_connectors"": ""T, pSat"", ""wired_to"": ""nothing"", ""note"": ""this connector belongs to the model itself, not to a component inside it: the model is an interface compiled on its own, so the node is open on one side. Nothing forces its flow, which is why a structural matching reports an unmatched unknown here. Not a defect in the model""}",/data/mrumoca/eval/results_v3/ideas/runtime_free.jsonl
ideas,runtime-v3,IDEAS.Utilities.Psychrometrics.Examples.TotalAirDryAir,0,network-boundary-port,low,False,standalone-topology-not-defect-proof,"{""node"": ""XHum -- assertEquality -- toDryAir -- toTotalAir"", ""boundary_connectors"": ""XHum, assertEquality, toDryAir, toTotalAir"", ""wired_to"": ""nothing"", ""note"": ""this connector belongs to the model itself, not to a component inside it: the model is an interface compiled on its own, so the node is open on one side. Nothing forces its flow, which is why a structural matching reports an unmatched unknown here. Not a defect in the model""}",/data/mrumoca/eval/results_v3/ideas/runtime_free.jsonl
ideas,runtime-v3,IDEAS.Utilities.Psychrometrics.Examples.DewPointTemperature,0,network-boundary-port,low,False,standalone-topology-not-defect-proof,"{""node"": ""TDewPoi -- XHum -- humRat -- watVapPre"", ""boundary_connectors"": ""TDewPoi, XHum, humRat, watVapPre"", ""wired_to"": ""nothing"", ""note"": ""this connector belongs to the model itself, not to a component inside it: the model is an interface compiled on its own, so the node is open on one side. Nothing forces its flow, which is why a structural matching reports an unmatched unknown here. Not a defect in the model""}",/data/mrumoca/eval/results_v3/ideas/runtime_free.jsonl
ideas,runtime-v3,IDEAS.Utilities.Psychrometrics.Functions.BaseClasses.Examples.SaturationPressureDerivativeCheck,0,initialization-failure,high,False,execution-not-completed,"{""failure_kind"": ""singular-system"", ""reason"": ""onPressureDerivativeCheck to t=0 with 4 trace point(s)... \u001b[31m\u001b[0m simulation failed: DAE structural proof failed: structurally singular \u001b[31m\u2502\u001b[0m system: 3 matched out of 4 equations and 4 unknowns"", ""raw"": ""reading /tmp/tmplg5uxl0r/traced.rbc (bitcode v2, cbor) Simulating IDEAS.Utilities.Psychrometrics.Functions.BaseClasses.Examples.SaturationPressureDerivativeCheck to t=0 with 4 trace point(s)... \u001b[31m\u001b[0m simulation failed: DAE structural proof failed: structurally singular \u001b[31m\u2502\u001b[0m system: 3 matched out of 4 equations and 4 unknowns"", ""tool_side"": false}",/data/mrumoca/eval/results_v3/ideas/runtime_free.jsonl
ideas,runtime-v3,IDEAS.Utilities.Psychrometrics.Functions.BaseClasses.Examples.WaterVaporPressureDerivativeCheck,0,above-max,medium,False,source-validation-input-range-review,"{""variable"": ""X_w"", ""bound"": ""max"", ""limit"": 1, ""value"": 1.001, ""excess"": 0.0009999999999998899, ""anchor_quality"": ""canonical""}",/data/mrumoca/eval/results_v3/ideas/runtime_free.jsonl
ideas,runtime-v3,IDEAS.Utilities.Psychrometrics.Functions.Examples.Density_pTX,0,physical-runtime-invariant-unobserved,low,False,coverage-gap,"{""domain"": ""fluid"", ""rule"": ""fluid.density.positive"", ""rule_origin"": ""mass per volume of a real fluid; density appears as a divisor throughout the Fluid library"", ""rule_reference"": """", ""matched_by"": {""quantity"": ""Density"", ""unit"": ""kg/m3"", ""confidence"": ""QUANTITY_AND_UNIT"", ""premise_state"": ""unknown"", ""authority"": ""quantity_or_unit"", ""canonical_declaration"": ""IDEAS.Utilities.Psychrometrics.Functions.Examples.Density_pTX.d""}, ""required"": ""d > 0"", ""variable_role"": ""algebraic"", ""note"": ""this is a runtime property of a algebraic variable, not a declaration a user can bound; deciding it needs an observation""}",/data/mrumoca/eval/results_v3/ideas/runtime_free.jsonl
ideas,runtime-v3,IDEAS.Utilities.Psychrometrics.Functions.Examples.pW_TDewPoi_comparison,0,simulation-failure,high,False,execution-not-completed,"{""failure_kind"": ""unknown"", ""reason"": ""ychrometrics.Functions.Examples.pW_TDewPoi_comparison to t=1 with 6 trace point(s)... \u001b[31m\u001b[0m simulation failed: Modelica assert failed at t=0.026166992: Error in \u001b[31m\u2502\u001b[0m function implementation."", ""raw"": ""reading /tmp/tmpd1ayx5zd/traced.rbc (bitcode v2, cbor) Simulating IDEAS.Utilities.Psychrometrics.Functions.Examples.pW_TDewPoi_comparison to t=1 with 6 trace point(s)... \u001b[31m\u001b[0m simulation failed: Modelica assert failed at t=0.026166992: Error in \u001b[31m\u2502\u001b[0m function implementation."", ""tool_side"": false}",/data/mrumoca/eval/results_v3/ideas/runtime_free.jsonl
ideas,runtime-v3,IDEAS.Utilities.Psychrometrics.Phi_pTX,0,simulation-failure,high,True,execution-not-completed,"{""failure_kind"": ""non-finite-value"", ""reason"": ""trace point(s)... \u001b[31m\u001b[0m simulation failed: non-finite (NaN) value computed for `phi` @ Span \u001b[31m\u2502\u001b[0m { source: SourceId(18383485497948097664), start: BytePos(949), end: \u001b[31m\u2502\u001b[0m BytePos(990) }"", ""raw"": ""reading /tmp/tmpgogl7z14/traced.rbc (bitcode v2, cbor) holding 3 free input(s) constant at their start values: T=0, X_w=0, p=0 Simulating IDEAS.Utilities.Psychrometrics.Phi_pTX to t=1 with 4 trace point(s)... \u001b[31m\u001b[0m simulation failed: non-finite (NaN) value computed for `phi` @ Span \u001b[31m\u2502\u001b[0m { source: SourceId(18383485497948097664), start: BytePos(949), end: \u001b[31m\u2502\u001b[0m BytePos(990) }"", ""tool_side"": false}",/data/mrumoca/eval/results_v3/ideas/runtime_free.jsonl
ideas,runtime-v3,IDEAS.Utilities.Psychrometrics.SaturationPressure,0,simulation-failure,high,True,execution-not-completed,"{""failure_kind"": ""non-finite-value"", ""reason"": ""race point(s)... \u001b[31m\u001b[0m simulation failed: non-finite (NaN) value computed for `pSat` @ Span \u001b[31m\u2502\u001b[0m { source: SourceId(15743788893713538085), start: BytePos(435), end: \u001b[31m\u2502\u001b[0m BytePos(477) }"", ""raw"": ""reading /tmp/tmp9_9rorbl/traced.rbc (bitcode v2, cbor) holding 1 free input(s) constant at their start values: TSat=0 Simulating IDEAS.Utilities.Psychrometrics.SaturationPressure to t=1 with 2 trace point(s)... \u001b[31m\u001b[0m simulation failed: non-finite (NaN) value computed for `pSat` @ Span \u001b[31m\u2502\u001b[0m { source: SourceId(15743788893713538085), start: BytePos(435), end: \u001b[31m\u2502\u001b[0m BytePos(477) }"", ""tool_side"": false}",/data/mrumoca/eval/results_v3/ideas/runtime_free.jsonl
ideas,runtime-v3,IDEAS.Utilities.Psychrometrics.SublimationPressureIce,0,simulation-failure,high,True,execution-not-completed,"{""failure_kind"": ""non-finite-value"", ""reason"": "" trace point(s)... \u001b[31m\u001b[0m simulation failed: non-finite (NaN) value computed for `pSat` @ Span \u001b[31m\u2502\u001b[0m { source: SourceId(904776815914471655), start: BytePos(439), end: \u001b[31m\u2502\u001b[0m BytePos(481) }"", ""raw"": ""reading /tmp/tmp3xn_r_5_/traced.rbc (bitcode v2, cbor) holding 1 free input(s) constant at their start values: TSat=0 Simulating IDEAS.Utilities.Psychrometrics.SublimationPressureIce to t=1 with 2 trace point(s)... \u001b[31m\u001b[0m simulation failed: non-finite (NaN) value computed for `pSat` @ Span \u001b[31m\u2502\u001b[0m { source: SourceId(904776815914471655), start: BytePos(439), end: \u001b[31m\u2502\u001b[0m BytePos(481) }"", ""tool_side"": false}",/data/mrumoca/eval/results_v3/ideas/runtime_free.jsonl
ideas,runtime-v3,IDEAS.Utilities.Psychrometrics.SaturationPressureLiquid,0,extreme-magnitude,medium,True,hold-input-contract-validation,"{""variable"": ""pSat"", ""value"": 1.5060998651020869e+60, ""anchor_quality"": ""canonical""}",/data/mrumoca/eval/results_v3/ideas/runtime_free.jsonl
ideas,runtime-v3,IDEAS.Utilities.Psychrometrics.X_pW,0,network-boundary-port,low,True,hold-input-contract-validation,"{""node"": ""p_in -- p_in_internal"", ""boundary_connectors"": ""p_in, p_in_internal"", ""wired_to"": ""nothing"", ""note"": ""this connector belongs to the model itself, not to a component inside it: the model is an interface compiled on its own, so the node is open on one side. Nothing forces its flow, which is why a structural matching reports an unmatched unknown here. Not a defect in the model""}",/data/mrumoca/eval/results_v3/ideas/runtime_free.jsonl
ideas,runtime-v3,IDEAS.Utilities.Psychrometrics.X_pW,1,network-observation-incomplete,info,True,hold-input-contract-validation,"{""reason"": ""missing or unsynchronized connector member observations"", ""note"": ""coverage gap, not a model defect""}",/data/mrumoca/eval/results_v3/ideas/runtime_free.jsonl
ideas,runtime-v3,IDEAS.Utilities.Psychrometrics.X_pW,2,below-min,medium,True,hold-input-contract-validation,"{""variable"": ""X_w"", ""bound"": ""min"", ""limit"": 0, ""value"": -1.6453626792233214, ""excess"": 1.6453626792233214, ""anchor_quality"": ""canonical""}",/data/mrumoca/eval/results_v3/ideas/runtime_free.jsonl
ideas,runtime-v3,IDEAS.Utilities.Psychrometrics.X_pW,3,below-min,medium,True,hold-input-contract-validation,"{""variable"": ""x_w"", ""bound"": ""min"", ""limit"": 0, ""value"": -0.62198, ""excess"": 0.62198, ""anchor_quality"": ""canonical""}",/data/mrumoca/eval/results_v3/ideas/runtime_free.jsonl
ideas,runtime-v3,IDEAS.Utilities.Psychrometrics.TDewPoi_pW,0,simulation-failure,high,True,execution-not-completed,"{""failure_kind"": ""nonlinear-solver-failure"", ""reason"": ""oordinate \u001b[31m\u2502\u001b[0m convergence: worst scaled residual row=0 target=T value=-2.951113e-54 \u001b[31m\u2502\u001b[0m ratio=9.365879e6 norm=2.951113e-54 row_scale=3.150919e-51 \u001b[31m\u2502\u001b[0m scaled_tolerance=3.150919e-61"", ""raw"": ""reading /tmp/tmppdtg5qcn/traced.rbc (bitcode v2, cbor) holding 1 free input(s) constant at their start values: p_w=0 Simulating IDEAS.Utilities.Psychrometrics.TDewPoi_pW to t=1 with 2 trace point(s)... \u001b[31m\u001b[0m simulation failed: algebraic projection did not establish coordinate \u001b[31m\u2502\u001b[0m convergence: worst scaled residual row=0 target=T value=-2.951113e-54 \u001b[31m\u2502\u001b[0m ratio=9.365879e6 norm=2.951"", ""tool_side"": false}",/data/mrumoca/eval/results_v3/ideas/runtime_free.jsonl
ideas,runtime-v3,IDEAS.Utilities.Psychrometrics.pW_X,0,network-boundary-port,low,True,hold-input-contract-validation,"{""node"": ""p_in -- p_in_internal"", ""boundary_connectors"": ""p_in, p_in_internal"", ""wired_to"": ""nothing"", ""note"": ""this connector belongs to the model itself, not to a component inside it: the model is an interface compiled on its own, so the node is open on one side. Nothing forces its flow, which is why a structural matching reports an unmatched unknown here. Not a defect in the model""}",/data/mrumoca/eval/results_v3/ideas/runtime_free.jsonl
ideas,runtime-v3,IDEAS.Utilities.Psychrometrics.pW_X,1,network-observation-incomplete,info,True,hold-input-contract-validation,"{""reason"": ""missing or unsynchronized connector member observations"", ""note"": ""coverage gap, not a model defect""}",/data/mrumoca/eval/results_v3/ideas/runtime_free.jsonl
ideas,runtime-v3,IDEAS.Utilities.Time.Clock,0,network-boundary-port,low,False,standalone-topology-not-defect-proof,"{""node"": ""hour -- hourExp"", ""boundary_connectors"": ""hour, hourExp"", ""wired_to"": ""nothing"", ""note"": ""this connector belongs to the model itself, not to a component inside it: the model is an interface compiled on its own, so the node is open on one side. Nothing forces its flow, which is why a structural matching reports an unmatched unknown here. Not a defect in the model""}",/data/mrumoca/eval/results_v3/ideas/runtime_free.jsonl
ideas,runtime-v3,IDEAS.Utilities.Time.Clock,1,network-boundary-port,low,False,standalone-topology-not-defect-proof,"{""node"": ""weekDay -- weekDayExp"", ""boundary_connectors"": ""weekDay, weekDayExp"", ""wired_to"": ""nothing"", ""note"": ""this connector belongs to the model itself, not to a component inside it: the model is an interface compiled on its own, so the node is open on one side. Nothing forces its flow, which is why a structural matching reports an unmatched unknown here. Not a defect in the model""}",/data/mrumoca/eval/results_v3/ideas/runtime_free.jsonl
ideas,runtime-v3,IDEAS.Fluid.Examples.Performance.Example7,0,initialization-failure,high,False,execution-not-completed,"{""failure_kind"": ""nonlinear-solver-failure"", ""reason"": ""ed initialization unknown space: a coordinate the lowering cannot \u001b[31m\u2502\u001b[0m read per scalar (array element, multi-scalar row, or structured family \u001b[31m\u2502\u001b[0m point)) value=-2.731500e2 norm=2.731500e2"", ""raw"": ""reading /tmp/tmpi7u2ysdo/traced.rbc (bitcode v2, cbor) Simulating IDEAS.Fluid.Examples.Performance.Example7 to t=1 with 1 trace point(s)... \u001b[31m\u001b[0m simulation failed: solve-IR evaluation failed: initial variable projection \u001b[31m\u2502\u001b[0m did not satisfy the complete residual system: max selected residual \u001b[31m\u2502\u001b[0m row=499 original_row=499 owner=none(row reads a coordinate outside the \u001b[31m\u2502\u001b[0m pla"", ""tool_side"": false}",/data/mrumoca/eval/results_v3/ideas/runtime_free.jsonl
ideas,runtime-v3,IDEAS.Fluid.Examples.Performance.Example6,0,initialization-failure,high,False,execution-not-completed,"{""failure_kind"": ""nonlinear-solver-failure"", ""reason"": ""ed initialization unknown space: a coordinate the lowering cannot \u001b[31m\u2502\u001b[0m read per scalar (array element, multi-scalar row, or structured family \u001b[31m\u2502\u001b[0m point)) value=-2.731500e2 norm=2.731500e2"", ""raw"": ""reading /tmp/tmpy5cps3zx/traced.rbc (bitcode v2, cbor) Simulating IDEAS.Fluid.Examples.Performance.Example6 to t=1 with 2 trace point(s)... \u001b[31m\u001b[0m simulation failed: solve-IR evaluation failed: initial variable projection \u001b[31m\u2502\u001b[0m did not satisfy the complete residual system: max selected residual \u001b[31m\u2502\u001b[0m row=499 original_row=499 owner=none(row reads a coordinate outside the \u001b[31m\u2502\u001b[0m pla"", ""tool_side"": false}",/data/mrumoca/eval/results_v3/ideas/runtime_free.jsonl
